"","participant","figure2","label2","type","total_ss_answer","accurate","agegroup","total_ss_answer_c"
"1","026079","resources/real_fg_memory_images/orig29.jpg","Neutral","real",22,1,"Young",-3.63541666666667
"2","026079","resources/real_fg_memory_images/orig21.jpg","Scam","real",22,0,"Young",-3.63541666666667
"3","026079","resources/real_fg_memory_images/fg1.jpg","Scam","artificial",22,1,"Young",-3.63541666666667
"4","026079","resources/real_fg_memory_images/fg11.jpg","Neutral","artificial",22,1,"Young",-3.63541666666667
"5","026079","resources/real_fg_memory_images/fg12.jpg","Neutral","artificial",22,1,"Young",-3.63541666666667
"6","026079","resources/real_fg_memory_images/fg4.jpg","Scam","artificial",22,0,"Young",-3.63541666666667
"7","026079","resources/real_fg_memory_images/fg5.jpg","Scam","artificial",22,1,"Young",-3.63541666666667
"8","026079","resources/real_fg_memory_images/orig28.jpg","Neutral","real",22,1,"Young",-3.63541666666667
"9","026079","resources/real_fg_memory_images/fg9.jpg","Neutral","artificial",22,1,"Young",-3.63541666666667
"10","026079","resources/real_fg_memory_images/fg3.jpg","Scam","artificial",22,1,"Young",-3.63541666666667
"11","026079","resources/real_fg_memory_images/fg6.jpg","Scam","artificial",22,1,"Young",-3.63541666666667
"12","026079","resources/real_fg_memory_images/orig24.jpg","Scam","real",22,0,"Young",-3.63541666666667
"13","026079","resources/real_fg_memory_images/orig23.jpg","Scam","real",22,0,"Young",-3.63541666666667
"14","026079","resources/real_fg_memory_images/fg7.jpg","Neutral","artificial",22,0,"Young",-3.63541666666667
"15","026079","resources/real_fg_memory_images/orig20.jpg","Scam","real",22,0,"Young",-3.63541666666667
"16","026079","resources/real_fg_memory_images/orig22.jpg","Scam","real",22,0,"Young",-3.63541666666667
"17","026079","resources/real_fg_memory_images/orig30.jpg","Neutral","real",22,1,"Young",-3.63541666666667
"18","026079","resources/real_fg_memory_images/orig19.jpg","Scam","real",22,0,"Young",-3.63541666666667
"19","026079","resources/real_fg_memory_images/orig26.jpg","Neutral","real",22,1,"Young",-3.63541666666667
"20","026079","resources/real_fg_memory_images/orig27.jpg","Neutral","real",22,1,"Young",-3.63541666666667
"21","026079","resources/real_fg_memory_images/orig25.jpg","Neutral","real",22,0,"Young",-3.63541666666667
"22","026079","resources/real_fg_memory_images/fg10.jpg","Neutral","artificial",22,0,"Young",-3.63541666666667
"23","026079","resources/real_fg_memory_images/fg8.jpg","Neutral","artificial",22,1,"Young",-3.63541666666667
"24","026079","resources/real_fg_memory_images/fg2.jpg","Scam","artificial",22,1,"Young",-3.63541666666667
"25","152441","resources/real_fg_memory_images/fg7.jpg","Neutral","artificial",22,0,"Young",-3.63541666666667
"26","152441","resources/real_fg_memory_images/fg2.jpg","Scam","artificial",22,1,"Young",-3.63541666666667
"27","152441","resources/real_fg_memory_images/orig20.jpg","Scam","real",22,1,"Young",-3.63541666666667
"28","152441","resources/real_fg_memory_images/orig26.jpg","Neutral","real",22,1,"Young",-3.63541666666667
"29","152441","resources/real_fg_memory_images/fg6.jpg","Scam","artificial",22,1,"Young",-3.63541666666667
"30","152441","resources/real_fg_memory_images/orig25.jpg","Neutral","real",22,1,"Young",-3.63541666666667
"31","152441","resources/real_fg_memory_images/fg9.jpg","Neutral","artificial",22,1,"Young",-3.63541666666667
"32","152441","resources/real_fg_memory_images/fg12.jpg","Neutral","artificial",22,0,"Young",-3.63541666666667
"33","152441","resources/real_fg_memory_images/orig27.jpg","Neutral","real",22,1,"Young",-3.63541666666667
"34","152441","resources/real_fg_memory_images/orig28.jpg","Neutral","real",22,1,"Young",-3.63541666666667
"35","152441","resources/real_fg_memory_images/fg3.jpg","Scam","artificial",22,1,"Young",-3.63541666666667
"36","152441","resources/real_fg_memory_images/orig19.jpg","Scam","real",22,1,"Young",-3.63541666666667
"37","152441","resources/real_fg_memory_images/fg4.jpg","Scam","artificial",22,0,"Young",-3.63541666666667
"38","152441","resources/real_fg_memory_images/orig30.jpg","Neutral","real",22,1,"Young",-3.63541666666667
"39","152441","resources/real_fg_memory_images/fg11.jpg","Neutral","artificial",22,1,"Young",-3.63541666666667
"40","152441","resources/real_fg_memory_images/orig24.jpg","Scam","real",22,1,"Young",-3.63541666666667
"41","152441","resources/real_fg_memory_images/orig22.jpg","Scam","real",22,1,"Young",-3.63541666666667
"42","152441","resources/real_fg_memory_images/fg10.jpg","Neutral","artificial",22,1,"Young",-3.63541666666667
"43","152441","resources/real_fg_memory_images/orig21.jpg","Scam","real",22,1,"Young",-3.63541666666667
"44","152441","resources/real_fg_memory_images/fg5.jpg","Scam","artificial",22,1,"Young",-3.63541666666667
"45","152441","resources/real_fg_memory_images/fg8.jpg","Neutral","artificial",22,1,"Young",-3.63541666666667
"46","152441","resources/real_fg_memory_images/orig29.jpg","Neutral","real",22,1,"Young",-3.63541666666667
"47","152441","resources/real_fg_memory_images/fg1.jpg","Scam","artificial",22,1,"Young",-3.63541666666667
"48","152441","resources/real_fg_memory_images/orig23.jpg","Scam","real",22,0,"Young",-3.63541666666667
"49","184369","resources/real_fg_memory_images/fg9.jpg","Neutral","artificial",28,0,"Young",2.36458333333333
"50","184369","resources/real_fg_memory_images/orig19.jpg","Scam","real",28,1,"Young",2.36458333333333
"51","184369","resources/real_fg_memory_images/fg10.jpg","Neutral","artificial",28,0,"Young",2.36458333333333
"52","184369","resources/real_fg_memory_images/orig30.jpg","Neutral","real",28,1,"Young",2.36458333333333
"53","184369","resources/real_fg_memory_images/fg1.jpg","Scam","artificial",28,1,"Young",2.36458333333333
"54","184369","resources/real_fg_memory_images/fg2.jpg","Scam","artificial",28,1,"Young",2.36458333333333
"55","184369","resources/real_fg_memory_images/fg4.jpg","Scam","artificial",28,1,"Young",2.36458333333333
"56","184369","resources/real_fg_memory_images/orig21.jpg","Scam","real",28,1,"Young",2.36458333333333
"57","184369","resources/real_fg_memory_images/orig24.jpg","Scam","real",28,1,"Young",2.36458333333333
"58","184369","resources/real_fg_memory_images/orig26.jpg","Neutral","real",28,1,"Young",2.36458333333333
"59","184369","resources/real_fg_memory_images/orig20.jpg","Scam","real",28,1,"Young",2.36458333333333
"60","184369","resources/real_fg_memory_images/fg8.jpg","Neutral","artificial",28,1,"Young",2.36458333333333
"61","184369","resources/real_fg_memory_images/fg5.jpg","Scam","artificial",28,1,"Young",2.36458333333333
"62","184369","resources/real_fg_memory_images/fg11.jpg","Neutral","artificial",28,1,"Young",2.36458333333333
"63","184369","resources/real_fg_memory_images/fg7.jpg","Neutral","artificial",28,1,"Young",2.36458333333333
"64","184369","resources/real_fg_memory_images/orig27.jpg","Neutral","real",28,0,"Young",2.36458333333333
"65","184369","resources/real_fg_memory_images/orig23.jpg","Scam","real",28,1,"Young",2.36458333333333
"66","184369","resources/real_fg_memory_images/orig22.jpg","Scam","real",28,1,"Young",2.36458333333333
"67","184369","resources/real_fg_memory_images/orig29.jpg","Neutral","real",28,1,"Young",2.36458333333333
"68","184369","resources/real_fg_memory_images/fg12.jpg","Neutral","artificial",28,0,"Young",2.36458333333333
"69","184369","resources/real_fg_memory_images/orig28.jpg","Neutral","real",28,1,"Young",2.36458333333333
"70","184369","resources/real_fg_memory_images/orig25.jpg","Neutral","real",28,0,"Young",2.36458333333333
"71","184369","resources/real_fg_memory_images/fg3.jpg","Scam","artificial",28,1,"Young",2.36458333333333
"72","184369","resources/real_fg_memory_images/fg6.jpg","Scam","artificial",28,1,"Young",2.36458333333333
"73","217095","resources/real_fg_memory_images/orig19.jpg","Scam","real",27,0,"Young",1.36458333333333
"74","217095","resources/real_fg_memory_images/orig21.jpg","Scam","real",27,1,"Young",1.36458333333333
"75","217095","resources/real_fg_memory_images/orig30.jpg","Neutral","real",27,1,"Young",1.36458333333333
"76","217095","resources/real_fg_memory_images/fg2.jpg","Scam","artificial",27,1,"Young",1.36458333333333
"77","217095","resources/real_fg_memory_images/fg1.jpg","Scam","artificial",27,1,"Young",1.36458333333333
"78","217095","resources/real_fg_memory_images/fg12.jpg","Neutral","artificial",27,0,"Young",1.36458333333333
"79","217095","resources/real_fg_memory_images/fg3.jpg","Scam","artificial",27,0,"Young",1.36458333333333
"80","217095","resources/real_fg_memory_images/orig23.jpg","Scam","real",27,0,"Young",1.36458333333333
"81","217095","resources/real_fg_memory_images/fg8.jpg","Neutral","artificial",27,0,"Young",1.36458333333333
"82","217095","resources/real_fg_memory_images/orig26.jpg","Neutral","real",27,0,"Young",1.36458333333333
"83","217095","resources/real_fg_memory_images/orig24.jpg","Scam","real",27,0,"Young",1.36458333333333
"84","217095","resources/real_fg_memory_images/orig27.jpg","Neutral","real",27,1,"Young",1.36458333333333
"85","217095","resources/real_fg_memory_images/fg7.jpg","Neutral","artificial",27,0,"Young",1.36458333333333
"86","217095","resources/real_fg_memory_images/fg6.jpg","Scam","artificial",27,1,"Young",1.36458333333333
"87","217095","resources/real_fg_memory_images/fg4.jpg","Scam","artificial",27,1,"Young",1.36458333333333
"88","217095","resources/real_fg_memory_images/orig25.jpg","Neutral","real",27,1,"Young",1.36458333333333
"89","217095","resources/real_fg_memory_images/orig22.jpg","Scam","real",27,0,"Young",1.36458333333333
"90","217095","resources/real_fg_memory_images/fg9.jpg","Neutral","artificial",27,0,"Young",1.36458333333333
"91","217095","resources/real_fg_memory_images/orig28.jpg","Neutral","real",27,1,"Young",1.36458333333333
"92","217095","resources/real_fg_memory_images/orig20.jpg","Scam","real",27,1,"Young",1.36458333333333
"93","217095","resources/real_fg_memory_images/fg5.jpg","Scam","artificial",27,1,"Young",1.36458333333333
"94","217095","resources/real_fg_memory_images/orig29.jpg","Neutral","real",27,1,"Young",1.36458333333333
"95","217095","resources/real_fg_memory_images/fg11.jpg","Neutral","artificial",27,0,"Young",1.36458333333333
"96","217095","resources/real_fg_memory_images/fg10.jpg","Neutral","artificial",27,0,"Young",1.36458333333333
"97","287721","resources/real_fg_memory_images/orig24.jpg","Scam","real",27,1,"Young",1.36458333333333
"98","287721","resources/real_fg_memory_images/orig28.jpg","Neutral","real",27,1,"Young",1.36458333333333
"99","287721","resources/real_fg_memory_images/orig20.jpg","Scam","real",27,1,"Young",1.36458333333333
"100","287721","resources/real_fg_memory_images/orig30.jpg","Neutral","real",27,1,"Young",1.36458333333333
"101","287721","resources/real_fg_memory_images/fg12.jpg","Neutral","artificial",27,0,"Young",1.36458333333333
"102","287721","resources/real_fg_memory_images/orig29.jpg","Neutral","real",27,1,"Young",1.36458333333333
"103","287721","resources/real_fg_memory_images/fg8.jpg","Neutral","artificial",27,1,"Young",1.36458333333333
"104","287721","resources/real_fg_memory_images/fg7.jpg","Neutral","artificial",27,0,"Young",1.36458333333333
"105","287721","resources/real_fg_memory_images/fg9.jpg","Neutral","artificial",27,0,"Young",1.36458333333333
"106","287721","resources/real_fg_memory_images/orig25.jpg","Neutral","real",27,1,"Young",1.36458333333333
"107","287721","resources/real_fg_memory_images/orig22.jpg","Scam","real",27,1,"Young",1.36458333333333
"108","287721","resources/real_fg_memory_images/fg6.jpg","Scam","artificial",27,1,"Young",1.36458333333333
"109","287721","resources/real_fg_memory_images/fg4.jpg","Scam","artificial",27,1,"Young",1.36458333333333
"110","287721","resources/real_fg_memory_images/fg5.jpg","Scam","artificial",27,1,"Young",1.36458333333333
"111","287721","resources/real_fg_memory_images/orig21.jpg","Scam","real",27,1,"Young",1.36458333333333
"112","287721","resources/real_fg_memory_images/fg3.jpg","Scam","artificial",27,1,"Young",1.36458333333333
"113","287721","resources/real_fg_memory_images/orig19.jpg","Scam","real",27,1,"Young",1.36458333333333
"114","287721","resources/real_fg_memory_images/fg10.jpg","Neutral","artificial",27,0,"Young",1.36458333333333
"115","287721","resources/real_fg_memory_images/fg11.jpg","Neutral","artificial",27,0,"Young",1.36458333333333
"116","287721","resources/real_fg_memory_images/orig27.jpg","Neutral","real",27,1,"Young",1.36458333333333
"117","287721","resources/real_fg_memory_images/fg1.jpg","Scam","artificial",27,1,"Young",1.36458333333333
"118","287721","resources/real_fg_memory_images/orig26.jpg","Neutral","real",27,1,"Young",1.36458333333333
"119","287721","resources/real_fg_memory_images/fg2.jpg","Scam","artificial",27,1,"Young",1.36458333333333
"120","287721","resources/real_fg_memory_images/orig23.jpg","Scam","real",27,1,"Young",1.36458333333333
"121","387610","resources/real_fg_memory_images/orig26.jpg","Neutral","real",20,0,"Young",-5.63541666666667
"122","387610","resources/real_fg_memory_images/fg5.jpg","Scam","artificial",20,0,"Young",-5.63541666666667
"123","387610","resources/real_fg_memory_images/orig30.jpg","Neutral","real",20,1,"Young",-5.63541666666667
"124","387610","resources/real_fg_memory_images/orig28.jpg","Neutral","real",20,1,"Young",-5.63541666666667
"125","387610","resources/real_fg_memory_images/fg7.jpg","Neutral","artificial",20,0,"Young",-5.63541666666667
"126","387610","resources/real_fg_memory_images/fg9.jpg","Neutral","artificial",20,1,"Young",-5.63541666666667
"127","387610","resources/real_fg_memory_images/orig23.jpg","Scam","real",20,0,"Young",-5.63541666666667
"128","387610","resources/real_fg_memory_images/fg8.jpg","Neutral","artificial",20,0,"Young",-5.63541666666667
"129","387610","resources/real_fg_memory_images/orig25.jpg","Neutral","real",20,1,"Young",-5.63541666666667
"130","387610","resources/real_fg_memory_images/orig24.jpg","Scam","real",20,1,"Young",-5.63541666666667
"131","387610","resources/real_fg_memory_images/orig20.jpg","Scam","real",20,0,"Young",-5.63541666666667
"132","387610","resources/real_fg_memory_images/orig21.jpg","Scam","real",20,0,"Young",-5.63541666666667
"133","387610","resources/real_fg_memory_images/fg11.jpg","Neutral","artificial",20,0,"Young",-5.63541666666667
"134","387610","resources/real_fg_memory_images/fg4.jpg","Scam","artificial",20,0,"Young",-5.63541666666667
"135","387610","resources/real_fg_memory_images/fg12.jpg","Neutral","artificial",20,0,"Young",-5.63541666666667
"136","387610","resources/real_fg_memory_images/fg1.jpg","Scam","artificial",20,0,"Young",-5.63541666666667
"137","387610","resources/real_fg_memory_images/orig27.jpg","Neutral","real",20,0,"Young",-5.63541666666667
"138","387610","resources/real_fg_memory_images/orig29.jpg","Neutral","real",20,0,"Young",-5.63541666666667
"139","387610","resources/real_fg_memory_images/orig19.jpg","Scam","real",20,1,"Young",-5.63541666666667
"140","387610","resources/real_fg_memory_images/orig22.jpg","Scam","real",20,0,"Young",-5.63541666666667
"141","387610","resources/real_fg_memory_images/fg3.jpg","Scam","artificial",20,1,"Young",-5.63541666666667
"142","387610","resources/real_fg_memory_images/fg6.jpg","Scam","artificial",20,0,"Young",-5.63541666666667
"143","387610","resources/real_fg_memory_images/fg2.jpg","Scam","artificial",20,1,"Young",-5.63541666666667
"144","387610","resources/real_fg_memory_images/fg10.jpg","Neutral","artificial",20,1,"Young",-5.63541666666667
"145","391653","resources/real_fg_memory_images/orig27.jpg","Neutral","real",29,1,"Young",3.36458333333333
"146","391653","resources/real_fg_memory_images/orig23.jpg","Scam","real",29,0,"Young",3.36458333333333
"147","391653","resources/real_fg_memory_images/fg5.jpg","Scam","artificial",29,1,"Young",3.36458333333333
"148","391653","resources/real_fg_memory_images/fg6.jpg","Scam","artificial",29,0,"Young",3.36458333333333
"149","391653","resources/real_fg_memory_images/orig19.jpg","Scam","real",29,1,"Young",3.36458333333333
"150","391653","resources/real_fg_memory_images/fg8.jpg","Neutral","artificial",29,1,"Young",3.36458333333333
"151","391653","resources/real_fg_memory_images/orig26.jpg","Neutral","real",29,1,"Young",3.36458333333333
"152","391653","resources/real_fg_memory_images/fg11.jpg","Neutral","artificial",29,0,"Young",3.36458333333333
"153","391653","resources/real_fg_memory_images/orig24.jpg","Scam","real",29,1,"Young",3.36458333333333
"154","391653","resources/real_fg_memory_images/orig28.jpg","Neutral","real",29,0,"Young",3.36458333333333
"155","391653","resources/real_fg_memory_images/fg1.jpg","Scam","artificial",29,0,"Young",3.36458333333333
"156","391653","resources/real_fg_memory_images/orig30.jpg","Neutral","real",29,0,"Young",3.36458333333333
"157","391653","resources/real_fg_memory_images/fg4.jpg","Scam","artificial",29,0,"Young",3.36458333333333
"158","391653","resources/real_fg_memory_images/orig20.jpg","Scam","real",29,1,"Young",3.36458333333333
"159","391653","resources/real_fg_memory_images/fg9.jpg","Neutral","artificial",29,1,"Young",3.36458333333333
"160","391653","resources/real_fg_memory_images/orig22.jpg","Scam","real",29,1,"Young",3.36458333333333
"161","391653","resources/real_fg_memory_images/orig25.jpg","Neutral","real",29,0,"Young",3.36458333333333
"162","391653","resources/real_fg_memory_images/fg7.jpg","Neutral","artificial",29,1,"Young",3.36458333333333
"163","391653","resources/real_fg_memory_images/fg12.jpg","Neutral","artificial",29,0,"Young",3.36458333333333
"164","391653","resources/real_fg_memory_images/fg2.jpg","Scam","artificial",29,0,"Young",3.36458333333333
"165","391653","resources/real_fg_memory_images/orig21.jpg","Scam","real",29,1,"Young",3.36458333333333
"166","391653","resources/real_fg_memory_images/fg3.jpg","Scam","artificial",29,0,"Young",3.36458333333333
"167","391653","resources/real_fg_memory_images/fg10.jpg","Neutral","artificial",29,0,"Young",3.36458333333333
"168","391653","resources/real_fg_memory_images/orig29.jpg","Neutral","real",29,1,"Young",3.36458333333333
"169","398010","resources/real_fg_memory_images/fg9.jpg","Neutral","artificial",27,0,"Young",1.36458333333333
"170","398010","resources/real_fg_memory_images/fg2.jpg","Scam","artificial",27,1,"Young",1.36458333333333
"171","398010","resources/real_fg_memory_images/fg3.jpg","Scam","artificial",27,0,"Young",1.36458333333333
"172","398010","resources/real_fg_memory_images/fg12.jpg","Neutral","artificial",27,0,"Young",1.36458333333333
"173","398010","resources/real_fg_memory_images/fg5.jpg","Scam","artificial",27,0,"Young",1.36458333333333
"174","398010","resources/real_fg_memory_images/orig22.jpg","Scam","real",27,1,"Young",1.36458333333333
"175","398010","resources/real_fg_memory_images/orig27.jpg","Neutral","real",27,0,"Young",1.36458333333333
"176","398010","resources/real_fg_memory_images/fg8.jpg","Neutral","artificial",27,0,"Young",1.36458333333333
"177","398010","resources/real_fg_memory_images/fg7.jpg","Neutral","artificial",27,1,"Young",1.36458333333333
"178","398010","resources/real_fg_memory_images/fg11.jpg","Neutral","artificial",27,1,"Young",1.36458333333333
"179","398010","resources/real_fg_memory_images/orig30.jpg","Neutral","real",27,1,"Young",1.36458333333333
"180","398010","resources/real_fg_memory_images/orig23.jpg","Scam","real",27,1,"Young",1.36458333333333
"181","398010","resources/real_fg_memory_images/fg4.jpg","Scam","artificial",27,0,"Young",1.36458333333333
"182","398010","resources/real_fg_memory_images/orig25.jpg","Neutral","real",27,0,"Young",1.36458333333333
"183","398010","resources/real_fg_memory_images/orig26.jpg","Neutral","real",27,1,"Young",1.36458333333333
"184","398010","resources/real_fg_memory_images/orig28.jpg","Neutral","real",27,0,"Young",1.36458333333333
"185","398010","resources/real_fg_memory_images/orig21.jpg","Scam","real",27,1,"Young",1.36458333333333
"186","398010","resources/real_fg_memory_images/fg6.jpg","Scam","artificial",27,0,"Young",1.36458333333333
"187","398010","resources/real_fg_memory_images/fg1.jpg","Scam","artificial",27,0,"Young",1.36458333333333
"188","398010","resources/real_fg_memory_images/orig29.jpg","Neutral","real",27,1,"Young",1.36458333333333
"189","398010","resources/real_fg_memory_images/orig19.jpg","Scam","real",27,1,"Young",1.36458333333333
"190","398010","resources/real_fg_memory_images/orig24.jpg","Scam","real",27,0,"Young",1.36458333333333
"191","398010","resources/real_fg_memory_images/fg10.jpg","Neutral","artificial",27,0,"Young",1.36458333333333
"192","398010","resources/real_fg_memory_images/orig20.jpg","Scam","real",27,0,"Young",1.36458333333333
"193","422657","resources/real_fg_memory_images/orig24.jpg","Scam","real",24,1,"Young",-1.63541666666667
"194","422657","resources/real_fg_memory_images/fg4.jpg","Scam","artificial",24,1,"Young",-1.63541666666667
"195","422657","resources/real_fg_memory_images/fg8.jpg","Neutral","artificial",24,1,"Young",-1.63541666666667
"196","422657","resources/real_fg_memory_images/fg12.jpg","Neutral","artificial",24,0,"Young",-1.63541666666667
"197","422657","resources/real_fg_memory_images/fg5.jpg","Scam","artificial",24,1,"Young",-1.63541666666667
"198","422657","resources/real_fg_memory_images/fg10.jpg","Neutral","artificial",24,1,"Young",-1.63541666666667
"199","422657","resources/real_fg_memory_images/orig20.jpg","Scam","real",24,1,"Young",-1.63541666666667
"200","422657","resources/real_fg_memory_images/orig22.jpg","Scam","real",24,1,"Young",-1.63541666666667
"201","422657","resources/real_fg_memory_images/orig28.jpg","Neutral","real",24,1,"Young",-1.63541666666667
"202","422657","resources/real_fg_memory_images/fg11.jpg","Neutral","artificial",24,1,"Young",-1.63541666666667
"203","422657","resources/real_fg_memory_images/orig29.jpg","Neutral","real",24,1,"Young",-1.63541666666667
"204","422657","resources/real_fg_memory_images/orig30.jpg","Neutral","real",24,1,"Young",-1.63541666666667
"205","422657","resources/real_fg_memory_images/fg7.jpg","Neutral","artificial",24,1,"Young",-1.63541666666667
"206","422657","resources/real_fg_memory_images/orig26.jpg","Neutral","real",24,1,"Young",-1.63541666666667
"207","422657","resources/real_fg_memory_images/fg3.jpg","Scam","artificial",24,1,"Young",-1.63541666666667
"208","422657","resources/real_fg_memory_images/fg6.jpg","Scam","artificial",24,1,"Young",-1.63541666666667
"209","422657","resources/real_fg_memory_images/fg9.jpg","Neutral","artificial",24,0,"Young",-1.63541666666667
"210","422657","resources/real_fg_memory_images/orig27.jpg","Neutral","real",24,1,"Young",-1.63541666666667
"211","422657","resources/real_fg_memory_images/orig23.jpg","Scam","real",24,1,"Young",-1.63541666666667
"212","422657","resources/real_fg_memory_images/fg2.jpg","Scam","artificial",24,0,"Young",-1.63541666666667
"213","422657","resources/real_fg_memory_images/fg1.jpg","Scam","artificial",24,1,"Young",-1.63541666666667
"214","422657","resources/real_fg_memory_images/orig21.jpg","Scam","real",24,1,"Young",-1.63541666666667
"215","422657","resources/real_fg_memory_images/orig19.jpg","Scam","real",24,1,"Young",-1.63541666666667
"216","422657","resources/real_fg_memory_images/orig25.jpg","Neutral","real",24,0,"Young",-1.63541666666667
"217","482395","resources/real_fg_memory_images/fg7.jpg","Neutral","artificial",20,0,"Young",-5.63541666666667
"218","482395","resources/real_fg_memory_images/fg2.jpg","Scam","artificial",20,1,"Young",-5.63541666666667
"219","482395","resources/real_fg_memory_images/fg8.jpg","Neutral","artificial",20,0,"Young",-5.63541666666667
"220","482395","resources/real_fg_memory_images/fg11.jpg","Neutral","artificial",20,0,"Young",-5.63541666666667
"221","482395","resources/real_fg_memory_images/fg1.jpg","Scam","artificial",20,1,"Young",-5.63541666666667
"222","482395","resources/real_fg_memory_images/fg3.jpg","Scam","artificial",20,1,"Young",-5.63541666666667
"223","482395","resources/real_fg_memory_images/fg9.jpg","Neutral","artificial",20,1,"Young",-5.63541666666667
"224","482395","resources/real_fg_memory_images/orig26.jpg","Neutral","real",20,1,"Young",-5.63541666666667
"225","482395","resources/real_fg_memory_images/fg5.jpg","Scam","artificial",20,1,"Young",-5.63541666666667
"226","482395","resources/real_fg_memory_images/fg4.jpg","Scam","artificial",20,1,"Young",-5.63541666666667
"227","482395","resources/real_fg_memory_images/orig29.jpg","Neutral","real",20,1,"Young",-5.63541666666667
"228","482395","resources/real_fg_memory_images/orig24.jpg","Scam","real",20,0,"Young",-5.63541666666667
"229","482395","resources/real_fg_memory_images/orig23.jpg","Scam","real",20,0,"Young",-5.63541666666667
"230","482395","resources/real_fg_memory_images/orig28.jpg","Neutral","real",20,1,"Young",-5.63541666666667
"231","482395","resources/real_fg_memory_images/orig20.jpg","Scam","real",20,0,"Young",-5.63541666666667
"232","482395","resources/real_fg_memory_images/orig27.jpg","Neutral","real",20,1,"Young",-5.63541666666667
"233","482395","resources/real_fg_memory_images/fg6.jpg","Scam","artificial",20,1,"Young",-5.63541666666667
"234","482395","resources/real_fg_memory_images/orig19.jpg","Scam","real",20,0,"Young",-5.63541666666667
"235","482395","resources/real_fg_memory_images/fg12.jpg","Neutral","artificial",20,0,"Young",-5.63541666666667
"236","482395","resources/real_fg_memory_images/orig30.jpg","Neutral","real",20,0,"Young",-5.63541666666667
"237","482395","resources/real_fg_memory_images/orig22.jpg","Scam","real",20,1,"Young",-5.63541666666667
"238","482395","resources/real_fg_memory_images/orig25.jpg","Neutral","real",20,1,"Young",-5.63541666666667
"239","482395","resources/real_fg_memory_images/orig21.jpg","Scam","real",20,1,"Young",-5.63541666666667
"240","482395","resources/real_fg_memory_images/fg10.jpg","Neutral","artificial",20,0,"Young",-5.63541666666667
"241","485618","resources/real_fg_memory_images/fg9.jpg","Neutral","artificial",31,1,"Young",5.36458333333333
"242","485618","resources/real_fg_memory_images/fg7.jpg","Neutral","artificial",31,1,"Young",5.36458333333333
"243","485618","resources/real_fg_memory_images/orig26.jpg","Neutral","real",31,1,"Young",5.36458333333333
"244","485618","resources/real_fg_memory_images/orig29.jpg","Neutral","real",31,1,"Young",5.36458333333333
"245","485618","resources/real_fg_memory_images/fg2.jpg","Scam","artificial",31,0,"Young",5.36458333333333
"246","485618","resources/real_fg_memory_images/orig28.jpg","Neutral","real",31,1,"Young",5.36458333333333
"247","485618","resources/real_fg_memory_images/orig19.jpg","Scam","real",31,1,"Young",5.36458333333333
"248","485618","resources/real_fg_memory_images/orig21.jpg","Scam","real",31,1,"Young",5.36458333333333
"249","485618","resources/real_fg_memory_images/orig20.jpg","Scam","real",31,1,"Young",5.36458333333333
"250","485618","resources/real_fg_memory_images/fg6.jpg","Scam","artificial",31,0,"Young",5.36458333333333
"251","485618","resources/real_fg_memory_images/fg3.jpg","Scam","artificial",31,1,"Young",5.36458333333333
"252","485618","resources/real_fg_memory_images/fg10.jpg","Neutral","artificial",31,0,"Young",5.36458333333333
"253","485618","resources/real_fg_memory_images/orig30.jpg","Neutral","real",31,1,"Young",5.36458333333333
"254","485618","resources/real_fg_memory_images/fg8.jpg","Neutral","artificial",31,1,"Young",5.36458333333333
"255","485618","resources/real_fg_memory_images/orig23.jpg","Scam","real",31,1,"Young",5.36458333333333
"256","485618","resources/real_fg_memory_images/fg11.jpg","Neutral","artificial",31,1,"Young",5.36458333333333
"257","485618","resources/real_fg_memory_images/fg4.jpg","Scam","artificial",31,1,"Young",5.36458333333333
"258","485618","resources/real_fg_memory_images/orig27.jpg","Neutral","real",31,1,"Young",5.36458333333333
"259","485618","resources/real_fg_memory_images/fg5.jpg","Scam","artificial",31,1,"Young",5.36458333333333
"260","485618","resources/real_fg_memory_images/fg1.jpg","Scam","artificial",31,1,"Young",5.36458333333333
"261","485618","resources/real_fg_memory_images/orig24.jpg","Scam","real",31,1,"Young",5.36458333333333
"262","485618","resources/real_fg_memory_images/orig22.jpg","Scam","real",31,1,"Young",5.36458333333333
"263","485618","resources/real_fg_memory_images/fg12.jpg","Neutral","artificial",31,1,"Young",5.36458333333333
"264","485618","resources/real_fg_memory_images/orig25.jpg","Neutral","real",31,1,"Young",5.36458333333333
"265","545017","resources/real_fg_memory_images/orig24.jpg","Scam","real",30,0,"Young",4.36458333333333
"266","545017","resources/real_fg_memory_images/orig21.jpg","Scam","real",30,0,"Young",4.36458333333333
"267","545017","resources/real_fg_memory_images/fg2.jpg","Scam","artificial",30,1,"Young",4.36458333333333
"268","545017","resources/real_fg_memory_images/fg3.jpg","Scam","artificial",30,1,"Young",4.36458333333333
"269","545017","resources/real_fg_memory_images/fg5.jpg","Scam","artificial",30,1,"Young",4.36458333333333
"270","545017","resources/real_fg_memory_images/orig29.jpg","Neutral","real",30,1,"Young",4.36458333333333
"271","545017","resources/real_fg_memory_images/fg7.jpg","Neutral","artificial",30,0,"Young",4.36458333333333
"272","545017","resources/real_fg_memory_images/fg10.jpg","Neutral","artificial",30,0,"Young",4.36458333333333
"273","545017","resources/real_fg_memory_images/orig27.jpg","Neutral","real",30,1,"Young",4.36458333333333
"274","545017","resources/real_fg_memory_images/fg11.jpg","Neutral","artificial",30,1,"Young",4.36458333333333
"275","545017","resources/real_fg_memory_images/orig25.jpg","Neutral","real",30,1,"Young",4.36458333333333
"276","545017","resources/real_fg_memory_images/orig22.jpg","Scam","real",30,1,"Young",4.36458333333333
"277","545017","resources/real_fg_memory_images/fg9.jpg","Neutral","artificial",30,0,"Young",4.36458333333333
"278","545017","resources/real_fg_memory_images/orig30.jpg","Neutral","real",30,1,"Young",4.36458333333333
"279","545017","resources/real_fg_memory_images/orig19.jpg","Scam","real",30,1,"Young",4.36458333333333
"280","545017","resources/real_fg_memory_images/fg4.jpg","Scam","artificial",30,1,"Young",4.36458333333333
"281","545017","resources/real_fg_memory_images/orig28.jpg","Neutral","real",30,1,"Young",4.36458333333333
"282","545017","resources/real_fg_memory_images/fg6.jpg","Scam","artificial",30,1,"Young",4.36458333333333
"283","545017","resources/real_fg_memory_images/fg8.jpg","Neutral","artificial",30,1,"Young",4.36458333333333
"284","545017","resources/real_fg_memory_images/orig23.jpg","Scam","real",30,0,"Young",4.36458333333333
"285","545017","resources/real_fg_memory_images/orig26.jpg","Neutral","real",30,1,"Young",4.36458333333333
"286","545017","resources/real_fg_memory_images/fg1.jpg","Scam","artificial",30,1,"Young",4.36458333333333
"287","545017","resources/real_fg_memory_images/orig20.jpg","Scam","real",30,1,"Young",4.36458333333333
"288","545017","resources/real_fg_memory_images/fg12.jpg","Neutral","artificial",30,0,"Young",4.36458333333333
"289","604060","resources/real_fg_memory_images/fg4.jpg","Scam","artificial",27,1,"Young",1.36458333333333
"290","604060","resources/real_fg_memory_images/fg11.jpg","Neutral","artificial",27,1,"Young",1.36458333333333
"291","604060","resources/real_fg_memory_images/fg7.jpg","Neutral","artificial",27,1,"Young",1.36458333333333
"292","604060","resources/real_fg_memory_images/orig29.jpg","Neutral","real",27,1,"Young",1.36458333333333
"293","604060","resources/real_fg_memory_images/orig28.jpg","Neutral","real",27,1,"Young",1.36458333333333
"294","604060","resources/real_fg_memory_images/fg5.jpg","Scam","artificial",27,1,"Young",1.36458333333333
"295","604060","resources/real_fg_memory_images/fg8.jpg","Neutral","artificial",27,1,"Young",1.36458333333333
"296","604060","resources/real_fg_memory_images/orig30.jpg","Neutral","real",27,1,"Young",1.36458333333333
"297","604060","resources/real_fg_memory_images/fg9.jpg","Neutral","artificial",27,1,"Young",1.36458333333333
"298","604060","resources/real_fg_memory_images/orig26.jpg","Neutral","real",27,1,"Young",1.36458333333333
"299","604060","resources/real_fg_memory_images/orig20.jpg","Scam","real",27,1,"Young",1.36458333333333
"300","604060","resources/real_fg_memory_images/fg2.jpg","Scam","artificial",27,1,"Young",1.36458333333333
"301","604060","resources/real_fg_memory_images/fg12.jpg","Neutral","artificial",27,0,"Young",1.36458333333333
"302","604060","resources/real_fg_memory_images/fg6.jpg","Scam","artificial",27,0,"Young",1.36458333333333
"303","604060","resources/real_fg_memory_images/orig27.jpg","Neutral","real",27,0,"Young",1.36458333333333
"304","604060","resources/real_fg_memory_images/orig25.jpg","Neutral","real",27,1,"Young",1.36458333333333
"305","604060","resources/real_fg_memory_images/orig19.jpg","Scam","real",27,1,"Young",1.36458333333333
"306","604060","resources/real_fg_memory_images/fg10.jpg","Neutral","artificial",27,0,"Young",1.36458333333333
"307","604060","resources/real_fg_memory_images/orig22.jpg","Scam","real",27,1,"Young",1.36458333333333
"308","604060","resources/real_fg_memory_images/orig21.jpg","Scam","real",27,1,"Young",1.36458333333333
"309","604060","resources/real_fg_memory_images/orig24.jpg","Scam","real",27,1,"Young",1.36458333333333
"310","604060","resources/real_fg_memory_images/fg3.jpg","Scam","artificial",27,1,"Young",1.36458333333333
"311","604060","resources/real_fg_memory_images/fg1.jpg","Scam","artificial",27,0,"Young",1.36458333333333
"312","604060","resources/real_fg_memory_images/orig23.jpg","Scam","real",27,1,"Young",1.36458333333333
"313","605061","resources/real_fg_memory_images/orig30.jpg","Neutral","real",18,0,"Young",-7.63541666666667
"314","605061","resources/real_fg_memory_images/orig24.jpg","Scam","real",18,0,"Young",-7.63541666666667
"315","605061","resources/real_fg_memory_images/fg8.jpg","Neutral","artificial",18,0,"Young",-7.63541666666667
"316","605061","resources/real_fg_memory_images/orig28.jpg","Neutral","real",18,1,"Young",-7.63541666666667
"317","605061","resources/real_fg_memory_images/orig19.jpg","Scam","real",18,1,"Young",-7.63541666666667
"318","605061","resources/real_fg_memory_images/fg3.jpg","Scam","artificial",18,1,"Young",-7.63541666666667
"319","605061","resources/real_fg_memory_images/fg1.jpg","Scam","artificial",18,1,"Young",-7.63541666666667
"320","605061","resources/real_fg_memory_images/fg11.jpg","Neutral","artificial",18,1,"Young",-7.63541666666667
"321","605061","resources/real_fg_memory_images/fg10.jpg","Neutral","artificial",18,0,"Young",-7.63541666666667
"322","605061","resources/real_fg_memory_images/orig21.jpg","Scam","real",18,1,"Young",-7.63541666666667
"323","605061","resources/real_fg_memory_images/orig22.jpg","Scam","real",18,1,"Young",-7.63541666666667
"324","605061","resources/real_fg_memory_images/orig29.jpg","Neutral","real",18,1,"Young",-7.63541666666667
"325","605061","resources/real_fg_memory_images/fg5.jpg","Scam","artificial",18,1,"Young",-7.63541666666667
"326","605061","resources/real_fg_memory_images/orig27.jpg","Neutral","real",18,0,"Young",-7.63541666666667
"327","605061","resources/real_fg_memory_images/fg9.jpg","Neutral","artificial",18,0,"Young",-7.63541666666667
"328","605061","resources/real_fg_memory_images/orig25.jpg","Neutral","real",18,1,"Young",-7.63541666666667
"329","605061","resources/real_fg_memory_images/fg7.jpg","Neutral","artificial",18,0,"Young",-7.63541666666667
"330","605061","resources/real_fg_memory_images/fg4.jpg","Scam","artificial",18,0,"Young",-7.63541666666667
"331","605061","resources/real_fg_memory_images/orig26.jpg","Neutral","real",18,0,"Young",-7.63541666666667
"332","605061","resources/real_fg_memory_images/fg6.jpg","Scam","artificial",18,0,"Young",-7.63541666666667
"333","605061","resources/real_fg_memory_images/fg12.jpg","Neutral","artificial",18,0,"Young",-7.63541666666667
"334","605061","resources/real_fg_memory_images/fg2.jpg","Scam","artificial",18,0,"Young",-7.63541666666667
"335","605061","resources/real_fg_memory_images/orig23.jpg","Scam","real",18,1,"Young",-7.63541666666667
"336","605061","resources/real_fg_memory_images/orig20.jpg","Scam","real",18,1,"Young",-7.63541666666667
"337","629998","resources/real_fg_memory_images/fg9.jpg","Neutral","artificial",27,0,"Young",1.36458333333333
"338","629998","resources/real_fg_memory_images/orig29.jpg","Neutral","real",27,1,"Young",1.36458333333333
"339","629998","resources/real_fg_memory_images/fg6.jpg","Scam","artificial",27,1,"Young",1.36458333333333
"340","629998","resources/real_fg_memory_images/orig21.jpg","Scam","real",27,0,"Young",1.36458333333333
"341","629998","resources/real_fg_memory_images/orig28.jpg","Neutral","real",27,1,"Young",1.36458333333333
"342","629998","resources/real_fg_memory_images/fg4.jpg","Scam","artificial",27,1,"Young",1.36458333333333
"343","629998","resources/real_fg_memory_images/fg7.jpg","Neutral","artificial",27,1,"Young",1.36458333333333
"344","629998","resources/real_fg_memory_images/orig20.jpg","Scam","real",27,1,"Young",1.36458333333333
"345","629998","resources/real_fg_memory_images/orig25.jpg","Neutral","real",27,0,"Young",1.36458333333333
"346","629998","resources/real_fg_memory_images/orig19.jpg","Scam","real",27,0,"Young",1.36458333333333
"347","629998","resources/real_fg_memory_images/orig27.jpg","Neutral","real",27,1,"Young",1.36458333333333
"348","629998","resources/real_fg_memory_images/orig23.jpg","Scam","real",27,1,"Young",1.36458333333333
"349","629998","resources/real_fg_memory_images/fg12.jpg","Neutral","artificial",27,0,"Young",1.36458333333333
"350","629998","resources/real_fg_memory_images/orig22.jpg","Scam","real",27,1,"Young",1.36458333333333
"351","629998","resources/real_fg_memory_images/fg5.jpg","Scam","artificial",27,1,"Young",1.36458333333333
"352","629998","resources/real_fg_memory_images/fg3.jpg","Scam","artificial",27,1,"Young",1.36458333333333
"353","629998","resources/real_fg_memory_images/orig30.jpg","Neutral","real",27,1,"Young",1.36458333333333
"354","629998","resources/real_fg_memory_images/fg1.jpg","Scam","artificial",27,1,"Young",1.36458333333333
"355","629998","resources/real_fg_memory_images/fg2.jpg","Scam","artificial",27,1,"Young",1.36458333333333
"356","629998","resources/real_fg_memory_images/fg11.jpg","Neutral","artificial",27,1,"Young",1.36458333333333
"357","629998","resources/real_fg_memory_images/fg10.jpg","Neutral","artificial",27,1,"Young",1.36458333333333
"358","629998","resources/real_fg_memory_images/orig24.jpg","Scam","real",27,0,"Young",1.36458333333333
"359","629998","resources/real_fg_memory_images/orig26.jpg","Neutral","real",27,1,"Young",1.36458333333333
"360","629998","resources/real_fg_memory_images/fg8.jpg","Neutral","artificial",27,1,"Young",1.36458333333333
"361","650573","resources/real_fg_memory_images/fg6.jpg","Scam","artificial",27,1,"Young",1.36458333333333
"362","650573","resources/real_fg_memory_images/fg12.jpg","Neutral","artificial",27,0,"Young",1.36458333333333
"363","650573","resources/real_fg_memory_images/fg11.jpg","Neutral","artificial",27,1,"Young",1.36458333333333
"364","650573","resources/real_fg_memory_images/fg2.jpg","Scam","artificial",27,1,"Young",1.36458333333333
"365","650573","resources/real_fg_memory_images/orig22.jpg","Scam","real",27,1,"Young",1.36458333333333
"366","650573","resources/real_fg_memory_images/fg10.jpg","Neutral","artificial",27,1,"Young",1.36458333333333
"367","650573","resources/real_fg_memory_images/fg3.jpg","Scam","artificial",27,1,"Young",1.36458333333333
"368","650573","resources/real_fg_memory_images/orig29.jpg","Neutral","real",27,0,"Young",1.36458333333333
"369","650573","resources/real_fg_memory_images/orig27.jpg","Neutral","real",27,0,"Young",1.36458333333333
"370","650573","resources/real_fg_memory_images/fg9.jpg","Neutral","artificial",27,1,"Young",1.36458333333333
"371","650573","resources/real_fg_memory_images/fg5.jpg","Scam","artificial",27,1,"Young",1.36458333333333
"372","650573","resources/real_fg_memory_images/orig24.jpg","Scam","real",27,1,"Young",1.36458333333333
"373","650573","resources/real_fg_memory_images/orig19.jpg","Scam","real",27,0,"Young",1.36458333333333
"374","650573","resources/real_fg_memory_images/orig21.jpg","Scam","real",27,0,"Young",1.36458333333333
"375","650573","resources/real_fg_memory_images/fg4.jpg","Scam","artificial",27,1,"Young",1.36458333333333
"376","650573","resources/real_fg_memory_images/orig30.jpg","Neutral","real",27,1,"Young",1.36458333333333
"377","650573","resources/real_fg_memory_images/orig28.jpg","Neutral","real",27,1,"Young",1.36458333333333
"378","650573","resources/real_fg_memory_images/orig20.jpg","Scam","real",27,1,"Young",1.36458333333333
"379","650573","resources/real_fg_memory_images/fg1.jpg","Scam","artificial",27,1,"Young",1.36458333333333
"380","650573","resources/real_fg_memory_images/orig23.jpg","Scam","real",27,1,"Young",1.36458333333333
"381","650573","resources/real_fg_memory_images/orig25.jpg","Neutral","real",27,0,"Young",1.36458333333333
"382","650573","resources/real_fg_memory_images/fg8.jpg","Neutral","artificial",27,0,"Young",1.36458333333333
"383","650573","resources/real_fg_memory_images/fg7.jpg","Neutral","artificial",27,0,"Young",1.36458333333333
"384","650573","resources/real_fg_memory_images/orig26.jpg","Neutral","real",27,1,"Young",1.36458333333333
"385","678280","resources/real_fg_memory_images/fg4.jpg","Scam","artificial",31,1,"Young",5.36458333333333
"386","678280","resources/real_fg_memory_images/fg6.jpg","Scam","artificial",31,0,"Young",5.36458333333333
"387","678280","resources/real_fg_memory_images/orig23.jpg","Scam","real",31,1,"Young",5.36458333333333
"388","678280","resources/real_fg_memory_images/orig29.jpg","Neutral","real",31,1,"Young",5.36458333333333
"389","678280","resources/real_fg_memory_images/fg10.jpg","Neutral","artificial",31,1,"Young",5.36458333333333
"390","678280","resources/real_fg_memory_images/orig22.jpg","Scam","real",31,1,"Young",5.36458333333333
"391","678280","resources/real_fg_memory_images/fg12.jpg","Neutral","artificial",31,0,"Young",5.36458333333333
"392","678280","resources/real_fg_memory_images/orig27.jpg","Neutral","real",31,0,"Young",5.36458333333333
"393","678280","resources/real_fg_memory_images/fg7.jpg","Neutral","artificial",31,0,"Young",5.36458333333333
"394","678280","resources/real_fg_memory_images/orig20.jpg","Scam","real",31,1,"Young",5.36458333333333
"395","678280","resources/real_fg_memory_images/fg2.jpg","Scam","artificial",31,1,"Young",5.36458333333333
"396","678280","resources/real_fg_memory_images/fg5.jpg","Scam","artificial",31,1,"Young",5.36458333333333
"397","678280","resources/real_fg_memory_images/fg1.jpg","Scam","artificial",31,1,"Young",5.36458333333333
"398","678280","resources/real_fg_memory_images/orig21.jpg","Scam","real",31,1,"Young",5.36458333333333
"399","678280","resources/real_fg_memory_images/orig30.jpg","Neutral","real",31,0,"Young",5.36458333333333
"400","678280","resources/real_fg_memory_images/fg9.jpg","Neutral","artificial",31,0,"Young",5.36458333333333
"401","678280","resources/real_fg_memory_images/fg3.jpg","Scam","artificial",31,0,"Young",5.36458333333333
"402","678280","resources/real_fg_memory_images/orig26.jpg","Neutral","real",31,0,"Young",5.36458333333333
"403","678280","resources/real_fg_memory_images/orig24.jpg","Scam","real",31,1,"Young",5.36458333333333
"404","678280","resources/real_fg_memory_images/orig19.jpg","Scam","real",31,1,"Young",5.36458333333333
"405","678280","resources/real_fg_memory_images/orig28.jpg","Neutral","real",31,0,"Young",5.36458333333333
"406","678280","resources/real_fg_memory_images/fg8.jpg","Neutral","artificial",31,1,"Young",5.36458333333333
"407","678280","resources/real_fg_memory_images/orig25.jpg","Neutral","real",31,0,"Young",5.36458333333333
"408","678280","resources/real_fg_memory_images/fg11.jpg","Neutral","artificial",31,0,"Young",5.36458333333333
"409","797770","resources/real_fg_memory_images/fg12.jpg","Neutral","artificial",27,1,"Young",1.36458333333333
"410","797770","resources/real_fg_memory_images/fg1.jpg","Scam","artificial",27,1,"Young",1.36458333333333
"411","797770","resources/real_fg_memory_images/orig22.jpg","Scam","real",27,1,"Young",1.36458333333333
"412","797770","resources/real_fg_memory_images/orig25.jpg","Neutral","real",27,1,"Young",1.36458333333333
"413","797770","resources/real_fg_memory_images/fg7.jpg","Neutral","artificial",27,1,"Young",1.36458333333333
"414","797770","resources/real_fg_memory_images/fg6.jpg","Scam","artificial",27,0,"Young",1.36458333333333
"415","797770","resources/real_fg_memory_images/orig21.jpg","Scam","real",27,1,"Young",1.36458333333333
"416","797770","resources/real_fg_memory_images/fg3.jpg","Scam","artificial",27,1,"Young",1.36458333333333
"417","797770","resources/real_fg_memory_images/orig30.jpg","Neutral","real",27,1,"Young",1.36458333333333
"418","797770","resources/real_fg_memory_images/fg10.jpg","Neutral","artificial",27,0,"Young",1.36458333333333
"419","797770","resources/real_fg_memory_images/orig29.jpg","Neutral","real",27,1,"Young",1.36458333333333
"420","797770","resources/real_fg_memory_images/fg8.jpg","Neutral","artificial",27,0,"Young",1.36458333333333
"421","797770","resources/real_fg_memory_images/orig23.jpg","Scam","real",27,1,"Young",1.36458333333333
"422","797770","resources/real_fg_memory_images/orig28.jpg","Neutral","real",27,1,"Young",1.36458333333333
"423","797770","resources/real_fg_memory_images/fg4.jpg","Scam","artificial",27,0,"Young",1.36458333333333
"424","797770","resources/real_fg_memory_images/orig20.jpg","Scam","real",27,1,"Young",1.36458333333333
"425","797770","resources/real_fg_memory_images/orig27.jpg","Neutral","real",27,0,"Young",1.36458333333333
"426","797770","resources/real_fg_memory_images/fg2.jpg","Scam","artificial",27,1,"Young",1.36458333333333
"427","797770","resources/real_fg_memory_images/fg11.jpg","Neutral","artificial",27,1,"Young",1.36458333333333
"428","797770","resources/real_fg_memory_images/orig19.jpg","Scam","real",27,1,"Young",1.36458333333333
"429","797770","resources/real_fg_memory_images/fg5.jpg","Scam","artificial",27,1,"Young",1.36458333333333
"430","797770","resources/real_fg_memory_images/orig26.jpg","Neutral","real",27,1,"Young",1.36458333333333
"431","797770","resources/real_fg_memory_images/orig24.jpg","Scam","real",27,1,"Young",1.36458333333333
"432","797770","resources/real_fg_memory_images/fg9.jpg","Neutral","artificial",27,1,"Young",1.36458333333333
"433","821820","resources/real_fg_memory_images/fg8.jpg","Neutral","artificial",29,0,"Young",3.36458333333333
"434","821820","resources/real_fg_memory_images/orig23.jpg","Scam","real",29,1,"Young",3.36458333333333
"435","821820","resources/real_fg_memory_images/orig29.jpg","Neutral","real",29,1,"Young",3.36458333333333
"436","821820","resources/real_fg_memory_images/orig21.jpg","Scam","real",29,1,"Young",3.36458333333333
"437","821820","resources/real_fg_memory_images/orig25.jpg","Neutral","real",29,1,"Young",3.36458333333333
"438","821820","resources/real_fg_memory_images/fg12.jpg","Neutral","artificial",29,0,"Young",3.36458333333333
"439","821820","resources/real_fg_memory_images/fg3.jpg","Scam","artificial",29,1,"Young",3.36458333333333
"440","821820","resources/real_fg_memory_images/orig27.jpg","Neutral","real",29,1,"Young",3.36458333333333
"441","821820","resources/real_fg_memory_images/fg10.jpg","Neutral","artificial",29,1,"Young",3.36458333333333
"442","821820","resources/real_fg_memory_images/orig24.jpg","Scam","real",29,1,"Young",3.36458333333333
"443","821820","resources/real_fg_memory_images/orig30.jpg","Neutral","real",29,1,"Young",3.36458333333333
"444","821820","resources/real_fg_memory_images/orig20.jpg","Scam","real",29,1,"Young",3.36458333333333
"445","821820","resources/real_fg_memory_images/orig19.jpg","Scam","real",29,1,"Young",3.36458333333333
"446","821820","resources/real_fg_memory_images/orig26.jpg","Neutral","real",29,1,"Young",3.36458333333333
"447","821820","resources/real_fg_memory_images/fg5.jpg","Scam","artificial",29,0,"Young",3.36458333333333
"448","821820","resources/real_fg_memory_images/fg2.jpg","Scam","artificial",29,1,"Young",3.36458333333333
"449","821820","resources/real_fg_memory_images/fg6.jpg","Scam","artificial",29,1,"Young",3.36458333333333
"450","821820","resources/real_fg_memory_images/fg4.jpg","Scam","artificial",29,0,"Young",3.36458333333333
"451","821820","resources/real_fg_memory_images/orig28.jpg","Neutral","real",29,1,"Young",3.36458333333333
"452","821820","resources/real_fg_memory_images/fg9.jpg","Neutral","artificial",29,0,"Young",3.36458333333333
"453","821820","resources/real_fg_memory_images/fg11.jpg","Neutral","artificial",29,0,"Young",3.36458333333333
"454","821820","resources/real_fg_memory_images/fg1.jpg","Scam","artificial",29,1,"Young",3.36458333333333
"455","821820","resources/real_fg_memory_images/orig22.jpg","Scam","real",29,1,"Young",3.36458333333333
"456","821820","resources/real_fg_memory_images/fg7.jpg","Neutral","artificial",29,0,"Young",3.36458333333333
"457","825683","resources/real_fg_memory_images/orig20.jpg","Scam","real",29,1,"Young",3.36458333333333
"458","825683","resources/real_fg_memory_images/fg2.jpg","Scam","artificial",29,1,"Young",3.36458333333333
"459","825683","resources/real_fg_memory_images/fg3.jpg","Scam","artificial",29,1,"Young",3.36458333333333
"460","825683","resources/real_fg_memory_images/fg12.jpg","Neutral","artificial",29,1,"Young",3.36458333333333
"461","825683","resources/real_fg_memory_images/orig28.jpg","Neutral","real",29,0,"Young",3.36458333333333
"462","825683","resources/real_fg_memory_images/fg1.jpg","Scam","artificial",29,0,"Young",3.36458333333333
"463","825683","resources/real_fg_memory_images/orig23.jpg","Scam","real",29,1,"Young",3.36458333333333
"464","825683","resources/real_fg_memory_images/orig27.jpg","Neutral","real",29,1,"Young",3.36458333333333
"465","825683","resources/real_fg_memory_images/orig25.jpg","Neutral","real",29,0,"Young",3.36458333333333
"466","825683","resources/real_fg_memory_images/fg4.jpg","Scam","artificial",29,0,"Young",3.36458333333333
"467","825683","resources/real_fg_memory_images/fg5.jpg","Scam","artificial",29,1,"Young",3.36458333333333
"468","825683","resources/real_fg_memory_images/orig24.jpg","Scam","real",29,0,"Young",3.36458333333333
"469","825683","resources/real_fg_memory_images/orig21.jpg","Scam","real",29,0,"Young",3.36458333333333
"470","825683","resources/real_fg_memory_images/orig22.jpg","Scam","real",29,1,"Young",3.36458333333333
"471","825683","resources/real_fg_memory_images/orig26.jpg","Neutral","real",29,1,"Young",3.36458333333333
"472","825683","resources/real_fg_memory_images/fg6.jpg","Scam","artificial",29,1,"Young",3.36458333333333
"473","825683","resources/real_fg_memory_images/fg8.jpg","Neutral","artificial",29,1,"Young",3.36458333333333
"474","825683","resources/real_fg_memory_images/fg9.jpg","Neutral","artificial",29,0,"Young",3.36458333333333
"475","825683","resources/real_fg_memory_images/fg10.jpg","Neutral","artificial",29,1,"Young",3.36458333333333
"476","825683","resources/real_fg_memory_images/orig29.jpg","Neutral","real",29,1,"Young",3.36458333333333
"477","825683","resources/real_fg_memory_images/fg11.jpg","Neutral","artificial",29,1,"Young",3.36458333333333
"478","825683","resources/real_fg_memory_images/orig30.jpg","Neutral","real",29,1,"Young",3.36458333333333
"479","825683","resources/real_fg_memory_images/fg7.jpg","Neutral","artificial",29,1,"Young",3.36458333333333
"480","825683","resources/real_fg_memory_images/orig19.jpg","Scam","real",29,1,"Young",3.36458333333333
"481","854508","resources/real_fg_memory_images/fg9.jpg","Neutral","artificial",28,0,"Young",2.36458333333333
"482","854508","resources/real_fg_memory_images/orig29.jpg","Neutral","real",28,1,"Young",2.36458333333333
"483","854508","resources/real_fg_memory_images/orig20.jpg","Scam","real",28,1,"Young",2.36458333333333
"484","854508","resources/real_fg_memory_images/orig30.jpg","Neutral","real",28,1,"Young",2.36458333333333
"485","854508","resources/real_fg_memory_images/fg10.jpg","Neutral","artificial",28,1,"Young",2.36458333333333
"486","854508","resources/real_fg_memory_images/orig27.jpg","Neutral","real",28,0,"Young",2.36458333333333
"487","854508","resources/real_fg_memory_images/orig26.jpg","Neutral","real",28,1,"Young",2.36458333333333
"488","854508","resources/real_fg_memory_images/fg11.jpg","Neutral","artificial",28,1,"Young",2.36458333333333
"489","854508","resources/real_fg_memory_images/fg5.jpg","Scam","artificial",28,1,"Young",2.36458333333333
"490","854508","resources/real_fg_memory_images/orig22.jpg","Scam","real",28,1,"Young",2.36458333333333
"491","854508","resources/real_fg_memory_images/fg4.jpg","Scam","artificial",28,1,"Young",2.36458333333333
"492","854508","resources/real_fg_memory_images/fg2.jpg","Scam","artificial",28,1,"Young",2.36458333333333
"493","854508","resources/real_fg_memory_images/orig28.jpg","Neutral","real",28,1,"Young",2.36458333333333
"494","854508","resources/real_fg_memory_images/fg3.jpg","Scam","artificial",28,0,"Young",2.36458333333333
"495","854508","resources/real_fg_memory_images/fg6.jpg","Scam","artificial",28,1,"Young",2.36458333333333
"496","854508","resources/real_fg_memory_images/orig24.jpg","Scam","real",28,1,"Young",2.36458333333333
"497","854508","resources/real_fg_memory_images/fg8.jpg","Neutral","artificial",28,0,"Young",2.36458333333333
"498","854508","resources/real_fg_memory_images/orig19.jpg","Scam","real",28,1,"Young",2.36458333333333
"499","854508","resources/real_fg_memory_images/fg12.jpg","Neutral","artificial",28,0,"Young",2.36458333333333
"500","854508","resources/real_fg_memory_images/orig25.jpg","Neutral","real",28,0,"Young",2.36458333333333
"501","854508","resources/real_fg_memory_images/fg1.jpg","Scam","artificial",28,0,"Young",2.36458333333333
"502","854508","resources/real_fg_memory_images/orig21.jpg","Scam","real",28,0,"Young",2.36458333333333
"503","854508","resources/real_fg_memory_images/orig23.jpg","Scam","real",28,0,"Young",2.36458333333333
"504","854508","resources/real_fg_memory_images/fg7.jpg","Neutral","artificial",28,0,"Young",2.36458333333333
"505","886833","resources/real_fg_memory_images/orig27.jpg","Neutral","real",26,1,"Young",0.364583333333332
"506","886833","resources/real_fg_memory_images/fg9.jpg","Neutral","artificial",26,0,"Young",0.364583333333332
"507","886833","resources/real_fg_memory_images/fg3.jpg","Scam","artificial",26,1,"Young",0.364583333333332
"508","886833","resources/real_fg_memory_images/fg4.jpg","Scam","artificial",26,1,"Young",0.364583333333332
"509","886833","resources/real_fg_memory_images/orig30.jpg","Neutral","real",26,1,"Young",0.364583333333332
"510","886833","resources/real_fg_memory_images/fg10.jpg","Neutral","artificial",26,0,"Young",0.364583333333332
"511","886833","resources/real_fg_memory_images/orig26.jpg","Neutral","real",26,1,"Young",0.364583333333332
"512","886833","resources/real_fg_memory_images/fg12.jpg","Neutral","artificial",26,1,"Young",0.364583333333332
"513","886833","resources/real_fg_memory_images/orig29.jpg","Neutral","real",26,1,"Young",0.364583333333332
"514","886833","resources/real_fg_memory_images/orig28.jpg","Neutral","real",26,1,"Young",0.364583333333332
"515","886833","resources/real_fg_memory_images/orig23.jpg","Scam","real",26,1,"Young",0.364583333333332
"516","886833","resources/real_fg_memory_images/fg8.jpg","Neutral","artificial",26,0,"Young",0.364583333333332
"517","886833","resources/real_fg_memory_images/orig19.jpg","Scam","real",26,1,"Young",0.364583333333332
"518","886833","resources/real_fg_memory_images/fg7.jpg","Neutral","artificial",26,1,"Young",0.364583333333332
"519","886833","resources/real_fg_memory_images/orig21.jpg","Scam","real",26,0,"Young",0.364583333333332
"520","886833","resources/real_fg_memory_images/orig25.jpg","Neutral","real",26,0,"Young",0.364583333333332
"521","886833","resources/real_fg_memory_images/fg5.jpg","Scam","artificial",26,1,"Young",0.364583333333332
"522","886833","resources/real_fg_memory_images/fg2.jpg","Scam","artificial",26,1,"Young",0.364583333333332
"523","886833","resources/real_fg_memory_images/orig22.jpg","Scam","real",26,1,"Young",0.364583333333332
"524","886833","resources/real_fg_memory_images/fg6.jpg","Scam","artificial",26,1,"Young",0.364583333333332
"525","886833","resources/real_fg_memory_images/orig20.jpg","Scam","real",26,1,"Young",0.364583333333332
"526","886833","resources/real_fg_memory_images/fg11.jpg","Neutral","artificial",26,1,"Young",0.364583333333332
"527","886833","resources/real_fg_memory_images/fg1.jpg","Scam","artificial",26,1,"Young",0.364583333333332
"528","886833","resources/real_fg_memory_images/orig24.jpg","Scam","real",26,1,"Young",0.364583333333332
"529","912125","resources/real_fg_memory_images/fg3.jpg","Scam","artificial",22,1,"Young",-3.63541666666667
"530","912125","resources/real_fg_memory_images/fg11.jpg","Neutral","artificial",22,1,"Young",-3.63541666666667
"531","912125","resources/real_fg_memory_images/fg8.jpg","Neutral","artificial",22,1,"Young",-3.63541666666667
"532","912125","resources/real_fg_memory_images/orig21.jpg","Scam","real",22,1,"Young",-3.63541666666667
"533","912125","resources/real_fg_memory_images/orig22.jpg","Scam","real",22,1,"Young",-3.63541666666667
"534","912125","resources/real_fg_memory_images/orig26.jpg","Neutral","real",22,1,"Young",-3.63541666666667
"535","912125","resources/real_fg_memory_images/fg4.jpg","Scam","artificial",22,1,"Young",-3.63541666666667
"536","912125","resources/real_fg_memory_images/orig25.jpg","Neutral","real",22,1,"Young",-3.63541666666667
"537","912125","resources/real_fg_memory_images/orig20.jpg","Scam","real",22,0,"Young",-3.63541666666667
"538","912125","resources/real_fg_memory_images/orig30.jpg","Neutral","real",22,1,"Young",-3.63541666666667
"539","912125","resources/real_fg_memory_images/fg6.jpg","Scam","artificial",22,1,"Young",-3.63541666666667
"540","912125","resources/real_fg_memory_images/fg1.jpg","Scam","artificial",22,1,"Young",-3.63541666666667
"541","912125","resources/real_fg_memory_images/fg10.jpg","Neutral","artificial",22,0,"Young",-3.63541666666667
"542","912125","resources/real_fg_memory_images/orig19.jpg","Scam","real",22,1,"Young",-3.63541666666667
"543","912125","resources/real_fg_memory_images/orig24.jpg","Scam","real",22,0,"Young",-3.63541666666667
"544","912125","resources/real_fg_memory_images/fg12.jpg","Neutral","artificial",22,0,"Young",-3.63541666666667
"545","912125","resources/real_fg_memory_images/fg5.jpg","Scam","artificial",22,1,"Young",-3.63541666666667
"546","912125","resources/real_fg_memory_images/fg2.jpg","Scam","artificial",22,1,"Young",-3.63541666666667
"547","912125","resources/real_fg_memory_images/orig23.jpg","Scam","real",22,1,"Young",-3.63541666666667
"548","912125","resources/real_fg_memory_images/orig27.jpg","Neutral","real",22,1,"Young",-3.63541666666667
"549","912125","resources/real_fg_memory_images/fg7.jpg","Neutral","artificial",22,1,"Young",-3.63541666666667
"550","912125","resources/real_fg_memory_images/fg9.jpg","Neutral","artificial",22,0,"Young",-3.63541666666667
"551","912125","resources/real_fg_memory_images/orig29.jpg","Neutral","real",22,1,"Young",-3.63541666666667
"552","912125","resources/real_fg_memory_images/orig28.jpg","Neutral","real",22,1,"Young",-3.63541666666667
"553","920910","resources/real_fg_memory_images/fg1.jpg","Scam","artificial",23,1,"Young",-2.63541666666667
"554","920910","resources/real_fg_memory_images/orig19.jpg","Scam","real",23,1,"Young",-2.63541666666667
"555","920910","resources/real_fg_memory_images/orig21.jpg","Scam","real",23,1,"Young",-2.63541666666667
"556","920910","resources/real_fg_memory_images/orig25.jpg","Neutral","real",23,1,"Young",-2.63541666666667
"557","920910","resources/real_fg_memory_images/orig23.jpg","Scam","real",23,0,"Young",-2.63541666666667
"558","920910","resources/real_fg_memory_images/fg5.jpg","Scam","artificial",23,1,"Young",-2.63541666666667
"559","920910","resources/real_fg_memory_images/orig24.jpg","Scam","real",23,0,"Young",-2.63541666666667
"560","920910","resources/real_fg_memory_images/orig20.jpg","Scam","real",23,1,"Young",-2.63541666666667
"561","920910","resources/real_fg_memory_images/orig29.jpg","Neutral","real",23,1,"Young",-2.63541666666667
"562","920910","resources/real_fg_memory_images/fg11.jpg","Neutral","artificial",23,0,"Young",-2.63541666666667
"563","920910","resources/real_fg_memory_images/fg7.jpg","Neutral","artificial",23,1,"Young",-2.63541666666667
"564","920910","resources/real_fg_memory_images/orig30.jpg","Neutral","real",23,1,"Young",-2.63541666666667
"565","920910","resources/real_fg_memory_images/fg2.jpg","Scam","artificial",23,1,"Young",-2.63541666666667
"566","920910","resources/real_fg_memory_images/fg8.jpg","Neutral","artificial",23,0,"Young",-2.63541666666667
"567","920910","resources/real_fg_memory_images/fg9.jpg","Neutral","artificial",23,1,"Young",-2.63541666666667
"568","920910","resources/real_fg_memory_images/orig28.jpg","Neutral","real",23,1,"Young",-2.63541666666667
"569","920910","resources/real_fg_memory_images/orig22.jpg","Scam","real",23,1,"Young",-2.63541666666667
"570","920910","resources/real_fg_memory_images/fg6.jpg","Scam","artificial",23,0,"Young",-2.63541666666667
"571","920910","resources/real_fg_memory_images/orig27.jpg","Neutral","real",23,1,"Young",-2.63541666666667
"572","920910","resources/real_fg_memory_images/fg4.jpg","Scam","artificial",23,1,"Young",-2.63541666666667
"573","920910","resources/real_fg_memory_images/fg12.jpg","Neutral","artificial",23,0,"Young",-2.63541666666667
"574","920910","resources/real_fg_memory_images/orig26.jpg","Neutral","real",23,1,"Young",-2.63541666666667
"575","920910","resources/real_fg_memory_images/fg10.jpg","Neutral","artificial",23,0,"Young",-2.63541666666667
"576","920910","resources/real_fg_memory_images/fg3.jpg","Scam","artificial",23,1,"Young",-2.63541666666667
"577","023395","resources/real_fg_memory_images/fg28.jpg","Neutral","artificial",25,1,"Young",-0.635416666666668
"578","023395","resources/real_fg_memory_images/orig3.jpg","Scam","real",25,1,"Young",-0.635416666666668
"579","023395","resources/real_fg_memory_images/fg27.jpg","Neutral","artificial",25,1,"Young",-0.635416666666668
"580","023395","resources/real_fg_memory_images/orig7.jpg","Neutral","real",25,1,"Young",-0.635416666666668
"581","023395","resources/real_fg_memory_images/fg19.jpg","Scam","artificial",25,1,"Young",-0.635416666666668
"582","023395","resources/real_fg_memory_images/fg30.jpg","Neutral","artificial",25,1,"Young",-0.635416666666668
"583","023395","resources/real_fg_memory_images/orig4.jpg","Scam","real",25,1,"Young",-0.635416666666668
"584","023395","resources/real_fg_memory_images/fg20.jpg","Scam","artificial",25,1,"Young",-0.635416666666668
"585","023395","resources/real_fg_memory_images/orig9.jpg","Neutral","real",25,1,"Young",-0.635416666666668
"586","023395","resources/real_fg_memory_images/orig11.jpg","Neutral","real",25,1,"Young",-0.635416666666668
"587","023395","resources/real_fg_memory_images/orig2.jpg","Scam","real",25,1,"Young",-0.635416666666668
"588","023395","resources/real_fg_memory_images/orig6.jpg","Scam","real",25,1,"Young",-0.635416666666668
"589","023395","resources/real_fg_memory_images/orig5.jpg","Scam","real",25,1,"Young",-0.635416666666668
"590","023395","resources/real_fg_memory_images/fg21.jpg","Scam","artificial",25,1,"Young",-0.635416666666668
"591","023395","resources/real_fg_memory_images/fg25.jpg","Neutral","artificial",25,1,"Young",-0.635416666666668
"592","023395","resources/real_fg_memory_images/orig1.jpg","Scam","real",25,1,"Young",-0.635416666666668
"593","023395","resources/real_fg_memory_images/fg29.jpg","Neutral","artificial",25,1,"Young",-0.635416666666668
"594","023395","resources/real_fg_memory_images/fg24.jpg","Scam","artificial",25,1,"Young",-0.635416666666668
"595","023395","resources/real_fg_memory_images/orig12.jpg","Neutral","real",25,0,"Young",-0.635416666666668
"596","023395","resources/real_fg_memory_images/fg22.jpg","Scam","artificial",25,1,"Young",-0.635416666666668
"597","023395","resources/real_fg_memory_images/fg26.jpg","Neutral","artificial",25,1,"Young",-0.635416666666668
"598","023395","resources/real_fg_memory_images/orig8.jpg","Neutral","real",25,1,"Young",-0.635416666666668
"599","023395","resources/real_fg_memory_images/fg23.jpg","Scam","artificial",25,1,"Young",-0.635416666666668
"600","023395","resources/real_fg_memory_images/orig10.jpg","Neutral","real",25,1,"Young",-0.635416666666668
"601","050143","resources/real_fg_memory_images/orig2.jpg","Scam","real",29,1,"Young",3.36458333333333
"602","050143","resources/real_fg_memory_images/fg22.jpg","Scam","artificial",29,1,"Young",3.36458333333333
"603","050143","resources/real_fg_memory_images/orig5.jpg","Scam","real",29,1,"Young",3.36458333333333
"604","050143","resources/real_fg_memory_images/orig11.jpg","Neutral","real",29,1,"Young",3.36458333333333
"605","050143","resources/real_fg_memory_images/orig4.jpg","Scam","real",29,1,"Young",3.36458333333333
"606","050143","resources/real_fg_memory_images/orig3.jpg","Scam","real",29,0,"Young",3.36458333333333
"607","050143","resources/real_fg_memory_images/orig8.jpg","Neutral","real",29,1,"Young",3.36458333333333
"608","050143","resources/real_fg_memory_images/fg25.jpg","Neutral","artificial",29,1,"Young",3.36458333333333
"609","050143","resources/real_fg_memory_images/orig6.jpg","Scam","real",29,1,"Young",3.36458333333333
"610","050143","resources/real_fg_memory_images/fg26.jpg","Neutral","artificial",29,1,"Young",3.36458333333333
"611","050143","resources/real_fg_memory_images/orig12.jpg","Neutral","real",29,1,"Young",3.36458333333333
"612","050143","resources/real_fg_memory_images/fg27.jpg","Neutral","artificial",29,1,"Young",3.36458333333333
"613","050143","resources/real_fg_memory_images/orig1.jpg","Scam","real",29,1,"Young",3.36458333333333
"614","050143","resources/real_fg_memory_images/orig9.jpg","Neutral","real",29,1,"Young",3.36458333333333
"615","050143","resources/real_fg_memory_images/fg20.jpg","Scam","artificial",29,1,"Young",3.36458333333333
"616","050143","resources/real_fg_memory_images/fg24.jpg","Scam","artificial",29,1,"Young",3.36458333333333
"617","050143","resources/real_fg_memory_images/orig10.jpg","Neutral","real",29,1,"Young",3.36458333333333
"618","050143","resources/real_fg_memory_images/fg23.jpg","Scam","artificial",29,1,"Young",3.36458333333333
"619","050143","resources/real_fg_memory_images/orig7.jpg","Neutral","real",29,1,"Young",3.36458333333333
"620","050143","resources/real_fg_memory_images/fg21.jpg","Scam","artificial",29,0,"Young",3.36458333333333
"621","050143","resources/real_fg_memory_images/fg28.jpg","Neutral","artificial",29,1,"Young",3.36458333333333
"622","050143","resources/real_fg_memory_images/fg29.jpg","Neutral","artificial",29,1,"Young",3.36458333333333
"623","050143","resources/real_fg_memory_images/fg30.jpg","Neutral","artificial",29,0,"Young",3.36458333333333
"624","050143","resources/real_fg_memory_images/fg19.jpg","Scam","artificial",29,0,"Young",3.36458333333333
"625","185163","resources/real_fg_memory_images/orig5.jpg","Scam","real",28,0,"Young",2.36458333333333
"626","185163","resources/real_fg_memory_images/fg23.jpg","Scam","artificial",28,0,"Young",2.36458333333333
"627","185163","resources/real_fg_memory_images/fg19.jpg","Scam","artificial",28,1,"Young",2.36458333333333
"628","185163","resources/real_fg_memory_images/fg28.jpg","Neutral","artificial",28,1,"Young",2.36458333333333
"629","185163","resources/real_fg_memory_images/orig3.jpg","Scam","real",28,0,"Young",2.36458333333333
"630","185163","resources/real_fg_memory_images/orig6.jpg","Scam","real",28,1,"Young",2.36458333333333
"631","185163","resources/real_fg_memory_images/orig8.jpg","Neutral","real",28,0,"Young",2.36458333333333
"632","185163","resources/real_fg_memory_images/orig11.jpg","Neutral","real",28,1,"Young",2.36458333333333
"633","185163","resources/real_fg_memory_images/orig10.jpg","Neutral","real",28,0,"Young",2.36458333333333
"634","185163","resources/real_fg_memory_images/orig9.jpg","Neutral","real",28,1,"Young",2.36458333333333
"635","185163","resources/real_fg_memory_images/orig7.jpg","Neutral","real",28,1,"Young",2.36458333333333
"636","185163","resources/real_fg_memory_images/fg27.jpg","Neutral","artificial",28,1,"Young",2.36458333333333
"637","185163","resources/real_fg_memory_images/fg25.jpg","Neutral","artificial",28,1,"Young",2.36458333333333
"638","185163","resources/real_fg_memory_images/fg29.jpg","Neutral","artificial",28,1,"Young",2.36458333333333
"639","185163","resources/real_fg_memory_images/orig4.jpg","Scam","real",28,1,"Young",2.36458333333333
"640","185163","resources/real_fg_memory_images/fg24.jpg","Scam","artificial",28,0,"Young",2.36458333333333
"641","185163","resources/real_fg_memory_images/fg26.jpg","Neutral","artificial",28,1,"Young",2.36458333333333
"642","185163","resources/real_fg_memory_images/orig12.jpg","Neutral","real",28,0,"Young",2.36458333333333
"643","185163","resources/real_fg_memory_images/orig1.jpg","Scam","real",28,1,"Young",2.36458333333333
"644","185163","resources/real_fg_memory_images/fg30.jpg","Neutral","artificial",28,1,"Young",2.36458333333333
"645","185163","resources/real_fg_memory_images/fg20.jpg","Scam","artificial",28,0,"Young",2.36458333333333
"646","185163","resources/real_fg_memory_images/fg22.jpg","Scam","artificial",28,1,"Young",2.36458333333333
"647","185163","resources/real_fg_memory_images/orig2.jpg","Scam","real",28,1,"Young",2.36458333333333
"648","185163","resources/real_fg_memory_images/fg21.jpg","Scam","artificial",28,0,"Young",2.36458333333333
"649","411563","resources/real_fg_memory_images/orig2.jpg","Scam","real",30,1,"Young",4.36458333333333
"650","411563","resources/real_fg_memory_images/orig1.jpg","Scam","real",30,1,"Young",4.36458333333333
"651","411563","resources/real_fg_memory_images/orig12.jpg","Neutral","real",30,0,"Young",4.36458333333333
"652","411563","resources/real_fg_memory_images/orig7.jpg","Neutral","real",30,1,"Young",4.36458333333333
"653","411563","resources/real_fg_memory_images/fg28.jpg","Neutral","artificial",30,1,"Young",4.36458333333333
"654","411563","resources/real_fg_memory_images/orig4.jpg","Scam","real",30,1,"Young",4.36458333333333
"655","411563","resources/real_fg_memory_images/fg22.jpg","Scam","artificial",30,1,"Young",4.36458333333333
"656","411563","resources/real_fg_memory_images/orig9.jpg","Neutral","real",30,1,"Young",4.36458333333333
"657","411563","resources/real_fg_memory_images/fg27.jpg","Neutral","artificial",30,1,"Young",4.36458333333333
"658","411563","resources/real_fg_memory_images/fg30.jpg","Neutral","artificial",30,1,"Young",4.36458333333333
"659","411563","resources/real_fg_memory_images/orig5.jpg","Scam","real",30,1,"Young",4.36458333333333
"660","411563","resources/real_fg_memory_images/orig3.jpg","Scam","real",30,1,"Young",4.36458333333333
"661","411563","resources/real_fg_memory_images/orig10.jpg","Neutral","real",30,1,"Young",4.36458333333333
"662","411563","resources/real_fg_memory_images/fg26.jpg","Neutral","artificial",30,1,"Young",4.36458333333333
"663","411563","resources/real_fg_memory_images/fg25.jpg","Neutral","artificial",30,1,"Young",4.36458333333333
"664","411563","resources/real_fg_memory_images/fg29.jpg","Neutral","artificial",30,1,"Young",4.36458333333333
"665","411563","resources/real_fg_memory_images/fg23.jpg","Scam","artificial",30,0,"Young",4.36458333333333
"666","411563","resources/real_fg_memory_images/orig8.jpg","Neutral","real",30,0,"Young",4.36458333333333
"667","411563","resources/real_fg_memory_images/fg19.jpg","Scam","artificial",30,0,"Young",4.36458333333333
"668","411563","resources/real_fg_memory_images/orig6.jpg","Scam","real",30,0,"Young",4.36458333333333
"669","411563","resources/real_fg_memory_images/fg20.jpg","Scam","artificial",30,0,"Young",4.36458333333333
"670","411563","resources/real_fg_memory_images/fg24.jpg","Scam","artificial",30,0,"Young",4.36458333333333
"671","411563","resources/real_fg_memory_images/fg21.jpg","Scam","artificial",30,1,"Young",4.36458333333333
"672","411563","resources/real_fg_memory_images/orig11.jpg","Neutral","real",30,1,"Young",4.36458333333333
"673","450404","resources/real_fg_memory_images/orig7.jpg","Neutral","real",21,0,"Young",-4.63541666666667
"674","450404","resources/real_fg_memory_images/orig8.jpg","Neutral","real",21,1,"Young",-4.63541666666667
"675","450404","resources/real_fg_memory_images/fg27.jpg","Neutral","artificial",21,0,"Young",-4.63541666666667
"676","450404","resources/real_fg_memory_images/fg22.jpg","Scam","artificial",21,0,"Young",-4.63541666666667
"677","450404","resources/real_fg_memory_images/fg21.jpg","Scam","artificial",21,1,"Young",-4.63541666666667
"678","450404","resources/real_fg_memory_images/fg25.jpg","Neutral","artificial",21,1,"Young",-4.63541666666667
"679","450404","resources/real_fg_memory_images/orig5.jpg","Scam","real",21,1,"Young",-4.63541666666667
"680","450404","resources/real_fg_memory_images/orig9.jpg","Neutral","real",21,0,"Young",-4.63541666666667
"681","450404","resources/real_fg_memory_images/fg28.jpg","Neutral","artificial",21,1,"Young",-4.63541666666667
"682","450404","resources/real_fg_memory_images/fg29.jpg","Neutral","artificial",21,0,"Young",-4.63541666666667
"683","450404","resources/real_fg_memory_images/orig6.jpg","Scam","real",21,1,"Young",-4.63541666666667
"684","450404","resources/real_fg_memory_images/orig11.jpg","Neutral","real",21,1,"Young",-4.63541666666667
"685","450404","resources/real_fg_memory_images/fg24.jpg","Scam","artificial",21,1,"Young",-4.63541666666667
"686","450404","resources/real_fg_memory_images/fg26.jpg","Neutral","artificial",21,1,"Young",-4.63541666666667
"687","450404","resources/real_fg_memory_images/fg30.jpg","Neutral","artificial",21,1,"Young",-4.63541666666667
"688","450404","resources/real_fg_memory_images/orig12.jpg","Neutral","real",21,1,"Young",-4.63541666666667
"689","450404","resources/real_fg_memory_images/orig2.jpg","Scam","real",21,1,"Young",-4.63541666666667
"690","450404","resources/real_fg_memory_images/orig10.jpg","Neutral","real",21,1,"Young",-4.63541666666667
"691","450404","resources/real_fg_memory_images/fg20.jpg","Scam","artificial",21,1,"Young",-4.63541666666667
"692","450404","resources/real_fg_memory_images/orig3.jpg","Scam","real",21,1,"Young",-4.63541666666667
"693","450404","resources/real_fg_memory_images/orig1.jpg","Scam","real",21,0,"Young",-4.63541666666667
"694","450404","resources/real_fg_memory_images/fg23.jpg","Scam","artificial",21,0,"Young",-4.63541666666667
"695","450404","resources/real_fg_memory_images/orig4.jpg","Scam","real",21,1,"Young",-4.63541666666667
"696","450404","resources/real_fg_memory_images/fg19.jpg","Scam","artificial",21,1,"Young",-4.63541666666667
"697","466599","resources/real_fg_memory_images/fg23.jpg","Scam","artificial",29,1,"Young",3.36458333333333
"698","466599","resources/real_fg_memory_images/orig7.jpg","Neutral","real",29,1,"Young",3.36458333333333
"699","466599","resources/real_fg_memory_images/orig6.jpg","Scam","real",29,1,"Young",3.36458333333333
"700","466599","resources/real_fg_memory_images/orig5.jpg","Scam","real",29,1,"Young",3.36458333333333
"701","466599","resources/real_fg_memory_images/orig11.jpg","Neutral","real",29,1,"Young",3.36458333333333
"702","466599","resources/real_fg_memory_images/fg22.jpg","Scam","artificial",29,1,"Young",3.36458333333333
"703","466599","resources/real_fg_memory_images/fg25.jpg","Neutral","artificial",29,0,"Young",3.36458333333333
"704","466599","resources/real_fg_memory_images/fg26.jpg","Neutral","artificial",29,1,"Young",3.36458333333333
"705","466599","resources/real_fg_memory_images/fg30.jpg","Neutral","artificial",29,1,"Young",3.36458333333333
"706","466599","resources/real_fg_memory_images/orig3.jpg","Scam","real",29,1,"Young",3.36458333333333
"707","466599","resources/real_fg_memory_images/fg29.jpg","Neutral","artificial",29,1,"Young",3.36458333333333
"708","466599","resources/real_fg_memory_images/orig4.jpg","Scam","real",29,1,"Young",3.36458333333333
"709","466599","resources/real_fg_memory_images/fg21.jpg","Scam","artificial",29,0,"Young",3.36458333333333
"710","466599","resources/real_fg_memory_images/orig10.jpg","Neutral","real",29,1,"Young",3.36458333333333
"711","466599","resources/real_fg_memory_images/orig8.jpg","Neutral","real",29,1,"Young",3.36458333333333
"712","466599","resources/real_fg_memory_images/orig2.jpg","Scam","real",29,0,"Young",3.36458333333333
"713","466599","resources/real_fg_memory_images/fg24.jpg","Scam","artificial",29,1,"Young",3.36458333333333
"714","466599","resources/real_fg_memory_images/fg28.jpg","Neutral","artificial",29,0,"Young",3.36458333333333
"715","466599","resources/real_fg_memory_images/orig9.jpg","Neutral","real",29,0,"Young",3.36458333333333
"716","466599","resources/real_fg_memory_images/orig1.jpg","Scam","real",29,0,"Young",3.36458333333333
"717","466599","resources/real_fg_memory_images/fg27.jpg","Neutral","artificial",29,1,"Young",3.36458333333333
"718","466599","resources/real_fg_memory_images/orig12.jpg","Neutral","real",29,0,"Young",3.36458333333333
"719","466599","resources/real_fg_memory_images/fg19.jpg","Scam","artificial",29,1,"Young",3.36458333333333
"720","466599","resources/real_fg_memory_images/fg20.jpg","Scam","artificial",29,1,"Young",3.36458333333333
"721","473890","resources/real_fg_memory_images/orig12.jpg","Neutral","real",24,0,"Young",-1.63541666666667
"722","473890","resources/real_fg_memory_images/fg29.jpg","Neutral","artificial",24,0,"Young",-1.63541666666667
"723","473890","resources/real_fg_memory_images/fg26.jpg","Neutral","artificial",24,1,"Young",-1.63541666666667
"724","473890","resources/real_fg_memory_images/orig10.jpg","Neutral","real",24,1,"Young",-1.63541666666667
"725","473890","resources/real_fg_memory_images/fg19.jpg","Scam","artificial",24,1,"Young",-1.63541666666667
"726","473890","resources/real_fg_memory_images/fg24.jpg","Scam","artificial",24,1,"Young",-1.63541666666667
"727","473890","resources/real_fg_memory_images/fg30.jpg","Neutral","artificial",24,1,"Young",-1.63541666666667
"728","473890","resources/real_fg_memory_images/orig6.jpg","Scam","real",24,1,"Young",-1.63541666666667
"729","473890","resources/real_fg_memory_images/fg20.jpg","Scam","artificial",24,0,"Young",-1.63541666666667
"730","473890","resources/real_fg_memory_images/orig3.jpg","Scam","real",24,1,"Young",-1.63541666666667
"731","473890","resources/real_fg_memory_images/orig2.jpg","Scam","real",24,0,"Young",-1.63541666666667
"732","473890","resources/real_fg_memory_images/orig11.jpg","Neutral","real",24,1,"Young",-1.63541666666667
"733","473890","resources/real_fg_memory_images/orig5.jpg","Scam","real",24,1,"Young",-1.63541666666667
"734","473890","resources/real_fg_memory_images/orig4.jpg","Scam","real",24,0,"Young",-1.63541666666667
"735","473890","resources/real_fg_memory_images/fg25.jpg","Neutral","artificial",24,1,"Young",-1.63541666666667
"736","473890","resources/real_fg_memory_images/fg28.jpg","Neutral","artificial",24,1,"Young",-1.63541666666667
"737","473890","resources/real_fg_memory_images/fg23.jpg","Scam","artificial",24,0,"Young",-1.63541666666667
"738","473890","resources/real_fg_memory_images/fg21.jpg","Scam","artificial",24,0,"Young",-1.63541666666667
"739","473890","resources/real_fg_memory_images/fg22.jpg","Scam","artificial",24,1,"Young",-1.63541666666667
"740","473890","resources/real_fg_memory_images/orig8.jpg","Neutral","real",24,1,"Young",-1.63541666666667
"741","473890","resources/real_fg_memory_images/orig1.jpg","Scam","real",24,1,"Young",-1.63541666666667
"742","473890","resources/real_fg_memory_images/orig9.jpg","Neutral","real",24,0,"Young",-1.63541666666667
"743","473890","resources/real_fg_memory_images/orig7.jpg","Neutral","real",24,1,"Young",-1.63541666666667
"744","473890","resources/real_fg_memory_images/fg27.jpg","Neutral","artificial",24,0,"Young",-1.63541666666667
"745","475074","resources/real_fg_memory_images/orig11.jpg","Neutral","real",28,1,"Young",2.36458333333333
"746","475074","resources/real_fg_memory_images/orig3.jpg","Scam","real",28,1,"Young",2.36458333333333
"747","475074","resources/real_fg_memory_images/fg26.jpg","Neutral","artificial",28,0,"Young",2.36458333333333
"748","475074","resources/real_fg_memory_images/orig5.jpg","Scam","real",28,0,"Young",2.36458333333333
"749","475074","resources/real_fg_memory_images/fg30.jpg","Neutral","artificial",28,0,"Young",2.36458333333333
"750","475074","resources/real_fg_memory_images/orig12.jpg","Neutral","real",28,1,"Young",2.36458333333333
"751","475074","resources/real_fg_memory_images/orig1.jpg","Scam","real",28,1,"Young",2.36458333333333
"752","475074","resources/real_fg_memory_images/fg23.jpg","Scam","artificial",28,1,"Young",2.36458333333333
"753","475074","resources/real_fg_memory_images/fg22.jpg","Scam","artificial",28,1,"Young",2.36458333333333
"754","475074","resources/real_fg_memory_images/fg29.jpg","Neutral","artificial",28,1,"Young",2.36458333333333
"755","475074","resources/real_fg_memory_images/fg25.jpg","Neutral","artificial",28,0,"Young",2.36458333333333
"756","475074","resources/real_fg_memory_images/orig8.jpg","Neutral","real",28,1,"Young",2.36458333333333
"757","475074","resources/real_fg_memory_images/fg27.jpg","Neutral","artificial",28,0,"Young",2.36458333333333
"758","475074","resources/real_fg_memory_images/orig10.jpg","Neutral","real",28,0,"Young",2.36458333333333
"759","475074","resources/real_fg_memory_images/orig2.jpg","Scam","real",28,1,"Young",2.36458333333333
"760","475074","resources/real_fg_memory_images/orig9.jpg","Neutral","real",28,1,"Young",2.36458333333333
"761","475074","resources/real_fg_memory_images/fg19.jpg","Scam","artificial",28,1,"Young",2.36458333333333
"762","475074","resources/real_fg_memory_images/fg24.jpg","Scam","artificial",28,1,"Young",2.36458333333333
"763","475074","resources/real_fg_memory_images/orig4.jpg","Scam","real",28,1,"Young",2.36458333333333
"764","475074","resources/real_fg_memory_images/orig7.jpg","Neutral","real",28,1,"Young",2.36458333333333
"765","475074","resources/real_fg_memory_images/fg28.jpg","Neutral","artificial",28,0,"Young",2.36458333333333
"766","475074","resources/real_fg_memory_images/fg21.jpg","Scam","artificial",28,1,"Young",2.36458333333333
"767","475074","resources/real_fg_memory_images/orig6.jpg","Scam","real",28,0,"Young",2.36458333333333
"768","475074","resources/real_fg_memory_images/fg20.jpg","Scam","artificial",28,1,"Young",2.36458333333333
"769","478150","resources/real_fg_memory_images/orig9.jpg","Neutral","real",26,0,"Young",0.364583333333332
"770","478150","resources/real_fg_memory_images/orig6.jpg","Scam","real",26,0,"Young",0.364583333333332
"771","478150","resources/real_fg_memory_images/fg21.jpg","Scam","artificial",26,0,"Young",0.364583333333332
"772","478150","resources/real_fg_memory_images/fg19.jpg","Scam","artificial",26,1,"Young",0.364583333333332
"773","478150","resources/real_fg_memory_images/orig10.jpg","Neutral","real",26,1,"Young",0.364583333333332
"774","478150","resources/real_fg_memory_images/fg25.jpg","Neutral","artificial",26,0,"Young",0.364583333333332
"775","478150","resources/real_fg_memory_images/fg29.jpg","Neutral","artificial",26,0,"Young",0.364583333333332
"776","478150","resources/real_fg_memory_images/orig7.jpg","Neutral","real",26,0,"Young",0.364583333333332
"777","478150","resources/real_fg_memory_images/fg28.jpg","Neutral","artificial",26,1,"Young",0.364583333333332
"778","478150","resources/real_fg_memory_images/fg23.jpg","Scam","artificial",26,1,"Young",0.364583333333332
"779","478150","resources/real_fg_memory_images/fg27.jpg","Neutral","artificial",26,0,"Young",0.364583333333332
"780","478150","resources/real_fg_memory_images/orig2.jpg","Scam","real",26,1,"Young",0.364583333333332
"781","478150","resources/real_fg_memory_images/orig4.jpg","Scam","real",26,1,"Young",0.364583333333332
"782","478150","resources/real_fg_memory_images/fg24.jpg","Scam","artificial",26,1,"Young",0.364583333333332
"783","478150","resources/real_fg_memory_images/fg30.jpg","Neutral","artificial",26,1,"Young",0.364583333333332
"784","478150","resources/real_fg_memory_images/fg20.jpg","Scam","artificial",26,1,"Young",0.364583333333332
"785","478150","resources/real_fg_memory_images/orig3.jpg","Scam","real",26,0,"Young",0.364583333333332
"786","478150","resources/real_fg_memory_images/fg22.jpg","Scam","artificial",26,1,"Young",0.364583333333332
"787","478150","resources/real_fg_memory_images/orig8.jpg","Neutral","real",26,1,"Young",0.364583333333332
"788","478150","resources/real_fg_memory_images/orig5.jpg","Scam","real",26,1,"Young",0.364583333333332
"789","478150","resources/real_fg_memory_images/orig12.jpg","Neutral","real",26,1,"Young",0.364583333333332
"790","478150","resources/real_fg_memory_images/orig1.jpg","Scam","real",26,1,"Young",0.364583333333332
"791","478150","resources/real_fg_memory_images/fg26.jpg","Neutral","artificial",26,1,"Young",0.364583333333332
"792","478150","resources/real_fg_memory_images/orig11.jpg","Neutral","real",26,1,"Young",0.364583333333332
"793","487325","resources/real_fg_memory_images/orig8.jpg","Neutral","real",24,1,"Young",-1.63541666666667
"794","487325","resources/real_fg_memory_images/orig10.jpg","Neutral","real",24,1,"Young",-1.63541666666667
"795","487325","resources/real_fg_memory_images/fg20.jpg","Scam","artificial",24,1,"Young",-1.63541666666667
"796","487325","resources/real_fg_memory_images/orig12.jpg","Neutral","real",24,1,"Young",-1.63541666666667
"797","487325","resources/real_fg_memory_images/fg21.jpg","Scam","artificial",24,0,"Young",-1.63541666666667
"798","487325","resources/real_fg_memory_images/fg19.jpg","Scam","artificial",24,0,"Young",-1.63541666666667
"799","487325","resources/real_fg_memory_images/orig1.jpg","Scam","real",24,1,"Young",-1.63541666666667
"800","487325","resources/real_fg_memory_images/orig4.jpg","Scam","real",24,1,"Young",-1.63541666666667
"801","487325","resources/real_fg_memory_images/fg24.jpg","Scam","artificial",24,1,"Young",-1.63541666666667
"802","487325","resources/real_fg_memory_images/orig2.jpg","Scam","real",24,1,"Young",-1.63541666666667
"803","487325","resources/real_fg_memory_images/fg23.jpg","Scam","artificial",24,0,"Young",-1.63541666666667
"804","487325","resources/real_fg_memory_images/orig6.jpg","Scam","real",24,0,"Young",-1.63541666666667
"805","487325","resources/real_fg_memory_images/orig5.jpg","Scam","real",24,0,"Young",-1.63541666666667
"806","487325","resources/real_fg_memory_images/fg29.jpg","Neutral","artificial",24,1,"Young",-1.63541666666667
"807","487325","resources/real_fg_memory_images/fg22.jpg","Scam","artificial",24,1,"Young",-1.63541666666667
"808","487325","resources/real_fg_memory_images/orig7.jpg","Neutral","real",24,1,"Young",-1.63541666666667
"809","487325","resources/real_fg_memory_images/fg26.jpg","Neutral","artificial",24,1,"Young",-1.63541666666667
"810","487325","resources/real_fg_memory_images/orig9.jpg","Neutral","real",24,1,"Young",-1.63541666666667
"811","487325","resources/real_fg_memory_images/orig11.jpg","Neutral","real",24,1,"Young",-1.63541666666667
"812","487325","resources/real_fg_memory_images/fg25.jpg","Neutral","artificial",24,0,"Young",-1.63541666666667
"813","487325","resources/real_fg_memory_images/fg28.jpg","Neutral","artificial",24,1,"Young",-1.63541666666667
"814","487325","resources/real_fg_memory_images/fg27.jpg","Neutral","artificial",24,1,"Young",-1.63541666666667
"815","487325","resources/real_fg_memory_images/fg30.jpg","Neutral","artificial",24,0,"Young",-1.63541666666667
"816","487325","resources/real_fg_memory_images/orig3.jpg","Scam","real",24,1,"Young",-1.63541666666667
"817","511","resources/real_fg_memory_images/orig11.jpg","Neutral","real",27,1,"Young",1.36458333333333
"818","511","resources/real_fg_memory_images/fg23.jpg","Scam","artificial",27,1,"Young",1.36458333333333
"819","511","resources/real_fg_memory_images/orig3.jpg","Scam","real",27,1,"Young",1.36458333333333
"820","511","resources/real_fg_memory_images/fg30.jpg","Neutral","artificial",27,1,"Young",1.36458333333333
"821","511","resources/real_fg_memory_images/fg22.jpg","Scam","artificial",27,1,"Young",1.36458333333333
"822","511","resources/real_fg_memory_images/fg21.jpg","Scam","artificial",27,1,"Young",1.36458333333333
"823","511","resources/real_fg_memory_images/fg25.jpg","Neutral","artificial",27,0,"Young",1.36458333333333
"824","511","resources/real_fg_memory_images/orig2.jpg","Scam","real",27,1,"Young",1.36458333333333
"825","511","resources/real_fg_memory_images/orig10.jpg","Neutral","real",27,0,"Young",1.36458333333333
"826","511","resources/real_fg_memory_images/fg29.jpg","Neutral","artificial",27,0,"Young",1.36458333333333
"827","511","resources/real_fg_memory_images/orig12.jpg","Neutral","real",27,0,"Young",1.36458333333333
"828","511","resources/real_fg_memory_images/orig6.jpg","Scam","real",27,0,"Young",1.36458333333333
"829","511","resources/real_fg_memory_images/orig1.jpg","Scam","real",27,0,"Young",1.36458333333333
"830","511","resources/real_fg_memory_images/fg27.jpg","Neutral","artificial",27,0,"Young",1.36458333333333
"831","511","resources/real_fg_memory_images/fg28.jpg","Neutral","artificial",27,1,"Young",1.36458333333333
"832","511","resources/real_fg_memory_images/fg24.jpg","Scam","artificial",27,1,"Young",1.36458333333333
"833","511","resources/real_fg_memory_images/orig8.jpg","Neutral","real",27,0,"Young",1.36458333333333
"834","511","resources/real_fg_memory_images/orig4.jpg","Scam","real",27,1,"Young",1.36458333333333
"835","511","resources/real_fg_memory_images/orig7.jpg","Neutral","real",27,0,"Young",1.36458333333333
"836","511","resources/real_fg_memory_images/fg20.jpg","Scam","artificial",27,1,"Young",1.36458333333333
"837","511","resources/real_fg_memory_images/orig9.jpg","Neutral","real",27,0,"Young",1.36458333333333
"838","511","resources/real_fg_memory_images/fg19.jpg","Scam","artificial",27,1,"Young",1.36458333333333
"839","511","resources/real_fg_memory_images/orig5.jpg","Scam","real",27,1,"Young",1.36458333333333
"840","511","resources/real_fg_memory_images/fg26.jpg","Neutral","artificial",27,0,"Young",1.36458333333333
"841","519824","resources/real_fg_memory_images/orig11.jpg","Neutral","real",27,0,"Young",1.36458333333333
"842","519824","resources/real_fg_memory_images/orig2.jpg","Scam","real",27,0,"Young",1.36458333333333
"843","519824","resources/real_fg_memory_images/orig5.jpg","Scam","real",27,1,"Young",1.36458333333333
"844","519824","resources/real_fg_memory_images/orig8.jpg","Neutral","real",27,1,"Young",1.36458333333333
"845","519824","resources/real_fg_memory_images/orig1.jpg","Scam","real",27,0,"Young",1.36458333333333
"846","519824","resources/real_fg_memory_images/orig10.jpg","Neutral","real",27,0,"Young",1.36458333333333
"847","519824","resources/real_fg_memory_images/orig4.jpg","Scam","real",27,0,"Young",1.36458333333333
"848","519824","resources/real_fg_memory_images/fg29.jpg","Neutral","artificial",27,0,"Young",1.36458333333333
"849","519824","resources/real_fg_memory_images/fg25.jpg","Neutral","artificial",27,0,"Young",1.36458333333333
"850","519824","resources/real_fg_memory_images/fg27.jpg","Neutral","artificial",27,0,"Young",1.36458333333333
"851","519824","resources/real_fg_memory_images/orig9.jpg","Neutral","real",27,1,"Young",1.36458333333333
"852","519824","resources/real_fg_memory_images/orig7.jpg","Neutral","real",27,0,"Young",1.36458333333333
"853","519824","resources/real_fg_memory_images/fg22.jpg","Scam","artificial",27,1,"Young",1.36458333333333
"854","519824","resources/real_fg_memory_images/fg20.jpg","Scam","artificial",27,1,"Young",1.36458333333333
"855","519824","resources/real_fg_memory_images/fg24.jpg","Scam","artificial",27,0,"Young",1.36458333333333
"856","519824","resources/real_fg_memory_images/fg23.jpg","Scam","artificial",27,0,"Young",1.36458333333333
"857","519824","resources/real_fg_memory_images/fg21.jpg","Scam","artificial",27,0,"Young",1.36458333333333
"858","519824","resources/real_fg_memory_images/orig6.jpg","Scam","real",27,0,"Young",1.36458333333333
"859","519824","resources/real_fg_memory_images/fg30.jpg","Neutral","artificial",27,1,"Young",1.36458333333333
"860","519824","resources/real_fg_memory_images/fg28.jpg","Neutral","artificial",27,0,"Young",1.36458333333333
"861","519824","resources/real_fg_memory_images/fg26.jpg","Neutral","artificial",27,1,"Young",1.36458333333333
"862","519824","resources/real_fg_memory_images/fg19.jpg","Scam","artificial",27,1,"Young",1.36458333333333
"863","519824","resources/real_fg_memory_images/orig12.jpg","Neutral","real",27,0,"Young",1.36458333333333
"864","519824","resources/real_fg_memory_images/orig3.jpg","Scam","real",27,1,"Young",1.36458333333333
"865","559091","resources/real_fg_memory_images/orig5.jpg","Scam","real",29,1,"Young",3.36458333333333
"866","559091","resources/real_fg_memory_images/fg22.jpg","Scam","artificial",29,1,"Young",3.36458333333333
"867","559091","resources/real_fg_memory_images/fg25.jpg","Neutral","artificial",29,1,"Young",3.36458333333333
"868","559091","resources/real_fg_memory_images/orig4.jpg","Scam","real",29,1,"Young",3.36458333333333
"869","559091","resources/real_fg_memory_images/fg24.jpg","Scam","artificial",29,0,"Young",3.36458333333333
"870","559091","resources/real_fg_memory_images/orig12.jpg","Neutral","real",29,0,"Young",3.36458333333333
"871","559091","resources/real_fg_memory_images/fg29.jpg","Neutral","artificial",29,0,"Young",3.36458333333333
"872","559091","resources/real_fg_memory_images/orig9.jpg","Neutral","real",29,1,"Young",3.36458333333333
"873","559091","resources/real_fg_memory_images/orig11.jpg","Neutral","real",29,1,"Young",3.36458333333333
"874","559091","resources/real_fg_memory_images/fg28.jpg","Neutral","artificial",29,1,"Young",3.36458333333333
"875","559091","resources/real_fg_memory_images/fg19.jpg","Scam","artificial",29,0,"Young",3.36458333333333
"876","559091","resources/real_fg_memory_images/fg27.jpg","Neutral","artificial",29,0,"Young",3.36458333333333
"877","559091","resources/real_fg_memory_images/fg30.jpg","Neutral","artificial",29,1,"Young",3.36458333333333
"878","559091","resources/real_fg_memory_images/fg21.jpg","Scam","artificial",29,0,"Young",3.36458333333333
"879","559091","resources/real_fg_memory_images/orig6.jpg","Scam","real",29,0,"Young",3.36458333333333
"880","559091","resources/real_fg_memory_images/orig2.jpg","Scam","real",29,0,"Young",3.36458333333333
"881","559091","resources/real_fg_memory_images/fg26.jpg","Neutral","artificial",29,1,"Young",3.36458333333333
"882","559091","resources/real_fg_memory_images/orig1.jpg","Scam","real",29,0,"Young",3.36458333333333
"883","559091","resources/real_fg_memory_images/orig3.jpg","Scam","real",29,1,"Young",3.36458333333333
"884","559091","resources/real_fg_memory_images/orig7.jpg","Neutral","real",29,1,"Young",3.36458333333333
"885","559091","resources/real_fg_memory_images/orig10.jpg","Neutral","real",29,0,"Young",3.36458333333333
"886","559091","resources/real_fg_memory_images/fg23.jpg","Scam","artificial",29,0,"Young",3.36458333333333
"887","559091","resources/real_fg_memory_images/fg20.jpg","Scam","artificial",29,0,"Young",3.36458333333333
"888","559091","resources/real_fg_memory_images/orig8.jpg","Neutral","real",29,1,"Young",3.36458333333333
"889","575041","resources/real_fg_memory_images/fg22.jpg","Scam","artificial",27,0,"Young",1.36458333333333
"890","575041","resources/real_fg_memory_images/orig9.jpg","Neutral","real",27,1,"Young",1.36458333333333
"891","575041","resources/real_fg_memory_images/orig2.jpg","Scam","real",27,1,"Young",1.36458333333333
"892","575041","resources/real_fg_memory_images/orig4.jpg","Scam","real",27,1,"Young",1.36458333333333
"893","575041","resources/real_fg_memory_images/fg26.jpg","Neutral","artificial",27,1,"Young",1.36458333333333
"894","575041","resources/real_fg_memory_images/fg30.jpg","Neutral","artificial",27,0,"Young",1.36458333333333
"895","575041","resources/real_fg_memory_images/orig3.jpg","Scam","real",27,1,"Young",1.36458333333333
"896","575041","resources/real_fg_memory_images/orig12.jpg","Neutral","real",27,0,"Young",1.36458333333333
"897","575041","resources/real_fg_memory_images/orig1.jpg","Scam","real",27,1,"Young",1.36458333333333
"898","575041","resources/real_fg_memory_images/orig5.jpg","Scam","real",27,1,"Young",1.36458333333333
"899","575041","resources/real_fg_memory_images/fg20.jpg","Scam","artificial",27,1,"Young",1.36458333333333
"900","575041","resources/real_fg_memory_images/fg23.jpg","Scam","artificial",27,0,"Young",1.36458333333333
"901","575041","resources/real_fg_memory_images/fg28.jpg","Neutral","artificial",27,1,"Young",1.36458333333333
"902","575041","resources/real_fg_memory_images/fg24.jpg","Scam","artificial",27,1,"Young",1.36458333333333
"903","575041","resources/real_fg_memory_images/orig8.jpg","Neutral","real",27,1,"Young",1.36458333333333
"904","575041","resources/real_fg_memory_images/orig10.jpg","Neutral","real",27,0,"Young",1.36458333333333
"905","575041","resources/real_fg_memory_images/fg25.jpg","Neutral","artificial",27,0,"Young",1.36458333333333
"906","575041","resources/real_fg_memory_images/orig11.jpg","Neutral","real",27,1,"Young",1.36458333333333
"907","575041","resources/real_fg_memory_images/orig7.jpg","Neutral","real",27,1,"Young",1.36458333333333
"908","575041","resources/real_fg_memory_images/fg29.jpg","Neutral","artificial",27,1,"Young",1.36458333333333
"909","575041","resources/real_fg_memory_images/fg27.jpg","Neutral","artificial",27,1,"Young",1.36458333333333
"910","575041","resources/real_fg_memory_images/orig6.jpg","Scam","real",27,0,"Young",1.36458333333333
"911","575041","resources/real_fg_memory_images/fg19.jpg","Scam","artificial",27,1,"Young",1.36458333333333
"912","575041","resources/real_fg_memory_images/fg21.jpg","Scam","artificial",27,1,"Young",1.36458333333333
"913","578449","resources/real_fg_memory_images/fg24.jpg","Scam","artificial",24,1,"Young",-1.63541666666667
"914","578449","resources/real_fg_memory_images/fg20.jpg","Scam","artificial",24,1,"Young",-1.63541666666667
"915","578449","resources/real_fg_memory_images/orig7.jpg","Neutral","real",24,1,"Young",-1.63541666666667
"916","578449","resources/real_fg_memory_images/orig1.jpg","Scam","real",24,1,"Young",-1.63541666666667
"917","578449","resources/real_fg_memory_images/fg29.jpg","Neutral","artificial",24,1,"Young",-1.63541666666667
"918","578449","resources/real_fg_memory_images/fg25.jpg","Neutral","artificial",24,1,"Young",-1.63541666666667
"919","578449","resources/real_fg_memory_images/orig12.jpg","Neutral","real",24,1,"Young",-1.63541666666667
"920","578449","resources/real_fg_memory_images/orig2.jpg","Scam","real",24,1,"Young",-1.63541666666667
"921","578449","resources/real_fg_memory_images/orig4.jpg","Scam","real",24,1,"Young",-1.63541666666667
"922","578449","resources/real_fg_memory_images/fg21.jpg","Scam","artificial",24,0,"Young",-1.63541666666667
"923","578449","resources/real_fg_memory_images/fg28.jpg","Neutral","artificial",24,1,"Young",-1.63541666666667
"924","578449","resources/real_fg_memory_images/orig8.jpg","Neutral","real",24,1,"Young",-1.63541666666667
"925","578449","resources/real_fg_memory_images/fg23.jpg","Scam","artificial",24,1,"Young",-1.63541666666667
"926","578449","resources/real_fg_memory_images/orig5.jpg","Scam","real",24,1,"Young",-1.63541666666667
"927","578449","resources/real_fg_memory_images/orig3.jpg","Scam","real",24,0,"Young",-1.63541666666667
"928","578449","resources/real_fg_memory_images/fg30.jpg","Neutral","artificial",24,1,"Young",-1.63541666666667
"929","578449","resources/real_fg_memory_images/orig6.jpg","Scam","real",24,1,"Young",-1.63541666666667
"930","578449","resources/real_fg_memory_images/fg22.jpg","Scam","artificial",24,1,"Young",-1.63541666666667
"931","578449","resources/real_fg_memory_images/orig11.jpg","Neutral","real",24,1,"Young",-1.63541666666667
"932","578449","resources/real_fg_memory_images/fg26.jpg","Neutral","artificial",24,1,"Young",-1.63541666666667
"933","578449","resources/real_fg_memory_images/fg19.jpg","Scam","artificial",24,0,"Young",-1.63541666666667
"934","578449","resources/real_fg_memory_images/orig9.jpg","Neutral","real",24,0,"Young",-1.63541666666667
"935","578449","resources/real_fg_memory_images/orig10.jpg","Neutral","real",24,0,"Young",-1.63541666666667
"936","578449","resources/real_fg_memory_images/fg27.jpg","Neutral","artificial",24,1,"Young",-1.63541666666667
"937","589213","resources/real_fg_memory_images/orig5.jpg","Scam","real",27,1,"Young",1.36458333333333
"938","589213","resources/real_fg_memory_images/fg24.jpg","Scam","artificial",27,1,"Young",1.36458333333333
"939","589213","resources/real_fg_memory_images/fg22.jpg","Scam","artificial",27,1,"Young",1.36458333333333
"940","589213","resources/real_fg_memory_images/fg23.jpg","Scam","artificial",27,1,"Young",1.36458333333333
"941","589213","resources/real_fg_memory_images/fg27.jpg","Neutral","artificial",27,1,"Young",1.36458333333333
"942","589213","resources/real_fg_memory_images/fg26.jpg","Neutral","artificial",27,1,"Young",1.36458333333333
"943","589213","resources/real_fg_memory_images/orig10.jpg","Neutral","real",27,0,"Young",1.36458333333333
"944","589213","resources/real_fg_memory_images/orig6.jpg","Scam","real",27,1,"Young",1.36458333333333
"945","589213","resources/real_fg_memory_images/fg19.jpg","Scam","artificial",27,1,"Young",1.36458333333333
"946","589213","resources/real_fg_memory_images/fg28.jpg","Neutral","artificial",27,1,"Young",1.36458333333333
"947","589213","resources/real_fg_memory_images/orig2.jpg","Scam","real",27,1,"Young",1.36458333333333
"948","589213","resources/real_fg_memory_images/orig4.jpg","Scam","real",27,1,"Young",1.36458333333333
"949","589213","resources/real_fg_memory_images/orig7.jpg","Neutral","real",27,0,"Young",1.36458333333333
"950","589213","resources/real_fg_memory_images/orig11.jpg","Neutral","real",27,1,"Young",1.36458333333333
"951","589213","resources/real_fg_memory_images/fg20.jpg","Scam","artificial",27,0,"Young",1.36458333333333
"952","589213","resources/real_fg_memory_images/fg30.jpg","Neutral","artificial",27,0,"Young",1.36458333333333
"953","589213","resources/real_fg_memory_images/fg21.jpg","Scam","artificial",27,0,"Young",1.36458333333333
"954","589213","resources/real_fg_memory_images/orig8.jpg","Neutral","real",27,1,"Young",1.36458333333333
"955","589213","resources/real_fg_memory_images/orig9.jpg","Neutral","real",27,0,"Young",1.36458333333333
"956","589213","resources/real_fg_memory_images/fg29.jpg","Neutral","artificial",27,1,"Young",1.36458333333333
"957","589213","resources/real_fg_memory_images/orig12.jpg","Neutral","real",27,1,"Young",1.36458333333333
"958","589213","resources/real_fg_memory_images/orig1.jpg","Scam","real",27,1,"Young",1.36458333333333
"959","589213","resources/real_fg_memory_images/fg25.jpg","Neutral","artificial",27,0,"Young",1.36458333333333
"960","589213","resources/real_fg_memory_images/orig3.jpg","Scam","real",27,1,"Young",1.36458333333333
"961","596496","resources/real_fg_memory_images/orig9.jpg","Neutral","real",26,1,"Young",0.364583333333332
"962","596496","resources/real_fg_memory_images/fg22.jpg","Scam","artificial",26,1,"Young",0.364583333333332
"963","596496","resources/real_fg_memory_images/fg21.jpg","Scam","artificial",26,1,"Young",0.364583333333332
"964","596496","resources/real_fg_memory_images/fg29.jpg","Neutral","artificial",26,1,"Young",0.364583333333332
"965","596496","resources/real_fg_memory_images/orig8.jpg","Neutral","real",26,1,"Young",0.364583333333332
"966","596496","resources/real_fg_memory_images/fg30.jpg","Neutral","artificial",26,1,"Young",0.364583333333332
"967","596496","resources/real_fg_memory_images/fg23.jpg","Scam","artificial",26,1,"Young",0.364583333333332
"968","596496","resources/real_fg_memory_images/orig6.jpg","Scam","real",26,0,"Young",0.364583333333332
"969","596496","resources/real_fg_memory_images/orig4.jpg","Scam","real",26,1,"Young",0.364583333333332
"970","596496","resources/real_fg_memory_images/fg19.jpg","Scam","artificial",26,1,"Young",0.364583333333332
"971","596496","resources/real_fg_memory_images/orig2.jpg","Scam","real",26,1,"Young",0.364583333333332
"972","596496","resources/real_fg_memory_images/fg25.jpg","Neutral","artificial",26,0,"Young",0.364583333333332
"973","596496","resources/real_fg_memory_images/orig10.jpg","Neutral","real",26,1,"Young",0.364583333333332
"974","596496","resources/real_fg_memory_images/fg28.jpg","Neutral","artificial",26,1,"Young",0.364583333333332
"975","596496","resources/real_fg_memory_images/fg27.jpg","Neutral","artificial",26,1,"Young",0.364583333333332
"976","596496","resources/real_fg_memory_images/fg24.jpg","Scam","artificial",26,1,"Young",0.364583333333332
"977","596496","resources/real_fg_memory_images/orig11.jpg","Neutral","real",26,1,"Young",0.364583333333332
"978","596496","resources/real_fg_memory_images/fg26.jpg","Neutral","artificial",26,1,"Young",0.364583333333332
"979","596496","resources/real_fg_memory_images/orig3.jpg","Scam","real",26,1,"Young",0.364583333333332
"980","596496","resources/real_fg_memory_images/orig7.jpg","Neutral","real",26,1,"Young",0.364583333333332
"981","596496","resources/real_fg_memory_images/orig5.jpg","Scam","real",26,1,"Young",0.364583333333332
"982","596496","resources/real_fg_memory_images/fg20.jpg","Scam","artificial",26,1,"Young",0.364583333333332
"983","596496","resources/real_fg_memory_images/orig1.jpg","Scam","real",26,1,"Young",0.364583333333332
"984","596496","resources/real_fg_memory_images/orig12.jpg","Neutral","real",26,1,"Young",0.364583333333332
"985","598033","resources/real_fg_memory_images/orig12.jpg","Neutral","real",26,1,"Young",0.364583333333332
"986","598033","resources/real_fg_memory_images/orig6.jpg","Scam","real",26,1,"Young",0.364583333333332
"987","598033","resources/real_fg_memory_images/orig1.jpg","Scam","real",26,0,"Young",0.364583333333332
"988","598033","resources/real_fg_memory_images/fg25.jpg","Neutral","artificial",26,0,"Young",0.364583333333332
"989","598033","resources/real_fg_memory_images/fg30.jpg","Neutral","artificial",26,1,"Young",0.364583333333332
"990","598033","resources/real_fg_memory_images/orig8.jpg","Neutral","real",26,1,"Young",0.364583333333332
"991","598033","resources/real_fg_memory_images/fg20.jpg","Scam","artificial",26,0,"Young",0.364583333333332
"992","598033","resources/real_fg_memory_images/orig3.jpg","Scam","real",26,1,"Young",0.364583333333332
"993","598033","resources/real_fg_memory_images/fg22.jpg","Scam","artificial",26,1,"Young",0.364583333333332
"994","598033","resources/real_fg_memory_images/fg29.jpg","Neutral","artificial",26,1,"Young",0.364583333333332
"995","598033","resources/real_fg_memory_images/fg23.jpg","Scam","artificial",26,0,"Young",0.364583333333332
"996","598033","resources/real_fg_memory_images/orig10.jpg","Neutral","real",26,0,"Young",0.364583333333332
"997","598033","resources/real_fg_memory_images/fg28.jpg","Neutral","artificial",26,1,"Young",0.364583333333332
"998","598033","resources/real_fg_memory_images/orig5.jpg","Scam","real",26,1,"Young",0.364583333333332
"999","598033","resources/real_fg_memory_images/fg21.jpg","Scam","artificial",26,0,"Young",0.364583333333332
"1000","598033","resources/real_fg_memory_images/fg26.jpg","Neutral","artificial",26,1,"Young",0.364583333333332
"1001","598033","resources/real_fg_memory_images/fg19.jpg","Scam","artificial",26,1,"Young",0.364583333333332
"1002","598033","resources/real_fg_memory_images/orig4.jpg","Scam","real",26,0,"Young",0.364583333333332
"1003","598033","resources/real_fg_memory_images/fg24.jpg","Scam","artificial",26,0,"Young",0.364583333333332
"1004","598033","resources/real_fg_memory_images/orig9.jpg","Neutral","real",26,1,"Young",0.364583333333332
"1005","598033","resources/real_fg_memory_images/orig2.jpg","Scam","real",26,1,"Young",0.364583333333332
"1006","598033","resources/real_fg_memory_images/orig7.jpg","Neutral","real",26,0,"Young",0.364583333333332
"1007","598033","resources/real_fg_memory_images/fg27.jpg","Neutral","artificial",26,1,"Young",0.364583333333332
"1008","598033","resources/real_fg_memory_images/orig11.jpg","Neutral","real",26,1,"Young",0.364583333333332
"1009","672115","resources/real_fg_memory_images/fg20.jpg","Scam","artificial",24,1,"Young",-1.63541666666667
"1010","672115","resources/real_fg_memory_images/orig4.jpg","Scam","real",24,0,"Young",-1.63541666666667
"1011","672115","resources/real_fg_memory_images/orig6.jpg","Scam","real",24,1,"Young",-1.63541666666667
"1012","672115","resources/real_fg_memory_images/fg29.jpg","Neutral","artificial",24,1,"Young",-1.63541666666667
"1013","672115","resources/real_fg_memory_images/orig8.jpg","Neutral","real",24,1,"Young",-1.63541666666667
"1014","672115","resources/real_fg_memory_images/fg19.jpg","Scam","artificial",24,1,"Young",-1.63541666666667
"1015","672115","resources/real_fg_memory_images/orig3.jpg","Scam","real",24,1,"Young",-1.63541666666667
"1016","672115","resources/real_fg_memory_images/fg30.jpg","Neutral","artificial",24,1,"Young",-1.63541666666667
"1017","672115","resources/real_fg_memory_images/fg27.jpg","Neutral","artificial",24,0,"Young",-1.63541666666667
"1018","672115","resources/real_fg_memory_images/orig1.jpg","Scam","real",24,0,"Young",-1.63541666666667
"1019","672115","resources/real_fg_memory_images/orig2.jpg","Scam","real",24,1,"Young",-1.63541666666667
"1020","672115","resources/real_fg_memory_images/orig9.jpg","Neutral","real",24,0,"Young",-1.63541666666667
"1021","672115","resources/real_fg_memory_images/fg21.jpg","Scam","artificial",24,0,"Young",-1.63541666666667
"1022","672115","resources/real_fg_memory_images/fg26.jpg","Neutral","artificial",24,1,"Young",-1.63541666666667
"1023","672115","resources/real_fg_memory_images/orig12.jpg","Neutral","real",24,0,"Young",-1.63541666666667
"1024","672115","resources/real_fg_memory_images/orig11.jpg","Neutral","real",24,1,"Young",-1.63541666666667
"1025","672115","resources/real_fg_memory_images/fg28.jpg","Neutral","artificial",24,1,"Young",-1.63541666666667
"1026","672115","resources/real_fg_memory_images/fg22.jpg","Scam","artificial",24,1,"Young",-1.63541666666667
"1027","672115","resources/real_fg_memory_images/fg23.jpg","Scam","artificial",24,0,"Young",-1.63541666666667
"1028","672115","resources/real_fg_memory_images/orig10.jpg","Neutral","real",24,1,"Young",-1.63541666666667
"1029","672115","resources/real_fg_memory_images/fg24.jpg","Scam","artificial",24,0,"Young",-1.63541666666667
"1030","672115","resources/real_fg_memory_images/fg25.jpg","Neutral","artificial",24,0,"Young",-1.63541666666667
"1031","672115","resources/real_fg_memory_images/orig5.jpg","Scam","real",24,1,"Young",-1.63541666666667
"1032","672115","resources/real_fg_memory_images/orig7.jpg","Neutral","real",24,1,"Young",-1.63541666666667
"1033","701931","resources/real_fg_memory_images/orig10.jpg","Neutral","real",28,0,"Young",2.36458333333333
"1034","701931","resources/real_fg_memory_images/fg22.jpg","Scam","artificial",28,0,"Young",2.36458333333333
"1035","701931","resources/real_fg_memory_images/fg20.jpg","Scam","artificial",28,0,"Young",2.36458333333333
"1036","701931","resources/real_fg_memory_images/orig4.jpg","Scam","real",28,1,"Young",2.36458333333333
"1037","701931","resources/real_fg_memory_images/fg27.jpg","Neutral","artificial",28,1,"Young",2.36458333333333
"1038","701931","resources/real_fg_memory_images/orig5.jpg","Scam","real",28,1,"Young",2.36458333333333
"1039","701931","resources/real_fg_memory_images/fg21.jpg","Scam","artificial",28,0,"Young",2.36458333333333
"1040","701931","resources/real_fg_memory_images/orig6.jpg","Scam","real",28,1,"Young",2.36458333333333
"1041","701931","resources/real_fg_memory_images/orig8.jpg","Neutral","real",28,1,"Young",2.36458333333333
"1042","701931","resources/real_fg_memory_images/orig3.jpg","Scam","real",28,0,"Young",2.36458333333333
"1043","701931","resources/real_fg_memory_images/fg26.jpg","Neutral","artificial",28,0,"Young",2.36458333333333
"1044","701931","resources/real_fg_memory_images/orig2.jpg","Scam","real",28,1,"Young",2.36458333333333
"1045","701931","resources/real_fg_memory_images/fg25.jpg","Neutral","artificial",28,1,"Young",2.36458333333333
"1046","701931","resources/real_fg_memory_images/fg24.jpg","Scam","artificial",28,0,"Young",2.36458333333333
"1047","701931","resources/real_fg_memory_images/orig1.jpg","Scam","real",28,1,"Young",2.36458333333333
"1048","701931","resources/real_fg_memory_images/orig7.jpg","Neutral","real",28,0,"Young",2.36458333333333
"1049","701931","resources/real_fg_memory_images/orig9.jpg","Neutral","real",28,1,"Young",2.36458333333333
"1050","701931","resources/real_fg_memory_images/fg28.jpg","Neutral","artificial",28,1,"Young",2.36458333333333
"1051","701931","resources/real_fg_memory_images/orig12.jpg","Neutral","real",28,0,"Young",2.36458333333333
"1052","701931","resources/real_fg_memory_images/fg30.jpg","Neutral","artificial",28,1,"Young",2.36458333333333
"1053","701931","resources/real_fg_memory_images/orig11.jpg","Neutral","real",28,1,"Young",2.36458333333333
"1054","701931","resources/real_fg_memory_images/fg23.jpg","Scam","artificial",28,1,"Young",2.36458333333333
"1055","701931","resources/real_fg_memory_images/fg19.jpg","Scam","artificial",28,1,"Young",2.36458333333333
"1056","701931","resources/real_fg_memory_images/fg29.jpg","Neutral","artificial",28,1,"Young",2.36458333333333
"1057","804333","resources/real_fg_memory_images/orig2.jpg","Scam","real",28,1,"Young",2.36458333333333
"1058","804333","resources/real_fg_memory_images/fg26.jpg","Neutral","artificial",28,1,"Young",2.36458333333333
"1059","804333","resources/real_fg_memory_images/orig7.jpg","Neutral","real",28,0,"Young",2.36458333333333
"1060","804333","resources/real_fg_memory_images/orig11.jpg","Neutral","real",28,1,"Young",2.36458333333333
"1061","804333","resources/real_fg_memory_images/fg23.jpg","Scam","artificial",28,1,"Young",2.36458333333333
"1062","804333","resources/real_fg_memory_images/fg24.jpg","Scam","artificial",28,1,"Young",2.36458333333333
"1063","804333","resources/real_fg_memory_images/orig12.jpg","Neutral","real",28,0,"Young",2.36458333333333
"1064","804333","resources/real_fg_memory_images/fg28.jpg","Neutral","artificial",28,1,"Young",2.36458333333333
"1065","804333","resources/real_fg_memory_images/orig9.jpg","Neutral","real",28,0,"Young",2.36458333333333
"1066","804333","resources/real_fg_memory_images/fg30.jpg","Neutral","artificial",28,1,"Young",2.36458333333333
"1067","804333","resources/real_fg_memory_images/fg25.jpg","Neutral","artificial",28,1,"Young",2.36458333333333
"1068","804333","resources/real_fg_memory_images/orig4.jpg","Scam","real",28,1,"Young",2.36458333333333
"1069","804333","resources/real_fg_memory_images/orig10.jpg","Neutral","real",28,1,"Young",2.36458333333333
"1070","804333","resources/real_fg_memory_images/orig3.jpg","Scam","real",28,1,"Young",2.36458333333333
"1071","804333","resources/real_fg_memory_images/fg29.jpg","Neutral","artificial",28,1,"Young",2.36458333333333
"1072","804333","resources/real_fg_memory_images/orig8.jpg","Neutral","real",28,1,"Young",2.36458333333333
"1073","804333","resources/real_fg_memory_images/fg21.jpg","Scam","artificial",28,0,"Young",2.36458333333333
"1074","804333","resources/real_fg_memory_images/fg20.jpg","Scam","artificial",28,1,"Young",2.36458333333333
"1075","804333","resources/real_fg_memory_images/fg27.jpg","Neutral","artificial",28,1,"Young",2.36458333333333
"1076","804333","resources/real_fg_memory_images/fg19.jpg","Scam","artificial",28,1,"Young",2.36458333333333
"1077","804333","resources/real_fg_memory_images/orig1.jpg","Scam","real",28,1,"Young",2.36458333333333
"1078","804333","resources/real_fg_memory_images/orig5.jpg","Scam","real",28,1,"Young",2.36458333333333
"1079","804333","resources/real_fg_memory_images/fg22.jpg","Scam","artificial",28,0,"Young",2.36458333333333
"1080","804333","resources/real_fg_memory_images/orig6.jpg","Scam","real",28,1,"Young",2.36458333333333
"1081","815896","resources/real_fg_memory_images/orig8.jpg","Neutral","real",23,1,"Young",-2.63541666666667
"1082","815896","resources/real_fg_memory_images/orig4.jpg","Scam","real",23,1,"Young",-2.63541666666667
"1083","815896","resources/real_fg_memory_images/fg27.jpg","Neutral","artificial",23,1,"Young",-2.63541666666667
"1084","815896","resources/real_fg_memory_images/fg20.jpg","Scam","artificial",23,1,"Young",-2.63541666666667
"1085","815896","resources/real_fg_memory_images/orig12.jpg","Neutral","real",23,0,"Young",-2.63541666666667
"1086","815896","resources/real_fg_memory_images/fg19.jpg","Scam","artificial",23,1,"Young",-2.63541666666667
"1087","815896","resources/real_fg_memory_images/fg30.jpg","Neutral","artificial",23,1,"Young",-2.63541666666667
"1088","815896","resources/real_fg_memory_images/fg25.jpg","Neutral","artificial",23,0,"Young",-2.63541666666667
"1089","815896","resources/real_fg_memory_images/fg28.jpg","Neutral","artificial",23,1,"Young",-2.63541666666667
"1090","815896","resources/real_fg_memory_images/fg24.jpg","Scam","artificial",23,1,"Young",-2.63541666666667
"1091","815896","resources/real_fg_memory_images/orig11.jpg","Neutral","real",23,1,"Young",-2.63541666666667
"1092","815896","resources/real_fg_memory_images/orig5.jpg","Scam","real",23,1,"Young",-2.63541666666667
"1093","815896","resources/real_fg_memory_images/orig10.jpg","Neutral","real",23,1,"Young",-2.63541666666667
"1094","815896","resources/real_fg_memory_images/orig3.jpg","Scam","real",23,0,"Young",-2.63541666666667
"1095","815896","resources/real_fg_memory_images/orig2.jpg","Scam","real",23,1,"Young",-2.63541666666667
"1096","815896","resources/real_fg_memory_images/fg26.jpg","Neutral","artificial",23,1,"Young",-2.63541666666667
"1097","815896","resources/real_fg_memory_images/orig1.jpg","Scam","real",23,1,"Young",-2.63541666666667
"1098","815896","resources/real_fg_memory_images/orig7.jpg","Neutral","real",23,1,"Young",-2.63541666666667
"1099","815896","resources/real_fg_memory_images/fg29.jpg","Neutral","artificial",23,0,"Young",-2.63541666666667
"1100","815896","resources/real_fg_memory_images/orig6.jpg","Scam","real",23,1,"Young",-2.63541666666667
"1101","815896","resources/real_fg_memory_images/fg21.jpg","Scam","artificial",23,1,"Young",-2.63541666666667
"1102","815896","resources/real_fg_memory_images/orig9.jpg","Neutral","real",23,1,"Young",-2.63541666666667
"1103","815896","resources/real_fg_memory_images/fg23.jpg","Scam","artificial",23,1,"Young",-2.63541666666667
"1104","815896","resources/real_fg_memory_images/fg22.jpg","Scam","artificial",23,1,"Young",-2.63541666666667
"1105","824983","resources/real_fg_memory_images/fg20.jpg","Scam","artificial",29,0,"Young",3.36458333333333
"1106","824983","resources/real_fg_memory_images/fg21.jpg","Scam","artificial",29,0,"Young",3.36458333333333
"1107","824983","resources/real_fg_memory_images/fg30.jpg","Neutral","artificial",29,0,"Young",3.36458333333333
"1108","824983","resources/real_fg_memory_images/orig11.jpg","Neutral","real",29,1,"Young",3.36458333333333
"1109","824983","resources/real_fg_memory_images/orig7.jpg","Neutral","real",29,0,"Young",3.36458333333333
"1110","824983","resources/real_fg_memory_images/fg23.jpg","Scam","artificial",29,0,"Young",3.36458333333333
"1111","824983","resources/real_fg_memory_images/fg29.jpg","Neutral","artificial",29,1,"Young",3.36458333333333
"1112","824983","resources/real_fg_memory_images/orig1.jpg","Scam","real",29,1,"Young",3.36458333333333
"1113","824983","resources/real_fg_memory_images/fg28.jpg","Neutral","artificial",29,1,"Young",3.36458333333333
"1114","824983","resources/real_fg_memory_images/orig2.jpg","Scam","real",29,1,"Young",3.36458333333333
"1115","824983","resources/real_fg_memory_images/fg19.jpg","Scam","artificial",29,1,"Young",3.36458333333333
"1116","824983","resources/real_fg_memory_images/orig5.jpg","Scam","real",29,1,"Young",3.36458333333333
"1117","824983","resources/real_fg_memory_images/fg22.jpg","Scam","artificial",29,0,"Young",3.36458333333333
"1118","824983","resources/real_fg_memory_images/fg26.jpg","Neutral","artificial",29,0,"Young",3.36458333333333
"1119","824983","resources/real_fg_memory_images/orig12.jpg","Neutral","real",29,0,"Young",3.36458333333333
"1120","824983","resources/real_fg_memory_images/orig3.jpg","Scam","real",29,1,"Young",3.36458333333333
"1121","824983","resources/real_fg_memory_images/fg24.jpg","Scam","artificial",29,0,"Young",3.36458333333333
"1122","824983","resources/real_fg_memory_images/orig8.jpg","Neutral","real",29,1,"Young",3.36458333333333
"1123","824983","resources/real_fg_memory_images/orig4.jpg","Scam","real",29,1,"Young",3.36458333333333
"1124","824983","resources/real_fg_memory_images/fg27.jpg","Neutral","artificial",29,1,"Young",3.36458333333333
"1125","824983","resources/real_fg_memory_images/orig6.jpg","Scam","real",29,1,"Young",3.36458333333333
"1126","824983","resources/real_fg_memory_images/orig10.jpg","Neutral","real",29,1,"Young",3.36458333333333
"1127","824983","resources/real_fg_memory_images/fg25.jpg","Neutral","artificial",29,0,"Young",3.36458333333333
"1128","824983","resources/real_fg_memory_images/orig9.jpg","Neutral","real",29,0,"Young",3.36458333333333
"1129","966630","resources/real_fg_memory_images/orig5.jpg","Scam","real",26,1,"Young",0.364583333333332
"1130","966630","resources/real_fg_memory_images/fg28.jpg","Neutral","artificial",26,1,"Young",0.364583333333332
"1131","966630","resources/real_fg_memory_images/orig3.jpg","Scam","real",26,1,"Young",0.364583333333332
"1132","966630","resources/real_fg_memory_images/fg19.jpg","Scam","artificial",26,0,"Young",0.364583333333332
"1133","966630","resources/real_fg_memory_images/orig11.jpg","Neutral","real",26,1,"Young",0.364583333333332
"1134","966630","resources/real_fg_memory_images/orig2.jpg","Scam","real",26,1,"Young",0.364583333333332
"1135","966630","resources/real_fg_memory_images/fg20.jpg","Scam","artificial",26,1,"Young",0.364583333333332
"1136","966630","resources/real_fg_memory_images/fg24.jpg","Scam","artificial",26,0,"Young",0.364583333333332
"1137","966630","resources/real_fg_memory_images/fg22.jpg","Scam","artificial",26,1,"Young",0.364583333333332
"1138","966630","resources/real_fg_memory_images/orig6.jpg","Scam","real",26,0,"Young",0.364583333333332
"1139","966630","resources/real_fg_memory_images/orig1.jpg","Scam","real",26,1,"Young",0.364583333333332
"1140","966630","resources/real_fg_memory_images/fg25.jpg","Neutral","artificial",26,1,"Young",0.364583333333332
"1141","966630","resources/real_fg_memory_images/orig8.jpg","Neutral","real",26,1,"Young",0.364583333333332
"1142","966630","resources/real_fg_memory_images/orig4.jpg","Scam","real",26,1,"Young",0.364583333333332
"1143","966630","resources/real_fg_memory_images/fg23.jpg","Scam","artificial",26,0,"Young",0.364583333333332
"1144","966630","resources/real_fg_memory_images/fg29.jpg","Neutral","artificial",26,1,"Young",0.364583333333332
"1145","966630","resources/real_fg_memory_images/orig9.jpg","Neutral","real",26,1,"Young",0.364583333333332
"1146","966630","resources/real_fg_memory_images/fg21.jpg","Scam","artificial",26,0,"Young",0.364583333333332
"1147","966630","resources/real_fg_memory_images/orig7.jpg","Neutral","real",26,1,"Young",0.364583333333332
"1148","966630","resources/real_fg_memory_images/orig10.jpg","Neutral","real",26,0,"Young",0.364583333333332
"1149","966630","resources/real_fg_memory_images/fg27.jpg","Neutral","artificial",26,1,"Young",0.364583333333332
"1150","966630","resources/real_fg_memory_images/fg30.jpg","Neutral","artificial",26,1,"Young",0.364583333333332
"1151","966630","resources/real_fg_memory_images/orig12.jpg","Neutral","real",26,0,"Young",0.364583333333332
"1152","966630","resources/real_fg_memory_images/fg26.jpg","Neutral","artificial",26,1,"Young",0.364583333333332
"1153","007629","resources/real_fg_memory_images/orig29.jpg","Scam","real",30,1,"Young",4.36458333333333
"1154","007629","resources/real_fg_memory_images/orig20.jpg","Neutral","real",30,1,"Young",4.36458333333333
"1155","007629","resources/real_fg_memory_images/orig26.jpg","Scam","real",30,1,"Young",4.36458333333333
"1156","007629","resources/real_fg_memory_images/fg11.jpg","Scam","artificial",30,0,"Young",4.36458333333333
"1157","007629","resources/real_fg_memory_images/orig22.jpg","Neutral","real",30,1,"Young",4.36458333333333
"1158","007629","resources/real_fg_memory_images/orig21.jpg","Neutral","real",30,1,"Young",4.36458333333333
"1159","007629","resources/real_fg_memory_images/fg8.jpg","Scam","artificial",30,1,"Young",4.36458333333333
"1160","007629","resources/real_fg_memory_images/orig30.jpg","Scam","real",30,1,"Young",4.36458333333333
"1161","007629","resources/real_fg_memory_images/orig25.jpg","Scam","real",30,1,"Young",4.36458333333333
"1162","007629","resources/real_fg_memory_images/fg5.jpg","Neutral","artificial",30,1,"Young",4.36458333333333
"1163","007629","resources/real_fg_memory_images/fg12.jpg","Scam","artificial",30,0,"Young",4.36458333333333
"1164","007629","resources/real_fg_memory_images/fg3.jpg","Neutral","artificial",30,1,"Young",4.36458333333333
"1165","007629","resources/real_fg_memory_images/fg9.jpg","Scam","artificial",30,0,"Young",4.36458333333333
"1166","007629","resources/real_fg_memory_images/orig27.jpg","Scam","real",30,1,"Young",4.36458333333333
"1167","007629","resources/real_fg_memory_images/orig28.jpg","Scam","real",30,1,"Young",4.36458333333333
"1168","007629","resources/real_fg_memory_images/orig23.jpg","Neutral","real",30,1,"Young",4.36458333333333
"1169","007629","resources/real_fg_memory_images/fg6.jpg","Neutral","artificial",30,1,"Young",4.36458333333333
"1170","007629","resources/real_fg_memory_images/fg1.jpg","Neutral","artificial",30,1,"Young",4.36458333333333
"1171","007629","resources/real_fg_memory_images/fg2.jpg","Neutral","artificial",30,1,"Young",4.36458333333333
"1172","007629","resources/real_fg_memory_images/orig19.jpg","Neutral","real",30,1,"Young",4.36458333333333
"1173","007629","resources/real_fg_memory_images/fg7.jpg","Scam","artificial",30,0,"Young",4.36458333333333
"1174","007629","resources/real_fg_memory_images/orig24.jpg","Neutral","real",30,0,"Young",4.36458333333333
"1175","007629","resources/real_fg_memory_images/fg4.jpg","Neutral","artificial",30,1,"Young",4.36458333333333
"1176","007629","resources/real_fg_memory_images/fg10.jpg","Scam","artificial",30,1,"Young",4.36458333333333
"1177","089411","resources/real_fg_memory_images/fg8.jpg","Scam","artificial",29,1,"Young",3.36458333333333
"1178","089411","resources/real_fg_memory_images/fg4.jpg","Neutral","artificial",29,1,"Young",3.36458333333333
"1179","089411","resources/real_fg_memory_images/fg3.jpg","Neutral","artificial",29,0,"Young",3.36458333333333
"1180","089411","resources/real_fg_memory_images/orig22.jpg","Neutral","real",29,1,"Young",3.36458333333333
"1181","089411","resources/real_fg_memory_images/orig19.jpg","Neutral","real",29,1,"Young",3.36458333333333
"1182","089411","resources/real_fg_memory_images/fg9.jpg","Scam","artificial",29,0,"Young",3.36458333333333
"1183","089411","resources/real_fg_memory_images/orig24.jpg","Neutral","real",29,1,"Young",3.36458333333333
"1184","089411","resources/real_fg_memory_images/fg6.jpg","Neutral","artificial",29,0,"Young",3.36458333333333
"1185","089411","resources/real_fg_memory_images/fg7.jpg","Scam","artificial",29,0,"Young",3.36458333333333
"1186","089411","resources/real_fg_memory_images/orig23.jpg","Neutral","real",29,0,"Young",3.36458333333333
"1187","089411","resources/real_fg_memory_images/fg10.jpg","Scam","artificial",29,1,"Young",3.36458333333333
"1188","089411","resources/real_fg_memory_images/orig26.jpg","Scam","real",29,0,"Young",3.36458333333333
"1189","089411","resources/real_fg_memory_images/fg12.jpg","Scam","artificial",29,1,"Young",3.36458333333333
"1190","089411","resources/real_fg_memory_images/orig21.jpg","Neutral","real",29,1,"Young",3.36458333333333
"1191","089411","resources/real_fg_memory_images/orig27.jpg","Scam","real",29,1,"Young",3.36458333333333
"1192","089411","resources/real_fg_memory_images/orig29.jpg","Scam","real",29,1,"Young",3.36458333333333
"1193","089411","resources/real_fg_memory_images/fg11.jpg","Scam","artificial",29,0,"Young",3.36458333333333
"1194","089411","resources/real_fg_memory_images/fg1.jpg","Neutral","artificial",29,0,"Young",3.36458333333333
"1195","089411","resources/real_fg_memory_images/fg5.jpg","Neutral","artificial",29,0,"Young",3.36458333333333
"1196","089411","resources/real_fg_memory_images/fg2.jpg","Neutral","artificial",29,0,"Young",3.36458333333333
"1197","089411","resources/real_fg_memory_images/orig20.jpg","Neutral","real",29,1,"Young",3.36458333333333
"1198","089411","resources/real_fg_memory_images/orig30.jpg","Scam","real",29,1,"Young",3.36458333333333
"1199","089411","resources/real_fg_memory_images/orig28.jpg","Scam","real",29,1,"Young",3.36458333333333
"1200","089411","resources/real_fg_memory_images/orig25.jpg","Scam","real",29,0,"Young",3.36458333333333
"1201","123371","resources/real_fg_memory_images/orig23.jpg","Neutral","real",28,1,"Young",2.36458333333333
"1202","123371","resources/real_fg_memory_images/orig22.jpg","Neutral","real",28,1,"Young",2.36458333333333
"1203","123371","resources/real_fg_memory_images/orig19.jpg","Neutral","real",28,0,"Young",2.36458333333333
"1204","123371","resources/real_fg_memory_images/fg11.jpg","Scam","artificial",28,1,"Young",2.36458333333333
"1205","123371","resources/real_fg_memory_images/orig25.jpg","Scam","real",28,0,"Young",2.36458333333333
"1206","123371","resources/real_fg_memory_images/fg9.jpg","Scam","artificial",28,1,"Young",2.36458333333333
"1207","123371","resources/real_fg_memory_images/fg3.jpg","Neutral","artificial",28,1,"Young",2.36458333333333
"1208","123371","resources/real_fg_memory_images/orig30.jpg","Scam","real",28,1,"Young",2.36458333333333
"1209","123371","resources/real_fg_memory_images/fg6.jpg","Neutral","artificial",28,1,"Young",2.36458333333333
"1210","123371","resources/real_fg_memory_images/fg8.jpg","Scam","artificial",28,1,"Young",2.36458333333333
"1211","123371","resources/real_fg_memory_images/orig24.jpg","Neutral","real",28,0,"Young",2.36458333333333
"1212","123371","resources/real_fg_memory_images/fg5.jpg","Neutral","artificial",28,0,"Young",2.36458333333333
"1213","123371","resources/real_fg_memory_images/fg1.jpg","Neutral","artificial",28,1,"Young",2.36458333333333
"1214","123371","resources/real_fg_memory_images/fg10.jpg","Scam","artificial",28,1,"Young",2.36458333333333
"1215","123371","resources/real_fg_memory_images/fg2.jpg","Neutral","artificial",28,1,"Young",2.36458333333333
"1216","123371","resources/real_fg_memory_images/fg7.jpg","Scam","artificial",28,1,"Young",2.36458333333333
"1217","123371","resources/real_fg_memory_images/orig21.jpg","Neutral","real",28,1,"Young",2.36458333333333
"1218","123371","resources/real_fg_memory_images/orig20.jpg","Neutral","real",28,1,"Young",2.36458333333333
"1219","123371","resources/real_fg_memory_images/orig29.jpg","Scam","real",28,1,"Young",2.36458333333333
"1220","123371","resources/real_fg_memory_images/orig26.jpg","Scam","real",28,1,"Young",2.36458333333333
"1221","123371","resources/real_fg_memory_images/orig28.jpg","Scam","real",28,1,"Young",2.36458333333333
"1222","123371","resources/real_fg_memory_images/fg4.jpg","Neutral","artificial",28,1,"Young",2.36458333333333
"1223","123371","resources/real_fg_memory_images/fg12.jpg","Scam","artificial",28,1,"Young",2.36458333333333
"1224","123371","resources/real_fg_memory_images/orig27.jpg","Scam","real",28,1,"Young",2.36458333333333
"1225","129698","resources/real_fg_memory_images/fg7.jpg","Scam","artificial",26,1,"Young",0.364583333333332
"1226","129698","resources/real_fg_memory_images/fg11.jpg","Scam","artificial",26,1,"Young",0.364583333333332
"1227","129698","resources/real_fg_memory_images/fg3.jpg","Neutral","artificial",26,1,"Young",0.364583333333332
"1228","129698","resources/real_fg_memory_images/fg5.jpg","Neutral","artificial",26,1,"Young",0.364583333333332
"1229","129698","resources/real_fg_memory_images/orig20.jpg","Neutral","real",26,1,"Young",0.364583333333332
"1230","129698","resources/real_fg_memory_images/orig26.jpg","Scam","real",26,1,"Young",0.364583333333332
"1231","129698","resources/real_fg_memory_images/orig27.jpg","Scam","real",26,1,"Young",0.364583333333332
"1232","129698","resources/real_fg_memory_images/orig23.jpg","Neutral","real",26,1,"Young",0.364583333333332
"1233","129698","resources/real_fg_memory_images/fg12.jpg","Scam","artificial",26,0,"Young",0.364583333333332
"1234","129698","resources/real_fg_memory_images/orig30.jpg","Scam","real",26,1,"Young",0.364583333333332
"1235","129698","resources/real_fg_memory_images/fg8.jpg","Scam","artificial",26,1,"Young",0.364583333333332
"1236","129698","resources/real_fg_memory_images/fg9.jpg","Scam","artificial",26,1,"Young",0.364583333333332
"1237","129698","resources/real_fg_memory_images/orig24.jpg","Neutral","real",26,1,"Young",0.364583333333332
"1238","129698","resources/real_fg_memory_images/orig28.jpg","Scam","real",26,1,"Young",0.364583333333332
"1239","129698","resources/real_fg_memory_images/fg1.jpg","Neutral","artificial",26,1,"Young",0.364583333333332
"1240","129698","resources/real_fg_memory_images/fg6.jpg","Neutral","artificial",26,0,"Young",0.364583333333332
"1241","129698","resources/real_fg_memory_images/fg4.jpg","Neutral","artificial",26,1,"Young",0.364583333333332
"1242","129698","resources/real_fg_memory_images/orig19.jpg","Neutral","real",26,1,"Young",0.364583333333332
"1243","129698","resources/real_fg_memory_images/orig25.jpg","Scam","real",26,1,"Young",0.364583333333332
"1244","129698","resources/real_fg_memory_images/fg2.jpg","Neutral","artificial",26,1,"Young",0.364583333333332
"1245","129698","resources/real_fg_memory_images/orig22.jpg","Neutral","real",26,1,"Young",0.364583333333332
"1246","129698","resources/real_fg_memory_images/fg10.jpg","Scam","artificial",26,0,"Young",0.364583333333332
"1247","129698","resources/real_fg_memory_images/orig29.jpg","Scam","real",26,1,"Young",0.364583333333332
"1248","129698","resources/real_fg_memory_images/orig21.jpg","Neutral","real",26,1,"Young",0.364583333333332
"1249","143839","resources/real_fg_memory_images/fg6.jpg","Neutral","artificial",23,0,"Young",-2.63541666666667
"1250","143839","resources/real_fg_memory_images/orig21.jpg","Neutral","real",23,1,"Young",-2.63541666666667
"1251","143839","resources/real_fg_memory_images/fg9.jpg","Scam","artificial",23,1,"Young",-2.63541666666667
"1252","143839","resources/real_fg_memory_images/fg10.jpg","Scam","artificial",23,0,"Young",-2.63541666666667
"1253","143839","resources/real_fg_memory_images/fg12.jpg","Scam","artificial",23,0,"Young",-2.63541666666667
"1254","143839","resources/real_fg_memory_images/orig28.jpg","Scam","real",23,1,"Young",-2.63541666666667
"1255","143839","resources/real_fg_memory_images/fg2.jpg","Neutral","artificial",23,0,"Young",-2.63541666666667
"1256","143839","resources/real_fg_memory_images/fg7.jpg","Scam","artificial",23,1,"Young",-2.63541666666667
"1257","143839","resources/real_fg_memory_images/orig19.jpg","Neutral","real",23,1,"Young",-2.63541666666667
"1258","143839","resources/real_fg_memory_images/fg4.jpg","Neutral","artificial",23,1,"Young",-2.63541666666667
"1259","143839","resources/real_fg_memory_images/orig22.jpg","Neutral","real",23,0,"Young",-2.63541666666667
"1260","143839","resources/real_fg_memory_images/fg8.jpg","Scam","artificial",23,0,"Young",-2.63541666666667
"1261","143839","resources/real_fg_memory_images/orig24.jpg","Neutral","real",23,1,"Young",-2.63541666666667
"1262","143839","resources/real_fg_memory_images/orig29.jpg","Scam","real",23,1,"Young",-2.63541666666667
"1263","143839","resources/real_fg_memory_images/fg1.jpg","Neutral","artificial",23,0,"Young",-2.63541666666667
"1264","143839","resources/real_fg_memory_images/fg11.jpg","Scam","artificial",23,0,"Young",-2.63541666666667
"1265","143839","resources/real_fg_memory_images/orig25.jpg","Scam","real",23,1,"Young",-2.63541666666667
"1266","143839","resources/real_fg_memory_images/orig30.jpg","Scam","real",23,1,"Young",-2.63541666666667
"1267","143839","resources/real_fg_memory_images/orig26.jpg","Scam","real",23,1,"Young",-2.63541666666667
"1268","143839","resources/real_fg_memory_images/orig23.jpg","Neutral","real",23,0,"Young",-2.63541666666667
"1269","143839","resources/real_fg_memory_images/fg5.jpg","Neutral","artificial",23,1,"Young",-2.63541666666667
"1270","143839","resources/real_fg_memory_images/fg3.jpg","Neutral","artificial",23,0,"Young",-2.63541666666667
"1271","143839","resources/real_fg_memory_images/orig27.jpg","Scam","real",23,1,"Young",-2.63541666666667
"1272","143839","resources/real_fg_memory_images/orig20.jpg","Neutral","real",23,1,"Young",-2.63541666666667
"1273","204436","resources/real_fg_memory_images/fg2.jpg","Neutral","artificial",24,1,"Young",-1.63541666666667
"1274","204436","resources/real_fg_memory_images/fg4.jpg","Neutral","artificial",24,0,"Young",-1.63541666666667
"1275","204436","resources/real_fg_memory_images/fg5.jpg","Neutral","artificial",24,1,"Young",-1.63541666666667
"1276","204436","resources/real_fg_memory_images/orig22.jpg","Neutral","real",24,1,"Young",-1.63541666666667
"1277","204436","resources/real_fg_memory_images/fg1.jpg","Neutral","artificial",24,0,"Young",-1.63541666666667
"1278","204436","resources/real_fg_memory_images/fg10.jpg","Scam","artificial",24,1,"Young",-1.63541666666667
"1279","204436","resources/real_fg_memory_images/orig24.jpg","Neutral","real",24,0,"Young",-1.63541666666667
"1280","204436","resources/real_fg_memory_images/fg11.jpg","Scam","artificial",24,1,"Young",-1.63541666666667
"1281","204436","resources/real_fg_memory_images/fg8.jpg","Scam","artificial",24,1,"Young",-1.63541666666667
"1282","204436","resources/real_fg_memory_images/orig21.jpg","Neutral","real",24,1,"Young",-1.63541666666667
"1283","204436","resources/real_fg_memory_images/fg12.jpg","Scam","artificial",24,0,"Young",-1.63541666666667
"1284","204436","resources/real_fg_memory_images/fg3.jpg","Neutral","artificial",24,1,"Young",-1.63541666666667
"1285","204436","resources/real_fg_memory_images/orig26.jpg","Scam","real",24,1,"Young",-1.63541666666667
"1286","204436","resources/real_fg_memory_images/fg6.jpg","Neutral","artificial",24,0,"Young",-1.63541666666667
"1287","204436","resources/real_fg_memory_images/fg7.jpg","Scam","artificial",24,1,"Young",-1.63541666666667
"1288","204436","resources/real_fg_memory_images/orig19.jpg","Neutral","real",24,0,"Young",-1.63541666666667
"1289","204436","resources/real_fg_memory_images/orig29.jpg","Scam","real",24,0,"Young",-1.63541666666667
"1290","204436","resources/real_fg_memory_images/orig30.jpg","Scam","real",24,0,"Young",-1.63541666666667
"1291","204436","resources/real_fg_memory_images/orig28.jpg","Scam","real",24,0,"Young",-1.63541666666667
"1292","204436","resources/real_fg_memory_images/fg9.jpg","Scam","artificial",24,1,"Young",-1.63541666666667
"1293","204436","resources/real_fg_memory_images/orig20.jpg","Neutral","real",24,0,"Young",-1.63541666666667
"1294","204436","resources/real_fg_memory_images/orig25.jpg","Scam","real",24,0,"Young",-1.63541666666667
"1295","204436","resources/real_fg_memory_images/orig27.jpg","Scam","real",24,1,"Young",-1.63541666666667
"1296","204436","resources/real_fg_memory_images/orig23.jpg","Neutral","real",24,1,"Young",-1.63541666666667
"1297","232451","resources/real_fg_memory_images/fg8.jpg","Scam","artificial",26,1,"Young",0.364583333333332
"1298","232451","resources/real_fg_memory_images/fg12.jpg","Scam","artificial",26,1,"Young",0.364583333333332
"1299","232451","resources/real_fg_memory_images/orig19.jpg","Neutral","real",26,1,"Young",0.364583333333332
"1300","232451","resources/real_fg_memory_images/orig23.jpg","Neutral","real",26,1,"Young",0.364583333333332
"1301","232451","resources/real_fg_memory_images/fg11.jpg","Scam","artificial",26,0,"Young",0.364583333333332
"1302","232451","resources/real_fg_memory_images/orig29.jpg","Scam","real",26,1,"Young",0.364583333333332
"1303","232451","resources/real_fg_memory_images/orig30.jpg","Scam","real",26,1,"Young",0.364583333333332
"1304","232451","resources/real_fg_memory_images/orig20.jpg","Neutral","real",26,1,"Young",0.364583333333332
"1305","232451","resources/real_fg_memory_images/orig26.jpg","Scam","real",26,1,"Young",0.364583333333332
"1306","232451","resources/real_fg_memory_images/orig28.jpg","Scam","real",26,0,"Young",0.364583333333332
"1307","232451","resources/real_fg_memory_images/fg5.jpg","Neutral","artificial",26,1,"Young",0.364583333333332
"1308","232451","resources/real_fg_memory_images/orig21.jpg","Neutral","real",26,1,"Young",0.364583333333332
"1309","232451","resources/real_fg_memory_images/fg3.jpg","Neutral","artificial",26,1,"Young",0.364583333333332
"1310","232451","resources/real_fg_memory_images/orig25.jpg","Scam","real",26,0,"Young",0.364583333333332
"1311","232451","resources/real_fg_memory_images/orig27.jpg","Scam","real",26,1,"Young",0.364583333333332
"1312","232451","resources/real_fg_memory_images/orig22.jpg","Neutral","real",26,1,"Young",0.364583333333332
"1313","232451","resources/real_fg_memory_images/orig24.jpg","Neutral","real",26,0,"Young",0.364583333333332
"1314","232451","resources/real_fg_memory_images/fg7.jpg","Scam","artificial",26,0,"Young",0.364583333333332
"1315","232451","resources/real_fg_memory_images/fg1.jpg","Neutral","artificial",26,0,"Young",0.364583333333332
"1316","232451","resources/real_fg_memory_images/fg10.jpg","Scam","artificial",26,1,"Young",0.364583333333332
"1317","232451","resources/real_fg_memory_images/fg2.jpg","Neutral","artificial",26,0,"Young",0.364583333333332
"1318","232451","resources/real_fg_memory_images/fg9.jpg","Scam","artificial",26,1,"Young",0.364583333333332
"1319","232451","resources/real_fg_memory_images/fg6.jpg","Neutral","artificial",26,1,"Young",0.364583333333332
"1320","232451","resources/real_fg_memory_images/fg4.jpg","Neutral","artificial",26,1,"Young",0.364583333333332
"1321","271667","resources/real_fg_memory_images/orig20.jpg","Neutral","real",29,0,"Young",3.36458333333333
"1322","271667","resources/real_fg_memory_images/orig24.jpg","Neutral","real",29,1,"Young",3.36458333333333
"1323","271667","resources/real_fg_memory_images/fg9.jpg","Scam","artificial",29,0,"Young",3.36458333333333
"1324","271667","resources/real_fg_memory_images/orig28.jpg","Scam","real",29,0,"Young",3.36458333333333
"1325","271667","resources/real_fg_memory_images/fg6.jpg","Neutral","artificial",29,1,"Young",3.36458333333333
"1326","271667","resources/real_fg_memory_images/orig21.jpg","Neutral","real",29,1,"Young",3.36458333333333
"1327","271667","resources/real_fg_memory_images/fg12.jpg","Scam","artificial",29,1,"Young",3.36458333333333
"1328","271667","resources/real_fg_memory_images/orig26.jpg","Scam","real",29,1,"Young",3.36458333333333
"1329","271667","resources/real_fg_memory_images/fg8.jpg","Scam","artificial",29,1,"Young",3.36458333333333
"1330","271667","resources/real_fg_memory_images/fg1.jpg","Neutral","artificial",29,0,"Young",3.36458333333333
"1331","271667","resources/real_fg_memory_images/fg5.jpg","Neutral","artificial",29,1,"Young",3.36458333333333
"1332","271667","resources/real_fg_memory_images/orig23.jpg","Neutral","real",29,1,"Young",3.36458333333333
"1333","271667","resources/real_fg_memory_images/orig29.jpg","Scam","real",29,0,"Young",3.36458333333333
"1334","271667","resources/real_fg_memory_images/fg11.jpg","Scam","artificial",29,1,"Young",3.36458333333333
"1335","271667","resources/real_fg_memory_images/fg7.jpg","Scam","artificial",29,0,"Young",3.36458333333333
"1336","271667","resources/real_fg_memory_images/fg3.jpg","Neutral","artificial",29,1,"Young",3.36458333333333
"1337","271667","resources/real_fg_memory_images/orig19.jpg","Neutral","real",29,0,"Young",3.36458333333333
"1338","271667","resources/real_fg_memory_images/orig25.jpg","Scam","real",29,0,"Young",3.36458333333333
"1339","271667","resources/real_fg_memory_images/orig22.jpg","Neutral","real",29,1,"Young",3.36458333333333
"1340","271667","resources/real_fg_memory_images/orig27.jpg","Scam","real",29,1,"Young",3.36458333333333
"1341","271667","resources/real_fg_memory_images/orig30.jpg","Scam","real",29,1,"Young",3.36458333333333
"1342","271667","resources/real_fg_memory_images/fg4.jpg","Neutral","artificial",29,0,"Young",3.36458333333333
"1343","271667","resources/real_fg_memory_images/fg2.jpg","Neutral","artificial",29,1,"Young",3.36458333333333
"1344","271667","resources/real_fg_memory_images/fg10.jpg","Scam","artificial",29,1,"Young",3.36458333333333
"1345","277518","resources/real_fg_memory_images/fg4.jpg","Neutral","artificial",26,1,"Young",0.364583333333332
"1346","277518","resources/real_fg_memory_images/fg9.jpg","Scam","artificial",26,1,"Young",0.364583333333332
"1347","277518","resources/real_fg_memory_images/orig20.jpg","Neutral","real",26,0,"Young",0.364583333333332
"1348","277518","resources/real_fg_memory_images/fg11.jpg","Scam","artificial",26,0,"Young",0.364583333333332
"1349","277518","resources/real_fg_memory_images/fg2.jpg","Neutral","artificial",26,0,"Young",0.364583333333332
"1350","277518","resources/real_fg_memory_images/fg10.jpg","Scam","artificial",26,1,"Young",0.364583333333332
"1351","277518","resources/real_fg_memory_images/orig23.jpg","Neutral","real",26,1,"Young",0.364583333333332
"1352","277518","resources/real_fg_memory_images/orig21.jpg","Neutral","real",26,0,"Young",0.364583333333332
"1353","277518","resources/real_fg_memory_images/orig29.jpg","Scam","real",26,1,"Young",0.364583333333332
"1354","277518","resources/real_fg_memory_images/fg5.jpg","Neutral","artificial",26,1,"Young",0.364583333333332
"1355","277518","resources/real_fg_memory_images/orig26.jpg","Scam","real",26,1,"Young",0.364583333333332
"1356","277518","resources/real_fg_memory_images/fg3.jpg","Neutral","artificial",26,0,"Young",0.364583333333332
"1357","277518","resources/real_fg_memory_images/orig19.jpg","Neutral","real",26,1,"Young",0.364583333333332
"1358","277518","resources/real_fg_memory_images/fg6.jpg","Neutral","artificial",26,1,"Young",0.364583333333332
"1359","277518","resources/real_fg_memory_images/orig24.jpg","Neutral","real",26,0,"Young",0.364583333333332
"1360","277518","resources/real_fg_memory_images/fg12.jpg","Scam","artificial",26,0,"Young",0.364583333333332
"1361","277518","resources/real_fg_memory_images/orig27.jpg","Scam","real",26,0,"Young",0.364583333333332
"1362","277518","resources/real_fg_memory_images/fg7.jpg","Scam","artificial",26,1,"Young",0.364583333333332
"1363","277518","resources/real_fg_memory_images/fg8.jpg","Scam","artificial",26,0,"Young",0.364583333333332
"1364","277518","resources/real_fg_memory_images/fg1.jpg","Neutral","artificial",26,1,"Young",0.364583333333332
"1365","277518","resources/real_fg_memory_images/orig30.jpg","Scam","real",26,0,"Young",0.364583333333332
"1366","277518","resources/real_fg_memory_images/orig28.jpg","Scam","real",26,0,"Young",0.364583333333332
"1367","277518","resources/real_fg_memory_images/orig22.jpg","Neutral","real",26,0,"Young",0.364583333333332
"1368","277518","resources/real_fg_memory_images/orig25.jpg","Scam","real",26,0,"Young",0.364583333333332
"1369","282486","resources/real_fg_memory_images/orig24.jpg","Neutral","real",26,1,"Young",0.364583333333332
"1370","282486","resources/real_fg_memory_images/fg8.jpg","Scam","artificial",26,1,"Young",0.364583333333332
"1371","282486","resources/real_fg_memory_images/fg6.jpg","Neutral","artificial",26,0,"Young",0.364583333333332
"1372","282486","resources/real_fg_memory_images/fg12.jpg","Scam","artificial",26,1,"Young",0.364583333333332
"1373","282486","resources/real_fg_memory_images/orig27.jpg","Scam","real",26,1,"Young",0.364583333333332
"1374","282486","resources/real_fg_memory_images/fg2.jpg","Neutral","artificial",26,1,"Young",0.364583333333332
"1375","282486","resources/real_fg_memory_images/fg11.jpg","Scam","artificial",26,1,"Young",0.364583333333332
"1376","282486","resources/real_fg_memory_images/orig29.jpg","Scam","real",26,1,"Young",0.364583333333332
"1377","282486","resources/real_fg_memory_images/fg5.jpg","Neutral","artificial",26,0,"Young",0.364583333333332
"1378","282486","resources/real_fg_memory_images/orig22.jpg","Neutral","real",26,1,"Young",0.364583333333332
"1379","282486","resources/real_fg_memory_images/orig20.jpg","Neutral","real",26,1,"Young",0.364583333333332
"1380","282486","resources/real_fg_memory_images/fg10.jpg","Scam","artificial",26,0,"Young",0.364583333333332
"1381","282486","resources/real_fg_memory_images/fg3.jpg","Neutral","artificial",26,1,"Young",0.364583333333332
"1382","282486","resources/real_fg_memory_images/orig28.jpg","Scam","real",26,1,"Young",0.364583333333332
"1383","282486","resources/real_fg_memory_images/fg4.jpg","Neutral","artificial",26,0,"Young",0.364583333333332
"1384","282486","resources/real_fg_memory_images/fg9.jpg","Scam","artificial",26,1,"Young",0.364583333333332
"1385","282486","resources/real_fg_memory_images/fg7.jpg","Scam","artificial",26,1,"Young",0.364583333333332
"1386","282486","resources/real_fg_memory_images/orig19.jpg","Neutral","real",26,1,"Young",0.364583333333332
"1387","282486","resources/real_fg_memory_images/orig26.jpg","Scam","real",26,1,"Young",0.364583333333332
"1388","282486","resources/real_fg_memory_images/orig21.jpg","Neutral","real",26,1,"Young",0.364583333333332
"1389","282486","resources/real_fg_memory_images/orig25.jpg","Scam","real",26,1,"Young",0.364583333333332
"1390","282486","resources/real_fg_memory_images/orig23.jpg","Neutral","real",26,1,"Young",0.364583333333332
"1391","282486","resources/real_fg_memory_images/orig30.jpg","Scam","real",26,0,"Young",0.364583333333332
"1392","282486","resources/real_fg_memory_images/fg1.jpg","Neutral","artificial",26,0,"Young",0.364583333333332
"1393","305753","resources/real_fg_memory_images/orig23.jpg","Neutral","real",29,1,"Young",3.36458333333333
"1394","305753","resources/real_fg_memory_images/fg9.jpg","Scam","artificial",29,0,"Young",3.36458333333333
"1395","305753","resources/real_fg_memory_images/fg7.jpg","Scam","artificial",29,0,"Young",3.36458333333333
"1396","305753","resources/real_fg_memory_images/orig27.jpg","Scam","real",29,1,"Young",3.36458333333333
"1397","305753","resources/real_fg_memory_images/fg6.jpg","Neutral","artificial",29,1,"Young",3.36458333333333
"1398","305753","resources/real_fg_memory_images/fg11.jpg","Scam","artificial",29,0,"Young",3.36458333333333
"1399","305753","resources/real_fg_memory_images/fg12.jpg","Scam","artificial",29,1,"Young",3.36458333333333
"1400","305753","resources/real_fg_memory_images/orig21.jpg","Neutral","real",29,1,"Young",3.36458333333333
"1401","305753","resources/real_fg_memory_images/fg10.jpg","Scam","artificial",29,0,"Young",3.36458333333333
"1402","305753","resources/real_fg_memory_images/fg4.jpg","Neutral","artificial",29,1,"Young",3.36458333333333
"1403","305753","resources/real_fg_memory_images/orig25.jpg","Scam","real",29,1,"Young",3.36458333333333
"1404","305753","resources/real_fg_memory_images/orig29.jpg","Scam","real",29,0,"Young",3.36458333333333
"1405","305753","resources/real_fg_memory_images/fg1.jpg","Neutral","artificial",29,1,"Young",3.36458333333333
"1406","305753","resources/real_fg_memory_images/orig19.jpg","Neutral","real",29,1,"Young",3.36458333333333
"1407","305753","resources/real_fg_memory_images/fg3.jpg","Neutral","artificial",29,1,"Young",3.36458333333333
"1408","305753","resources/real_fg_memory_images/orig26.jpg","Scam","real",29,1,"Young",3.36458333333333
"1409","305753","resources/real_fg_memory_images/fg8.jpg","Scam","artificial",29,1,"Young",3.36458333333333
"1410","305753","resources/real_fg_memory_images/fg2.jpg","Neutral","artificial",29,1,"Young",3.36458333333333
"1411","305753","resources/real_fg_memory_images/fg5.jpg","Neutral","artificial",29,1,"Young",3.36458333333333
"1412","305753","resources/real_fg_memory_images/orig28.jpg","Scam","real",29,1,"Young",3.36458333333333
"1413","305753","resources/real_fg_memory_images/orig20.jpg","Neutral","real",29,0,"Young",3.36458333333333
"1414","305753","resources/real_fg_memory_images/orig24.jpg","Neutral","real",29,1,"Young",3.36458333333333
"1415","305753","resources/real_fg_memory_images/orig30.jpg","Scam","real",29,0,"Young",3.36458333333333
"1416","305753","resources/real_fg_memory_images/orig22.jpg","Neutral","real",29,1,"Young",3.36458333333333
"1417","419102","resources/real_fg_memory_images/fg3.jpg","Neutral","artificial",25,1,"Young",-0.635416666666668
"1418","419102","resources/real_fg_memory_images/orig25.jpg","Scam","real",25,0,"Young",-0.635416666666668
"1419","419102","resources/real_fg_memory_images/orig23.jpg","Neutral","real",25,1,"Young",-0.635416666666668
"1420","419102","resources/real_fg_memory_images/fg6.jpg","Neutral","artificial",25,0,"Young",-0.635416666666668
"1421","419102","resources/real_fg_memory_images/orig29.jpg","Scam","real",25,1,"Young",-0.635416666666668
"1422","419102","resources/real_fg_memory_images/fg12.jpg","Scam","artificial",25,0,"Young",-0.635416666666668
"1423","419102","resources/real_fg_memory_images/fg8.jpg","Scam","artificial",25,1,"Young",-0.635416666666668
"1424","419102","resources/real_fg_memory_images/fg10.jpg","Scam","artificial",25,1,"Young",-0.635416666666668
"1425","419102","resources/real_fg_memory_images/fg5.jpg","Neutral","artificial",25,1,"Young",-0.635416666666668
"1426","419102","resources/real_fg_memory_images/fg11.jpg","Scam","artificial",25,1,"Young",-0.635416666666668
"1427","419102","resources/real_fg_memory_images/orig26.jpg","Scam","real",25,1,"Young",-0.635416666666668
"1428","419102","resources/real_fg_memory_images/fg9.jpg","Scam","artificial",25,1,"Young",-0.635416666666668
"1429","419102","resources/real_fg_memory_images/orig19.jpg","Neutral","real",25,1,"Young",-0.635416666666668
"1430","419102","resources/real_fg_memory_images/fg1.jpg","Neutral","artificial",25,0,"Young",-0.635416666666668
"1431","419102","resources/real_fg_memory_images/orig20.jpg","Neutral","real",25,0,"Young",-0.635416666666668
"1432","419102","resources/real_fg_memory_images/orig28.jpg","Scam","real",25,1,"Young",-0.635416666666668
"1433","419102","resources/real_fg_memory_images/orig30.jpg","Scam","real",25,1,"Young",-0.635416666666668
"1434","419102","resources/real_fg_memory_images/orig24.jpg","Neutral","real",25,1,"Young",-0.635416666666668
"1435","419102","resources/real_fg_memory_images/fg4.jpg","Neutral","artificial",25,1,"Young",-0.635416666666668
"1436","419102","resources/real_fg_memory_images/orig27.jpg","Scam","real",25,1,"Young",-0.635416666666668
"1437","419102","resources/real_fg_memory_images/fg2.jpg","Neutral","artificial",25,0,"Young",-0.635416666666668
"1438","419102","resources/real_fg_memory_images/orig21.jpg","Neutral","real",25,1,"Young",-0.635416666666668
"1439","419102","resources/real_fg_memory_images/fg7.jpg","Scam","artificial",25,1,"Young",-0.635416666666668
"1440","419102","resources/real_fg_memory_images/orig22.jpg","Neutral","real",25,1,"Young",-0.635416666666668
"1441","432319","resources/real_fg_memory_images/fg8.jpg","Scam","artificial",20,0,"Young",-5.63541666666667
"1442","432319","resources/real_fg_memory_images/orig19.jpg","Neutral","real",20,1,"Young",-5.63541666666667
"1443","432319","resources/real_fg_memory_images/orig28.jpg","Scam","real",20,1,"Young",-5.63541666666667
"1444","432319","resources/real_fg_memory_images/orig21.jpg","Neutral","real",20,1,"Young",-5.63541666666667
"1445","432319","resources/real_fg_memory_images/fg5.jpg","Neutral","artificial",20,0,"Young",-5.63541666666667
"1446","432319","resources/real_fg_memory_images/orig29.jpg","Scam","real",20,1,"Young",-5.63541666666667
"1447","432319","resources/real_fg_memory_images/fg9.jpg","Scam","artificial",20,0,"Young",-5.63541666666667
"1448","432319","resources/real_fg_memory_images/orig27.jpg","Scam","real",20,1,"Young",-5.63541666666667
"1449","432319","resources/real_fg_memory_images/fg11.jpg","Scam","artificial",20,1,"Young",-5.63541666666667
"1450","432319","resources/real_fg_memory_images/orig26.jpg","Scam","real",20,0,"Young",-5.63541666666667
"1451","432319","resources/real_fg_memory_images/fg2.jpg","Neutral","artificial",20,0,"Young",-5.63541666666667
"1452","432319","resources/real_fg_memory_images/orig30.jpg","Scam","real",20,0,"Young",-5.63541666666667
"1453","432319","resources/real_fg_memory_images/fg1.jpg","Neutral","artificial",20,0,"Young",-5.63541666666667
"1454","432319","resources/real_fg_memory_images/orig23.jpg","Neutral","real",20,1,"Young",-5.63541666666667
"1455","432319","resources/real_fg_memory_images/orig20.jpg","Neutral","real",20,1,"Young",-5.63541666666667
"1456","432319","resources/real_fg_memory_images/fg6.jpg","Neutral","artificial",20,0,"Young",-5.63541666666667
"1457","432319","resources/real_fg_memory_images/fg7.jpg","Scam","artificial",20,0,"Young",-5.63541666666667
"1458","432319","resources/real_fg_memory_images/orig25.jpg","Scam","real",20,1,"Young",-5.63541666666667
"1459","432319","resources/real_fg_memory_images/fg10.jpg","Scam","artificial",20,1,"Young",-5.63541666666667
"1460","432319","resources/real_fg_memory_images/orig24.jpg","Neutral","real",20,0,"Young",-5.63541666666667
"1461","432319","resources/real_fg_memory_images/fg4.jpg","Neutral","artificial",20,1,"Young",-5.63541666666667
"1462","432319","resources/real_fg_memory_images/orig22.jpg","Neutral","real",20,1,"Young",-5.63541666666667
"1463","432319","resources/real_fg_memory_images/fg12.jpg","Scam","artificial",20,1,"Young",-5.63541666666667
"1464","432319","resources/real_fg_memory_images/fg3.jpg","Neutral","artificial",20,0,"Young",-5.63541666666667
"1465","439164","resources/real_fg_memory_images/orig24.jpg","Neutral","real",21,1,"Young",-4.63541666666667
"1466","439164","resources/real_fg_memory_images/orig29.jpg","Scam","real",21,1,"Young",-4.63541666666667
"1467","439164","resources/real_fg_memory_images/fg12.jpg","Scam","artificial",21,1,"Young",-4.63541666666667
"1468","439164","resources/real_fg_memory_images/fg9.jpg","Scam","artificial",21,1,"Young",-4.63541666666667
"1469","439164","resources/real_fg_memory_images/orig30.jpg","Scam","real",21,1,"Young",-4.63541666666667
"1470","439164","resources/real_fg_memory_images/orig21.jpg","Neutral","real",21,1,"Young",-4.63541666666667
"1471","439164","resources/real_fg_memory_images/orig28.jpg","Scam","real",21,1,"Young",-4.63541666666667
"1472","439164","resources/real_fg_memory_images/orig22.jpg","Neutral","real",21,0,"Young",-4.63541666666667
"1473","439164","resources/real_fg_memory_images/orig20.jpg","Neutral","real",21,1,"Young",-4.63541666666667
"1474","439164","resources/real_fg_memory_images/fg11.jpg","Scam","artificial",21,1,"Young",-4.63541666666667
"1475","439164","resources/real_fg_memory_images/fg8.jpg","Scam","artificial",21,1,"Young",-4.63541666666667
"1476","439164","resources/real_fg_memory_images/fg6.jpg","Neutral","artificial",21,1,"Young",-4.63541666666667
"1477","439164","resources/real_fg_memory_images/fg10.jpg","Scam","artificial",21,0,"Young",-4.63541666666667
"1478","439164","resources/real_fg_memory_images/fg1.jpg","Neutral","artificial",21,1,"Young",-4.63541666666667
"1479","439164","resources/real_fg_memory_images/orig25.jpg","Scam","real",21,0,"Young",-4.63541666666667
"1480","439164","resources/real_fg_memory_images/fg2.jpg","Neutral","artificial",21,0,"Young",-4.63541666666667
"1481","439164","resources/real_fg_memory_images/orig23.jpg","Neutral","real",21,1,"Young",-4.63541666666667
"1482","439164","resources/real_fg_memory_images/orig19.jpg","Neutral","real",21,1,"Young",-4.63541666666667
"1483","439164","resources/real_fg_memory_images/orig26.jpg","Scam","real",21,1,"Young",-4.63541666666667
"1484","439164","resources/real_fg_memory_images/fg3.jpg","Neutral","artificial",21,1,"Young",-4.63541666666667
"1485","439164","resources/real_fg_memory_images/orig27.jpg","Scam","real",21,1,"Young",-4.63541666666667
"1486","439164","resources/real_fg_memory_images/fg4.jpg","Neutral","artificial",21,1,"Young",-4.63541666666667
"1487","439164","resources/real_fg_memory_images/fg5.jpg","Neutral","artificial",21,1,"Young",-4.63541666666667
"1488","439164","resources/real_fg_memory_images/fg7.jpg","Scam","artificial",21,1,"Young",-4.63541666666667
"1489","449778","resources/real_fg_memory_images/fg3.jpg","Neutral","artificial",25,0,"Young",-0.635416666666668
"1490","449778","resources/real_fg_memory_images/orig24.jpg","Neutral","real",25,1,"Young",-0.635416666666668
"1491","449778","resources/real_fg_memory_images/fg2.jpg","Neutral","artificial",25,0,"Young",-0.635416666666668
"1492","449778","resources/real_fg_memory_images/orig20.jpg","Neutral","real",25,1,"Young",-0.635416666666668
"1493","449778","resources/real_fg_memory_images/orig22.jpg","Neutral","real",25,1,"Young",-0.635416666666668
"1494","449778","resources/real_fg_memory_images/fg7.jpg","Scam","artificial",25,1,"Young",-0.635416666666668
"1495","449778","resources/real_fg_memory_images/orig27.jpg","Scam","real",25,1,"Young",-0.635416666666668
"1496","449778","resources/real_fg_memory_images/orig26.jpg","Scam","real",25,0,"Young",-0.635416666666668
"1497","449778","resources/real_fg_memory_images/orig23.jpg","Neutral","real",25,0,"Young",-0.635416666666668
"1498","449778","resources/real_fg_memory_images/orig30.jpg","Scam","real",25,0,"Young",-0.635416666666668
"1499","449778","resources/real_fg_memory_images/fg8.jpg","Scam","artificial",25,0,"Young",-0.635416666666668
"1500","449778","resources/real_fg_memory_images/orig19.jpg","Neutral","real",25,0,"Young",-0.635416666666668
"1501","449778","resources/real_fg_memory_images/fg10.jpg","Scam","artificial",25,0,"Young",-0.635416666666668
"1502","449778","resources/real_fg_memory_images/fg9.jpg","Scam","artificial",25,0,"Young",-0.635416666666668
"1503","449778","resources/real_fg_memory_images/fg6.jpg","Neutral","artificial",25,1,"Young",-0.635416666666668
"1504","449778","resources/real_fg_memory_images/orig29.jpg","Scam","real",25,1,"Young",-0.635416666666668
"1505","449778","resources/real_fg_memory_images/fg1.jpg","Neutral","artificial",25,1,"Young",-0.635416666666668
"1506","449778","resources/real_fg_memory_images/orig28.jpg","Scam","real",25,1,"Young",-0.635416666666668
"1507","449778","resources/real_fg_memory_images/fg5.jpg","Neutral","artificial",25,1,"Young",-0.635416666666668
"1508","449778","resources/real_fg_memory_images/fg12.jpg","Scam","artificial",25,1,"Young",-0.635416666666668
"1509","449778","resources/real_fg_memory_images/orig21.jpg","Neutral","real",25,1,"Young",-0.635416666666668
"1510","449778","resources/real_fg_memory_images/fg4.jpg","Neutral","artificial",25,1,"Young",-0.635416666666668
"1511","449778","resources/real_fg_memory_images/fg11.jpg","Scam","artificial",25,0,"Young",-0.635416666666668
"1512","449778","resources/real_fg_memory_images/orig25.jpg","Scam","real",25,1,"Young",-0.635416666666668
"1513","484966","resources/real_fg_memory_images/orig30.jpg","Scam","real",21,1,"Young",-4.63541666666667
"1514","484966","resources/real_fg_memory_images/fg9.jpg","Scam","artificial",21,1,"Young",-4.63541666666667
"1515","484966","resources/real_fg_memory_images/orig20.jpg","Neutral","real",21,0,"Young",-4.63541666666667
"1516","484966","resources/real_fg_memory_images/fg5.jpg","Neutral","artificial",21,0,"Young",-4.63541666666667
"1517","484966","resources/real_fg_memory_images/orig25.jpg","Scam","real",21,0,"Young",-4.63541666666667
"1518","484966","resources/real_fg_memory_images/fg2.jpg","Neutral","artificial",21,1,"Young",-4.63541666666667
"1519","484966","resources/real_fg_memory_images/fg11.jpg","Scam","artificial",21,1,"Young",-4.63541666666667
"1520","484966","resources/real_fg_memory_images/fg6.jpg","Neutral","artificial",21,0,"Young",-4.63541666666667
"1521","484966","resources/real_fg_memory_images/fg12.jpg","Scam","artificial",21,1,"Young",-4.63541666666667
"1522","484966","resources/real_fg_memory_images/fg8.jpg","Scam","artificial",21,1,"Young",-4.63541666666667
"1523","484966","resources/real_fg_memory_images/fg10.jpg","Scam","artificial",21,1,"Young",-4.63541666666667
"1524","484966","resources/real_fg_memory_images/orig23.jpg","Neutral","real",21,1,"Young",-4.63541666666667
"1525","484966","resources/real_fg_memory_images/orig28.jpg","Scam","real",21,1,"Young",-4.63541666666667
"1526","484966","resources/real_fg_memory_images/fg1.jpg","Neutral","artificial",21,0,"Young",-4.63541666666667
"1527","484966","resources/real_fg_memory_images/orig19.jpg","Neutral","real",21,1,"Young",-4.63541666666667
"1528","484966","resources/real_fg_memory_images/orig29.jpg","Scam","real",21,1,"Young",-4.63541666666667
"1529","484966","resources/real_fg_memory_images/fg4.jpg","Neutral","artificial",21,0,"Young",-4.63541666666667
"1530","484966","resources/real_fg_memory_images/orig21.jpg","Neutral","real",21,1,"Young",-4.63541666666667
"1531","484966","resources/real_fg_memory_images/orig22.jpg","Neutral","real",21,0,"Young",-4.63541666666667
"1532","484966","resources/real_fg_memory_images/orig26.jpg","Scam","real",21,1,"Young",-4.63541666666667
"1533","484966","resources/real_fg_memory_images/fg7.jpg","Scam","artificial",21,1,"Young",-4.63541666666667
"1534","484966","resources/real_fg_memory_images/orig24.jpg","Neutral","real",21,1,"Young",-4.63541666666667
"1535","484966","resources/real_fg_memory_images/fg3.jpg","Neutral","artificial",21,1,"Young",-4.63541666666667
"1536","484966","resources/real_fg_memory_images/orig27.jpg","Scam","real",21,1,"Young",-4.63541666666667
"1537","502058","resources/real_fg_memory_images/orig29.jpg","Scam","real",21,0,"Young",-4.63541666666667
"1538","502058","resources/real_fg_memory_images/orig28.jpg","Scam","real",21,0,"Young",-4.63541666666667
"1539","502058","resources/real_fg_memory_images/fg7.jpg","Scam","artificial",21,1,"Young",-4.63541666666667
"1540","502058","resources/real_fg_memory_images/fg9.jpg","Scam","artificial",21,1,"Young",-4.63541666666667
"1541","502058","resources/real_fg_memory_images/orig30.jpg","Scam","real",21,0,"Young",-4.63541666666667
"1542","502058","resources/real_fg_memory_images/fg8.jpg","Scam","artificial",21,1,"Young",-4.63541666666667
"1543","502058","resources/real_fg_memory_images/fg12.jpg","Scam","artificial",21,0,"Young",-4.63541666666667
"1544","502058","resources/real_fg_memory_images/fg2.jpg","Neutral","artificial",21,0,"Young",-4.63541666666667
"1545","502058","resources/real_fg_memory_images/orig26.jpg","Scam","real",21,0,"Young",-4.63541666666667
"1546","502058","resources/real_fg_memory_images/orig27.jpg","Scam","real",21,0,"Young",-4.63541666666667
"1547","502058","resources/real_fg_memory_images/orig23.jpg","Neutral","real",21,0,"Young",-4.63541666666667
"1548","502058","resources/real_fg_memory_images/fg3.jpg","Neutral","artificial",21,1,"Young",-4.63541666666667
"1549","502058","resources/real_fg_memory_images/fg1.jpg","Neutral","artificial",21,1,"Young",-4.63541666666667
"1550","502058","resources/real_fg_memory_images/fg6.jpg","Neutral","artificial",21,1,"Young",-4.63541666666667
"1551","502058","resources/real_fg_memory_images/orig21.jpg","Neutral","real",21,0,"Young",-4.63541666666667
"1552","502058","resources/real_fg_memory_images/orig22.jpg","Neutral","real",21,0,"Young",-4.63541666666667
"1553","502058","resources/real_fg_memory_images/fg10.jpg","Scam","artificial",21,1,"Young",-4.63541666666667
"1554","502058","resources/real_fg_memory_images/orig25.jpg","Scam","real",21,0,"Young",-4.63541666666667
"1555","502058","resources/real_fg_memory_images/orig19.jpg","Neutral","real",21,1,"Young",-4.63541666666667
"1556","502058","resources/real_fg_memory_images/fg5.jpg","Neutral","artificial",21,1,"Young",-4.63541666666667
"1557","502058","resources/real_fg_memory_images/fg4.jpg","Neutral","artificial",21,1,"Young",-4.63541666666667
"1558","502058","resources/real_fg_memory_images/orig20.jpg","Neutral","real",21,1,"Young",-4.63541666666667
"1559","502058","resources/real_fg_memory_images/orig24.jpg","Neutral","real",21,1,"Young",-4.63541666666667
"1560","502058","resources/real_fg_memory_images/fg11.jpg","Scam","artificial",21,0,"Young",-4.63541666666667
"1561","651013","resources/real_fg_memory_images/orig22.jpg","Neutral","real",28,1,"Young",2.36458333333333
"1562","651013","resources/real_fg_memory_images/orig21.jpg","Neutral","real",28,1,"Young",2.36458333333333
"1563","651013","resources/real_fg_memory_images/fg10.jpg","Scam","artificial",28,1,"Young",2.36458333333333
"1564","651013","resources/real_fg_memory_images/orig19.jpg","Neutral","real",28,0,"Young",2.36458333333333
"1565","651013","resources/real_fg_memory_images/orig24.jpg","Neutral","real",28,1,"Young",2.36458333333333
"1566","651013","resources/real_fg_memory_images/fg9.jpg","Scam","artificial",28,1,"Young",2.36458333333333
"1567","651013","resources/real_fg_memory_images/fg1.jpg","Neutral","artificial",28,0,"Young",2.36458333333333
"1568","651013","resources/real_fg_memory_images/fg8.jpg","Scam","artificial",28,0,"Young",2.36458333333333
"1569","651013","resources/real_fg_memory_images/orig23.jpg","Neutral","real",28,1,"Young",2.36458333333333
"1570","651013","resources/real_fg_memory_images/orig25.jpg","Scam","real",28,1,"Young",2.36458333333333
"1571","651013","resources/real_fg_memory_images/fg6.jpg","Neutral","artificial",28,1,"Young",2.36458333333333
"1572","651013","resources/real_fg_memory_images/orig27.jpg","Scam","real",28,1,"Young",2.36458333333333
"1573","651013","resources/real_fg_memory_images/fg12.jpg","Scam","artificial",28,0,"Young",2.36458333333333
"1574","651013","resources/real_fg_memory_images/fg7.jpg","Scam","artificial",28,1,"Young",2.36458333333333
"1575","651013","resources/real_fg_memory_images/fg2.jpg","Neutral","artificial",28,1,"Young",2.36458333333333
"1576","651013","resources/real_fg_memory_images/orig28.jpg","Scam","real",28,1,"Young",2.36458333333333
"1577","651013","resources/real_fg_memory_images/orig30.jpg","Scam","real",28,1,"Young",2.36458333333333
"1578","651013","resources/real_fg_memory_images/orig26.jpg","Scam","real",28,0,"Young",2.36458333333333
"1579","651013","resources/real_fg_memory_images/fg3.jpg","Neutral","artificial",28,1,"Young",2.36458333333333
"1580","651013","resources/real_fg_memory_images/fg11.jpg","Scam","artificial",28,0,"Young",2.36458333333333
"1581","651013","resources/real_fg_memory_images/fg4.jpg","Neutral","artificial",28,0,"Young",2.36458333333333
"1582","651013","resources/real_fg_memory_images/fg5.jpg","Neutral","artificial",28,0,"Young",2.36458333333333
"1583","651013","resources/real_fg_memory_images/orig29.jpg","Scam","real",28,0,"Young",2.36458333333333
"1584","651013","resources/real_fg_memory_images/orig20.jpg","Neutral","real",28,1,"Young",2.36458333333333
"1585","699511","resources/real_fg_memory_images/orig30.jpg","Scam","real",21,1,"Young",-4.63541666666667
"1586","699511","resources/real_fg_memory_images/orig29.jpg","Scam","real",21,0,"Young",-4.63541666666667
"1587","699511","resources/real_fg_memory_images/orig28.jpg","Scam","real",21,1,"Young",-4.63541666666667
"1588","699511","resources/real_fg_memory_images/fg4.jpg","Neutral","artificial",21,1,"Young",-4.63541666666667
"1589","699511","resources/real_fg_memory_images/orig25.jpg","Scam","real",21,1,"Young",-4.63541666666667
"1590","699511","resources/real_fg_memory_images/fg10.jpg","Scam","artificial",21,0,"Young",-4.63541666666667
"1591","699511","resources/real_fg_memory_images/fg3.jpg","Neutral","artificial",21,1,"Young",-4.63541666666667
"1592","699511","resources/real_fg_memory_images/fg6.jpg","Neutral","artificial",21,1,"Young",-4.63541666666667
"1593","699511","resources/real_fg_memory_images/orig24.jpg","Neutral","real",21,0,"Young",-4.63541666666667
"1594","699511","resources/real_fg_memory_images/fg7.jpg","Scam","artificial",21,0,"Young",-4.63541666666667
"1595","699511","resources/real_fg_memory_images/fg8.jpg","Scam","artificial",21,1,"Young",-4.63541666666667
"1596","699511","resources/real_fg_memory_images/fg1.jpg","Neutral","artificial",21,1,"Young",-4.63541666666667
"1597","699511","resources/real_fg_memory_images/orig20.jpg","Neutral","real",21,0,"Young",-4.63541666666667
"1598","699511","resources/real_fg_memory_images/orig23.jpg","Neutral","real",21,1,"Young",-4.63541666666667
"1599","699511","resources/real_fg_memory_images/fg2.jpg","Neutral","artificial",21,1,"Young",-4.63541666666667
"1600","699511","resources/real_fg_memory_images/fg5.jpg","Neutral","artificial",21,0,"Young",-4.63541666666667
"1601","699511","resources/real_fg_memory_images/orig19.jpg","Neutral","real",21,0,"Young",-4.63541666666667
"1602","699511","resources/real_fg_memory_images/fg9.jpg","Scam","artificial",21,1,"Young",-4.63541666666667
"1603","699511","resources/real_fg_memory_images/fg12.jpg","Scam","artificial",21,1,"Young",-4.63541666666667
"1604","699511","resources/real_fg_memory_images/fg11.jpg","Scam","artificial",21,1,"Young",-4.63541666666667
"1605","699511","resources/real_fg_memory_images/orig26.jpg","Scam","real",21,0,"Young",-4.63541666666667
"1606","699511","resources/real_fg_memory_images/orig21.jpg","Neutral","real",21,0,"Young",-4.63541666666667
"1607","699511","resources/real_fg_memory_images/orig22.jpg","Neutral","real",21,1,"Young",-4.63541666666667
"1608","699511","resources/real_fg_memory_images/orig27.jpg","Scam","real",21,0,"Young",-4.63541666666667
"1609","752215","resources/real_fg_memory_images/orig30.jpg","Scam","real",26,1,"Young",0.364583333333332
"1610","752215","resources/real_fg_memory_images/orig21.jpg","Neutral","real",26,1,"Young",0.364583333333332
"1611","752215","resources/real_fg_memory_images/orig23.jpg","Neutral","real",26,1,"Young",0.364583333333332
"1612","752215","resources/real_fg_memory_images/fg12.jpg","Scam","artificial",26,0,"Young",0.364583333333332
"1613","752215","resources/real_fg_memory_images/fg8.jpg","Scam","artificial",26,1,"Young",0.364583333333332
"1614","752215","resources/real_fg_memory_images/orig22.jpg","Neutral","real",26,1,"Young",0.364583333333332
"1615","752215","resources/real_fg_memory_images/fg9.jpg","Scam","artificial",26,0,"Young",0.364583333333332
"1616","752215","resources/real_fg_memory_images/fg3.jpg","Neutral","artificial",26,1,"Young",0.364583333333332
"1617","752215","resources/real_fg_memory_images/orig19.jpg","Neutral","real",26,1,"Young",0.364583333333332
"1618","752215","resources/real_fg_memory_images/orig26.jpg","Scam","real",26,1,"Young",0.364583333333332
"1619","752215","resources/real_fg_memory_images/orig27.jpg","Scam","real",26,1,"Young",0.364583333333332
"1620","752215","resources/real_fg_memory_images/orig25.jpg","Scam","real",26,1,"Young",0.364583333333332
"1621","752215","resources/real_fg_memory_images/fg1.jpg","Neutral","artificial",26,1,"Young",0.364583333333332
"1622","752215","resources/real_fg_memory_images/fg6.jpg","Neutral","artificial",26,1,"Young",0.364583333333332
"1623","752215","resources/real_fg_memory_images/orig20.jpg","Neutral","real",26,1,"Young",0.364583333333332
"1624","752215","resources/real_fg_memory_images/fg10.jpg","Scam","artificial",26,1,"Young",0.364583333333332
"1625","752215","resources/real_fg_memory_images/fg11.jpg","Scam","artificial",26,1,"Young",0.364583333333332
"1626","752215","resources/real_fg_memory_images/fg7.jpg","Scam","artificial",26,1,"Young",0.364583333333332
"1627","752215","resources/real_fg_memory_images/fg4.jpg","Neutral","artificial",26,1,"Young",0.364583333333332
"1628","752215","resources/real_fg_memory_images/orig28.jpg","Scam","real",26,1,"Young",0.364583333333332
"1629","752215","resources/real_fg_memory_images/orig24.jpg","Neutral","real",26,1,"Young",0.364583333333332
"1630","752215","resources/real_fg_memory_images/fg2.jpg","Neutral","artificial",26,0,"Young",0.364583333333332
"1631","752215","resources/real_fg_memory_images/orig29.jpg","Scam","real",26,1,"Young",0.364583333333332
"1632","752215","resources/real_fg_memory_images/fg5.jpg","Neutral","artificial",26,1,"Young",0.364583333333332
"1633","761707","resources/real_fg_memory_images/orig26.jpg","Scam","real",26,1,"Young",0.364583333333332
"1634","761707","resources/real_fg_memory_images/orig22.jpg","Neutral","real",26,1,"Young",0.364583333333332
"1635","761707","resources/real_fg_memory_images/orig25.jpg","Scam","real",26,1,"Young",0.364583333333332
"1636","761707","resources/real_fg_memory_images/fg9.jpg","Scam","artificial",26,1,"Young",0.364583333333332
"1637","761707","resources/real_fg_memory_images/fg1.jpg","Neutral","artificial",26,1,"Young",0.364583333333332
"1638","761707","resources/real_fg_memory_images/fg3.jpg","Neutral","artificial",26,0,"Young",0.364583333333332
"1639","761707","resources/real_fg_memory_images/fg4.jpg","Neutral","artificial",26,0,"Young",0.364583333333332
"1640","761707","resources/real_fg_memory_images/fg8.jpg","Scam","artificial",26,1,"Young",0.364583333333332
"1641","761707","resources/real_fg_memory_images/orig23.jpg","Neutral","real",26,0,"Young",0.364583333333332
"1642","761707","resources/real_fg_memory_images/fg6.jpg","Neutral","artificial",26,0,"Young",0.364583333333332
"1643","761707","resources/real_fg_memory_images/orig29.jpg","Scam","real",26,1,"Young",0.364583333333332
"1644","761707","resources/real_fg_memory_images/fg10.jpg","Scam","artificial",26,1,"Young",0.364583333333332
"1645","761707","resources/real_fg_memory_images/orig27.jpg","Scam","real",26,1,"Young",0.364583333333332
"1646","761707","resources/real_fg_memory_images/orig24.jpg","Neutral","real",26,1,"Young",0.364583333333332
"1647","761707","resources/real_fg_memory_images/orig28.jpg","Scam","real",26,1,"Young",0.364583333333332
"1648","761707","resources/real_fg_memory_images/fg11.jpg","Scam","artificial",26,1,"Young",0.364583333333332
"1649","761707","resources/real_fg_memory_images/fg7.jpg","Scam","artificial",26,1,"Young",0.364583333333332
"1650","761707","resources/real_fg_memory_images/orig20.jpg","Neutral","real",26,1,"Young",0.364583333333332
"1651","761707","resources/real_fg_memory_images/fg2.jpg","Neutral","artificial",26,0,"Young",0.364583333333332
"1652","761707","resources/real_fg_memory_images/orig30.jpg","Scam","real",26,1,"Young",0.364583333333332
"1653","761707","resources/real_fg_memory_images/fg12.jpg","Scam","artificial",26,1,"Young",0.364583333333332
"1654","761707","resources/real_fg_memory_images/orig19.jpg","Neutral","real",26,0,"Young",0.364583333333332
"1655","761707","resources/real_fg_memory_images/orig21.jpg","Neutral","real",26,0,"Young",0.364583333333332
"1656","761707","resources/real_fg_memory_images/fg5.jpg","Neutral","artificial",26,0,"Young",0.364583333333332
"1657","766655","resources/real_fg_memory_images/fg6.jpg","Neutral","artificial",26,0,"Young",0.364583333333332
"1658","766655","resources/real_fg_memory_images/orig28.jpg","Scam","real",26,1,"Young",0.364583333333332
"1659","766655","resources/real_fg_memory_images/orig29.jpg","Scam","real",26,1,"Young",0.364583333333332
"1660","766655","resources/real_fg_memory_images/fg8.jpg","Scam","artificial",26,1,"Young",0.364583333333332
"1661","766655","resources/real_fg_memory_images/fg7.jpg","Scam","artificial",26,1,"Young",0.364583333333332
"1662","766655","resources/real_fg_memory_images/orig19.jpg","Neutral","real",26,1,"Young",0.364583333333332
"1663","766655","resources/real_fg_memory_images/orig27.jpg","Scam","real",26,1,"Young",0.364583333333332
"1664","766655","resources/real_fg_memory_images/fg11.jpg","Scam","artificial",26,1,"Young",0.364583333333332
"1665","766655","resources/real_fg_memory_images/orig20.jpg","Neutral","real",26,0,"Young",0.364583333333332
"1666","766655","resources/real_fg_memory_images/orig30.jpg","Scam","real",26,1,"Young",0.364583333333332
"1667","766655","resources/real_fg_memory_images/orig24.jpg","Neutral","real",26,1,"Young",0.364583333333332
"1668","766655","resources/real_fg_memory_images/fg10.jpg","Scam","artificial",26,1,"Young",0.364583333333332
"1669","766655","resources/real_fg_memory_images/fg3.jpg","Neutral","artificial",26,1,"Young",0.364583333333332
"1670","766655","resources/real_fg_memory_images/orig23.jpg","Neutral","real",26,1,"Young",0.364583333333332
"1671","766655","resources/real_fg_memory_images/fg12.jpg","Scam","artificial",26,0,"Young",0.364583333333332
"1672","766655","resources/real_fg_memory_images/fg1.jpg","Neutral","artificial",26,1,"Young",0.364583333333332
"1673","766655","resources/real_fg_memory_images/fg4.jpg","Neutral","artificial",26,1,"Young",0.364583333333332
"1674","766655","resources/real_fg_memory_images/fg5.jpg","Neutral","artificial",26,1,"Young",0.364583333333332
"1675","766655","resources/real_fg_memory_images/fg2.jpg","Neutral","artificial",26,0,"Young",0.364583333333332
"1676","766655","resources/real_fg_memory_images/orig21.jpg","Neutral","real",26,1,"Young",0.364583333333332
"1677","766655","resources/real_fg_memory_images/fg9.jpg","Scam","artificial",26,0,"Young",0.364583333333332
"1678","766655","resources/real_fg_memory_images/orig26.jpg","Scam","real",26,1,"Young",0.364583333333332
"1679","766655","resources/real_fg_memory_images/orig25.jpg","Scam","real",26,1,"Young",0.364583333333332
"1680","766655","resources/real_fg_memory_images/orig22.jpg","Neutral","real",26,0,"Young",0.364583333333332
"1681","806441","resources/real_fg_memory_images/orig30.jpg","Scam","real",27,1,"Young",1.36458333333333
"1682","806441","resources/real_fg_memory_images/fg3.jpg","Neutral","artificial",27,1,"Young",1.36458333333333
"1683","806441","resources/real_fg_memory_images/fg6.jpg","Neutral","artificial",27,1,"Young",1.36458333333333
"1684","806441","resources/real_fg_memory_images/fg11.jpg","Scam","artificial",27,1,"Young",1.36458333333333
"1685","806441","resources/real_fg_memory_images/fg9.jpg","Scam","artificial",27,1,"Young",1.36458333333333
"1686","806441","resources/real_fg_memory_images/fg4.jpg","Neutral","artificial",27,1,"Young",1.36458333333333
"1687","806441","resources/real_fg_memory_images/orig26.jpg","Scam","real",27,1,"Young",1.36458333333333
"1688","806441","resources/real_fg_memory_images/orig29.jpg","Scam","real",27,1,"Young",1.36458333333333
"1689","806441","resources/real_fg_memory_images/fg2.jpg","Neutral","artificial",27,0,"Young",1.36458333333333
"1690","806441","resources/real_fg_memory_images/fg10.jpg","Scam","artificial",27,0,"Young",1.36458333333333
"1691","806441","resources/real_fg_memory_images/orig25.jpg","Scam","real",27,0,"Young",1.36458333333333
"1692","806441","resources/real_fg_memory_images/orig22.jpg","Neutral","real",27,1,"Young",1.36458333333333
"1693","806441","resources/real_fg_memory_images/orig20.jpg","Neutral","real",27,1,"Young",1.36458333333333
"1694","806441","resources/real_fg_memory_images/orig24.jpg","Neutral","real",27,0,"Young",1.36458333333333
"1695","806441","resources/real_fg_memory_images/fg12.jpg","Scam","artificial",27,1,"Young",1.36458333333333
"1696","806441","resources/real_fg_memory_images/orig27.jpg","Scam","real",27,1,"Young",1.36458333333333
"1697","806441","resources/real_fg_memory_images/fg1.jpg","Neutral","artificial",27,0,"Young",1.36458333333333
"1698","806441","resources/real_fg_memory_images/orig23.jpg","Neutral","real",27,1,"Young",1.36458333333333
"1699","806441","resources/real_fg_memory_images/fg5.jpg","Neutral","artificial",27,0,"Young",1.36458333333333
"1700","806441","resources/real_fg_memory_images/orig21.jpg","Neutral","real",27,1,"Young",1.36458333333333
"1701","806441","resources/real_fg_memory_images/orig19.jpg","Neutral","real",27,0,"Young",1.36458333333333
"1702","806441","resources/real_fg_memory_images/fg7.jpg","Scam","artificial",27,0,"Young",1.36458333333333
"1703","806441","resources/real_fg_memory_images/orig28.jpg","Scam","real",27,0,"Young",1.36458333333333
"1704","806441","resources/real_fg_memory_images/fg8.jpg","Scam","artificial",27,1,"Young",1.36458333333333
"1705","841108","resources/real_fg_memory_images/fg6.jpg","Neutral","artificial",28,1,"Young",2.36458333333333
"1706","841108","resources/real_fg_memory_images/fg12.jpg","Scam","artificial",28,1,"Young",2.36458333333333
"1707","841108","resources/real_fg_memory_images/orig21.jpg","Neutral","real",28,1,"Young",2.36458333333333
"1708","841108","resources/real_fg_memory_images/orig27.jpg","Scam","real",28,1,"Young",2.36458333333333
"1709","841108","resources/real_fg_memory_images/orig23.jpg","Neutral","real",28,1,"Young",2.36458333333333
"1710","841108","resources/real_fg_memory_images/orig20.jpg","Neutral","real",28,1,"Young",2.36458333333333
"1711","841108","resources/real_fg_memory_images/orig25.jpg","Scam","real",28,1,"Young",2.36458333333333
"1712","841108","resources/real_fg_memory_images/fg8.jpg","Scam","artificial",28,1,"Young",2.36458333333333
"1713","841108","resources/real_fg_memory_images/orig22.jpg","Neutral","real",28,1,"Young",2.36458333333333
"1714","841108","resources/real_fg_memory_images/fg3.jpg","Neutral","artificial",28,1,"Young",2.36458333333333
"1715","841108","resources/real_fg_memory_images/fg7.jpg","Scam","artificial",28,1,"Young",2.36458333333333
"1716","841108","resources/real_fg_memory_images/orig26.jpg","Scam","real",28,1,"Young",2.36458333333333
"1717","841108","resources/real_fg_memory_images/fg5.jpg","Neutral","artificial",28,1,"Young",2.36458333333333
"1718","841108","resources/real_fg_memory_images/fg11.jpg","Scam","artificial",28,0,"Young",2.36458333333333
"1719","841108","resources/real_fg_memory_images/fg2.jpg","Neutral","artificial",28,0,"Young",2.36458333333333
"1720","841108","resources/real_fg_memory_images/orig29.jpg","Scam","real",28,1,"Young",2.36458333333333
"1721","841108","resources/real_fg_memory_images/fg9.jpg","Scam","artificial",28,0,"Young",2.36458333333333
"1722","841108","resources/real_fg_memory_images/fg1.jpg","Neutral","artificial",28,1,"Young",2.36458333333333
"1723","841108","resources/real_fg_memory_images/orig30.jpg","Scam","real",28,1,"Young",2.36458333333333
"1724","841108","resources/real_fg_memory_images/orig24.jpg","Neutral","real",28,1,"Young",2.36458333333333
"1725","841108","resources/real_fg_memory_images/orig19.jpg","Neutral","real",28,1,"Young",2.36458333333333
"1726","841108","resources/real_fg_memory_images/orig28.jpg","Scam","real",28,1,"Young",2.36458333333333
"1727","841108","resources/real_fg_memory_images/fg10.jpg","Scam","artificial",28,0,"Young",2.36458333333333
"1728","841108","resources/real_fg_memory_images/fg4.jpg","Neutral","artificial",28,1,"Young",2.36458333333333
"1729","011780","resources/real_fg_memory_images/fg24.jpg","Neutral","artificial",25,1,"Young",-0.635416666666668
"1730","011780","resources/real_fg_memory_images/fg19.jpg","Neutral","artificial",25,0,"Young",-0.635416666666668
"1731","011780","resources/real_fg_memory_images/orig5.jpg","Neutral","real",25,1,"Young",-0.635416666666668
"1732","011780","resources/real_fg_memory_images/fg21.jpg","Neutral","artificial",25,0,"Young",-0.635416666666668
"1733","011780","resources/real_fg_memory_images/fg22.jpg","Neutral","artificial",25,1,"Young",-0.635416666666668
"1734","011780","resources/real_fg_memory_images/fg23.jpg","Neutral","artificial",25,0,"Young",-0.635416666666668
"1735","011780","resources/real_fg_memory_images/fg29.jpg","Scam","artificial",25,1,"Young",-0.635416666666668
"1736","011780","resources/real_fg_memory_images/fg25.jpg","Scam","artificial",25,0,"Young",-0.635416666666668
"1737","011780","resources/real_fg_memory_images/orig1.jpg","Neutral","real",25,1,"Young",-0.635416666666668
"1738","011780","resources/real_fg_memory_images/fg20.jpg","Neutral","artificial",25,1,"Young",-0.635416666666668
"1739","011780","resources/real_fg_memory_images/orig12.jpg","Scam","real",25,0,"Young",-0.635416666666668
"1740","011780","resources/real_fg_memory_images/fg28.jpg","Scam","artificial",25,1,"Young",-0.635416666666668
"1741","011780","resources/real_fg_memory_images/fg27.jpg","Scam","artificial",25,1,"Young",-0.635416666666668
"1742","011780","resources/real_fg_memory_images/fg30.jpg","Scam","artificial",25,0,"Young",-0.635416666666668
"1743","011780","resources/real_fg_memory_images/orig11.jpg","Scam","real",25,1,"Young",-0.635416666666668
"1744","011780","resources/real_fg_memory_images/orig7.jpg","Scam","real",25,0,"Young",-0.635416666666668
"1745","011780","resources/real_fg_memory_images/fg26.jpg","Scam","artificial",25,0,"Young",-0.635416666666668
"1746","011780","resources/real_fg_memory_images/orig3.jpg","Neutral","real",25,1,"Young",-0.635416666666668
"1747","011780","resources/real_fg_memory_images/orig8.jpg","Scam","real",25,0,"Young",-0.635416666666668
"1748","011780","resources/real_fg_memory_images/orig9.jpg","Scam","real",25,1,"Young",-0.635416666666668
"1749","011780","resources/real_fg_memory_images/orig10.jpg","Scam","real",25,1,"Young",-0.635416666666668
"1750","011780","resources/real_fg_memory_images/orig6.jpg","Neutral","real",25,1,"Young",-0.635416666666668
"1751","011780","resources/real_fg_memory_images/orig4.jpg","Neutral","real",25,0,"Young",-0.635416666666668
"1752","011780","resources/real_fg_memory_images/orig2.jpg","Neutral","real",25,1,"Young",-0.635416666666668
"1753","056351","resources/real_fg_memory_images/fg27.jpg","Scam","artificial",29,1,"Young",3.36458333333333
"1754","056351","resources/real_fg_memory_images/fg21.jpg","Neutral","artificial",29,1,"Young",3.36458333333333
"1755","056351","resources/real_fg_memory_images/orig11.jpg","Scam","real",29,0,"Young",3.36458333333333
"1756","056351","resources/real_fg_memory_images/orig4.jpg","Neutral","real",29,1,"Young",3.36458333333333
"1757","056351","resources/real_fg_memory_images/fg30.jpg","Scam","artificial",29,1,"Young",3.36458333333333
"1758","056351","resources/real_fg_memory_images/orig1.jpg","Neutral","real",29,1,"Young",3.36458333333333
"1759","056351","resources/real_fg_memory_images/fg28.jpg","Scam","artificial",29,1,"Young",3.36458333333333
"1760","056351","resources/real_fg_memory_images/orig10.jpg","Scam","real",29,0,"Young",3.36458333333333
"1761","056351","resources/real_fg_memory_images/orig8.jpg","Scam","real",29,1,"Young",3.36458333333333
"1762","056351","resources/real_fg_memory_images/orig6.jpg","Neutral","real",29,1,"Young",3.36458333333333
"1763","056351","resources/real_fg_memory_images/orig9.jpg","Scam","real",29,0,"Young",3.36458333333333
"1764","056351","resources/real_fg_memory_images/fg20.jpg","Neutral","artificial",29,0,"Young",3.36458333333333
"1765","056351","resources/real_fg_memory_images/orig5.jpg","Neutral","real",29,0,"Young",3.36458333333333
"1766","056351","resources/real_fg_memory_images/fg19.jpg","Neutral","artificial",29,0,"Young",3.36458333333333
"1767","056351","resources/real_fg_memory_images/orig12.jpg","Scam","real",29,1,"Young",3.36458333333333
"1768","056351","resources/real_fg_memory_images/orig7.jpg","Scam","real",29,1,"Young",3.36458333333333
"1769","056351","resources/real_fg_memory_images/fg24.jpg","Neutral","artificial",29,0,"Young",3.36458333333333
"1770","056351","resources/real_fg_memory_images/orig3.jpg","Neutral","real",29,1,"Young",3.36458333333333
"1771","056351","resources/real_fg_memory_images/fg22.jpg","Neutral","artificial",29,1,"Young",3.36458333333333
"1772","056351","resources/real_fg_memory_images/fg26.jpg","Scam","artificial",29,0,"Young",3.36458333333333
"1773","056351","resources/real_fg_memory_images/orig2.jpg","Neutral","real",29,1,"Young",3.36458333333333
"1774","056351","resources/real_fg_memory_images/fg25.jpg","Scam","artificial",29,1,"Young",3.36458333333333
"1775","056351","resources/real_fg_memory_images/fg23.jpg","Neutral","artificial",29,1,"Young",3.36458333333333
"1776","056351","resources/real_fg_memory_images/fg29.jpg","Scam","artificial",29,0,"Young",3.36458333333333
"1777","104690","resources/real_fg_memory_images/fg26.jpg","Scam","artificial",29,1,"Young",3.36458333333333
"1778","104690","resources/real_fg_memory_images/orig5.jpg","Neutral","real",29,1,"Young",3.36458333333333
"1779","104690","resources/real_fg_memory_images/fg25.jpg","Scam","artificial",29,0,"Young",3.36458333333333
"1780","104690","resources/real_fg_memory_images/orig10.jpg","Scam","real",29,1,"Young",3.36458333333333
"1781","104690","resources/real_fg_memory_images/fg27.jpg","Scam","artificial",29,1,"Young",3.36458333333333
"1782","104690","resources/real_fg_memory_images/orig7.jpg","Scam","real",29,1,"Young",3.36458333333333
"1783","104690","resources/real_fg_memory_images/fg29.jpg","Scam","artificial",29,0,"Young",3.36458333333333
"1784","104690","resources/real_fg_memory_images/fg24.jpg","Neutral","artificial",29,0,"Young",3.36458333333333
"1785","104690","resources/real_fg_memory_images/fg21.jpg","Neutral","artificial",29,0,"Young",3.36458333333333
"1786","104690","resources/real_fg_memory_images/orig4.jpg","Neutral","real",29,1,"Young",3.36458333333333
"1787","104690","resources/real_fg_memory_images/orig9.jpg","Scam","real",29,0,"Young",3.36458333333333
"1788","104690","resources/real_fg_memory_images/orig6.jpg","Neutral","real",29,0,"Young",3.36458333333333
"1789","104690","resources/real_fg_memory_images/fg19.jpg","Neutral","artificial",29,1,"Young",3.36458333333333
"1790","104690","resources/real_fg_memory_images/fg23.jpg","Neutral","artificial",29,1,"Young",3.36458333333333
"1791","104690","resources/real_fg_memory_images/fg20.jpg","Neutral","artificial",29,1,"Young",3.36458333333333
"1792","104690","resources/real_fg_memory_images/orig11.jpg","Scam","real",29,1,"Young",3.36458333333333
"1793","104690","resources/real_fg_memory_images/orig12.jpg","Scam","real",29,1,"Young",3.36458333333333
"1794","104690","resources/real_fg_memory_images/orig1.jpg","Neutral","real",29,1,"Young",3.36458333333333
"1795","104690","resources/real_fg_memory_images/fg22.jpg","Neutral","artificial",29,1,"Young",3.36458333333333
"1796","104690","resources/real_fg_memory_images/fg28.jpg","Scam","artificial",29,1,"Young",3.36458333333333
"1797","104690","resources/real_fg_memory_images/fg30.jpg","Scam","artificial",29,0,"Young",3.36458333333333
"1798","104690","resources/real_fg_memory_images/orig8.jpg","Scam","real",29,1,"Young",3.36458333333333
"1799","104690","resources/real_fg_memory_images/orig3.jpg","Neutral","real",29,0,"Young",3.36458333333333
"1800","104690","resources/real_fg_memory_images/orig2.jpg","Neutral","real",29,1,"Young",3.36458333333333
"1801","142275","resources/real_fg_memory_images/orig12.jpg","Scam","real",25,1,"Young",-0.635416666666668
"1802","142275","resources/real_fg_memory_images/fg30.jpg","Scam","artificial",25,1,"Young",-0.635416666666668
"1803","142275","resources/real_fg_memory_images/fg25.jpg","Scam","artificial",25,1,"Young",-0.635416666666668
"1804","142275","resources/real_fg_memory_images/fg28.jpg","Scam","artificial",25,1,"Young",-0.635416666666668
"1805","142275","resources/real_fg_memory_images/orig9.jpg","Scam","real",25,1,"Young",-0.635416666666668
"1806","142275","resources/real_fg_memory_images/orig5.jpg","Neutral","real",25,1,"Young",-0.635416666666668
"1807","142275","resources/real_fg_memory_images/orig7.jpg","Scam","real",25,1,"Young",-0.635416666666668
"1808","142275","resources/real_fg_memory_images/orig4.jpg","Neutral","real",25,1,"Young",-0.635416666666668
"1809","142275","resources/real_fg_memory_images/orig2.jpg","Neutral","real",25,1,"Young",-0.635416666666668
"1810","142275","resources/real_fg_memory_images/fg19.jpg","Neutral","artificial",25,1,"Young",-0.635416666666668
"1811","142275","resources/real_fg_memory_images/orig6.jpg","Neutral","real",25,1,"Young",-0.635416666666668
"1812","142275","resources/real_fg_memory_images/fg29.jpg","Scam","artificial",25,1,"Young",-0.635416666666668
"1813","142275","resources/real_fg_memory_images/orig11.jpg","Scam","real",25,1,"Young",-0.635416666666668
"1814","142275","resources/real_fg_memory_images/orig1.jpg","Neutral","real",25,1,"Young",-0.635416666666668
"1815","142275","resources/real_fg_memory_images/fg22.jpg","Neutral","artificial",25,1,"Young",-0.635416666666668
"1816","142275","resources/real_fg_memory_images/orig10.jpg","Scam","real",25,1,"Young",-0.635416666666668
"1817","142275","resources/real_fg_memory_images/fg24.jpg","Neutral","artificial",25,1,"Young",-0.635416666666668
"1818","142275","resources/real_fg_memory_images/fg27.jpg","Scam","artificial",25,1,"Young",-0.635416666666668
"1819","142275","resources/real_fg_memory_images/fg23.jpg","Neutral","artificial",25,1,"Young",-0.635416666666668
"1820","142275","resources/real_fg_memory_images/orig3.jpg","Neutral","real",25,1,"Young",-0.635416666666668
"1821","142275","resources/real_fg_memory_images/orig8.jpg","Scam","real",25,1,"Young",-0.635416666666668
"1822","142275","resources/real_fg_memory_images/fg20.jpg","Neutral","artificial",25,1,"Young",-0.635416666666668
"1823","142275","resources/real_fg_memory_images/fg26.jpg","Scam","artificial",25,1,"Young",-0.635416666666668
"1824","142275","resources/real_fg_memory_images/fg21.jpg","Neutral","artificial",25,1,"Young",-0.635416666666668
"1825","164281","resources/real_fg_memory_images/orig8.jpg","Scam","real",23,1,"Young",-2.63541666666667
"1826","164281","resources/real_fg_memory_images/fg27.jpg","Scam","artificial",23,1,"Young",-2.63541666666667
"1827","164281","resources/real_fg_memory_images/orig10.jpg","Scam","real",23,1,"Young",-2.63541666666667
"1828","164281","resources/real_fg_memory_images/orig6.jpg","Neutral","real",23,1,"Young",-2.63541666666667
"1829","164281","resources/real_fg_memory_images/fg25.jpg","Scam","artificial",23,1,"Young",-2.63541666666667
"1830","164281","resources/real_fg_memory_images/fg20.jpg","Neutral","artificial",23,0,"Young",-2.63541666666667
"1831","164281","resources/real_fg_memory_images/fg22.jpg","Neutral","artificial",23,0,"Young",-2.63541666666667
"1832","164281","resources/real_fg_memory_images/fg26.jpg","Scam","artificial",23,1,"Young",-2.63541666666667
"1833","164281","resources/real_fg_memory_images/orig3.jpg","Neutral","real",23,1,"Young",-2.63541666666667
"1834","164281","resources/real_fg_memory_images/orig2.jpg","Neutral","real",23,1,"Young",-2.63541666666667
"1835","164281","resources/real_fg_memory_images/fg21.jpg","Neutral","artificial",23,1,"Young",-2.63541666666667
"1836","164281","resources/real_fg_memory_images/orig4.jpg","Neutral","real",23,1,"Young",-2.63541666666667
"1837","164281","resources/real_fg_memory_images/orig12.jpg","Scam","real",23,1,"Young",-2.63541666666667
"1838","164281","resources/real_fg_memory_images/fg30.jpg","Scam","artificial",23,1,"Young",-2.63541666666667
"1839","164281","resources/real_fg_memory_images/orig7.jpg","Scam","real",23,1,"Young",-2.63541666666667
"1840","164281","resources/real_fg_memory_images/fg29.jpg","Scam","artificial",23,0,"Young",-2.63541666666667
"1841","164281","resources/real_fg_memory_images/orig11.jpg","Scam","real",23,0,"Young",-2.63541666666667
"1842","164281","resources/real_fg_memory_images/orig1.jpg","Neutral","real",23,1,"Young",-2.63541666666667
"1843","164281","resources/real_fg_memory_images/fg23.jpg","Neutral","artificial",23,0,"Young",-2.63541666666667
"1844","164281","resources/real_fg_memory_images/orig9.jpg","Scam","real",23,1,"Young",-2.63541666666667
"1845","164281","resources/real_fg_memory_images/fg28.jpg","Scam","artificial",23,1,"Young",-2.63541666666667
"1846","164281","resources/real_fg_memory_images/fg24.jpg","Neutral","artificial",23,1,"Young",-2.63541666666667
"1847","164281","resources/real_fg_memory_images/fg19.jpg","Neutral","artificial",23,0,"Young",-2.63541666666667
"1848","164281","resources/real_fg_memory_images/orig5.jpg","Neutral","real",23,1,"Young",-2.63541666666667
"1849","234755","resources/real_fg_memory_images/orig9.jpg","Scam","real",28,0,"Young",2.36458333333333
"1850","234755","resources/real_fg_memory_images/orig6.jpg","Neutral","real",28,1,"Young",2.36458333333333
"1851","234755","resources/real_fg_memory_images/orig5.jpg","Neutral","real",28,1,"Young",2.36458333333333
"1852","234755","resources/real_fg_memory_images/fg29.jpg","Scam","artificial",28,1,"Young",2.36458333333333
"1853","234755","resources/real_fg_memory_images/fg24.jpg","Neutral","artificial",28,0,"Young",2.36458333333333
"1854","234755","resources/real_fg_memory_images/fg22.jpg","Neutral","artificial",28,1,"Young",2.36458333333333
"1855","234755","resources/real_fg_memory_images/fg19.jpg","Neutral","artificial",28,1,"Young",2.36458333333333
"1856","234755","resources/real_fg_memory_images/orig10.jpg","Scam","real",28,1,"Young",2.36458333333333
"1857","234755","resources/real_fg_memory_images/orig12.jpg","Scam","real",28,0,"Young",2.36458333333333
"1858","234755","resources/real_fg_memory_images/orig8.jpg","Scam","real",28,1,"Young",2.36458333333333
"1859","234755","resources/real_fg_memory_images/fg30.jpg","Scam","artificial",28,1,"Young",2.36458333333333
"1860","234755","resources/real_fg_memory_images/orig3.jpg","Neutral","real",28,0,"Young",2.36458333333333
"1861","234755","resources/real_fg_memory_images/orig1.jpg","Neutral","real",28,0,"Young",2.36458333333333
"1862","234755","resources/real_fg_memory_images/fg27.jpg","Scam","artificial",28,1,"Young",2.36458333333333
"1863","234755","resources/real_fg_memory_images/fg25.jpg","Scam","artificial",28,0,"Young",2.36458333333333
"1864","234755","resources/real_fg_memory_images/fg28.jpg","Scam","artificial",28,0,"Young",2.36458333333333
"1865","234755","resources/real_fg_memory_images/fg20.jpg","Neutral","artificial",28,1,"Young",2.36458333333333
"1866","234755","resources/real_fg_memory_images/orig2.jpg","Neutral","real",28,0,"Young",2.36458333333333
"1867","234755","resources/real_fg_memory_images/orig4.jpg","Neutral","real",28,1,"Young",2.36458333333333
"1868","234755","resources/real_fg_memory_images/orig7.jpg","Scam","real",28,1,"Young",2.36458333333333
"1869","234755","resources/real_fg_memory_images/fg26.jpg","Scam","artificial",28,0,"Young",2.36458333333333
"1870","234755","resources/real_fg_memory_images/orig11.jpg","Scam","real",28,1,"Young",2.36458333333333
"1871","234755","resources/real_fg_memory_images/fg23.jpg","Neutral","artificial",28,1,"Young",2.36458333333333
"1872","234755","resources/real_fg_memory_images/fg21.jpg","Neutral","artificial",28,1,"Young",2.36458333333333
"1873","264972","resources/real_fg_memory_images/orig12.jpg","Scam","real",22,1,"Young",-3.63541666666667
"1874","264972","resources/real_fg_memory_images/fg22.jpg","Neutral","artificial",22,0,"Young",-3.63541666666667
"1875","264972","resources/real_fg_memory_images/fg23.jpg","Neutral","artificial",22,1,"Young",-3.63541666666667
"1876","264972","resources/real_fg_memory_images/fg29.jpg","Scam","artificial",22,1,"Young",-3.63541666666667
"1877","264972","resources/real_fg_memory_images/orig1.jpg","Neutral","real",22,0,"Young",-3.63541666666667
"1878","264972","resources/real_fg_memory_images/fg28.jpg","Scam","artificial",22,1,"Young",-3.63541666666667
"1879","264972","resources/real_fg_memory_images/fg19.jpg","Neutral","artificial",22,1,"Young",-3.63541666666667
"1880","264972","resources/real_fg_memory_images/fg21.jpg","Neutral","artificial",22,1,"Young",-3.63541666666667
"1881","264972","resources/real_fg_memory_images/orig8.jpg","Scam","real",22,1,"Young",-3.63541666666667
"1882","264972","resources/real_fg_memory_images/fg26.jpg","Scam","artificial",22,1,"Young",-3.63541666666667
"1883","264972","resources/real_fg_memory_images/orig6.jpg","Neutral","real",22,1,"Young",-3.63541666666667
"1884","264972","resources/real_fg_memory_images/fg20.jpg","Neutral","artificial",22,1,"Young",-3.63541666666667
"1885","264972","resources/real_fg_memory_images/fg30.jpg","Scam","artificial",22,1,"Young",-3.63541666666667
"1886","264972","resources/real_fg_memory_images/orig5.jpg","Neutral","real",22,1,"Young",-3.63541666666667
"1887","264972","resources/real_fg_memory_images/orig3.jpg","Neutral","real",22,0,"Young",-3.63541666666667
"1888","264972","resources/real_fg_memory_images/fg27.jpg","Scam","artificial",22,1,"Young",-3.63541666666667
"1889","264972","resources/real_fg_memory_images/orig9.jpg","Scam","real",22,0,"Young",-3.63541666666667
"1890","264972","resources/real_fg_memory_images/orig10.jpg","Scam","real",22,1,"Young",-3.63541666666667
"1891","264972","resources/real_fg_memory_images/orig7.jpg","Scam","real",22,1,"Young",-3.63541666666667
"1892","264972","resources/real_fg_memory_images/orig2.jpg","Neutral","real",22,1,"Young",-3.63541666666667
"1893","264972","resources/real_fg_memory_images/orig4.jpg","Neutral","real",22,1,"Young",-3.63541666666667
"1894","264972","resources/real_fg_memory_images/orig11.jpg","Scam","real",22,0,"Young",-3.63541666666667
"1895","264972","resources/real_fg_memory_images/fg25.jpg","Scam","artificial",22,0,"Young",-3.63541666666667
"1896","264972","resources/real_fg_memory_images/fg24.jpg","Neutral","artificial",22,1,"Young",-3.63541666666667
"1897","337202","resources/real_fg_memory_images/orig3.jpg","Neutral","real",24,1,"Young",-1.63541666666667
"1898","337202","resources/real_fg_memory_images/fg25.jpg","Scam","artificial",24,0,"Young",-1.63541666666667
"1899","337202","resources/real_fg_memory_images/fg22.jpg","Neutral","artificial",24,1,"Young",-1.63541666666667
"1900","337202","resources/real_fg_memory_images/fg23.jpg","Neutral","artificial",24,0,"Young",-1.63541666666667
"1901","337202","resources/real_fg_memory_images/orig6.jpg","Neutral","real",24,0,"Young",-1.63541666666667
"1902","337202","resources/real_fg_memory_images/orig8.jpg","Scam","real",24,1,"Young",-1.63541666666667
"1903","337202","resources/real_fg_memory_images/fg20.jpg","Neutral","artificial",24,0,"Young",-1.63541666666667
"1904","337202","resources/real_fg_memory_images/fg29.jpg","Scam","artificial",24,1,"Young",-1.63541666666667
"1905","337202","resources/real_fg_memory_images/orig7.jpg","Scam","real",24,1,"Young",-1.63541666666667
"1906","337202","resources/real_fg_memory_images/orig10.jpg","Scam","real",24,0,"Young",-1.63541666666667
"1907","337202","resources/real_fg_memory_images/fg27.jpg","Scam","artificial",24,1,"Young",-1.63541666666667
"1908","337202","resources/real_fg_memory_images/fg24.jpg","Neutral","artificial",24,0,"Young",-1.63541666666667
"1909","337202","resources/real_fg_memory_images/fg19.jpg","Neutral","artificial",24,0,"Young",-1.63541666666667
"1910","337202","resources/real_fg_memory_images/fg21.jpg","Neutral","artificial",24,0,"Young",-1.63541666666667
"1911","337202","resources/real_fg_memory_images/orig5.jpg","Neutral","real",24,1,"Young",-1.63541666666667
"1912","337202","resources/real_fg_memory_images/orig2.jpg","Neutral","real",24,1,"Young",-1.63541666666667
"1913","337202","resources/real_fg_memory_images/orig12.jpg","Scam","real",24,1,"Young",-1.63541666666667
"1914","337202","resources/real_fg_memory_images/orig11.jpg","Scam","real",24,0,"Young",-1.63541666666667
"1915","337202","resources/real_fg_memory_images/fg30.jpg","Scam","artificial",24,1,"Young",-1.63541666666667
"1916","337202","resources/real_fg_memory_images/fg28.jpg","Scam","artificial",24,0,"Young",-1.63541666666667
"1917","337202","resources/real_fg_memory_images/orig1.jpg","Neutral","real",24,1,"Young",-1.63541666666667
"1918","337202","resources/real_fg_memory_images/orig9.jpg","Scam","real",24,0,"Young",-1.63541666666667
"1919","337202","resources/real_fg_memory_images/orig4.jpg","Neutral","real",24,0,"Young",-1.63541666666667
"1920","337202","resources/real_fg_memory_images/fg26.jpg","Scam","artificial",24,1,"Young",-1.63541666666667
"1921","369609","resources/real_fg_memory_images/orig12.jpg","Scam","real",20,1,"Young",-5.63541666666667
"1922","369609","resources/real_fg_memory_images/orig7.jpg","Scam","real",20,1,"Young",-5.63541666666667
"1923","369609","resources/real_fg_memory_images/orig6.jpg","Neutral","real",20,1,"Young",-5.63541666666667
"1924","369609","resources/real_fg_memory_images/fg30.jpg","Scam","artificial",20,1,"Young",-5.63541666666667
"1925","369609","resources/real_fg_memory_images/fg26.jpg","Scam","artificial",20,1,"Young",-5.63541666666667
"1926","369609","resources/real_fg_memory_images/fg25.jpg","Scam","artificial",20,1,"Young",-5.63541666666667
"1927","369609","resources/real_fg_memory_images/fg29.jpg","Scam","artificial",20,1,"Young",-5.63541666666667
"1928","369609","resources/real_fg_memory_images/orig11.jpg","Scam","real",20,1,"Young",-5.63541666666667
"1929","369609","resources/real_fg_memory_images/orig3.jpg","Neutral","real",20,1,"Young",-5.63541666666667
"1930","369609","resources/real_fg_memory_images/fg21.jpg","Neutral","artificial",20,1,"Young",-5.63541666666667
"1931","369609","resources/real_fg_memory_images/orig4.jpg","Neutral","real",20,0,"Young",-5.63541666666667
"1932","369609","resources/real_fg_memory_images/orig9.jpg","Scam","real",20,0,"Young",-5.63541666666667
"1933","369609","resources/real_fg_memory_images/orig8.jpg","Scam","real",20,0,"Young",-5.63541666666667
"1934","369609","resources/real_fg_memory_images/orig2.jpg","Neutral","real",20,0,"Young",-5.63541666666667
"1935","369609","resources/real_fg_memory_images/fg20.jpg","Neutral","artificial",20,0,"Young",-5.63541666666667
"1936","369609","resources/real_fg_memory_images/orig1.jpg","Neutral","real",20,0,"Young",-5.63541666666667
"1937","369609","resources/real_fg_memory_images/fg19.jpg","Neutral","artificial",20,0,"Young",-5.63541666666667
"1938","369609","resources/real_fg_memory_images/fg27.jpg","Scam","artificial",20,1,"Young",-5.63541666666667
"1939","369609","resources/real_fg_memory_images/orig10.jpg","Scam","real",20,1,"Young",-5.63541666666667
"1940","369609","resources/real_fg_memory_images/fg22.jpg","Neutral","artificial",20,1,"Young",-5.63541666666667
"1941","369609","resources/real_fg_memory_images/fg28.jpg","Scam","artificial",20,1,"Young",-5.63541666666667
"1942","369609","resources/real_fg_memory_images/orig5.jpg","Neutral","real",20,0,"Young",-5.63541666666667
"1943","369609","resources/real_fg_memory_images/fg24.jpg","Neutral","artificial",20,0,"Young",-5.63541666666667
"1944","369609","resources/real_fg_memory_images/fg23.jpg","Neutral","artificial",20,0,"Young",-5.63541666666667
"1945","419409","resources/real_fg_memory_images/fg23.jpg","Neutral","artificial",27,0,"Young",1.36458333333333
"1946","419409","resources/real_fg_memory_images/fg25.jpg","Scam","artificial",27,0,"Young",1.36458333333333
"1947","419409","resources/real_fg_memory_images/orig8.jpg","Scam","real",27,1,"Young",1.36458333333333
"1948","419409","resources/real_fg_memory_images/fg26.jpg","Scam","artificial",27,1,"Young",1.36458333333333
"1949","419409","resources/real_fg_memory_images/orig10.jpg","Scam","real",27,1,"Young",1.36458333333333
"1950","419409","resources/real_fg_memory_images/fg21.jpg","Neutral","artificial",27,1,"Young",1.36458333333333
"1951","419409","resources/real_fg_memory_images/orig11.jpg","Scam","real",27,1,"Young",1.36458333333333
"1952","419409","resources/real_fg_memory_images/orig6.jpg","Neutral","real",27,1,"Young",1.36458333333333
"1953","419409","resources/real_fg_memory_images/fg28.jpg","Scam","artificial",27,0,"Young",1.36458333333333
"1954","419409","resources/real_fg_memory_images/fg29.jpg","Scam","artificial",27,1,"Young",1.36458333333333
"1955","419409","resources/real_fg_memory_images/orig12.jpg","Scam","real",27,1,"Young",1.36458333333333
"1956","419409","resources/real_fg_memory_images/orig7.jpg","Scam","real",27,1,"Young",1.36458333333333
"1957","419409","resources/real_fg_memory_images/orig3.jpg","Neutral","real",27,1,"Young",1.36458333333333
"1958","419409","resources/real_fg_memory_images/orig5.jpg","Neutral","real",27,1,"Young",1.36458333333333
"1959","419409","resources/real_fg_memory_images/orig2.jpg","Neutral","real",27,1,"Young",1.36458333333333
"1960","419409","resources/real_fg_memory_images/fg19.jpg","Neutral","artificial",27,0,"Young",1.36458333333333
"1961","419409","resources/real_fg_memory_images/fg22.jpg","Neutral","artificial",27,1,"Young",1.36458333333333
"1962","419409","resources/real_fg_memory_images/orig1.jpg","Neutral","real",27,0,"Young",1.36458333333333
"1963","419409","resources/real_fg_memory_images/fg27.jpg","Scam","artificial",27,1,"Young",1.36458333333333
"1964","419409","resources/real_fg_memory_images/orig4.jpg","Neutral","real",27,1,"Young",1.36458333333333
"1965","419409","resources/real_fg_memory_images/orig9.jpg","Scam","real",27,0,"Young",1.36458333333333
"1966","419409","resources/real_fg_memory_images/fg24.jpg","Neutral","artificial",27,1,"Young",1.36458333333333
"1967","419409","resources/real_fg_memory_images/fg20.jpg","Neutral","artificial",27,1,"Young",1.36458333333333
"1968","419409","resources/real_fg_memory_images/fg30.jpg","Scam","artificial",27,0,"Young",1.36458333333333
"1969","452251","resources/real_fg_memory_images/fg29.jpg","Scam","artificial",24,1,"Young",-1.63541666666667
"1970","452251","resources/real_fg_memory_images/orig5.jpg","Neutral","real",24,1,"Young",-1.63541666666667
"1971","452251","resources/real_fg_memory_images/fg20.jpg","Neutral","artificial",24,1,"Young",-1.63541666666667
"1972","452251","resources/real_fg_memory_images/fg30.jpg","Scam","artificial",24,0,"Young",-1.63541666666667
"1973","452251","resources/real_fg_memory_images/fg21.jpg","Neutral","artificial",24,1,"Young",-1.63541666666667
"1974","452251","resources/real_fg_memory_images/orig2.jpg","Neutral","real",24,1,"Young",-1.63541666666667
"1975","452251","resources/real_fg_memory_images/fg26.jpg","Scam","artificial",24,1,"Young",-1.63541666666667
"1976","452251","resources/real_fg_memory_images/orig3.jpg","Neutral","real",24,1,"Young",-1.63541666666667
"1977","452251","resources/real_fg_memory_images/fg28.jpg","Scam","artificial",24,1,"Young",-1.63541666666667
"1978","452251","resources/real_fg_memory_images/fg24.jpg","Neutral","artificial",24,1,"Young",-1.63541666666667
"1979","452251","resources/real_fg_memory_images/fg25.jpg","Scam","artificial",24,0,"Young",-1.63541666666667
"1980","452251","resources/real_fg_memory_images/fg27.jpg","Scam","artificial",24,1,"Young",-1.63541666666667
"1981","452251","resources/real_fg_memory_images/fg23.jpg","Neutral","artificial",24,1,"Young",-1.63541666666667
"1982","452251","resources/real_fg_memory_images/orig4.jpg","Neutral","real",24,1,"Young",-1.63541666666667
"1983","452251","resources/real_fg_memory_images/orig7.jpg","Scam","real",24,0,"Young",-1.63541666666667
"1984","452251","resources/real_fg_memory_images/orig8.jpg","Scam","real",24,1,"Young",-1.63541666666667
"1985","452251","resources/real_fg_memory_images/orig12.jpg","Scam","real",24,0,"Young",-1.63541666666667
"1986","452251","resources/real_fg_memory_images/fg19.jpg","Neutral","artificial",24,1,"Young",-1.63541666666667
"1987","452251","resources/real_fg_memory_images/fg22.jpg","Neutral","artificial",24,1,"Young",-1.63541666666667
"1988","452251","resources/real_fg_memory_images/orig9.jpg","Scam","real",24,0,"Young",-1.63541666666667
"1989","452251","resources/real_fg_memory_images/orig11.jpg","Scam","real",24,0,"Young",-1.63541666666667
"1990","452251","resources/real_fg_memory_images/orig6.jpg","Neutral","real",24,1,"Young",-1.63541666666667
"1991","452251","resources/real_fg_memory_images/orig10.jpg","Scam","real",24,1,"Young",-1.63541666666667
"1992","452251","resources/real_fg_memory_images/orig1.jpg","Neutral","real",24,1,"Young",-1.63541666666667
"1993","464935","resources/real_fg_memory_images/orig8.jpg","Scam","real",22,1,"Young",-3.63541666666667
"1994","464935","resources/real_fg_memory_images/orig10.jpg","Scam","real",22,1,"Young",-3.63541666666667
"1995","464935","resources/real_fg_memory_images/fg25.jpg","Scam","artificial",22,1,"Young",-3.63541666666667
"1996","464935","resources/real_fg_memory_images/fg20.jpg","Neutral","artificial",22,0,"Young",-3.63541666666667
"1997","464935","resources/real_fg_memory_images/fg19.jpg","Neutral","artificial",22,1,"Young",-3.63541666666667
"1998","464935","resources/real_fg_memory_images/orig9.jpg","Scam","real",22,1,"Young",-3.63541666666667
"1999","464935","resources/real_fg_memory_images/orig4.jpg","Neutral","real",22,1,"Young",-3.63541666666667
"2000","464935","resources/real_fg_memory_images/orig2.jpg","Neutral","real",22,0,"Young",-3.63541666666667
"2001","464935","resources/real_fg_memory_images/orig1.jpg","Neutral","real",22,1,"Young",-3.63541666666667
"2002","464935","resources/real_fg_memory_images/orig7.jpg","Scam","real",22,1,"Young",-3.63541666666667
"2003","464935","resources/real_fg_memory_images/orig3.jpg","Neutral","real",22,1,"Young",-3.63541666666667
"2004","464935","resources/real_fg_memory_images/fg29.jpg","Scam","artificial",22,1,"Young",-3.63541666666667
"2005","464935","resources/real_fg_memory_images/fg30.jpg","Scam","artificial",22,1,"Young",-3.63541666666667
"2006","464935","resources/real_fg_memory_images/orig6.jpg","Neutral","real",22,1,"Young",-3.63541666666667
"2007","464935","resources/real_fg_memory_images/fg22.jpg","Neutral","artificial",22,1,"Young",-3.63541666666667
"2008","464935","resources/real_fg_memory_images/fg24.jpg","Neutral","artificial",22,0,"Young",-3.63541666666667
"2009","464935","resources/real_fg_memory_images/fg23.jpg","Neutral","artificial",22,1,"Young",-3.63541666666667
"2010","464935","resources/real_fg_memory_images/fg26.jpg","Scam","artificial",22,1,"Young",-3.63541666666667
"2011","464935","resources/real_fg_memory_images/fg21.jpg","Neutral","artificial",22,0,"Young",-3.63541666666667
"2012","464935","resources/real_fg_memory_images/orig12.jpg","Scam","real",22,1,"Young",-3.63541666666667
"2013","464935","resources/real_fg_memory_images/fg28.jpg","Scam","artificial",22,0,"Young",-3.63541666666667
"2014","464935","resources/real_fg_memory_images/orig11.jpg","Scam","real",22,1,"Young",-3.63541666666667
"2015","464935","resources/real_fg_memory_images/orig5.jpg","Neutral","real",22,0,"Young",-3.63541666666667
"2016","464935","resources/real_fg_memory_images/fg27.jpg","Scam","artificial",22,1,"Young",-3.63541666666667
"2017","478757","resources/real_fg_memory_images/orig11.jpg","Scam","real",27,1,"Young",1.36458333333333
"2018","478757","resources/real_fg_memory_images/orig6.jpg","Neutral","real",27,1,"Young",1.36458333333333
"2019","478757","resources/real_fg_memory_images/fg30.jpg","Scam","artificial",27,1,"Young",1.36458333333333
"2020","478757","resources/real_fg_memory_images/orig1.jpg","Neutral","real",27,1,"Young",1.36458333333333
"2021","478757","resources/real_fg_memory_images/fg19.jpg","Neutral","artificial",27,0,"Young",1.36458333333333
"2022","478757","resources/real_fg_memory_images/fg27.jpg","Scam","artificial",27,1,"Young",1.36458333333333
"2023","478757","resources/real_fg_memory_images/fg28.jpg","Scam","artificial",27,0,"Young",1.36458333333333
"2024","478757","resources/real_fg_memory_images/orig3.jpg","Neutral","real",27,1,"Young",1.36458333333333
"2025","478757","resources/real_fg_memory_images/orig2.jpg","Neutral","real",27,1,"Young",1.36458333333333
"2026","478757","resources/real_fg_memory_images/fg21.jpg","Neutral","artificial",27,0,"Young",1.36458333333333
"2027","478757","resources/real_fg_memory_images/orig4.jpg","Neutral","real",27,0,"Young",1.36458333333333
"2028","478757","resources/real_fg_memory_images/orig12.jpg","Scam","real",27,1,"Young",1.36458333333333
"2029","478757","resources/real_fg_memory_images/orig10.jpg","Scam","real",27,1,"Young",1.36458333333333
"2030","478757","resources/real_fg_memory_images/fg29.jpg","Scam","artificial",27,1,"Young",1.36458333333333
"2031","478757","resources/real_fg_memory_images/fg24.jpg","Neutral","artificial",27,1,"Young",1.36458333333333
"2032","478757","resources/real_fg_memory_images/orig7.jpg","Scam","real",27,1,"Young",1.36458333333333
"2033","478757","resources/real_fg_memory_images/fg23.jpg","Neutral","artificial",27,1,"Young",1.36458333333333
"2034","478757","resources/real_fg_memory_images/fg26.jpg","Scam","artificial",27,0,"Young",1.36458333333333
"2035","478757","resources/real_fg_memory_images/fg22.jpg","Neutral","artificial",27,1,"Young",1.36458333333333
"2036","478757","resources/real_fg_memory_images/orig8.jpg","Scam","real",27,1,"Young",1.36458333333333
"2037","478757","resources/real_fg_memory_images/fg20.jpg","Neutral","artificial",27,1,"Young",1.36458333333333
"2038","478757","resources/real_fg_memory_images/fg25.jpg","Scam","artificial",27,1,"Young",1.36458333333333
"2039","478757","resources/real_fg_memory_images/orig9.jpg","Scam","real",27,0,"Young",1.36458333333333
"2040","478757","resources/real_fg_memory_images/orig5.jpg","Neutral","real",27,1,"Young",1.36458333333333
"2041","527939","resources/real_fg_memory_images/fg26.jpg","Scam","artificial",28,0,"Young",2.36458333333333
"2042","527939","resources/real_fg_memory_images/fg20.jpg","Neutral","artificial",28,1,"Young",2.36458333333333
"2043","527939","resources/real_fg_memory_images/orig11.jpg","Scam","real",28,1,"Young",2.36458333333333
"2044","527939","resources/real_fg_memory_images/fg19.jpg","Neutral","artificial",28,1,"Young",2.36458333333333
"2045","527939","resources/real_fg_memory_images/fg24.jpg","Neutral","artificial",28,1,"Young",2.36458333333333
"2046","527939","resources/real_fg_memory_images/orig1.jpg","Neutral","real",28,0,"Young",2.36458333333333
"2047","527939","resources/real_fg_memory_images/orig4.jpg","Neutral","real",28,1,"Young",2.36458333333333
"2048","527939","resources/real_fg_memory_images/fg22.jpg","Neutral","artificial",28,1,"Young",2.36458333333333
"2049","527939","resources/real_fg_memory_images/orig10.jpg","Scam","real",28,1,"Young",2.36458333333333
"2050","527939","resources/real_fg_memory_images/orig9.jpg","Scam","real",28,1,"Young",2.36458333333333
"2051","527939","resources/real_fg_memory_images/orig3.jpg","Neutral","real",28,1,"Young",2.36458333333333
"2052","527939","resources/real_fg_memory_images/orig2.jpg","Neutral","real",28,1,"Young",2.36458333333333
"2053","527939","resources/real_fg_memory_images/fg23.jpg","Neutral","artificial",28,1,"Young",2.36458333333333
"2054","527939","resources/real_fg_memory_images/fg27.jpg","Scam","artificial",28,1,"Young",2.36458333333333
"2055","527939","resources/real_fg_memory_images/fg29.jpg","Scam","artificial",28,1,"Young",2.36458333333333
"2056","527939","resources/real_fg_memory_images/fg21.jpg","Neutral","artificial",28,1,"Young",2.36458333333333
"2057","527939","resources/real_fg_memory_images/fg30.jpg","Scam","artificial",28,0,"Young",2.36458333333333
"2058","527939","resources/real_fg_memory_images/fg28.jpg","Scam","artificial",28,1,"Young",2.36458333333333
"2059","527939","resources/real_fg_memory_images/orig12.jpg","Scam","real",28,1,"Young",2.36458333333333
"2060","527939","resources/real_fg_memory_images/orig7.jpg","Scam","real",28,0,"Young",2.36458333333333
"2061","527939","resources/real_fg_memory_images/fg25.jpg","Scam","artificial",28,0,"Young",2.36458333333333
"2062","527939","resources/real_fg_memory_images/orig8.jpg","Scam","real",28,1,"Young",2.36458333333333
"2063","527939","resources/real_fg_memory_images/orig5.jpg","Neutral","real",28,1,"Young",2.36458333333333
"2064","527939","resources/real_fg_memory_images/orig6.jpg","Neutral","real",28,0,"Young",2.36458333333333
"2065","593259","resources/real_fg_memory_images/orig3.jpg","Neutral","real",27,1,"Young",1.36458333333333
"2066","593259","resources/real_fg_memory_images/orig1.jpg","Neutral","real",27,0,"Young",1.36458333333333
"2067","593259","resources/real_fg_memory_images/orig12.jpg","Scam","real",27,1,"Young",1.36458333333333
"2068","593259","resources/real_fg_memory_images/orig10.jpg","Scam","real",27,0,"Young",1.36458333333333
"2069","593259","resources/real_fg_memory_images/fg23.jpg","Neutral","artificial",27,0,"Young",1.36458333333333
"2070","593259","resources/real_fg_memory_images/orig9.jpg","Scam","real",27,1,"Young",1.36458333333333
"2071","593259","resources/real_fg_memory_images/orig11.jpg","Scam","real",27,0,"Young",1.36458333333333
"2072","593259","resources/real_fg_memory_images/orig4.jpg","Neutral","real",27,1,"Young",1.36458333333333
"2073","593259","resources/real_fg_memory_images/fg29.jpg","Scam","artificial",27,1,"Young",1.36458333333333
"2074","593259","resources/real_fg_memory_images/orig8.jpg","Scam","real",27,1,"Young",1.36458333333333
"2075","593259","resources/real_fg_memory_images/fg19.jpg","Neutral","artificial",27,0,"Young",1.36458333333333
"2076","593259","resources/real_fg_memory_images/fg22.jpg","Neutral","artificial",27,0,"Young",1.36458333333333
"2077","593259","resources/real_fg_memory_images/fg20.jpg","Neutral","artificial",27,1,"Young",1.36458333333333
"2078","593259","resources/real_fg_memory_images/orig7.jpg","Scam","real",27,1,"Young",1.36458333333333
"2079","593259","resources/real_fg_memory_images/fg25.jpg","Scam","artificial",27,1,"Young",1.36458333333333
"2080","593259","resources/real_fg_memory_images/orig5.jpg","Neutral","real",27,0,"Young",1.36458333333333
"2081","593259","resources/real_fg_memory_images/fg27.jpg","Scam","artificial",27,1,"Young",1.36458333333333
"2082","593259","resources/real_fg_memory_images/fg21.jpg","Neutral","artificial",27,1,"Young",1.36458333333333
"2083","593259","resources/real_fg_memory_images/orig6.jpg","Neutral","real",27,1,"Young",1.36458333333333
"2084","593259","resources/real_fg_memory_images/orig2.jpg","Neutral","real",27,1,"Young",1.36458333333333
"2085","593259","resources/real_fg_memory_images/fg26.jpg","Scam","artificial",27,0,"Young",1.36458333333333
"2086","593259","resources/real_fg_memory_images/fg28.jpg","Scam","artificial",27,1,"Young",1.36458333333333
"2087","593259","resources/real_fg_memory_images/fg30.jpg","Scam","artificial",27,0,"Young",1.36458333333333
"2088","593259","resources/real_fg_memory_images/fg24.jpg","Neutral","artificial",27,0,"Young",1.36458333333333
"2089","703548","resources/real_fg_memory_images/orig11.jpg","Scam","real",28,1,"Young",2.36458333333333
"2090","703548","resources/real_fg_memory_images/orig7.jpg","Scam","real",28,1,"Young",2.36458333333333
"2091","703548","resources/real_fg_memory_images/fg24.jpg","Neutral","artificial",28,1,"Young",2.36458333333333
"2092","703548","resources/real_fg_memory_images/fg22.jpg","Neutral","artificial",28,1,"Young",2.36458333333333
"2093","703548","resources/real_fg_memory_images/orig12.jpg","Scam","real",28,0,"Young",2.36458333333333
"2094","703548","resources/real_fg_memory_images/orig3.jpg","Neutral","real",28,1,"Young",2.36458333333333
"2095","703548","resources/real_fg_memory_images/orig1.jpg","Neutral","real",28,1,"Young",2.36458333333333
"2096","703548","resources/real_fg_memory_images/fg28.jpg","Scam","artificial",28,0,"Young",2.36458333333333
"2097","703548","resources/real_fg_memory_images/fg19.jpg","Neutral","artificial",28,1,"Young",2.36458333333333
"2098","703548","resources/real_fg_memory_images/fg25.jpg","Scam","artificial",28,0,"Young",2.36458333333333
"2099","703548","resources/real_fg_memory_images/fg20.jpg","Neutral","artificial",28,1,"Young",2.36458333333333
"2100","703548","resources/real_fg_memory_images/orig5.jpg","Neutral","real",28,0,"Young",2.36458333333333
"2101","703548","resources/real_fg_memory_images/fg30.jpg","Scam","artificial",28,0,"Young",2.36458333333333
"2102","703548","resources/real_fg_memory_images/orig10.jpg","Scam","real",28,1,"Young",2.36458333333333
"2103","703548","resources/real_fg_memory_images/orig6.jpg","Neutral","real",28,1,"Young",2.36458333333333
"2104","703548","resources/real_fg_memory_images/fg21.jpg","Neutral","artificial",28,0,"Young",2.36458333333333
"2105","703548","resources/real_fg_memory_images/fg27.jpg","Scam","artificial",28,1,"Young",2.36458333333333
"2106","703548","resources/real_fg_memory_images/orig9.jpg","Scam","real",28,1,"Young",2.36458333333333
"2107","703548","resources/real_fg_memory_images/orig4.jpg","Neutral","real",28,1,"Young",2.36458333333333
"2108","703548","resources/real_fg_memory_images/orig8.jpg","Scam","real",28,1,"Young",2.36458333333333
"2109","703548","resources/real_fg_memory_images/fg29.jpg","Scam","artificial",28,1,"Young",2.36458333333333
"2110","703548","resources/real_fg_memory_images/fg26.jpg","Scam","artificial",28,1,"Young",2.36458333333333
"2111","703548","resources/real_fg_memory_images/fg23.jpg","Neutral","artificial",28,1,"Young",2.36458333333333
"2112","703548","resources/real_fg_memory_images/orig2.jpg","Neutral","real",28,1,"Young",2.36458333333333
"2113","776792","resources/real_fg_memory_images/orig9.jpg","Scam","real",26,0,"Young",0.364583333333332
"2114","776792","resources/real_fg_memory_images/orig10.jpg","Scam","real",26,0,"Young",0.364583333333332
"2115","776792","resources/real_fg_memory_images/fg29.jpg","Scam","artificial",26,1,"Young",0.364583333333332
"2116","776792","resources/real_fg_memory_images/orig6.jpg","Neutral","real",26,1,"Young",0.364583333333332
"2117","776792","resources/real_fg_memory_images/fg22.jpg","Neutral","artificial",26,0,"Young",0.364583333333332
"2118","776792","resources/real_fg_memory_images/fg19.jpg","Neutral","artificial",26,1,"Young",0.364583333333332
"2119","776792","resources/real_fg_memory_images/fg20.jpg","Neutral","artificial",26,1,"Young",0.364583333333332
"2120","776792","resources/real_fg_memory_images/fg24.jpg","Neutral","artificial",26,1,"Young",0.364583333333332
"2121","776792","resources/real_fg_memory_images/orig11.jpg","Scam","real",26,0,"Young",0.364583333333332
"2122","776792","resources/real_fg_memory_images/orig1.jpg","Neutral","real",26,1,"Young",0.364583333333332
"2123","776792","resources/real_fg_memory_images/orig8.jpg","Scam","real",26,1,"Young",0.364583333333332
"2124","776792","resources/real_fg_memory_images/fg28.jpg","Scam","artificial",26,1,"Young",0.364583333333332
"2125","776792","resources/real_fg_memory_images/orig4.jpg","Neutral","real",26,0,"Young",0.364583333333332
"2126","776792","resources/real_fg_memory_images/orig5.jpg","Neutral","real",26,1,"Young",0.364583333333332
"2127","776792","resources/real_fg_memory_images/fg26.jpg","Scam","artificial",26,1,"Young",0.364583333333332
"2128","776792","resources/real_fg_memory_images/orig3.jpg","Neutral","real",26,1,"Young",0.364583333333332
"2129","776792","resources/real_fg_memory_images/fg21.jpg","Neutral","artificial",26,0,"Young",0.364583333333332
"2130","776792","resources/real_fg_memory_images/fg27.jpg","Scam","artificial",26,1,"Young",0.364583333333332
"2131","776792","resources/real_fg_memory_images/fg30.jpg","Scam","artificial",26,0,"Young",0.364583333333332
"2132","776792","resources/real_fg_memory_images/fg25.jpg","Scam","artificial",26,0,"Young",0.364583333333332
"2133","776792","resources/real_fg_memory_images/orig2.jpg","Neutral","real",26,1,"Young",0.364583333333332
"2134","776792","resources/real_fg_memory_images/orig12.jpg","Scam","real",26,0,"Young",0.364583333333332
"2135","776792","resources/real_fg_memory_images/fg23.jpg","Neutral","artificial",26,1,"Young",0.364583333333332
"2136","776792","resources/real_fg_memory_images/orig7.jpg","Scam","real",26,0,"Young",0.364583333333332
"2137","784447","resources/real_fg_memory_images/orig4.jpg","Neutral","real",25,1,"Young",-0.635416666666668
"2138","784447","resources/real_fg_memory_images/fg28.jpg","Scam","artificial",25,1,"Young",-0.635416666666668
"2139","784447","resources/real_fg_memory_images/fg21.jpg","Neutral","artificial",25,1,"Young",-0.635416666666668
"2140","784447","resources/real_fg_memory_images/orig12.jpg","Scam","real",25,1,"Young",-0.635416666666668
"2141","784447","resources/real_fg_memory_images/orig7.jpg","Scam","real",25,1,"Young",-0.635416666666668
"2142","784447","resources/real_fg_memory_images/orig10.jpg","Scam","real",25,1,"Young",-0.635416666666668
"2143","784447","resources/real_fg_memory_images/orig3.jpg","Neutral","real",25,1,"Young",-0.635416666666668
"2144","784447","resources/real_fg_memory_images/orig1.jpg","Neutral","real",25,0,"Young",-0.635416666666668
"2145","784447","resources/real_fg_memory_images/fg24.jpg","Neutral","artificial",25,1,"Young",-0.635416666666668
"2146","784447","resources/real_fg_memory_images/fg27.jpg","Scam","artificial",25,1,"Young",-0.635416666666668
"2147","784447","resources/real_fg_memory_images/orig5.jpg","Neutral","real",25,1,"Young",-0.635416666666668
"2148","784447","resources/real_fg_memory_images/orig2.jpg","Neutral","real",25,1,"Young",-0.635416666666668
"2149","784447","resources/real_fg_memory_images/fg23.jpg","Neutral","artificial",25,0,"Young",-0.635416666666668
"2150","784447","resources/real_fg_memory_images/orig9.jpg","Scam","real",25,1,"Young",-0.635416666666668
"2151","784447","resources/real_fg_memory_images/fg22.jpg","Neutral","artificial",25,0,"Young",-0.635416666666668
"2152","784447","resources/real_fg_memory_images/orig6.jpg","Neutral","real",25,1,"Young",-0.635416666666668
"2153","784447","resources/real_fg_memory_images/fg25.jpg","Scam","artificial",25,1,"Young",-0.635416666666668
"2154","784447","resources/real_fg_memory_images/orig8.jpg","Scam","real",25,1,"Young",-0.635416666666668
"2155","784447","resources/real_fg_memory_images/orig11.jpg","Scam","real",25,1,"Young",-0.635416666666668
"2156","784447","resources/real_fg_memory_images/fg30.jpg","Scam","artificial",25,0,"Young",-0.635416666666668
"2157","784447","resources/real_fg_memory_images/fg26.jpg","Scam","artificial",25,1,"Young",-0.635416666666668
"2158","784447","resources/real_fg_memory_images/fg20.jpg","Neutral","artificial",25,0,"Young",-0.635416666666668
"2159","784447","resources/real_fg_memory_images/fg19.jpg","Neutral","artificial",25,1,"Young",-0.635416666666668
"2160","784447","resources/real_fg_memory_images/fg29.jpg","Scam","artificial",25,1,"Young",-0.635416666666668
"2161","854895","resources/real_fg_memory_images/orig5.jpg","Neutral","real",29,1,"Young",3.36458333333333
"2162","854895","resources/real_fg_memory_images/orig9.jpg","Scam","real",29,1,"Young",3.36458333333333
"2163","854895","resources/real_fg_memory_images/orig12.jpg","Scam","real",29,1,"Young",3.36458333333333
"2164","854895","resources/real_fg_memory_images/fg24.jpg","Neutral","artificial",29,1,"Young",3.36458333333333
"2165","854895","resources/real_fg_memory_images/fg25.jpg","Scam","artificial",29,1,"Young",3.36458333333333
"2166","854895","resources/real_fg_memory_images/orig11.jpg","Scam","real",29,0,"Young",3.36458333333333
"2167","854895","resources/real_fg_memory_images/orig3.jpg","Neutral","real",29,1,"Young",3.36458333333333
"2168","854895","resources/real_fg_memory_images/fg20.jpg","Neutral","artificial",29,0,"Young",3.36458333333333
"2169","854895","resources/real_fg_memory_images/orig2.jpg","Neutral","real",29,1,"Young",3.36458333333333
"2170","854895","resources/real_fg_memory_images/fg29.jpg","Scam","artificial",29,0,"Young",3.36458333333333
"2171","854895","resources/real_fg_memory_images/fg26.jpg","Scam","artificial",29,1,"Young",3.36458333333333
"2172","854895","resources/real_fg_memory_images/fg30.jpg","Scam","artificial",29,1,"Young",3.36458333333333
"2173","854895","resources/real_fg_memory_images/orig8.jpg","Scam","real",29,0,"Young",3.36458333333333
"2174","854895","resources/real_fg_memory_images/fg21.jpg","Neutral","artificial",29,0,"Young",3.36458333333333
"2175","854895","resources/real_fg_memory_images/orig7.jpg","Scam","real",29,1,"Young",3.36458333333333
"2176","854895","resources/real_fg_memory_images/orig10.jpg","Scam","real",29,0,"Young",3.36458333333333
"2177","854895","resources/real_fg_memory_images/orig4.jpg","Neutral","real",29,1,"Young",3.36458333333333
"2178","854895","resources/real_fg_memory_images/fg23.jpg","Neutral","artificial",29,1,"Young",3.36458333333333
"2179","854895","resources/real_fg_memory_images/orig1.jpg","Neutral","real",29,1,"Young",3.36458333333333
"2180","854895","resources/real_fg_memory_images/fg19.jpg","Neutral","artificial",29,1,"Young",3.36458333333333
"2181","854895","resources/real_fg_memory_images/fg28.jpg","Scam","artificial",29,0,"Young",3.36458333333333
"2182","854895","resources/real_fg_memory_images/fg27.jpg","Scam","artificial",29,1,"Young",3.36458333333333
"2183","854895","resources/real_fg_memory_images/orig6.jpg","Neutral","real",29,0,"Young",3.36458333333333
"2184","854895","resources/real_fg_memory_images/fg22.jpg","Neutral","artificial",29,1,"Young",3.36458333333333
"2185","870305","resources/real_fg_memory_images/fg25.jpg","Scam","artificial",28,0,"Young",2.36458333333333
"2186","870305","resources/real_fg_memory_images/fg21.jpg","Neutral","artificial",28,1,"Young",2.36458333333333
"2187","870305","resources/real_fg_memory_images/orig1.jpg","Neutral","real",28,1,"Young",2.36458333333333
"2188","870305","resources/real_fg_memory_images/fg23.jpg","Neutral","artificial",28,0,"Young",2.36458333333333
"2189","870305","resources/real_fg_memory_images/orig4.jpg","Neutral","real",28,1,"Young",2.36458333333333
"2190","870305","resources/real_fg_memory_images/orig12.jpg","Scam","real",28,1,"Young",2.36458333333333
"2191","870305","resources/real_fg_memory_images/orig5.jpg","Neutral","real",28,0,"Young",2.36458333333333
"2192","870305","resources/real_fg_memory_images/orig11.jpg","Scam","real",28,0,"Young",2.36458333333333
"2193","870305","resources/real_fg_memory_images/orig7.jpg","Scam","real",28,1,"Young",2.36458333333333
"2194","870305","resources/real_fg_memory_images/fg26.jpg","Scam","artificial",28,0,"Young",2.36458333333333
"2195","870305","resources/real_fg_memory_images/orig9.jpg","Scam","real",28,0,"Young",2.36458333333333
"2196","870305","resources/real_fg_memory_images/orig6.jpg","Neutral","real",28,1,"Young",2.36458333333333
"2197","870305","resources/real_fg_memory_images/fg24.jpg","Neutral","artificial",28,0,"Young",2.36458333333333
"2198","870305","resources/real_fg_memory_images/orig2.jpg","Neutral","real",28,1,"Young",2.36458333333333
"2199","870305","resources/real_fg_memory_images/orig10.jpg","Scam","real",28,0,"Young",2.36458333333333
"2200","870305","resources/real_fg_memory_images/orig3.jpg","Neutral","real",28,0,"Young",2.36458333333333
"2201","870305","resources/real_fg_memory_images/fg27.jpg","Scam","artificial",28,1,"Young",2.36458333333333
"2202","870305","resources/real_fg_memory_images/fg28.jpg","Scam","artificial",28,1,"Young",2.36458333333333
"2203","870305","resources/real_fg_memory_images/fg29.jpg","Scam","artificial",28,0,"Young",2.36458333333333
"2204","870305","resources/real_fg_memory_images/fg22.jpg","Neutral","artificial",28,1,"Young",2.36458333333333
"2205","870305","resources/real_fg_memory_images/fg20.jpg","Neutral","artificial",28,1,"Young",2.36458333333333
"2206","870305","resources/real_fg_memory_images/fg30.jpg","Scam","artificial",28,0,"Young",2.36458333333333
"2207","870305","resources/real_fg_memory_images/fg19.jpg","Neutral","artificial",28,1,"Young",2.36458333333333
"2208","870305","resources/real_fg_memory_images/orig8.jpg","Scam","real",28,1,"Young",2.36458333333333
"2209","877512","resources/real_fg_memory_images/orig9.jpg","Scam","real",29,0,"Young",3.36458333333333
"2210","877512","resources/real_fg_memory_images/orig8.jpg","Scam","real",29,1,"Young",3.36458333333333
"2211","877512","resources/real_fg_memory_images/fg23.jpg","Neutral","artificial",29,1,"Young",3.36458333333333
"2212","877512","resources/real_fg_memory_images/fg27.jpg","Scam","artificial",29,0,"Young",3.36458333333333
"2213","877512","resources/real_fg_memory_images/orig6.jpg","Neutral","real",29,1,"Young",3.36458333333333
"2214","877512","resources/real_fg_memory_images/fg30.jpg","Scam","artificial",29,1,"Young",3.36458333333333
"2215","877512","resources/real_fg_memory_images/fg28.jpg","Scam","artificial",29,1,"Young",3.36458333333333
"2216","877512","resources/real_fg_memory_images/orig3.jpg","Neutral","real",29,1,"Young",3.36458333333333
"2217","877512","resources/real_fg_memory_images/orig2.jpg","Neutral","real",29,0,"Young",3.36458333333333
"2218","877512","resources/real_fg_memory_images/fg24.jpg","Neutral","artificial",29,0,"Young",3.36458333333333
"2219","877512","resources/real_fg_memory_images/fg20.jpg","Neutral","artificial",29,1,"Young",3.36458333333333
"2220","877512","resources/real_fg_memory_images/fg21.jpg","Neutral","artificial",29,0,"Young",3.36458333333333
"2221","877512","resources/real_fg_memory_images/orig11.jpg","Scam","real",29,0,"Young",3.36458333333333
"2222","877512","resources/real_fg_memory_images/fg22.jpg","Neutral","artificial",29,1,"Young",3.36458333333333
"2223","877512","resources/real_fg_memory_images/fg25.jpg","Scam","artificial",29,1,"Young",3.36458333333333
"2224","877512","resources/real_fg_memory_images/fg19.jpg","Neutral","artificial",29,0,"Young",3.36458333333333
"2225","877512","resources/real_fg_memory_images/fg29.jpg","Scam","artificial",29,1,"Young",3.36458333333333
"2226","877512","resources/real_fg_memory_images/fg26.jpg","Scam","artificial",29,0,"Young",3.36458333333333
"2227","877512","resources/real_fg_memory_images/orig10.jpg","Scam","real",29,1,"Young",3.36458333333333
"2228","877512","resources/real_fg_memory_images/orig4.jpg","Neutral","real",29,1,"Young",3.36458333333333
"2229","877512","resources/real_fg_memory_images/orig12.jpg","Scam","real",29,1,"Young",3.36458333333333
"2230","877512","resources/real_fg_memory_images/orig7.jpg","Scam","real",29,0,"Young",3.36458333333333
"2231","877512","resources/real_fg_memory_images/orig5.jpg","Neutral","real",29,1,"Young",3.36458333333333
"2232","877512","resources/real_fg_memory_images/orig1.jpg","Neutral","real",29,0,"Young",3.36458333333333
"2233","886554","resources/real_fg_memory_images/fg29.jpg","Scam","artificial",23,1,"Young",-2.63541666666667
"2234","886554","resources/real_fg_memory_images/orig5.jpg","Neutral","real",23,1,"Young",-2.63541666666667
"2235","886554","resources/real_fg_memory_images/fg21.jpg","Neutral","artificial",23,0,"Young",-2.63541666666667
"2236","886554","resources/real_fg_memory_images/fg27.jpg","Scam","artificial",23,1,"Young",-2.63541666666667
"2237","886554","resources/real_fg_memory_images/orig7.jpg","Scam","real",23,1,"Young",-2.63541666666667
"2238","886554","resources/real_fg_memory_images/orig10.jpg","Scam","real",23,1,"Young",-2.63541666666667
"2239","886554","resources/real_fg_memory_images/fg30.jpg","Scam","artificial",23,0,"Young",-2.63541666666667
"2240","886554","resources/real_fg_memory_images/fg23.jpg","Neutral","artificial",23,1,"Young",-2.63541666666667
"2241","886554","resources/real_fg_memory_images/orig1.jpg","Neutral","real",23,1,"Young",-2.63541666666667
"2242","886554","resources/real_fg_memory_images/orig4.jpg","Neutral","real",23,1,"Young",-2.63541666666667
"2243","886554","resources/real_fg_memory_images/fg20.jpg","Neutral","artificial",23,1,"Young",-2.63541666666667
"2244","886554","resources/real_fg_memory_images/fg26.jpg","Scam","artificial",23,1,"Young",-2.63541666666667
"2245","886554","resources/real_fg_memory_images/orig3.jpg","Neutral","real",23,0,"Young",-2.63541666666667
"2246","886554","resources/real_fg_memory_images/orig6.jpg","Neutral","real",23,1,"Young",-2.63541666666667
"2247","886554","resources/real_fg_memory_images/fg22.jpg","Neutral","artificial",23,1,"Young",-2.63541666666667
"2248","886554","resources/real_fg_memory_images/orig11.jpg","Scam","real",23,1,"Young",-2.63541666666667
"2249","886554","resources/real_fg_memory_images/fg25.jpg","Scam","artificial",23,0,"Young",-2.63541666666667
"2250","886554","resources/real_fg_memory_images/fg28.jpg","Scam","artificial",23,0,"Young",-2.63541666666667
"2251","886554","resources/real_fg_memory_images/orig8.jpg","Scam","real",23,1,"Young",-2.63541666666667
"2252","886554","resources/real_fg_memory_images/fg24.jpg","Neutral","artificial",23,1,"Young",-2.63541666666667
"2253","886554","resources/real_fg_memory_images/orig2.jpg","Neutral","real",23,1,"Young",-2.63541666666667
"2254","886554","resources/real_fg_memory_images/orig12.jpg","Scam","real",23,0,"Young",-2.63541666666667
"2255","886554","resources/real_fg_memory_images/orig9.jpg","Scam","real",23,0,"Young",-2.63541666666667
"2256","886554","resources/real_fg_memory_images/fg19.jpg","Neutral","artificial",23,1,"Young",-2.63541666666667
"2257","894292","resources/real_fg_memory_images/orig9.jpg","Scam","real",21,1,"Young",-4.63541666666667
"2258","894292","resources/real_fg_memory_images/orig3.jpg","Neutral","real",21,0,"Young",-4.63541666666667
"2259","894292","resources/real_fg_memory_images/fg28.jpg","Scam","artificial",21,1,"Young",-4.63541666666667
"2260","894292","resources/real_fg_memory_images/orig8.jpg","Scam","real",21,1,"Young",-4.63541666666667
"2261","894292","resources/real_fg_memory_images/fg24.jpg","Neutral","artificial",21,0,"Young",-4.63541666666667
"2262","894292","resources/real_fg_memory_images/orig10.jpg","Scam","real",21,1,"Young",-4.63541666666667
"2263","894292","resources/real_fg_memory_images/fg21.jpg","Neutral","artificial",21,0,"Young",-4.63541666666667
"2264","894292","resources/real_fg_memory_images/orig12.jpg","Scam","real",21,1,"Young",-4.63541666666667
"2265","894292","resources/real_fg_memory_images/orig6.jpg","Neutral","real",21,0,"Young",-4.63541666666667
"2266","894292","resources/real_fg_memory_images/orig4.jpg","Neutral","real",21,0,"Young",-4.63541666666667
"2267","894292","resources/real_fg_memory_images/orig2.jpg","Neutral","real",21,0,"Young",-4.63541666666667
"2268","894292","resources/real_fg_memory_images/fg26.jpg","Scam","artificial",21,1,"Young",-4.63541666666667
"2269","894292","resources/real_fg_memory_images/fg30.jpg","Scam","artificial",21,1,"Young",-4.63541666666667
"2270","894292","resources/real_fg_memory_images/fg29.jpg","Scam","artificial",21,1,"Young",-4.63541666666667
"2271","894292","resources/real_fg_memory_images/fg27.jpg","Scam","artificial",21,1,"Young",-4.63541666666667
"2272","894292","resources/real_fg_memory_images/fg20.jpg","Neutral","artificial",21,0,"Young",-4.63541666666667
"2273","894292","resources/real_fg_memory_images/fg25.jpg","Scam","artificial",21,1,"Young",-4.63541666666667
"2274","894292","resources/real_fg_memory_images/orig1.jpg","Neutral","real",21,0,"Young",-4.63541666666667
"2275","894292","resources/real_fg_memory_images/fg19.jpg","Neutral","artificial",21,0,"Young",-4.63541666666667
"2276","894292","resources/real_fg_memory_images/orig5.jpg","Neutral","real",21,0,"Young",-4.63541666666667
"2277","894292","resources/real_fg_memory_images/orig7.jpg","Scam","real",21,1,"Young",-4.63541666666667
"2278","894292","resources/real_fg_memory_images/orig11.jpg","Scam","real",21,1,"Young",-4.63541666666667
"2279","894292","resources/real_fg_memory_images/fg23.jpg","Neutral","artificial",21,0,"Young",-4.63541666666667
"2280","894292","resources/real_fg_memory_images/fg22.jpg","Neutral","artificial",21,0,"Young",-4.63541666666667
"2281","899688","resources/real_fg_memory_images/orig8.jpg","Scam","real",28,1,"Young",2.36458333333333
"2282","899688","resources/real_fg_memory_images/fg24.jpg","Neutral","artificial",28,1,"Young",2.36458333333333
"2283","899688","resources/real_fg_memory_images/orig12.jpg","Scam","real",28,0,"Young",2.36458333333333
"2284","899688","resources/real_fg_memory_images/orig6.jpg","Neutral","real",28,1,"Young",2.36458333333333
"2285","899688","resources/real_fg_memory_images/fg30.jpg","Scam","artificial",28,1,"Young",2.36458333333333
"2286","899688","resources/real_fg_memory_images/fg23.jpg","Neutral","artificial",28,0,"Young",2.36458333333333
"2287","899688","resources/real_fg_memory_images/orig7.jpg","Scam","real",28,1,"Young",2.36458333333333
"2288","899688","resources/real_fg_memory_images/fg21.jpg","Neutral","artificial",28,0,"Young",2.36458333333333
"2289","899688","resources/real_fg_memory_images/orig9.jpg","Scam","real",28,0,"Young",2.36458333333333
"2290","899688","resources/real_fg_memory_images/fg28.jpg","Scam","artificial",28,1,"Young",2.36458333333333
"2291","899688","resources/real_fg_memory_images/fg26.jpg","Scam","artificial",28,1,"Young",2.36458333333333
"2292","899688","resources/real_fg_memory_images/orig4.jpg","Neutral","real",28,1,"Young",2.36458333333333
"2293","899688","resources/real_fg_memory_images/fg29.jpg","Scam","artificial",28,1,"Young",2.36458333333333
"2294","899688","resources/real_fg_memory_images/fg19.jpg","Neutral","artificial",28,1,"Young",2.36458333333333
"2295","899688","resources/real_fg_memory_images/orig11.jpg","Scam","real",28,1,"Young",2.36458333333333
"2296","899688","resources/real_fg_memory_images/fg22.jpg","Neutral","artificial",28,0,"Young",2.36458333333333
"2297","899688","resources/real_fg_memory_images/orig5.jpg","Neutral","real",28,1,"Young",2.36458333333333
"2298","899688","resources/real_fg_memory_images/orig3.jpg","Neutral","real",28,0,"Young",2.36458333333333
"2299","899688","resources/real_fg_memory_images/orig10.jpg","Scam","real",28,1,"Young",2.36458333333333
"2300","899688","resources/real_fg_memory_images/fg20.jpg","Neutral","artificial",28,1,"Young",2.36458333333333
"2301","899688","resources/real_fg_memory_images/fg25.jpg","Scam","artificial",28,1,"Young",2.36458333333333
"2302","899688","resources/real_fg_memory_images/fg27.jpg","Scam","artificial",28,1,"Young",2.36458333333333
"2303","899688","resources/real_fg_memory_images/orig2.jpg","Neutral","real",28,1,"Young",2.36458333333333
"2304","899688","resources/real_fg_memory_images/orig1.jpg","Neutral","real",28,1,"Young",2.36458333333333
"2305","037351","resources/real_fg_memory_images/fg8.jpg","Neutral","artificial",20,1,"Older",-5.63541666666667
"2306","037351","resources/real_fg_memory_images/fg6.jpg","Scam","artificial",20,0,"Older",-5.63541666666667
"2307","037351","resources/real_fg_memory_images/orig30.jpg","Neutral","real",20,1,"Older",-5.63541666666667
"2308","037351","resources/real_fg_memory_images/orig23.jpg","Scam","real",20,1,"Older",-5.63541666666667
"2309","037351","resources/real_fg_memory_images/orig22.jpg","Scam","real",20,1,"Older",-5.63541666666667
"2310","037351","resources/real_fg_memory_images/orig26.jpg","Neutral","real",20,1,"Older",-5.63541666666667
"2311","037351","resources/real_fg_memory_images/fg9.jpg","Neutral","artificial",20,0,"Older",-5.63541666666667
"2312","037351","resources/real_fg_memory_images/orig19.jpg","Scam","real",20,1,"Older",-5.63541666666667
"2313","037351","resources/real_fg_memory_images/fg5.jpg","Scam","artificial",20,1,"Older",-5.63541666666667
"2314","037351","resources/real_fg_memory_images/orig24.jpg","Scam","real",20,0,"Older",-5.63541666666667
"2315","037351","resources/real_fg_memory_images/orig20.jpg","Scam","real",20,1,"Older",-5.63541666666667
"2316","037351","resources/real_fg_memory_images/fg10.jpg","Neutral","artificial",20,0,"Older",-5.63541666666667
"2317","037351","resources/real_fg_memory_images/orig21.jpg","Scam","real",20,1,"Older",-5.63541666666667
"2318","037351","resources/real_fg_memory_images/fg2.jpg","Scam","artificial",20,0,"Older",-5.63541666666667
"2319","037351","resources/real_fg_memory_images/orig25.jpg","Neutral","real",20,1,"Older",-5.63541666666667
"2320","037351","resources/real_fg_memory_images/fg12.jpg","Neutral","artificial",20,0,"Older",-5.63541666666667
"2321","037351","resources/real_fg_memory_images/fg1.jpg","Scam","artificial",20,1,"Older",-5.63541666666667
"2322","037351","resources/real_fg_memory_images/orig29.jpg","Neutral","real",20,1,"Older",-5.63541666666667
"2323","037351","resources/real_fg_memory_images/orig28.jpg","Neutral","real",20,1,"Older",-5.63541666666667
"2324","037351","resources/real_fg_memory_images/orig27.jpg","Neutral","real",20,1,"Older",-5.63541666666667
"2325","037351","resources/real_fg_memory_images/fg3.jpg","Scam","artificial",20,1,"Older",-5.63541666666667
"2326","037351","resources/real_fg_memory_images/fg11.jpg","Neutral","artificial",20,1,"Older",-5.63541666666667
"2327","037351","resources/real_fg_memory_images/fg4.jpg","Scam","artificial",20,1,"Older",-5.63541666666667
"2328","037351","resources/real_fg_memory_images/fg7.jpg","Neutral","artificial",20,1,"Older",-5.63541666666667
"2329","151619","resources/real_fg_memory_images/fg2.jpg","Scam","artificial",22,0,"Older",-3.63541666666667
"2330","151619","resources/real_fg_memory_images/orig24.jpg","Scam","real",22,0,"Older",-3.63541666666667
"2331","151619","resources/real_fg_memory_images/orig22.jpg","Scam","real",22,1,"Older",-3.63541666666667
"2332","151619","resources/real_fg_memory_images/fg6.jpg","Scam","artificial",22,0,"Older",-3.63541666666667
"2333","151619","resources/real_fg_memory_images/fg5.jpg","Scam","artificial",22,1,"Older",-3.63541666666667
"2334","151619","resources/real_fg_memory_images/orig20.jpg","Scam","real",22,1,"Older",-3.63541666666667
"2335","151619","resources/real_fg_memory_images/fg9.jpg","Neutral","artificial",22,0,"Older",-3.63541666666667
"2336","151619","resources/real_fg_memory_images/orig30.jpg","Neutral","real",22,1,"Older",-3.63541666666667
"2337","151619","resources/real_fg_memory_images/orig25.jpg","Neutral","real",22,1,"Older",-3.63541666666667
"2338","151619","resources/real_fg_memory_images/orig26.jpg","Neutral","real",22,1,"Older",-3.63541666666667
"2339","151619","resources/real_fg_memory_images/fg3.jpg","Scam","artificial",22,1,"Older",-3.63541666666667
"2340","151619","resources/real_fg_memory_images/orig28.jpg","Neutral","real",22,1,"Older",-3.63541666666667
"2341","151619","resources/real_fg_memory_images/orig21.jpg","Scam","real",22,1,"Older",-3.63541666666667
"2342","151619","resources/real_fg_memory_images/fg12.jpg","Neutral","artificial",22,0,"Older",-3.63541666666667
"2343","151619","resources/real_fg_memory_images/fg1.jpg","Scam","artificial",22,1,"Older",-3.63541666666667
"2344","151619","resources/real_fg_memory_images/orig19.jpg","Scam","real",22,1,"Older",-3.63541666666667
"2345","151619","resources/real_fg_memory_images/fg4.jpg","Scam","artificial",22,0,"Older",-3.63541666666667
"2346","151619","resources/real_fg_memory_images/orig29.jpg","Neutral","real",22,1,"Older",-3.63541666666667
"2347","151619","resources/real_fg_memory_images/fg7.jpg","Neutral","artificial",22,1,"Older",-3.63541666666667
"2348","151619","resources/real_fg_memory_images/fg8.jpg","Neutral","artificial",22,1,"Older",-3.63541666666667
"2349","151619","resources/real_fg_memory_images/orig27.jpg","Neutral","real",22,1,"Older",-3.63541666666667
"2350","151619","resources/real_fg_memory_images/orig23.jpg","Scam","real",22,1,"Older",-3.63541666666667
"2351","151619","resources/real_fg_memory_images/fg10.jpg","Neutral","artificial",22,1,"Older",-3.63541666666667
"2352","151619","resources/real_fg_memory_images/fg11.jpg","Neutral","artificial",22,1,"Older",-3.63541666666667
"2353","183377","resources/real_fg_memory_images/orig23.jpg","Scam","real",19,1,"Older",-6.63541666666667
"2354","183377","resources/real_fg_memory_images/orig26.jpg","Neutral","real",19,1,"Older",-6.63541666666667
"2355","183377","resources/real_fg_memory_images/fg5.jpg","Scam","artificial",19,1,"Older",-6.63541666666667
"2356","183377","resources/real_fg_memory_images/fg3.jpg","Scam","artificial",19,1,"Older",-6.63541666666667
"2357","183377","resources/real_fg_memory_images/fg7.jpg","Neutral","artificial",19,0,"Older",-6.63541666666667
"2358","183377","resources/real_fg_memory_images/fg12.jpg","Neutral","artificial",19,1,"Older",-6.63541666666667
"2359","183377","resources/real_fg_memory_images/orig25.jpg","Neutral","real",19,0,"Older",-6.63541666666667
"2360","183377","resources/real_fg_memory_images/fg10.jpg","Neutral","artificial",19,0,"Older",-6.63541666666667
"2361","183377","resources/real_fg_memory_images/fg9.jpg","Neutral","artificial",19,1,"Older",-6.63541666666667
"2362","183377","resources/real_fg_memory_images/orig19.jpg","Scam","real",19,1,"Older",-6.63541666666667
"2363","183377","resources/real_fg_memory_images/orig24.jpg","Scam","real",19,0,"Older",-6.63541666666667
"2364","183377","resources/real_fg_memory_images/fg6.jpg","Scam","artificial",19,1,"Older",-6.63541666666667
"2365","183377","resources/real_fg_memory_images/fg8.jpg","Neutral","artificial",19,1,"Older",-6.63541666666667
"2366","183377","resources/real_fg_memory_images/orig20.jpg","Scam","real",19,1,"Older",-6.63541666666667
"2367","183377","resources/real_fg_memory_images/orig21.jpg","Scam","real",19,0,"Older",-6.63541666666667
"2368","183377","resources/real_fg_memory_images/orig28.jpg","Neutral","real",19,1,"Older",-6.63541666666667
"2369","183377","resources/real_fg_memory_images/orig30.jpg","Neutral","real",19,1,"Older",-6.63541666666667
"2370","183377","resources/real_fg_memory_images/orig27.jpg","Neutral","real",19,1,"Older",-6.63541666666667
"2371","183377","resources/real_fg_memory_images/fg1.jpg","Scam","artificial",19,1,"Older",-6.63541666666667
"2372","183377","resources/real_fg_memory_images/orig22.jpg","Scam","real",19,1,"Older",-6.63541666666667
"2373","183377","resources/real_fg_memory_images/fg2.jpg","Scam","artificial",19,0,"Older",-6.63541666666667
"2374","183377","resources/real_fg_memory_images/fg11.jpg","Neutral","artificial",19,1,"Older",-6.63541666666667
"2375","183377","resources/real_fg_memory_images/fg4.jpg","Scam","artificial",19,0,"Older",-6.63541666666667
"2376","183377","resources/real_fg_memory_images/orig29.jpg","Neutral","real",19,0,"Older",-6.63541666666667
"2377","215889","resources/real_fg_memory_images/orig19.jpg","Scam","real",24,0,"Older",-1.63541666666667
"2378","215889","resources/real_fg_memory_images/fg10.jpg","Neutral","artificial",24,0,"Older",-1.63541666666667
"2379","215889","resources/real_fg_memory_images/fg8.jpg","Neutral","artificial",24,1,"Older",-1.63541666666667
"2380","215889","resources/real_fg_memory_images/orig20.jpg","Scam","real",24,1,"Older",-1.63541666666667
"2381","215889","resources/real_fg_memory_images/fg4.jpg","Scam","artificial",24,1,"Older",-1.63541666666667
"2382","215889","resources/real_fg_memory_images/orig30.jpg","Neutral","real",24,0,"Older",-1.63541666666667
"2383","215889","resources/real_fg_memory_images/fg2.jpg","Scam","artificial",24,1,"Older",-1.63541666666667
"2384","215889","resources/real_fg_memory_images/fg7.jpg","Neutral","artificial",24,1,"Older",-1.63541666666667
"2385","215889","resources/real_fg_memory_images/orig28.jpg","Neutral","real",24,1,"Older",-1.63541666666667
"2386","215889","resources/real_fg_memory_images/orig21.jpg","Scam","real",24,1,"Older",-1.63541666666667
"2387","215889","resources/real_fg_memory_images/fg9.jpg","Neutral","artificial",24,0,"Older",-1.63541666666667
"2388","215889","resources/real_fg_memory_images/orig22.jpg","Scam","real",24,1,"Older",-1.63541666666667
"2389","215889","resources/real_fg_memory_images/orig24.jpg","Scam","real",24,0,"Older",-1.63541666666667
"2390","215889","resources/real_fg_memory_images/fg12.jpg","Neutral","artificial",24,0,"Older",-1.63541666666667
"2391","215889","resources/real_fg_memory_images/orig25.jpg","Neutral","real",24,1,"Older",-1.63541666666667
"2392","215889","resources/real_fg_memory_images/fg11.jpg","Neutral","artificial",24,1,"Older",-1.63541666666667
"2393","215889","resources/real_fg_memory_images/orig23.jpg","Scam","real",24,1,"Older",-1.63541666666667
"2394","215889","resources/real_fg_memory_images/orig27.jpg","Neutral","real",24,1,"Older",-1.63541666666667
"2395","215889","resources/real_fg_memory_images/fg3.jpg","Scam","artificial",24,1,"Older",-1.63541666666667
"2396","215889","resources/real_fg_memory_images/orig29.jpg","Neutral","real",24,0,"Older",-1.63541666666667
"2397","215889","resources/real_fg_memory_images/fg6.jpg","Scam","artificial",24,1,"Older",-1.63541666666667
"2398","215889","resources/real_fg_memory_images/fg1.jpg","Scam","artificial",24,1,"Older",-1.63541666666667
"2399","215889","resources/real_fg_memory_images/fg5.jpg","Scam","artificial",24,1,"Older",-1.63541666666667
"2400","215889","resources/real_fg_memory_images/orig26.jpg","Neutral","real",24,1,"Older",-1.63541666666667
"2401","237137","resources/real_fg_memory_images/fg6.jpg","Scam","artificial",28,1,"Older",2.36458333333333
"2402","237137","resources/real_fg_memory_images/fg8.jpg","Neutral","artificial",28,1,"Older",2.36458333333333
"2403","237137","resources/real_fg_memory_images/orig21.jpg","Scam","real",28,1,"Older",2.36458333333333
"2404","237137","resources/real_fg_memory_images/fg11.jpg","Neutral","artificial",28,1,"Older",2.36458333333333
"2405","237137","resources/real_fg_memory_images/orig30.jpg","Neutral","real",28,0,"Older",2.36458333333333
"2406","237137","resources/real_fg_memory_images/fg3.jpg","Scam","artificial",28,0,"Older",2.36458333333333
"2407","237137","resources/real_fg_memory_images/fg5.jpg","Scam","artificial",28,1,"Older",2.36458333333333
"2408","237137","resources/real_fg_memory_images/orig26.jpg","Neutral","real",28,1,"Older",2.36458333333333
"2409","237137","resources/real_fg_memory_images/orig23.jpg","Scam","real",28,1,"Older",2.36458333333333
"2410","237137","resources/real_fg_memory_images/fg7.jpg","Neutral","artificial",28,1,"Older",2.36458333333333
"2411","237137","resources/real_fg_memory_images/fg1.jpg","Scam","artificial",28,1,"Older",2.36458333333333
"2412","237137","resources/real_fg_memory_images/orig22.jpg","Scam","real",28,1,"Older",2.36458333333333
"2413","237137","resources/real_fg_memory_images/fg2.jpg","Scam","artificial",28,1,"Older",2.36458333333333
"2414","237137","resources/real_fg_memory_images/orig25.jpg","Neutral","real",28,1,"Older",2.36458333333333
"2415","237137","resources/real_fg_memory_images/orig29.jpg","Neutral","real",28,1,"Older",2.36458333333333
"2416","237137","resources/real_fg_memory_images/fg12.jpg","Neutral","artificial",28,0,"Older",2.36458333333333
"2417","237137","resources/real_fg_memory_images/orig27.jpg","Neutral","real",28,1,"Older",2.36458333333333
"2418","237137","resources/real_fg_memory_images/fg4.jpg","Scam","artificial",28,1,"Older",2.36458333333333
"2419","237137","resources/real_fg_memory_images/orig28.jpg","Neutral","real",28,1,"Older",2.36458333333333
"2420","237137","resources/real_fg_memory_images/orig24.jpg","Scam","real",28,1,"Older",2.36458333333333
"2421","237137","resources/real_fg_memory_images/fg9.jpg","Neutral","artificial",28,0,"Older",2.36458333333333
"2422","237137","resources/real_fg_memory_images/fg10.jpg","Neutral","artificial",28,1,"Older",2.36458333333333
"2423","237137","resources/real_fg_memory_images/orig19.jpg","Scam","real",28,1,"Older",2.36458333333333
"2424","237137","resources/real_fg_memory_images/orig20.jpg","Scam","real",28,1,"Older",2.36458333333333
"2425","281816","resources/real_fg_memory_images/fg8.jpg","Neutral","artificial",19,0,"Older",-6.63541666666667
"2426","281816","resources/real_fg_memory_images/orig19.jpg","Scam","real",19,1,"Older",-6.63541666666667
"2427","281816","resources/real_fg_memory_images/orig27.jpg","Neutral","real",19,1,"Older",-6.63541666666667
"2428","281816","resources/real_fg_memory_images/orig28.jpg","Neutral","real",19,1,"Older",-6.63541666666667
"2429","281816","resources/real_fg_memory_images/orig22.jpg","Scam","real",19,1,"Older",-6.63541666666667
"2430","281816","resources/real_fg_memory_images/fg9.jpg","Neutral","artificial",19,1,"Older",-6.63541666666667
"2431","281816","resources/real_fg_memory_images/orig24.jpg","Scam","real",19,0,"Older",-6.63541666666667
"2432","281816","resources/real_fg_memory_images/fg2.jpg","Scam","artificial",19,1,"Older",-6.63541666666667
"2433","281816","resources/real_fg_memory_images/fg12.jpg","Neutral","artificial",19,0,"Older",-6.63541666666667
"2434","281816","resources/real_fg_memory_images/orig20.jpg","Scam","real",19,1,"Older",-6.63541666666667
"2435","281816","resources/real_fg_memory_images/fg3.jpg","Scam","artificial",19,1,"Older",-6.63541666666667
"2436","281816","resources/real_fg_memory_images/fg4.jpg","Scam","artificial",19,1,"Older",-6.63541666666667
"2437","281816","resources/real_fg_memory_images/orig23.jpg","Scam","real",19,1,"Older",-6.63541666666667
"2438","281816","resources/real_fg_memory_images/orig30.jpg","Neutral","real",19,1,"Older",-6.63541666666667
"2439","281816","resources/real_fg_memory_images/orig21.jpg","Scam","real",19,1,"Older",-6.63541666666667
"2440","281816","resources/real_fg_memory_images/fg11.jpg","Neutral","artificial",19,1,"Older",-6.63541666666667
"2441","281816","resources/real_fg_memory_images/fg6.jpg","Scam","artificial",19,1,"Older",-6.63541666666667
"2442","281816","resources/real_fg_memory_images/fg7.jpg","Neutral","artificial",19,1,"Older",-6.63541666666667
"2443","281816","resources/real_fg_memory_images/orig25.jpg","Neutral","real",19,1,"Older",-6.63541666666667
"2444","281816","resources/real_fg_memory_images/orig29.jpg","Neutral","real",19,1,"Older",-6.63541666666667
"2445","281816","resources/real_fg_memory_images/fg5.jpg","Scam","artificial",19,1,"Older",-6.63541666666667
"2446","281816","resources/real_fg_memory_images/fg1.jpg","Scam","artificial",19,1,"Older",-6.63541666666667
"2447","281816","resources/real_fg_memory_images/fg10.jpg","Neutral","artificial",19,1,"Older",-6.63541666666667
"2448","281816","resources/real_fg_memory_images/orig26.jpg","Neutral","real",19,0,"Older",-6.63541666666667
"2449","301755","resources/real_fg_memory_images/orig19.jpg","Scam","real",28,0,"Older",2.36458333333333
"2450","301755","resources/real_fg_memory_images/fg6.jpg","Scam","artificial",28,1,"Older",2.36458333333333
"2451","301755","resources/real_fg_memory_images/fg2.jpg","Scam","artificial",28,1,"Older",2.36458333333333
"2452","301755","resources/real_fg_memory_images/fg12.jpg","Neutral","artificial",28,0,"Older",2.36458333333333
"2453","301755","resources/real_fg_memory_images/fg8.jpg","Neutral","artificial",28,1,"Older",2.36458333333333
"2454","301755","resources/real_fg_memory_images/orig28.jpg","Neutral","real",28,0,"Older",2.36458333333333
"2455","301755","resources/real_fg_memory_images/orig21.jpg","Scam","real",28,1,"Older",2.36458333333333
"2456","301755","resources/real_fg_memory_images/fg7.jpg","Neutral","artificial",28,0,"Older",2.36458333333333
"2457","301755","resources/real_fg_memory_images/orig23.jpg","Scam","real",28,0,"Older",2.36458333333333
"2458","301755","resources/real_fg_memory_images/fg3.jpg","Scam","artificial",28,1,"Older",2.36458333333333
"2459","301755","resources/real_fg_memory_images/fg1.jpg","Scam","artificial",28,1,"Older",2.36458333333333
"2460","301755","resources/real_fg_memory_images/orig26.jpg","Neutral","real",28,1,"Older",2.36458333333333
"2461","301755","resources/real_fg_memory_images/orig24.jpg","Scam","real",28,0,"Older",2.36458333333333
"2462","301755","resources/real_fg_memory_images/fg4.jpg","Scam","artificial",28,1,"Older",2.36458333333333
"2463","301755","resources/real_fg_memory_images/orig25.jpg","Neutral","real",28,1,"Older",2.36458333333333
"2464","301755","resources/real_fg_memory_images/fg11.jpg","Neutral","artificial",28,0,"Older",2.36458333333333
"2465","301755","resources/real_fg_memory_images/orig30.jpg","Neutral","real",28,1,"Older",2.36458333333333
"2466","301755","resources/real_fg_memory_images/fg10.jpg","Neutral","artificial",28,1,"Older",2.36458333333333
"2467","301755","resources/real_fg_memory_images/fg9.jpg","Neutral","artificial",28,1,"Older",2.36458333333333
"2468","301755","resources/real_fg_memory_images/fg5.jpg","Scam","artificial",28,0,"Older",2.36458333333333
"2469","301755","resources/real_fg_memory_images/orig20.jpg","Scam","real",28,1,"Older",2.36458333333333
"2470","301755","resources/real_fg_memory_images/orig27.jpg","Neutral","real",28,1,"Older",2.36458333333333
"2471","301755","resources/real_fg_memory_images/orig29.jpg","Neutral","real",28,0,"Older",2.36458333333333
"2472","301755","resources/real_fg_memory_images/orig22.jpg","Scam","real",28,1,"Older",2.36458333333333
"2473","337188","resources/real_fg_memory_images/orig23.jpg","Scam","real",23,1,"Older",-2.63541666666667
"2474","337188","resources/real_fg_memory_images/fg6.jpg","Scam","artificial",23,0,"Older",-2.63541666666667
"2475","337188","resources/real_fg_memory_images/orig21.jpg","Scam","real",23,1,"Older",-2.63541666666667
"2476","337188","resources/real_fg_memory_images/fg5.jpg","Scam","artificial",23,0,"Older",-2.63541666666667
"2477","337188","resources/real_fg_memory_images/orig22.jpg","Scam","real",23,1,"Older",-2.63541666666667
"2478","337188","resources/real_fg_memory_images/orig25.jpg","Neutral","real",23,1,"Older",-2.63541666666667
"2479","337188","resources/real_fg_memory_images/orig29.jpg","Neutral","real",23,1,"Older",-2.63541666666667
"2480","337188","resources/real_fg_memory_images/fg2.jpg","Scam","artificial",23,0,"Older",-2.63541666666667
"2481","337188","resources/real_fg_memory_images/fg1.jpg","Scam","artificial",23,1,"Older",-2.63541666666667
"2482","337188","resources/real_fg_memory_images/orig26.jpg","Neutral","real",23,1,"Older",-2.63541666666667
"2483","337188","resources/real_fg_memory_images/fg11.jpg","Neutral","artificial",23,1,"Older",-2.63541666666667
"2484","337188","resources/real_fg_memory_images/fg4.jpg","Scam","artificial",23,0,"Older",-2.63541666666667
"2485","337188","resources/real_fg_memory_images/orig19.jpg","Scam","real",23,1,"Older",-2.63541666666667
"2486","337188","resources/real_fg_memory_images/fg12.jpg","Neutral","artificial",23,1,"Older",-2.63541666666667
"2487","337188","resources/real_fg_memory_images/orig20.jpg","Scam","real",23,1,"Older",-2.63541666666667
"2488","337188","resources/real_fg_memory_images/fg7.jpg","Neutral","artificial",23,1,"Older",-2.63541666666667
"2489","337188","resources/real_fg_memory_images/orig24.jpg","Scam","real",23,0,"Older",-2.63541666666667
"2490","337188","resources/real_fg_memory_images/fg3.jpg","Scam","artificial",23,1,"Older",-2.63541666666667
"2491","337188","resources/real_fg_memory_images/fg10.jpg","Neutral","artificial",23,0,"Older",-2.63541666666667
"2492","337188","resources/real_fg_memory_images/fg8.jpg","Neutral","artificial",23,1,"Older",-2.63541666666667
"2493","337188","resources/real_fg_memory_images/fg9.jpg","Neutral","artificial",23,1,"Older",-2.63541666666667
"2494","337188","resources/real_fg_memory_images/orig28.jpg","Neutral","real",23,1,"Older",-2.63541666666667
"2495","337188","resources/real_fg_memory_images/orig30.jpg","Neutral","real",23,1,"Older",-2.63541666666667
"2496","337188","resources/real_fg_memory_images/orig27.jpg","Neutral","real",23,1,"Older",-2.63541666666667
"2497","461165","resources/real_fg_memory_images/orig27.jpg","Neutral","real",30,0,"Older",4.36458333333333
"2498","461165","resources/real_fg_memory_images/fg8.jpg","Neutral","artificial",30,0,"Older",4.36458333333333
"2499","461165","resources/real_fg_memory_images/fg3.jpg","Scam","artificial",30,1,"Older",4.36458333333333
"2500","461165","resources/real_fg_memory_images/fg4.jpg","Scam","artificial",30,0,"Older",4.36458333333333
"2501","461165","resources/real_fg_memory_images/orig23.jpg","Scam","real",30,1,"Older",4.36458333333333
"2502","461165","resources/real_fg_memory_images/orig20.jpg","Scam","real",30,1,"Older",4.36458333333333
"2503","461165","resources/real_fg_memory_images/orig30.jpg","Neutral","real",30,1,"Older",4.36458333333333
"2504","461165","resources/real_fg_memory_images/orig21.jpg","Scam","real",30,1,"Older",4.36458333333333
"2505","461165","resources/real_fg_memory_images/fg9.jpg","Neutral","artificial",30,0,"Older",4.36458333333333
"2506","461165","resources/real_fg_memory_images/fg6.jpg","Scam","artificial",30,0,"Older",4.36458333333333
"2507","461165","resources/real_fg_memory_images/orig24.jpg","Scam","real",30,0,"Older",4.36458333333333
"2508","461165","resources/real_fg_memory_images/orig19.jpg","Scam","real",30,1,"Older",4.36458333333333
"2509","461165","resources/real_fg_memory_images/orig29.jpg","Neutral","real",30,1,"Older",4.36458333333333
"2510","461165","resources/real_fg_memory_images/orig26.jpg","Neutral","real",30,1,"Older",4.36458333333333
"2511","461165","resources/real_fg_memory_images/fg1.jpg","Scam","artificial",30,1,"Older",4.36458333333333
"2512","461165","resources/real_fg_memory_images/fg5.jpg","Scam","artificial",30,1,"Older",4.36458333333333
"2513","461165","resources/real_fg_memory_images/orig22.jpg","Scam","real",30,0,"Older",4.36458333333333
"2514","461165","resources/real_fg_memory_images/fg11.jpg","Neutral","artificial",30,0,"Older",4.36458333333333
"2515","461165","resources/real_fg_memory_images/fg2.jpg","Scam","artificial",30,0,"Older",4.36458333333333
"2516","461165","resources/real_fg_memory_images/orig25.jpg","Neutral","real",30,1,"Older",4.36458333333333
"2517","461165","resources/real_fg_memory_images/fg10.jpg","Neutral","artificial",30,0,"Older",4.36458333333333
"2518","461165","resources/real_fg_memory_images/fg12.jpg","Neutral","artificial",30,0,"Older",4.36458333333333
"2519","461165","resources/real_fg_memory_images/fg7.jpg","Neutral","artificial",30,0,"Older",4.36458333333333
"2520","461165","resources/real_fg_memory_images/orig28.jpg","Neutral","real",30,1,"Older",4.36458333333333
"2521","463753","resources/real_fg_memory_images/orig29.jpg","Neutral","real",24,0,"Older",-1.63541666666667
"2522","463753","resources/real_fg_memory_images/fg12.jpg","Neutral","artificial",24,0,"Older",-1.63541666666667
"2523","463753","resources/real_fg_memory_images/fg6.jpg","Scam","artificial",24,0,"Older",-1.63541666666667
"2524","463753","resources/real_fg_memory_images/fg7.jpg","Neutral","artificial",24,0,"Older",-1.63541666666667
"2525","463753","resources/real_fg_memory_images/fg1.jpg","Scam","artificial",24,1,"Older",-1.63541666666667
"2526","463753","resources/real_fg_memory_images/fg3.jpg","Scam","artificial",24,1,"Older",-1.63541666666667
"2527","463753","resources/real_fg_memory_images/fg10.jpg","Neutral","artificial",24,0,"Older",-1.63541666666667
"2528","463753","resources/real_fg_memory_images/orig22.jpg","Scam","real",24,1,"Older",-1.63541666666667
"2529","463753","resources/real_fg_memory_images/orig23.jpg","Scam","real",24,1,"Older",-1.63541666666667
"2530","463753","resources/real_fg_memory_images/fg8.jpg","Neutral","artificial",24,1,"Older",-1.63541666666667
"2531","463753","resources/real_fg_memory_images/fg4.jpg","Scam","artificial",24,1,"Older",-1.63541666666667
"2532","463753","resources/real_fg_memory_images/orig25.jpg","Neutral","real",24,0,"Older",-1.63541666666667
"2533","463753","resources/real_fg_memory_images/orig21.jpg","Scam","real",24,0,"Older",-1.63541666666667
"2534","463753","resources/real_fg_memory_images/orig30.jpg","Neutral","real",24,0,"Older",-1.63541666666667
"2535","463753","resources/real_fg_memory_images/orig24.jpg","Scam","real",24,1,"Older",-1.63541666666667
"2536","463753","resources/real_fg_memory_images/fg9.jpg","Neutral","artificial",24,0,"Older",-1.63541666666667
"2537","463753","resources/real_fg_memory_images/orig27.jpg","Neutral","real",24,0,"Older",-1.63541666666667
"2538","463753","resources/real_fg_memory_images/orig19.jpg","Scam","real",24,1,"Older",-1.63541666666667
"2539","463753","resources/real_fg_memory_images/orig20.jpg","Scam","real",24,0,"Older",-1.63541666666667
"2540","463753","resources/real_fg_memory_images/orig26.jpg","Neutral","real",24,1,"Older",-1.63541666666667
"2541","463753","resources/real_fg_memory_images/fg5.jpg","Scam","artificial",24,1,"Older",-1.63541666666667
"2542","463753","resources/real_fg_memory_images/fg11.jpg","Neutral","artificial",24,0,"Older",-1.63541666666667
"2543","463753","resources/real_fg_memory_images/orig28.jpg","Neutral","real",24,0,"Older",-1.63541666666667
"2544","463753","resources/real_fg_memory_images/fg2.jpg","Scam","artificial",24,0,"Older",-1.63541666666667
"2545","467472","resources/real_fg_memory_images/orig26.jpg","Neutral","real",24,1,"Older",-1.63541666666667
"2546","467472","resources/real_fg_memory_images/orig19.jpg","Scam","real",24,1,"Older",-1.63541666666667
"2547","467472","resources/real_fg_memory_images/fg8.jpg","Neutral","artificial",24,1,"Older",-1.63541666666667
"2548","467472","resources/real_fg_memory_images/fg7.jpg","Neutral","artificial",24,1,"Older",-1.63541666666667
"2549","467472","resources/real_fg_memory_images/orig23.jpg","Scam","real",24,1,"Older",-1.63541666666667
"2550","467472","resources/real_fg_memory_images/fg1.jpg","Scam","artificial",24,1,"Older",-1.63541666666667
"2551","467472","resources/real_fg_memory_images/orig20.jpg","Scam","real",24,0,"Older",-1.63541666666667
"2552","467472","resources/real_fg_memory_images/fg10.jpg","Neutral","artificial",24,1,"Older",-1.63541666666667
"2553","467472","resources/real_fg_memory_images/orig24.jpg","Scam","real",24,1,"Older",-1.63541666666667
"2554","467472","resources/real_fg_memory_images/orig28.jpg","Neutral","real",24,0,"Older",-1.63541666666667
"2555","467472","resources/real_fg_memory_images/fg9.jpg","Neutral","artificial",24,0,"Older",-1.63541666666667
"2556","467472","resources/real_fg_memory_images/orig30.jpg","Neutral","real",24,1,"Older",-1.63541666666667
"2557","467472","resources/real_fg_memory_images/fg4.jpg","Scam","artificial",24,1,"Older",-1.63541666666667
"2558","467472","resources/real_fg_memory_images/orig21.jpg","Scam","real",24,0,"Older",-1.63541666666667
"2559","467472","resources/real_fg_memory_images/fg3.jpg","Scam","artificial",24,1,"Older",-1.63541666666667
"2560","467472","resources/real_fg_memory_images/fg12.jpg","Neutral","artificial",24,0,"Older",-1.63541666666667
"2561","467472","resources/real_fg_memory_images/fg2.jpg","Scam","artificial",24,0,"Older",-1.63541666666667
"2562","467472","resources/real_fg_memory_images/orig29.jpg","Neutral","real",24,1,"Older",-1.63541666666667
"2563","467472","resources/real_fg_memory_images/orig27.jpg","Neutral","real",24,1,"Older",-1.63541666666667
"2564","467472","resources/real_fg_memory_images/orig25.jpg","Neutral","real",24,1,"Older",-1.63541666666667
"2565","467472","resources/real_fg_memory_images/fg6.jpg","Scam","artificial",24,1,"Older",-1.63541666666667
"2566","467472","resources/real_fg_memory_images/fg11.jpg","Neutral","artificial",24,1,"Older",-1.63541666666667
"2567","467472","resources/real_fg_memory_images/fg5.jpg","Scam","artificial",24,1,"Older",-1.63541666666667
"2568","467472","resources/real_fg_memory_images/orig22.jpg","Scam","real",24,1,"Older",-1.63541666666667
"2569","485505","resources/real_fg_memory_images/orig24.jpg","Scam","real",21,1,"Older",-4.63541666666667
"2570","485505","resources/real_fg_memory_images/fg6.jpg","Scam","artificial",21,0,"Older",-4.63541666666667
"2571","485505","resources/real_fg_memory_images/orig25.jpg","Neutral","real",21,0,"Older",-4.63541666666667
"2572","485505","resources/real_fg_memory_images/fg11.jpg","Neutral","artificial",21,1,"Older",-4.63541666666667
"2573","485505","resources/real_fg_memory_images/fg4.jpg","Scam","artificial",21,1,"Older",-4.63541666666667
"2574","485505","resources/real_fg_memory_images/fg12.jpg","Neutral","artificial",21,0,"Older",-4.63541666666667
"2575","485505","resources/real_fg_memory_images/orig20.jpg","Scam","real",21,1,"Older",-4.63541666666667
"2576","485505","resources/real_fg_memory_images/orig30.jpg","Neutral","real",21,1,"Older",-4.63541666666667
"2577","485505","resources/real_fg_memory_images/orig21.jpg","Scam","real",21,1,"Older",-4.63541666666667
"2578","485505","resources/real_fg_memory_images/fg5.jpg","Scam","artificial",21,0,"Older",-4.63541666666667
"2579","485505","resources/real_fg_memory_images/orig29.jpg","Neutral","real",21,1,"Older",-4.63541666666667
"2580","485505","resources/real_fg_memory_images/fg2.jpg","Scam","artificial",21,0,"Older",-4.63541666666667
"2581","485505","resources/real_fg_memory_images/orig19.jpg","Scam","real",21,0,"Older",-4.63541666666667
"2582","485505","resources/real_fg_memory_images/fg7.jpg","Neutral","artificial",21,1,"Older",-4.63541666666667
"2583","485505","resources/real_fg_memory_images/fg9.jpg","Neutral","artificial",21,0,"Older",-4.63541666666667
"2584","485505","resources/real_fg_memory_images/orig27.jpg","Neutral","real",21,0,"Older",-4.63541666666667
"2585","485505","resources/real_fg_memory_images/fg8.jpg","Neutral","artificial",21,0,"Older",-4.63541666666667
"2586","485505","resources/real_fg_memory_images/fg10.jpg","Neutral","artificial",21,0,"Older",-4.63541666666667
"2587","485505","resources/real_fg_memory_images/orig28.jpg","Neutral","real",21,1,"Older",-4.63541666666667
"2588","485505","resources/real_fg_memory_images/fg1.jpg","Scam","artificial",21,0,"Older",-4.63541666666667
"2589","485505","resources/real_fg_memory_images/orig22.jpg","Scam","real",21,0,"Older",-4.63541666666667
"2590","485505","resources/real_fg_memory_images/orig26.jpg","Neutral","real",21,1,"Older",-4.63541666666667
"2591","485505","resources/real_fg_memory_images/orig23.jpg","Scam","real",21,0,"Older",-4.63541666666667
"2592","485505","resources/real_fg_memory_images/fg3.jpg","Scam","artificial",21,1,"Older",-4.63541666666667
"2593","506315","resources/real_fg_memory_images/orig24.jpg","Scam","real",21,1,"Older",-4.63541666666667
"2594","506315","resources/real_fg_memory_images/fg11.jpg","Neutral","artificial",21,1,"Older",-4.63541666666667
"2595","506315","resources/real_fg_memory_images/fg10.jpg","Neutral","artificial",21,1,"Older",-4.63541666666667
"2596","506315","resources/real_fg_memory_images/orig27.jpg","Neutral","real",21,1,"Older",-4.63541666666667
"2597","506315","resources/real_fg_memory_images/fg12.jpg","Neutral","artificial",21,1,"Older",-4.63541666666667
"2598","506315","resources/real_fg_memory_images/fg2.jpg","Scam","artificial",21,1,"Older",-4.63541666666667
"2599","506315","resources/real_fg_memory_images/orig28.jpg","Neutral","real",21,1,"Older",-4.63541666666667
"2600","506315","resources/real_fg_memory_images/orig22.jpg","Scam","real",21,1,"Older",-4.63541666666667
"2601","506315","resources/real_fg_memory_images/fg7.jpg","Neutral","artificial",21,0,"Older",-4.63541666666667
"2602","506315","resources/real_fg_memory_images/fg9.jpg","Neutral","artificial",21,0,"Older",-4.63541666666667
"2603","506315","resources/real_fg_memory_images/orig26.jpg","Neutral","real",21,1,"Older",-4.63541666666667
"2604","506315","resources/real_fg_memory_images/orig21.jpg","Scam","real",21,1,"Older",-4.63541666666667
"2605","506315","resources/real_fg_memory_images/orig20.jpg","Scam","real",21,1,"Older",-4.63541666666667
"2606","506315","resources/real_fg_memory_images/fg3.jpg","Scam","artificial",21,1,"Older",-4.63541666666667
"2607","506315","resources/real_fg_memory_images/fg6.jpg","Scam","artificial",21,1,"Older",-4.63541666666667
"2608","506315","resources/real_fg_memory_images/fg4.jpg","Scam","artificial",21,1,"Older",-4.63541666666667
"2609","506315","resources/real_fg_memory_images/orig30.jpg","Neutral","real",21,1,"Older",-4.63541666666667
"2610","506315","resources/real_fg_memory_images/orig19.jpg","Scam","real",21,1,"Older",-4.63541666666667
"2611","506315","resources/real_fg_memory_images/fg8.jpg","Neutral","artificial",21,1,"Older",-4.63541666666667
"2612","506315","resources/real_fg_memory_images/orig29.jpg","Neutral","real",21,1,"Older",-4.63541666666667
"2613","506315","resources/real_fg_memory_images/fg1.jpg","Scam","artificial",21,0,"Older",-4.63541666666667
"2614","506315","resources/real_fg_memory_images/fg5.jpg","Scam","artificial",21,1,"Older",-4.63541666666667
"2615","506315","resources/real_fg_memory_images/orig23.jpg","Scam","real",21,1,"Older",-4.63541666666667
"2616","506315","resources/real_fg_memory_images/orig25.jpg","Neutral","real",21,1,"Older",-4.63541666666667
"2617","508691","resources/real_fg_memory_images/orig25.jpg","Neutral","real",27,1,"Older",1.36458333333333
"2618","508691","resources/real_fg_memory_images/fg11.jpg","Neutral","artificial",27,1,"Older",1.36458333333333
"2619","508691","resources/real_fg_memory_images/fg9.jpg","Neutral","artificial",27,0,"Older",1.36458333333333
"2620","508691","resources/real_fg_memory_images/fg3.jpg","Scam","artificial",27,1,"Older",1.36458333333333
"2621","508691","resources/real_fg_memory_images/orig19.jpg","Scam","real",27,0,"Older",1.36458333333333
"2622","508691","resources/real_fg_memory_images/fg10.jpg","Neutral","artificial",27,1,"Older",1.36458333333333
"2623","508691","resources/real_fg_memory_images/fg8.jpg","Neutral","artificial",27,0,"Older",1.36458333333333
"2624","508691","resources/real_fg_memory_images/orig20.jpg","Scam","real",27,0,"Older",1.36458333333333
"2625","508691","resources/real_fg_memory_images/fg4.jpg","Scam","artificial",27,0,"Older",1.36458333333333
"2626","508691","resources/real_fg_memory_images/orig26.jpg","Neutral","real",27,1,"Older",1.36458333333333
"2627","508691","resources/real_fg_memory_images/orig24.jpg","Scam","real",27,1,"Older",1.36458333333333
"2628","508691","resources/real_fg_memory_images/fg1.jpg","Scam","artificial",27,1,"Older",1.36458333333333
"2629","508691","resources/real_fg_memory_images/orig23.jpg","Scam","real",27,1,"Older",1.36458333333333
"2630","508691","resources/real_fg_memory_images/orig22.jpg","Scam","real",27,0,"Older",1.36458333333333
"2631","508691","resources/real_fg_memory_images/fg12.jpg","Neutral","artificial",27,0,"Older",1.36458333333333
"2632","508691","resources/real_fg_memory_images/orig21.jpg","Scam","real",27,0,"Older",1.36458333333333
"2633","508691","resources/real_fg_memory_images/fg6.jpg","Scam","artificial",27,0,"Older",1.36458333333333
"2634","508691","resources/real_fg_memory_images/orig28.jpg","Neutral","real",27,1,"Older",1.36458333333333
"2635","508691","resources/real_fg_memory_images/orig27.jpg","Neutral","real",27,0,"Older",1.36458333333333
"2636","508691","resources/real_fg_memory_images/fg2.jpg","Scam","artificial",27,0,"Older",1.36458333333333
"2637","508691","resources/real_fg_memory_images/fg7.jpg","Neutral","artificial",27,0,"Older",1.36458333333333
"2638","508691","resources/real_fg_memory_images/orig29.jpg","Neutral","real",27,1,"Older",1.36458333333333
"2639","508691","resources/real_fg_memory_images/orig30.jpg","Neutral","real",27,1,"Older",1.36458333333333
"2640","508691","resources/real_fg_memory_images/fg5.jpg","Scam","artificial",27,1,"Older",1.36458333333333
"2641","523872","resources/real_fg_memory_images/orig27.jpg","Neutral","real",22,1,"Older",-3.63541666666667
"2642","523872","resources/real_fg_memory_images/orig21.jpg","Scam","real",22,0,"Older",-3.63541666666667
"2643","523872","resources/real_fg_memory_images/orig25.jpg","Neutral","real",22,0,"Older",-3.63541666666667
"2644","523872","resources/real_fg_memory_images/orig23.jpg","Scam","real",22,1,"Older",-3.63541666666667
"2645","523872","resources/real_fg_memory_images/orig26.jpg","Neutral","real",22,0,"Older",-3.63541666666667
"2646","523872","resources/real_fg_memory_images/fg3.jpg","Scam","artificial",22,1,"Older",-3.63541666666667
"2647","523872","resources/real_fg_memory_images/fg6.jpg","Scam","artificial",22,1,"Older",-3.63541666666667
"2648","523872","resources/real_fg_memory_images/fg2.jpg","Scam","artificial",22,0,"Older",-3.63541666666667
"2649","523872","resources/real_fg_memory_images/orig19.jpg","Scam","real",22,1,"Older",-3.63541666666667
"2650","523872","resources/real_fg_memory_images/orig28.jpg","Neutral","real",22,0,"Older",-3.63541666666667
"2651","523872","resources/real_fg_memory_images/fg12.jpg","Neutral","artificial",22,0,"Older",-3.63541666666667
"2652","523872","resources/real_fg_memory_images/orig30.jpg","Neutral","real",22,0,"Older",-3.63541666666667
"2653","523872","resources/real_fg_memory_images/fg7.jpg","Neutral","artificial",22,0,"Older",-3.63541666666667
"2654","523872","resources/real_fg_memory_images/orig29.jpg","Neutral","real",22,0,"Older",-3.63541666666667
"2655","523872","resources/real_fg_memory_images/orig22.jpg","Scam","real",22,1,"Older",-3.63541666666667
"2656","523872","resources/real_fg_memory_images/fg11.jpg","Neutral","artificial",22,0,"Older",-3.63541666666667
"2657","523872","resources/real_fg_memory_images/fg4.jpg","Scam","artificial",22,1,"Older",-3.63541666666667
"2658","523872","resources/real_fg_memory_images/fg10.jpg","Neutral","artificial",22,0,"Older",-3.63541666666667
"2659","523872","resources/real_fg_memory_images/fg8.jpg","Neutral","artificial",22,1,"Older",-3.63541666666667
"2660","523872","resources/real_fg_memory_images/fg1.jpg","Scam","artificial",22,1,"Older",-3.63541666666667
"2661","523872","resources/real_fg_memory_images/fg9.jpg","Neutral","artificial",22,0,"Older",-3.63541666666667
"2662","523872","resources/real_fg_memory_images/fg5.jpg","Scam","artificial",22,1,"Older",-3.63541666666667
"2663","523872","resources/real_fg_memory_images/orig24.jpg","Scam","real",22,0,"Older",-3.63541666666667
"2664","523872","resources/real_fg_memory_images/orig20.jpg","Scam","real",22,1,"Older",-3.63541666666667
"2665","733839","resources/real_fg_memory_images/orig21.jpg","Scam","real",27,1,"Older",1.36458333333333
"2666","733839","resources/real_fg_memory_images/fg9.jpg","Neutral","artificial",27,1,"Older",1.36458333333333
"2667","733839","resources/real_fg_memory_images/orig27.jpg","Neutral","real",27,1,"Older",1.36458333333333
"2668","733839","resources/real_fg_memory_images/orig26.jpg","Neutral","real",27,1,"Older",1.36458333333333
"2669","733839","resources/real_fg_memory_images/fg1.jpg","Scam","artificial",27,1,"Older",1.36458333333333
"2670","733839","resources/real_fg_memory_images/fg12.jpg","Neutral","artificial",27,1,"Older",1.36458333333333
"2671","733839","resources/real_fg_memory_images/orig30.jpg","Neutral","real",27,1,"Older",1.36458333333333
"2672","733839","resources/real_fg_memory_images/fg2.jpg","Scam","artificial",27,1,"Older",1.36458333333333
"2673","733839","resources/real_fg_memory_images/fg6.jpg","Scam","artificial",27,0,"Older",1.36458333333333
"2674","733839","resources/real_fg_memory_images/fg11.jpg","Neutral","artificial",27,1,"Older",1.36458333333333
"2675","733839","resources/real_fg_memory_images/orig23.jpg","Scam","real",27,1,"Older",1.36458333333333
"2676","733839","resources/real_fg_memory_images/orig25.jpg","Neutral","real",27,0,"Older",1.36458333333333
"2677","733839","resources/real_fg_memory_images/fg5.jpg","Scam","artificial",27,1,"Older",1.36458333333333
"2678","733839","resources/real_fg_memory_images/fg10.jpg","Neutral","artificial",27,0,"Older",1.36458333333333
"2679","733839","resources/real_fg_memory_images/orig29.jpg","Neutral","real",27,1,"Older",1.36458333333333
"2680","733839","resources/real_fg_memory_images/fg3.jpg","Scam","artificial",27,1,"Older",1.36458333333333
"2681","733839","resources/real_fg_memory_images/fg4.jpg","Scam","artificial",27,1,"Older",1.36458333333333
"2682","733839","resources/real_fg_memory_images/orig28.jpg","Neutral","real",27,0,"Older",1.36458333333333
"2683","733839","resources/real_fg_memory_images/fg7.jpg","Neutral","artificial",27,1,"Older",1.36458333333333
"2684","733839","resources/real_fg_memory_images/orig19.jpg","Scam","real",27,1,"Older",1.36458333333333
"2685","733839","resources/real_fg_memory_images/orig24.jpg","Scam","real",27,1,"Older",1.36458333333333
"2686","733839","resources/real_fg_memory_images/orig20.jpg","Scam","real",27,1,"Older",1.36458333333333
"2687","733839","resources/real_fg_memory_images/fg8.jpg","Neutral","artificial",27,1,"Older",1.36458333333333
"2688","733839","resources/real_fg_memory_images/orig22.jpg","Scam","real",27,1,"Older",1.36458333333333
"2689","757918","resources/real_fg_memory_images/fg1.jpg","Scam","artificial",28,1,"Older",2.36458333333333
"2690","757918","resources/real_fg_memory_images/orig20.jpg","Scam","real",28,0,"Older",2.36458333333333
"2691","757918","resources/real_fg_memory_images/orig25.jpg","Neutral","real",28,1,"Older",2.36458333333333
"2692","757918","resources/real_fg_memory_images/fg9.jpg","Neutral","artificial",28,1,"Older",2.36458333333333
"2693","757918","resources/real_fg_memory_images/orig24.jpg","Scam","real",28,1,"Older",2.36458333333333
"2694","757918","resources/real_fg_memory_images/fg7.jpg","Neutral","artificial",28,0,"Older",2.36458333333333
"2695","757918","resources/real_fg_memory_images/fg5.jpg","Scam","artificial",28,1,"Older",2.36458333333333
"2696","757918","resources/real_fg_memory_images/fg12.jpg","Neutral","artificial",28,1,"Older",2.36458333333333
"2697","757918","resources/real_fg_memory_images/orig19.jpg","Scam","real",28,0,"Older",2.36458333333333
"2698","757918","resources/real_fg_memory_images/orig23.jpg","Scam","real",28,0,"Older",2.36458333333333
"2699","757918","resources/real_fg_memory_images/fg8.jpg","Neutral","artificial",28,1,"Older",2.36458333333333
"2700","757918","resources/real_fg_memory_images/orig22.jpg","Scam","real",28,0,"Older",2.36458333333333
"2701","757918","resources/real_fg_memory_images/fg6.jpg","Scam","artificial",28,0,"Older",2.36458333333333
"2702","757918","resources/real_fg_memory_images/orig27.jpg","Neutral","real",28,0,"Older",2.36458333333333
"2703","757918","resources/real_fg_memory_images/orig29.jpg","Neutral","real",28,1,"Older",2.36458333333333
"2704","757918","resources/real_fg_memory_images/fg11.jpg","Neutral","artificial",28,1,"Older",2.36458333333333
"2705","757918","resources/real_fg_memory_images/orig28.jpg","Neutral","real",28,1,"Older",2.36458333333333
"2706","757918","resources/real_fg_memory_images/fg2.jpg","Scam","artificial",28,0,"Older",2.36458333333333
"2707","757918","resources/real_fg_memory_images/orig26.jpg","Neutral","real",28,1,"Older",2.36458333333333
"2708","757918","resources/real_fg_memory_images/orig30.jpg","Neutral","real",28,1,"Older",2.36458333333333
"2709","757918","resources/real_fg_memory_images/fg3.jpg","Scam","artificial",28,1,"Older",2.36458333333333
"2710","757918","resources/real_fg_memory_images/fg10.jpg","Neutral","artificial",28,1,"Older",2.36458333333333
"2711","757918","resources/real_fg_memory_images/orig21.jpg","Scam","real",28,0,"Older",2.36458333333333
"2712","757918","resources/real_fg_memory_images/fg4.jpg","Scam","artificial",28,0,"Older",2.36458333333333
"2713","840987","resources/real_fg_memory_images/orig28.jpg","Neutral","real",27,1,"Older",1.36458333333333
"2714","840987","resources/real_fg_memory_images/fg11.jpg","Neutral","artificial",27,1,"Older",1.36458333333333
"2715","840987","resources/real_fg_memory_images/fg12.jpg","Neutral","artificial",27,0,"Older",1.36458333333333
"2716","840987","resources/real_fg_memory_images/fg1.jpg","Scam","artificial",27,1,"Older",1.36458333333333
"2717","840987","resources/real_fg_memory_images/orig26.jpg","Neutral","real",27,1,"Older",1.36458333333333
"2718","840987","resources/real_fg_memory_images/orig29.jpg","Neutral","real",27,0,"Older",1.36458333333333
"2719","840987","resources/real_fg_memory_images/fg4.jpg","Scam","artificial",27,1,"Older",1.36458333333333
"2720","840987","resources/real_fg_memory_images/fg2.jpg","Scam","artificial",27,0,"Older",1.36458333333333
"2721","840987","resources/real_fg_memory_images/orig22.jpg","Scam","real",27,1,"Older",1.36458333333333
"2722","840987","resources/real_fg_memory_images/orig30.jpg","Neutral","real",27,1,"Older",1.36458333333333
"2723","840987","resources/real_fg_memory_images/fg8.jpg","Neutral","artificial",27,1,"Older",1.36458333333333
"2724","840987","resources/real_fg_memory_images/orig25.jpg","Neutral","real",27,1,"Older",1.36458333333333
"2725","840987","resources/real_fg_memory_images/fg10.jpg","Neutral","artificial",27,1,"Older",1.36458333333333
"2726","840987","resources/real_fg_memory_images/fg6.jpg","Scam","artificial",27,0,"Older",1.36458333333333
"2727","840987","resources/real_fg_memory_images/fg9.jpg","Neutral","artificial",27,1,"Older",1.36458333333333
"2728","840987","resources/real_fg_memory_images/orig20.jpg","Scam","real",27,1,"Older",1.36458333333333
"2729","840987","resources/real_fg_memory_images/orig24.jpg","Scam","real",27,1,"Older",1.36458333333333
"2730","840987","resources/real_fg_memory_images/fg5.jpg","Scam","artificial",27,1,"Older",1.36458333333333
"2731","840987","resources/real_fg_memory_images/orig27.jpg","Neutral","real",27,1,"Older",1.36458333333333
"2732","840987","resources/real_fg_memory_images/orig23.jpg","Scam","real",27,1,"Older",1.36458333333333
"2733","840987","resources/real_fg_memory_images/orig19.jpg","Scam","real",27,0,"Older",1.36458333333333
"2734","840987","resources/real_fg_memory_images/fg3.jpg","Scam","artificial",27,1,"Older",1.36458333333333
"2735","840987","resources/real_fg_memory_images/fg7.jpg","Neutral","artificial",27,1,"Older",1.36458333333333
"2736","840987","resources/real_fg_memory_images/orig21.jpg","Scam","real",27,0,"Older",1.36458333333333
"2737","864771","resources/real_fg_memory_images/orig22.jpg","Scam","real",21,0,"Older",-4.63541666666667
"2738","864771","resources/real_fg_memory_images/fg8.jpg","Neutral","artificial",21,0,"Older",-4.63541666666667
"2739","864771","resources/real_fg_memory_images/orig30.jpg","Neutral","real",21,1,"Older",-4.63541666666667
"2740","864771","resources/real_fg_memory_images/orig27.jpg","Neutral","real",21,1,"Older",-4.63541666666667
"2741","864771","resources/real_fg_memory_images/fg11.jpg","Neutral","artificial",21,1,"Older",-4.63541666666667
"2742","864771","resources/real_fg_memory_images/orig20.jpg","Scam","real",21,1,"Older",-4.63541666666667
"2743","864771","resources/real_fg_memory_images/orig29.jpg","Neutral","real",21,1,"Older",-4.63541666666667
"2744","864771","resources/real_fg_memory_images/fg3.jpg","Scam","artificial",21,1,"Older",-4.63541666666667
"2745","864771","resources/real_fg_memory_images/orig26.jpg","Neutral","real",21,1,"Older",-4.63541666666667
"2746","864771","resources/real_fg_memory_images/fg5.jpg","Scam","artificial",21,0,"Older",-4.63541666666667
"2747","864771","resources/real_fg_memory_images/fg7.jpg","Neutral","artificial",21,1,"Older",-4.63541666666667
"2748","864771","resources/real_fg_memory_images/orig25.jpg","Neutral","real",21,1,"Older",-4.63541666666667
"2749","864771","resources/real_fg_memory_images/fg12.jpg","Neutral","artificial",21,1,"Older",-4.63541666666667
"2750","864771","resources/real_fg_memory_images/fg10.jpg","Neutral","artificial",21,1,"Older",-4.63541666666667
"2751","864771","resources/real_fg_memory_images/fg1.jpg","Scam","artificial",21,1,"Older",-4.63541666666667
"2752","864771","resources/real_fg_memory_images/orig24.jpg","Scam","real",21,0,"Older",-4.63541666666667
"2753","864771","resources/real_fg_memory_images/fg4.jpg","Scam","artificial",21,0,"Older",-4.63541666666667
"2754","864771","resources/real_fg_memory_images/orig21.jpg","Scam","real",21,0,"Older",-4.63541666666667
"2755","864771","resources/real_fg_memory_images/fg6.jpg","Scam","artificial",21,0,"Older",-4.63541666666667
"2756","864771","resources/real_fg_memory_images/fg2.jpg","Scam","artificial",21,0,"Older",-4.63541666666667
"2757","864771","resources/real_fg_memory_images/fg9.jpg","Neutral","artificial",21,0,"Older",-4.63541666666667
"2758","864771","resources/real_fg_memory_images/orig28.jpg","Neutral","real",21,0,"Older",-4.63541666666667
"2759","864771","resources/real_fg_memory_images/orig23.jpg","Scam","real",21,1,"Older",-4.63541666666667
"2760","864771","resources/real_fg_memory_images/orig19.jpg","Scam","real",21,1,"Older",-4.63541666666667
"2761","877791","resources/real_fg_memory_images/fg7.jpg","Neutral","artificial",28,0,"Older",2.36458333333333
"2762","877791","resources/real_fg_memory_images/orig22.jpg","Scam","real",28,1,"Older",2.36458333333333
"2763","877791","resources/real_fg_memory_images/orig30.jpg","Neutral","real",28,1,"Older",2.36458333333333
"2764","877791","resources/real_fg_memory_images/orig24.jpg","Scam","real",28,0,"Older",2.36458333333333
"2765","877791","resources/real_fg_memory_images/fg4.jpg","Scam","artificial",28,1,"Older",2.36458333333333
"2766","877791","resources/real_fg_memory_images/fg9.jpg","Neutral","artificial",28,1,"Older",2.36458333333333
"2767","877791","resources/real_fg_memory_images/fg2.jpg","Scam","artificial",28,1,"Older",2.36458333333333
"2768","877791","resources/real_fg_memory_images/orig29.jpg","Neutral","real",28,0,"Older",2.36458333333333
"2769","877791","resources/real_fg_memory_images/fg3.jpg","Scam","artificial",28,1,"Older",2.36458333333333
"2770","877791","resources/real_fg_memory_images/fg1.jpg","Scam","artificial",28,0,"Older",2.36458333333333
"2771","877791","resources/real_fg_memory_images/orig27.jpg","Neutral","real",28,1,"Older",2.36458333333333
"2772","877791","resources/real_fg_memory_images/fg5.jpg","Scam","artificial",28,1,"Older",2.36458333333333
"2773","877791","resources/real_fg_memory_images/fg12.jpg","Neutral","artificial",28,1,"Older",2.36458333333333
"2774","877791","resources/real_fg_memory_images/orig21.jpg","Scam","real",28,1,"Older",2.36458333333333
"2775","877791","resources/real_fg_memory_images/orig19.jpg","Scam","real",28,1,"Older",2.36458333333333
"2776","877791","resources/real_fg_memory_images/fg6.jpg","Scam","artificial",28,0,"Older",2.36458333333333
"2777","877791","resources/real_fg_memory_images/orig20.jpg","Scam","real",28,1,"Older",2.36458333333333
"2778","877791","resources/real_fg_memory_images/fg8.jpg","Neutral","artificial",28,1,"Older",2.36458333333333
"2779","877791","resources/real_fg_memory_images/orig28.jpg","Neutral","real",28,1,"Older",2.36458333333333
"2780","877791","resources/real_fg_memory_images/orig25.jpg","Neutral","real",28,0,"Older",2.36458333333333
"2781","877791","resources/real_fg_memory_images/fg10.jpg","Neutral","artificial",28,1,"Older",2.36458333333333
"2782","877791","resources/real_fg_memory_images/fg11.jpg","Neutral","artificial",28,0,"Older",2.36458333333333
"2783","877791","resources/real_fg_memory_images/orig23.jpg","Scam","real",28,1,"Older",2.36458333333333
"2784","877791","resources/real_fg_memory_images/orig26.jpg","Neutral","real",28,1,"Older",2.36458333333333
"2785","895545","resources/real_fg_memory_images/fg11.jpg","Neutral","artificial",31,1,"Older",5.36458333333333
"2786","895545","resources/real_fg_memory_images/fg7.jpg","Neutral","artificial",31,1,"Older",5.36458333333333
"2787","895545","resources/real_fg_memory_images/orig28.jpg","Neutral","real",31,1,"Older",5.36458333333333
"2788","895545","resources/real_fg_memory_images/orig21.jpg","Scam","real",31,1,"Older",5.36458333333333
"2789","895545","resources/real_fg_memory_images/orig19.jpg","Scam","real",31,1,"Older",5.36458333333333
"2790","895545","resources/real_fg_memory_images/orig22.jpg","Scam","real",31,1,"Older",5.36458333333333
"2791","895545","resources/real_fg_memory_images/orig27.jpg","Neutral","real",31,1,"Older",5.36458333333333
"2792","895545","resources/real_fg_memory_images/fg3.jpg","Scam","artificial",31,1,"Older",5.36458333333333
"2793","895545","resources/real_fg_memory_images/fg10.jpg","Neutral","artificial",31,1,"Older",5.36458333333333
"2794","895545","resources/real_fg_memory_images/fg1.jpg","Scam","artificial",31,1,"Older",5.36458333333333
"2795","895545","resources/real_fg_memory_images/fg9.jpg","Neutral","artificial",31,1,"Older",5.36458333333333
"2796","895545","resources/real_fg_memory_images/fg12.jpg","Neutral","artificial",31,1,"Older",5.36458333333333
"2797","895545","resources/real_fg_memory_images/fg4.jpg","Scam","artificial",31,0,"Older",5.36458333333333
"2798","895545","resources/real_fg_memory_images/orig26.jpg","Neutral","real",31,1,"Older",5.36458333333333
"2799","895545","resources/real_fg_memory_images/orig23.jpg","Scam","real",31,0,"Older",5.36458333333333
"2800","895545","resources/real_fg_memory_images/fg6.jpg","Scam","artificial",31,1,"Older",5.36458333333333
"2801","895545","resources/real_fg_memory_images/fg5.jpg","Scam","artificial",31,0,"Older",5.36458333333333
"2802","895545","resources/real_fg_memory_images/orig25.jpg","Neutral","real",31,0,"Older",5.36458333333333
"2803","895545","resources/real_fg_memory_images/orig30.jpg","Neutral","real",31,0,"Older",5.36458333333333
"2804","895545","resources/real_fg_memory_images/orig29.jpg","Neutral","real",31,1,"Older",5.36458333333333
"2805","895545","resources/real_fg_memory_images/fg8.jpg","Neutral","artificial",31,0,"Older",5.36458333333333
"2806","895545","resources/real_fg_memory_images/orig20.jpg","Scam","real",31,1,"Older",5.36458333333333
"2807","895545","resources/real_fg_memory_images/fg2.jpg","Scam","artificial",31,0,"Older",5.36458333333333
"2808","895545","resources/real_fg_memory_images/orig24.jpg","Scam","real",31,1,"Older",5.36458333333333
"2809","910668","resources/real_fg_memory_images/fg11.jpg","Neutral","artificial",27,1,"Older",1.36458333333333
"2810","910668","resources/real_fg_memory_images/orig19.jpg","Scam","real",27,1,"Older",1.36458333333333
"2811","910668","resources/real_fg_memory_images/orig25.jpg","Neutral","real",27,1,"Older",1.36458333333333
"2812","910668","resources/real_fg_memory_images/fg9.jpg","Neutral","artificial",27,0,"Older",1.36458333333333
"2813","910668","resources/real_fg_memory_images/orig24.jpg","Scam","real",27,0,"Older",1.36458333333333
"2814","910668","resources/real_fg_memory_images/fg6.jpg","Scam","artificial",27,0,"Older",1.36458333333333
"2815","910668","resources/real_fg_memory_images/orig23.jpg","Scam","real",27,1,"Older",1.36458333333333
"2816","910668","resources/real_fg_memory_images/fg5.jpg","Scam","artificial",27,1,"Older",1.36458333333333
"2817","910668","resources/real_fg_memory_images/fg10.jpg","Neutral","artificial",27,1,"Older",1.36458333333333
"2818","910668","resources/real_fg_memory_images/fg2.jpg","Scam","artificial",27,1,"Older",1.36458333333333
"2819","910668","resources/real_fg_memory_images/fg3.jpg","Scam","artificial",27,1,"Older",1.36458333333333
"2820","910668","resources/real_fg_memory_images/fg8.jpg","Neutral","artificial",27,0,"Older",1.36458333333333
"2821","910668","resources/real_fg_memory_images/orig22.jpg","Scam","real",27,1,"Older",1.36458333333333
"2822","910668","resources/real_fg_memory_images/fg12.jpg","Neutral","artificial",27,0,"Older",1.36458333333333
"2823","910668","resources/real_fg_memory_images/orig20.jpg","Scam","real",27,0,"Older",1.36458333333333
"2824","910668","resources/real_fg_memory_images/fg1.jpg","Scam","artificial",27,1,"Older",1.36458333333333
"2825","910668","resources/real_fg_memory_images/fg7.jpg","Neutral","artificial",27,0,"Older",1.36458333333333
"2826","910668","resources/real_fg_memory_images/orig26.jpg","Neutral","real",27,1,"Older",1.36458333333333
"2827","910668","resources/real_fg_memory_images/fg4.jpg","Scam","artificial",27,0,"Older",1.36458333333333
"2828","910668","resources/real_fg_memory_images/orig28.jpg","Neutral","real",27,1,"Older",1.36458333333333
"2829","910668","resources/real_fg_memory_images/orig21.jpg","Scam","real",27,1,"Older",1.36458333333333
"2830","910668","resources/real_fg_memory_images/orig29.jpg","Neutral","real",27,1,"Older",1.36458333333333
"2831","910668","resources/real_fg_memory_images/orig27.jpg","Neutral","real",27,1,"Older",1.36458333333333
"2832","910668","resources/real_fg_memory_images/orig30.jpg","Neutral","real",27,0,"Older",1.36458333333333
"2833","912499","resources/real_fg_memory_images/fg7.jpg","Neutral","artificial",28,1,"Older",2.36458333333333
"2834","912499","resources/real_fg_memory_images/fg10.jpg","Neutral","artificial",28,1,"Older",2.36458333333333
"2835","912499","resources/real_fg_memory_images/orig27.jpg","Neutral","real",28,1,"Older",2.36458333333333
"2836","912499","resources/real_fg_memory_images/orig25.jpg","Neutral","real",28,0,"Older",2.36458333333333
"2837","912499","resources/real_fg_memory_images/fg8.jpg","Neutral","artificial",28,0,"Older",2.36458333333333
"2838","912499","resources/real_fg_memory_images/orig23.jpg","Scam","real",28,1,"Older",2.36458333333333
"2839","912499","resources/real_fg_memory_images/fg12.jpg","Neutral","artificial",28,0,"Older",2.36458333333333
"2840","912499","resources/real_fg_memory_images/fg11.jpg","Neutral","artificial",28,1,"Older",2.36458333333333
"2841","912499","resources/real_fg_memory_images/fg9.jpg","Neutral","artificial",28,1,"Older",2.36458333333333
"2842","912499","resources/real_fg_memory_images/orig21.jpg","Scam","real",28,0,"Older",2.36458333333333
"2843","912499","resources/real_fg_memory_images/fg1.jpg","Scam","artificial",28,1,"Older",2.36458333333333
"2844","912499","resources/real_fg_memory_images/fg5.jpg","Scam","artificial",28,1,"Older",2.36458333333333
"2845","912499","resources/real_fg_memory_images/orig30.jpg","Neutral","real",28,1,"Older",2.36458333333333
"2846","912499","resources/real_fg_memory_images/orig26.jpg","Neutral","real",28,1,"Older",2.36458333333333
"2847","912499","resources/real_fg_memory_images/orig29.jpg","Neutral","real",28,0,"Older",2.36458333333333
"2848","912499","resources/real_fg_memory_images/orig19.jpg","Scam","real",28,1,"Older",2.36458333333333
"2849","912499","resources/real_fg_memory_images/orig24.jpg","Scam","real",28,1,"Older",2.36458333333333
"2850","912499","resources/real_fg_memory_images/orig22.jpg","Scam","real",28,0,"Older",2.36458333333333
"2851","912499","resources/real_fg_memory_images/orig28.jpg","Neutral","real",28,1,"Older",2.36458333333333
"2852","912499","resources/real_fg_memory_images/fg6.jpg","Scam","artificial",28,1,"Older",2.36458333333333
"2853","912499","resources/real_fg_memory_images/fg4.jpg","Scam","artificial",28,1,"Older",2.36458333333333
"2854","912499","resources/real_fg_memory_images/orig20.jpg","Scam","real",28,1,"Older",2.36458333333333
"2855","912499","resources/real_fg_memory_images/fg2.jpg","Scam","artificial",28,1,"Older",2.36458333333333
"2856","912499","resources/real_fg_memory_images/fg3.jpg","Scam","artificial",28,1,"Older",2.36458333333333
"2857","974601","resources/real_fg_memory_images/orig19.jpg","Scam","real",26,1,"Older",0.364583333333332
"2858","974601","resources/real_fg_memory_images/fg2.jpg","Scam","artificial",26,1,"Older",0.364583333333332
"2859","974601","resources/real_fg_memory_images/fg5.jpg","Scam","artificial",26,1,"Older",0.364583333333332
"2860","974601","resources/real_fg_memory_images/fg1.jpg","Scam","artificial",26,1,"Older",0.364583333333332
"2861","974601","resources/real_fg_memory_images/orig21.jpg","Scam","real",26,0,"Older",0.364583333333332
"2862","974601","resources/real_fg_memory_images/orig30.jpg","Neutral","real",26,1,"Older",0.364583333333332
"2863","974601","resources/real_fg_memory_images/fg7.jpg","Neutral","artificial",26,1,"Older",0.364583333333332
"2864","974601","resources/real_fg_memory_images/fg8.jpg","Neutral","artificial",26,1,"Older",0.364583333333332
"2865","974601","resources/real_fg_memory_images/fg11.jpg","Neutral","artificial",26,1,"Older",0.364583333333332
"2866","974601","resources/real_fg_memory_images/fg4.jpg","Scam","artificial",26,0,"Older",0.364583333333332
"2867","974601","resources/real_fg_memory_images/orig24.jpg","Scam","real",26,1,"Older",0.364583333333332
"2868","974601","resources/real_fg_memory_images/fg12.jpg","Neutral","artificial",26,1,"Older",0.364583333333332
"2869","974601","resources/real_fg_memory_images/orig28.jpg","Neutral","real",26,1,"Older",0.364583333333332
"2870","974601","resources/real_fg_memory_images/orig27.jpg","Neutral","real",26,0,"Older",0.364583333333332
"2871","974601","resources/real_fg_memory_images/fg10.jpg","Neutral","artificial",26,1,"Older",0.364583333333332
"2872","974601","resources/real_fg_memory_images/orig25.jpg","Neutral","real",26,1,"Older",0.364583333333332
"2873","974601","resources/real_fg_memory_images/fg6.jpg","Scam","artificial",26,0,"Older",0.364583333333332
"2874","974601","resources/real_fg_memory_images/fg3.jpg","Scam","artificial",26,1,"Older",0.364583333333332
"2875","974601","resources/real_fg_memory_images/orig22.jpg","Scam","real",26,0,"Older",0.364583333333332
"2876","974601","resources/real_fg_memory_images/fg9.jpg","Neutral","artificial",26,0,"Older",0.364583333333332
"2877","974601","resources/real_fg_memory_images/orig26.jpg","Neutral","real",26,1,"Older",0.364583333333332
"2878","974601","resources/real_fg_memory_images/orig29.jpg","Neutral","real",26,1,"Older",0.364583333333332
"2879","974601","resources/real_fg_memory_images/orig23.jpg","Scam","real",26,0,"Older",0.364583333333332
"2880","974601","resources/real_fg_memory_images/orig20.jpg","Scam","real",26,0,"Older",0.364583333333332
"2881","054543","resources/real_fg_memory_images/fg20.jpg","Scam","artificial",23,1,"Older",-2.63541666666667
"2882","054543","resources/real_fg_memory_images/orig10.jpg","Neutral","real",23,1,"Older",-2.63541666666667
"2883","054543","resources/real_fg_memory_images/fg27.jpg","Neutral","artificial",23,1,"Older",-2.63541666666667
"2884","054543","resources/real_fg_memory_images/orig12.jpg","Neutral","real",23,0,"Older",-2.63541666666667
"2885","054543","resources/real_fg_memory_images/fg25.jpg","Neutral","artificial",23,1,"Older",-2.63541666666667
"2886","054543","resources/real_fg_memory_images/orig2.jpg","Scam","real",23,1,"Older",-2.63541666666667
"2887","054543","resources/real_fg_memory_images/orig7.jpg","Neutral","real",23,1,"Older",-2.63541666666667
"2888","054543","resources/real_fg_memory_images/orig9.jpg","Neutral","real",23,1,"Older",-2.63541666666667
"2889","054543","resources/real_fg_memory_images/fg22.jpg","Scam","artificial",23,1,"Older",-2.63541666666667
"2890","054543","resources/real_fg_memory_images/fg19.jpg","Scam","artificial",23,0,"Older",-2.63541666666667
"2891","054543","resources/real_fg_memory_images/fg23.jpg","Scam","artificial",23,1,"Older",-2.63541666666667
"2892","054543","resources/real_fg_memory_images/fg21.jpg","Scam","artificial",23,1,"Older",-2.63541666666667
"2893","054543","resources/real_fg_memory_images/fg28.jpg","Neutral","artificial",23,0,"Older",-2.63541666666667
"2894","054543","resources/real_fg_memory_images/fg30.jpg","Neutral","artificial",23,1,"Older",-2.63541666666667
"2895","054543","resources/real_fg_memory_images/orig5.jpg","Scam","real",23,1,"Older",-2.63541666666667
"2896","054543","resources/real_fg_memory_images/fg24.jpg","Scam","artificial",23,1,"Older",-2.63541666666667
"2897","054543","resources/real_fg_memory_images/orig6.jpg","Scam","real",23,1,"Older",-2.63541666666667
"2898","054543","resources/real_fg_memory_images/orig1.jpg","Scam","real",23,0,"Older",-2.63541666666667
"2899","054543","resources/real_fg_memory_images/orig3.jpg","Scam","real",23,1,"Older",-2.63541666666667
"2900","054543","resources/real_fg_memory_images/fg26.jpg","Neutral","artificial",23,1,"Older",-2.63541666666667
"2901","054543","resources/real_fg_memory_images/fg29.jpg","Neutral","artificial",23,1,"Older",-2.63541666666667
"2902","054543","resources/real_fg_memory_images/orig8.jpg","Neutral","real",23,1,"Older",-2.63541666666667
"2903","054543","resources/real_fg_memory_images/orig4.jpg","Scam","real",23,1,"Older",-2.63541666666667
"2904","054543","resources/real_fg_memory_images/orig11.jpg","Neutral","real",23,1,"Older",-2.63541666666667
"2905","099239","resources/real_fg_memory_images/orig9.jpg","Neutral","real",26,0,"Older",0.364583333333332
"2906","099239","resources/real_fg_memory_images/fg28.jpg","Neutral","artificial",26,0,"Older",0.364583333333332
"2907","099239","resources/real_fg_memory_images/orig6.jpg","Scam","real",26,0,"Older",0.364583333333332
"2908","099239","resources/real_fg_memory_images/fg24.jpg","Scam","artificial",26,1,"Older",0.364583333333332
"2909","099239","resources/real_fg_memory_images/fg26.jpg","Neutral","artificial",26,0,"Older",0.364583333333332
"2910","099239","resources/real_fg_memory_images/orig11.jpg","Neutral","real",26,1,"Older",0.364583333333332
"2911","099239","resources/real_fg_memory_images/fg23.jpg","Scam","artificial",26,1,"Older",0.364583333333332
"2912","099239","resources/real_fg_memory_images/orig12.jpg","Neutral","real",26,0,"Older",0.364583333333332
"2913","099239","resources/real_fg_memory_images/orig8.jpg","Neutral","real",26,0,"Older",0.364583333333332
"2914","099239","resources/real_fg_memory_images/fg29.jpg","Neutral","artificial",26,0,"Older",0.364583333333332
"2915","099239","resources/real_fg_memory_images/orig5.jpg","Scam","real",26,1,"Older",0.364583333333332
"2916","099239","resources/real_fg_memory_images/fg22.jpg","Scam","artificial",26,1,"Older",0.364583333333332
"2917","099239","resources/real_fg_memory_images/fg21.jpg","Scam","artificial",26,0,"Older",0.364583333333332
"2918","099239","resources/real_fg_memory_images/fg30.jpg","Neutral","artificial",26,1,"Older",0.364583333333332
"2919","099239","resources/real_fg_memory_images/fg25.jpg","Neutral","artificial",26,0,"Older",0.364583333333332
"2920","099239","resources/real_fg_memory_images/fg20.jpg","Scam","artificial",26,0,"Older",0.364583333333332
"2921","099239","resources/real_fg_memory_images/orig3.jpg","Scam","real",26,0,"Older",0.364583333333332
"2922","099239","resources/real_fg_memory_images/orig1.jpg","Scam","real",26,1,"Older",0.364583333333332
"2923","099239","resources/real_fg_memory_images/orig7.jpg","Neutral","real",26,0,"Older",0.364583333333332
"2924","099239","resources/real_fg_memory_images/orig10.jpg","Neutral","real",26,0,"Older",0.364583333333332
"2925","099239","resources/real_fg_memory_images/fg19.jpg","Scam","artificial",26,0,"Older",0.364583333333332
"2926","099239","resources/real_fg_memory_images/orig4.jpg","Scam","real",26,1,"Older",0.364583333333332
"2927","099239","resources/real_fg_memory_images/orig2.jpg","Scam","real",26,1,"Older",0.364583333333332
"2928","099239","resources/real_fg_memory_images/fg27.jpg","Neutral","artificial",26,1,"Older",0.364583333333332
"2929","106015","resources/real_fg_memory_images/orig9.jpg","Neutral","real",27,0,"Older",1.36458333333333
"2930","106015","resources/real_fg_memory_images/fg27.jpg","Neutral","artificial",27,1,"Older",1.36458333333333
"2931","106015","resources/real_fg_memory_images/fg23.jpg","Scam","artificial",27,0,"Older",1.36458333333333
"2932","106015","resources/real_fg_memory_images/fg30.jpg","Neutral","artificial",27,1,"Older",1.36458333333333
"2933","106015","resources/real_fg_memory_images/fg25.jpg","Neutral","artificial",27,0,"Older",1.36458333333333
"2934","106015","resources/real_fg_memory_images/fg28.jpg","Neutral","artificial",27,1,"Older",1.36458333333333
"2935","106015","resources/real_fg_memory_images/orig3.jpg","Scam","real",27,1,"Older",1.36458333333333
"2936","106015","resources/real_fg_memory_images/orig1.jpg","Scam","real",27,1,"Older",1.36458333333333
"2937","106015","resources/real_fg_memory_images/orig6.jpg","Scam","real",27,1,"Older",1.36458333333333
"2938","106015","resources/real_fg_memory_images/fg21.jpg","Scam","artificial",27,0,"Older",1.36458333333333
"2939","106015","resources/real_fg_memory_images/fg20.jpg","Scam","artificial",27,0,"Older",1.36458333333333
"2940","106015","resources/real_fg_memory_images/fg19.jpg","Scam","artificial",27,1,"Older",1.36458333333333
"2941","106015","resources/real_fg_memory_images/orig5.jpg","Scam","real",27,0,"Older",1.36458333333333
"2942","106015","resources/real_fg_memory_images/fg29.jpg","Neutral","artificial",27,0,"Older",1.36458333333333
"2943","106015","resources/real_fg_memory_images/orig8.jpg","Neutral","real",27,0,"Older",1.36458333333333
"2944","106015","resources/real_fg_memory_images/orig10.jpg","Neutral","real",27,0,"Older",1.36458333333333
"2945","106015","resources/real_fg_memory_images/fg24.jpg","Scam","artificial",27,1,"Older",1.36458333333333
"2946","106015","resources/real_fg_memory_images/orig2.jpg","Scam","real",27,0,"Older",1.36458333333333
"2947","106015","resources/real_fg_memory_images/orig4.jpg","Scam","real",27,0,"Older",1.36458333333333
"2948","106015","resources/real_fg_memory_images/orig11.jpg","Neutral","real",27,1,"Older",1.36458333333333
"2949","106015","resources/real_fg_memory_images/fg26.jpg","Neutral","artificial",27,1,"Older",1.36458333333333
"2950","106015","resources/real_fg_memory_images/orig12.jpg","Neutral","real",27,1,"Older",1.36458333333333
"2951","106015","resources/real_fg_memory_images/orig7.jpg","Neutral","real",27,1,"Older",1.36458333333333
"2952","106015","resources/real_fg_memory_images/fg22.jpg","Scam","artificial",27,0,"Older",1.36458333333333
"2953","124582","resources/real_fg_memory_images/orig10.jpg","Neutral","real",29,1,"Older",3.36458333333333
"2954","124582","resources/real_fg_memory_images/orig7.jpg","Neutral","real",29,0,"Older",3.36458333333333
"2955","124582","resources/real_fg_memory_images/orig3.jpg","Scam","real",29,1,"Older",3.36458333333333
"2956","124582","resources/real_fg_memory_images/orig4.jpg","Scam","real",29,1,"Older",3.36458333333333
"2957","124582","resources/real_fg_memory_images/fg23.jpg","Scam","artificial",29,1,"Older",3.36458333333333
"2958","124582","resources/real_fg_memory_images/orig2.jpg","Scam","real",29,1,"Older",3.36458333333333
"2959","124582","resources/real_fg_memory_images/orig9.jpg","Neutral","real",29,0,"Older",3.36458333333333
"2960","124582","resources/real_fg_memory_images/fg25.jpg","Neutral","artificial",29,0,"Older",3.36458333333333
"2961","124582","resources/real_fg_memory_images/fg26.jpg","Neutral","artificial",29,0,"Older",3.36458333333333
"2962","124582","resources/real_fg_memory_images/fg27.jpg","Neutral","artificial",29,1,"Older",3.36458333333333
"2963","124582","resources/real_fg_memory_images/fg28.jpg","Neutral","artificial",29,0,"Older",3.36458333333333
"2964","124582","resources/real_fg_memory_images/orig6.jpg","Scam","real",29,1,"Older",3.36458333333333
"2965","124582","resources/real_fg_memory_images/orig1.jpg","Scam","real",29,1,"Older",3.36458333333333
"2966","124582","resources/real_fg_memory_images/fg19.jpg","Scam","artificial",29,1,"Older",3.36458333333333
"2967","124582","resources/real_fg_memory_images/fg29.jpg","Neutral","artificial",29,0,"Older",3.36458333333333
"2968","124582","resources/real_fg_memory_images/orig5.jpg","Scam","real",29,1,"Older",3.36458333333333
"2969","124582","resources/real_fg_memory_images/fg24.jpg","Scam","artificial",29,0,"Older",3.36458333333333
"2970","124582","resources/real_fg_memory_images/orig12.jpg","Neutral","real",29,0,"Older",3.36458333333333
"2971","124582","resources/real_fg_memory_images/fg20.jpg","Scam","artificial",29,1,"Older",3.36458333333333
"2972","124582","resources/real_fg_memory_images/orig11.jpg","Neutral","real",29,1,"Older",3.36458333333333
"2973","124582","resources/real_fg_memory_images/fg22.jpg","Scam","artificial",29,1,"Older",3.36458333333333
"2974","124582","resources/real_fg_memory_images/orig8.jpg","Neutral","real",29,0,"Older",3.36458333333333
"2975","124582","resources/real_fg_memory_images/fg21.jpg","Scam","artificial",29,1,"Older",3.36458333333333
"2976","124582","resources/real_fg_memory_images/fg30.jpg","Neutral","artificial",29,0,"Older",3.36458333333333
"2977","163777","resources/real_fg_memory_images/orig12.jpg","Neutral","real",27,1,"Older",1.36458333333333
"2978","163777","resources/real_fg_memory_images/orig5.jpg","Scam","real",27,0,"Older",1.36458333333333
"2979","163777","resources/real_fg_memory_images/orig1.jpg","Scam","real",27,1,"Older",1.36458333333333
"2980","163777","resources/real_fg_memory_images/orig2.jpg","Scam","real",27,1,"Older",1.36458333333333
"2981","163777","resources/real_fg_memory_images/fg30.jpg","Neutral","artificial",27,1,"Older",1.36458333333333
"2982","163777","resources/real_fg_memory_images/fg29.jpg","Neutral","artificial",27,1,"Older",1.36458333333333
"2983","163777","resources/real_fg_memory_images/fg20.jpg","Scam","artificial",27,1,"Older",1.36458333333333
"2984","163777","resources/real_fg_memory_images/orig3.jpg","Scam","real",27,1,"Older",1.36458333333333
"2985","163777","resources/real_fg_memory_images/fg26.jpg","Neutral","artificial",27,0,"Older",1.36458333333333
"2986","163777","resources/real_fg_memory_images/fg22.jpg","Scam","artificial",27,1,"Older",1.36458333333333
"2987","163777","resources/real_fg_memory_images/fg23.jpg","Scam","artificial",27,1,"Older",1.36458333333333
"2988","163777","resources/real_fg_memory_images/orig4.jpg","Scam","real",27,0,"Older",1.36458333333333
"2989","163777","resources/real_fg_memory_images/fg27.jpg","Neutral","artificial",27,1,"Older",1.36458333333333
"2990","163777","resources/real_fg_memory_images/fg24.jpg","Scam","artificial",27,0,"Older",1.36458333333333
"2991","163777","resources/real_fg_memory_images/orig11.jpg","Neutral","real",27,0,"Older",1.36458333333333
"2992","163777","resources/real_fg_memory_images/orig7.jpg","Neutral","real",27,0,"Older",1.36458333333333
"2993","163777","resources/real_fg_memory_images/fg28.jpg","Neutral","artificial",27,1,"Older",1.36458333333333
"2994","163777","resources/real_fg_memory_images/orig8.jpg","Neutral","real",27,1,"Older",1.36458333333333
"2995","163777","resources/real_fg_memory_images/fg19.jpg","Scam","artificial",27,0,"Older",1.36458333333333
"2996","163777","resources/real_fg_memory_images/fg25.jpg","Neutral","artificial",27,0,"Older",1.36458333333333
"2997","163777","resources/real_fg_memory_images/orig6.jpg","Scam","real",27,1,"Older",1.36458333333333
"2998","163777","resources/real_fg_memory_images/orig10.jpg","Neutral","real",27,0,"Older",1.36458333333333
"2999","163777","resources/real_fg_memory_images/fg21.jpg","Scam","artificial",27,1,"Older",1.36458333333333
"3000","163777","resources/real_fg_memory_images/orig9.jpg","Neutral","real",27,1,"Older",1.36458333333333
"3001","167131","resources/real_fg_memory_images/orig4.jpg","Scam","real",31,1,"Older",5.36458333333333
"3002","167131","resources/real_fg_memory_images/orig7.jpg","Neutral","real",31,1,"Older",5.36458333333333
"3003","167131","resources/real_fg_memory_images/orig3.jpg","Scam","real",31,1,"Older",5.36458333333333
"3004","167131","resources/real_fg_memory_images/orig8.jpg","Neutral","real",31,1,"Older",5.36458333333333
"3005","167131","resources/real_fg_memory_images/fg28.jpg","Neutral","artificial",31,0,"Older",5.36458333333333
"3006","167131","resources/real_fg_memory_images/fg21.jpg","Scam","artificial",31,1,"Older",5.36458333333333
"3007","167131","resources/real_fg_memory_images/fg20.jpg","Scam","artificial",31,1,"Older",5.36458333333333
"3008","167131","resources/real_fg_memory_images/fg24.jpg","Scam","artificial",31,1,"Older",5.36458333333333
"3009","167131","resources/real_fg_memory_images/orig6.jpg","Scam","real",31,1,"Older",5.36458333333333
"3010","167131","resources/real_fg_memory_images/orig11.jpg","Neutral","real",31,1,"Older",5.36458333333333
"3011","167131","resources/real_fg_memory_images/fg22.jpg","Scam","artificial",31,1,"Older",5.36458333333333
"3012","167131","resources/real_fg_memory_images/orig12.jpg","Neutral","real",31,0,"Older",5.36458333333333
"3013","167131","resources/real_fg_memory_images/fg19.jpg","Scam","artificial",31,1,"Older",5.36458333333333
"3014","167131","resources/real_fg_memory_images/fg27.jpg","Neutral","artificial",31,1,"Older",5.36458333333333
"3015","167131","resources/real_fg_memory_images/orig9.jpg","Neutral","real",31,0,"Older",5.36458333333333
"3016","167131","resources/real_fg_memory_images/fg30.jpg","Neutral","artificial",31,1,"Older",5.36458333333333
"3017","167131","resources/real_fg_memory_images/fg26.jpg","Neutral","artificial",31,0,"Older",5.36458333333333
"3018","167131","resources/real_fg_memory_images/orig2.jpg","Scam","real",31,1,"Older",5.36458333333333
"3019","167131","resources/real_fg_memory_images/fg29.jpg","Neutral","artificial",31,1,"Older",5.36458333333333
"3020","167131","resources/real_fg_memory_images/orig1.jpg","Scam","real",31,1,"Older",5.36458333333333
"3021","167131","resources/real_fg_memory_images/fg23.jpg","Scam","artificial",31,0,"Older",5.36458333333333
"3022","167131","resources/real_fg_memory_images/orig10.jpg","Neutral","real",31,0,"Older",5.36458333333333
"3023","167131","resources/real_fg_memory_images/orig5.jpg","Scam","real",31,1,"Older",5.36458333333333
"3024","167131","resources/real_fg_memory_images/fg25.jpg","Neutral","artificial",31,0,"Older",5.36458333333333
"3025","324807","resources/real_fg_memory_images/orig12.jpg","Neutral","real",31,1,"Older",5.36458333333333
"3026","324807","resources/real_fg_memory_images/orig8.jpg","Neutral","real",31,0,"Older",5.36458333333333
"3027","324807","resources/real_fg_memory_images/fg29.jpg","Neutral","artificial",31,1,"Older",5.36458333333333
"3028","324807","resources/real_fg_memory_images/fg21.jpg","Scam","artificial",31,1,"Older",5.36458333333333
"3029","324807","resources/real_fg_memory_images/fg25.jpg","Neutral","artificial",31,1,"Older",5.36458333333333
"3030","324807","resources/real_fg_memory_images/orig5.jpg","Scam","real",31,0,"Older",5.36458333333333
"3031","324807","resources/real_fg_memory_images/orig9.jpg","Neutral","real",31,1,"Older",5.36458333333333
"3032","324807","resources/real_fg_memory_images/fg26.jpg","Neutral","artificial",31,1,"Older",5.36458333333333
"3033","324807","resources/real_fg_memory_images/orig10.jpg","Neutral","real",31,0,"Older",5.36458333333333
"3034","324807","resources/real_fg_memory_images/fg27.jpg","Neutral","artificial",31,1,"Older",5.36458333333333
"3035","324807","resources/real_fg_memory_images/orig7.jpg","Neutral","real",31,0,"Older",5.36458333333333
"3036","324807","resources/real_fg_memory_images/orig1.jpg","Scam","real",31,0,"Older",5.36458333333333
"3037","324807","resources/real_fg_memory_images/orig4.jpg","Scam","real",31,0,"Older",5.36458333333333
"3038","324807","resources/real_fg_memory_images/fg20.jpg","Scam","artificial",31,1,"Older",5.36458333333333
"3039","324807","resources/real_fg_memory_images/fg30.jpg","Neutral","artificial",31,0,"Older",5.36458333333333
"3040","324807","resources/real_fg_memory_images/orig11.jpg","Neutral","real",31,1,"Older",5.36458333333333
"3041","324807","resources/real_fg_memory_images/orig6.jpg","Scam","real",31,0,"Older",5.36458333333333
"3042","324807","resources/real_fg_memory_images/orig2.jpg","Scam","real",31,0,"Older",5.36458333333333
"3043","324807","resources/real_fg_memory_images/fg23.jpg","Scam","artificial",31,0,"Older",5.36458333333333
"3044","324807","resources/real_fg_memory_images/fg24.jpg","Scam","artificial",31,0,"Older",5.36458333333333
"3045","324807","resources/real_fg_memory_images/fg28.jpg","Neutral","artificial",31,0,"Older",5.36458333333333
"3046","324807","resources/real_fg_memory_images/fg22.jpg","Scam","artificial",31,1,"Older",5.36458333333333
"3047","324807","resources/real_fg_memory_images/fg19.jpg","Scam","artificial",31,0,"Older",5.36458333333333
"3048","324807","resources/real_fg_memory_images/orig3.jpg","Scam","real",31,1,"Older",5.36458333333333
"3049","385025","resources/real_fg_memory_images/orig12.jpg","Neutral","real",30,0,"Older",4.36458333333333
"3050","385025","resources/real_fg_memory_images/orig6.jpg","Scam","real",30,0,"Older",4.36458333333333
"3051","385025","resources/real_fg_memory_images/orig2.jpg","Scam","real",30,0,"Older",4.36458333333333
"3052","385025","resources/real_fg_memory_images/fg29.jpg","Neutral","artificial",30,1,"Older",4.36458333333333
"3053","385025","resources/real_fg_memory_images/fg30.jpg","Neutral","artificial",30,0,"Older",4.36458333333333
"3054","385025","resources/real_fg_memory_images/fg27.jpg","Neutral","artificial",30,1,"Older",4.36458333333333
"3055","385025","resources/real_fg_memory_images/orig5.jpg","Scam","real",30,1,"Older",4.36458333333333
"3056","385025","resources/real_fg_memory_images/fg24.jpg","Scam","artificial",30,0,"Older",4.36458333333333
"3057","385025","resources/real_fg_memory_images/orig11.jpg","Neutral","real",30,1,"Older",4.36458333333333
"3058","385025","resources/real_fg_memory_images/orig10.jpg","Neutral","real",30,1,"Older",4.36458333333333
"3059","385025","resources/real_fg_memory_images/orig7.jpg","Neutral","real",30,1,"Older",4.36458333333333
"3060","385025","resources/real_fg_memory_images/fg22.jpg","Scam","artificial",30,1,"Older",4.36458333333333
"3061","385025","resources/real_fg_memory_images/orig1.jpg","Scam","real",30,1,"Older",4.36458333333333
"3062","385025","resources/real_fg_memory_images/orig8.jpg","Neutral","real",30,0,"Older",4.36458333333333
"3063","385025","resources/real_fg_memory_images/fg25.jpg","Neutral","artificial",30,1,"Older",4.36458333333333
"3064","385025","resources/real_fg_memory_images/fg21.jpg","Scam","artificial",30,0,"Older",4.36458333333333
"3065","385025","resources/real_fg_memory_images/fg28.jpg","Neutral","artificial",30,1,"Older",4.36458333333333
"3066","385025","resources/real_fg_memory_images/orig9.jpg","Neutral","real",30,0,"Older",4.36458333333333
"3067","385025","resources/real_fg_memory_images/orig3.jpg","Scam","real",30,0,"Older",4.36458333333333
"3068","385025","resources/real_fg_memory_images/fg19.jpg","Scam","artificial",30,0,"Older",4.36458333333333
"3069","385025","resources/real_fg_memory_images/orig4.jpg","Scam","real",30,1,"Older",4.36458333333333
"3070","385025","resources/real_fg_memory_images/fg20.jpg","Scam","artificial",30,0,"Older",4.36458333333333
"3071","385025","resources/real_fg_memory_images/fg26.jpg","Neutral","artificial",30,1,"Older",4.36458333333333
"3072","385025","resources/real_fg_memory_images/fg23.jpg","Scam","artificial",30,0,"Older",4.36458333333333
"3073","425851","resources/real_fg_memory_images/fg29.jpg","Neutral","artificial",19,1,"Older",-6.63541666666667
"3074","425851","resources/real_fg_memory_images/orig6.jpg","Scam","real",19,0,"Older",-6.63541666666667
"3075","425851","resources/real_fg_memory_images/orig11.jpg","Neutral","real",19,1,"Older",-6.63541666666667
"3076","425851","resources/real_fg_memory_images/orig4.jpg","Scam","real",19,1,"Older",-6.63541666666667
"3077","425851","resources/real_fg_memory_images/orig3.jpg","Scam","real",19,1,"Older",-6.63541666666667
"3078","425851","resources/real_fg_memory_images/fg19.jpg","Scam","artificial",19,1,"Older",-6.63541666666667
"3079","425851","resources/real_fg_memory_images/fg27.jpg","Neutral","artificial",19,0,"Older",-6.63541666666667
"3080","425851","resources/real_fg_memory_images/fg20.jpg","Scam","artificial",19,1,"Older",-6.63541666666667
"3081","425851","resources/real_fg_memory_images/orig5.jpg","Scam","real",19,1,"Older",-6.63541666666667
"3082","425851","resources/real_fg_memory_images/fg23.jpg","Scam","artificial",19,1,"Older",-6.63541666666667
"3083","425851","resources/real_fg_memory_images/fg28.jpg","Neutral","artificial",19,1,"Older",-6.63541666666667
"3084","425851","resources/real_fg_memory_images/orig7.jpg","Neutral","real",19,0,"Older",-6.63541666666667
"3085","425851","resources/real_fg_memory_images/orig12.jpg","Neutral","real",19,0,"Older",-6.63541666666667
"3086","425851","resources/real_fg_memory_images/fg25.jpg","Neutral","artificial",19,0,"Older",-6.63541666666667
"3087","425851","resources/real_fg_memory_images/orig9.jpg","Neutral","real",19,0,"Older",-6.63541666666667
"3088","425851","resources/real_fg_memory_images/fg22.jpg","Scam","artificial",19,1,"Older",-6.63541666666667
"3089","425851","resources/real_fg_memory_images/fg26.jpg","Neutral","artificial",19,1,"Older",-6.63541666666667
"3090","425851","resources/real_fg_memory_images/fg24.jpg","Scam","artificial",19,0,"Older",-6.63541666666667
"3091","425851","resources/real_fg_memory_images/orig8.jpg","Neutral","real",19,0,"Older",-6.63541666666667
"3092","425851","resources/real_fg_memory_images/fg30.jpg","Neutral","artificial",19,0,"Older",-6.63541666666667
"3093","425851","resources/real_fg_memory_images/orig10.jpg","Neutral","real",19,1,"Older",-6.63541666666667
"3094","425851","resources/real_fg_memory_images/orig2.jpg","Scam","real",19,1,"Older",-6.63541666666667
"3095","425851","resources/real_fg_memory_images/fg21.jpg","Scam","artificial",19,1,"Older",-6.63541666666667
"3096","425851","resources/real_fg_memory_images/orig1.jpg","Scam","real",19,0,"Older",-6.63541666666667
"3097","431226","resources/real_fg_memory_images/fg23.jpg","Scam","artificial",21,0,"Older",-4.63541666666667
"3098","431226","resources/real_fg_memory_images/fg19.jpg","Scam","artificial",21,0,"Older",-4.63541666666667
"3099","431226","resources/real_fg_memory_images/orig10.jpg","Neutral","real",21,0,"Older",-4.63541666666667
"3100","431226","resources/real_fg_memory_images/fg22.jpg","Scam","artificial",21,1,"Older",-4.63541666666667
"3101","431226","resources/real_fg_memory_images/orig6.jpg","Scam","real",21,1,"Older",-4.63541666666667
"3102","431226","resources/real_fg_memory_images/orig8.jpg","Neutral","real",21,0,"Older",-4.63541666666667
"3103","431226","resources/real_fg_memory_images/orig7.jpg","Neutral","real",21,0,"Older",-4.63541666666667
"3104","431226","resources/real_fg_memory_images/fg20.jpg","Scam","artificial",21,0,"Older",-4.63541666666667
"3105","431226","resources/real_fg_memory_images/fg21.jpg","Scam","artificial",21,0,"Older",-4.63541666666667
"3106","431226","resources/real_fg_memory_images/orig5.jpg","Scam","real",21,1,"Older",-4.63541666666667
"3107","431226","resources/real_fg_memory_images/fg26.jpg","Neutral","artificial",21,1,"Older",-4.63541666666667
"3108","431226","resources/real_fg_memory_images/orig12.jpg","Neutral","real",21,0,"Older",-4.63541666666667
"3109","431226","resources/real_fg_memory_images/orig11.jpg","Neutral","real",21,0,"Older",-4.63541666666667
"3110","431226","resources/real_fg_memory_images/fg24.jpg","Scam","artificial",21,1,"Older",-4.63541666666667
"3111","431226","resources/real_fg_memory_images/fg28.jpg","Neutral","artificial",21,0,"Older",-4.63541666666667
"3112","431226","resources/real_fg_memory_images/orig4.jpg","Scam","real",21,1,"Older",-4.63541666666667
"3113","431226","resources/real_fg_memory_images/fg27.jpg","Neutral","artificial",21,0,"Older",-4.63541666666667
"3114","431226","resources/real_fg_memory_images/orig2.jpg","Scam","real",21,1,"Older",-4.63541666666667
"3115","431226","resources/real_fg_memory_images/fg30.jpg","Neutral","artificial",21,0,"Older",-4.63541666666667
"3116","431226","resources/real_fg_memory_images/orig1.jpg","Scam","real",21,1,"Older",-4.63541666666667
"3117","431226","resources/real_fg_memory_images/orig3.jpg","Scam","real",21,1,"Older",-4.63541666666667
"3118","431226","resources/real_fg_memory_images/orig9.jpg","Neutral","real",21,1,"Older",-4.63541666666667
"3119","431226","resources/real_fg_memory_images/fg29.jpg","Neutral","artificial",21,1,"Older",-4.63541666666667
"3120","431226","resources/real_fg_memory_images/fg25.jpg","Neutral","artificial",21,0,"Older",-4.63541666666667
"3121","444172","resources/real_fg_memory_images/fg19.jpg","Scam","artificial",30,0,"Older",4.36458333333333
"3122","444172","resources/real_fg_memory_images/orig5.jpg","Scam","real",30,1,"Older",4.36458333333333
"3123","444172","resources/real_fg_memory_images/orig12.jpg","Neutral","real",30,0,"Older",4.36458333333333
"3124","444172","resources/real_fg_memory_images/orig4.jpg","Scam","real",30,1,"Older",4.36458333333333
"3125","444172","resources/real_fg_memory_images/orig9.jpg","Neutral","real",30,0,"Older",4.36458333333333
"3126","444172","resources/real_fg_memory_images/fg29.jpg","Neutral","artificial",30,1,"Older",4.36458333333333
"3127","444172","resources/real_fg_memory_images/fg23.jpg","Scam","artificial",30,1,"Older",4.36458333333333
"3128","444172","resources/real_fg_memory_images/fg30.jpg","Neutral","artificial",30,1,"Older",4.36458333333333
"3129","444172","resources/real_fg_memory_images/orig11.jpg","Neutral","real",30,1,"Older",4.36458333333333
"3130","444172","resources/real_fg_memory_images/orig1.jpg","Scam","real",30,1,"Older",4.36458333333333
"3131","444172","resources/real_fg_memory_images/fg22.jpg","Scam","artificial",30,1,"Older",4.36458333333333
"3132","444172","resources/real_fg_memory_images/fg25.jpg","Neutral","artificial",30,1,"Older",4.36458333333333
"3133","444172","resources/real_fg_memory_images/fg26.jpg","Neutral","artificial",30,1,"Older",4.36458333333333
"3134","444172","resources/real_fg_memory_images/orig3.jpg","Scam","real",30,1,"Older",4.36458333333333
"3135","444172","resources/real_fg_memory_images/orig10.jpg","Neutral","real",30,1,"Older",4.36458333333333
"3136","444172","resources/real_fg_memory_images/fg21.jpg","Scam","artificial",30,1,"Older",4.36458333333333
"3137","444172","resources/real_fg_memory_images/fg27.jpg","Neutral","artificial",30,1,"Older",4.36458333333333
"3138","444172","resources/real_fg_memory_images/fg24.jpg","Scam","artificial",30,0,"Older",4.36458333333333
"3139","444172","resources/real_fg_memory_images/fg20.jpg","Scam","artificial",30,1,"Older",4.36458333333333
"3140","444172","resources/real_fg_memory_images/orig8.jpg","Neutral","real",30,0,"Older",4.36458333333333
"3141","444172","resources/real_fg_memory_images/orig6.jpg","Scam","real",30,1,"Older",4.36458333333333
"3142","444172","resources/real_fg_memory_images/fg28.jpg","Neutral","artificial",30,0,"Older",4.36458333333333
"3143","444172","resources/real_fg_memory_images/orig7.jpg","Neutral","real",30,0,"Older",4.36458333333333
"3144","444172","resources/real_fg_memory_images/orig2.jpg","Scam","real",30,0,"Older",4.36458333333333
"3145","452555","resources/real_fg_memory_images/orig10.jpg","Neutral","real",25,1,"Older",-0.635416666666668
"3146","452555","resources/real_fg_memory_images/fg28.jpg","Neutral","artificial",25,1,"Older",-0.635416666666668
"3147","452555","resources/real_fg_memory_images/fg30.jpg","Neutral","artificial",25,0,"Older",-0.635416666666668
"3148","452555","resources/real_fg_memory_images/fg20.jpg","Scam","artificial",25,0,"Older",-0.635416666666668
"3149","452555","resources/real_fg_memory_images/fg23.jpg","Scam","artificial",25,1,"Older",-0.635416666666668
"3150","452555","resources/real_fg_memory_images/fg26.jpg","Neutral","artificial",25,1,"Older",-0.635416666666668
"3151","452555","resources/real_fg_memory_images/fg25.jpg","Neutral","artificial",25,1,"Older",-0.635416666666668
"3152","452555","resources/real_fg_memory_images/orig4.jpg","Scam","real",25,1,"Older",-0.635416666666668
"3153","452555","resources/real_fg_memory_images/fg29.jpg","Neutral","artificial",25,0,"Older",-0.635416666666668
"3154","452555","resources/real_fg_memory_images/orig5.jpg","Scam","real",25,1,"Older",-0.635416666666668
"3155","452555","resources/real_fg_memory_images/orig8.jpg","Neutral","real",25,1,"Older",-0.635416666666668
"3156","452555","resources/real_fg_memory_images/orig3.jpg","Scam","real",25,0,"Older",-0.635416666666668
"3157","452555","resources/real_fg_memory_images/orig7.jpg","Neutral","real",25,0,"Older",-0.635416666666668
"3158","452555","resources/real_fg_memory_images/orig12.jpg","Neutral","real",25,1,"Older",-0.635416666666668
"3159","452555","resources/real_fg_memory_images/fg27.jpg","Neutral","artificial",25,1,"Older",-0.635416666666668
"3160","452555","resources/real_fg_memory_images/orig11.jpg","Neutral","real",25,1,"Older",-0.635416666666668
"3161","452555","resources/real_fg_memory_images/orig1.jpg","Scam","real",25,0,"Older",-0.635416666666668
"3162","452555","resources/real_fg_memory_images/fg24.jpg","Scam","artificial",25,1,"Older",-0.635416666666668
"3163","452555","resources/real_fg_memory_images/fg21.jpg","Scam","artificial",25,0,"Older",-0.635416666666668
"3164","452555","resources/real_fg_memory_images/fg19.jpg","Scam","artificial",25,0,"Older",-0.635416666666668
"3165","452555","resources/real_fg_memory_images/orig9.jpg","Neutral","real",25,0,"Older",-0.635416666666668
"3166","452555","resources/real_fg_memory_images/orig6.jpg","Scam","real",25,0,"Older",-0.635416666666668
"3167","452555","resources/real_fg_memory_images/fg22.jpg","Scam","artificial",25,0,"Older",-0.635416666666668
"3168","452555","resources/real_fg_memory_images/orig2.jpg","Scam","real",25,1,"Older",-0.635416666666668
"3169","630358","resources/real_fg_memory_images/orig12.jpg","Neutral","real",30,0,"Older",4.36458333333333
"3170","630358","resources/real_fg_memory_images/fg24.jpg","Scam","artificial",30,0,"Older",4.36458333333333
"3171","630358","resources/real_fg_memory_images/fg27.jpg","Neutral","artificial",30,1,"Older",4.36458333333333
"3172","630358","resources/real_fg_memory_images/fg26.jpg","Neutral","artificial",30,1,"Older",4.36458333333333
"3173","630358","resources/real_fg_memory_images/fg23.jpg","Scam","artificial",30,1,"Older",4.36458333333333
"3174","630358","resources/real_fg_memory_images/orig6.jpg","Scam","real",30,0,"Older",4.36458333333333
"3175","630358","resources/real_fg_memory_images/orig2.jpg","Scam","real",30,0,"Older",4.36458333333333
"3176","630358","resources/real_fg_memory_images/fg25.jpg","Neutral","artificial",30,1,"Older",4.36458333333333
"3177","630358","resources/real_fg_memory_images/orig8.jpg","Neutral","real",30,1,"Older",4.36458333333333
"3178","630358","resources/real_fg_memory_images/orig9.jpg","Neutral","real",30,0,"Older",4.36458333333333
"3179","630358","resources/real_fg_memory_images/orig11.jpg","Neutral","real",30,1,"Older",4.36458333333333
"3180","630358","resources/real_fg_memory_images/orig5.jpg","Scam","real",30,1,"Older",4.36458333333333
"3181","630358","resources/real_fg_memory_images/fg21.jpg","Scam","artificial",30,1,"Older",4.36458333333333
"3182","630358","resources/real_fg_memory_images/orig4.jpg","Scam","real",30,0,"Older",4.36458333333333
"3183","630358","resources/real_fg_memory_images/fg19.jpg","Scam","artificial",30,0,"Older",4.36458333333333
"3184","630358","resources/real_fg_memory_images/fg28.jpg","Neutral","artificial",30,1,"Older",4.36458333333333
"3185","630358","resources/real_fg_memory_images/fg30.jpg","Neutral","artificial",30,1,"Older",4.36458333333333
"3186","630358","resources/real_fg_memory_images/fg20.jpg","Scam","artificial",30,0,"Older",4.36458333333333
"3187","630358","resources/real_fg_memory_images/orig7.jpg","Neutral","real",30,1,"Older",4.36458333333333
"3188","630358","resources/real_fg_memory_images/fg22.jpg","Scam","artificial",30,1,"Older",4.36458333333333
"3189","630358","resources/real_fg_memory_images/orig1.jpg","Scam","real",30,1,"Older",4.36458333333333
"3190","630358","resources/real_fg_memory_images/fg29.jpg","Neutral","artificial",30,1,"Older",4.36458333333333
"3191","630358","resources/real_fg_memory_images/orig3.jpg","Scam","real",30,1,"Older",4.36458333333333
"3192","630358","resources/real_fg_memory_images/orig10.jpg","Neutral","real",30,0,"Older",4.36458333333333
"3193","682144","resources/real_fg_memory_images/orig5.jpg","Scam","real",23,0,"Older",-2.63541666666667
"3194","682144","resources/real_fg_memory_images/fg30.jpg","Neutral","artificial",23,1,"Older",-2.63541666666667
"3195","682144","resources/real_fg_memory_images/fg28.jpg","Neutral","artificial",23,1,"Older",-2.63541666666667
"3196","682144","resources/real_fg_memory_images/fg26.jpg","Neutral","artificial",23,0,"Older",-2.63541666666667
"3197","682144","resources/real_fg_memory_images/orig12.jpg","Neutral","real",23,1,"Older",-2.63541666666667
"3198","682144","resources/real_fg_memory_images/orig6.jpg","Scam","real",23,1,"Older",-2.63541666666667
"3199","682144","resources/real_fg_memory_images/orig9.jpg","Neutral","real",23,0,"Older",-2.63541666666667
"3200","682144","resources/real_fg_memory_images/fg21.jpg","Scam","artificial",23,0,"Older",-2.63541666666667
"3201","682144","resources/real_fg_memory_images/fg20.jpg","Scam","artificial",23,0,"Older",-2.63541666666667
"3202","682144","resources/real_fg_memory_images/orig8.jpg","Neutral","real",23,1,"Older",-2.63541666666667
"3203","682144","resources/real_fg_memory_images/fg23.jpg","Scam","artificial",23,1,"Older",-2.63541666666667
"3204","682144","resources/real_fg_memory_images/orig1.jpg","Scam","real",23,1,"Older",-2.63541666666667
"3205","682144","resources/real_fg_memory_images/fg25.jpg","Neutral","artificial",23,0,"Older",-2.63541666666667
"3206","682144","resources/real_fg_memory_images/orig7.jpg","Neutral","real",23,1,"Older",-2.63541666666667
"3207","682144","resources/real_fg_memory_images/orig2.jpg","Scam","real",23,0,"Older",-2.63541666666667
"3208","682144","resources/real_fg_memory_images/fg24.jpg","Scam","artificial",23,0,"Older",-2.63541666666667
"3209","682144","resources/real_fg_memory_images/orig11.jpg","Neutral","real",23,1,"Older",-2.63541666666667
"3210","682144","resources/real_fg_memory_images/orig4.jpg","Scam","real",23,1,"Older",-2.63541666666667
"3211","682144","resources/real_fg_memory_images/fg19.jpg","Scam","artificial",23,0,"Older",-2.63541666666667
"3212","682144","resources/real_fg_memory_images/fg27.jpg","Neutral","artificial",23,1,"Older",-2.63541666666667
"3213","682144","resources/real_fg_memory_images/fg22.jpg","Scam","artificial",23,0,"Older",-2.63541666666667
"3214","682144","resources/real_fg_memory_images/orig10.jpg","Neutral","real",23,1,"Older",-2.63541666666667
"3215","682144","resources/real_fg_memory_images/orig3.jpg","Scam","real",23,1,"Older",-2.63541666666667
"3216","682144","resources/real_fg_memory_images/fg29.jpg","Neutral","artificial",23,1,"Older",-2.63541666666667
"3217","722296","resources/real_fg_memory_images/orig8.jpg","Neutral","real",28,1,"Older",2.36458333333333
"3218","722296","resources/real_fg_memory_images/fg22.jpg","Scam","artificial",28,0,"Older",2.36458333333333
"3219","722296","resources/real_fg_memory_images/fg27.jpg","Neutral","artificial",28,1,"Older",2.36458333333333
"3220","722296","resources/real_fg_memory_images/orig9.jpg","Neutral","real",28,0,"Older",2.36458333333333
"3221","722296","resources/real_fg_memory_images/fg19.jpg","Scam","artificial",28,0,"Older",2.36458333333333
"3222","722296","resources/real_fg_memory_images/orig5.jpg","Scam","real",28,0,"Older",2.36458333333333
"3223","722296","resources/real_fg_memory_images/orig3.jpg","Scam","real",28,0,"Older",2.36458333333333
"3224","722296","resources/real_fg_memory_images/fg25.jpg","Neutral","artificial",28,0,"Older",2.36458333333333
"3225","722296","resources/real_fg_memory_images/orig4.jpg","Scam","real",28,1,"Older",2.36458333333333
"3226","722296","resources/real_fg_memory_images/orig12.jpg","Neutral","real",28,1,"Older",2.36458333333333
"3227","722296","resources/real_fg_memory_images/fg20.jpg","Scam","artificial",28,1,"Older",2.36458333333333
"3228","722296","resources/real_fg_memory_images/orig7.jpg","Neutral","real",28,1,"Older",2.36458333333333
"3229","722296","resources/real_fg_memory_images/fg29.jpg","Neutral","artificial",28,1,"Older",2.36458333333333
"3230","722296","resources/real_fg_memory_images/fg24.jpg","Scam","artificial",28,0,"Older",2.36458333333333
"3231","722296","resources/real_fg_memory_images/orig1.jpg","Scam","real",28,1,"Older",2.36458333333333
"3232","722296","resources/real_fg_memory_images/orig6.jpg","Scam","real",28,1,"Older",2.36458333333333
"3233","722296","resources/real_fg_memory_images/fg26.jpg","Neutral","artificial",28,1,"Older",2.36458333333333
"3234","722296","resources/real_fg_memory_images/fg30.jpg","Neutral","artificial",28,1,"Older",2.36458333333333
"3235","722296","resources/real_fg_memory_images/fg21.jpg","Scam","artificial",28,1,"Older",2.36458333333333
"3236","722296","resources/real_fg_memory_images/orig2.jpg","Scam","real",28,0,"Older",2.36458333333333
"3237","722296","resources/real_fg_memory_images/fg28.jpg","Neutral","artificial",28,1,"Older",2.36458333333333
"3238","722296","resources/real_fg_memory_images/orig10.jpg","Neutral","real",28,0,"Older",2.36458333333333
"3239","722296","resources/real_fg_memory_images/orig11.jpg","Neutral","real",28,0,"Older",2.36458333333333
"3240","722296","resources/real_fg_memory_images/fg23.jpg","Scam","artificial",28,0,"Older",2.36458333333333
"3241","735788","resources/real_fg_memory_images/orig5.jpg","Scam","real",30,1,"Older",4.36458333333333
"3242","735788","resources/real_fg_memory_images/fg28.jpg","Neutral","artificial",30,0,"Older",4.36458333333333
"3243","735788","resources/real_fg_memory_images/fg22.jpg","Scam","artificial",30,1,"Older",4.36458333333333
"3244","735788","resources/real_fg_memory_images/orig8.jpg","Neutral","real",30,1,"Older",4.36458333333333
"3245","735788","resources/real_fg_memory_images/fg21.jpg","Scam","artificial",30,1,"Older",4.36458333333333
"3246","735788","resources/real_fg_memory_images/orig10.jpg","Neutral","real",30,1,"Older",4.36458333333333
"3247","735788","resources/real_fg_memory_images/fg23.jpg","Scam","artificial",30,0,"Older",4.36458333333333
"3248","735788","resources/real_fg_memory_images/fg30.jpg","Neutral","artificial",30,1,"Older",4.36458333333333
"3249","735788","resources/real_fg_memory_images/fg29.jpg","Neutral","artificial",30,1,"Older",4.36458333333333
"3250","735788","resources/real_fg_memory_images/fg19.jpg","Scam","artificial",30,1,"Older",4.36458333333333
"3251","735788","resources/real_fg_memory_images/orig2.jpg","Scam","real",30,1,"Older",4.36458333333333
"3252","735788","resources/real_fg_memory_images/orig7.jpg","Neutral","real",30,1,"Older",4.36458333333333
"3253","735788","resources/real_fg_memory_images/orig11.jpg","Neutral","real",30,1,"Older",4.36458333333333
"3254","735788","resources/real_fg_memory_images/orig6.jpg","Scam","real",30,0,"Older",4.36458333333333
"3255","735788","resources/real_fg_memory_images/fg27.jpg","Neutral","artificial",30,1,"Older",4.36458333333333
"3256","735788","resources/real_fg_memory_images/fg24.jpg","Scam","artificial",30,1,"Older",4.36458333333333
"3257","735788","resources/real_fg_memory_images/fg26.jpg","Neutral","artificial",30,1,"Older",4.36458333333333
"3258","735788","resources/real_fg_memory_images/orig9.jpg","Neutral","real",30,1,"Older",4.36458333333333
"3259","735788","resources/real_fg_memory_images/orig4.jpg","Scam","real",30,1,"Older",4.36458333333333
"3260","735788","resources/real_fg_memory_images/orig3.jpg","Scam","real",30,1,"Older",4.36458333333333
"3261","735788","resources/real_fg_memory_images/fg25.jpg","Neutral","artificial",30,0,"Older",4.36458333333333
"3262","735788","resources/real_fg_memory_images/orig12.jpg","Neutral","real",30,0,"Older",4.36458333333333
"3263","735788","resources/real_fg_memory_images/fg20.jpg","Scam","artificial",30,1,"Older",4.36458333333333
"3264","735788","resources/real_fg_memory_images/orig1.jpg","Scam","real",30,0,"Older",4.36458333333333
"3265","773358","resources/real_fg_memory_images/fg25.jpg","Neutral","artificial",15,1,"Older",-10.6354166666667
"3266","773358","resources/real_fg_memory_images/orig11.jpg","Neutral","real",15,1,"Older",-10.6354166666667
"3267","773358","resources/real_fg_memory_images/fg19.jpg","Scam","artificial",15,1,"Older",-10.6354166666667
"3268","773358","resources/real_fg_memory_images/orig12.jpg","Neutral","real",15,1,"Older",-10.6354166666667
"3269","773358","resources/real_fg_memory_images/fg30.jpg","Neutral","artificial",15,1,"Older",-10.6354166666667
"3270","773358","resources/real_fg_memory_images/orig6.jpg","Scam","real",15,0,"Older",-10.6354166666667
"3271","773358","resources/real_fg_memory_images/fg20.jpg","Scam","artificial",15,1,"Older",-10.6354166666667
"3272","773358","resources/real_fg_memory_images/orig8.jpg","Neutral","real",15,0,"Older",-10.6354166666667
"3273","773358","resources/real_fg_memory_images/orig2.jpg","Scam","real",15,1,"Older",-10.6354166666667
"3274","773358","resources/real_fg_memory_images/fg22.jpg","Scam","artificial",15,1,"Older",-10.6354166666667
"3275","773358","resources/real_fg_memory_images/orig9.jpg","Neutral","real",15,0,"Older",-10.6354166666667
"3276","773358","resources/real_fg_memory_images/fg23.jpg","Scam","artificial",15,0,"Older",-10.6354166666667
"3277","773358","resources/real_fg_memory_images/fg28.jpg","Neutral","artificial",15,1,"Older",-10.6354166666667
"3278","773358","resources/real_fg_memory_images/fg29.jpg","Neutral","artificial",15,1,"Older",-10.6354166666667
"3279","773358","resources/real_fg_memory_images/fg27.jpg","Neutral","artificial",15,1,"Older",-10.6354166666667
"3280","773358","resources/real_fg_memory_images/fg24.jpg","Scam","artificial",15,1,"Older",-10.6354166666667
"3281","773358","resources/real_fg_memory_images/orig1.jpg","Scam","real",15,1,"Older",-10.6354166666667
"3282","773358","resources/real_fg_memory_images/fg26.jpg","Neutral","artificial",15,0,"Older",-10.6354166666667
"3283","773358","resources/real_fg_memory_images/orig10.jpg","Neutral","real",15,0,"Older",-10.6354166666667
"3284","773358","resources/real_fg_memory_images/orig4.jpg","Scam","real",15,1,"Older",-10.6354166666667
"3285","773358","resources/real_fg_memory_images/orig5.jpg","Scam","real",15,1,"Older",-10.6354166666667
"3286","773358","resources/real_fg_memory_images/orig7.jpg","Neutral","real",15,0,"Older",-10.6354166666667
"3287","773358","resources/real_fg_memory_images/orig3.jpg","Scam","real",15,1,"Older",-10.6354166666667
"3288","773358","resources/real_fg_memory_images/fg21.jpg","Scam","artificial",15,1,"Older",-10.6354166666667
"3289","788109","resources/real_fg_memory_images/fg26.jpg","Neutral","artificial",26,1,"Older",0.364583333333332
"3290","788109","resources/real_fg_memory_images/orig5.jpg","Scam","real",26,1,"Older",0.364583333333332
"3291","788109","resources/real_fg_memory_images/orig3.jpg","Scam","real",26,1,"Older",0.364583333333332
"3292","788109","resources/real_fg_memory_images/fg29.jpg","Neutral","artificial",26,1,"Older",0.364583333333332
"3293","788109","resources/real_fg_memory_images/fg27.jpg","Neutral","artificial",26,0,"Older",0.364583333333332
"3294","788109","resources/real_fg_memory_images/orig6.jpg","Scam","real",26,1,"Older",0.364583333333332
"3295","788109","resources/real_fg_memory_images/orig7.jpg","Neutral","real",26,0,"Older",0.364583333333332
"3296","788109","resources/real_fg_memory_images/orig8.jpg","Neutral","real",26,1,"Older",0.364583333333332
"3297","788109","resources/real_fg_memory_images/fg23.jpg","Scam","artificial",26,1,"Older",0.364583333333332
"3298","788109","resources/real_fg_memory_images/fg22.jpg","Scam","artificial",26,1,"Older",0.364583333333332
"3299","788109","resources/real_fg_memory_images/orig10.jpg","Neutral","real",26,0,"Older",0.364583333333332
"3300","788109","resources/real_fg_memory_images/fg20.jpg","Scam","artificial",26,1,"Older",0.364583333333332
"3301","788109","resources/real_fg_memory_images/fg25.jpg","Neutral","artificial",26,0,"Older",0.364583333333332
"3302","788109","resources/real_fg_memory_images/orig11.jpg","Neutral","real",26,1,"Older",0.364583333333332
"3303","788109","resources/real_fg_memory_images/fg30.jpg","Neutral","artificial",26,0,"Older",0.364583333333332
"3304","788109","resources/real_fg_memory_images/orig1.jpg","Scam","real",26,1,"Older",0.364583333333332
"3305","788109","resources/real_fg_memory_images/fg19.jpg","Scam","artificial",26,1,"Older",0.364583333333332
"3306","788109","resources/real_fg_memory_images/fg24.jpg","Scam","artificial",26,0,"Older",0.364583333333332
"3307","788109","resources/real_fg_memory_images/orig2.jpg","Scam","real",26,0,"Older",0.364583333333332
"3308","788109","resources/real_fg_memory_images/fg28.jpg","Neutral","artificial",26,1,"Older",0.364583333333332
"3309","788109","resources/real_fg_memory_images/orig12.jpg","Neutral","real",26,0,"Older",0.364583333333332
"3310","788109","resources/real_fg_memory_images/orig4.jpg","Scam","real",26,0,"Older",0.364583333333332
"3311","788109","resources/real_fg_memory_images/fg21.jpg","Scam","artificial",26,1,"Older",0.364583333333332
"3312","788109","resources/real_fg_memory_images/orig9.jpg","Neutral","real",26,1,"Older",0.364583333333332
"3313","840605","resources/real_fg_memory_images/orig4.jpg","Scam","real",25,1,"Older",-0.635416666666668
"3314","840605","resources/real_fg_memory_images/orig7.jpg","Neutral","real",25,0,"Older",-0.635416666666668
"3315","840605","resources/real_fg_memory_images/orig5.jpg","Scam","real",25,1,"Older",-0.635416666666668
"3316","840605","resources/real_fg_memory_images/fg26.jpg","Neutral","artificial",25,1,"Older",-0.635416666666668
"3317","840605","resources/real_fg_memory_images/fg23.jpg","Scam","artificial",25,0,"Older",-0.635416666666668
"3318","840605","resources/real_fg_memory_images/fg24.jpg","Scam","artificial",25,1,"Older",-0.635416666666668
"3319","840605","resources/real_fg_memory_images/orig12.jpg","Neutral","real",25,1,"Older",-0.635416666666668
"3320","840605","resources/real_fg_memory_images/orig2.jpg","Scam","real",25,1,"Older",-0.635416666666668
"3321","840605","resources/real_fg_memory_images/fg22.jpg","Scam","artificial",25,0,"Older",-0.635416666666668
"3322","840605","resources/real_fg_memory_images/fg20.jpg","Scam","artificial",25,1,"Older",-0.635416666666668
"3323","840605","resources/real_fg_memory_images/fg27.jpg","Neutral","artificial",25,1,"Older",-0.635416666666668
"3324","840605","resources/real_fg_memory_images/orig1.jpg","Scam","real",25,1,"Older",-0.635416666666668
"3325","840605","resources/real_fg_memory_images/orig3.jpg","Scam","real",25,1,"Older",-0.635416666666668
"3326","840605","resources/real_fg_memory_images/orig9.jpg","Neutral","real",25,1,"Older",-0.635416666666668
"3327","840605","resources/real_fg_memory_images/fg19.jpg","Scam","artificial",25,1,"Older",-0.635416666666668
"3328","840605","resources/real_fg_memory_images/orig8.jpg","Neutral","real",25,1,"Older",-0.635416666666668
"3329","840605","resources/real_fg_memory_images/fg30.jpg","Neutral","artificial",25,1,"Older",-0.635416666666668
"3330","840605","resources/real_fg_memory_images/fg29.jpg","Neutral","artificial",25,1,"Older",-0.635416666666668
"3331","840605","resources/real_fg_memory_images/orig11.jpg","Neutral","real",25,1,"Older",-0.635416666666668
"3332","840605","resources/real_fg_memory_images/orig10.jpg","Neutral","real",25,0,"Older",-0.635416666666668
"3333","840605","resources/real_fg_memory_images/fg25.jpg","Neutral","artificial",25,0,"Older",-0.635416666666668
"3334","840605","resources/real_fg_memory_images/orig6.jpg","Scam","real",25,0,"Older",-0.635416666666668
"3335","840605","resources/real_fg_memory_images/fg21.jpg","Scam","artificial",25,1,"Older",-0.635416666666668
"3336","840605","resources/real_fg_memory_images/fg28.jpg","Neutral","artificial",25,1,"Older",-0.635416666666668
"3337","860349","resources/real_fg_memory_images/orig10.jpg","Neutral","real",27,0,"Older",1.36458333333333
"3338","860349","resources/real_fg_memory_images/orig7.jpg","Neutral","real",27,0,"Older",1.36458333333333
"3339","860349","resources/real_fg_memory_images/orig2.jpg","Scam","real",27,1,"Older",1.36458333333333
"3340","860349","resources/real_fg_memory_images/fg20.jpg","Scam","artificial",27,0,"Older",1.36458333333333
"3341","860349","resources/real_fg_memory_images/fg29.jpg","Neutral","artificial",27,1,"Older",1.36458333333333
"3342","860349","resources/real_fg_memory_images/orig8.jpg","Neutral","real",27,1,"Older",1.36458333333333
"3343","860349","resources/real_fg_memory_images/fg21.jpg","Scam","artificial",27,1,"Older",1.36458333333333
"3344","860349","resources/real_fg_memory_images/orig12.jpg","Neutral","real",27,0,"Older",1.36458333333333
"3345","860349","resources/real_fg_memory_images/fg26.jpg","Neutral","artificial",27,1,"Older",1.36458333333333
"3346","860349","resources/real_fg_memory_images/fg24.jpg","Scam","artificial",27,0,"Older",1.36458333333333
"3347","860349","resources/real_fg_memory_images/orig9.jpg","Neutral","real",27,1,"Older",1.36458333333333
"3348","860349","resources/real_fg_memory_images/fg19.jpg","Scam","artificial",27,1,"Older",1.36458333333333
"3349","860349","resources/real_fg_memory_images/orig11.jpg","Neutral","real",27,1,"Older",1.36458333333333
"3350","860349","resources/real_fg_memory_images/orig3.jpg","Scam","real",27,1,"Older",1.36458333333333
"3351","860349","resources/real_fg_memory_images/fg25.jpg","Neutral","artificial",27,1,"Older",1.36458333333333
"3352","860349","resources/real_fg_memory_images/fg28.jpg","Neutral","artificial",27,1,"Older",1.36458333333333
"3353","860349","resources/real_fg_memory_images/fg27.jpg","Neutral","artificial",27,1,"Older",1.36458333333333
"3354","860349","resources/real_fg_memory_images/fg23.jpg","Scam","artificial",27,1,"Older",1.36458333333333
"3355","860349","resources/real_fg_memory_images/fg22.jpg","Scam","artificial",27,0,"Older",1.36458333333333
"3356","860349","resources/real_fg_memory_images/orig5.jpg","Scam","real",27,1,"Older",1.36458333333333
"3357","860349","resources/real_fg_memory_images/orig1.jpg","Scam","real",27,1,"Older",1.36458333333333
"3358","860349","resources/real_fg_memory_images/fg30.jpg","Neutral","artificial",27,1,"Older",1.36458333333333
"3359","860349","resources/real_fg_memory_images/orig6.jpg","Scam","real",27,0,"Older",1.36458333333333
"3360","860349","resources/real_fg_memory_images/orig4.jpg","Scam","real",27,0,"Older",1.36458333333333
"3361","891997","resources/real_fg_memory_images/orig2.jpg","Scam","real",24,1,"Older",-1.63541666666667
"3362","891997","resources/real_fg_memory_images/orig5.jpg","Scam","real",24,0,"Older",-1.63541666666667
"3363","891997","resources/real_fg_memory_images/orig6.jpg","Scam","real",24,1,"Older",-1.63541666666667
"3364","891997","resources/real_fg_memory_images/fg28.jpg","Neutral","artificial",24,0,"Older",-1.63541666666667
"3365","891997","resources/real_fg_memory_images/orig7.jpg","Neutral","real",24,1,"Older",-1.63541666666667
"3366","891997","resources/real_fg_memory_images/fg30.jpg","Neutral","artificial",24,1,"Older",-1.63541666666667
"3367","891997","resources/real_fg_memory_images/orig4.jpg","Scam","real",24,1,"Older",-1.63541666666667
"3368","891997","resources/real_fg_memory_images/fg19.jpg","Scam","artificial",24,1,"Older",-1.63541666666667
"3369","891997","resources/real_fg_memory_images/orig1.jpg","Scam","real",24,1,"Older",-1.63541666666667
"3370","891997","resources/real_fg_memory_images/fg20.jpg","Scam","artificial",24,1,"Older",-1.63541666666667
"3371","891997","resources/real_fg_memory_images/fg24.jpg","Scam","artificial",24,1,"Older",-1.63541666666667
"3372","891997","resources/real_fg_memory_images/fg23.jpg","Scam","artificial",24,1,"Older",-1.63541666666667
"3373","891997","resources/real_fg_memory_images/fg27.jpg","Neutral","artificial",24,1,"Older",-1.63541666666667
"3374","891997","resources/real_fg_memory_images/fg22.jpg","Scam","artificial",24,0,"Older",-1.63541666666667
"3375","891997","resources/real_fg_memory_images/fg29.jpg","Neutral","artificial",24,1,"Older",-1.63541666666667
"3376","891997","resources/real_fg_memory_images/orig8.jpg","Neutral","real",24,1,"Older",-1.63541666666667
"3377","891997","resources/real_fg_memory_images/orig9.jpg","Neutral","real",24,1,"Older",-1.63541666666667
"3378","891997","resources/real_fg_memory_images/orig3.jpg","Scam","real",24,1,"Older",-1.63541666666667
"3379","891997","resources/real_fg_memory_images/fg26.jpg","Neutral","artificial",24,0,"Older",-1.63541666666667
"3380","891997","resources/real_fg_memory_images/fg21.jpg","Scam","artificial",24,1,"Older",-1.63541666666667
"3381","891997","resources/real_fg_memory_images/orig12.jpg","Neutral","real",24,0,"Older",-1.63541666666667
"3382","891997","resources/real_fg_memory_images/orig10.jpg","Neutral","real",24,1,"Older",-1.63541666666667
"3383","891997","resources/real_fg_memory_images/fg25.jpg","Neutral","artificial",24,1,"Older",-1.63541666666667
"3384","891997","resources/real_fg_memory_images/orig11.jpg","Neutral","real",24,0,"Older",-1.63541666666667
"3385","899929","resources/real_fg_memory_images/orig3.jpg","Scam","real",27,1,"Older",1.36458333333333
"3386","899929","resources/real_fg_memory_images/orig8.jpg","Neutral","real",27,1,"Older",1.36458333333333
"3387","899929","resources/real_fg_memory_images/orig6.jpg","Scam","real",27,1,"Older",1.36458333333333
"3388","899929","resources/real_fg_memory_images/fg30.jpg","Neutral","artificial",27,1,"Older",1.36458333333333
"3389","899929","resources/real_fg_memory_images/fg19.jpg","Scam","artificial",27,1,"Older",1.36458333333333
"3390","899929","resources/real_fg_memory_images/fg22.jpg","Scam","artificial",27,1,"Older",1.36458333333333
"3391","899929","resources/real_fg_memory_images/orig11.jpg","Neutral","real",27,1,"Older",1.36458333333333
"3392","899929","resources/real_fg_memory_images/fg26.jpg","Neutral","artificial",27,1,"Older",1.36458333333333
"3393","899929","resources/real_fg_memory_images/fg28.jpg","Neutral","artificial",27,1,"Older",1.36458333333333
"3394","899929","resources/real_fg_memory_images/fg21.jpg","Scam","artificial",27,0,"Older",1.36458333333333
"3395","899929","resources/real_fg_memory_images/fg20.jpg","Scam","artificial",27,0,"Older",1.36458333333333
"3396","899929","resources/real_fg_memory_images/fg29.jpg","Neutral","artificial",27,1,"Older",1.36458333333333
"3397","899929","resources/real_fg_memory_images/fg25.jpg","Neutral","artificial",27,1,"Older",1.36458333333333
"3398","899929","resources/real_fg_memory_images/orig12.jpg","Neutral","real",27,0,"Older",1.36458333333333
"3399","899929","resources/real_fg_memory_images/fg27.jpg","Neutral","artificial",27,1,"Older",1.36458333333333
"3400","899929","resources/real_fg_memory_images/fg23.jpg","Scam","artificial",27,0,"Older",1.36458333333333
"3401","899929","resources/real_fg_memory_images/orig9.jpg","Neutral","real",27,1,"Older",1.36458333333333
"3402","899929","resources/real_fg_memory_images/orig10.jpg","Neutral","real",27,1,"Older",1.36458333333333
"3403","899929","resources/real_fg_memory_images/orig7.jpg","Neutral","real",27,0,"Older",1.36458333333333
"3404","899929","resources/real_fg_memory_images/orig5.jpg","Scam","real",27,1,"Older",1.36458333333333
"3405","899929","resources/real_fg_memory_images/orig1.jpg","Scam","real",27,1,"Older",1.36458333333333
"3406","899929","resources/real_fg_memory_images/orig2.jpg","Scam","real",27,1,"Older",1.36458333333333
"3407","899929","resources/real_fg_memory_images/fg24.jpg","Scam","artificial",27,1,"Older",1.36458333333333
"3408","899929","resources/real_fg_memory_images/orig4.jpg","Scam","real",27,0,"Older",1.36458333333333
"3409","927764","resources/real_fg_memory_images/fg27.jpg","Neutral","artificial",31,1,"Older",5.36458333333333
"3410","927764","resources/real_fg_memory_images/orig3.jpg","Scam","real",31,1,"Older",5.36458333333333
"3411","927764","resources/real_fg_memory_images/orig8.jpg","Neutral","real",31,0,"Older",5.36458333333333
"3412","927764","resources/real_fg_memory_images/orig4.jpg","Scam","real",31,1,"Older",5.36458333333333
"3413","927764","resources/real_fg_memory_images/orig11.jpg","Neutral","real",31,1,"Older",5.36458333333333
"3414","927764","resources/real_fg_memory_images/fg20.jpg","Scam","artificial",31,0,"Older",5.36458333333333
"3415","927764","resources/real_fg_memory_images/orig2.jpg","Scam","real",31,0,"Older",5.36458333333333
"3416","927764","resources/real_fg_memory_images/orig6.jpg","Scam","real",31,1,"Older",5.36458333333333
"3417","927764","resources/real_fg_memory_images/fg24.jpg","Scam","artificial",31,0,"Older",5.36458333333333
"3418","927764","resources/real_fg_memory_images/fg26.jpg","Neutral","artificial",31,1,"Older",5.36458333333333
"3419","927764","resources/real_fg_memory_images/fg25.jpg","Neutral","artificial",31,1,"Older",5.36458333333333
"3420","927764","resources/real_fg_memory_images/fg29.jpg","Neutral","artificial",31,0,"Older",5.36458333333333
"3421","927764","resources/real_fg_memory_images/fg23.jpg","Scam","artificial",31,1,"Older",5.36458333333333
"3422","927764","resources/real_fg_memory_images/orig7.jpg","Neutral","real",31,0,"Older",5.36458333333333
"3423","927764","resources/real_fg_memory_images/fg30.jpg","Neutral","artificial",31,1,"Older",5.36458333333333
"3424","927764","resources/real_fg_memory_images/orig9.jpg","Neutral","real",31,0,"Older",5.36458333333333
"3425","927764","resources/real_fg_memory_images/fg28.jpg","Neutral","artificial",31,1,"Older",5.36458333333333
"3426","927764","resources/real_fg_memory_images/orig12.jpg","Neutral","real",31,0,"Older",5.36458333333333
"3427","927764","resources/real_fg_memory_images/orig1.jpg","Scam","real",31,1,"Older",5.36458333333333
"3428","927764","resources/real_fg_memory_images/orig10.jpg","Neutral","real",31,0,"Older",5.36458333333333
"3429","927764","resources/real_fg_memory_images/fg22.jpg","Scam","artificial",31,0,"Older",5.36458333333333
"3430","927764","resources/real_fg_memory_images/orig5.jpg","Scam","real",31,1,"Older",5.36458333333333
"3431","927764","resources/real_fg_memory_images/fg19.jpg","Scam","artificial",31,1,"Older",5.36458333333333
"3432","927764","resources/real_fg_memory_images/fg21.jpg","Scam","artificial",31,0,"Older",5.36458333333333
"3433","943767","resources/real_fg_memory_images/fg21.jpg","Scam","artificial",27,1,"Older",1.36458333333333
"3434","943767","resources/real_fg_memory_images/orig10.jpg","Neutral","real",27,0,"Older",1.36458333333333
"3435","943767","resources/real_fg_memory_images/orig1.jpg","Scam","real",27,1,"Older",1.36458333333333
"3436","943767","resources/real_fg_memory_images/fg20.jpg","Scam","artificial",27,1,"Older",1.36458333333333
"3437","943767","resources/real_fg_memory_images/fg25.jpg","Neutral","artificial",27,0,"Older",1.36458333333333
"3438","943767","resources/real_fg_memory_images/orig9.jpg","Neutral","real",27,1,"Older",1.36458333333333
"3439","943767","resources/real_fg_memory_images/orig8.jpg","Neutral","real",27,0,"Older",1.36458333333333
"3440","943767","resources/real_fg_memory_images/orig6.jpg","Scam","real",27,0,"Older",1.36458333333333
"3441","943767","resources/real_fg_memory_images/fg22.jpg","Scam","artificial",27,0,"Older",1.36458333333333
"3442","943767","resources/real_fg_memory_images/fg27.jpg","Neutral","artificial",27,0,"Older",1.36458333333333
"3443","943767","resources/real_fg_memory_images/orig3.jpg","Scam","real",27,1,"Older",1.36458333333333
"3444","943767","resources/real_fg_memory_images/fg26.jpg","Neutral","artificial",27,0,"Older",1.36458333333333
"3445","943767","resources/real_fg_memory_images/orig12.jpg","Neutral","real",27,0,"Older",1.36458333333333
"3446","943767","resources/real_fg_memory_images/fg23.jpg","Scam","artificial",27,1,"Older",1.36458333333333
"3447","943767","resources/real_fg_memory_images/orig5.jpg","Scam","real",27,0,"Older",1.36458333333333
"3448","943767","resources/real_fg_memory_images/fg28.jpg","Neutral","artificial",27,1,"Older",1.36458333333333
"3449","943767","resources/real_fg_memory_images/orig2.jpg","Scam","real",27,0,"Older",1.36458333333333
"3450","943767","resources/real_fg_memory_images/fg24.jpg","Scam","artificial",27,1,"Older",1.36458333333333
"3451","943767","resources/real_fg_memory_images/fg19.jpg","Scam","artificial",27,1,"Older",1.36458333333333
"3452","943767","resources/real_fg_memory_images/fg30.jpg","Neutral","artificial",27,0,"Older",1.36458333333333
"3453","943767","resources/real_fg_memory_images/fg29.jpg","Neutral","artificial",27,1,"Older",1.36458333333333
"3454","943767","resources/real_fg_memory_images/orig4.jpg","Scam","real",27,0,"Older",1.36458333333333
"3455","943767","resources/real_fg_memory_images/orig11.jpg","Neutral","real",27,1,"Older",1.36458333333333
"3456","943767","resources/real_fg_memory_images/orig7.jpg","Neutral","real",27,1,"Older",1.36458333333333
"3457","034815","resources/real_fg_memory_images/orig30.jpg","Scam","real",31,1,"Older",5.36458333333333
"3458","034815","resources/real_fg_memory_images/orig23.jpg","Neutral","real",31,0,"Older",5.36458333333333
"3459","034815","resources/real_fg_memory_images/fg4.jpg","Neutral","artificial",31,0,"Older",5.36458333333333
"3460","034815","resources/real_fg_memory_images/orig26.jpg","Scam","real",31,1,"Older",5.36458333333333
"3461","034815","resources/real_fg_memory_images/orig24.jpg","Neutral","real",31,1,"Older",5.36458333333333
"3462","034815","resources/real_fg_memory_images/fg2.jpg","Neutral","artificial",31,0,"Older",5.36458333333333
"3463","034815","resources/real_fg_memory_images/fg1.jpg","Neutral","artificial",31,0,"Older",5.36458333333333
"3464","034815","resources/real_fg_memory_images/orig22.jpg","Neutral","real",31,1,"Older",5.36458333333333
"3465","034815","resources/real_fg_memory_images/fg6.jpg","Neutral","artificial",31,0,"Older",5.36458333333333
"3466","034815","resources/real_fg_memory_images/fg11.jpg","Scam","artificial",31,1,"Older",5.36458333333333
"3467","034815","resources/real_fg_memory_images/orig21.jpg","Neutral","real",31,1,"Older",5.36458333333333
"3468","034815","resources/real_fg_memory_images/fg7.jpg","Scam","artificial",31,1,"Older",5.36458333333333
"3469","034815","resources/real_fg_memory_images/fg10.jpg","Scam","artificial",31,1,"Older",5.36458333333333
"3470","034815","resources/real_fg_memory_images/fg5.jpg","Neutral","artificial",31,1,"Older",5.36458333333333
"3471","034815","resources/real_fg_memory_images/orig29.jpg","Scam","real",31,1,"Older",5.36458333333333
"3472","034815","resources/real_fg_memory_images/fg8.jpg","Scam","artificial",31,1,"Older",5.36458333333333
"3473","034815","resources/real_fg_memory_images/orig25.jpg","Scam","real",31,0,"Older",5.36458333333333
"3474","034815","resources/real_fg_memory_images/orig19.jpg","Neutral","real",31,1,"Older",5.36458333333333
"3475","034815","resources/real_fg_memory_images/fg12.jpg","Scam","artificial",31,1,"Older",5.36458333333333
"3476","034815","resources/real_fg_memory_images/orig20.jpg","Neutral","real",31,0,"Older",5.36458333333333
"3477","034815","resources/real_fg_memory_images/orig28.jpg","Scam","real",31,1,"Older",5.36458333333333
"3478","034815","resources/real_fg_memory_images/fg9.jpg","Scam","artificial",31,0,"Older",5.36458333333333
"3479","034815","resources/real_fg_memory_images/fg3.jpg","Neutral","artificial",31,1,"Older",5.36458333333333
"3480","034815","resources/real_fg_memory_images/orig27.jpg","Scam","real",31,1,"Older",5.36458333333333
"3481","037157","resources/real_fg_memory_images/fg5.jpg","Neutral","artificial",25,0,"Older",-0.635416666666668
"3482","037157","resources/real_fg_memory_images/orig27.jpg","Scam","real",25,1,"Older",-0.635416666666668
"3483","037157","resources/real_fg_memory_images/orig24.jpg","Neutral","real",25,1,"Older",-0.635416666666668
"3484","037157","resources/real_fg_memory_images/fg8.jpg","Scam","artificial",25,1,"Older",-0.635416666666668
"3485","037157","resources/real_fg_memory_images/orig26.jpg","Scam","real",25,1,"Older",-0.635416666666668
"3486","037157","resources/real_fg_memory_images/fg6.jpg","Neutral","artificial",25,1,"Older",-0.635416666666668
"3487","037157","resources/real_fg_memory_images/fg12.jpg","Scam","artificial",25,0,"Older",-0.635416666666668
"3488","037157","resources/real_fg_memory_images/fg9.jpg","Scam","artificial",25,1,"Older",-0.635416666666668
"3489","037157","resources/real_fg_memory_images/orig20.jpg","Neutral","real",25,0,"Older",-0.635416666666668
"3490","037157","resources/real_fg_memory_images/fg3.jpg","Neutral","artificial",25,1,"Older",-0.635416666666668
"3491","037157","resources/real_fg_memory_images/orig23.jpg","Neutral","real",25,1,"Older",-0.635416666666668
"3492","037157","resources/real_fg_memory_images/orig19.jpg","Neutral","real",25,1,"Older",-0.635416666666668
"3493","037157","resources/real_fg_memory_images/fg2.jpg","Neutral","artificial",25,1,"Older",-0.635416666666668
"3494","037157","resources/real_fg_memory_images/orig22.jpg","Neutral","real",25,1,"Older",-0.635416666666668
"3495","037157","resources/real_fg_memory_images/fg1.jpg","Neutral","artificial",25,0,"Older",-0.635416666666668
"3496","037157","resources/real_fg_memory_images/orig25.jpg","Scam","real",25,1,"Older",-0.635416666666668
"3497","037157","resources/real_fg_memory_images/fg7.jpg","Scam","artificial",25,1,"Older",-0.635416666666668
"3498","037157","resources/real_fg_memory_images/fg10.jpg","Scam","artificial",25,1,"Older",-0.635416666666668
"3499","037157","resources/real_fg_memory_images/fg11.jpg","Scam","artificial",25,1,"Older",-0.635416666666668
"3500","037157","resources/real_fg_memory_images/orig29.jpg","Scam","real",25,0,"Older",-0.635416666666668
"3501","037157","resources/real_fg_memory_images/orig21.jpg","Neutral","real",25,1,"Older",-0.635416666666668
"3502","037157","resources/real_fg_memory_images/fg4.jpg","Neutral","artificial",25,1,"Older",-0.635416666666668
"3503","037157","resources/real_fg_memory_images/orig30.jpg","Scam","real",25,1,"Older",-0.635416666666668
"3504","037157","resources/real_fg_memory_images/orig28.jpg","Scam","real",25,1,"Older",-0.635416666666668
"3505","046802","resources/real_fg_memory_images/orig22.jpg","Neutral","real",23,0,"Older",-2.63541666666667
"3506","046802","resources/real_fg_memory_images/orig24.jpg","Neutral","real",23,1,"Older",-2.63541666666667
"3507","046802","resources/real_fg_memory_images/fg3.jpg","Neutral","artificial",23,1,"Older",-2.63541666666667
"3508","046802","resources/real_fg_memory_images/fg2.jpg","Neutral","artificial",23,0,"Older",-2.63541666666667
"3509","046802","resources/real_fg_memory_images/fg5.jpg","Neutral","artificial",23,1,"Older",-2.63541666666667
"3510","046802","resources/real_fg_memory_images/fg1.jpg","Neutral","artificial",23,0,"Older",-2.63541666666667
"3511","046802","resources/real_fg_memory_images/fg7.jpg","Scam","artificial",23,1,"Older",-2.63541666666667
"3512","046802","resources/real_fg_memory_images/orig27.jpg","Scam","real",23,1,"Older",-2.63541666666667
"3513","046802","resources/real_fg_memory_images/orig19.jpg","Neutral","real",23,1,"Older",-2.63541666666667
"3514","046802","resources/real_fg_memory_images/fg6.jpg","Neutral","artificial",23,1,"Older",-2.63541666666667
"3515","046802","resources/real_fg_memory_images/orig30.jpg","Scam","real",23,1,"Older",-2.63541666666667
"3516","046802","resources/real_fg_memory_images/fg8.jpg","Scam","artificial",23,0,"Older",-2.63541666666667
"3517","046802","resources/real_fg_memory_images/orig23.jpg","Neutral","real",23,1,"Older",-2.63541666666667
"3518","046802","resources/real_fg_memory_images/orig28.jpg","Scam","real",23,1,"Older",-2.63541666666667
"3519","046802","resources/real_fg_memory_images/orig21.jpg","Neutral","real",23,1,"Older",-2.63541666666667
"3520","046802","resources/real_fg_memory_images/fg10.jpg","Scam","artificial",23,0,"Older",-2.63541666666667
"3521","046802","resources/real_fg_memory_images/orig29.jpg","Scam","real",23,1,"Older",-2.63541666666667
"3522","046802","resources/real_fg_memory_images/fg12.jpg","Scam","artificial",23,0,"Older",-2.63541666666667
"3523","046802","resources/real_fg_memory_images/fg11.jpg","Scam","artificial",23,0,"Older",-2.63541666666667
"3524","046802","resources/real_fg_memory_images/orig20.jpg","Neutral","real",23,0,"Older",-2.63541666666667
"3525","046802","resources/real_fg_memory_images/fg4.jpg","Neutral","artificial",23,1,"Older",-2.63541666666667
"3526","046802","resources/real_fg_memory_images/orig25.jpg","Scam","real",23,1,"Older",-2.63541666666667
"3527","046802","resources/real_fg_memory_images/fg9.jpg","Scam","artificial",23,1,"Older",-2.63541666666667
"3528","046802","resources/real_fg_memory_images/orig26.jpg","Scam","real",23,0,"Older",-2.63541666666667
"3529","071928","resources/real_fg_memory_images/fg7.jpg","Scam","artificial",28,1,"Older",2.36458333333333
"3530","071928","resources/real_fg_memory_images/fg9.jpg","Scam","artificial",28,0,"Older",2.36458333333333
"3531","071928","resources/real_fg_memory_images/orig30.jpg","Scam","real",28,1,"Older",2.36458333333333
"3532","071928","resources/real_fg_memory_images/fg2.jpg","Neutral","artificial",28,0,"Older",2.36458333333333
"3533","071928","resources/real_fg_memory_images/orig23.jpg","Neutral","real",28,1,"Older",2.36458333333333
"3534","071928","resources/real_fg_memory_images/orig26.jpg","Scam","real",28,1,"Older",2.36458333333333
"3535","071928","resources/real_fg_memory_images/orig28.jpg","Scam","real",28,1,"Older",2.36458333333333
"3536","071928","resources/real_fg_memory_images/fg4.jpg","Neutral","artificial",28,1,"Older",2.36458333333333
"3537","071928","resources/real_fg_memory_images/fg6.jpg","Neutral","artificial",28,1,"Older",2.36458333333333
"3538","071928","resources/real_fg_memory_images/orig24.jpg","Neutral","real",28,0,"Older",2.36458333333333
"3539","071928","resources/real_fg_memory_images/orig25.jpg","Scam","real",28,0,"Older",2.36458333333333
"3540","071928","resources/real_fg_memory_images/orig27.jpg","Scam","real",28,1,"Older",2.36458333333333
"3541","071928","resources/real_fg_memory_images/fg3.jpg","Neutral","artificial",28,1,"Older",2.36458333333333
"3542","071928","resources/real_fg_memory_images/fg12.jpg","Scam","artificial",28,1,"Older",2.36458333333333
"3543","071928","resources/real_fg_memory_images/fg5.jpg","Neutral","artificial",28,1,"Older",2.36458333333333
"3544","071928","resources/real_fg_memory_images/fg8.jpg","Scam","artificial",28,1,"Older",2.36458333333333
"3545","071928","resources/real_fg_memory_images/orig21.jpg","Neutral","real",28,1,"Older",2.36458333333333
"3546","071928","resources/real_fg_memory_images/fg1.jpg","Neutral","artificial",28,0,"Older",2.36458333333333
"3547","071928","resources/real_fg_memory_images/orig19.jpg","Neutral","real",28,1,"Older",2.36458333333333
"3548","071928","resources/real_fg_memory_images/fg11.jpg","Scam","artificial",28,1,"Older",2.36458333333333
"3549","071928","resources/real_fg_memory_images/fg10.jpg","Scam","artificial",28,1,"Older",2.36458333333333
"3550","071928","resources/real_fg_memory_images/orig20.jpg","Neutral","real",28,0,"Older",2.36458333333333
"3551","071928","resources/real_fg_memory_images/orig29.jpg","Scam","real",28,1,"Older",2.36458333333333
"3552","071928","resources/real_fg_memory_images/orig22.jpg","Neutral","real",28,0,"Older",2.36458333333333
"3553","092685","resources/real_fg_memory_images/orig24.jpg","Neutral","real",31,1,"Older",5.36458333333333
"3554","092685","resources/real_fg_memory_images/orig19.jpg","Neutral","real",31,1,"Older",5.36458333333333
"3555","092685","resources/real_fg_memory_images/orig22.jpg","Neutral","real",31,1,"Older",5.36458333333333
"3556","092685","resources/real_fg_memory_images/orig26.jpg","Scam","real",31,1,"Older",5.36458333333333
"3557","092685","resources/real_fg_memory_images/fg4.jpg","Neutral","artificial",31,1,"Older",5.36458333333333
"3558","092685","resources/real_fg_memory_images/fg10.jpg","Scam","artificial",31,0,"Older",5.36458333333333
"3559","092685","resources/real_fg_memory_images/orig28.jpg","Scam","real",31,1,"Older",5.36458333333333
"3560","092685","resources/real_fg_memory_images/fg8.jpg","Scam","artificial",31,1,"Older",5.36458333333333
"3561","092685","resources/real_fg_memory_images/orig30.jpg","Scam","real",31,1,"Older",5.36458333333333
"3562","092685","resources/real_fg_memory_images/fg6.jpg","Neutral","artificial",31,1,"Older",5.36458333333333
"3563","092685","resources/real_fg_memory_images/orig23.jpg","Neutral","real",31,1,"Older",5.36458333333333
"3564","092685","resources/real_fg_memory_images/fg7.jpg","Scam","artificial",31,1,"Older",5.36458333333333
"3565","092685","resources/real_fg_memory_images/fg3.jpg","Neutral","artificial",31,1,"Older",5.36458333333333
"3566","092685","resources/real_fg_memory_images/orig25.jpg","Scam","real",31,1,"Older",5.36458333333333
"3567","092685","resources/real_fg_memory_images/fg12.jpg","Scam","artificial",31,0,"Older",5.36458333333333
"3568","092685","resources/real_fg_memory_images/fg1.jpg","Neutral","artificial",31,1,"Older",5.36458333333333
"3569","092685","resources/real_fg_memory_images/orig27.jpg","Scam","real",31,1,"Older",5.36458333333333
"3570","092685","resources/real_fg_memory_images/fg11.jpg","Scam","artificial",31,1,"Older",5.36458333333333
"3571","092685","resources/real_fg_memory_images/fg5.jpg","Neutral","artificial",31,1,"Older",5.36458333333333
"3572","092685","resources/real_fg_memory_images/orig29.jpg","Scam","real",31,1,"Older",5.36458333333333
"3573","092685","resources/real_fg_memory_images/fg2.jpg","Neutral","artificial",31,0,"Older",5.36458333333333
"3574","092685","resources/real_fg_memory_images/orig20.jpg","Neutral","real",31,0,"Older",5.36458333333333
"3575","092685","resources/real_fg_memory_images/fg9.jpg","Scam","artificial",31,0,"Older",5.36458333333333
"3576","092685","resources/real_fg_memory_images/orig21.jpg","Neutral","real",31,0,"Older",5.36458333333333
"3577","149277","resources/real_fg_memory_images/fg2.jpg","Neutral","artificial",27,1,"Older",1.36458333333333
"3578","149277","resources/real_fg_memory_images/fg6.jpg","Neutral","artificial",27,1,"Older",1.36458333333333
"3579","149277","resources/real_fg_memory_images/orig25.jpg","Scam","real",27,1,"Older",1.36458333333333
"3580","149277","resources/real_fg_memory_images/orig20.jpg","Neutral","real",27,0,"Older",1.36458333333333
"3581","149277","resources/real_fg_memory_images/orig28.jpg","Scam","real",27,1,"Older",1.36458333333333
"3582","149277","resources/real_fg_memory_images/orig23.jpg","Neutral","real",27,1,"Older",1.36458333333333
"3583","149277","resources/real_fg_memory_images/fg8.jpg","Scam","artificial",27,1,"Older",1.36458333333333
"3584","149277","resources/real_fg_memory_images/orig21.jpg","Neutral","real",27,1,"Older",1.36458333333333
"3585","149277","resources/real_fg_memory_images/orig27.jpg","Scam","real",27,1,"Older",1.36458333333333
"3586","149277","resources/real_fg_memory_images/orig26.jpg","Scam","real",27,1,"Older",1.36458333333333
"3587","149277","resources/real_fg_memory_images/fg11.jpg","Scam","artificial",27,0,"Older",1.36458333333333
"3588","149277","resources/real_fg_memory_images/fg10.jpg","Scam","artificial",27,1,"Older",1.36458333333333
"3589","149277","resources/real_fg_memory_images/fg3.jpg","Neutral","artificial",27,1,"Older",1.36458333333333
"3590","149277","resources/real_fg_memory_images/fg9.jpg","Scam","artificial",27,0,"Older",1.36458333333333
"3591","149277","resources/real_fg_memory_images/fg7.jpg","Scam","artificial",27,0,"Older",1.36458333333333
"3592","149277","resources/real_fg_memory_images/orig24.jpg","Neutral","real",27,1,"Older",1.36458333333333
"3593","149277","resources/real_fg_memory_images/fg1.jpg","Neutral","artificial",27,1,"Older",1.36458333333333
"3594","149277","resources/real_fg_memory_images/orig29.jpg","Scam","real",27,1,"Older",1.36458333333333
"3595","149277","resources/real_fg_memory_images/fg4.jpg","Neutral","artificial",27,0,"Older",1.36458333333333
"3596","149277","resources/real_fg_memory_images/orig30.jpg","Scam","real",27,1,"Older",1.36458333333333
"3597","149277","resources/real_fg_memory_images/orig19.jpg","Neutral","real",27,1,"Older",1.36458333333333
"3598","149277","resources/real_fg_memory_images/orig22.jpg","Neutral","real",27,1,"Older",1.36458333333333
"3599","149277","resources/real_fg_memory_images/fg5.jpg","Neutral","artificial",27,0,"Older",1.36458333333333
"3600","149277","resources/real_fg_memory_images/fg12.jpg","Scam","artificial",27,1,"Older",1.36458333333333
"3601","173031","resources/real_fg_memory_images/orig30.jpg","Scam","real",27,0,"Older",1.36458333333333
"3602","173031","resources/real_fg_memory_images/fg11.jpg","Scam","artificial",27,1,"Older",1.36458333333333
"3603","173031","resources/real_fg_memory_images/fg6.jpg","Neutral","artificial",27,0,"Older",1.36458333333333
"3604","173031","resources/real_fg_memory_images/orig23.jpg","Neutral","real",27,1,"Older",1.36458333333333
"3605","173031","resources/real_fg_memory_images/fg8.jpg","Scam","artificial",27,1,"Older",1.36458333333333
"3606","173031","resources/real_fg_memory_images/fg7.jpg","Scam","artificial",27,1,"Older",1.36458333333333
"3607","173031","resources/real_fg_memory_images/fg2.jpg","Neutral","artificial",27,1,"Older",1.36458333333333
"3608","173031","resources/real_fg_memory_images/orig19.jpg","Neutral","real",27,0,"Older",1.36458333333333
"3609","173031","resources/real_fg_memory_images/orig22.jpg","Neutral","real",27,0,"Older",1.36458333333333
"3610","173031","resources/real_fg_memory_images/orig20.jpg","Neutral","real",27,0,"Older",1.36458333333333
"3611","173031","resources/real_fg_memory_images/fg9.jpg","Scam","artificial",27,0,"Older",1.36458333333333
"3612","173031","resources/real_fg_memory_images/orig25.jpg","Scam","real",27,0,"Older",1.36458333333333
"3613","173031","resources/real_fg_memory_images/fg3.jpg","Neutral","artificial",27,0,"Older",1.36458333333333
"3614","173031","resources/real_fg_memory_images/fg12.jpg","Scam","artificial",27,1,"Older",1.36458333333333
"3615","173031","resources/real_fg_memory_images/fg5.jpg","Neutral","artificial",27,1,"Older",1.36458333333333
"3616","173031","resources/real_fg_memory_images/orig26.jpg","Scam","real",27,1,"Older",1.36458333333333
"3617","173031","resources/real_fg_memory_images/orig24.jpg","Neutral","real",27,1,"Older",1.36458333333333
"3618","173031","resources/real_fg_memory_images/fg10.jpg","Scam","artificial",27,1,"Older",1.36458333333333
"3619","173031","resources/real_fg_memory_images/fg1.jpg","Neutral","artificial",27,0,"Older",1.36458333333333
"3620","173031","resources/real_fg_memory_images/fg4.jpg","Neutral","artificial",27,1,"Older",1.36458333333333
"3621","173031","resources/real_fg_memory_images/orig21.jpg","Neutral","real",27,0,"Older",1.36458333333333
"3622","173031","resources/real_fg_memory_images/orig29.jpg","Scam","real",27,1,"Older",1.36458333333333
"3623","173031","resources/real_fg_memory_images/orig28.jpg","Scam","real",27,0,"Older",1.36458333333333
"3624","173031","resources/real_fg_memory_images/orig27.jpg","Scam","real",27,0,"Older",1.36458333333333
"3625","240917","resources/real_fg_memory_images/fg11.jpg","Scam","artificial",29,1,"Older",3.36458333333333
"3626","240917","resources/real_fg_memory_images/orig20.jpg","Neutral","real",29,1,"Older",3.36458333333333
"3627","240917","resources/real_fg_memory_images/fg8.jpg","Scam","artificial",29,1,"Older",3.36458333333333
"3628","240917","resources/real_fg_memory_images/fg1.jpg","Neutral","artificial",29,0,"Older",3.36458333333333
"3629","240917","resources/real_fg_memory_images/fg9.jpg","Scam","artificial",29,1,"Older",3.36458333333333
"3630","240917","resources/real_fg_memory_images/orig21.jpg","Neutral","real",29,0,"Older",3.36458333333333
"3631","240917","resources/real_fg_memory_images/fg12.jpg","Scam","artificial",29,1,"Older",3.36458333333333
"3632","240917","resources/real_fg_memory_images/fg4.jpg","Neutral","artificial",29,1,"Older",3.36458333333333
"3633","240917","resources/real_fg_memory_images/orig19.jpg","Neutral","real",29,1,"Older",3.36458333333333
"3634","240917","resources/real_fg_memory_images/orig30.jpg","Scam","real",29,1,"Older",3.36458333333333
"3635","240917","resources/real_fg_memory_images/fg2.jpg","Neutral","artificial",29,1,"Older",3.36458333333333
"3636","240917","resources/real_fg_memory_images/fg5.jpg","Neutral","artificial",29,0,"Older",3.36458333333333
"3637","240917","resources/real_fg_memory_images/orig28.jpg","Scam","real",29,0,"Older",3.36458333333333
"3638","240917","resources/real_fg_memory_images/fg10.jpg","Scam","artificial",29,1,"Older",3.36458333333333
"3639","240917","resources/real_fg_memory_images/fg6.jpg","Neutral","artificial",29,1,"Older",3.36458333333333
"3640","240917","resources/real_fg_memory_images/orig24.jpg","Neutral","real",29,1,"Older",3.36458333333333
"3641","240917","resources/real_fg_memory_images/orig25.jpg","Scam","real",29,0,"Older",3.36458333333333
"3642","240917","resources/real_fg_memory_images/orig23.jpg","Neutral","real",29,1,"Older",3.36458333333333
"3643","240917","resources/real_fg_memory_images/orig26.jpg","Scam","real",29,1,"Older",3.36458333333333
"3644","240917","resources/real_fg_memory_images/fg7.jpg","Scam","artificial",29,1,"Older",3.36458333333333
"3645","240917","resources/real_fg_memory_images/orig29.jpg","Scam","real",29,1,"Older",3.36458333333333
"3646","240917","resources/real_fg_memory_images/fg3.jpg","Neutral","artificial",29,0,"Older",3.36458333333333
"3647","240917","resources/real_fg_memory_images/orig22.jpg","Neutral","real",29,1,"Older",3.36458333333333
"3648","240917","resources/real_fg_memory_images/orig27.jpg","Scam","real",29,0,"Older",3.36458333333333
"3649","309800","resources/real_fg_memory_images/fg7.jpg","Scam","artificial",31,0,"Older",5.36458333333333
"3650","309800","resources/real_fg_memory_images/fg8.jpg","Scam","artificial",31,1,"Older",5.36458333333333
"3651","309800","resources/real_fg_memory_images/orig27.jpg","Scam","real",31,1,"Older",5.36458333333333
"3652","309800","resources/real_fg_memory_images/fg10.jpg","Scam","artificial",31,1,"Older",5.36458333333333
"3653","309800","resources/real_fg_memory_images/orig19.jpg","Neutral","real",31,1,"Older",5.36458333333333
"3654","309800","resources/real_fg_memory_images/fg5.jpg","Neutral","artificial",31,1,"Older",5.36458333333333
"3655","309800","resources/real_fg_memory_images/fg1.jpg","Neutral","artificial",31,1,"Older",5.36458333333333
"3656","309800","resources/real_fg_memory_images/fg6.jpg","Neutral","artificial",31,0,"Older",5.36458333333333
"3657","309800","resources/real_fg_memory_images/orig24.jpg","Neutral","real",31,1,"Older",5.36458333333333
"3658","309800","resources/real_fg_memory_images/fg12.jpg","Scam","artificial",31,0,"Older",5.36458333333333
"3659","309800","resources/real_fg_memory_images/fg2.jpg","Neutral","artificial",31,0,"Older",5.36458333333333
"3660","309800","resources/real_fg_memory_images/fg4.jpg","Neutral","artificial",31,0,"Older",5.36458333333333
"3661","309800","resources/real_fg_memory_images/orig29.jpg","Scam","real",31,1,"Older",5.36458333333333
"3662","309800","resources/real_fg_memory_images/fg11.jpg","Scam","artificial",31,1,"Older",5.36458333333333
"3663","309800","resources/real_fg_memory_images/orig23.jpg","Neutral","real",31,1,"Older",5.36458333333333
"3664","309800","resources/real_fg_memory_images/orig25.jpg","Scam","real",31,0,"Older",5.36458333333333
"3665","309800","resources/real_fg_memory_images/orig20.jpg","Neutral","real",31,0,"Older",5.36458333333333
"3666","309800","resources/real_fg_memory_images/fg3.jpg","Neutral","artificial",31,1,"Older",5.36458333333333
"3667","309800","resources/real_fg_memory_images/orig21.jpg","Neutral","real",31,1,"Older",5.36458333333333
"3668","309800","resources/real_fg_memory_images/orig28.jpg","Scam","real",31,1,"Older",5.36458333333333
"3669","309800","resources/real_fg_memory_images/orig30.jpg","Scam","real",31,1,"Older",5.36458333333333
"3670","309800","resources/real_fg_memory_images/fg9.jpg","Scam","artificial",31,1,"Older",5.36458333333333
"3671","309800","resources/real_fg_memory_images/orig26.jpg","Scam","real",31,1,"Older",5.36458333333333
"3672","309800","resources/real_fg_memory_images/orig22.jpg","Neutral","real",31,0,"Older",5.36458333333333
"3673","312343","resources/real_fg_memory_images/orig29.jpg","Scam","real",17,1,"Older",-8.63541666666667
"3674","312343","resources/real_fg_memory_images/fg11.jpg","Scam","artificial",17,1,"Older",-8.63541666666667
"3675","312343","resources/real_fg_memory_images/fg4.jpg","Neutral","artificial",17,1,"Older",-8.63541666666667
"3676","312343","resources/real_fg_memory_images/fg9.jpg","Scam","artificial",17,1,"Older",-8.63541666666667
"3677","312343","resources/real_fg_memory_images/orig19.jpg","Neutral","real",17,1,"Older",-8.63541666666667
"3678","312343","resources/real_fg_memory_images/orig21.jpg","Neutral","real",17,0,"Older",-8.63541666666667
"3679","312343","resources/real_fg_memory_images/orig25.jpg","Scam","real",17,0,"Older",-8.63541666666667
"3680","312343","resources/real_fg_memory_images/fg2.jpg","Neutral","artificial",17,0,"Older",-8.63541666666667
"3681","312343","resources/real_fg_memory_images/fg1.jpg","Neutral","artificial",17,0,"Older",-8.63541666666667
"3682","312343","resources/real_fg_memory_images/orig26.jpg","Scam","real",17,1,"Older",-8.63541666666667
"3683","312343","resources/real_fg_memory_images/fg5.jpg","Neutral","artificial",17,0,"Older",-8.63541666666667
"3684","312343","resources/real_fg_memory_images/fg3.jpg","Neutral","artificial",17,0,"Older",-8.63541666666667
"3685","312343","resources/real_fg_memory_images/orig30.jpg","Scam","real",17,0,"Older",-8.63541666666667
"3686","312343","resources/real_fg_memory_images/orig23.jpg","Neutral","real",17,1,"Older",-8.63541666666667
"3687","312343","resources/real_fg_memory_images/fg6.jpg","Neutral","artificial",17,1,"Older",-8.63541666666667
"3688","312343","resources/real_fg_memory_images/orig20.jpg","Neutral","real",17,1,"Older",-8.63541666666667
"3689","312343","resources/real_fg_memory_images/fg8.jpg","Scam","artificial",17,1,"Older",-8.63541666666667
"3690","312343","resources/real_fg_memory_images/orig28.jpg","Scam","real",17,0,"Older",-8.63541666666667
"3691","312343","resources/real_fg_memory_images/fg12.jpg","Scam","artificial",17,1,"Older",-8.63541666666667
"3692","312343","resources/real_fg_memory_images/orig22.jpg","Neutral","real",17,1,"Older",-8.63541666666667
"3693","312343","resources/real_fg_memory_images/orig24.jpg","Neutral","real",17,1,"Older",-8.63541666666667
"3694","312343","resources/real_fg_memory_images/fg7.jpg","Scam","artificial",17,1,"Older",-8.63541666666667
"3695","312343","resources/real_fg_memory_images/fg10.jpg","Scam","artificial",17,0,"Older",-8.63541666666667
"3696","312343","resources/real_fg_memory_images/orig27.jpg","Scam","real",17,0,"Older",-8.63541666666667
"3697","320991","resources/real_fg_memory_images/orig22.jpg","Neutral","real",17,1,"Older",-8.63541666666667
"3698","320991","resources/real_fg_memory_images/fg6.jpg","Neutral","artificial",17,1,"Older",-8.63541666666667
"3699","320991","resources/real_fg_memory_images/fg11.jpg","Scam","artificial",17,1,"Older",-8.63541666666667
"3700","320991","resources/real_fg_memory_images/fg5.jpg","Neutral","artificial",17,1,"Older",-8.63541666666667
"3701","320991","resources/real_fg_memory_images/orig19.jpg","Neutral","real",17,1,"Older",-8.63541666666667
"3702","320991","resources/real_fg_memory_images/fg2.jpg","Neutral","artificial",17,1,"Older",-8.63541666666667
"3703","320991","resources/real_fg_memory_images/orig24.jpg","Neutral","real",17,1,"Older",-8.63541666666667
"3704","320991","resources/real_fg_memory_images/fg4.jpg","Neutral","artificial",17,1,"Older",-8.63541666666667
"3705","320991","resources/real_fg_memory_images/orig28.jpg","Scam","real",17,1,"Older",-8.63541666666667
"3706","320991","resources/real_fg_memory_images/fg1.jpg","Neutral","artificial",17,1,"Older",-8.63541666666667
"3707","320991","resources/real_fg_memory_images/orig20.jpg","Neutral","real",17,1,"Older",-8.63541666666667
"3708","320991","resources/real_fg_memory_images/fg9.jpg","Scam","artificial",17,0,"Older",-8.63541666666667
"3709","320991","resources/real_fg_memory_images/fg3.jpg","Neutral","artificial",17,1,"Older",-8.63541666666667
"3710","320991","resources/real_fg_memory_images/orig25.jpg","Scam","real",17,1,"Older",-8.63541666666667
"3711","320991","resources/real_fg_memory_images/orig27.jpg","Scam","real",17,1,"Older",-8.63541666666667
"3712","320991","resources/real_fg_memory_images/fg10.jpg","Scam","artificial",17,1,"Older",-8.63541666666667
"3713","320991","resources/real_fg_memory_images/orig30.jpg","Scam","real",17,1,"Older",-8.63541666666667
"3714","320991","resources/real_fg_memory_images/orig26.jpg","Scam","real",17,1,"Older",-8.63541666666667
"3715","320991","resources/real_fg_memory_images/fg12.jpg","Scam","artificial",17,1,"Older",-8.63541666666667
"3716","320991","resources/real_fg_memory_images/fg7.jpg","Scam","artificial",17,1,"Older",-8.63541666666667
"3717","320991","resources/real_fg_memory_images/orig29.jpg","Scam","real",17,1,"Older",-8.63541666666667
"3718","320991","resources/real_fg_memory_images/orig23.jpg","Neutral","real",17,1,"Older",-8.63541666666667
"3719","320991","resources/real_fg_memory_images/fg8.jpg","Scam","artificial",17,1,"Older",-8.63541666666667
"3720","320991","resources/real_fg_memory_images/orig21.jpg","Neutral","real",17,1,"Older",-8.63541666666667
"3721","325832","resources/real_fg_memory_images/fg1.jpg","Neutral","artificial",22,0,"Older",-3.63541666666667
"3722","325832","resources/real_fg_memory_images/fg6.jpg","Neutral","artificial",22,1,"Older",-3.63541666666667
"3723","325832","resources/real_fg_memory_images/fg9.jpg","Scam","artificial",22,0,"Older",-3.63541666666667
"3724","325832","resources/real_fg_memory_images/fg11.jpg","Scam","artificial",22,0,"Older",-3.63541666666667
"3725","325832","resources/real_fg_memory_images/orig23.jpg","Neutral","real",22,1,"Older",-3.63541666666667
"3726","325832","resources/real_fg_memory_images/fg3.jpg","Neutral","artificial",22,0,"Older",-3.63541666666667
"3727","325832","resources/real_fg_memory_images/fg7.jpg","Scam","artificial",22,1,"Older",-3.63541666666667
"3728","325832","resources/real_fg_memory_images/fg2.jpg","Neutral","artificial",22,1,"Older",-3.63541666666667
"3729","325832","resources/real_fg_memory_images/orig24.jpg","Neutral","real",22,1,"Older",-3.63541666666667
"3730","325832","resources/real_fg_memory_images/fg12.jpg","Scam","artificial",22,1,"Older",-3.63541666666667
"3731","325832","resources/real_fg_memory_images/orig20.jpg","Neutral","real",22,1,"Older",-3.63541666666667
"3732","325832","resources/real_fg_memory_images/fg10.jpg","Scam","artificial",22,0,"Older",-3.63541666666667
"3733","325832","resources/real_fg_memory_images/orig25.jpg","Scam","real",22,0,"Older",-3.63541666666667
"3734","325832","resources/real_fg_memory_images/orig26.jpg","Scam","real",22,1,"Older",-3.63541666666667
"3735","325832","resources/real_fg_memory_images/orig21.jpg","Neutral","real",22,0,"Older",-3.63541666666667
"3736","325832","resources/real_fg_memory_images/orig19.jpg","Neutral","real",22,1,"Older",-3.63541666666667
"3737","325832","resources/real_fg_memory_images/orig29.jpg","Scam","real",22,0,"Older",-3.63541666666667
"3738","325832","resources/real_fg_memory_images/fg4.jpg","Neutral","artificial",22,0,"Older",-3.63541666666667
"3739","325832","resources/real_fg_memory_images/orig30.jpg","Scam","real",22,0,"Older",-3.63541666666667
"3740","325832","resources/real_fg_memory_images/orig22.jpg","Neutral","real",22,0,"Older",-3.63541666666667
"3741","325832","resources/real_fg_memory_images/fg5.jpg","Neutral","artificial",22,1,"Older",-3.63541666666667
"3742","325832","resources/real_fg_memory_images/fg8.jpg","Scam","artificial",22,0,"Older",-3.63541666666667
"3743","325832","resources/real_fg_memory_images/orig28.jpg","Scam","real",22,0,"Older",-3.63541666666667
"3744","325832","resources/real_fg_memory_images/orig27.jpg","Scam","real",22,1,"Older",-3.63541666666667
"3745","327982","resources/real_fg_memory_images/orig19.jpg","Neutral","real",29,1,"Older",3.36458333333333
"3746","327982","resources/real_fg_memory_images/orig25.jpg","Scam","real",29,1,"Older",3.36458333333333
"3747","327982","resources/real_fg_memory_images/orig23.jpg","Neutral","real",29,1,"Older",3.36458333333333
"3748","327982","resources/real_fg_memory_images/fg7.jpg","Scam","artificial",29,1,"Older",3.36458333333333
"3749","327982","resources/real_fg_memory_images/fg11.jpg","Scam","artificial",29,0,"Older",3.36458333333333
"3750","327982","resources/real_fg_memory_images/orig21.jpg","Neutral","real",29,0,"Older",3.36458333333333
"3751","327982","resources/real_fg_memory_images/orig26.jpg","Scam","real",29,1,"Older",3.36458333333333
"3752","327982","resources/real_fg_memory_images/orig28.jpg","Scam","real",29,1,"Older",3.36458333333333
"3753","327982","resources/real_fg_memory_images/fg3.jpg","Neutral","artificial",29,1,"Older",3.36458333333333
"3754","327982","resources/real_fg_memory_images/fg10.jpg","Scam","artificial",29,1,"Older",3.36458333333333
"3755","327982","resources/real_fg_memory_images/orig30.jpg","Scam","real",29,0,"Older",3.36458333333333
"3756","327982","resources/real_fg_memory_images/fg8.jpg","Scam","artificial",29,1,"Older",3.36458333333333
"3757","327982","resources/real_fg_memory_images/fg2.jpg","Neutral","artificial",29,1,"Older",3.36458333333333
"3758","327982","resources/real_fg_memory_images/orig20.jpg","Neutral","real",29,0,"Older",3.36458333333333
"3759","327982","resources/real_fg_memory_images/fg9.jpg","Scam","artificial",29,0,"Older",3.36458333333333
"3760","327982","resources/real_fg_memory_images/orig22.jpg","Neutral","real",29,1,"Older",3.36458333333333
"3761","327982","resources/real_fg_memory_images/fg12.jpg","Scam","artificial",29,1,"Older",3.36458333333333
"3762","327982","resources/real_fg_memory_images/orig29.jpg","Scam","real",29,1,"Older",3.36458333333333
"3763","327982","resources/real_fg_memory_images/orig27.jpg","Scam","real",29,1,"Older",3.36458333333333
"3764","327982","resources/real_fg_memory_images/fg1.jpg","Neutral","artificial",29,0,"Older",3.36458333333333
"3765","327982","resources/real_fg_memory_images/orig24.jpg","Neutral","real",29,0,"Older",3.36458333333333
"3766","327982","resources/real_fg_memory_images/fg5.jpg","Neutral","artificial",29,1,"Older",3.36458333333333
"3767","327982","resources/real_fg_memory_images/fg6.jpg","Neutral","artificial",29,1,"Older",3.36458333333333
"3768","327982","resources/real_fg_memory_images/fg4.jpg","Neutral","artificial",29,1,"Older",3.36458333333333
"3769","357269","resources/real_fg_memory_images/fg2.jpg","Neutral","artificial",30,0,"Older",4.36458333333333
"3770","357269","resources/real_fg_memory_images/orig25.jpg","Scam","real",30,1,"Older",4.36458333333333
"3771","357269","resources/real_fg_memory_images/fg7.jpg","Scam","artificial",30,1,"Older",4.36458333333333
"3772","357269","resources/real_fg_memory_images/fg4.jpg","Neutral","artificial",30,0,"Older",4.36458333333333
"3773","357269","resources/real_fg_memory_images/orig20.jpg","Neutral","real",30,0,"Older",4.36458333333333
"3774","357269","resources/real_fg_memory_images/orig26.jpg","Scam","real",30,1,"Older",4.36458333333333
"3775","357269","resources/real_fg_memory_images/fg1.jpg","Neutral","artificial",30,0,"Older",4.36458333333333
"3776","357269","resources/real_fg_memory_images/fg11.jpg","Scam","artificial",30,1,"Older",4.36458333333333
"3777","357269","resources/real_fg_memory_images/orig28.jpg","Scam","real",30,1,"Older",4.36458333333333
"3778","357269","resources/real_fg_memory_images/orig19.jpg","Neutral","real",30,1,"Older",4.36458333333333
"3779","357269","resources/real_fg_memory_images/orig27.jpg","Scam","real",30,1,"Older",4.36458333333333
"3780","357269","resources/real_fg_memory_images/orig24.jpg","Neutral","real",30,0,"Older",4.36458333333333
"3781","357269","resources/real_fg_memory_images/orig21.jpg","Neutral","real",30,1,"Older",4.36458333333333
"3782","357269","resources/real_fg_memory_images/fg6.jpg","Neutral","artificial",30,1,"Older",4.36458333333333
"3783","357269","resources/real_fg_memory_images/orig22.jpg","Neutral","real",30,0,"Older",4.36458333333333
"3784","357269","resources/real_fg_memory_images/fg10.jpg","Scam","artificial",30,0,"Older",4.36458333333333
"3785","357269","resources/real_fg_memory_images/orig30.jpg","Scam","real",30,1,"Older",4.36458333333333
"3786","357269","resources/real_fg_memory_images/fg5.jpg","Neutral","artificial",30,1,"Older",4.36458333333333
"3787","357269","resources/real_fg_memory_images/orig23.jpg","Neutral","real",30,0,"Older",4.36458333333333
"3788","357269","resources/real_fg_memory_images/orig29.jpg","Scam","real",30,1,"Older",4.36458333333333
"3789","357269","resources/real_fg_memory_images/fg12.jpg","Scam","artificial",30,0,"Older",4.36458333333333
"3790","357269","resources/real_fg_memory_images/fg3.jpg","Neutral","artificial",30,0,"Older",4.36458333333333
"3791","357269","resources/real_fg_memory_images/fg8.jpg","Scam","artificial",30,0,"Older",4.36458333333333
"3792","357269","resources/real_fg_memory_images/fg9.jpg","Scam","artificial",30,1,"Older",4.36458333333333
"3793","398217","resources/real_fg_memory_images/orig26.jpg","Scam","real",19,1,"Older",-6.63541666666667
"3794","398217","resources/real_fg_memory_images/orig19.jpg","Neutral","real",19,1,"Older",-6.63541666666667
"3795","398217","resources/real_fg_memory_images/orig24.jpg","Neutral","real",19,1,"Older",-6.63541666666667
"3796","398217","resources/real_fg_memory_images/orig21.jpg","Neutral","real",19,1,"Older",-6.63541666666667
"3797","398217","resources/real_fg_memory_images/fg7.jpg","Scam","artificial",19,1,"Older",-6.63541666666667
"3798","398217","resources/real_fg_memory_images/orig22.jpg","Neutral","real",19,1,"Older",-6.63541666666667
"3799","398217","resources/real_fg_memory_images/fg2.jpg","Neutral","artificial",19,0,"Older",-6.63541666666667
"3800","398217","resources/real_fg_memory_images/orig28.jpg","Scam","real",19,0,"Older",-6.63541666666667
"3801","398217","resources/real_fg_memory_images/fg5.jpg","Neutral","artificial",19,0,"Older",-6.63541666666667
"3802","398217","resources/real_fg_memory_images/fg8.jpg","Scam","artificial",19,1,"Older",-6.63541666666667
"3803","398217","resources/real_fg_memory_images/fg12.jpg","Scam","artificial",19,0,"Older",-6.63541666666667
"3804","398217","resources/real_fg_memory_images/orig27.jpg","Scam","real",19,1,"Older",-6.63541666666667
"3805","398217","resources/real_fg_memory_images/fg1.jpg","Neutral","artificial",19,1,"Older",-6.63541666666667
"3806","398217","resources/real_fg_memory_images/fg9.jpg","Scam","artificial",19,0,"Older",-6.63541666666667
"3807","398217","resources/real_fg_memory_images/orig20.jpg","Neutral","real",19,0,"Older",-6.63541666666667
"3808","398217","resources/real_fg_memory_images/fg4.jpg","Neutral","artificial",19,0,"Older",-6.63541666666667
"3809","398217","resources/real_fg_memory_images/fg3.jpg","Neutral","artificial",19,1,"Older",-6.63541666666667
"3810","398217","resources/real_fg_memory_images/orig30.jpg","Scam","real",19,0,"Older",-6.63541666666667
"3811","398217","resources/real_fg_memory_images/fg6.jpg","Neutral","artificial",19,0,"Older",-6.63541666666667
"3812","398217","resources/real_fg_memory_images/orig25.jpg","Scam","real",19,0,"Older",-6.63541666666667
"3813","398217","resources/real_fg_memory_images/fg10.jpg","Scam","artificial",19,1,"Older",-6.63541666666667
"3814","398217","resources/real_fg_memory_images/fg11.jpg","Scam","artificial",19,0,"Older",-6.63541666666667
"3815","398217","resources/real_fg_memory_images/orig29.jpg","Scam","real",19,1,"Older",-6.63541666666667
"3816","398217","resources/real_fg_memory_images/orig23.jpg","Neutral","real",19,1,"Older",-6.63541666666667
"3817","569229","resources/real_fg_memory_images/fg5.jpg","Neutral","artificial",22,1,"Older",-3.63541666666667
"3818","569229","resources/real_fg_memory_images/orig25.jpg","Scam","real",22,1,"Older",-3.63541666666667
"3819","569229","resources/real_fg_memory_images/orig30.jpg","Scam","real",22,1,"Older",-3.63541666666667
"3820","569229","resources/real_fg_memory_images/orig28.jpg","Scam","real",22,1,"Older",-3.63541666666667
"3821","569229","resources/real_fg_memory_images/fg9.jpg","Scam","artificial",22,0,"Older",-3.63541666666667
"3822","569229","resources/real_fg_memory_images/orig29.jpg","Scam","real",22,1,"Older",-3.63541666666667
"3823","569229","resources/real_fg_memory_images/fg12.jpg","Scam","artificial",22,0,"Older",-3.63541666666667
"3824","569229","resources/real_fg_memory_images/fg8.jpg","Scam","artificial",22,1,"Older",-3.63541666666667
"3825","569229","resources/real_fg_memory_images/orig24.jpg","Neutral","real",22,1,"Older",-3.63541666666667
"3826","569229","resources/real_fg_memory_images/orig20.jpg","Neutral","real",22,1,"Older",-3.63541666666667
"3827","569229","resources/real_fg_memory_images/fg6.jpg","Neutral","artificial",22,1,"Older",-3.63541666666667
"3828","569229","resources/real_fg_memory_images/orig19.jpg","Neutral","real",22,0,"Older",-3.63541666666667
"3829","569229","resources/real_fg_memory_images/orig26.jpg","Scam","real",22,1,"Older",-3.63541666666667
"3830","569229","resources/real_fg_memory_images/fg7.jpg","Scam","artificial",22,0,"Older",-3.63541666666667
"3831","569229","resources/real_fg_memory_images/fg1.jpg","Neutral","artificial",22,1,"Older",-3.63541666666667
"3832","569229","resources/real_fg_memory_images/orig27.jpg","Scam","real",22,1,"Older",-3.63541666666667
"3833","569229","resources/real_fg_memory_images/fg10.jpg","Scam","artificial",22,1,"Older",-3.63541666666667
"3834","569229","resources/real_fg_memory_images/fg3.jpg","Neutral","artificial",22,1,"Older",-3.63541666666667
"3835","569229","resources/real_fg_memory_images/fg11.jpg","Scam","artificial",22,1,"Older",-3.63541666666667
"3836","569229","resources/real_fg_memory_images/fg2.jpg","Neutral","artificial",22,1,"Older",-3.63541666666667
"3837","569229","resources/real_fg_memory_images/fg4.jpg","Neutral","artificial",22,0,"Older",-3.63541666666667
"3838","569229","resources/real_fg_memory_images/orig22.jpg","Neutral","real",22,1,"Older",-3.63541666666667
"3839","569229","resources/real_fg_memory_images/orig23.jpg","Neutral","real",22,1,"Older",-3.63541666666667
"3840","569229","resources/real_fg_memory_images/orig21.jpg","Neutral","real",22,1,"Older",-3.63541666666667
"3841","624497","resources/real_fg_memory_images/fg12.jpg","Scam","artificial",29,0,"Older",3.36458333333333
"3842","624497","resources/real_fg_memory_images/fg3.jpg","Neutral","artificial",29,0,"Older",3.36458333333333
"3843","624497","resources/real_fg_memory_images/orig29.jpg","Scam","real",29,1,"Older",3.36458333333333
"3844","624497","resources/real_fg_memory_images/orig22.jpg","Neutral","real",29,1,"Older",3.36458333333333
"3845","624497","resources/real_fg_memory_images/fg8.jpg","Scam","artificial",29,1,"Older",3.36458333333333
"3846","624497","resources/real_fg_memory_images/orig21.jpg","Neutral","real",29,0,"Older",3.36458333333333
"3847","624497","resources/real_fg_memory_images/fg1.jpg","Neutral","artificial",29,1,"Older",3.36458333333333
"3848","624497","resources/real_fg_memory_images/fg2.jpg","Neutral","artificial",29,0,"Older",3.36458333333333
"3849","624497","resources/real_fg_memory_images/orig25.jpg","Scam","real",29,0,"Older",3.36458333333333
"3850","624497","resources/real_fg_memory_images/orig20.jpg","Neutral","real",29,0,"Older",3.36458333333333
"3851","624497","resources/real_fg_memory_images/orig28.jpg","Scam","real",29,1,"Older",3.36458333333333
"3852","624497","resources/real_fg_memory_images/fg4.jpg","Neutral","artificial",29,1,"Older",3.36458333333333
"3853","624497","resources/real_fg_memory_images/fg6.jpg","Neutral","artificial",29,0,"Older",3.36458333333333
"3854","624497","resources/real_fg_memory_images/orig27.jpg","Scam","real",29,1,"Older",3.36458333333333
"3855","624497","resources/real_fg_memory_images/orig30.jpg","Scam","real",29,1,"Older",3.36458333333333
"3856","624497","resources/real_fg_memory_images/orig24.jpg","Neutral","real",29,1,"Older",3.36458333333333
"3857","624497","resources/real_fg_memory_images/fg9.jpg","Scam","artificial",29,1,"Older",3.36458333333333
"3858","624497","resources/real_fg_memory_images/fg11.jpg","Scam","artificial",29,1,"Older",3.36458333333333
"3859","624497","resources/real_fg_memory_images/orig19.jpg","Neutral","real",29,0,"Older",3.36458333333333
"3860","624497","resources/real_fg_memory_images/fg5.jpg","Neutral","artificial",29,1,"Older",3.36458333333333
"3861","624497","resources/real_fg_memory_images/orig26.jpg","Scam","real",29,1,"Older",3.36458333333333
"3862","624497","resources/real_fg_memory_images/fg10.jpg","Scam","artificial",29,1,"Older",3.36458333333333
"3863","624497","resources/real_fg_memory_images/orig23.jpg","Neutral","real",29,0,"Older",3.36458333333333
"3864","624497","resources/real_fg_memory_images/fg7.jpg","Scam","artificial",29,0,"Older",3.36458333333333
"3865","708309","resources/real_fg_memory_images/fg2.jpg","Neutral","artificial",24,0,"Older",-1.63541666666667
"3866","708309","resources/real_fg_memory_images/orig27.jpg","Scam","real",24,1,"Older",-1.63541666666667
"3867","708309","resources/real_fg_memory_images/orig25.jpg","Scam","real",24,1,"Older",-1.63541666666667
"3868","708309","resources/real_fg_memory_images/fg6.jpg","Neutral","artificial",24,0,"Older",-1.63541666666667
"3869","708309","resources/real_fg_memory_images/fg10.jpg","Scam","artificial",24,1,"Older",-1.63541666666667
"3870","708309","resources/real_fg_memory_images/orig26.jpg","Scam","real",24,1,"Older",-1.63541666666667
"3871","708309","resources/real_fg_memory_images/fg3.jpg","Neutral","artificial",24,0,"Older",-1.63541666666667
"3872","708309","resources/real_fg_memory_images/orig22.jpg","Neutral","real",24,0,"Older",-1.63541666666667
"3873","708309","resources/real_fg_memory_images/fg1.jpg","Neutral","artificial",24,0,"Older",-1.63541666666667
"3874","708309","resources/real_fg_memory_images/orig28.jpg","Scam","real",24,1,"Older",-1.63541666666667
"3875","708309","resources/real_fg_memory_images/fg9.jpg","Scam","artificial",24,1,"Older",-1.63541666666667
"3876","708309","resources/real_fg_memory_images/orig20.jpg","Neutral","real",24,1,"Older",-1.63541666666667
"3877","708309","resources/real_fg_memory_images/fg5.jpg","Neutral","artificial",24,0,"Older",-1.63541666666667
"3878","708309","resources/real_fg_memory_images/orig30.jpg","Scam","real",24,1,"Older",-1.63541666666667
"3879","708309","resources/real_fg_memory_images/fg8.jpg","Scam","artificial",24,1,"Older",-1.63541666666667
"3880","708309","resources/real_fg_memory_images/orig24.jpg","Neutral","real",24,0,"Older",-1.63541666666667
"3881","708309","resources/real_fg_memory_images/orig23.jpg","Neutral","real",24,0,"Older",-1.63541666666667
"3882","708309","resources/real_fg_memory_images/fg12.jpg","Scam","artificial",24,1,"Older",-1.63541666666667
"3883","708309","resources/real_fg_memory_images/orig19.jpg","Neutral","real",24,0,"Older",-1.63541666666667
"3884","708309","resources/real_fg_memory_images/orig21.jpg","Neutral","real",24,0,"Older",-1.63541666666667
"3885","708309","resources/real_fg_memory_images/orig29.jpg","Scam","real",24,1,"Older",-1.63541666666667
"3886","708309","resources/real_fg_memory_images/fg4.jpg","Neutral","artificial",24,0,"Older",-1.63541666666667
"3887","708309","resources/real_fg_memory_images/fg11.jpg","Scam","artificial",24,1,"Older",-1.63541666666667
"3888","708309","resources/real_fg_memory_images/fg7.jpg","Scam","artificial",24,0,"Older",-1.63541666666667
"3889","708983","resources/real_fg_memory_images/orig26.jpg","Scam","real",30,1,"Older",4.36458333333333
"3890","708983","resources/real_fg_memory_images/orig24.jpg","Neutral","real",30,1,"Older",4.36458333333333
"3891","708983","resources/real_fg_memory_images/orig30.jpg","Scam","real",30,1,"Older",4.36458333333333
"3892","708983","resources/real_fg_memory_images/fg6.jpg","Neutral","artificial",30,1,"Older",4.36458333333333
"3893","708983","resources/real_fg_memory_images/fg10.jpg","Scam","artificial",30,0,"Older",4.36458333333333
"3894","708983","resources/real_fg_memory_images/orig29.jpg","Scam","real",30,1,"Older",4.36458333333333
"3895","708983","resources/real_fg_memory_images/fg2.jpg","Neutral","artificial",30,1,"Older",4.36458333333333
"3896","708983","resources/real_fg_memory_images/orig25.jpg","Scam","real",30,1,"Older",4.36458333333333
"3897","708983","resources/real_fg_memory_images/fg7.jpg","Scam","artificial",30,0,"Older",4.36458333333333
"3898","708983","resources/real_fg_memory_images/fg1.jpg","Neutral","artificial",30,0,"Older",4.36458333333333
"3899","708983","resources/real_fg_memory_images/fg8.jpg","Scam","artificial",30,1,"Older",4.36458333333333
"3900","708983","resources/real_fg_memory_images/orig23.jpg","Neutral","real",30,1,"Older",4.36458333333333
"3901","708983","resources/real_fg_memory_images/orig22.jpg","Neutral","real",30,1,"Older",4.36458333333333
"3902","708983","resources/real_fg_memory_images/orig27.jpg","Scam","real",30,1,"Older",4.36458333333333
"3903","708983","resources/real_fg_memory_images/orig19.jpg","Neutral","real",30,1,"Older",4.36458333333333
"3904","708983","resources/real_fg_memory_images/orig28.jpg","Scam","real",30,1,"Older",4.36458333333333
"3905","708983","resources/real_fg_memory_images/fg12.jpg","Scam","artificial",30,0,"Older",4.36458333333333
"3906","708983","resources/real_fg_memory_images/fg11.jpg","Scam","artificial",30,1,"Older",4.36458333333333
"3907","708983","resources/real_fg_memory_images/fg9.jpg","Scam","artificial",30,0,"Older",4.36458333333333
"3908","708983","resources/real_fg_memory_images/fg4.jpg","Neutral","artificial",30,1,"Older",4.36458333333333
"3909","708983","resources/real_fg_memory_images/orig21.jpg","Neutral","real",30,0,"Older",4.36458333333333
"3910","708983","resources/real_fg_memory_images/orig20.jpg","Neutral","real",30,1,"Older",4.36458333333333
"3911","708983","resources/real_fg_memory_images/fg5.jpg","Neutral","artificial",30,0,"Older",4.36458333333333
"3912","708983","resources/real_fg_memory_images/fg3.jpg","Neutral","artificial",30,1,"Older",4.36458333333333
"3913","814543","resources/real_fg_memory_images/orig22.jpg","Neutral","real",30,1,"Older",4.36458333333333
"3914","814543","resources/real_fg_memory_images/fg2.jpg","Neutral","artificial",30,1,"Older",4.36458333333333
"3915","814543","resources/real_fg_memory_images/fg8.jpg","Scam","artificial",30,1,"Older",4.36458333333333
"3916","814543","resources/real_fg_memory_images/fg7.jpg","Scam","artificial",30,1,"Older",4.36458333333333
"3917","814543","resources/real_fg_memory_images/fg1.jpg","Neutral","artificial",30,1,"Older",4.36458333333333
"3918","814543","resources/real_fg_memory_images/orig26.jpg","Scam","real",30,1,"Older",4.36458333333333
"3919","814543","resources/real_fg_memory_images/fg4.jpg","Neutral","artificial",30,1,"Older",4.36458333333333
"3920","814543","resources/real_fg_memory_images/orig24.jpg","Neutral","real",30,1,"Older",4.36458333333333
"3921","814543","resources/real_fg_memory_images/fg10.jpg","Scam","artificial",30,1,"Older",4.36458333333333
"3922","814543","resources/real_fg_memory_images/orig21.jpg","Neutral","real",30,0,"Older",4.36458333333333
"3923","814543","resources/real_fg_memory_images/orig25.jpg","Scam","real",30,1,"Older",4.36458333333333
"3924","814543","resources/real_fg_memory_images/fg9.jpg","Scam","artificial",30,1,"Older",4.36458333333333
"3925","814543","resources/real_fg_memory_images/fg6.jpg","Neutral","artificial",30,1,"Older",4.36458333333333
"3926","814543","resources/real_fg_memory_images/fg3.jpg","Neutral","artificial",30,1,"Older",4.36458333333333
"3927","814543","resources/real_fg_memory_images/fg5.jpg","Neutral","artificial",30,1,"Older",4.36458333333333
"3928","814543","resources/real_fg_memory_images/orig19.jpg","Neutral","real",30,1,"Older",4.36458333333333
"3929","814543","resources/real_fg_memory_images/orig28.jpg","Scam","real",30,1,"Older",4.36458333333333
"3930","814543","resources/real_fg_memory_images/fg11.jpg","Scam","artificial",30,1,"Older",4.36458333333333
"3931","814543","resources/real_fg_memory_images/fg12.jpg","Scam","artificial",30,0,"Older",4.36458333333333
"3932","814543","resources/real_fg_memory_images/orig30.jpg","Scam","real",30,0,"Older",4.36458333333333
"3933","814543","resources/real_fg_memory_images/orig20.jpg","Neutral","real",30,0,"Older",4.36458333333333
"3934","814543","resources/real_fg_memory_images/orig29.jpg","Scam","real",30,1,"Older",4.36458333333333
"3935","814543","resources/real_fg_memory_images/orig27.jpg","Scam","real",30,1,"Older",4.36458333333333
"3936","814543","resources/real_fg_memory_images/orig23.jpg","Neutral","real",30,0,"Older",4.36458333333333
"3937","855924","resources/real_fg_memory_images/orig30.jpg","Scam","real",21,1,"Older",-4.63541666666667
"3938","855924","resources/real_fg_memory_images/fg4.jpg","Neutral","artificial",21,0,"Older",-4.63541666666667
"3939","855924","resources/real_fg_memory_images/orig27.jpg","Scam","real",21,1,"Older",-4.63541666666667
"3940","855924","resources/real_fg_memory_images/orig19.jpg","Neutral","real",21,1,"Older",-4.63541666666667
"3941","855924","resources/real_fg_memory_images/orig24.jpg","Neutral","real",21,1,"Older",-4.63541666666667
"3942","855924","resources/real_fg_memory_images/fg3.jpg","Neutral","artificial",21,1,"Older",-4.63541666666667
"3943","855924","resources/real_fg_memory_images/fg12.jpg","Scam","artificial",21,1,"Older",-4.63541666666667
"3944","855924","resources/real_fg_memory_images/orig29.jpg","Scam","real",21,1,"Older",-4.63541666666667
"3945","855924","resources/real_fg_memory_images/fg10.jpg","Scam","artificial",21,0,"Older",-4.63541666666667
"3946","855924","resources/real_fg_memory_images/fg2.jpg","Neutral","artificial",21,0,"Older",-4.63541666666667
"3947","855924","resources/real_fg_memory_images/orig26.jpg","Scam","real",21,1,"Older",-4.63541666666667
"3948","855924","resources/real_fg_memory_images/orig23.jpg","Neutral","real",21,1,"Older",-4.63541666666667
"3949","855924","resources/real_fg_memory_images/orig21.jpg","Neutral","real",21,1,"Older",-4.63541666666667
"3950","855924","resources/real_fg_memory_images/orig25.jpg","Scam","real",21,1,"Older",-4.63541666666667
"3951","855924","resources/real_fg_memory_images/fg11.jpg","Scam","artificial",21,1,"Older",-4.63541666666667
"3952","855924","resources/real_fg_memory_images/orig20.jpg","Neutral","real",21,1,"Older",-4.63541666666667
"3953","855924","resources/real_fg_memory_images/fg8.jpg","Scam","artificial",21,0,"Older",-4.63541666666667
"3954","855924","resources/real_fg_memory_images/fg6.jpg","Neutral","artificial",21,0,"Older",-4.63541666666667
"3955","855924","resources/real_fg_memory_images/orig28.jpg","Scam","real",21,0,"Older",-4.63541666666667
"3956","855924","resources/real_fg_memory_images/fg7.jpg","Scam","artificial",21,0,"Older",-4.63541666666667
"3957","855924","resources/real_fg_memory_images/fg5.jpg","Neutral","artificial",21,1,"Older",-4.63541666666667
"3958","855924","resources/real_fg_memory_images/fg9.jpg","Scam","artificial",21,1,"Older",-4.63541666666667
"3959","855924","resources/real_fg_memory_images/fg1.jpg","Neutral","artificial",21,1,"Older",-4.63541666666667
"3960","855924","resources/real_fg_memory_images/orig22.jpg","Neutral","real",21,0,"Older",-4.63541666666667
"3961","870665","resources/real_fg_memory_images/orig27.jpg","Scam","real",21,1,"Older",-4.63541666666667
"3962","870665","resources/real_fg_memory_images/fg6.jpg","Neutral","artificial",21,0,"Older",-4.63541666666667
"3963","870665","resources/real_fg_memory_images/fg5.jpg","Neutral","artificial",21,0,"Older",-4.63541666666667
"3964","870665","resources/real_fg_memory_images/orig24.jpg","Neutral","real",21,0,"Older",-4.63541666666667
"3965","870665","resources/real_fg_memory_images/fg4.jpg","Neutral","artificial",21,0,"Older",-4.63541666666667
"3966","870665","resources/real_fg_memory_images/orig29.jpg","Scam","real",21,1,"Older",-4.63541666666667
"3967","870665","resources/real_fg_memory_images/orig23.jpg","Neutral","real",21,1,"Older",-4.63541666666667
"3968","870665","resources/real_fg_memory_images/fg1.jpg","Neutral","artificial",21,0,"Older",-4.63541666666667
"3969","870665","resources/real_fg_memory_images/orig21.jpg","Neutral","real",21,0,"Older",-4.63541666666667
"3970","870665","resources/real_fg_memory_images/orig30.jpg","Scam","real",21,1,"Older",-4.63541666666667
"3971","870665","resources/real_fg_memory_images/orig28.jpg","Scam","real",21,1,"Older",-4.63541666666667
"3972","870665","resources/real_fg_memory_images/orig26.jpg","Scam","real",21,1,"Older",-4.63541666666667
"3973","870665","resources/real_fg_memory_images/fg12.jpg","Scam","artificial",21,1,"Older",-4.63541666666667
"3974","870665","resources/real_fg_memory_images/orig20.jpg","Neutral","real",21,1,"Older",-4.63541666666667
"3975","870665","resources/real_fg_memory_images/orig19.jpg","Neutral","real",21,1,"Older",-4.63541666666667
"3976","870665","resources/real_fg_memory_images/fg7.jpg","Scam","artificial",21,1,"Older",-4.63541666666667
"3977","870665","resources/real_fg_memory_images/fg10.jpg","Scam","artificial",21,1,"Older",-4.63541666666667
"3978","870665","resources/real_fg_memory_images/orig22.jpg","Neutral","real",21,1,"Older",-4.63541666666667
"3979","870665","resources/real_fg_memory_images/fg9.jpg","Scam","artificial",21,1,"Older",-4.63541666666667
"3980","870665","resources/real_fg_memory_images/fg3.jpg","Neutral","artificial",21,1,"Older",-4.63541666666667
"3981","870665","resources/real_fg_memory_images/orig25.jpg","Scam","real",21,1,"Older",-4.63541666666667
"3982","870665","resources/real_fg_memory_images/fg11.jpg","Scam","artificial",21,1,"Older",-4.63541666666667
"3983","870665","resources/real_fg_memory_images/fg2.jpg","Neutral","artificial",21,1,"Older",-4.63541666666667
"3984","870665","resources/real_fg_memory_images/fg8.jpg","Scam","artificial",21,1,"Older",-4.63541666666667
"3985","909530","resources/real_fg_memory_images/fg11.jpg","Scam","artificial",20,1,"Older",-5.63541666666667
"3986","909530","resources/real_fg_memory_images/orig28.jpg","Scam","real",20,1,"Older",-5.63541666666667
"3987","909530","resources/real_fg_memory_images/fg6.jpg","Neutral","artificial",20,0,"Older",-5.63541666666667
"3988","909530","resources/real_fg_memory_images/fg5.jpg","Neutral","artificial",20,0,"Older",-5.63541666666667
"3989","909530","resources/real_fg_memory_images/orig21.jpg","Neutral","real",20,1,"Older",-5.63541666666667
"3990","909530","resources/real_fg_memory_images/orig23.jpg","Neutral","real",20,1,"Older",-5.63541666666667
"3991","909530","resources/real_fg_memory_images/orig19.jpg","Neutral","real",20,1,"Older",-5.63541666666667
"3992","909530","resources/real_fg_memory_images/orig20.jpg","Neutral","real",20,0,"Older",-5.63541666666667
"3993","909530","resources/real_fg_memory_images/orig22.jpg","Neutral","real",20,1,"Older",-5.63541666666667
"3994","909530","resources/real_fg_memory_images/fg9.jpg","Scam","artificial",20,1,"Older",-5.63541666666667
"3995","909530","resources/real_fg_memory_images/fg8.jpg","Scam","artificial",20,1,"Older",-5.63541666666667
"3996","909530","resources/real_fg_memory_images/fg12.jpg","Scam","artificial",20,1,"Older",-5.63541666666667
"3997","909530","resources/real_fg_memory_images/fg10.jpg","Scam","artificial",20,1,"Older",-5.63541666666667
"3998","909530","resources/real_fg_memory_images/fg2.jpg","Neutral","artificial",20,1,"Older",-5.63541666666667
"3999","909530","resources/real_fg_memory_images/fg7.jpg","Scam","artificial",20,0,"Older",-5.63541666666667
"4000","909530","resources/real_fg_memory_images/orig24.jpg","Neutral","real",20,1,"Older",-5.63541666666667
"4001","909530","resources/real_fg_memory_images/fg4.jpg","Neutral","artificial",20,1,"Older",-5.63541666666667
"4002","909530","resources/real_fg_memory_images/orig26.jpg","Scam","real",20,1,"Older",-5.63541666666667
"4003","909530","resources/real_fg_memory_images/orig30.jpg","Scam","real",20,1,"Older",-5.63541666666667
"4004","909530","resources/real_fg_memory_images/orig29.jpg","Scam","real",20,1,"Older",-5.63541666666667
"4005","909530","resources/real_fg_memory_images/fg3.jpg","Neutral","artificial",20,1,"Older",-5.63541666666667
"4006","909530","resources/real_fg_memory_images/orig25.jpg","Scam","real",20,0,"Older",-5.63541666666667
"4007","909530","resources/real_fg_memory_images/orig27.jpg","Scam","real",20,1,"Older",-5.63541666666667
"4008","909530","resources/real_fg_memory_images/fg1.jpg","Neutral","artificial",20,1,"Older",-5.63541666666667
"4009","966235","resources/real_fg_memory_images/fg2.jpg","Neutral","artificial",23,0,"Older",-2.63541666666667
"4010","966235","resources/real_fg_memory_images/orig28.jpg","Scam","real",23,0,"Older",-2.63541666666667
"4011","966235","resources/real_fg_memory_images/fg3.jpg","Neutral","artificial",23,1,"Older",-2.63541666666667
"4012","966235","resources/real_fg_memory_images/orig20.jpg","Neutral","real",23,0,"Older",-2.63541666666667
"4013","966235","resources/real_fg_memory_images/fg12.jpg","Scam","artificial",23,0,"Older",-2.63541666666667
"4014","966235","resources/real_fg_memory_images/orig19.jpg","Neutral","real",23,0,"Older",-2.63541666666667
"4015","966235","resources/real_fg_memory_images/orig30.jpg","Scam","real",23,1,"Older",-2.63541666666667
"4016","966235","resources/real_fg_memory_images/orig21.jpg","Neutral","real",23,1,"Older",-2.63541666666667
"4017","966235","resources/real_fg_memory_images/fg11.jpg","Scam","artificial",23,1,"Older",-2.63541666666667
"4018","966235","resources/real_fg_memory_images/fg1.jpg","Neutral","artificial",23,1,"Older",-2.63541666666667
"4019","966235","resources/real_fg_memory_images/orig24.jpg","Neutral","real",23,1,"Older",-2.63541666666667
"4020","966235","resources/real_fg_memory_images/fg9.jpg","Scam","artificial",23,0,"Older",-2.63541666666667
"4021","966235","resources/real_fg_memory_images/orig22.jpg","Neutral","real",23,0,"Older",-2.63541666666667
"4022","966235","resources/real_fg_memory_images/orig26.jpg","Scam","real",23,1,"Older",-2.63541666666667
"4023","966235","resources/real_fg_memory_images/fg6.jpg","Neutral","artificial",23,1,"Older",-2.63541666666667
"4024","966235","resources/real_fg_memory_images/fg5.jpg","Neutral","artificial",23,1,"Older",-2.63541666666667
"4025","966235","resources/real_fg_memory_images/fg8.jpg","Scam","artificial",23,0,"Older",-2.63541666666667
"4026","966235","resources/real_fg_memory_images/orig23.jpg","Neutral","real",23,0,"Older",-2.63541666666667
"4027","966235","resources/real_fg_memory_images/orig27.jpg","Scam","real",23,1,"Older",-2.63541666666667
"4028","966235","resources/real_fg_memory_images/fg10.jpg","Scam","artificial",23,0,"Older",-2.63541666666667
"4029","966235","resources/real_fg_memory_images/fg7.jpg","Scam","artificial",23,0,"Older",-2.63541666666667
"4030","966235","resources/real_fg_memory_images/orig29.jpg","Scam","real",23,0,"Older",-2.63541666666667
"4031","966235","resources/real_fg_memory_images/fg4.jpg","Neutral","artificial",23,0,"Older",-2.63541666666667
"4032","966235","resources/real_fg_memory_images/orig25.jpg","Scam","real",23,0,"Older",-2.63541666666667
"4033","011861","resources/real_fg_memory_images/fg19.jpg","Neutral","artificial",20,0,"Older",-5.63541666666667
"4034","011861","resources/real_fg_memory_images/orig6.jpg","Neutral","real",20,1,"Older",-5.63541666666667
"4035","011861","resources/real_fg_memory_images/orig2.jpg","Neutral","real",20,0,"Older",-5.63541666666667
"4036","011861","resources/real_fg_memory_images/fg27.jpg","Scam","artificial",20,0,"Older",-5.63541666666667
"4037","011861","resources/real_fg_memory_images/orig10.jpg","Scam","real",20,1,"Older",-5.63541666666667
"4038","011861","resources/real_fg_memory_images/fg20.jpg","Neutral","artificial",20,1,"Older",-5.63541666666667
"4039","011861","resources/real_fg_memory_images/orig12.jpg","Scam","real",20,1,"Older",-5.63541666666667
"4040","011861","resources/real_fg_memory_images/fg26.jpg","Scam","artificial",20,1,"Older",-5.63541666666667
"4041","011861","resources/real_fg_memory_images/orig5.jpg","Neutral","real",20,0,"Older",-5.63541666666667
"4042","011861","resources/real_fg_memory_images/orig1.jpg","Neutral","real",20,1,"Older",-5.63541666666667
"4043","011861","resources/real_fg_memory_images/orig11.jpg","Scam","real",20,0,"Older",-5.63541666666667
"4044","011861","resources/real_fg_memory_images/fg29.jpg","Scam","artificial",20,0,"Older",-5.63541666666667
"4045","011861","resources/real_fg_memory_images/orig7.jpg","Scam","real",20,0,"Older",-5.63541666666667
"4046","011861","resources/real_fg_memory_images/fg22.jpg","Neutral","artificial",20,1,"Older",-5.63541666666667
"4047","011861","resources/real_fg_memory_images/orig9.jpg","Scam","real",20,1,"Older",-5.63541666666667
"4048","011861","resources/real_fg_memory_images/fg30.jpg","Scam","artificial",20,0,"Older",-5.63541666666667
"4049","011861","resources/real_fg_memory_images/fg28.jpg","Scam","artificial",20,0,"Older",-5.63541666666667
"4050","011861","resources/real_fg_memory_images/fg23.jpg","Neutral","artificial",20,0,"Older",-5.63541666666667
"4051","011861","resources/real_fg_memory_images/fg25.jpg","Scam","artificial",20,0,"Older",-5.63541666666667
"4052","011861","resources/real_fg_memory_images/fg21.jpg","Neutral","artificial",20,0,"Older",-5.63541666666667
"4053","011861","resources/real_fg_memory_images/orig4.jpg","Neutral","real",20,1,"Older",-5.63541666666667
"4054","011861","resources/real_fg_memory_images/orig3.jpg","Neutral","real",20,1,"Older",-5.63541666666667
"4055","011861","resources/real_fg_memory_images/orig8.jpg","Scam","real",20,1,"Older",-5.63541666666667
"4056","011861","resources/real_fg_memory_images/fg24.jpg","Neutral","artificial",20,1,"Older",-5.63541666666667
"4057","044533","resources/real_fg_memory_images/orig4.jpg","Neutral","real",26,1,"Older",0.364583333333332
"4058","044533","resources/real_fg_memory_images/orig12.jpg","Scam","real",26,0,"Older",0.364583333333332
"4059","044533","resources/real_fg_memory_images/fg22.jpg","Neutral","artificial",26,0,"Older",0.364583333333332
"4060","044533","resources/real_fg_memory_images/orig6.jpg","Neutral","real",26,1,"Older",0.364583333333332
"4061","044533","resources/real_fg_memory_images/orig5.jpg","Neutral","real",26,0,"Older",0.364583333333332
"4062","044533","resources/real_fg_memory_images/orig7.jpg","Scam","real",26,1,"Older",0.364583333333332
"4063","044533","resources/real_fg_memory_images/fg25.jpg","Scam","artificial",26,1,"Older",0.364583333333332
"4064","044533","resources/real_fg_memory_images/fg20.jpg","Neutral","artificial",26,0,"Older",0.364583333333332
"4065","044533","resources/real_fg_memory_images/fg21.jpg","Neutral","artificial",26,1,"Older",0.364583333333332
"4066","044533","resources/real_fg_memory_images/orig3.jpg","Neutral","real",26,1,"Older",0.364583333333332
"4067","044533","resources/real_fg_memory_images/orig10.jpg","Scam","real",26,1,"Older",0.364583333333332
"4068","044533","resources/real_fg_memory_images/orig2.jpg","Neutral","real",26,1,"Older",0.364583333333332
"4069","044533","resources/real_fg_memory_images/orig11.jpg","Scam","real",26,1,"Older",0.364583333333332
"4070","044533","resources/real_fg_memory_images/fg19.jpg","Neutral","artificial",26,1,"Older",0.364583333333332
"4071","044533","resources/real_fg_memory_images/orig8.jpg","Scam","real",26,1,"Older",0.364583333333332
"4072","044533","resources/real_fg_memory_images/fg26.jpg","Scam","artificial",26,1,"Older",0.364583333333332
"4073","044533","resources/real_fg_memory_images/fg24.jpg","Neutral","artificial",26,0,"Older",0.364583333333332
"4074","044533","resources/real_fg_memory_images/orig9.jpg","Scam","real",26,1,"Older",0.364583333333332
"4075","044533","resources/real_fg_memory_images/fg30.jpg","Scam","artificial",26,1,"Older",0.364583333333332
"4076","044533","resources/real_fg_memory_images/fg27.jpg","Scam","artificial",26,1,"Older",0.364583333333332
"4077","044533","resources/real_fg_memory_images/fg23.jpg","Neutral","artificial",26,0,"Older",0.364583333333332
"4078","044533","resources/real_fg_memory_images/fg29.jpg","Scam","artificial",26,1,"Older",0.364583333333332
"4079","044533","resources/real_fg_memory_images/fg28.jpg","Scam","artificial",26,1,"Older",0.364583333333332
"4080","044533","resources/real_fg_memory_images/orig1.jpg","Neutral","real",26,1,"Older",0.364583333333332
"4081","059179","resources/real_fg_memory_images/fg26.jpg","Scam","artificial",31,1,"Older",5.36458333333333
"4082","059179","resources/real_fg_memory_images/orig4.jpg","Neutral","real",31,0,"Older",5.36458333333333
"4083","059179","resources/real_fg_memory_images/orig11.jpg","Scam","real",31,0,"Older",5.36458333333333
"4084","059179","resources/real_fg_memory_images/fg21.jpg","Neutral","artificial",31,1,"Older",5.36458333333333
"4085","059179","resources/real_fg_memory_images/fg22.jpg","Neutral","artificial",31,0,"Older",5.36458333333333
"4086","059179","resources/real_fg_memory_images/fg24.jpg","Neutral","artificial",31,1,"Older",5.36458333333333
"4087","059179","resources/real_fg_memory_images/fg20.jpg","Neutral","artificial",31,1,"Older",5.36458333333333
"4088","059179","resources/real_fg_memory_images/orig7.jpg","Scam","real",31,1,"Older",5.36458333333333
"4089","059179","resources/real_fg_memory_images/orig8.jpg","Scam","real",31,1,"Older",5.36458333333333
"4090","059179","resources/real_fg_memory_images/fg23.jpg","Neutral","artificial",31,1,"Older",5.36458333333333
"4091","059179","resources/real_fg_memory_images/orig3.jpg","Neutral","real",31,1,"Older",5.36458333333333
"4092","059179","resources/real_fg_memory_images/fg30.jpg","Scam","artificial",31,1,"Older",5.36458333333333
"4093","059179","resources/real_fg_memory_images/orig12.jpg","Scam","real",31,1,"Older",5.36458333333333
"4094","059179","resources/real_fg_memory_images/orig1.jpg","Neutral","real",31,1,"Older",5.36458333333333
"4095","059179","resources/real_fg_memory_images/orig10.jpg","Scam","real",31,1,"Older",5.36458333333333
"4096","059179","resources/real_fg_memory_images/orig2.jpg","Neutral","real",31,0,"Older",5.36458333333333
"4097","059179","resources/real_fg_memory_images/fg19.jpg","Neutral","artificial",31,0,"Older",5.36458333333333
"4098","059179","resources/real_fg_memory_images/fg29.jpg","Scam","artificial",31,1,"Older",5.36458333333333
"4099","059179","resources/real_fg_memory_images/fg25.jpg","Scam","artificial",31,1,"Older",5.36458333333333
"4100","059179","resources/real_fg_memory_images/orig5.jpg","Neutral","real",31,0,"Older",5.36458333333333
"4101","059179","resources/real_fg_memory_images/fg28.jpg","Scam","artificial",31,0,"Older",5.36458333333333
"4102","059179","resources/real_fg_memory_images/orig9.jpg","Scam","real",31,1,"Older",5.36458333333333
"4103","059179","resources/real_fg_memory_images/orig6.jpg","Neutral","real",31,1,"Older",5.36458333333333
"4104","059179","resources/real_fg_memory_images/fg27.jpg","Scam","artificial",31,1,"Older",5.36458333333333
"4105","080628","resources/real_fg_memory_images/orig6.jpg","Neutral","real",23,1,"Older",-2.63541666666667
"4106","080628","resources/real_fg_memory_images/fg28.jpg","Scam","artificial",23,1,"Older",-2.63541666666667
"4107","080628","resources/real_fg_memory_images/fg23.jpg","Neutral","artificial",23,0,"Older",-2.63541666666667
"4108","080628","resources/real_fg_memory_images/fg26.jpg","Scam","artificial",23,1,"Older",-2.63541666666667
"4109","080628","resources/real_fg_memory_images/orig1.jpg","Neutral","real",23,1,"Older",-2.63541666666667
"4110","080628","resources/real_fg_memory_images/fg21.jpg","Neutral","artificial",23,1,"Older",-2.63541666666667
"4111","080628","resources/real_fg_memory_images/orig7.jpg","Scam","real",23,1,"Older",-2.63541666666667
"4112","080628","resources/real_fg_memory_images/fg24.jpg","Neutral","artificial",23,1,"Older",-2.63541666666667
"4113","080628","resources/real_fg_memory_images/fg20.jpg","Neutral","artificial",23,1,"Older",-2.63541666666667
"4114","080628","resources/real_fg_memory_images/orig12.jpg","Scam","real",23,1,"Older",-2.63541666666667
"4115","080628","resources/real_fg_memory_images/fg29.jpg","Scam","artificial",23,1,"Older",-2.63541666666667
"4116","080628","resources/real_fg_memory_images/orig4.jpg","Neutral","real",23,1,"Older",-2.63541666666667
"4117","080628","resources/real_fg_memory_images/fg30.jpg","Scam","artificial",23,1,"Older",-2.63541666666667
"4118","080628","resources/real_fg_memory_images/orig11.jpg","Scam","real",23,1,"Older",-2.63541666666667
"4119","080628","resources/real_fg_memory_images/fg25.jpg","Scam","artificial",23,0,"Older",-2.63541666666667
"4120","080628","resources/real_fg_memory_images/fg27.jpg","Scam","artificial",23,1,"Older",-2.63541666666667
"4121","080628","resources/real_fg_memory_images/fg19.jpg","Neutral","artificial",23,1,"Older",-2.63541666666667
"4122","080628","resources/real_fg_memory_images/orig5.jpg","Neutral","real",23,0,"Older",-2.63541666666667
"4123","080628","resources/real_fg_memory_images/orig10.jpg","Scam","real",23,1,"Older",-2.63541666666667
"4124","080628","resources/real_fg_memory_images/orig8.jpg","Scam","real",23,1,"Older",-2.63541666666667
"4125","080628","resources/real_fg_memory_images/orig9.jpg","Scam","real",23,0,"Older",-2.63541666666667
"4126","080628","resources/real_fg_memory_images/fg22.jpg","Neutral","artificial",23,1,"Older",-2.63541666666667
"4127","080628","resources/real_fg_memory_images/orig3.jpg","Neutral","real",23,1,"Older",-2.63541666666667
"4128","080628","resources/real_fg_memory_images/orig2.jpg","Neutral","real",23,1,"Older",-2.63541666666667
"4129","154362","resources/real_fg_memory_images/orig7.jpg","Scam","real",31,1,"Older",5.36458333333333
"4130","154362","resources/real_fg_memory_images/orig2.jpg","Neutral","real",31,0,"Older",5.36458333333333
"4131","154362","resources/real_fg_memory_images/orig4.jpg","Neutral","real",31,1,"Older",5.36458333333333
"4132","154362","resources/real_fg_memory_images/orig12.jpg","Scam","real",31,1,"Older",5.36458333333333
"4133","154362","resources/real_fg_memory_images/orig5.jpg","Neutral","real",31,1,"Older",5.36458333333333
"4134","154362","resources/real_fg_memory_images/orig8.jpg","Scam","real",31,1,"Older",5.36458333333333
"4135","154362","resources/real_fg_memory_images/orig9.jpg","Scam","real",31,1,"Older",5.36458333333333
"4136","154362","resources/real_fg_memory_images/orig11.jpg","Scam","real",31,1,"Older",5.36458333333333
"4137","154362","resources/real_fg_memory_images/fg30.jpg","Scam","artificial",31,1,"Older",5.36458333333333
"4138","154362","resources/real_fg_memory_images/orig1.jpg","Neutral","real",31,0,"Older",5.36458333333333
"4139","154362","resources/real_fg_memory_images/orig10.jpg","Scam","real",31,1,"Older",5.36458333333333
"4140","154362","resources/real_fg_memory_images/fg25.jpg","Scam","artificial",31,0,"Older",5.36458333333333
"4141","154362","resources/real_fg_memory_images/fg27.jpg","Scam","artificial",31,1,"Older",5.36458333333333
"4142","154362","resources/real_fg_memory_images/fg28.jpg","Scam","artificial",31,1,"Older",5.36458333333333
"4143","154362","resources/real_fg_memory_images/orig6.jpg","Neutral","real",31,1,"Older",5.36458333333333
"4144","154362","resources/real_fg_memory_images/fg24.jpg","Neutral","artificial",31,1,"Older",5.36458333333333
"4145","154362","resources/real_fg_memory_images/fg21.jpg","Neutral","artificial",31,0,"Older",5.36458333333333
"4146","154362","resources/real_fg_memory_images/fg29.jpg","Scam","artificial",31,1,"Older",5.36458333333333
"4147","154362","resources/real_fg_memory_images/fg26.jpg","Scam","artificial",31,1,"Older",5.36458333333333
"4148","154362","resources/real_fg_memory_images/fg20.jpg","Neutral","artificial",31,1,"Older",5.36458333333333
"4149","154362","resources/real_fg_memory_images/fg23.jpg","Neutral","artificial",31,1,"Older",5.36458333333333
"4150","154362","resources/real_fg_memory_images/fg22.jpg","Neutral","artificial",31,1,"Older",5.36458333333333
"4151","154362","resources/real_fg_memory_images/orig3.jpg","Neutral","real",31,1,"Older",5.36458333333333
"4152","154362","resources/real_fg_memory_images/fg19.jpg","Neutral","artificial",31,1,"Older",5.36458333333333
"4153","202198","resources/real_fg_memory_images/orig11.jpg","Scam","real",31,0,"Older",5.36458333333333
"4154","202198","resources/real_fg_memory_images/fg19.jpg","Neutral","artificial",31,1,"Older",5.36458333333333
"4155","202198","resources/real_fg_memory_images/fg25.jpg","Scam","artificial",31,0,"Older",5.36458333333333
"4156","202198","resources/real_fg_memory_images/orig4.jpg","Neutral","real",31,1,"Older",5.36458333333333
"4157","202198","resources/real_fg_memory_images/fg23.jpg","Neutral","artificial",31,1,"Older",5.36458333333333
"4158","202198","resources/real_fg_memory_images/orig1.jpg","Neutral","real",31,0,"Older",5.36458333333333
"4159","202198","resources/real_fg_memory_images/orig9.jpg","Scam","real",31,1,"Older",5.36458333333333
"4160","202198","resources/real_fg_memory_images/fg21.jpg","Neutral","artificial",31,1,"Older",5.36458333333333
"4161","202198","resources/real_fg_memory_images/fg26.jpg","Scam","artificial",31,0,"Older",5.36458333333333
"4162","202198","resources/real_fg_memory_images/orig8.jpg","Scam","real",31,1,"Older",5.36458333333333
"4163","202198","resources/real_fg_memory_images/fg29.jpg","Scam","artificial",31,1,"Older",5.36458333333333
"4164","202198","resources/real_fg_memory_images/orig3.jpg","Neutral","real",31,1,"Older",5.36458333333333
"4165","202198","resources/real_fg_memory_images/orig10.jpg","Scam","real",31,1,"Older",5.36458333333333
"4166","202198","resources/real_fg_memory_images/fg20.jpg","Neutral","artificial",31,1,"Older",5.36458333333333
"4167","202198","resources/real_fg_memory_images/orig2.jpg","Neutral","real",31,1,"Older",5.36458333333333
"4168","202198","resources/real_fg_memory_images/fg22.jpg","Neutral","artificial",31,1,"Older",5.36458333333333
"4169","202198","resources/real_fg_memory_images/orig7.jpg","Scam","real",31,1,"Older",5.36458333333333
"4170","202198","resources/real_fg_memory_images/fg27.jpg","Scam","artificial",31,1,"Older",5.36458333333333
"4171","202198","resources/real_fg_memory_images/fg24.jpg","Neutral","artificial",31,1,"Older",5.36458333333333
"4172","202198","resources/real_fg_memory_images/fg30.jpg","Scam","artificial",31,0,"Older",5.36458333333333
"4173","202198","resources/real_fg_memory_images/fg28.jpg","Scam","artificial",31,1,"Older",5.36458333333333
"4174","202198","resources/real_fg_memory_images/orig5.jpg","Neutral","real",31,0,"Older",5.36458333333333
"4175","202198","resources/real_fg_memory_images/orig12.jpg","Scam","real",31,0,"Older",5.36458333333333
"4176","202198","resources/real_fg_memory_images/orig6.jpg","Neutral","real",31,1,"Older",5.36458333333333
"4177","248915","resources/real_fg_memory_images/orig6.jpg","Neutral","real",31,1,"Older",5.36458333333333
"4178","248915","resources/real_fg_memory_images/orig12.jpg","Scam","real",31,0,"Older",5.36458333333333
"4179","248915","resources/real_fg_memory_images/fg26.jpg","Scam","artificial",31,1,"Older",5.36458333333333
"4180","248915","resources/real_fg_memory_images/fg20.jpg","Neutral","artificial",31,1,"Older",5.36458333333333
"4181","248915","resources/real_fg_memory_images/fg22.jpg","Neutral","artificial",31,1,"Older",5.36458333333333
"4182","248915","resources/real_fg_memory_images/orig8.jpg","Scam","real",31,0,"Older",5.36458333333333
"4183","248915","resources/real_fg_memory_images/fg21.jpg","Neutral","artificial",31,1,"Older",5.36458333333333
"4184","248915","resources/real_fg_memory_images/orig9.jpg","Scam","real",31,1,"Older",5.36458333333333
"4185","248915","resources/real_fg_memory_images/orig3.jpg","Neutral","real",31,1,"Older",5.36458333333333
"4186","248915","resources/real_fg_memory_images/orig7.jpg","Scam","real",31,1,"Older",5.36458333333333
"4187","248915","resources/real_fg_memory_images/orig10.jpg","Scam","real",31,0,"Older",5.36458333333333
"4188","248915","resources/real_fg_memory_images/fg19.jpg","Neutral","artificial",31,1,"Older",5.36458333333333
"4189","248915","resources/real_fg_memory_images/orig4.jpg","Neutral","real",31,1,"Older",5.36458333333333
"4190","248915","resources/real_fg_memory_images/fg23.jpg","Neutral","artificial",31,1,"Older",5.36458333333333
"4191","248915","resources/real_fg_memory_images/orig5.jpg","Neutral","real",31,1,"Older",5.36458333333333
"4192","248915","resources/real_fg_memory_images/fg29.jpg","Scam","artificial",31,0,"Older",5.36458333333333
"4193","248915","resources/real_fg_memory_images/fg24.jpg","Neutral","artificial",31,1,"Older",5.36458333333333
"4194","248915","resources/real_fg_memory_images/fg30.jpg","Scam","artificial",31,0,"Older",5.36458333333333
"4195","248915","resources/real_fg_memory_images/fg27.jpg","Scam","artificial",31,0,"Older",5.36458333333333
"4196","248915","resources/real_fg_memory_images/fg25.jpg","Scam","artificial",31,0,"Older",5.36458333333333
"4197","248915","resources/real_fg_memory_images/orig11.jpg","Scam","real",31,0,"Older",5.36458333333333
"4198","248915","resources/real_fg_memory_images/fg28.jpg","Scam","artificial",31,0,"Older",5.36458333333333
"4199","248915","resources/real_fg_memory_images/orig1.jpg","Neutral","real",31,0,"Older",5.36458333333333
"4200","248915","resources/real_fg_memory_images/orig2.jpg","Neutral","real",31,1,"Older",5.36458333333333
"4201","259943","resources/real_fg_memory_images/fg30.jpg","Scam","artificial",21,1,"Older",-4.63541666666667
"4202","259943","resources/real_fg_memory_images/orig7.jpg","Scam","real",21,0,"Older",-4.63541666666667
"4203","259943","resources/real_fg_memory_images/fg29.jpg","Scam","artificial",21,0,"Older",-4.63541666666667
"4204","259943","resources/real_fg_memory_images/orig10.jpg","Scam","real",21,1,"Older",-4.63541666666667
"4205","259943","resources/real_fg_memory_images/orig11.jpg","Scam","real",21,0,"Older",-4.63541666666667
"4206","259943","resources/real_fg_memory_images/orig12.jpg","Scam","real",21,1,"Older",-4.63541666666667
"4207","259943","resources/real_fg_memory_images/orig6.jpg","Neutral","real",21,1,"Older",-4.63541666666667
"4208","259943","resources/real_fg_memory_images/fg23.jpg","Neutral","artificial",21,0,"Older",-4.63541666666667
"4209","259943","resources/real_fg_memory_images/orig4.jpg","Neutral","real",21,0,"Older",-4.63541666666667
"4210","259943","resources/real_fg_memory_images/fg26.jpg","Scam","artificial",21,1,"Older",-4.63541666666667
"4211","259943","resources/real_fg_memory_images/orig9.jpg","Scam","real",21,1,"Older",-4.63541666666667
"4212","259943","resources/real_fg_memory_images/fg25.jpg","Scam","artificial",21,0,"Older",-4.63541666666667
"4213","259943","resources/real_fg_memory_images/orig8.jpg","Scam","real",21,1,"Older",-4.63541666666667
"4214","259943","resources/real_fg_memory_images/orig1.jpg","Neutral","real",21,0,"Older",-4.63541666666667
"4215","259943","resources/real_fg_memory_images/fg19.jpg","Neutral","artificial",21,1,"Older",-4.63541666666667
"4216","259943","resources/real_fg_memory_images/orig2.jpg","Neutral","real",21,1,"Older",-4.63541666666667
"4217","259943","resources/real_fg_memory_images/fg28.jpg","Scam","artificial",21,0,"Older",-4.63541666666667
"4218","259943","resources/real_fg_memory_images/fg22.jpg","Neutral","artificial",21,1,"Older",-4.63541666666667
"4219","259943","resources/real_fg_memory_images/fg21.jpg","Neutral","artificial",21,0,"Older",-4.63541666666667
"4220","259943","resources/real_fg_memory_images/fg24.jpg","Neutral","artificial",21,0,"Older",-4.63541666666667
"4221","259943","resources/real_fg_memory_images/fg20.jpg","Neutral","artificial",21,1,"Older",-4.63541666666667
"4222","259943","resources/real_fg_memory_images/orig5.jpg","Neutral","real",21,0,"Older",-4.63541666666667
"4223","259943","resources/real_fg_memory_images/fg27.jpg","Scam","artificial",21,0,"Older",-4.63541666666667
"4224","259943","resources/real_fg_memory_images/orig3.jpg","Neutral","real",21,1,"Older",-4.63541666666667
"4225","362267","resources/real_fg_memory_images/orig6.jpg","Neutral","real",22,1,"Older",-3.63541666666667
"4226","362267","resources/real_fg_memory_images/fg27.jpg","Scam","artificial",22,1,"Older",-3.63541666666667
"4227","362267","resources/real_fg_memory_images/orig12.jpg","Scam","real",22,0,"Older",-3.63541666666667
"4228","362267","resources/real_fg_memory_images/orig2.jpg","Neutral","real",22,0,"Older",-3.63541666666667
"4229","362267","resources/real_fg_memory_images/fg21.jpg","Neutral","artificial",22,0,"Older",-3.63541666666667
"4230","362267","resources/real_fg_memory_images/fg28.jpg","Scam","artificial",22,0,"Older",-3.63541666666667
"4231","362267","resources/real_fg_memory_images/fg30.jpg","Scam","artificial",22,0,"Older",-3.63541666666667
"4232","362267","resources/real_fg_memory_images/orig9.jpg","Scam","real",22,1,"Older",-3.63541666666667
"4233","362267","resources/real_fg_memory_images/orig7.jpg","Scam","real",22,0,"Older",-3.63541666666667
"4234","362267","resources/real_fg_memory_images/fg29.jpg","Scam","artificial",22,1,"Older",-3.63541666666667
"4235","362267","resources/real_fg_memory_images/orig1.jpg","Neutral","real",22,0,"Older",-3.63541666666667
"4236","362267","resources/real_fg_memory_images/orig4.jpg","Neutral","real",22,1,"Older",-3.63541666666667
"4237","362267","resources/real_fg_memory_images/fg22.jpg","Neutral","artificial",22,1,"Older",-3.63541666666667
"4238","362267","resources/real_fg_memory_images/orig11.jpg","Scam","real",22,0,"Older",-3.63541666666667
"4239","362267","resources/real_fg_memory_images/orig3.jpg","Neutral","real",22,1,"Older",-3.63541666666667
"4240","362267","resources/real_fg_memory_images/orig10.jpg","Scam","real",22,0,"Older",-3.63541666666667
"4241","362267","resources/real_fg_memory_images/fg20.jpg","Neutral","artificial",22,0,"Older",-3.63541666666667
"4242","362267","resources/real_fg_memory_images/fg19.jpg","Neutral","artificial",22,0,"Older",-3.63541666666667
"4243","362267","resources/real_fg_memory_images/orig5.jpg","Neutral","real",22,1,"Older",-3.63541666666667
"4244","362267","resources/real_fg_memory_images/fg26.jpg","Scam","artificial",22,0,"Older",-3.63541666666667
"4245","362267","resources/real_fg_memory_images/fg23.jpg","Neutral","artificial",22,0,"Older",-3.63541666666667
"4246","362267","resources/real_fg_memory_images/fg25.jpg","Scam","artificial",22,1,"Older",-3.63541666666667
"4247","362267","resources/real_fg_memory_images/fg24.jpg","Neutral","artificial",22,1,"Older",-3.63541666666667
"4248","362267","resources/real_fg_memory_images/orig8.jpg","Scam","real",22,0,"Older",-3.63541666666667
"4249","372802","resources/real_fg_memory_images/fg22.jpg","Neutral","artificial",21,0,"Older",-4.63541666666667
"4250","372802","resources/real_fg_memory_images/fg30.jpg","Scam","artificial",21,0,"Older",-4.63541666666667
"4251","372802","resources/real_fg_memory_images/orig8.jpg","Scam","real",21,1,"Older",-4.63541666666667
"4252","372802","resources/real_fg_memory_images/orig3.jpg","Neutral","real",21,1,"Older",-4.63541666666667
"4253","372802","resources/real_fg_memory_images/orig10.jpg","Scam","real",21,1,"Older",-4.63541666666667
"4254","372802","resources/real_fg_memory_images/fg28.jpg","Scam","artificial",21,1,"Older",-4.63541666666667
"4255","372802","resources/real_fg_memory_images/orig4.jpg","Neutral","real",21,1,"Older",-4.63541666666667
"4256","372802","resources/real_fg_memory_images/fg29.jpg","Scam","artificial",21,0,"Older",-4.63541666666667
"4257","372802","resources/real_fg_memory_images/fg20.jpg","Neutral","artificial",21,0,"Older",-4.63541666666667
"4258","372802","resources/real_fg_memory_images/orig9.jpg","Scam","real",21,1,"Older",-4.63541666666667
"4259","372802","resources/real_fg_memory_images/orig11.jpg","Scam","real",21,1,"Older",-4.63541666666667
"4260","372802","resources/real_fg_memory_images/orig12.jpg","Scam","real",21,0,"Older",-4.63541666666667
"4261","372802","resources/real_fg_memory_images/fg23.jpg","Neutral","artificial",21,1,"Older",-4.63541666666667
"4262","372802","resources/real_fg_memory_images/fg24.jpg","Neutral","artificial",21,0,"Older",-4.63541666666667
"4263","372802","resources/real_fg_memory_images/fg26.jpg","Scam","artificial",21,1,"Older",-4.63541666666667
"4264","372802","resources/real_fg_memory_images/fg19.jpg","Neutral","artificial",21,1,"Older",-4.63541666666667
"4265","372802","resources/real_fg_memory_images/fg21.jpg","Neutral","artificial",21,0,"Older",-4.63541666666667
"4266","372802","resources/real_fg_memory_images/orig1.jpg","Neutral","real",21,1,"Older",-4.63541666666667
"4267","372802","resources/real_fg_memory_images/orig7.jpg","Scam","real",21,0,"Older",-4.63541666666667
"4268","372802","resources/real_fg_memory_images/orig6.jpg","Neutral","real",21,1,"Older",-4.63541666666667
"4269","372802","resources/real_fg_memory_images/fg25.jpg","Scam","artificial",21,0,"Older",-4.63541666666667
"4270","372802","resources/real_fg_memory_images/fg27.jpg","Scam","artificial",21,1,"Older",-4.63541666666667
"4271","372802","resources/real_fg_memory_images/orig5.jpg","Neutral","real",21,1,"Older",-4.63541666666667
"4272","372802","resources/real_fg_memory_images/orig2.jpg","Neutral","real",21,0,"Older",-4.63541666666667
"4273","489782","resources/real_fg_memory_images/fg20.jpg","Neutral","artificial",26,1,"Older",0.364583333333332
"4274","489782","resources/real_fg_memory_images/orig11.jpg","Scam","real",26,0,"Older",0.364583333333332
"4275","489782","resources/real_fg_memory_images/orig9.jpg","Scam","real",26,0,"Older",0.364583333333332
"4276","489782","resources/real_fg_memory_images/fg26.jpg","Scam","artificial",26,0,"Older",0.364583333333332
"4277","489782","resources/real_fg_memory_images/orig8.jpg","Scam","real",26,1,"Older",0.364583333333332
"4278","489782","resources/real_fg_memory_images/fg21.jpg","Neutral","artificial",26,0,"Older",0.364583333333332
"4279","489782","resources/real_fg_memory_images/orig4.jpg","Neutral","real",26,1,"Older",0.364583333333332
"4280","489782","resources/real_fg_memory_images/fg22.jpg","Neutral","artificial",26,1,"Older",0.364583333333332
"4281","489782","resources/real_fg_memory_images/fg28.jpg","Scam","artificial",26,0,"Older",0.364583333333332
"4282","489782","resources/real_fg_memory_images/fg23.jpg","Neutral","artificial",26,0,"Older",0.364583333333332
"4283","489782","resources/real_fg_memory_images/fg19.jpg","Neutral","artificial",26,0,"Older",0.364583333333332
"4284","489782","resources/real_fg_memory_images/fg29.jpg","Scam","artificial",26,1,"Older",0.364583333333332
"4285","489782","resources/real_fg_memory_images/orig10.jpg","Scam","real",26,1,"Older",0.364583333333332
"4286","489782","resources/real_fg_memory_images/fg24.jpg","Neutral","artificial",26,0,"Older",0.364583333333332
"4287","489782","resources/real_fg_memory_images/orig1.jpg","Neutral","real",26,1,"Older",0.364583333333332
"4288","489782","resources/real_fg_memory_images/fg30.jpg","Scam","artificial",26,1,"Older",0.364583333333332
"4289","489782","resources/real_fg_memory_images/fg27.jpg","Scam","artificial",26,1,"Older",0.364583333333332
"4290","489782","resources/real_fg_memory_images/fg25.jpg","Scam","artificial",26,0,"Older",0.364583333333332
"4291","489782","resources/real_fg_memory_images/orig7.jpg","Scam","real",26,0,"Older",0.364583333333332
"4292","489782","resources/real_fg_memory_images/orig6.jpg","Neutral","real",26,1,"Older",0.364583333333332
"4293","489782","resources/real_fg_memory_images/orig5.jpg","Neutral","real",26,1,"Older",0.364583333333332
"4294","489782","resources/real_fg_memory_images/orig3.jpg","Neutral","real",26,1,"Older",0.364583333333332
"4295","489782","resources/real_fg_memory_images/orig12.jpg","Scam","real",26,0,"Older",0.364583333333332
"4296","489782","resources/real_fg_memory_images/orig2.jpg","Neutral","real",26,1,"Older",0.364583333333332
"4297","501069","resources/real_fg_memory_images/fg30.jpg","Scam","artificial",27,1,"Older",1.36458333333333
"4298","501069","resources/real_fg_memory_images/fg22.jpg","Neutral","artificial",27,0,"Older",1.36458333333333
"4299","501069","resources/real_fg_memory_images/fg19.jpg","Neutral","artificial",27,1,"Older",1.36458333333333
"4300","501069","resources/real_fg_memory_images/orig7.jpg","Scam","real",27,0,"Older",1.36458333333333
"4301","501069","resources/real_fg_memory_images/orig10.jpg","Scam","real",27,0,"Older",1.36458333333333
"4302","501069","resources/real_fg_memory_images/fg25.jpg","Scam","artificial",27,1,"Older",1.36458333333333
"4303","501069","resources/real_fg_memory_images/orig12.jpg","Scam","real",27,0,"Older",1.36458333333333
"4304","501069","resources/real_fg_memory_images/fg26.jpg","Scam","artificial",27,1,"Older",1.36458333333333
"4305","501069","resources/real_fg_memory_images/orig2.jpg","Neutral","real",27,0,"Older",1.36458333333333
"4306","501069","resources/real_fg_memory_images/fg21.jpg","Neutral","artificial",27,0,"Older",1.36458333333333
"4307","501069","resources/real_fg_memory_images/fg24.jpg","Neutral","artificial",27,1,"Older",1.36458333333333
"4308","501069","resources/real_fg_memory_images/fg29.jpg","Scam","artificial",27,1,"Older",1.36458333333333
"4309","501069","resources/real_fg_memory_images/orig3.jpg","Neutral","real",27,1,"Older",1.36458333333333
"4310","501069","resources/real_fg_memory_images/orig11.jpg","Scam","real",27,1,"Older",1.36458333333333
"4311","501069","resources/real_fg_memory_images/fg23.jpg","Neutral","artificial",27,1,"Older",1.36458333333333
"4312","501069","resources/real_fg_memory_images/fg28.jpg","Scam","artificial",27,1,"Older",1.36458333333333
"4313","501069","resources/real_fg_memory_images/orig1.jpg","Neutral","real",27,0,"Older",1.36458333333333
"4314","501069","resources/real_fg_memory_images/fg20.jpg","Neutral","artificial",27,1,"Older",1.36458333333333
"4315","501069","resources/real_fg_memory_images/orig9.jpg","Scam","real",27,0,"Older",1.36458333333333
"4316","501069","resources/real_fg_memory_images/orig4.jpg","Neutral","real",27,1,"Older",1.36458333333333
"4317","501069","resources/real_fg_memory_images/orig5.jpg","Neutral","real",27,0,"Older",1.36458333333333
"4318","501069","resources/real_fg_memory_images/orig6.jpg","Neutral","real",27,0,"Older",1.36458333333333
"4319","501069","resources/real_fg_memory_images/orig8.jpg","Scam","real",27,1,"Older",1.36458333333333
"4320","501069","resources/real_fg_memory_images/fg27.jpg","Scam","artificial",27,1,"Older",1.36458333333333
"4321","503785","resources/real_fg_memory_images/orig1.jpg","Neutral","real",19,1,"Older",-6.63541666666667
"4322","503785","resources/real_fg_memory_images/orig3.jpg","Neutral","real",19,1,"Older",-6.63541666666667
"4323","503785","resources/real_fg_memory_images/orig2.jpg","Neutral","real",19,1,"Older",-6.63541666666667
"4324","503785","resources/real_fg_memory_images/fg24.jpg","Neutral","artificial",19,0,"Older",-6.63541666666667
"4325","503785","resources/real_fg_memory_images/fg27.jpg","Scam","artificial",19,1,"Older",-6.63541666666667
"4326","503785","resources/real_fg_memory_images/fg19.jpg","Neutral","artificial",19,0,"Older",-6.63541666666667
"4327","503785","resources/real_fg_memory_images/orig5.jpg","Neutral","real",19,0,"Older",-6.63541666666667
"4328","503785","resources/real_fg_memory_images/fg25.jpg","Scam","artificial",19,1,"Older",-6.63541666666667
"4329","503785","resources/real_fg_memory_images/fg30.jpg","Scam","artificial",19,1,"Older",-6.63541666666667
"4330","503785","resources/real_fg_memory_images/orig11.jpg","Scam","real",19,0,"Older",-6.63541666666667
"4331","503785","resources/real_fg_memory_images/fg20.jpg","Neutral","artificial",19,0,"Older",-6.63541666666667
"4332","503785","resources/real_fg_memory_images/orig6.jpg","Neutral","real",19,0,"Older",-6.63541666666667
"4333","503785","resources/real_fg_memory_images/orig10.jpg","Scam","real",19,1,"Older",-6.63541666666667
"4334","503785","resources/real_fg_memory_images/fg22.jpg","Neutral","artificial",19,1,"Older",-6.63541666666667
"4335","503785","resources/real_fg_memory_images/orig7.jpg","Scam","real",19,0,"Older",-6.63541666666667
"4336","503785","resources/real_fg_memory_images/orig12.jpg","Scam","real",19,0,"Older",-6.63541666666667
"4337","503785","resources/real_fg_memory_images/fg23.jpg","Neutral","artificial",19,1,"Older",-6.63541666666667
"4338","503785","resources/real_fg_memory_images/fg29.jpg","Scam","artificial",19,1,"Older",-6.63541666666667
"4339","503785","resources/real_fg_memory_images/orig9.jpg","Scam","real",19,1,"Older",-6.63541666666667
"4340","503785","resources/real_fg_memory_images/orig8.jpg","Scam","real",19,1,"Older",-6.63541666666667
"4341","503785","resources/real_fg_memory_images/fg28.jpg","Scam","artificial",19,0,"Older",-6.63541666666667
"4342","503785","resources/real_fg_memory_images/fg21.jpg","Neutral","artificial",19,0,"Older",-6.63541666666667
"4343","503785","resources/real_fg_memory_images/fg26.jpg","Scam","artificial",19,1,"Older",-6.63541666666667
"4344","503785","resources/real_fg_memory_images/orig4.jpg","Neutral","real",19,0,"Older",-6.63541666666667
"4345","509472","resources/real_fg_memory_images/fg28.jpg","Scam","artificial",30,0,"Older",4.36458333333333
"4346","509472","resources/real_fg_memory_images/fg19.jpg","Neutral","artificial",30,1,"Older",4.36458333333333
"4347","509472","resources/real_fg_memory_images/orig11.jpg","Scam","real",30,0,"Older",4.36458333333333
"4348","509472","resources/real_fg_memory_images/orig1.jpg","Neutral","real",30,0,"Older",4.36458333333333
"4349","509472","resources/real_fg_memory_images/orig5.jpg","Neutral","real",30,0,"Older",4.36458333333333
"4350","509472","resources/real_fg_memory_images/orig3.jpg","Neutral","real",30,0,"Older",4.36458333333333
"4351","509472","resources/real_fg_memory_images/fg25.jpg","Scam","artificial",30,0,"Older",4.36458333333333
"4352","509472","resources/real_fg_memory_images/fg20.jpg","Neutral","artificial",30,0,"Older",4.36458333333333
"4353","509472","resources/real_fg_memory_images/fg30.jpg","Scam","artificial",30,0,"Older",4.36458333333333
"4354","509472","resources/real_fg_memory_images/fg24.jpg","Neutral","artificial",30,1,"Older",4.36458333333333
"4355","509472","resources/real_fg_memory_images/fg29.jpg","Scam","artificial",30,0,"Older",4.36458333333333
"4356","509472","resources/real_fg_memory_images/orig4.jpg","Neutral","real",30,0,"Older",4.36458333333333
"4357","509472","resources/real_fg_memory_images/orig7.jpg","Scam","real",30,1,"Older",4.36458333333333
"4358","509472","resources/real_fg_memory_images/orig10.jpg","Scam","real",30,1,"Older",4.36458333333333
"4359","509472","resources/real_fg_memory_images/orig8.jpg","Scam","real",30,1,"Older",4.36458333333333
"4360","509472","resources/real_fg_memory_images/fg23.jpg","Neutral","artificial",30,1,"Older",4.36458333333333
"4361","509472","resources/real_fg_memory_images/orig6.jpg","Neutral","real",30,0,"Older",4.36458333333333
"4362","509472","resources/real_fg_memory_images/orig9.jpg","Scam","real",30,1,"Older",4.36458333333333
"4363","509472","resources/real_fg_memory_images/fg21.jpg","Neutral","artificial",30,0,"Older",4.36458333333333
"4364","509472","resources/real_fg_memory_images/fg22.jpg","Neutral","artificial",30,0,"Older",4.36458333333333
"4365","509472","resources/real_fg_memory_images/orig12.jpg","Scam","real",30,1,"Older",4.36458333333333
"4366","509472","resources/real_fg_memory_images/fg27.jpg","Scam","artificial",30,0,"Older",4.36458333333333
"4367","509472","resources/real_fg_memory_images/orig2.jpg","Neutral","real",30,1,"Older",4.36458333333333
"4368","509472","resources/real_fg_memory_images/fg26.jpg","Scam","artificial",30,0,"Older",4.36458333333333
"4369","535499","resources/real_fg_memory_images/fg23.jpg","Neutral","artificial",20,1,"Older",-5.63541666666667
"4370","535499","resources/real_fg_memory_images/fg20.jpg","Neutral","artificial",20,1,"Older",-5.63541666666667
"4371","535499","resources/real_fg_memory_images/fg27.jpg","Scam","artificial",20,1,"Older",-5.63541666666667
"4372","535499","resources/real_fg_memory_images/fg24.jpg","Neutral","artificial",20,1,"Older",-5.63541666666667
"4373","535499","resources/real_fg_memory_images/orig12.jpg","Scam","real",20,1,"Older",-5.63541666666667
"4374","535499","resources/real_fg_memory_images/orig2.jpg","Neutral","real",20,1,"Older",-5.63541666666667
"4375","535499","resources/real_fg_memory_images/orig11.jpg","Scam","real",20,0,"Older",-5.63541666666667
"4376","535499","resources/real_fg_memory_images/fg25.jpg","Scam","artificial",20,1,"Older",-5.63541666666667
"4377","535499","resources/real_fg_memory_images/orig4.jpg","Neutral","real",20,0,"Older",-5.63541666666667
"4378","535499","resources/real_fg_memory_images/fg26.jpg","Scam","artificial",20,1,"Older",-5.63541666666667
"4379","535499","resources/real_fg_memory_images/orig8.jpg","Scam","real",20,1,"Older",-5.63541666666667
"4380","535499","resources/real_fg_memory_images/fg29.jpg","Scam","artificial",20,1,"Older",-5.63541666666667
"4381","535499","resources/real_fg_memory_images/orig7.jpg","Scam","real",20,0,"Older",-5.63541666666667
"4382","535499","resources/real_fg_memory_images/fg19.jpg","Neutral","artificial",20,1,"Older",-5.63541666666667
"4383","535499","resources/real_fg_memory_images/orig10.jpg","Scam","real",20,1,"Older",-5.63541666666667
"4384","535499","resources/real_fg_memory_images/fg21.jpg","Neutral","artificial",20,1,"Older",-5.63541666666667
"4385","535499","resources/real_fg_memory_images/fg30.jpg","Scam","artificial",20,1,"Older",-5.63541666666667
"4386","535499","resources/real_fg_memory_images/orig9.jpg","Scam","real",20,1,"Older",-5.63541666666667
"4387","535499","resources/real_fg_memory_images/orig5.jpg","Neutral","real",20,0,"Older",-5.63541666666667
"4388","535499","resources/real_fg_memory_images/fg28.jpg","Scam","artificial",20,0,"Older",-5.63541666666667
"4389","535499","resources/real_fg_memory_images/fg22.jpg","Neutral","artificial",20,1,"Older",-5.63541666666667
"4390","535499","resources/real_fg_memory_images/orig3.jpg","Neutral","real",20,1,"Older",-5.63541666666667
"4391","535499","resources/real_fg_memory_images/orig1.jpg","Neutral","real",20,0,"Older",-5.63541666666667
"4392","535499","resources/real_fg_memory_images/orig6.jpg","Neutral","real",20,1,"Older",-5.63541666666667
"4393","552126","resources/real_fg_memory_images/orig3.jpg","Neutral","real",29,1,"Older",3.36458333333333
"4394","552126","resources/real_fg_memory_images/fg26.jpg","Scam","artificial",29,1,"Older",3.36458333333333
"4395","552126","resources/real_fg_memory_images/fg24.jpg","Neutral","artificial",29,1,"Older",3.36458333333333
"4396","552126","resources/real_fg_memory_images/fg25.jpg","Scam","artificial",29,0,"Older",3.36458333333333
"4397","552126","resources/real_fg_memory_images/fg29.jpg","Scam","artificial",29,1,"Older",3.36458333333333
"4398","552126","resources/real_fg_memory_images/orig10.jpg","Scam","real",29,0,"Older",3.36458333333333
"4399","552126","resources/real_fg_memory_images/orig11.jpg","Scam","real",29,1,"Older",3.36458333333333
"4400","552126","resources/real_fg_memory_images/orig4.jpg","Neutral","real",29,1,"Older",3.36458333333333
"4401","552126","resources/real_fg_memory_images/orig6.jpg","Neutral","real",29,1,"Older",3.36458333333333
"4402","552126","resources/real_fg_memory_images/orig12.jpg","Scam","real",29,0,"Older",3.36458333333333
"4403","552126","resources/real_fg_memory_images/fg30.jpg","Scam","artificial",29,1,"Older",3.36458333333333
"4404","552126","resources/real_fg_memory_images/orig5.jpg","Neutral","real",29,1,"Older",3.36458333333333
"4405","552126","resources/real_fg_memory_images/fg20.jpg","Neutral","artificial",29,0,"Older",3.36458333333333
"4406","552126","resources/real_fg_memory_images/fg23.jpg","Neutral","artificial",29,1,"Older",3.36458333333333
"4407","552126","resources/real_fg_memory_images/orig1.jpg","Neutral","real",29,1,"Older",3.36458333333333
"4408","552126","resources/real_fg_memory_images/orig2.jpg","Neutral","real",29,0,"Older",3.36458333333333
"4409","552126","resources/real_fg_memory_images/fg22.jpg","Neutral","artificial",29,1,"Older",3.36458333333333
"4410","552126","resources/real_fg_memory_images/orig7.jpg","Scam","real",29,0,"Older",3.36458333333333
"4411","552126","resources/real_fg_memory_images/fg28.jpg","Scam","artificial",29,0,"Older",3.36458333333333
"4412","552126","resources/real_fg_memory_images/orig8.jpg","Scam","real",29,1,"Older",3.36458333333333
"4413","552126","resources/real_fg_memory_images/fg27.jpg","Scam","artificial",29,1,"Older",3.36458333333333
"4414","552126","resources/real_fg_memory_images/orig9.jpg","Scam","real",29,0,"Older",3.36458333333333
"4415","552126","resources/real_fg_memory_images/fg21.jpg","Neutral","artificial",29,0,"Older",3.36458333333333
"4416","552126","resources/real_fg_memory_images/fg19.jpg","Neutral","artificial",29,1,"Older",3.36458333333333
"4417","685613","resources/real_fg_memory_images/fg29.jpg","Scam","artificial",28,1,"Older",2.36458333333333
"4418","685613","resources/real_fg_memory_images/fg28.jpg","Scam","artificial",28,1,"Older",2.36458333333333
"4419","685613","resources/real_fg_memory_images/fg23.jpg","Neutral","artificial",28,1,"Older",2.36458333333333
"4420","685613","resources/real_fg_memory_images/orig2.jpg","Neutral","real",28,1,"Older",2.36458333333333
"4421","685613","resources/real_fg_memory_images/orig7.jpg","Scam","real",28,1,"Older",2.36458333333333
"4422","685613","resources/real_fg_memory_images/orig8.jpg","Scam","real",28,1,"Older",2.36458333333333
"4423","685613","resources/real_fg_memory_images/orig9.jpg","Scam","real",28,1,"Older",2.36458333333333
"4424","685613","resources/real_fg_memory_images/orig12.jpg","Scam","real",28,1,"Older",2.36458333333333
"4425","685613","resources/real_fg_memory_images/orig3.jpg","Neutral","real",28,1,"Older",2.36458333333333
"4426","685613","resources/real_fg_memory_images/orig1.jpg","Neutral","real",28,1,"Older",2.36458333333333
"4427","685613","resources/real_fg_memory_images/orig11.jpg","Scam","real",28,1,"Older",2.36458333333333
"4428","685613","resources/real_fg_memory_images/fg26.jpg","Scam","artificial",28,1,"Older",2.36458333333333
"4429","685613","resources/real_fg_memory_images/fg20.jpg","Neutral","artificial",28,1,"Older",2.36458333333333
"4430","685613","resources/real_fg_memory_images/fg27.jpg","Scam","artificial",28,1,"Older",2.36458333333333
"4431","685613","resources/real_fg_memory_images/fg24.jpg","Neutral","artificial",28,1,"Older",2.36458333333333
"4432","685613","resources/real_fg_memory_images/orig6.jpg","Neutral","real",28,1,"Older",2.36458333333333
"4433","685613","resources/real_fg_memory_images/fg25.jpg","Scam","artificial",28,1,"Older",2.36458333333333
"4434","685613","resources/real_fg_memory_images/orig10.jpg","Scam","real",28,1,"Older",2.36458333333333
"4435","685613","resources/real_fg_memory_images/fg21.jpg","Neutral","artificial",28,0,"Older",2.36458333333333
"4436","685613","resources/real_fg_memory_images/fg19.jpg","Neutral","artificial",28,1,"Older",2.36458333333333
"4437","685613","resources/real_fg_memory_images/orig4.jpg","Neutral","real",28,1,"Older",2.36458333333333
"4438","685613","resources/real_fg_memory_images/orig5.jpg","Neutral","real",28,1,"Older",2.36458333333333
"4439","685613","resources/real_fg_memory_images/fg22.jpg","Neutral","artificial",28,1,"Older",2.36458333333333
"4440","685613","resources/real_fg_memory_images/fg30.jpg","Scam","artificial",28,1,"Older",2.36458333333333
"4441","697612","resources/real_fg_memory_images/orig6.jpg","Neutral","real",19,1,"Older",-6.63541666666667
"4442","697612","resources/real_fg_memory_images/orig1.jpg","Neutral","real",19,1,"Older",-6.63541666666667
"4443","697612","resources/real_fg_memory_images/orig10.jpg","Scam","real",19,1,"Older",-6.63541666666667
"4444","697612","resources/real_fg_memory_images/fg23.jpg","Neutral","artificial",19,1,"Older",-6.63541666666667
"4445","697612","resources/real_fg_memory_images/fg22.jpg","Neutral","artificial",19,1,"Older",-6.63541666666667
"4446","697612","resources/real_fg_memory_images/orig7.jpg","Scam","real",19,1,"Older",-6.63541666666667
"4447","697612","resources/real_fg_memory_images/orig8.jpg","Scam","real",19,1,"Older",-6.63541666666667
"4448","697612","resources/real_fg_memory_images/fg29.jpg","Scam","artificial",19,1,"Older",-6.63541666666667
"4449","697612","resources/real_fg_memory_images/fg30.jpg","Scam","artificial",19,1,"Older",-6.63541666666667
"4450","697612","resources/real_fg_memory_images/fg21.jpg","Neutral","artificial",19,1,"Older",-6.63541666666667
"4451","697612","resources/real_fg_memory_images/orig9.jpg","Scam","real",19,1,"Older",-6.63541666666667
"4452","697612","resources/real_fg_memory_images/fg20.jpg","Neutral","artificial",19,1,"Older",-6.63541666666667
"4453","697612","resources/real_fg_memory_images/orig3.jpg","Neutral","real",19,1,"Older",-6.63541666666667
"4454","697612","resources/real_fg_memory_images/orig11.jpg","Scam","real",19,0,"Older",-6.63541666666667
"4455","697612","resources/real_fg_memory_images/fg28.jpg","Scam","artificial",19,1,"Older",-6.63541666666667
"4456","697612","resources/real_fg_memory_images/orig12.jpg","Scam","real",19,1,"Older",-6.63541666666667
"4457","697612","resources/real_fg_memory_images/fg26.jpg","Scam","artificial",19,1,"Older",-6.63541666666667
"4458","697612","resources/real_fg_memory_images/orig5.jpg","Neutral","real",19,1,"Older",-6.63541666666667
"4459","697612","resources/real_fg_memory_images/fg25.jpg","Scam","artificial",19,1,"Older",-6.63541666666667
"4460","697612","resources/real_fg_memory_images/fg27.jpg","Scam","artificial",19,1,"Older",-6.63541666666667
"4461","697612","resources/real_fg_memory_images/fg19.jpg","Neutral","artificial",19,1,"Older",-6.63541666666667
"4462","697612","resources/real_fg_memory_images/orig2.jpg","Neutral","real",19,1,"Older",-6.63541666666667
"4463","697612","resources/real_fg_memory_images/orig4.jpg","Neutral","real",19,1,"Older",-6.63541666666667
"4464","697612","resources/real_fg_memory_images/fg24.jpg","Neutral","artificial",19,1,"Older",-6.63541666666667
"4465","730953","resources/real_fg_memory_images/orig1.jpg","Neutral","real",27,1,"Older",1.36458333333333
"4466","730953","resources/real_fg_memory_images/orig3.jpg","Neutral","real",27,1,"Older",1.36458333333333
"4467","730953","resources/real_fg_memory_images/fg29.jpg","Scam","artificial",27,1,"Older",1.36458333333333
"4468","730953","resources/real_fg_memory_images/orig8.jpg","Scam","real",27,1,"Older",1.36458333333333
"4469","730953","resources/real_fg_memory_images/fg20.jpg","Neutral","artificial",27,0,"Older",1.36458333333333
"4470","730953","resources/real_fg_memory_images/orig2.jpg","Neutral","real",27,1,"Older",1.36458333333333
"4471","730953","resources/real_fg_memory_images/orig6.jpg","Neutral","real",27,1,"Older",1.36458333333333
"4472","730953","resources/real_fg_memory_images/fg21.jpg","Neutral","artificial",27,0,"Older",1.36458333333333
"4473","730953","resources/real_fg_memory_images/orig5.jpg","Neutral","real",27,1,"Older",1.36458333333333
"4474","730953","resources/real_fg_memory_images/fg23.jpg","Neutral","artificial",27,0,"Older",1.36458333333333
"4475","730953","resources/real_fg_memory_images/fg25.jpg","Scam","artificial",27,0,"Older",1.36458333333333
"4476","730953","resources/real_fg_memory_images/fg19.jpg","Neutral","artificial",27,0,"Older",1.36458333333333
"4477","730953","resources/real_fg_memory_images/fg30.jpg","Scam","artificial",27,1,"Older",1.36458333333333
"4478","730953","resources/real_fg_memory_images/fg28.jpg","Scam","artificial",27,1,"Older",1.36458333333333
"4479","730953","resources/real_fg_memory_images/orig11.jpg","Scam","real",27,1,"Older",1.36458333333333
"4480","730953","resources/real_fg_memory_images/fg26.jpg","Scam","artificial",27,1,"Older",1.36458333333333
"4481","730953","resources/real_fg_memory_images/fg27.jpg","Scam","artificial",27,0,"Older",1.36458333333333
"4482","730953","resources/real_fg_memory_images/fg22.jpg","Neutral","artificial",27,1,"Older",1.36458333333333
"4483","730953","resources/real_fg_memory_images/orig10.jpg","Scam","real",27,1,"Older",1.36458333333333
"4484","730953","resources/real_fg_memory_images/orig9.jpg","Scam","real",27,1,"Older",1.36458333333333
"4485","730953","resources/real_fg_memory_images/orig12.jpg","Scam","real",27,1,"Older",1.36458333333333
"4486","730953","resources/real_fg_memory_images/fg24.jpg","Neutral","artificial",27,0,"Older",1.36458333333333
"4487","730953","resources/real_fg_memory_images/orig4.jpg","Neutral","real",27,0,"Older",1.36458333333333
"4488","730953","resources/real_fg_memory_images/orig7.jpg","Scam","real",27,0,"Older",1.36458333333333
"4489","800151","resources/real_fg_memory_images/orig1.jpg","Neutral","real",23,1,"Older",-2.63541666666667
"4490","800151","resources/real_fg_memory_images/orig4.jpg","Neutral","real",23,1,"Older",-2.63541666666667
"4491","800151","resources/real_fg_memory_images/fg28.jpg","Scam","artificial",23,0,"Older",-2.63541666666667
"4492","800151","resources/real_fg_memory_images/orig5.jpg","Neutral","real",23,0,"Older",-2.63541666666667
"4493","800151","resources/real_fg_memory_images/orig12.jpg","Scam","real",23,0,"Older",-2.63541666666667
"4494","800151","resources/real_fg_memory_images/fg21.jpg","Neutral","artificial",23,1,"Older",-2.63541666666667
"4495","800151","resources/real_fg_memory_images/fg29.jpg","Scam","artificial",23,1,"Older",-2.63541666666667
"4496","800151","resources/real_fg_memory_images/fg25.jpg","Scam","artificial",23,0,"Older",-2.63541666666667
"4497","800151","resources/real_fg_memory_images/fg22.jpg","Neutral","artificial",23,1,"Older",-2.63541666666667
"4498","800151","resources/real_fg_memory_images/orig2.jpg","Neutral","real",23,1,"Older",-2.63541666666667
"4499","800151","resources/real_fg_memory_images/orig9.jpg","Scam","real",23,1,"Older",-2.63541666666667
"4500","800151","resources/real_fg_memory_images/fg30.jpg","Scam","artificial",23,1,"Older",-2.63541666666667
"4501","800151","resources/real_fg_memory_images/fg27.jpg","Scam","artificial",23,0,"Older",-2.63541666666667
"4502","800151","resources/real_fg_memory_images/orig6.jpg","Neutral","real",23,1,"Older",-2.63541666666667
"4503","800151","resources/real_fg_memory_images/orig7.jpg","Scam","real",23,1,"Older",-2.63541666666667
"4504","800151","resources/real_fg_memory_images/orig3.jpg","Neutral","real",23,0,"Older",-2.63541666666667
"4505","800151","resources/real_fg_memory_images/orig10.jpg","Scam","real",23,0,"Older",-2.63541666666667
"4506","800151","resources/real_fg_memory_images/fg26.jpg","Scam","artificial",23,1,"Older",-2.63541666666667
"4507","800151","resources/real_fg_memory_images/fg24.jpg","Neutral","artificial",23,1,"Older",-2.63541666666667
"4508","800151","resources/real_fg_memory_images/fg23.jpg","Neutral","artificial",23,0,"Older",-2.63541666666667
"4509","800151","resources/real_fg_memory_images/orig11.jpg","Scam","real",23,0,"Older",-2.63541666666667
"4510","800151","resources/real_fg_memory_images/fg20.jpg","Neutral","artificial",23,0,"Older",-2.63541666666667
"4511","800151","resources/real_fg_memory_images/fg19.jpg","Neutral","artificial",23,1,"Older",-2.63541666666667
"4512","800151","resources/real_fg_memory_images/orig8.jpg","Scam","real",23,1,"Older",-2.63541666666667
"4513","864828","resources/real_fg_memory_images/orig5.jpg","Neutral","real",21,0,"Older",-4.63541666666667
"4514","864828","resources/real_fg_memory_images/orig12.jpg","Scam","real",21,0,"Older",-4.63541666666667
"4515","864828","resources/real_fg_memory_images/orig4.jpg","Neutral","real",21,0,"Older",-4.63541666666667
"4516","864828","resources/real_fg_memory_images/fg25.jpg","Scam","artificial",21,1,"Older",-4.63541666666667
"4517","864828","resources/real_fg_memory_images/fg30.jpg","Scam","artificial",21,0,"Older",-4.63541666666667
"4518","864828","resources/real_fg_memory_images/fg24.jpg","Neutral","artificial",21,0,"Older",-4.63541666666667
"4519","864828","resources/real_fg_memory_images/fg23.jpg","Neutral","artificial",21,0,"Older",-4.63541666666667
"4520","864828","resources/real_fg_memory_images/orig10.jpg","Scam","real",21,1,"Older",-4.63541666666667
"4521","864828","resources/real_fg_memory_images/orig1.jpg","Neutral","real",21,0,"Older",-4.63541666666667
"4522","864828","resources/real_fg_memory_images/orig9.jpg","Scam","real",21,1,"Older",-4.63541666666667
"4523","864828","resources/real_fg_memory_images/fg27.jpg","Scam","artificial",21,1,"Older",-4.63541666666667
"4524","864828","resources/real_fg_memory_images/fg22.jpg","Neutral","artificial",21,1,"Older",-4.63541666666667
"4525","864828","resources/real_fg_memory_images/fg19.jpg","Neutral","artificial",21,1,"Older",-4.63541666666667
"4526","864828","resources/real_fg_memory_images/orig11.jpg","Scam","real",21,1,"Older",-4.63541666666667
"4527","864828","resources/real_fg_memory_images/orig8.jpg","Scam","real",21,1,"Older",-4.63541666666667
"4528","864828","resources/real_fg_memory_images/orig2.jpg","Neutral","real",21,0,"Older",-4.63541666666667
"4529","864828","resources/real_fg_memory_images/fg20.jpg","Neutral","artificial",21,0,"Older",-4.63541666666667
"4530","864828","resources/real_fg_memory_images/orig7.jpg","Scam","real",21,1,"Older",-4.63541666666667
"4531","864828","resources/real_fg_memory_images/fg21.jpg","Neutral","artificial",21,0,"Older",-4.63541666666667
"4532","864828","resources/real_fg_memory_images/fg26.jpg","Scam","artificial",21,1,"Older",-4.63541666666667
"4533","864828","resources/real_fg_memory_images/fg28.jpg","Scam","artificial",21,0,"Older",-4.63541666666667
"4534","864828","resources/real_fg_memory_images/orig3.jpg","Neutral","real",21,0,"Older",-4.63541666666667
"4535","864828","resources/real_fg_memory_images/orig6.jpg","Neutral","real",21,0,"Older",-4.63541666666667
"4536","864828","resources/real_fg_memory_images/fg29.jpg","Scam","artificial",21,1,"Older",-4.63541666666667
"4537","883897","resources/real_fg_memory_images/orig12.jpg","Scam","real",23,1,"Older",-2.63541666666667
"4538","883897","resources/real_fg_memory_images/fg23.jpg","Neutral","artificial",23,0,"Older",-2.63541666666667
"4539","883897","resources/real_fg_memory_images/fg24.jpg","Neutral","artificial",23,0,"Older",-2.63541666666667
"4540","883897","resources/real_fg_memory_images/orig2.jpg","Neutral","real",23,1,"Older",-2.63541666666667
"4541","883897","resources/real_fg_memory_images/orig10.jpg","Scam","real",23,1,"Older",-2.63541666666667
"4542","883897","resources/real_fg_memory_images/orig6.jpg","Neutral","real",23,1,"Older",-2.63541666666667
"4543","883897","resources/real_fg_memory_images/fg29.jpg","Scam","artificial",23,1,"Older",-2.63541666666667
"4544","883897","resources/real_fg_memory_images/orig3.jpg","Neutral","real",23,0,"Older",-2.63541666666667
"4545","883897","resources/real_fg_memory_images/orig8.jpg","Scam","real",23,0,"Older",-2.63541666666667
"4546","883897","resources/real_fg_memory_images/fg26.jpg","Scam","artificial",23,1,"Older",-2.63541666666667
"4547","883897","resources/real_fg_memory_images/fg27.jpg","Scam","artificial",23,0,"Older",-2.63541666666667
"4548","883897","resources/real_fg_memory_images/orig11.jpg","Scam","real",23,0,"Older",-2.63541666666667
"4549","883897","resources/real_fg_memory_images/orig9.jpg","Scam","real",23,0,"Older",-2.63541666666667
"4550","883897","resources/real_fg_memory_images/fg19.jpg","Neutral","artificial",23,0,"Older",-2.63541666666667
"4551","883897","resources/real_fg_memory_images/orig7.jpg","Scam","real",23,1,"Older",-2.63541666666667
"4552","883897","resources/real_fg_memory_images/orig1.jpg","Neutral","real",23,1,"Older",-2.63541666666667
"4553","883897","resources/real_fg_memory_images/orig4.jpg","Neutral","real",23,1,"Older",-2.63541666666667
"4554","883897","resources/real_fg_memory_images/fg30.jpg","Scam","artificial",23,0,"Older",-2.63541666666667
"4555","883897","resources/real_fg_memory_images/fg25.jpg","Scam","artificial",23,0,"Older",-2.63541666666667
"4556","883897","resources/real_fg_memory_images/orig5.jpg","Neutral","real",23,1,"Older",-2.63541666666667
"4557","883897","resources/real_fg_memory_images/fg21.jpg","Neutral","artificial",23,1,"Older",-2.63541666666667
"4558","883897","resources/real_fg_memory_images/fg22.jpg","Neutral","artificial",23,0,"Older",-2.63541666666667
"4559","883897","resources/real_fg_memory_images/fg28.jpg","Scam","artificial",23,1,"Older",-2.63541666666667
"4560","883897","resources/real_fg_memory_images/fg20.jpg","Neutral","artificial",23,0,"Older",-2.63541666666667
"4561","974705","resources/real_fg_memory_images/orig7.jpg","Scam","real",25,0,"Older",-0.635416666666668
"4562","974705","resources/real_fg_memory_images/orig11.jpg","Scam","real",25,0,"Older",-0.635416666666668
"4563","974705","resources/real_fg_memory_images/fg28.jpg","Scam","artificial",25,0,"Older",-0.635416666666668
"4564","974705","resources/real_fg_memory_images/fg23.jpg","Neutral","artificial",25,0,"Older",-0.635416666666668
"4565","974705","resources/real_fg_memory_images/orig10.jpg","Scam","real",25,0,"Older",-0.635416666666668
"4566","974705","resources/real_fg_memory_images/fg21.jpg","Neutral","artificial",25,0,"Older",-0.635416666666668
"4567","974705","resources/real_fg_memory_images/orig3.jpg","Neutral","real",25,0,"Older",-0.635416666666668
"4568","974705","resources/real_fg_memory_images/orig5.jpg","Neutral","real",25,0,"Older",-0.635416666666668
"4569","974705","resources/real_fg_memory_images/fg29.jpg","Scam","artificial",25,1,"Older",-0.635416666666668
"4570","974705","resources/real_fg_memory_images/fg26.jpg","Scam","artificial",25,0,"Older",-0.635416666666668
"4571","974705","resources/real_fg_memory_images/orig12.jpg","Scam","real",25,0,"Older",-0.635416666666668
"4572","974705","resources/real_fg_memory_images/fg24.jpg","Neutral","artificial",25,1,"Older",-0.635416666666668
"4573","974705","resources/real_fg_memory_images/fg27.jpg","Scam","artificial",25,1,"Older",-0.635416666666668
"4574","974705","resources/real_fg_memory_images/fg25.jpg","Scam","artificial",25,0,"Older",-0.635416666666668
"4575","974705","resources/real_fg_memory_images/fg22.jpg","Neutral","artificial",25,1,"Older",-0.635416666666668
"4576","974705","resources/real_fg_memory_images/fg20.jpg","Neutral","artificial",25,0,"Older",-0.635416666666668
"4577","974705","resources/real_fg_memory_images/orig8.jpg","Scam","real",25,1,"Older",-0.635416666666668
"4578","974705","resources/real_fg_memory_images/fg19.jpg","Neutral","artificial",25,0,"Older",-0.635416666666668
"4579","974705","resources/real_fg_memory_images/orig4.jpg","Neutral","real",25,1,"Older",-0.635416666666668
"4580","974705","resources/real_fg_memory_images/orig6.jpg","Neutral","real",25,1,"Older",-0.635416666666668
"4581","974705","resources/real_fg_memory_images/orig2.jpg","Neutral","real",25,1,"Older",-0.635416666666668
"4582","974705","resources/real_fg_memory_images/orig1.jpg","Neutral","real",25,0,"Older",-0.635416666666668
"4583","974705","resources/real_fg_memory_images/fg30.jpg","Scam","artificial",25,0,"Older",-0.635416666666668
"4584","974705","resources/real_fg_memory_images/orig9.jpg","Scam","real",25,1,"Older",-0.635416666666668
"4585","983001","resources/real_fg_memory_images/orig1.jpg","Neutral","real",31,1,"Older",5.36458333333333
"4586","983001","resources/real_fg_memory_images/fg20.jpg","Neutral","artificial",31,1,"Older",5.36458333333333
"4587","983001","resources/real_fg_memory_images/orig4.jpg","Neutral","real",31,1,"Older",5.36458333333333
"4588","983001","resources/real_fg_memory_images/fg22.jpg","Neutral","artificial",31,0,"Older",5.36458333333333
"4589","983001","resources/real_fg_memory_images/orig8.jpg","Scam","real",31,1,"Older",5.36458333333333
"4590","983001","resources/real_fg_memory_images/orig6.jpg","Neutral","real",31,1,"Older",5.36458333333333
"4591","983001","resources/real_fg_memory_images/orig11.jpg","Scam","real",31,1,"Older",5.36458333333333
"4592","983001","resources/real_fg_memory_images/orig7.jpg","Scam","real",31,1,"Older",5.36458333333333
"4593","983001","resources/real_fg_memory_images/fg29.jpg","Scam","artificial",31,1,"Older",5.36458333333333
"4594","983001","resources/real_fg_memory_images/fg28.jpg","Scam","artificial",31,1,"Older",5.36458333333333
"4595","983001","resources/real_fg_memory_images/fg26.jpg","Scam","artificial",31,1,"Older",5.36458333333333
"4596","983001","resources/real_fg_memory_images/fg27.jpg","Scam","artificial",31,1,"Older",5.36458333333333
"4597","983001","resources/real_fg_memory_images/orig2.jpg","Neutral","real",31,1,"Older",5.36458333333333
"4598","983001","resources/real_fg_memory_images/orig9.jpg","Scam","real",31,0,"Older",5.36458333333333
"4599","983001","resources/real_fg_memory_images/orig12.jpg","Scam","real",31,0,"Older",5.36458333333333
"4600","983001","resources/real_fg_memory_images/fg25.jpg","Scam","artificial",31,0,"Older",5.36458333333333
"4601","983001","resources/real_fg_memory_images/fg19.jpg","Neutral","artificial",31,1,"Older",5.36458333333333
"4602","983001","resources/real_fg_memory_images/fg24.jpg","Neutral","artificial",31,1,"Older",5.36458333333333
"4603","983001","resources/real_fg_memory_images/fg23.jpg","Neutral","artificial",31,1,"Older",5.36458333333333
"4604","983001","resources/real_fg_memory_images/fg30.jpg","Scam","artificial",31,0,"Older",5.36458333333333
"4605","983001","resources/real_fg_memory_images/orig10.jpg","Scam","real",31,1,"Older",5.36458333333333
"4606","983001","resources/real_fg_memory_images/fg21.jpg","Neutral","artificial",31,0,"Older",5.36458333333333
"4607","983001","resources/real_fg_memory_images/orig3.jpg","Neutral","real",31,0,"Older",5.36458333333333
"4608","983001","resources/real_fg_memory_images/orig5.jpg","Neutral","real",31,1,"Older",5.36458333333333
