"","participant","textbox_comp.text","figure2","Type","type","label2","button_selections_test","textbox_comp_2.text","slider1.response","ss_question","Gender","textboxAge.text"
"1","011780",NA,NA,NA,NA,NA,NA,NA,NA,NA,NA,NA
"2","011780",NA,NA,NA,NA,NA,NA,NA,NA,NA,NA,NA
"3","011780",NA,NA,NA,NA,NA,NA,NA,NA,NA,NA,NA
"4","011780",NA,NA,NA,NA,NA,NA,NA,NA,NA,NA,NA
"5","011780",3,"resources/real_fg_memory_images/orig8.jpg","real",NA,NA,NA,NA,NA,NA,NA,NA
"6","011780",3,"resources/real_fg_memory_images/fg19.jpg","artificial",NA,NA,NA,NA,NA,NA,NA,NA
"7","011780",4,"resources/real_fg_memory_images/fg30.jpg","artificial",NA,NA,NA,NA,NA,NA,NA,NA
"8","011780",3,"resources/real_fg_memory_images/fg20.jpg","artificial",NA,NA,NA,NA,NA,NA,NA,NA
"9","011780",2,"resources/real_fg_memory_images/orig17.jpg","real",NA,NA,NA,NA,NA,NA,NA,NA
"10","011780",3,"resources/real_fg_memory_images/orig6.jpg","real",NA,NA,NA,NA,NA,NA,NA,NA
"11","011780",4,"resources/real_fg_memory_images/fg31.jpg","artificial",NA,NA,NA,NA,NA,NA,NA,NA
"12","011780",5,"resources/real_fg_memory_images/orig18.jpg","real",NA,NA,NA,NA,NA,NA,NA,NA
"13","011780",4,"resources/real_fg_memory_images/orig3.jpg","real",NA,NA,NA,NA,NA,NA,NA,NA
"14","011780",3,"resources/real_fg_memory_images/fg26.jpg","artificial",NA,NA,NA,NA,NA,NA,NA,NA
"15","011780",4,"resources/real_fg_memory_images/orig15.jpg","real",NA,NA,NA,NA,NA,NA,NA,NA
"16","011780",2,"resources/real_fg_memory_images/fg23.jpg","artificial",NA,NA,NA,NA,NA,NA,NA,NA
"17","011780",4,"resources/real_fg_memory_images/orig16.jpg","real",NA,NA,NA,NA,NA,NA,NA,NA
"18","011780",5,"resources/real_fg_memory_images/orig4.jpg","real",NA,NA,NA,NA,NA,NA,NA,NA
"19","011780",6,"resources/real_fg_memory_images/fg36.jpg","artificial",NA,NA,NA,NA,NA,NA,NA,NA
"20","011780",5,"resources/real_fg_memory_images/fg27.jpg","artificial",NA,NA,NA,NA,NA,NA,NA,NA
"21","011780",4,"resources/real_fg_memory_images/orig5.jpg","real",NA,NA,NA,NA,NA,NA,NA,NA
"22","011780",4,"resources/real_fg_memory_images/fg29.jpg","artificial",NA,NA,NA,NA,NA,NA,NA,NA
"23","011780",5,"resources/real_fg_memory_images/orig12.jpg","real",NA,NA,NA,NA,NA,NA,NA,NA
"24","011780",3,"resources/real_fg_memory_images/orig7.jpg","real",NA,NA,NA,NA,NA,NA,NA,NA
"25","011780",2,"resources/real_fg_memory_images/fg35.jpg","artificial",NA,NA,NA,NA,NA,NA,NA,NA
"26","011780",3,"resources/real_fg_memory_images/fg34.jpg","artificial",NA,NA,NA,NA,NA,NA,NA,NA
"27","011780",5,"resources/real_fg_memory_images/orig2.jpg","real",NA,NA,NA,NA,NA,NA,NA,NA
"28","011780",3,"resources/real_fg_memory_images/orig10.jpg","real",NA,NA,NA,NA,NA,NA,NA,NA
"29","011780",4,"resources/real_fg_memory_images/orig11.jpg","real",NA,NA,NA,NA,NA,NA,NA,NA
"30","011780",5,"resources/real_fg_memory_images/orig13.jpg","real",NA,NA,NA,NA,NA,NA,NA,NA
"31","011780",3,"resources/real_fg_memory_images/orig14.jpg","real",NA,NA,NA,NA,NA,NA,NA,NA
"32","011780",2,"resources/real_fg_memory_images/fg32.jpg","artificial",NA,NA,NA,NA,NA,NA,NA,NA
"33","011780",4,"resources/real_fg_memory_images/fg24.jpg","artificial",NA,NA,NA,NA,NA,NA,NA,NA
"34","011780",3,"resources/real_fg_memory_images/orig1.jpg","real",NA,NA,NA,NA,NA,NA,NA,NA
"35","011780",3,"resources/real_fg_memory_images/orig9.jpg","real",NA,NA,NA,NA,NA,NA,NA,NA
"36","011780",6,"resources/real_fg_memory_images/fg28.jpg","artificial",NA,NA,NA,NA,NA,NA,NA,NA
"37","011780",3,"resources/real_fg_memory_images/fg22.jpg","artificial",NA,NA,NA,NA,NA,NA,NA,NA
"38","011780",4,"resources/real_fg_memory_images/fg33.jpg","artificial",NA,NA,NA,NA,NA,NA,NA,NA
"39","011780",3,"resources/real_fg_memory_images/fg21.jpg","artificial",NA,NA,NA,NA,NA,NA,NA,NA
"40","011780",2,"resources/real_fg_memory_images/fg25.jpg","artificial",NA,NA,NA,NA,NA,NA,NA,NA
"41","011780",NA,NA,NA,NA,NA,NA,NA,NA,NA,NA,NA
"42","011780",NA,"resources/real_fg_memory_images/orig4.jpg",NA,"real","Neutral",NA,NA,NA,NA,NA,NA
"43","011780",NA,"resources/real_fg_memory_images/fg27.jpg",NA,"artificial","Scam",NA,NA,NA,NA,NA,NA
"44","011780",NA,"resources/real_fg_memory_images/orig11.jpg",NA,"real","Scam",NA,NA,NA,NA,NA,NA
"45","011780",NA,"resources/real_fg_memory_images/fg19.jpg",NA,"artificial","Neutral",NA,NA,NA,NA,NA,NA
"46","011780",NA,"resources/real_fg_memory_images/orig1.jpg",NA,"real","Neurtal",NA,NA,NA,NA,NA,NA
"47","011780",NA,"resources/real_fg_memory_images/orig12.jpg",NA,"real","Scam",NA,NA,NA,NA,NA,NA
"48","011780",NA,"resources/real_fg_memory_images/fg25.jpg",NA,"artificial","Scam",NA,NA,NA,NA,NA,NA
"49","011780",NA,"resources/real_fg_memory_images/fg24.jpg",NA,"artificial","Neutral",NA,NA,NA,NA,NA,NA
"50","011780",NA,"resources/real_fg_memory_images/fg29.jpg",NA,"artificial","Scam",NA,NA,NA,NA,NA,NA
"51","011780",NA,"resources/real_fg_memory_images/orig2.jpg",NA,"real","Neutral",NA,NA,NA,NA,NA,NA
"52","011780",NA,"resources/real_fg_memory_images/orig5.jpg",NA,"real","Neutral",NA,NA,NA,NA,NA,NA
"53","011780",NA,"resources/real_fg_memory_images/fg28.jpg",NA,"artificial","Scam",NA,NA,NA,NA,NA,NA
"54","011780",NA,"resources/real_fg_memory_images/fg21.jpg",NA,"artificial","Neutral",NA,NA,NA,NA,NA,NA
"55","011780",NA,"resources/real_fg_memory_images/fg23.jpg",NA,"artificial","Neutral",NA,NA,NA,NA,NA,NA
"56","011780",NA,"resources/real_fg_memory_images/fg30.jpg",NA,"artificial","Scam",NA,NA,NA,NA,NA,NA
"57","011780",NA,"resources/real_fg_memory_images/orig8.jpg",NA,"real","Scam",NA,NA,NA,NA,NA,NA
"58","011780",NA,"resources/real_fg_memory_images/fg20.jpg",NA,"artificial","Neutral",NA,NA,NA,NA,NA,NA
"59","011780",NA,"resources/real_fg_memory_images/orig6.jpg",NA,"real","Neutral",NA,NA,NA,NA,NA,NA
"60","011780",NA,"resources/real_fg_memory_images/orig9.jpg",NA,"real","Scam",NA,NA,NA,NA,NA,NA
"61","011780",NA,"resources/real_fg_memory_images/orig3.jpg",NA,"real","Neutral",NA,NA,NA,NA,NA,NA
"62","011780",NA,"resources/real_fg_memory_images/orig10.jpg",NA,"real","Scam",NA,NA,NA,NA,NA,NA
"63","011780",NA,"resources/real_fg_memory_images/orig7.jpg",NA,"real","Scam",NA,NA,NA,NA,NA,NA
"64","011780",NA,"resources/real_fg_memory_images/fg22.jpg",NA,"artificial","Neutral",NA,NA,NA,NA,NA,NA
"65","011780",NA,"resources/real_fg_memory_images/fg26.jpg",NA,"artificial","Scam",NA,NA,NA,NA,NA,NA
"66","011780",NA,NA,NA,NA,NA,NA,NA,NA,NA,NA,NA
"67","011780",NA,"resources/real_fg_memory_images/fg24.jpg",NA,"artificial","Neutral","[""neutral_button""]","4",NA,NA,NA,NA
"68","011780",NA,"resources/real_fg_memory_images/fg19.jpg",NA,"artificial","Neutral","[""scam_button""]","6",NA,NA,NA,NA
"69","011780",NA,"resources/real_fg_memory_images/orig5.jpg",NA,"real","Neutral","[""neutral_button""]","9",NA,NA,NA,NA
"70","011780",NA,"resources/real_fg_memory_images/fg21.jpg",NA,"artificial","Neutral","[""scam_button""]","6",NA,NA,NA,NA
"71","011780",NA,"resources/real_fg_memory_images/fg22.jpg",NA,"artificial","Neutral","[""neutral_button""]","3",NA,NA,NA,NA
"72","011780",NA,"resources/real_fg_memory_images/fg23.jpg",NA,"artificial","Neutral","[""scam_button""]","4",NA,NA,NA,NA
"73","011780",NA,"resources/real_fg_memory_images/fg29.jpg",NA,"artificial","Scam","[""scam_button""]","9",NA,NA,NA,NA
"74","011780",NA,"resources/real_fg_memory_images/fg25.jpg",NA,"artificial","Scam","[""neutral_button""]","4",NA,NA,NA,NA
"75","011780",NA,"resources/real_fg_memory_images/orig1.jpg",NA,"real","Neurtal","[""neutral_button""]","7",NA,NA,NA,NA
"76","011780",NA,"resources/real_fg_memory_images/fg20.jpg",NA,"artificial","Neutral","[""neutral_button""]","3",NA,NA,NA,NA
"77","011780",NA,"resources/real_fg_memory_images/orig12.jpg",NA,"real","Scam","[""neutral_button""]","4",NA,NA,NA,NA
"78","011780",NA,"resources/real_fg_memory_images/fg28.jpg",NA,"artificial","Scam","[""scam_button""]","9",NA,NA,NA,NA
"79","011780",NA,"resources/real_fg_memory_images/fg27.jpg",NA,"artificial","Scam","[""scam_button""]","8",NA,NA,NA,NA
"80","011780",NA,"resources/real_fg_memory_images/fg30.jpg",NA,"artificial","Scam","[""neutral_button""]","3",NA,NA,NA,NA
"81","011780",NA,"resources/real_fg_memory_images/orig11.jpg",NA,"real","Scam","[""scam_button""]","5",NA,NA,NA,NA
"82","011780",NA,"resources/real_fg_memory_images/orig7.jpg",NA,"real","Scam","[""neutral_button""]","3",NA,NA,NA,NA
"83","011780",NA,"resources/real_fg_memory_images/fg26.jpg",NA,"artificial","Scam","[""neutral_button""]","3",NA,NA,NA,NA
"84","011780",NA,"resources/real_fg_memory_images/orig3.jpg",NA,"real","Neutral","[""neutral_button""]","5",NA,NA,NA,NA
"85","011780",NA,"resources/real_fg_memory_images/orig8.jpg",NA,"real","Scam","[""neutral_button""]","5",NA,NA,NA,NA
"86","011780",NA,"resources/real_fg_memory_images/orig9.jpg",NA,"real","Scam","[""scam_button""]","5",NA,NA,NA,NA
"87","011780",NA,"resources/real_fg_memory_images/orig10.jpg",NA,"real","Scam","[""scam_button""]","6",NA,NA,NA,NA
"88","011780",NA,"resources/real_fg_memory_images/orig6.jpg",NA,"real","Neutral","[""neutral_button""]","7",NA,NA,NA,NA
"89","011780",NA,"resources/real_fg_memory_images/orig4.jpg",NA,"real","Neutral","[""scam_button""]","8",NA,NA,NA,NA
"90","011780",NA,"resources/real_fg_memory_images/orig2.jpg",NA,"real","Neutral","[""neutral_button""]","6",NA,NA,NA,NA
"91","011780",NA,NA,NA,NA,NA,NA,NA,NA,NA,NA,NA
"92","011780",3,"resources/real_fg_memory_images/orig2.jpg","real",NA,NA,NA,NA,NA,NA,NA,NA
"93","011780",2,"resources/real_fg_memory_images/orig8.jpg","real",NA,NA,NA,NA,NA,NA,NA,NA
"94","011780",3,"resources/real_fg_memory_images/fg20.jpg","artificial",NA,NA,NA,NA,NA,NA,NA,NA
"95","011780",3,"resources/real_fg_memory_images/orig9.jpg","real",NA,NA,NA,NA,NA,NA,NA,NA
"96","011780",2,"resources/real_fg_memory_images/fg21.jpg","artificial",NA,NA,NA,NA,NA,NA,NA,NA
"97","011780",2,"resources/real_fg_memory_images/orig3.jpg","real",NA,NA,NA,NA,NA,NA,NA,NA
"98","011780",3,"resources/real_fg_memory_images/fg19.jpg","artificial",NA,NA,NA,NA,NA,NA,NA,NA
"99","011780",3,"resources/real_fg_memory_images/orig1.jpg","real",NA,NA,NA,NA,NA,NA,NA,NA
"100","011780",2,"resources/real_fg_memory_images/orig10.jpg","real",NA,NA,NA,NA,NA,NA,NA,NA
"101","011780",3,"resources/real_fg_memory_images/fg25.jpg","artificial",NA,NA,NA,NA,NA,NA,NA,NA
"102","011780",3,"resources/real_fg_memory_images/fg31.jpg","artificial",NA,NA,NA,NA,NA,NA,NA,NA
"103","011780",4,"resources/real_fg_memory_images/fg29.jpg","artificial",NA,NA,NA,NA,NA,NA,NA,NA
"104","011780",4,"resources/real_fg_memory_images/orig7.jpg","real",NA,NA,NA,NA,NA,NA,NA,NA
"105","011780",3,"resources/real_fg_memory_images/orig13.jpg","real",NA,NA,NA,NA,NA,NA,NA,NA
"106","011780",3,"resources/real_fg_memory_images/fg26.jpg","artificial",NA,NA,NA,NA,NA,NA,NA,NA
"107","011780",3,"resources/real_fg_memory_images/fg32.jpg","artificial",NA,NA,NA,NA,NA,NA,NA,NA
"108","011780",4,"resources/real_fg_memory_images/fg23.jpg","artificial",NA,NA,NA,NA,NA,NA,NA,NA
"109","011780",3,"resources/real_fg_memory_images/fg34.jpg","artificial",NA,NA,NA,NA,NA,NA,NA,NA
"110","011780",3,"resources/real_fg_memory_images/fg36.jpg","artificial",NA,NA,NA,NA,NA,NA,NA,NA
"111","011780",5,"resources/real_fg_memory_images/orig16.jpg","real",NA,NA,NA,NA,NA,NA,NA,NA
"112","011780",4,"resources/real_fg_memory_images/orig6.jpg","real",NA,NA,NA,NA,NA,NA,NA,NA
"113","011780",5,"resources/real_fg_memory_images/orig18.jpg","real",NA,NA,NA,NA,NA,NA,NA,NA
"114","011780",3,"resources/real_fg_memory_images/fg22.jpg","artificial",NA,NA,NA,NA,NA,NA,NA,NA
"115","011780",3,"resources/real_fg_memory_images/fg27.jpg","artificial",NA,NA,NA,NA,NA,NA,NA,NA
"116","011780",3,"resources/real_fg_memory_images/orig5.jpg","real",NA,NA,NA,NA,NA,NA,NA,NA
"117","011780",3,"resources/real_fg_memory_images/fg33.jpg","artificial",NA,NA,NA,NA,NA,NA,NA,NA
"118","011780",3,"resources/real_fg_memory_images/orig4.jpg","real",NA,NA,NA,NA,NA,NA,NA,NA
"119","011780",2,"resources/real_fg_memory_images/fg35.jpg","artificial",NA,NA,NA,NA,NA,NA,NA,NA
"120","011780",3,"resources/real_fg_memory_images/fg28.jpg","artificial",NA,NA,NA,NA,NA,NA,NA,NA
"121","011780",3,"resources/real_fg_memory_images/fg30.jpg","artificial",NA,NA,NA,NA,NA,NA,NA,NA
"122","011780",2,"resources/real_fg_memory_images/fg24.jpg","artificial",NA,NA,NA,NA,NA,NA,NA,NA
"123","011780",2,"resources/real_fg_memory_images/orig17.jpg","real",NA,NA,NA,NA,NA,NA,NA,NA
"124","011780",3,"resources/real_fg_memory_images/orig15.jpg","real",NA,NA,NA,NA,NA,NA,NA,NA
"125","011780",4,"resources/real_fg_memory_images/orig14.jpg","real",NA,NA,NA,NA,NA,NA,NA,NA
"126","011780",3,"resources/real_fg_memory_images/orig12.jpg","real",NA,NA,NA,NA,NA,NA,NA,NA
"127","011780",3,"resources/real_fg_memory_images/orig11.jpg","real",NA,NA,NA,NA,NA,NA,NA,NA
"128","011780",NA,NA,NA,NA,NA,NA,NA,NA,NA,NA,NA
"129","011780",NA,NA,NA,NA,NA,NA,NA,2,"If a telemarketer calls me, I usually listen to what they have to say",NA,NA
"130","011780",NA,NA,NA,NA,NA,NA,NA,4,"Persons over the age of 65 are often targeted by con-artists",NA,NA
"131","011780",NA,NA,NA,NA,NA,NA,NA,4,"I have difficulty ending a phone call, even if the caller is a telemarketer, someone I do not know, or someone I do not wish to call me",NA,NA
"132","011780",NA,NA,NA,NA,NA,NA,NA,4,"If something sounds too good to be true, it usually is",NA,NA
"133","011780",NA,NA,NA,NA,NA,NA,NA,1,"I answer the phone whenever it rings, even if I do not know who is calling",NA,NA
"134","011780",NA,NA,NA,NA,NA,NA,NA,NA,NA,NA,NA
"135","011780",NA,NA,NA,NA,NA,NA,NA,NA,NA,"[""female_option""]",NA
"136","011780",NA,NA,NA,NA,NA,NA,NA,NA,NA,NA,20
"137","011780",NA,NA,NA,NA,NA,NA,NA,NA,NA,NA,NA
"138","011780",NA,NA,NA,NA,NA,NA,NA,NA,NA,NA,NA
"139","011780",NA,NA,NA,NA,NA,NA,NA,NA,NA,NA,NA
"140","011780",NA,NA,NA,NA,NA,NA,NA,NA,NA,NA,NA
"141","011780",NA,NA,NA,NA,NA,NA,NA,NA,NA,NA,NA
"142","011780",NA,NA,NA,NA,NA,NA,NA,NA,NA,NA,NA
"143","011780",NA,NA,NA,NA,NA,NA,NA,NA,NA,NA,NA
"144","011780",NA,NA,NA,NA,NA,NA,NA,NA,NA,NA,NA
"145","011780",NA,NA,NA,NA,NA,NA,NA,NA,NA,NA,NA
"146","011780",NA,NA,NA,NA,NA,NA,NA,NA,NA,NA,NA
"147","056351",NA,NA,NA,NA,NA,NA,NA,NA,NA,NA,NA
"148","056351",NA,NA,NA,NA,NA,NA,NA,NA,NA,NA,NA
"149","056351",NA,NA,NA,NA,NA,NA,NA,NA,NA,NA,NA
"150","056351",NA,NA,NA,NA,NA,NA,NA,NA,NA,NA,NA
"151","056351",2,"resources/real_fg_memory_images/orig15.jpg","real",NA,NA,NA,NA,NA,NA,NA,NA
"152","056351",2,"resources/real_fg_memory_images/fg19.jpg","artificial",NA,NA,NA,NA,NA,NA,NA,NA
"153","056351",4,"resources/real_fg_memory_images/orig6.jpg","real",NA,NA,NA,NA,NA,NA,NA,NA
"154","056351",2,"resources/real_fg_memory_images/orig1.jpg","real",NA,NA,NA,NA,NA,NA,NA,NA
"155","056351",3,"resources/real_fg_memory_images/fg31.jpg","artificial",NA,NA,NA,NA,NA,NA,NA,NA
"156","056351",3,"resources/real_fg_memory_images/fg22.jpg","artificial",NA,NA,NA,NA,NA,NA,NA,NA
"157","056351",2,"resources/real_fg_memory_images/fg32.jpg","artificial",NA,NA,NA,NA,NA,NA,NA,NA
"158","056351",5,"resources/real_fg_memory_images/orig16.jpg","real",NA,NA,NA,NA,NA,NA,NA,NA
"159","056351",3,"resources/real_fg_memory_images/orig5.jpg","real",NA,NA,NA,NA,NA,NA,NA,NA
"160","056351",5,"resources/real_fg_memory_images/fg30.jpg","artificial",NA,NA,NA,NA,NA,NA,NA,NA
"161","056351",3,"resources/real_fg_memory_images/orig2.jpg","real",NA,NA,NA,NA,NA,NA,NA,NA
"162","056351",2,"resources/real_fg_memory_images/fg27.jpg","artificial",NA,NA,NA,NA,NA,NA,NA,NA
"163","056351",2,"resources/real_fg_memory_images/fg35.jpg","artificial",NA,NA,NA,NA,NA,NA,NA,NA
"164","056351",5,"resources/real_fg_memory_images/fg21.jpg","artificial",NA,NA,NA,NA,NA,NA,NA,NA
"165","056351",6,"resources/real_fg_memory_images/orig10.jpg","real",NA,NA,NA,NA,NA,NA,NA,NA
"166","056351",6,"resources/real_fg_memory_images/orig3.jpg","real",NA,NA,NA,NA,NA,NA,NA,NA
"167","056351",3,"resources/real_fg_memory_images/fg33.jpg","artificial",NA,NA,NA,NA,NA,NA,NA,NA
"168","056351",3,"resources/real_fg_memory_images/fg29.jpg","artificial",NA,NA,NA,NA,NA,NA,NA,NA
"169","056351",2,"resources/real_fg_memory_images/orig13.jpg","real",NA,NA,NA,NA,NA,NA,NA,NA
"170","056351",4,"resources/real_fg_memory_images/fg36.jpg","artificial",NA,NA,NA,NA,NA,NA,NA,NA
"171","056351",4,"resources/real_fg_memory_images/fg24.jpg","artificial",NA,NA,NA,NA,NA,NA,NA,NA
"172","056351",6,"resources/real_fg_memory_images/orig18.jpg","real",NA,NA,NA,NA,NA,NA,NA,NA
"173","056351",3,"resources/real_fg_memory_images/fg20.jpg","artificial",NA,NA,NA,NA,NA,NA,NA,NA
"174","056351",2,"resources/real_fg_memory_images/orig12.jpg","real",NA,NA,NA,NA,NA,NA,NA,NA
"175","056351",3,"resources/real_fg_memory_images/orig4.jpg","real",NA,NA,NA,NA,NA,NA,NA,NA
"176","056351",2,"resources/real_fg_memory_images/fg25.jpg","artificial",NA,NA,NA,NA,NA,NA,NA,NA
"177","056351",5,"resources/real_fg_memory_images/orig14.jpg","real",NA,NA,NA,NA,NA,NA,NA,NA
"178","056351",1,"resources/real_fg_memory_images/orig8.jpg","real",NA,NA,NA,NA,NA,NA,NA,NA
"179","056351",3,"resources/real_fg_memory_images/orig9.jpg","real",NA,NA,NA,NA,NA,NA,NA,NA
"180","056351",2,"resources/real_fg_memory_images/orig7.jpg","real",NA,NA,NA,NA,NA,NA,NA,NA
"181","056351",4,"resources/real_fg_memory_images/orig11.jpg","real",NA,NA,NA,NA,NA,NA,NA,NA
"182","056351",3,"resources/real_fg_memory_images/orig17.jpg","real",NA,NA,NA,NA,NA,NA,NA,NA
"183","056351",2,"resources/real_fg_memory_images/fg26.jpg","artificial",NA,NA,NA,NA,NA,NA,NA,NA
"184","056351",4,"resources/real_fg_memory_images/fg34.jpg","artificial",NA,NA,NA,NA,NA,NA,NA,NA
"185","056351",4,"resources/real_fg_memory_images/fg23.jpg","artificial",NA,NA,NA,NA,NA,NA,NA,NA
"186","056351",3,"resources/real_fg_memory_images/fg28.jpg","artificial",NA,NA,NA,NA,NA,NA,NA,NA
"187","056351",NA,NA,NA,NA,NA,NA,NA,NA,NA,NA,NA
"188","056351",NA,"resources/real_fg_memory_images/orig7.jpg",NA,"real","Scam",NA,NA,NA,NA,NA,NA
"189","056351",NA,"resources/real_fg_memory_images/fg23.jpg",NA,"artificial","Neutral",NA,NA,NA,NA,NA,NA
"190","056351",NA,"resources/real_fg_memory_images/orig11.jpg",NA,"real","Scam",NA,NA,NA,NA,NA,NA
"191","056351",NA,"resources/real_fg_memory_images/fg20.jpg",NA,"artificial","Neutral",NA,NA,NA,NA,NA,NA
"192","056351",NA,"resources/real_fg_memory_images/fg28.jpg",NA,"artificial","Scam",NA,NA,NA,NA,NA,NA
"193","056351",NA,"resources/real_fg_memory_images/orig10.jpg",NA,"real","Scam",NA,NA,NA,NA,NA,NA
"194","056351",NA,"resources/real_fg_memory_images/fg24.jpg",NA,"artificial","Neutral",NA,NA,NA,NA,NA,NA
"195","056351",NA,"resources/real_fg_memory_images/fg29.jpg",NA,"artificial","Scam",NA,NA,NA,NA,NA,NA
"196","056351",NA,"resources/real_fg_memory_images/orig6.jpg",NA,"real","Neutral",NA,NA,NA,NA,NA,NA
"197","056351",NA,"resources/real_fg_memory_images/fg19.jpg",NA,"artificial","Neutral",NA,NA,NA,NA,NA,NA
"198","056351",NA,"resources/real_fg_memory_images/orig12.jpg",NA,"real","Scam",NA,NA,NA,NA,NA,NA
"199","056351",NA,"resources/real_fg_memory_images/fg22.jpg",NA,"artificial","Neutral",NA,NA,NA,NA,NA,NA
"200","056351",NA,"resources/real_fg_memory_images/fg26.jpg",NA,"artificial","Scam",NA,NA,NA,NA,NA,NA
"201","056351",NA,"resources/real_fg_memory_images/fg25.jpg",NA,"artificial","Scam",NA,NA,NA,NA,NA,NA
"202","056351",NA,"resources/real_fg_memory_images/orig2.jpg",NA,"real","Neutral",NA,NA,NA,NA,NA,NA
"203","056351",NA,"resources/real_fg_memory_images/orig3.jpg",NA,"real","Neutral",NA,NA,NA,NA,NA,NA
"204","056351",NA,"resources/real_fg_memory_images/orig4.jpg",NA,"real","Neutral",NA,NA,NA,NA,NA,NA
"205","056351",NA,"resources/real_fg_memory_images/orig8.jpg",NA,"real","Scam",NA,NA,NA,NA,NA,NA
"206","056351",NA,"resources/real_fg_memory_images/orig9.jpg",NA,"real","Scam",NA,NA,NA,NA,NA,NA
"207","056351",NA,"resources/real_fg_memory_images/fg21.jpg",NA,"artificial","Neutral",NA,NA,NA,NA,NA,NA
"208","056351",NA,"resources/real_fg_memory_images/fg30.jpg",NA,"artificial","Scam",NA,NA,NA,NA,NA,NA
"209","056351",NA,"resources/real_fg_memory_images/orig5.jpg",NA,"real","Neutral",NA,NA,NA,NA,NA,NA
"210","056351",NA,"resources/real_fg_memory_images/orig1.jpg",NA,"real","Neurtal",NA,NA,NA,NA,NA,NA
"211","056351",NA,"resources/real_fg_memory_images/fg27.jpg",NA,"artificial","Scam",NA,NA,NA,NA,NA,NA
"212","056351",NA,NA,NA,NA,NA,NA,NA,NA,NA,NA,NA
"213","056351",NA,"resources/real_fg_memory_images/fg27.jpg",NA,"artificial","Scam","[""scam_button""]","7",NA,NA,NA,NA
"214","056351",NA,"resources/real_fg_memory_images/fg21.jpg",NA,"artificial","Neutral","[""neutral_button""]","0",NA,NA,NA,NA
"215","056351",NA,"resources/real_fg_memory_images/orig11.jpg",NA,"real","Scam","[""neutral_button""]","0",NA,NA,NA,NA
"216","056351",NA,"resources/real_fg_memory_images/orig4.jpg",NA,"real","Neutral","[""neutral_button""]","8",NA,NA,NA,NA
"217","056351",NA,"resources/real_fg_memory_images/fg30.jpg",NA,"artificial","Scam","[""scam_button""]","5",NA,NA,NA,NA
"218","056351",NA,"resources/real_fg_memory_images/orig1.jpg",NA,"real","Neurtal","[""neutral_button""]","6",NA,NA,NA,NA
"219","056351",NA,"resources/real_fg_memory_images/fg28.jpg",NA,"artificial","Scam","[""scam_button""]","8",NA,NA,NA,NA
"220","056351",NA,"resources/real_fg_memory_images/orig10.jpg",NA,"real","Scam","[""neutral_button""]","2",NA,NA,NA,NA
"221","056351",NA,"resources/real_fg_memory_images/orig8.jpg",NA,"real","Scam","[""scam_button""]","10",NA,NA,NA,NA
"222","056351",NA,"resources/real_fg_memory_images/orig6.jpg",NA,"real","Neutral","[""neutral_button""]","0",NA,NA,NA,NA
"223","056351",NA,"resources/real_fg_memory_images/orig9.jpg",NA,"real","Scam","[""neutral_button""]","0",NA,NA,NA,NA
"224","056351",NA,"resources/real_fg_memory_images/fg20.jpg",NA,"artificial","Neutral","[""scam_button""]","0",NA,NA,NA,NA
"225","056351",NA,"resources/real_fg_memory_images/orig5.jpg",NA,"real","Neutral","[""scam_button""]","0",NA,NA,NA,NA
"226","056351",NA,"resources/real_fg_memory_images/fg19.jpg",NA,"artificial","Neutral","[""scam_button""]","0",NA,NA,NA,NA
"227","056351",NA,"resources/real_fg_memory_images/orig12.jpg",NA,"real","Scam","[""scam_button""]","3",NA,NA,NA,NA
"228","056351",NA,"resources/real_fg_memory_images/orig7.jpg",NA,"real","Scam","[""scam_button""]","10",NA,NA,NA,NA
"229","056351",NA,"resources/real_fg_memory_images/fg24.jpg",NA,"artificial","Neutral","[""scam_button""]","0",NA,NA,NA,NA
"230","056351",NA,"resources/real_fg_memory_images/orig3.jpg",NA,"real","Neutral","[""neutral_button""]","10",NA,NA,NA,NA
"231","056351",NA,"resources/real_fg_memory_images/fg22.jpg",NA,"artificial","Neutral","[""neutral_button""]","8",NA,NA,NA,NA
"232","056351",NA,"resources/real_fg_memory_images/fg26.jpg",NA,"artificial","Scam","[""neutral_button""]","3",NA,NA,NA,NA
"233","056351",NA,"resources/real_fg_memory_images/orig2.jpg",NA,"real","Neutral","[""neutral_button""]","4",NA,NA,NA,NA
"234","056351",NA,"resources/real_fg_memory_images/fg25.jpg",NA,"artificial","Scam","[""scam_button""]","2",NA,NA,NA,NA
"235","056351",NA,"resources/real_fg_memory_images/fg23.jpg",NA,"artificial","Neutral","[""neutral_button""]","2",NA,NA,NA,NA
"236","056351",NA,"resources/real_fg_memory_images/fg29.jpg",NA,"artificial","Scam","[""neutral_button""]","4",NA,NA,NA,NA
"237","056351",NA,NA,NA,NA,NA,NA,NA,NA,NA,NA,NA
"238","056351",3,"resources/real_fg_memory_images/orig6.jpg","real",NA,NA,NA,NA,NA,NA,NA,NA
"239","056351",5,"resources/real_fg_memory_images/orig16.jpg","real",NA,NA,NA,NA,NA,NA,NA,NA
"240","056351",2,"resources/real_fg_memory_images/fg25.jpg","artificial",NA,NA,NA,NA,NA,NA,NA,NA
"241","056351",3,"resources/real_fg_memory_images/fg27.jpg","artificial",NA,NA,NA,NA,NA,NA,NA,NA
"242","056351",2,"resources/real_fg_memory_images/fg35.jpg","artificial",NA,NA,NA,NA,NA,NA,NA,NA
"243","056351",5,"resources/real_fg_memory_images/orig12.jpg","real",NA,NA,NA,NA,NA,NA,NA,NA
"244","056351",4,"resources/real_fg_memory_images/orig1.jpg","real",NA,NA,NA,NA,NA,NA,NA,NA
"245","056351",5,"resources/real_fg_memory_images/orig7.jpg","real",NA,NA,NA,NA,NA,NA,NA,NA
"246","056351",1,"resources/real_fg_memory_images/orig5.jpg","real",NA,NA,NA,NA,NA,NA,NA,NA
"247","056351",3,"resources/real_fg_memory_images/fg26.jpg","artificial",NA,NA,NA,NA,NA,NA,NA,NA
"248","056351",2,"resources/real_fg_memory_images/fg36.jpg","artificial",NA,NA,NA,NA,NA,NA,NA,NA
"249","056351",2,"resources/real_fg_memory_images/fg30.jpg","artificial",NA,NA,NA,NA,NA,NA,NA,NA
"250","056351",6,"resources/real_fg_memory_images/orig11.jpg","real",NA,NA,NA,NA,NA,NA,NA,NA
"251","056351",4,"resources/real_fg_memory_images/orig2.jpg","real",NA,NA,NA,NA,NA,NA,NA,NA
"252","056351",7,"resources/real_fg_memory_images/orig15.jpg","real",NA,NA,NA,NA,NA,NA,NA,NA
"253","056351",3,"resources/real_fg_memory_images/fg29.jpg","artificial",NA,NA,NA,NA,NA,NA,NA,NA
"254","056351",2,"resources/real_fg_memory_images/orig10.jpg","real",NA,NA,NA,NA,NA,NA,NA,NA
"255","056351",1,"resources/real_fg_memory_images/orig13.jpg","real",NA,NA,NA,NA,NA,NA,NA,NA
"256","056351",3,"resources/real_fg_memory_images/fg33.jpg","artificial",NA,NA,NA,NA,NA,NA,NA,NA
"257","056351",1,"resources/real_fg_memory_images/orig8.jpg","real",NA,NA,NA,NA,NA,NA,NA,NA
"258","056351",2,"resources/real_fg_memory_images/fg31.jpg","artificial",NA,NA,NA,NA,NA,NA,NA,NA
"259","056351",3,"resources/real_fg_memory_images/orig17.jpg","real",NA,NA,NA,NA,NA,NA,NA,NA
"260","056351",2,"resources/real_fg_memory_images/fg21.jpg","artificial",NA,NA,NA,NA,NA,NA,NA,NA
"261","056351",1,"resources/real_fg_memory_images/fg19.jpg","artificial",NA,NA,NA,NA,NA,NA,NA,NA
"262","056351",3,"resources/real_fg_memory_images/fg24.jpg","artificial",NA,NA,NA,NA,NA,NA,NA,NA
"263","056351",1,"resources/real_fg_memory_images/fg32.jpg","artificial",NA,NA,NA,NA,NA,NA,NA,NA
"264","056351",4,"resources/real_fg_memory_images/orig9.jpg","real",NA,NA,NA,NA,NA,NA,NA,NA
"265","056351",3,"resources/real_fg_memory_images/orig14.jpg","real",NA,NA,NA,NA,NA,NA,NA,NA
"266","056351",4,"resources/real_fg_memory_images/fg23.jpg","artificial",NA,NA,NA,NA,NA,NA,NA,NA
"267","056351",6,"resources/real_fg_memory_images/orig3.jpg","real",NA,NA,NA,NA,NA,NA,NA,NA
"268","056351",2,"resources/real_fg_memory_images/fg28.jpg","artificial",NA,NA,NA,NA,NA,NA,NA,NA
"269","056351",4,"resources/real_fg_memory_images/orig18.jpg","real",NA,NA,NA,NA,NA,NA,NA,NA
"270","056351",2,"resources/real_fg_memory_images/fg22.jpg","artificial",NA,NA,NA,NA,NA,NA,NA,NA
"271","056351",1,"resources/real_fg_memory_images/fg34.jpg","artificial",NA,NA,NA,NA,NA,NA,NA,NA
"272","056351",1,"resources/real_fg_memory_images/fg20.jpg","artificial",NA,NA,NA,NA,NA,NA,NA,NA
"273","056351",5,"resources/real_fg_memory_images/orig4.jpg","real",NA,NA,NA,NA,NA,NA,NA,NA
"274","056351",NA,NA,NA,NA,NA,NA,NA,NA,NA,NA,NA
"275","056351",NA,NA,NA,NA,NA,NA,NA,1,"I have difficulty ending a phone call, even if the caller is a telemarketer, someone I do not know, or someone I do not wish to call me",NA,NA
"276","056351",NA,NA,NA,NA,NA,NA,NA,5,"Persons over the age of 65 are often targeted by con-artists",NA,NA
"277","056351",NA,NA,NA,NA,NA,NA,NA,1,"I answer the phone whenever it rings, even if I do not know who is calling",NA,NA
"278","056351",NA,NA,NA,NA,NA,NA,NA,2,"If a telemarketer calls me, I usually listen to what they have to say",NA,NA
"279","056351",NA,NA,NA,NA,NA,NA,NA,4,"If something sounds too good to be true, it usually is",NA,NA
"280","056351",NA,NA,NA,NA,NA,NA,NA,NA,NA,NA,NA
"281","056351",NA,NA,NA,NA,NA,NA,NA,NA,NA,"[""female_option""]",NA
"282","056351",NA,NA,NA,NA,NA,NA,NA,NA,NA,NA,21
"283","056351",NA,NA,NA,NA,NA,NA,NA,NA,NA,NA,NA
"284","056351",NA,NA,NA,NA,NA,NA,NA,NA,NA,NA,NA
"285","056351",NA,NA,NA,NA,NA,NA,NA,NA,NA,NA,NA
"286","056351",NA,NA,NA,NA,NA,NA,NA,NA,NA,NA,NA
"287","056351",NA,NA,NA,NA,NA,NA,NA,NA,NA,NA,NA
"288","056351",NA,NA,NA,NA,NA,NA,NA,NA,NA,NA,NA
"289","056351",NA,NA,NA,NA,NA,NA,NA,NA,NA,NA,NA
"290","056351",NA,NA,NA,NA,NA,NA,NA,NA,NA,NA,NA
"291","056351",NA,NA,NA,NA,NA,NA,NA,NA,NA,NA,NA
"292","056351",NA,NA,NA,NA,NA,NA,NA,NA,NA,NA,NA
"293","104690",NA,NA,NA,NA,NA,NA,NA,NA,NA,NA,NA
"294","104690",NA,NA,NA,NA,NA,NA,NA,NA,NA,NA,NA
"295","104690",NA,NA,NA,NA,NA,NA,NA,NA,NA,NA,NA
"296","104690",NA,NA,NA,NA,NA,NA,NA,NA,NA,NA,NA
"297","104690",6,"resources/real_fg_memory_images/fg21.jpg","artificial",NA,NA,NA,NA,NA,NA,NA,NA
"298","104690",3,"resources/real_fg_memory_images/fg33.jpg","artificial",NA,NA,NA,NA,NA,NA,NA,NA
"299","104690",9,"resources/real_fg_memory_images/orig18.jpg","real",NA,NA,NA,NA,NA,NA,NA,NA
"300","104690",7,"resources/real_fg_memory_images/orig11.jpg","real",NA,NA,NA,NA,NA,NA,NA,NA
"301","104690",5,"resources/real_fg_memory_images/orig4.jpg","real",NA,NA,NA,NA,NA,NA,NA,NA
"302","104690",8,"resources/real_fg_memory_images/fg28.jpg","artificial",NA,NA,NA,NA,NA,NA,NA,NA
"303","104690",4,"resources/real_fg_memory_images/fg31.jpg","artificial",NA,NA,NA,NA,NA,NA,NA,NA
"304","104690",4,"resources/real_fg_memory_images/fg34.jpg","artificial",NA,NA,NA,NA,NA,NA,NA,NA
"305","104690",9,"resources/real_fg_memory_images/orig6.jpg","real",NA,NA,NA,NA,NA,NA,NA,NA
"306","104690",3,"resources/real_fg_memory_images/fg26.jpg","artificial",NA,NA,NA,NA,NA,NA,NA,NA
"307","104690",6,"resources/real_fg_memory_images/orig8.jpg","real",NA,NA,NA,NA,NA,NA,NA,NA
"308","104690",4,"resources/real_fg_memory_images/fg27.jpg","artificial",NA,NA,NA,NA,NA,NA,NA,NA
"309","104690",2,"resources/real_fg_memory_images/fg23.jpg","artificial",NA,NA,NA,NA,NA,NA,NA,NA
"310","104690",7,"resources/real_fg_memory_images/orig13.jpg","real",NA,NA,NA,NA,NA,NA,NA,NA
"311","104690",5,"resources/real_fg_memory_images/orig12.jpg","real",NA,NA,NA,NA,NA,NA,NA,NA
"312","104690",9,"resources/real_fg_memory_images/orig15.jpg","real",NA,NA,NA,NA,NA,NA,NA,NA
"313","104690",9,"resources/real_fg_memory_images/fg22.jpg","artificial",NA,NA,NA,NA,NA,NA,NA,NA
"314","104690",4,"resources/real_fg_memory_images/orig17.jpg","real",NA,NA,NA,NA,NA,NA,NA,NA
"315","104690",2,"resources/real_fg_memory_images/fg20.jpg","artificial",NA,NA,NA,NA,NA,NA,NA,NA
"316","104690",5,"resources/real_fg_memory_images/orig7.jpg","real",NA,NA,NA,NA,NA,NA,NA,NA
"317","104690",6,"resources/real_fg_memory_images/fg36.jpg","artificial",NA,NA,NA,NA,NA,NA,NA,NA
"318","104690",4,"resources/real_fg_memory_images/orig1.jpg","real",NA,NA,NA,NA,NA,NA,NA,NA
"319","104690",7,"resources/real_fg_memory_images/fg30.jpg","artificial",NA,NA,NA,NA,NA,NA,NA,NA
"320","104690",5,"resources/real_fg_memory_images/fg35.jpg","artificial",NA,NA,NA,NA,NA,NA,NA,NA
"321","104690",8,"resources/real_fg_memory_images/orig16.jpg","real",NA,NA,NA,NA,NA,NA,NA,NA
"322","104690",7,"resources/real_fg_memory_images/orig14.jpg","real",NA,NA,NA,NA,NA,NA,NA,NA
"323","104690",3,"resources/real_fg_memory_images/fg25.jpg","artificial",NA,NA,NA,NA,NA,NA,NA,NA
"324","104690",9,"resources/real_fg_memory_images/orig10.jpg","real",NA,NA,NA,NA,NA,NA,NA,NA
"325","104690",7,"resources/real_fg_memory_images/fg19.jpg","artificial",NA,NA,NA,NA,NA,NA,NA,NA
"326","104690",6,"resources/real_fg_memory_images/fg29.jpg","artificial",NA,NA,NA,NA,NA,NA,NA,NA
"327","104690",6,"resources/real_fg_memory_images/orig9.jpg","real",NA,NA,NA,NA,NA,NA,NA,NA
"328","104690",3,"resources/real_fg_memory_images/fg32.jpg","artificial",NA,NA,NA,NA,NA,NA,NA,NA
"329","104690",4,"resources/real_fg_memory_images/orig2.jpg","real",NA,NA,NA,NA,NA,NA,NA,NA
"330","104690",3,"resources/real_fg_memory_images/fg24.jpg","artificial",NA,NA,NA,NA,NA,NA,NA,NA
"331","104690",8,"resources/real_fg_memory_images/orig3.jpg","real",NA,NA,NA,NA,NA,NA,NA,NA
"332","104690",5,"resources/real_fg_memory_images/orig5.jpg","real",NA,NA,NA,NA,NA,NA,NA,NA
"333","104690",NA,NA,NA,NA,NA,NA,NA,NA,NA,NA,NA
"334","104690",NA,"resources/real_fg_memory_images/orig12.jpg",NA,"real","Scam",NA,NA,NA,NA,NA,NA
"335","104690",NA,"resources/real_fg_memory_images/fg28.jpg",NA,"artificial","Scam",NA,NA,NA,NA,NA,NA
"336","104690",NA,"resources/real_fg_memory_images/fg25.jpg",NA,"artificial","Scam",NA,NA,NA,NA,NA,NA
"337","104690",NA,"resources/real_fg_memory_images/fg27.jpg",NA,"artificial","Scam",NA,NA,NA,NA,NA,NA
"338","104690",NA,"resources/real_fg_memory_images/fg19.jpg",NA,"artificial","Neutral",NA,NA,NA,NA,NA,NA
"339","104690",NA,"resources/real_fg_memory_images/fg30.jpg",NA,"artificial","Scam",NA,NA,NA,NA,NA,NA
"340","104690",NA,"resources/real_fg_memory_images/fg20.jpg",NA,"artificial","Neutral",NA,NA,NA,NA,NA,NA
"341","104690",NA,"resources/real_fg_memory_images/orig4.jpg",NA,"real","Neutral",NA,NA,NA,NA,NA,NA
"342","104690",NA,"resources/real_fg_memory_images/fg23.jpg",NA,"artificial","Neutral",NA,NA,NA,NA,NA,NA
"343","104690",NA,"resources/real_fg_memory_images/orig9.jpg",NA,"real","Scam",NA,NA,NA,NA,NA,NA
"344","104690",NA,"resources/real_fg_memory_images/orig2.jpg",NA,"real","Neutral",NA,NA,NA,NA,NA,NA
"345","104690",NA,"resources/real_fg_memory_images/fg29.jpg",NA,"artificial","Scam",NA,NA,NA,NA,NA,NA
"346","104690",NA,"resources/real_fg_memory_images/orig10.jpg",NA,"real","Scam",NA,NA,NA,NA,NA,NA
"347","104690",NA,"resources/real_fg_memory_images/orig8.jpg",NA,"real","Scam",NA,NA,NA,NA,NA,NA
"348","104690",NA,"resources/real_fg_memory_images/fg26.jpg",NA,"artificial","Scam",NA,NA,NA,NA,NA,NA
"349","104690",NA,"resources/real_fg_memory_images/orig7.jpg",NA,"real","Scam",NA,NA,NA,NA,NA,NA
"350","104690",NA,"resources/real_fg_memory_images/orig5.jpg",NA,"real","Neutral",NA,NA,NA,NA,NA,NA
"351","104690",NA,"resources/real_fg_memory_images/fg21.jpg",NA,"artificial","Neutral",NA,NA,NA,NA,NA,NA
"352","104690",NA,"resources/real_fg_memory_images/orig6.jpg",NA,"real","Neutral",NA,NA,NA,NA,NA,NA
"353","104690",NA,"resources/real_fg_memory_images/fg24.jpg",NA,"artificial","Neutral",NA,NA,NA,NA,NA,NA
"354","104690",NA,"resources/real_fg_memory_images/orig11.jpg",NA,"real","Scam",NA,NA,NA,NA,NA,NA
"355","104690",NA,"resources/real_fg_memory_images/orig3.jpg",NA,"real","Neutral",NA,NA,NA,NA,NA,NA
"356","104690",NA,"resources/real_fg_memory_images/orig1.jpg",NA,"real","Neurtal",NA,NA,NA,NA,NA,NA
"357","104690",NA,"resources/real_fg_memory_images/fg22.jpg",NA,"artificial","Neutral",NA,NA,NA,NA,NA,NA
"358","104690",NA,NA,NA,NA,NA,NA,NA,NA,NA,NA,NA
"359","104690",NA,"resources/real_fg_memory_images/fg26.jpg",NA,"artificial","Scam","[""scam_button""]","4",NA,NA,NA,NA
"360","104690",NA,"resources/real_fg_memory_images/orig5.jpg",NA,"real","Neutral","[""neutral_button""]","10",NA,NA,NA,NA
"361","104690",NA,"resources/real_fg_memory_images/fg25.jpg",NA,"artificial","Scam","[""neutral_button""]","4",NA,NA,NA,NA
"362","104690",NA,"resources/real_fg_memory_images/orig10.jpg",NA,"real","Scam","[""scam_button""]","7",NA,NA,NA,NA
"363","104690",NA,"resources/real_fg_memory_images/fg27.jpg",NA,"artificial","Scam","[""scam_button""]","4",NA,NA,NA,NA
"364","104690",NA,"resources/real_fg_memory_images/orig7.jpg",NA,"real","Scam","[""scam_button""]","10",NA,NA,NA,NA
"365","104690",NA,"resources/real_fg_memory_images/fg29.jpg",NA,"artificial","Scam","[""neutral_button""]","4",NA,NA,NA,NA
"366","104690",NA,"resources/real_fg_memory_images/fg24.jpg",NA,"artificial","Neutral","[""scam_button""]","3",NA,NA,NA,NA
"367","104690",NA,"resources/real_fg_memory_images/fg21.jpg",NA,"artificial","Neutral","[""scam_button""]","3",NA,NA,NA,NA
"368","104690",NA,"resources/real_fg_memory_images/orig4.jpg",NA,"real","Neutral","[""neutral_button""]","8",NA,NA,NA,NA
"369","104690",NA,"resources/real_fg_memory_images/orig9.jpg",NA,"real","Scam","[""neutral_button""]","4",NA,NA,NA,NA
"370","104690",NA,"resources/real_fg_memory_images/orig6.jpg",NA,"real","Neutral","[""scam_button""]","4",NA,NA,NA,NA
"371","104690",NA,"resources/real_fg_memory_images/fg19.jpg",NA,"artificial","Neutral","[""neutral_button""]","6",NA,NA,NA,NA
"372","104690",NA,"resources/real_fg_memory_images/fg23.jpg",NA,"artificial","Neutral","[""neutral_button""]","7",NA,NA,NA,NA
"373","104690",NA,"resources/real_fg_memory_images/fg20.jpg",NA,"artificial","Neutral","[""neutral_button""]","8",NA,NA,NA,NA
"374","104690",NA,"resources/real_fg_memory_images/orig11.jpg",NA,"real","Scam","[""scam_button""]","3",NA,NA,NA,NA
"375","104690",NA,"resources/real_fg_memory_images/orig12.jpg",NA,"real","Scam","[""scam_button""]","9",NA,NA,NA,NA
"376","104690",NA,"resources/real_fg_memory_images/orig1.jpg",NA,"real","Neurtal","[""neutral_button""]","6",NA,NA,NA,NA
"377","104690",NA,"resources/real_fg_memory_images/fg22.jpg",NA,"artificial","Neutral","[""neutral_button""]","7",NA,NA,NA,NA
"378","104690",NA,"resources/real_fg_memory_images/fg28.jpg",NA,"artificial","Scam","[""scam_button""]","3",NA,NA,NA,NA
"379","104690",NA,"resources/real_fg_memory_images/fg30.jpg",NA,"artificial","Scam","[""neutral_button""]","6",NA,NA,NA,NA
"380","104690",NA,"resources/real_fg_memory_images/orig8.jpg",NA,"real","Scam","[""scam_button""]","9",NA,NA,NA,NA
"381","104690",NA,"resources/real_fg_memory_images/orig3.jpg",NA,"real","Neutral","[""scam_button""]","5",NA,NA,NA,NA
"382","104690",NA,"resources/real_fg_memory_images/orig2.jpg",NA,"real","Neutral","[""neutral_button""]","7",NA,NA,NA,NA
"383","104690",NA,NA,NA,NA,NA,NA,NA,NA,NA,NA,NA
"384","104690",7,"resources/real_fg_memory_images/orig9.jpg","real",NA,NA,NA,NA,NA,NA,NA,NA
"385","104690",4,"resources/real_fg_memory_images/orig10.jpg","real",NA,NA,NA,NA,NA,NA,NA,NA
"386","104690",3,"resources/real_fg_memory_images/fg33.jpg","artificial",NA,NA,NA,NA,NA,NA,NA,NA
"387","104690",9,"resources/real_fg_memory_images/fg22.jpg","artificial",NA,NA,NA,NA,NA,NA,NA,NA
"388","104690",3,"resources/real_fg_memory_images/fg32.jpg","artificial",NA,NA,NA,NA,NA,NA,NA,NA
"389","104690",4,"resources/real_fg_memory_images/fg35.jpg","artificial",NA,NA,NA,NA,NA,NA,NA,NA
"390","104690",4,"resources/real_fg_memory_images/fg27.jpg","artificial",NA,NA,NA,NA,NA,NA,NA,NA
"391","104690",8,"resources/real_fg_memory_images/orig14.jpg","real",NA,NA,NA,NA,NA,NA,NA,NA
"392","104690",5,"resources/real_fg_memory_images/orig11.jpg","real",NA,NA,NA,NA,NA,NA,NA,NA
"393","104690",9,"resources/real_fg_memory_images/orig18.jpg","real",NA,NA,NA,NA,NA,NA,NA,NA
"394","104690",9,"resources/real_fg_memory_images/orig4.jpg","real",NA,NA,NA,NA,NA,NA,NA,NA
"395","104690",3,"resources/real_fg_memory_images/fg26.jpg","artificial",NA,NA,NA,NA,NA,NA,NA,NA
"396","104690",2,"resources/real_fg_memory_images/orig8.jpg","real",NA,NA,NA,NA,NA,NA,NA,NA
"397","104690",8,"resources/real_fg_memory_images/orig17.jpg","real",NA,NA,NA,NA,NA,NA,NA,NA
"398","104690",3,"resources/real_fg_memory_images/fg34.jpg","artificial",NA,NA,NA,NA,NA,NA,NA,NA
"399","104690",5,"resources/real_fg_memory_images/fg19.jpg","artificial",NA,NA,NA,NA,NA,NA,NA,NA
"400","104690",8,"resources/real_fg_memory_images/orig2.jpg","real",NA,NA,NA,NA,NA,NA,NA,NA
"401","104690",4,"resources/real_fg_memory_images/orig7.jpg","real",NA,NA,NA,NA,NA,NA,NA,NA
"402","104690",3,"resources/real_fg_memory_images/fg28.jpg","artificial",NA,NA,NA,NA,NA,NA,NA,NA
"403","104690",9,"resources/real_fg_memory_images/orig5.jpg","real",NA,NA,NA,NA,NA,NA,NA,NA
"404","104690",3,"resources/real_fg_memory_images/fg30.jpg","artificial",NA,NA,NA,NA,NA,NA,NA,NA
"405","104690",3,"resources/real_fg_memory_images/fg23.jpg","artificial",NA,NA,NA,NA,NA,NA,NA,NA
"406","104690",8,"resources/real_fg_memory_images/orig1.jpg","real",NA,NA,NA,NA,NA,NA,NA,NA
"407","104690",6,"resources/real_fg_memory_images/orig3.jpg","real",NA,NA,NA,NA,NA,NA,NA,NA
"408","104690",7,"resources/real_fg_memory_images/orig16.jpg","real",NA,NA,NA,NA,NA,NA,NA,NA
"409","104690",6,"resources/real_fg_memory_images/orig15.jpg","real",NA,NA,NA,NA,NA,NA,NA,NA
"410","104690",3,"resources/real_fg_memory_images/fg20.jpg","artificial",NA,NA,NA,NA,NA,NA,NA,NA
"411","104690",2,"resources/real_fg_memory_images/fg31.jpg","artificial",NA,NA,NA,NA,NA,NA,NA,NA
"412","104690",8,"resources/real_fg_memory_images/orig13.jpg","real",NA,NA,NA,NA,NA,NA,NA,NA
"413","104690",3,"resources/real_fg_memory_images/fg24.jpg","artificial",NA,NA,NA,NA,NA,NA,NA,NA
"414","104690",3,"resources/real_fg_memory_images/fg29.jpg","artificial",NA,NA,NA,NA,NA,NA,NA,NA
"415","104690",3,"resources/real_fg_memory_images/fg25.jpg","artificial",NA,NA,NA,NA,NA,NA,NA,NA
"416","104690",4,"resources/real_fg_memory_images/fg21.jpg","artificial",NA,NA,NA,NA,NA,NA,NA,NA
"417","104690",8,"resources/real_fg_memory_images/orig6.jpg","real",NA,NA,NA,NA,NA,NA,NA,NA
"418","104690",4,"resources/real_fg_memory_images/fg36.jpg","artificial",NA,NA,NA,NA,NA,NA,NA,NA
"419","104690",2,"resources/real_fg_memory_images/orig12.jpg","real",NA,NA,NA,NA,NA,NA,NA,NA
"420","104690",NA,NA,NA,NA,NA,NA,NA,NA,NA,NA,NA
"421","104690",NA,NA,NA,NA,NA,NA,NA,5,"Persons over the age of 65 are often targeted by con-artists",NA,NA
"422","104690",NA,NA,NA,NA,NA,NA,NA,1,"If a telemarketer calls me, I usually listen to what they have to say",NA,NA
"423","104690",NA,NA,NA,NA,NA,NA,NA,2,"I have difficulty ending a phone call, even if the caller is a telemarketer, someone I do not know, or someone I do not wish to call me",NA,NA
"424","104690",NA,NA,NA,NA,NA,NA,NA,1,"I answer the phone whenever it rings, even if I do not know who is calling",NA,NA
"425","104690",NA,NA,NA,NA,NA,NA,NA,4,"If something sounds too good to be true, it usually is",NA,NA
"426","104690",NA,NA,NA,NA,NA,NA,NA,NA,NA,NA,NA
"427","104690",NA,NA,NA,NA,NA,NA,NA,NA,NA,"[""female_option""]",NA
"428","104690",NA,NA,NA,NA,NA,NA,NA,NA,NA,NA,20
"429","104690",NA,NA,NA,NA,NA,NA,NA,NA,NA,NA,NA
"430","104690",NA,NA,NA,NA,NA,NA,NA,NA,NA,NA,NA
"431","104690",NA,NA,NA,NA,NA,NA,NA,NA,NA,NA,NA
"432","104690",NA,NA,NA,NA,NA,NA,NA,NA,NA,NA,NA
"433","104690",NA,NA,NA,NA,NA,NA,NA,NA,NA,NA,NA
"434","104690",NA,NA,NA,NA,NA,NA,NA,NA,NA,NA,NA
"435","104690",NA,NA,NA,NA,NA,NA,NA,NA,NA,NA,NA
"436","104690",NA,NA,NA,NA,NA,NA,NA,NA,NA,NA,NA
"437","104690",NA,NA,NA,NA,NA,NA,NA,NA,NA,NA,NA
"438","104690",NA,NA,NA,NA,NA,NA,NA,NA,NA,NA,NA
"439","142275",NA,NA,NA,NA,NA,NA,NA,NA,NA,NA,NA
"440","142275",NA,NA,NA,NA,NA,NA,NA,NA,NA,NA,NA
"441","142275",NA,NA,NA,NA,NA,NA,NA,NA,NA,NA,NA
"442","142275",NA,NA,NA,NA,NA,NA,NA,NA,NA,NA,NA
"443","142275",4,"resources/real_fg_memory_images/orig5.jpg","real",NA,NA,NA,NA,NA,NA,NA,NA
"444","142275",5,"resources/real_fg_memory_images/fg36.jpg","artificial",NA,NA,NA,NA,NA,NA,NA,NA
"445","142275",3,"resources/real_fg_memory_images/orig7.jpg","real",NA,NA,NA,NA,NA,NA,NA,NA
"446","142275",6,"resources/real_fg_memory_images/fg31.jpg","artificial",NA,NA,NA,NA,NA,NA,NA,NA
"447","142275",5,"resources/real_fg_memory_images/fg32.jpg","artificial",NA,NA,NA,NA,NA,NA,NA,NA
"448","142275",4,"resources/real_fg_memory_images/fg22.jpg","artificial",NA,NA,NA,NA,NA,NA,NA,NA
"449","142275",6,"resources/real_fg_memory_images/orig15.jpg","real",NA,NA,NA,NA,NA,NA,NA,NA
"450","142275",7,"resources/real_fg_memory_images/orig13.jpg","real",NA,NA,NA,NA,NA,NA,NA,NA
"451","142275",8,"resources/real_fg_memory_images/fg19.jpg","artificial",NA,NA,NA,NA,NA,NA,NA,NA
"452","142275",6,"resources/real_fg_memory_images/orig6.jpg","real",NA,NA,NA,NA,NA,NA,NA,NA
"453","142275",7,"resources/real_fg_memory_images/fg21.jpg","artificial",NA,NA,NA,NA,NA,NA,NA,NA
"454","142275",5,"resources/real_fg_memory_images/fg34.jpg","artificial",NA,NA,NA,NA,NA,NA,NA,NA
"455","142275",5,"resources/real_fg_memory_images/orig9.jpg","real",NA,NA,NA,NA,NA,NA,NA,NA
"456","142275",4,"resources/real_fg_memory_images/fg26.jpg","artificial",NA,NA,NA,NA,NA,NA,NA,NA
"457","142275",4,"resources/real_fg_memory_images/orig10.jpg","real",NA,NA,NA,NA,NA,NA,NA,NA
"458","142275",6,"resources/real_fg_memory_images/fg20.jpg","artificial",NA,NA,NA,NA,NA,NA,NA,NA
"459","142275",4,"resources/real_fg_memory_images/orig1.jpg","real",NA,NA,NA,NA,NA,NA,NA,NA
"460","142275",5,"resources/real_fg_memory_images/orig11.jpg","real",NA,NA,NA,NA,NA,NA,NA,NA
"461","142275",4,"resources/real_fg_memory_images/fg27.jpg","artificial",NA,NA,NA,NA,NA,NA,NA,NA
"462","142275",5,"resources/real_fg_memory_images/orig8.jpg","real",NA,NA,NA,NA,NA,NA,NA,NA
"463","142275",7,"resources/real_fg_memory_images/orig4.jpg","real",NA,NA,NA,NA,NA,NA,NA,NA
"464","142275",5,"resources/real_fg_memory_images/fg29.jpg","artificial",NA,NA,NA,NA,NA,NA,NA,NA
"465","142275",6,"resources/real_fg_memory_images/fg33.jpg","artificial",NA,NA,NA,NA,NA,NA,NA,NA
"466","142275",5,"resources/real_fg_memory_images/orig2.jpg","real",NA,NA,NA,NA,NA,NA,NA,NA
"467","142275",4,"resources/real_fg_memory_images/fg24.jpg","artificial",NA,NA,NA,NA,NA,NA,NA,NA
"468","142275",3,"resources/real_fg_memory_images/fg30.jpg","artificial",NA,NA,NA,NA,NA,NA,NA,NA
"469","142275",4,"resources/real_fg_memory_images/fg25.jpg","artificial",NA,NA,NA,NA,NA,NA,NA,NA
"470","142275",5,"resources/real_fg_memory_images/orig17.jpg","real",NA,NA,NA,NA,NA,NA,NA,NA
"471","142275",7,"resources/real_fg_memory_images/orig16.jpg","real",NA,NA,NA,NA,NA,NA,NA,NA
"472","142275",5,"resources/real_fg_memory_images/fg35.jpg","artificial",NA,NA,NA,NA,NA,NA,NA,NA
"473","142275",8,"resources/real_fg_memory_images/orig18.jpg","real",NA,NA,NA,NA,NA,NA,NA,NA
"474","142275",8,"resources/real_fg_memory_images/orig12.jpg","real",NA,NA,NA,NA,NA,NA,NA,NA
"475","142275",5,"resources/real_fg_memory_images/orig3.jpg","real",NA,NA,NA,NA,NA,NA,NA,NA
"476","142275",7,"resources/real_fg_memory_images/fg28.jpg","artificial",NA,NA,NA,NA,NA,NA,NA,NA
"477","142275",8,"resources/real_fg_memory_images/fg23.jpg","artificial",NA,NA,NA,NA,NA,NA,NA,NA
"478","142275",7,"resources/real_fg_memory_images/orig14.jpg","real",NA,NA,NA,NA,NA,NA,NA,NA
"479","142275",NA,NA,NA,NA,NA,NA,NA,NA,NA,NA,NA
"480","142275",NA,"resources/real_fg_memory_images/orig9.jpg",NA,"real","Scam",NA,NA,NA,NA,NA,NA
"481","142275",NA,"resources/real_fg_memory_images/fg26.jpg",NA,"artificial","Scam",NA,NA,NA,NA,NA,NA
"482","142275",NA,"resources/real_fg_memory_images/fg29.jpg",NA,"artificial","Scam",NA,NA,NA,NA,NA,NA
"483","142275",NA,"resources/real_fg_memory_images/fg30.jpg",NA,"artificial","Scam",NA,NA,NA,NA,NA,NA
"484","142275",NA,"resources/real_fg_memory_images/orig3.jpg",NA,"real","Neutral",NA,NA,NA,NA,NA,NA
"485","142275",NA,"resources/real_fg_memory_images/orig4.jpg",NA,"real","Neutral",NA,NA,NA,NA,NA,NA
"486","142275",NA,"resources/real_fg_memory_images/orig5.jpg",NA,"real","Neutral",NA,NA,NA,NA,NA,NA
"487","142275",NA,"resources/real_fg_memory_images/orig8.jpg",NA,"real","Scam",NA,NA,NA,NA,NA,NA
"488","142275",NA,"resources/real_fg_memory_images/orig6.jpg",NA,"real","Neutral",NA,NA,NA,NA,NA,NA
"489","142275",NA,"resources/real_fg_memory_images/orig10.jpg",NA,"real","Scam",NA,NA,NA,NA,NA,NA
"490","142275",NA,"resources/real_fg_memory_images/orig1.jpg",NA,"real","Neurtal",NA,NA,NA,NA,NA,NA
"491","142275",NA,"resources/real_fg_memory_images/orig2.jpg",NA,"real","Neutral",NA,NA,NA,NA,NA,NA
"492","142275",NA,"resources/real_fg_memory_images/orig12.jpg",NA,"real","Scam",NA,NA,NA,NA,NA,NA
"493","142275",NA,"resources/real_fg_memory_images/fg27.jpg",NA,"artificial","Scam",NA,NA,NA,NA,NA,NA
"494","142275",NA,"resources/real_fg_memory_images/fg19.jpg",NA,"artificial","Neutral",NA,NA,NA,NA,NA,NA
"495","142275",NA,"resources/real_fg_memory_images/fg23.jpg",NA,"artificial","Neutral",NA,NA,NA,NA,NA,NA
"496","142275",NA,"resources/real_fg_memory_images/orig11.jpg",NA,"real","Scam",NA,NA,NA,NA,NA,NA
"497","142275",NA,"resources/real_fg_memory_images/fg22.jpg",NA,"artificial","Neutral",NA,NA,NA,NA,NA,NA
"498","142275",NA,"resources/real_fg_memory_images/fg21.jpg",NA,"artificial","Neutral",NA,NA,NA,NA,NA,NA
"499","142275",NA,"resources/real_fg_memory_images/fg25.jpg",NA,"artificial","Scam",NA,NA,NA,NA,NA,NA
"500","142275",NA,"resources/real_fg_memory_images/fg20.jpg",NA,"artificial","Neutral",NA,NA,NA,NA,NA,NA
"501","142275",NA,"resources/real_fg_memory_images/fg28.jpg",NA,"artificial","Scam",NA,NA,NA,NA,NA,NA
"502","142275",NA,"resources/real_fg_memory_images/fg24.jpg",NA,"artificial","Neutral",NA,NA,NA,NA,NA,NA
"503","142275",NA,"resources/real_fg_memory_images/orig7.jpg",NA,"real","Scam",NA,NA,NA,NA,NA,NA
"504","142275",NA,NA,NA,NA,NA,NA,NA,NA,NA,NA,NA
"505","142275",NA,"resources/real_fg_memory_images/orig12.jpg",NA,"real","Scam","[""scam_button""]","10",NA,NA,NA,NA
"506","142275",NA,"resources/real_fg_memory_images/fg30.jpg",NA,"artificial","Scam","[""scam_button""]","10",NA,NA,NA,NA
"507","142275",NA,"resources/real_fg_memory_images/fg25.jpg",NA,"artificial","Scam","[""scam_button""]","8",NA,NA,NA,NA
"508","142275",NA,"resources/real_fg_memory_images/fg28.jpg",NA,"artificial","Scam","[""scam_button""]","10",NA,NA,NA,NA
"509","142275",NA,"resources/real_fg_memory_images/orig9.jpg",NA,"real","Scam","[""scam_button""]","10",NA,NA,NA,NA
"510","142275",NA,"resources/real_fg_memory_images/orig5.jpg",NA,"real","Neutral","[""neutral_button""]","10",NA,NA,NA,NA
"511","142275",NA,"resources/real_fg_memory_images/orig7.jpg",NA,"real","Scam","[""scam_button""]","10",NA,NA,NA,NA
"512","142275",NA,"resources/real_fg_memory_images/orig4.jpg",NA,"real","Neutral","[""neutral_button""]","10",NA,NA,NA,NA
"513","142275",NA,"resources/real_fg_memory_images/orig2.jpg",NA,"real","Neutral","[""neutral_button""]","10",NA,NA,NA,NA
"514","142275",NA,"resources/real_fg_memory_images/fg19.jpg",NA,"artificial","Neutral","[""neutral_button""]","7",NA,NA,NA,NA
"515","142275",NA,"resources/real_fg_memory_images/orig6.jpg",NA,"real","Neutral","[""neutral_button""]","10\",NA,NA,NA,NA
"516","142275",NA,"resources/real_fg_memory_images/fg29.jpg",NA,"artificial","Scam","[""scam_button""]","8",NA,NA,NA,NA
"517","142275",NA,"resources/real_fg_memory_images/orig11.jpg",NA,"real","Scam","[""scam_button""]","10",NA,NA,NA,NA
"518","142275",NA,"resources/real_fg_memory_images/orig1.jpg",NA,"real","Neurtal","[""neutral_button""]","5",NA,NA,NA,NA
"519","142275",NA,"resources/real_fg_memory_images/fg22.jpg",NA,"artificial","Neutral","[""neutral_button""]","10",NA,NA,NA,NA
"520","142275",NA,"resources/real_fg_memory_images/orig10.jpg",NA,"real","Scam","[""scam_button""]","10",NA,NA,NA,NA
"521","142275",NA,"resources/real_fg_memory_images/fg24.jpg",NA,"artificial","Neutral","[""neutral_button""]","8",NA,NA,NA,NA
"522","142275",NA,"resources/real_fg_memory_images/fg27.jpg",NA,"artificial","Scam","[""scam_button""]","10",NA,NA,NA,NA
"523","142275",NA,"resources/real_fg_memory_images/fg23.jpg",NA,"artificial","Neutral","[""neutral_button""]","10",NA,NA,NA,NA
"524","142275",NA,"resources/real_fg_memory_images/orig3.jpg",NA,"real","Neutral","[""neutral_button""]","10",NA,NA,NA,NA
"525","142275",NA,"resources/real_fg_memory_images/orig8.jpg",NA,"real","Scam","[""scam_button""]","10",NA,NA,NA,NA
"526","142275",NA,"resources/real_fg_memory_images/fg20.jpg",NA,"artificial","Neutral","[""neutral_button""]","10",NA,NA,NA,NA
"527","142275",NA,"resources/real_fg_memory_images/fg26.jpg",NA,"artificial","Scam","[""scam_button""]","10",NA,NA,NA,NA
"528","142275",NA,"resources/real_fg_memory_images/fg21.jpg",NA,"artificial","Neutral","[""neutral_button""]","10",NA,NA,NA,NA
"529","142275",NA,NA,NA,NA,NA,NA,NA,NA,NA,NA,NA
"530","142275",8,"resources/real_fg_memory_images/orig14.jpg","real",NA,NA,NA,NA,NA,NA,NA,NA
"531","142275",7,"resources/real_fg_memory_images/fg22.jpg","artificial",NA,NA,NA,NA,NA,NA,NA,NA
"532","142275",5,"resources/real_fg_memory_images/fg31.jpg","artificial",NA,NA,NA,NA,NA,NA,NA,NA
"533","142275",3,"resources/real_fg_memory_images/orig12.jpg","real",NA,NA,NA,NA,NA,NA,NA,NA
"534","142275",5,"resources/real_fg_memory_images/fg20.jpg","artificial",NA,NA,NA,NA,NA,NA,NA,NA
"535","142275",7,"resources/real_fg_memory_images/orig18.jpg","real",NA,NA,NA,NA,NA,NA,NA,NA
"536","142275",8,"resources/real_fg_memory_images/orig2.jpg","real",NA,NA,NA,NA,NA,NA,NA,NA
"537","142275",9,"resources/real_fg_memory_images/orig6.jpg","real",NA,NA,NA,NA,NA,NA,NA,NA
"538","142275",6,"resources/real_fg_memory_images/fg19.jpg","artificial",NA,NA,NA,NA,NA,NA,NA,NA
"539","142275",4,"resources/real_fg_memory_images/orig1.jpg","real",NA,NA,NA,NA,NA,NA,NA,NA
"540","142275",4,"resources/real_fg_memory_images/fg26.jpg","artificial",NA,NA,NA,NA,NA,NA,NA,NA
"541","142275",4,"resources/real_fg_memory_images/fg27.jpg","artificial",NA,NA,NA,NA,NA,NA,NA,NA
"542","142275",6,"resources/real_fg_memory_images/fg29.jpg","artificial",NA,NA,NA,NA,NA,NA,NA,NA
"543","142275",7,"resources/real_fg_memory_images/fg32.jpg","artificial",NA,NA,NA,NA,NA,NA,NA,NA
"544","142275",3,"resources/real_fg_memory_images/orig9.jpg","real",NA,NA,NA,NA,NA,NA,NA,NA
"545","142275",6,"resources/real_fg_memory_images/fg33.jpg","artificial",NA,NA,NA,NA,NA,NA,NA,NA
"546","142275",3,"resources/real_fg_memory_images/orig8.jpg","real",NA,NA,NA,NA,NA,NA,NA,NA
"547","142275",5,"resources/real_fg_memory_images/orig11.jpg","real",NA,NA,NA,NA,NA,NA,NA,NA
"548","142275",5,"resources/real_fg_memory_images/fg34.jpg","artificial",NA,NA,NA,NA,NA,NA,NA,NA
"549","142275",7,"resources/real_fg_memory_images/orig4.jpg","real",NA,NA,NA,NA,NA,NA,NA,NA
"550","142275",6,"resources/real_fg_memory_images/fg23.jpg","artificial",NA,NA,NA,NA,NA,NA,NA,NA
"551","142275",3,"resources/real_fg_memory_images/orig10.jpg","real",NA,NA,NA,NA,NA,NA,NA,NA
"552","142275",6,"resources/real_fg_memory_images/orig16.jpg","real",NA,NA,NA,NA,NA,NA,NA,NA
"553","142275",2,"resources/real_fg_memory_images/fg30.jpg","artificial",NA,NA,NA,NA,NA,NA,NA,NA
"554","142275",6,"resources/real_fg_memory_images/orig5.jpg","real",NA,NA,NA,NA,NA,NA,NA,NA
"555","142275",6,"resources/real_fg_memory_images/orig13.jpg","real",NA,NA,NA,NA,NA,NA,NA,NA
"556","142275",6,"resources/real_fg_memory_images/fg36.jpg","artificial",NA,NA,NA,NA,NA,NA,NA,NA
"557","142275",6,"resources/real_fg_memory_images/orig3.jpg","real",NA,NA,NA,NA,NA,NA,NA,NA
"558","142275",5,"resources/real_fg_memory_images/orig17.jpg","real",NA,NA,NA,NA,NA,NA,NA,NA
"559","142275",5,"resources/real_fg_memory_images/fg24.jpg","artificial",NA,NA,NA,NA,NA,NA,NA,NA
"560","142275",5,"resources/real_fg_memory_images/fg21.jpg","artificial",NA,NA,NA,NA,NA,NA,NA,NA
"561","142275",4,"resources/real_fg_memory_images/fg35.jpg","artificial",NA,NA,NA,NA,NA,NA,NA,NA
"562","142275",8,"resources/real_fg_memory_images/fg28.jpg","artificial",NA,NA,NA,NA,NA,NA,NA,NA
"563","142275",6,"resources/real_fg_memory_images/fg25.jpg","artificial",NA,NA,NA,NA,NA,NA,NA,NA
"564","142275",6,"resources/real_fg_memory_images/orig15.jpg","real",NA,NA,NA,NA,NA,NA,NA,NA
"565","142275",4,"resources/real_fg_memory_images/orig7.jpg","real",NA,NA,NA,NA,NA,NA,NA,NA
"566","142275",NA,NA,NA,NA,NA,NA,NA,NA,NA,NA,NA
"567","142275",NA,NA,NA,NA,NA,NA,NA,3,"I have difficulty ending a phone call, even if the caller is a telemarketer, someone I do not know, or someone I do not wish to call me",NA,NA
"568","142275",NA,NA,NA,NA,NA,NA,NA,1,"If a telemarketer calls me, I usually listen to what they have to say",NA,NA
"569","142275",NA,NA,NA,NA,NA,NA,NA,2,"If something sounds too good to be true, it usually is",NA,NA
"570","142275",NA,NA,NA,NA,NA,NA,NA,2,"I answer the phone whenever it rings, even if I do not know who is calling",NA,NA
"571","142275",NA,NA,NA,NA,NA,NA,NA,5,"Persons over the age of 65 are often targeted by con-artists",NA,NA
"572","142275",NA,NA,NA,NA,NA,NA,NA,NA,NA,NA,NA
"573","142275",NA,NA,NA,NA,NA,NA,NA,NA,NA,"[""male_option""]",NA
"574","142275",NA,NA,NA,NA,NA,NA,NA,NA,NA,NA,20
"575","142275",NA,NA,NA,NA,NA,NA,NA,NA,NA,NA,NA
"576","142275",NA,NA,NA,NA,NA,NA,NA,NA,NA,NA,NA
"577","142275",NA,NA,NA,NA,NA,NA,NA,NA,NA,NA,NA
"578","142275",NA,NA,NA,NA,NA,NA,NA,NA,NA,NA,NA
"579","142275",NA,NA,NA,NA,NA,NA,NA,NA,NA,NA,NA
"580","142275",NA,NA,NA,NA,NA,NA,NA,NA,NA,NA,NA
"581","142275",NA,NA,NA,NA,NA,NA,NA,NA,NA,NA,NA
"582","142275",NA,NA,NA,NA,NA,NA,NA,NA,NA,NA,NA
"583","142275",NA,NA,NA,NA,NA,NA,NA,NA,NA,NA,NA
"584","142275",NA,NA,NA,NA,NA,NA,NA,NA,NA,NA,NA
"585","164281",NA,NA,NA,NA,NA,NA,NA,NA,NA,NA,NA
"586","164281",NA,NA,NA,NA,NA,NA,NA,NA,NA,NA,NA
"587","164281",NA,NA,NA,NA,NA,NA,NA,NA,NA,NA,NA
"588","164281",NA,NA,NA,NA,NA,NA,NA,NA,NA,NA,NA
"589","164281",2,"resources/real_fg_memory_images/fg28.jpg","artificial",NA,NA,NA,NA,NA,NA,NA,NA
"590","164281",4,"resources/real_fg_memory_images/orig18.jpg","real",NA,NA,NA,NA,NA,NA,NA,NA
"591","164281",4,"resources/real_fg_memory_images/fg30.jpg","artificial",NA,NA,NA,NA,NA,NA,NA,NA
"592","164281",3,"resources/real_fg_memory_images/orig1.jpg","real",NA,NA,NA,NA,NA,NA,NA,NA
"593","164281",5,"resources/real_fg_memory_images/fg33.jpg","artificial",NA,NA,NA,NA,NA,NA,NA,NA
"594","164281",6,"resources/real_fg_memory_images/orig7.jpg","real",NA,NA,NA,NA,NA,NA,NA,NA
"595","164281",7,"resources/real_fg_memory_images/orig16.jpg","real",NA,NA,NA,NA,NA,NA,NA,NA
"596","164281",1,"resources/real_fg_memory_images/fg34.jpg","artificial",NA,NA,NA,NA,NA,NA,NA,NA
"597","164281",0,"resources/real_fg_memory_images/fg19.jpg","artificial",NA,NA,NA,NA,NA,NA,NA,NA
"598","164281",3,"resources/real_fg_memory_images/orig12.jpg","real",NA,NA,NA,NA,NA,NA,NA,NA
"599","164281",3,"resources/real_fg_memory_images/orig4.jpg","real",NA,NA,NA,NA,NA,NA,NA,NA
"600","164281",5,"resources/real_fg_memory_images/orig8.jpg","real",NA,NA,NA,NA,NA,NA,NA,NA
"601","164281",7,"resources/real_fg_memory_images/orig17.jpg","real",NA,NA,NA,NA,NA,NA,NA,NA
"602","164281",2,"resources/real_fg_memory_images/orig9.jpg","real",NA,NA,NA,NA,NA,NA,NA,NA
"603","164281",4,"resources/real_fg_memory_images/fg21.jpg","artificial",NA,NA,NA,NA,NA,NA,NA,NA
"604","164281",3,"resources/real_fg_memory_images/fg35.jpg","artificial",NA,NA,NA,NA,NA,NA,NA,NA
"605","164281",5,"resources/real_fg_memory_images/fg31.jpg","artificial",NA,NA,NA,NA,NA,NA,NA,NA
"606","164281",2,"resources/real_fg_memory_images/fg24.jpg","artificial",NA,NA,NA,NA,NA,NA,NA,NA
"607","164281",6,"resources/real_fg_memory_images/orig2.jpg","real",NA,NA,NA,NA,NA,NA,NA,NA
"608","164281",3,"resources/real_fg_memory_images/fg27.jpg","artificial",NA,NA,NA,NA,NA,NA,NA,NA
"609","164281",1,"resources/real_fg_memory_images/fg22.jpg","artificial",NA,NA,NA,NA,NA,NA,NA,NA
"610","164281",2,"resources/real_fg_memory_images/fg36.jpg","artificial",NA,NA,NA,NA,NA,NA,NA,NA
"611","164281",3,"resources/real_fg_memory_images/fg20.jpg","artificial",NA,NA,NA,NA,NA,NA,NA,NA
"612","164281",7,"resources/real_fg_memory_images/orig3.jpg","real",NA,NA,NA,NA,NA,NA,NA,NA
"613","164281",3,"resources/real_fg_memory_images/fg23.jpg","artificial",NA,NA,NA,NA,NA,NA,NA,NA
"614","164281",9,"resources/real_fg_memory_images/orig11.jpg","real",NA,NA,NA,NA,NA,NA,NA,NA
"615","164281",1,"resources/real_fg_memory_images/orig13.jpg","real",NA,NA,NA,NA,NA,NA,NA,NA
"616","164281",4,"resources/real_fg_memory_images/orig10.jpg","real",NA,NA,NA,NA,NA,NA,NA,NA
"617","164281",1,"resources/real_fg_memory_images/fg25.jpg","artificial",NA,NA,NA,NA,NA,NA,NA,NA
"618","164281",7,"resources/real_fg_memory_images/orig14.jpg","real",NA,NA,NA,NA,NA,NA,NA,NA
"619","164281",5,"resources/real_fg_memory_images/orig5.jpg","real",NA,NA,NA,NA,NA,NA,NA,NA
"620","164281",5,"resources/real_fg_memory_images/fg29.jpg","artificial",NA,NA,NA,NA,NA,NA,NA,NA
"621","164281",5,"resources/real_fg_memory_images/orig15.jpg","real",NA,NA,NA,NA,NA,NA,NA,NA
"622","164281",4,"resources/real_fg_memory_images/fg26.jpg","artificial",NA,NA,NA,NA,NA,NA,NA,NA
"623","164281",1,"resources/real_fg_memory_images/fg32.jpg","artificial",NA,NA,NA,NA,NA,NA,NA,NA
"624","164281",10,"resources/real_fg_memory_images/orig6.jpg","real",NA,NA,NA,NA,NA,NA,NA,NA
"625","164281",NA,NA,NA,NA,NA,NA,NA,NA,NA,NA,NA
"626","164281",NA,"resources/real_fg_memory_images/orig7.jpg",NA,"real","Scam",NA,NA,NA,NA,NA,NA
"627","164281",NA,"resources/real_fg_memory_images/fg30.jpg",NA,"artificial","Scam",NA,NA,NA,NA,NA,NA
"628","164281",NA,"resources/real_fg_memory_images/fg26.jpg",NA,"artificial","Scam",NA,NA,NA,NA,NA,NA
"629","164281",NA,"resources/real_fg_memory_images/fg28.jpg",NA,"artificial","Scam",NA,NA,NA,NA,NA,NA
"630","164281",NA,"resources/real_fg_memory_images/fg22.jpg",NA,"artificial","Neutral",NA,NA,NA,NA,NA,NA
"631","164281",NA,"resources/real_fg_memory_images/orig5.jpg",NA,"real","Neutral",NA,NA,NA,NA,NA,NA
"632","164281",NA,"resources/real_fg_memory_images/orig12.jpg",NA,"real","Scam",NA,NA,NA,NA,NA,NA
"633","164281",NA,"resources/real_fg_memory_images/fg27.jpg",NA,"artificial","Scam",NA,NA,NA,NA,NA,NA
"634","164281",NA,"resources/real_fg_memory_images/orig6.jpg",NA,"real","Neutral",NA,NA,NA,NA,NA,NA
"635","164281",NA,"resources/real_fg_memory_images/orig9.jpg",NA,"real","Scam",NA,NA,NA,NA,NA,NA
"636","164281",NA,"resources/real_fg_memory_images/orig1.jpg",NA,"real","Neurtal",NA,NA,NA,NA,NA,NA
"637","164281",NA,"resources/real_fg_memory_images/orig4.jpg",NA,"real","Neutral",NA,NA,NA,NA,NA,NA
"638","164281",NA,"resources/real_fg_memory_images/fg19.jpg",NA,"artificial","Neutral",NA,NA,NA,NA,NA,NA
"639","164281",NA,"resources/real_fg_memory_images/fg21.jpg",NA,"artificial","Neutral",NA,NA,NA,NA,NA,NA
"640","164281",NA,"resources/real_fg_memory_images/orig11.jpg",NA,"real","Scam",NA,NA,NA,NA,NA,NA
"641","164281",NA,"resources/real_fg_memory_images/orig3.jpg",NA,"real","Neutral",NA,NA,NA,NA,NA,NA
"642","164281",NA,"resources/real_fg_memory_images/orig10.jpg",NA,"real","Scam",NA,NA,NA,NA,NA,NA
"643","164281",NA,"resources/real_fg_memory_images/fg20.jpg",NA,"artificial","Neutral",NA,NA,NA,NA,NA,NA
"644","164281",NA,"resources/real_fg_memory_images/fg25.jpg",NA,"artificial","Scam",NA,NA,NA,NA,NA,NA
"645","164281",NA,"resources/real_fg_memory_images/orig8.jpg",NA,"real","Scam",NA,NA,NA,NA,NA,NA
"646","164281",NA,"resources/real_fg_memory_images/fg24.jpg",NA,"artificial","Neutral",NA,NA,NA,NA,NA,NA
"647","164281",NA,"resources/real_fg_memory_images/fg23.jpg",NA,"artificial","Neutral",NA,NA,NA,NA,NA,NA
"648","164281",NA,"resources/real_fg_memory_images/fg29.jpg",NA,"artificial","Scam",NA,NA,NA,NA,NA,NA
"649","164281",NA,"resources/real_fg_memory_images/orig2.jpg",NA,"real","Neutral",NA,NA,NA,NA,NA,NA
"650","164281",NA,NA,NA,NA,NA,NA,NA,NA,NA,NA,NA
"651","164281",NA,"resources/real_fg_memory_images/orig8.jpg",NA,"real","Scam","[""scam_button""]","9",NA,NA,NA,NA
"652","164281",NA,"resources/real_fg_memory_images/fg27.jpg",NA,"artificial","Scam","[""scam_button""]","5",NA,NA,NA,NA
"653","164281",NA,"resources/real_fg_memory_images/orig10.jpg",NA,"real","Scam","[""scam_button""]","4",NA,NA,NA,NA
"654","164281",NA,"resources/real_fg_memory_images/orig6.jpg",NA,"real","Neutral","[""neutral_button""]","10",NA,NA,NA,NA
"655","164281",NA,"resources/real_fg_memory_images/fg25.jpg",NA,"artificial","Scam","[""scam_button""]","6",NA,NA,NA,NA
"656","164281",NA,"resources/real_fg_memory_images/fg20.jpg",NA,"artificial","Neutral","[""scam_button""]","3",NA,NA,NA,NA
"657","164281",NA,"resources/real_fg_memory_images/fg22.jpg",NA,"artificial","Neutral","[""scam_button""]","10",NA,NA,NA,NA
"658","164281",NA,"resources/real_fg_memory_images/fg26.jpg",NA,"artificial","Scam","[""scam_button""]","3",NA,NA,NA,NA
"659","164281",NA,"resources/real_fg_memory_images/orig3.jpg",NA,"real","Neutral","[""neutral_button""]","9",NA,NA,NA,NA
"660","164281",NA,"resources/real_fg_memory_images/orig2.jpg",NA,"real","Neutral","[""neutral_button""]","10",NA,NA,NA,NA
"661","164281",NA,"resources/real_fg_memory_images/fg21.jpg",NA,"artificial","Neutral","[""neutral_button""]","1",NA,NA,NA,NA
"662","164281",NA,"resources/real_fg_memory_images/orig4.jpg",NA,"real","Neutral","[""neutral_button""]","9",NA,NA,NA,NA
"663","164281",NA,"resources/real_fg_memory_images/orig12.jpg",NA,"real","Scam","[""scam_button""]","10",NA,NA,NA,NA
"664","164281",NA,"resources/real_fg_memory_images/fg30.jpg",NA,"artificial","Scam","[""scam_button""]","4",NA,NA,NA,NA
"665","164281",NA,"resources/real_fg_memory_images/orig7.jpg",NA,"real","Scam","[""scam_button""]","3",NA,NA,NA,NA
"666","164281",NA,"resources/real_fg_memory_images/fg29.jpg",NA,"artificial","Scam","[""neutral_button""]","3",NA,NA,NA,NA
"667","164281",NA,"resources/real_fg_memory_images/orig11.jpg",NA,"real","Scam","[""neutral_button""]","6",NA,NA,NA,NA
"668","164281",NA,"resources/real_fg_memory_images/orig1.jpg",NA,"real","Neurtal","[""neutral_button""]","8",NA,NA,NA,NA
"669","164281",NA,"resources/real_fg_memory_images/fg23.jpg",NA,"artificial","Neutral","[""scam_button""]","3",NA,NA,NA,NA
"670","164281",NA,"resources/real_fg_memory_images/orig9.jpg",NA,"real","Scam","[""scam_button""]","9",NA,NA,NA,NA
"671","164281",NA,"resources/real_fg_memory_images/fg28.jpg",NA,"artificial","Scam","[""scam_button""]","5",NA,NA,NA,NA
"672","164281",NA,"resources/real_fg_memory_images/fg24.jpg",NA,"artificial","Neutral","[""neutral_button""]","3",NA,NA,NA,NA
"673","164281",NA,"resources/real_fg_memory_images/fg19.jpg",NA,"artificial","Neutral","[""scam_button""]","3",NA,NA,NA,NA
"674","164281",NA,"resources/real_fg_memory_images/orig5.jpg",NA,"real","Neutral","[""neutral_button""]","4",NA,NA,NA,NA
"675","164281",NA,NA,NA,NA,NA,NA,NA,NA,NA,NA,NA
"676","164281",8,"resources/real_fg_memory_images/orig3.jpg","real",NA,NA,NA,NA,NA,NA,NA,NA
"677","164281",4,"resources/real_fg_memory_images/fg29.jpg","artificial",NA,NA,NA,NA,NA,NA,NA,NA
"678","164281",4,"resources/real_fg_memory_images/fg31.jpg","artificial",NA,NA,NA,NA,NA,NA,NA,NA
"679","164281",0,"resources/real_fg_memory_images/fg35.jpg","artificial",NA,NA,NA,NA,NA,NA,NA,NA
"680","164281",1,"resources/real_fg_memory_images/orig8.jpg","real",NA,NA,NA,NA,NA,NA,NA,NA
"681","164281",2,"resources/real_fg_memory_images/fg24.jpg","artificial",NA,NA,NA,NA,NA,NA,NA,NA
"682","164281",6,"resources/real_fg_memory_images/fg23.jpg","artificial",NA,NA,NA,NA,NA,NA,NA,NA
"683","164281",7,"resources/real_fg_memory_images/fg30.jpg","artificial",NA,NA,NA,NA,NA,NA,NA,NA
"684","164281",4,"resources/real_fg_memory_images/fg27.jpg","artificial",NA,NA,NA,NA,NA,NA,NA,NA
"685","164281",0,"resources/real_fg_memory_images/fg22.jpg","artificial",NA,NA,NA,NA,NA,NA,NA,NA
"686","164281",9,"resources/real_fg_memory_images/orig14.jpg","real",NA,NA,NA,NA,NA,NA,NA,NA
"687","164281",9,"resources/real_fg_memory_images/orig11.jpg","real",NA,NA,NA,NA,NA,NA,NA,NA
"688","164281",10,"resources/real_fg_memory_images/orig2.jpg","real",NA,NA,NA,NA,NA,NA,NA,NA
"689","164281",3,"resources/real_fg_memory_images/fg34.jpg","artificial",NA,NA,NA,NA,NA,NA,NA,NA
"690","164281",4,"resources/real_fg_memory_images/orig7.jpg","real",NA,NA,NA,NA,NA,NA,NA,NA
"691","164281",5,"resources/real_fg_memory_images/orig15.jpg","real",NA,NA,NA,NA,NA,NA,NA,NA
"692","164281",7,"resources/real_fg_memory_images/orig17.jpg","real",NA,NA,NA,NA,NA,NA,NA,NA
"693","164281",8,"resources/real_fg_memory_images/orig1.jpg","real",NA,NA,NA,NA,NA,NA,NA,NA
"694","164281",5,"resources/real_fg_memory_images/orig18.jpg","real",NA,NA,NA,NA,NA,NA,NA,NA
"695","164281",0,"resources/real_fg_memory_images/fg20.jpg","artificial",NA,NA,NA,NA,NA,NA,NA,NA
"696","164281",6,"resources/real_fg_memory_images/fg28.jpg","artificial",NA,NA,NA,NA,NA,NA,NA,NA
"697","164281",7,"resources/real_fg_memory_images/fg33.jpg","artificial",NA,NA,NA,NA,NA,NA,NA,NA
"698","164281",0,"resources/real_fg_memory_images/fg25.jpg","artificial",NA,NA,NA,NA,NA,NA,NA,NA
"699","164281",0,"resources/real_fg_memory_images/fg32.jpg","artificial",NA,NA,NA,NA,NA,NA,NA,NA
"700","164281",3,"resources/real_fg_memory_images/orig13.jpg","real",NA,NA,NA,NA,NA,NA,NA,NA
"701","164281",4,"resources/real_fg_memory_images/fg36.jpg","artificial",NA,NA,NA,NA,NA,NA,NA,NA
"702","164281",6,"resources/real_fg_memory_images/fg21.jpg","artificial",NA,NA,NA,NA,NA,NA,NA,NA
"703","164281",10,"resources/real_fg_memory_images/orig6.jpg","real",NA,NA,NA,NA,NA,NA,NA,NA
"704","164281",0,"resources/real_fg_memory_images/fg19.jpg","artificial",NA,NA,NA,NA,NA,NA,NA,NA
"705","164281",9,"resources/real_fg_memory_images/orig16.jpg","real",NA,NA,NA,NA,NA,NA,NA,NA
"706","164281",1,"resources/real_fg_memory_images/fg26.jpg","artificial",NA,NA,NA,NA,NA,NA,NA,NA
"707","164281",10,"resources/real_fg_memory_images/orig4.jpg","real",NA,NA,NA,NA,NA,NA,NA,NA
"708","164281",1,"resources/real_fg_memory_images/orig10.jpg","real",NA,NA,NA,NA,NA,NA,NA,NA
"709","164281",10,"resources/real_fg_memory_images/orig5.jpg","real",NA,NA,NA,NA,NA,NA,NA,NA
"710","164281",1,"resources/real_fg_memory_images/orig9.jpg","real",NA,NA,NA,NA,NA,NA,NA,NA
"711","164281",0,"resources/real_fg_memory_images/orig12.jpg","real",NA,NA,NA,NA,NA,NA,NA,NA
"712","164281",NA,NA,NA,NA,NA,NA,NA,NA,NA,NA,NA
"713","164281",NA,NA,NA,NA,NA,NA,NA,3,"If something sounds too good to be true, it usually is",NA,NA
"714","164281",NA,NA,NA,NA,NA,NA,NA,1,"I have difficulty ending a phone call, even if the caller is a telemarketer, someone I do not know, or someone I do not wish to call me",NA,NA
"715","164281",NA,NA,NA,NA,NA,NA,NA,5,"Persons over the age of 65 are often targeted by con-artists",NA,NA
"716","164281",NA,NA,NA,NA,NA,NA,NA,4,"I answer the phone whenever it rings, even if I do not know who is calling",NA,NA
"717","164281",NA,NA,NA,NA,NA,NA,NA,4,"If a telemarketer calls me, I usually listen to what they have to say",NA,NA
"718","164281",NA,NA,NA,NA,NA,NA,NA,NA,NA,NA,NA
"719","164281",NA,NA,NA,NA,NA,NA,NA,NA,NA,"[""female_option""]",NA
"720","164281",NA,NA,NA,NA,NA,NA,NA,NA,NA,NA,20
"721","164281",NA,NA,NA,NA,NA,NA,NA,NA,NA,NA,NA
"722","164281",NA,NA,NA,NA,NA,NA,NA,NA,NA,NA,NA
"723","164281",NA,NA,NA,NA,NA,NA,NA,NA,NA,NA,NA
"724","164281",NA,NA,NA,NA,NA,NA,NA,NA,NA,NA,NA
"725","164281",NA,NA,NA,NA,NA,NA,NA,NA,NA,NA,NA
"726","164281",NA,NA,NA,NA,NA,NA,NA,NA,NA,NA,NA
"727","164281",NA,NA,NA,NA,NA,NA,NA,NA,NA,NA,NA
"728","164281",NA,NA,NA,NA,NA,NA,NA,NA,NA,NA,NA
"729","164281",NA,NA,NA,NA,NA,NA,NA,NA,NA,NA,NA
"730","164281",NA,NA,NA,NA,NA,NA,NA,NA,NA,NA,NA
"731","234755",NA,NA,NA,NA,NA,NA,NA,NA,NA,NA,NA
"732","234755",NA,NA,NA,NA,NA,NA,NA,NA,NA,NA,NA
"733","234755",NA,NA,NA,NA,NA,NA,NA,NA,NA,NA,NA
"734","234755",NA,NA,NA,NA,NA,NA,NA,NA,NA,NA,NA
"735","234755",5,"resources/real_fg_memory_images/orig3.jpg","real",NA,NA,NA,NA,NA,NA,NA,NA
"736","234755",3,"resources/real_fg_memory_images/fg30.jpg","artificial",NA,NA,NA,NA,NA,NA,NA,NA
"737","234755",4,"resources/real_fg_memory_images/orig14.jpg","real",NA,NA,NA,NA,NA,NA,NA,NA
"738","234755",2,"resources/real_fg_memory_images/orig17.jpg","real",NA,NA,NA,NA,NA,NA,NA,NA
"739","234755",1,"resources/real_fg_memory_images/fg34.jpg","artificial",NA,NA,NA,NA,NA,NA,NA,NA
"740","234755",0,"resources/real_fg_memory_images/fg32.jpg","artificial",NA,NA,NA,NA,NA,NA,NA,NA
"741","234755",2,"resources/real_fg_memory_images/fg24.jpg","artificial",NA,NA,NA,NA,NA,NA,NA,NA
"742","234755",3,"resources/real_fg_memory_images/orig6.jpg","real",NA,NA,NA,NA,NA,NA,NA,NA
"743","234755",3,"resources/real_fg_memory_images/fg25.jpg","artificial",NA,NA,NA,NA,NA,NA,NA,NA
"744","234755",2,"resources/real_fg_memory_images/orig2.jpg","real",NA,NA,NA,NA,NA,NA,NA,NA
"745","234755",3,"resources/real_fg_memory_images/fg36.jpg","artificial",NA,NA,NA,NA,NA,NA,NA,NA
"746","234755",2,"resources/real_fg_memory_images/orig9.jpg","real",NA,NA,NA,NA,NA,NA,NA,NA
"747","234755",5,"resources/real_fg_memory_images/orig15.jpg","real",NA,NA,NA,NA,NA,NA,NA,NA
"748","234755",1,"resources/real_fg_memory_images/orig8.jpg","real",NA,NA,NA,NA,NA,NA,NA,NA
"749","234755",0,"resources/real_fg_memory_images/orig7.jpg","real",NA,NA,NA,NA,NA,NA,NA,NA
"750","234755",3,"resources/real_fg_memory_images/orig18.jpg","real",NA,NA,NA,NA,NA,NA,NA,NA
"751","234755",2,"resources/real_fg_memory_images/fg33.jpg","artificial",NA,NA,NA,NA,NA,NA,NA,NA
"752","234755",3,"resources/real_fg_memory_images/fg26.jpg","artificial",NA,NA,NA,NA,NA,NA,NA,NA
"753","234755",2,"resources/real_fg_memory_images/fg19.jpg","artificial",NA,NA,NA,NA,NA,NA,NA,NA
"754","234755",0,"resources/real_fg_memory_images/fg20.jpg","artificial",NA,NA,NA,NA,NA,NA,NA,NA
"755","234755",2,"resources/real_fg_memory_images/orig1.jpg","real",NA,NA,NA,NA,NA,NA,NA,NA
"756","234755",6,"resources/real_fg_memory_images/fg29.jpg","artificial",NA,NA,NA,NA,NA,NA,NA,NA
"757","234755",3,"resources/real_fg_memory_images/orig5.jpg","real",NA,NA,NA,NA,NA,NA,NA,NA
"758","234755",1,"resources/real_fg_memory_images/orig12.jpg","real",NA,NA,NA,NA,NA,NA,NA,NA
"759","234755",2,"resources/real_fg_memory_images/orig16.jpg","real",NA,NA,NA,NA,NA,NA,NA,NA
"760","234755",0,"resources/real_fg_memory_images/fg23.jpg","artificial",NA,NA,NA,NA,NA,NA,NA,NA
"761","234755",2,"resources/real_fg_memory_images/orig4.jpg","real",NA,NA,NA,NA,NA,NA,NA,NA
"762","234755",0,"resources/real_fg_memory_images/fg21.jpg","artificial",NA,NA,NA,NA,NA,NA,NA,NA
"763","234755",2,"resources/real_fg_memory_images/orig13.jpg","real",NA,NA,NA,NA,NA,NA,NA,NA
"764","234755",0,"resources/real_fg_memory_images/fg31.jpg","artificial",NA,NA,NA,NA,NA,NA,NA,NA
"765","234755",0,"resources/real_fg_memory_images/fg28.jpg","artificial",NA,NA,NA,NA,NA,NA,NA,NA
"766","234755",0,"resources/real_fg_memory_images/orig11.jpg","real",NA,NA,NA,NA,NA,NA,NA,NA
"767","234755",1,"resources/real_fg_memory_images/orig10.jpg","real",NA,NA,NA,NA,NA,NA,NA,NA
"768","234755",0,"resources/real_fg_memory_images/fg35.jpg","artificial",NA,NA,NA,NA,NA,NA,NA,NA
"769","234755",0,"resources/real_fg_memory_images/fg27.jpg","artificial",NA,NA,NA,NA,NA,NA,NA,NA
"770","234755",0,"resources/real_fg_memory_images/fg22.jpg","artificial",NA,NA,NA,NA,NA,NA,NA,NA
"771","234755",NA,NA,NA,NA,NA,NA,NA,NA,NA,NA,NA
"772","234755",NA,"resources/real_fg_memory_images/orig5.jpg",NA,"real","Neutral",NA,NA,NA,NA,NA,NA
"773","234755",NA,"resources/real_fg_memory_images/orig8.jpg",NA,"real","Scam",NA,NA,NA,NA,NA,NA
"774","234755",NA,"resources/real_fg_memory_images/fg23.jpg",NA,"artificial","Neutral",NA,NA,NA,NA,NA,NA
"775","234755",NA,"resources/real_fg_memory_images/fg24.jpg",NA,"artificial","Neutral",NA,NA,NA,NA,NA,NA
"776","234755",NA,"resources/real_fg_memory_images/fg21.jpg",NA,"artificial","Neutral",NA,NA,NA,NA,NA,NA
"777","234755",NA,"resources/real_fg_memory_images/orig6.jpg",NA,"real","Neutral",NA,NA,NA,NA,NA,NA
"778","234755",NA,"resources/real_fg_memory_images/orig7.jpg",NA,"real","Scam",NA,NA,NA,NA,NA,NA
"779","234755",NA,"resources/real_fg_memory_images/fg20.jpg",NA,"artificial","Neutral",NA,NA,NA,NA,NA,NA
"780","234755",NA,"resources/real_fg_memory_images/fg30.jpg",NA,"artificial","Scam",NA,NA,NA,NA,NA,NA
"781","234755",NA,"resources/real_fg_memory_images/fg22.jpg",NA,"artificial","Neutral",NA,NA,NA,NA,NA,NA
"782","234755",NA,"resources/real_fg_memory_images/fg19.jpg",NA,"artificial","Neutral",NA,NA,NA,NA,NA,NA
"783","234755",NA,"resources/real_fg_memory_images/orig10.jpg",NA,"real","Scam",NA,NA,NA,NA,NA,NA
"784","234755",NA,"resources/real_fg_memory_images/orig11.jpg",NA,"real","Scam",NA,NA,NA,NA,NA,NA
"785","234755",NA,"resources/real_fg_memory_images/orig1.jpg",NA,"real","Neurtal",NA,NA,NA,NA,NA,NA
"786","234755",NA,"resources/real_fg_memory_images/fg27.jpg",NA,"artificial","Scam",NA,NA,NA,NA,NA,NA
"787","234755",NA,"resources/real_fg_memory_images/fg26.jpg",NA,"artificial","Scam",NA,NA,NA,NA,NA,NA
"788","234755",NA,"resources/real_fg_memory_images/fg25.jpg",NA,"artificial","Scam",NA,NA,NA,NA,NA,NA
"789","234755",NA,"resources/real_fg_memory_images/fg28.jpg",NA,"artificial","Scam",NA,NA,NA,NA,NA,NA
"790","234755",NA,"resources/real_fg_memory_images/orig9.jpg",NA,"real","Scam",NA,NA,NA,NA,NA,NA
"791","234755",NA,"resources/real_fg_memory_images/orig4.jpg",NA,"real","Neutral",NA,NA,NA,NA,NA,NA
"792","234755",NA,"resources/real_fg_memory_images/fg29.jpg",NA,"artificial","Scam",NA,NA,NA,NA,NA,NA
"793","234755",NA,"resources/real_fg_memory_images/orig12.jpg",NA,"real","Scam",NA,NA,NA,NA,NA,NA
"794","234755",NA,"resources/real_fg_memory_images/orig2.jpg",NA,"real","Neutral",NA,NA,NA,NA,NA,NA
"795","234755",NA,"resources/real_fg_memory_images/orig3.jpg",NA,"real","Neutral",NA,NA,NA,NA,NA,NA
"796","234755",NA,NA,NA,NA,NA,NA,NA,NA,NA,NA,NA
"797","234755",NA,"resources/real_fg_memory_images/orig9.jpg",NA,"real","Scam","[""neutral_button""]","10",NA,NA,NA,NA
"798","234755",NA,"resources/real_fg_memory_images/orig6.jpg",NA,"real","Neutral","[""neutral_button""]","4",NA,NA,NA,NA
"799","234755",NA,"resources/real_fg_memory_images/orig5.jpg",NA,"real","Neutral","[""neutral_button""]","10",NA,NA,NA,NA
"800","234755",NA,"resources/real_fg_memory_images/fg29.jpg",NA,"artificial","Scam","[""scam_button""]","4",NA,NA,NA,NA
"801","234755",NA,"resources/real_fg_memory_images/fg24.jpg",NA,"artificial","Neutral","[""scam_button""]","2",NA,NA,NA,NA
"802","234755",NA,"resources/real_fg_memory_images/fg22.jpg",NA,"artificial","Neutral","[""neutral_button""]","10",NA,NA,NA,NA
"803","234755",NA,"resources/real_fg_memory_images/fg19.jpg",NA,"artificial","Neutral","[""neutral_button""]","6",NA,NA,NA,NA
"804","234755",NA,"resources/real_fg_memory_images/orig10.jpg",NA,"real","Scam","[""scam_button""]","10",NA,NA,NA,NA
"805","234755",NA,"resources/real_fg_memory_images/orig12.jpg",NA,"real","Scam","[""neutral_button""]","2",NA,NA,NA,NA
"806","234755",NA,"resources/real_fg_memory_images/orig8.jpg",NA,"real","Scam","[""scam_button""]","10",NA,NA,NA,NA
"807","234755",NA,"resources/real_fg_memory_images/fg30.jpg",NA,"artificial","Scam","[""scam_button""]","10",NA,NA,NA,NA
"808","234755",NA,"resources/real_fg_memory_images/orig3.jpg",NA,"real","Neutral","[""scam_button""]","3",NA,NA,NA,NA
"809","234755",NA,"resources/real_fg_memory_images/orig1.jpg",NA,"real","Neurtal","[""scam_button""]","1",NA,NA,NA,NA
"810","234755",NA,"resources/real_fg_memory_images/fg27.jpg",NA,"artificial","Scam","[""scam_button""]","2",NA,NA,NA,NA
"811","234755",NA,"resources/real_fg_memory_images/fg25.jpg",NA,"artificial","Scam","[""neutral_button""]","2",NA,NA,NA,NA
"812","234755",NA,"resources/real_fg_memory_images/fg28.jpg",NA,"artificial","Scam","[""neutral_button""]","6",NA,NA,NA,NA
"813","234755",NA,"resources/real_fg_memory_images/fg20.jpg",NA,"artificial","Neutral","[""neutral_button""]","2",NA,NA,NA,NA
"814","234755",NA,"resources/real_fg_memory_images/orig2.jpg",NA,"real","Neutral","[""scam_button""]","1",NA,NA,NA,NA
"815","234755",NA,"resources/real_fg_memory_images/orig4.jpg",NA,"real","Neutral","[""neutral_button""]","3",NA,NA,NA,NA
"816","234755",NA,"resources/real_fg_memory_images/orig7.jpg",NA,"real","Scam","[""scam_button""]","10",NA,NA,NA,NA
"817","234755",NA,"resources/real_fg_memory_images/fg26.jpg",NA,"artificial","Scam","[""neutral_button""]","2",NA,NA,NA,NA
"818","234755",NA,"resources/real_fg_memory_images/orig11.jpg",NA,"real","Scam","[""scam_button""]","4",NA,NA,NA,NA
"819","234755",NA,"resources/real_fg_memory_images/fg23.jpg",NA,"artificial","Neutral","[""neutral_button""]","1",NA,NA,NA,NA
"820","234755",NA,"resources/real_fg_memory_images/fg21.jpg",NA,"artificial","Neutral","[""neutral_button""]","4",NA,NA,NA,NA
"821","234755",NA,NA,NA,NA,NA,NA,NA,NA,NA,NA,NA
"822","234755",3,"resources/real_fg_memory_images/orig14.jpg","real",NA,NA,NA,NA,NA,NA,NA,NA
"823","234755",2,"resources/real_fg_memory_images/fg33.jpg","artificial",NA,NA,NA,NA,NA,NA,NA,NA
"824","234755",5,"resources/real_fg_memory_images/fg28.jpg","artificial",NA,NA,NA,NA,NA,NA,NA,NA
"825","234755",0,"resources/real_fg_memory_images/fg20.jpg","artificial",NA,NA,NA,NA,NA,NA,NA,NA
"826","234755",0,"resources/real_fg_memory_images/fg30.jpg","artificial",NA,NA,NA,NA,NA,NA,NA,NA
"827","234755",5,"resources/real_fg_memory_images/orig4.jpg","real",NA,NA,NA,NA,NA,NA,NA,NA
"828","234755",0,"resources/real_fg_memory_images/fg31.jpg","artificial",NA,NA,NA,NA,NA,NA,NA,NA
"829","234755",1,"resources/real_fg_memory_images/fg34.jpg","artificial",NA,NA,NA,NA,NA,NA,NA,NA
"830","234755",1,"resources/real_fg_memory_images/orig6.jpg","real",NA,NA,NA,NA,NA,NA,NA,NA
"831","234755",2,"resources/real_fg_memory_images/orig13.jpg","real",NA,NA,NA,NA,NA,NA,NA,NA
"832","234755",2,"resources/real_fg_memory_images/orig11.jpg","real",NA,NA,NA,NA,NA,NA,NA,NA
"833","234755",2,"resources/real_fg_memory_images/fg36.jpg","artificial",NA,NA,NA,NA,NA,NA,NA,NA
"834","234755",1,"resources/real_fg_memory_images/orig2.jpg","real",NA,NA,NA,NA,NA,NA,NA,NA
"835","234755",3,"resources/real_fg_memory_images/fg25.jpg","artificial",NA,NA,NA,NA,NA,NA,NA,NA
"836","234755",5,"resources/real_fg_memory_images/orig5.jpg","real",NA,NA,NA,NA,NA,NA,NA,NA
"837","234755",3,"resources/real_fg_memory_images/fg35.jpg","artificial",NA,NA,NA,NA,NA,NA,NA,NA
"838","234755",6,"resources/real_fg_memory_images/fg24.jpg","artificial",NA,NA,NA,NA,NA,NA,NA,NA
"839","234755",6,"resources/real_fg_memory_images/fg22.jpg","artificial",NA,NA,NA,NA,NA,NA,NA,NA
"840","234755",4,"resources/real_fg_memory_images/orig17.jpg","real",NA,NA,NA,NA,NA,NA,NA,NA
"841","234755",2,"resources/real_fg_memory_images/fg19.jpg","artificial",NA,NA,NA,NA,NA,NA,NA,NA
"842","234755",1,"resources/real_fg_memory_images/orig1.jpg","real",NA,NA,NA,NA,NA,NA,NA,NA
"843","234755",1,"resources/real_fg_memory_images/orig16.jpg","real",NA,NA,NA,NA,NA,NA,NA,NA
"844","234755",0,"resources/real_fg_memory_images/orig10.jpg","real",NA,NA,NA,NA,NA,NA,NA,NA
"845","234755",0,"resources/real_fg_memory_images/fg32.jpg","artificial",NA,NA,NA,NA,NA,NA,NA,NA
"846","234755",0,"resources/real_fg_memory_images/fg29.jpg","artificial",NA,NA,NA,NA,NA,NA,NA,NA
"847","234755",0,"resources/real_fg_memory_images/orig15.jpg","real",NA,NA,NA,NA,NA,NA,NA,NA
"848","234755",0,"resources/real_fg_memory_images/orig7.jpg","real",NA,NA,NA,NA,NA,NA,NA,NA
"849","234755",4,"resources/real_fg_memory_images/orig9.jpg","real",NA,NA,NA,NA,NA,NA,NA,NA
"850","234755",0,"resources/real_fg_memory_images/orig8.jpg","real",NA,NA,NA,NA,NA,NA,NA,NA
"851","234755",1,"resources/real_fg_memory_images/fg27.jpg","artificial",NA,NA,NA,NA,NA,NA,NA,NA
"852","234755",1,"resources/real_fg_memory_images/fg21.jpg","artificial",NA,NA,NA,NA,NA,NA,NA,NA
"853","234755",1,"resources/real_fg_memory_images/fg26.jpg","artificial",NA,NA,NA,NA,NA,NA,NA,NA
"854","234755",0,"resources/real_fg_memory_images/orig18.jpg","real",NA,NA,NA,NA,NA,NA,NA,NA
"855","234755",3,"resources/real_fg_memory_images/fg23.jpg","artificial",NA,NA,NA,NA,NA,NA,NA,NA
"856","234755",4,"resources/real_fg_memory_images/orig3.jpg","real",NA,NA,NA,NA,NA,NA,NA,NA
"857","234755",1,"resources/real_fg_memory_images/orig12.jpg","real",NA,NA,NA,NA,NA,NA,NA,NA
"858","234755",NA,NA,NA,NA,NA,NA,NA,NA,NA,NA,NA
"859","234755",NA,NA,NA,NA,NA,NA,NA,5,"If something sounds too good to be true, it usually is",NA,NA
"860","234755",NA,NA,NA,NA,NA,NA,NA,5,"Persons over the age of 65 are often targeted by con-artists",NA,NA
"861","234755",NA,NA,NA,NA,NA,NA,NA,4,"I answer the phone whenever it rings, even if I do not know who is calling",NA,NA
"862","234755",NA,NA,NA,NA,NA,NA,NA,1,"I have difficulty ending a phone call, even if the caller is a telemarketer, someone I do not know, or someone I do not wish to call me",NA,NA
"863","234755",NA,NA,NA,NA,NA,NA,NA,1,"If a telemarketer calls me, I usually listen to what they have to say",NA,NA
"864","234755",NA,NA,NA,NA,NA,NA,NA,NA,NA,NA,NA
"865","234755",NA,NA,NA,NA,NA,NA,NA,NA,NA,"[""male_option""]",NA
"866","234755",NA,NA,NA,NA,NA,NA,NA,NA,NA,NA,20
"867","234755",NA,NA,NA,NA,NA,NA,NA,NA,NA,NA,NA
"868","234755",NA,NA,NA,NA,NA,NA,NA,NA,NA,NA,NA
"869","234755",NA,NA,NA,NA,NA,NA,NA,NA,NA,NA,NA
"870","234755",NA,NA,NA,NA,NA,NA,NA,NA,NA,NA,NA
"871","234755",NA,NA,NA,NA,NA,NA,NA,NA,NA,NA,NA
"872","234755",NA,NA,NA,NA,NA,NA,NA,NA,NA,NA,NA
"873","234755",NA,NA,NA,NA,NA,NA,NA,NA,NA,NA,NA
"874","234755",NA,NA,NA,NA,NA,NA,NA,NA,NA,NA,NA
"875","234755",NA,NA,NA,NA,NA,NA,NA,NA,NA,NA,NA
"876","234755",NA,NA,NA,NA,NA,NA,NA,NA,NA,NA,NA
"877","264972",NA,NA,NA,NA,NA,NA,NA,NA,NA,NA,NA
"878","264972",NA,NA,NA,NA,NA,NA,NA,NA,NA,NA,NA
"879","264972",NA,NA,NA,NA,NA,NA,NA,NA,NA,NA,NA
"880","264972",NA,NA,NA,NA,NA,NA,NA,NA,NA,NA,NA
"881","264972",4,"resources/real_fg_memory_images/orig12.jpg","real",NA,NA,NA,NA,NA,NA,NA,NA
"882","264972",6,"resources/real_fg_memory_images/orig7.jpg","real",NA,NA,NA,NA,NA,NA,NA,NA
"883","264972",3,"resources/real_fg_memory_images/fg32.jpg","artificial",NA,NA,NA,NA,NA,NA,NA,NA
"884","264972",5,"resources/real_fg_memory_images/orig17.jpg","real",NA,NA,NA,NA,NA,NA,NA,NA
"885","264972",2,"resources/real_fg_memory_images/orig1.jpg","real",NA,NA,NA,NA,NA,NA,NA,NA
"886","264972",5,"resources/real_fg_memory_images/fg30.jpg","artificial",NA,NA,NA,NA,NA,NA,NA,NA
"887","264972",4,"resources/real_fg_memory_images/fg36.jpg","artificial",NA,NA,NA,NA,NA,NA,NA,NA
"888","264972",6,"resources/real_fg_memory_images/orig16.jpg","real",NA,NA,NA,NA,NA,NA,NA,NA
"889","264972",2,"resources/real_fg_memory_images/orig9.jpg","real",NA,NA,NA,NA,NA,NA,NA,NA
"890","264972",5,"resources/real_fg_memory_images/orig2.jpg","real",NA,NA,NA,NA,NA,NA,NA,NA
"891","264972",6,"resources/real_fg_memory_images/orig18.jpg","real",NA,NA,NA,NA,NA,NA,NA,NA
"892","264972",3,"resources/real_fg_memory_images/orig13.jpg","real",NA,NA,NA,NA,NA,NA,NA,NA
"893","264972",7,"resources/real_fg_memory_images/orig15.jpg","real",NA,NA,NA,NA,NA,NA,NA,NA
"894","264972",2,"resources/real_fg_memory_images/orig5.jpg","real",NA,NA,NA,NA,NA,NA,NA,NA
"895","264972",1,"resources/real_fg_memory_images/fg20.jpg","artificial",NA,NA,NA,NA,NA,NA,NA,NA
"896","264972",2,"resources/real_fg_memory_images/fg31.jpg","artificial",NA,NA,NA,NA,NA,NA,NA,NA
"897","264972",1,"resources/real_fg_memory_images/fg25.jpg","artificial",NA,NA,NA,NA,NA,NA,NA,NA
"898","264972",3,"resources/real_fg_memory_images/fg28.jpg","artificial",NA,NA,NA,NA,NA,NA,NA,NA
"899","264972",7,"resources/real_fg_memory_images/orig14.jpg","real",NA,NA,NA,NA,NA,NA,NA,NA
"900","264972",6,"resources/real_fg_memory_images/orig8.jpg","real",NA,NA,NA,NA,NA,NA,NA,NA
"901","264972",4,"resources/real_fg_memory_images/fg22.jpg","artificial",NA,NA,NA,NA,NA,NA,NA,NA
"902","264972",1,"resources/real_fg_memory_images/fg21.jpg","artificial",NA,NA,NA,NA,NA,NA,NA,NA
"903","264972",3,"resources/real_fg_memory_images/fg27.jpg","artificial",NA,NA,NA,NA,NA,NA,NA,NA
"904","264972",4,"resources/real_fg_memory_images/orig6.jpg","real",NA,NA,NA,NA,NA,NA,NA,NA
"905","264972",1,"resources/real_fg_memory_images/fg23.jpg","artificial",NA,NA,NA,NA,NA,NA,NA,NA
"906","264972",5,"resources/real_fg_memory_images/orig11.jpg","real",NA,NA,NA,NA,NA,NA,NA,NA
"907","264972",5,"resources/real_fg_memory_images/orig3.jpg","real",NA,NA,NA,NA,NA,NA,NA,NA
"908","264972",3,"resources/real_fg_memory_images/fg29.jpg","artificial",NA,NA,NA,NA,NA,NA,NA,NA
"909","264972",6,"resources/real_fg_memory_images/orig4.jpg","real",NA,NA,NA,NA,NA,NA,NA,NA
"910","264972",2,"resources/real_fg_memory_images/fg33.jpg","artificial",NA,NA,NA,NA,NA,NA,NA,NA
"911","264972",2,"resources/real_fg_memory_images/fg26.jpg","artificial",NA,NA,NA,NA,NA,NA,NA,NA
"912","264972",2,"resources/real_fg_memory_images/fg24.jpg","artificial",NA,NA,NA,NA,NA,NA,NA,NA
"913","264972",0,"resources/real_fg_memory_images/fg35.jpg","artificial",NA,NA,NA,NA,NA,NA,NA,NA
"914","264972",0,"resources/real_fg_memory_images/fg19.jpg","artificial",NA,NA,NA,NA,NA,NA,NA,NA
"915","264972",3,"resources/real_fg_memory_images/fg34.jpg","artificial",NA,NA,NA,NA,NA,NA,NA,NA
"916","264972",5,"resources/real_fg_memory_images/orig10.jpg","real",NA,NA,NA,NA,NA,NA,NA,NA
"917","264972",NA,NA,NA,NA,NA,NA,NA,NA,NA,NA,NA
"918","264972",NA,"resources/real_fg_memory_images/fg24.jpg",NA,"artificial","Neutral",NA,NA,NA,NA,NA,NA
"919","264972",NA,"resources/real_fg_memory_images/orig3.jpg",NA,"real","Neutral",NA,NA,NA,NA,NA,NA
"920","264972",NA,"resources/real_fg_memory_images/fg22.jpg",NA,"artificial","Neutral",NA,NA,NA,NA,NA,NA
"921","264972",NA,"resources/real_fg_memory_images/orig6.jpg",NA,"real","Neutral",NA,NA,NA,NA,NA,NA
"922","264972",NA,"resources/real_fg_memory_images/fg27.jpg",NA,"artificial","Scam",NA,NA,NA,NA,NA,NA
"923","264972",NA,"resources/real_fg_memory_images/orig12.jpg",NA,"real","Scam",NA,NA,NA,NA,NA,NA
"924","264972",NA,"resources/real_fg_memory_images/orig5.jpg",NA,"real","Neutral",NA,NA,NA,NA,NA,NA
"925","264972",NA,"resources/real_fg_memory_images/orig2.jpg",NA,"real","Neutral",NA,NA,NA,NA,NA,NA
"926","264972",NA,"resources/real_fg_memory_images/fg30.jpg",NA,"artificial","Scam",NA,NA,NA,NA,NA,NA
"927","264972",NA,"resources/real_fg_memory_images/orig9.jpg",NA,"real","Scam",NA,NA,NA,NA,NA,NA
"928","264972",NA,"resources/real_fg_memory_images/orig8.jpg",NA,"real","Scam",NA,NA,NA,NA,NA,NA
"929","264972",NA,"resources/real_fg_memory_images/orig11.jpg",NA,"real","Scam",NA,NA,NA,NA,NA,NA
"930","264972",NA,"resources/real_fg_memory_images/fg19.jpg",NA,"artificial","Neutral",NA,NA,NA,NA,NA,NA
"931","264972",NA,"resources/real_fg_memory_images/fg26.jpg",NA,"artificial","Scam",NA,NA,NA,NA,NA,NA
"932","264972",NA,"resources/real_fg_memory_images/orig1.jpg",NA,"real","Neurtal",NA,NA,NA,NA,NA,NA
"933","264972",NA,"resources/real_fg_memory_images/fg23.jpg",NA,"artificial","Neutral",NA,NA,NA,NA,NA,NA
"934","264972",NA,"resources/real_fg_memory_images/orig10.jpg",NA,"real","Scam",NA,NA,NA,NA,NA,NA
"935","264972",NA,"resources/real_fg_memory_images/fg25.jpg",NA,"artificial","Scam",NA,NA,NA,NA,NA,NA
"936","264972",NA,"resources/real_fg_memory_images/fg21.jpg",NA,"artificial","Neutral",NA,NA,NA,NA,NA,NA
"937","264972",NA,"resources/real_fg_memory_images/fg29.jpg",NA,"artificial","Scam",NA,NA,NA,NA,NA,NA
"938","264972",NA,"resources/real_fg_memory_images/orig4.jpg",NA,"real","Neutral",NA,NA,NA,NA,NA,NA
"939","264972",NA,"resources/real_fg_memory_images/orig7.jpg",NA,"real","Scam",NA,NA,NA,NA,NA,NA
"940","264972",NA,"resources/real_fg_memory_images/fg28.jpg",NA,"artificial","Scam",NA,NA,NA,NA,NA,NA
"941","264972",NA,"resources/real_fg_memory_images/fg20.jpg",NA,"artificial","Neutral",NA,NA,NA,NA,NA,NA
"942","264972",NA,NA,NA,NA,NA,NA,NA,NA,NA,NA,NA
"943","264972",NA,"resources/real_fg_memory_images/orig12.jpg",NA,"real","Scam","[""scam_button""]","9",NA,NA,NA,NA
"944","264972",NA,"resources/real_fg_memory_images/fg22.jpg",NA,"artificial","Neutral","[""scam_button""]","5",NA,NA,NA,NA
"945","264972",NA,"resources/real_fg_memory_images/fg23.jpg",NA,"artificial","Neutral","[""neutral_button""]","1",NA,NA,NA,NA
"946","264972",NA,"resources/real_fg_memory_images/fg29.jpg",NA,"artificial","Scam","[""scam_button""]","6",NA,NA,NA,NA
"947","264972",NA,"resources/real_fg_memory_images/orig1.jpg",NA,"real","Neurtal","[""scam_button""]","9",NA,NA,NA,NA
"948","264972",NA,"resources/real_fg_memory_images/fg28.jpg",NA,"artificial","Scam","[""scam_button""]","2",NA,NA,NA,NA
"949","264972",NA,"resources/real_fg_memory_images/fg19.jpg",NA,"artificial","Neutral","[""neutral_button""]","2",NA,NA,NA,NA
"950","264972",NA,"resources/real_fg_memory_images/fg21.jpg",NA,"artificial","Neutral","[""neutral_button""]","0",NA,NA,NA,NA
"951","264972",NA,"resources/real_fg_memory_images/orig8.jpg",NA,"real","Scam","[""scam_button""]","9",NA,NA,NA,NA
"952","264972",NA,"resources/real_fg_memory_images/fg26.jpg",NA,"artificial","Scam","[""scam_button""]","4",NA,NA,NA,NA
"953","264972",NA,"resources/real_fg_memory_images/orig6.jpg",NA,"real","Neutral","[""neutral_button""]","2",NA,NA,NA,NA
"954","264972",NA,"resources/real_fg_memory_images/fg20.jpg",NA,"artificial","Neutral","[""neutral_button""]","1",NA,NA,NA,NA
"955","264972",NA,"resources/real_fg_memory_images/fg30.jpg",NA,"artificial","Scam","[""scam_button""]","9",NA,NA,NA,NA
"956","264972",NA,"resources/real_fg_memory_images/orig5.jpg",NA,"real","Neutral","[""neutral_button""]","2",NA,NA,NA,NA
"957","264972",NA,"resources/real_fg_memory_images/orig3.jpg",NA,"real","Neutral","[""scam_button""]","2",NA,NA,NA,NA
"958","264972",NA,"resources/real_fg_memory_images/fg27.jpg",NA,"artificial","Scam","[""scam_button""]","2",NA,NA,NA,NA
"959","264972",NA,"resources/real_fg_memory_images/orig9.jpg",NA,"real","Scam","[""neutral_button""]","2",NA,NA,NA,NA
"960","264972",NA,"resources/real_fg_memory_images/orig10.jpg",NA,"real","Scam","[""scam_button""]","2",NA,NA,NA,NA
"961","264972",NA,"resources/real_fg_memory_images/orig7.jpg",NA,"real","Scam","[""scam_button""]","9",NA,NA,NA,NA
"962","264972",NA,"resources/real_fg_memory_images/orig2.jpg",NA,"real","Neutral","[""neutral_button""]","2",NA,NA,NA,NA
"963","264972",NA,"resources/real_fg_memory_images/orig4.jpg",NA,"real","Neutral","[""neutral_button""]","7",NA,NA,NA,NA
"964","264972",NA,"resources/real_fg_memory_images/orig11.jpg",NA,"real","Scam","[""neutral_button""]","2",NA,NA,NA,NA
"965","264972",NA,"resources/real_fg_memory_images/fg25.jpg",NA,"artificial","Scam","[""neutral_button""]","1",NA,NA,NA,NA
"966","264972",NA,"resources/real_fg_memory_images/fg24.jpg",NA,"artificial","Neutral","[""neutral_button""]","1",NA,NA,NA,NA
"967","264972",NA,NA,NA,NA,NA,NA,NA,NA,NA,NA,NA
"968","264972",0,"resources/real_fg_memory_images/orig1.jpg","real",NA,NA,NA,NA,NA,NA,NA,NA
"969","264972",2,"resources/real_fg_memory_images/fg32.jpg","artificial",NA,NA,NA,NA,NA,NA,NA,NA
"970","264972",2,"resources/real_fg_memory_images/orig9.jpg","real",NA,NA,NA,NA,NA,NA,NA,NA
"971","264972",5,"resources/real_fg_memory_images/orig11.jpg","real",NA,NA,NA,NA,NA,NA,NA,NA
"972","264972",5,"resources/real_fg_memory_images/fg21.jpg","artificial",NA,NA,NA,NA,NA,NA,NA,NA
"973","264972",3,"resources/real_fg_memory_images/fg36.jpg","artificial",NA,NA,NA,NA,NA,NA,NA,NA
"974","264972",4,"resources/real_fg_memory_images/orig15.jpg","real",NA,NA,NA,NA,NA,NA,NA,NA
"975","264972",0,"resources/real_fg_memory_images/orig7.jpg","real",NA,NA,NA,NA,NA,NA,NA,NA
"976","264972",2,"resources/real_fg_memory_images/fg35.jpg","artificial",NA,NA,NA,NA,NA,NA,NA,NA
"977","264972",0,"resources/real_fg_memory_images/orig12.jpg","real",NA,NA,NA,NA,NA,NA,NA,NA
"978","264972",3,"resources/real_fg_memory_images/orig13.jpg","real",NA,NA,NA,NA,NA,NA,NA,NA
"979","264972",2,"resources/real_fg_memory_images/fg31.jpg","artificial",NA,NA,NA,NA,NA,NA,NA,NA
"980","264972",4,"resources/real_fg_memory_images/fg33.jpg","artificial",NA,NA,NA,NA,NA,NA,NA,NA
"981","264972",6,"resources/real_fg_memory_images/orig14.jpg","real",NA,NA,NA,NA,NA,NA,NA,NA
"982","264972",2,"resources/real_fg_memory_images/orig6.jpg","real",NA,NA,NA,NA,NA,NA,NA,NA
"983","264972",2,"resources/real_fg_memory_images/orig10.jpg","real",NA,NA,NA,NA,NA,NA,NA,NA
"984","264972",1,"resources/real_fg_memory_images/fg26.jpg","artificial",NA,NA,NA,NA,NA,NA,NA,NA
"985","264972",5,"resources/real_fg_memory_images/orig18.jpg","real",NA,NA,NA,NA,NA,NA,NA,NA
"986","264972",3,"resources/real_fg_memory_images/orig3.jpg","real",NA,NA,NA,NA,NA,NA,NA,NA
"987","264972",3,"resources/real_fg_memory_images/fg20.jpg","artificial",NA,NA,NA,NA,NA,NA,NA,NA
"988","264972",0,"resources/real_fg_memory_images/fg30.jpg","artificial",NA,NA,NA,NA,NA,NA,NA,NA
"989","264972",3,"resources/real_fg_memory_images/orig5.jpg","real",NA,NA,NA,NA,NA,NA,NA,NA
"990","264972",5,"resources/real_fg_memory_images/fg34.jpg","artificial",NA,NA,NA,NA,NA,NA,NA,NA
"991","264972",3,"resources/real_fg_memory_images/orig2.jpg","real",NA,NA,NA,NA,NA,NA,NA,NA
"992","264972",0,"resources/real_fg_memory_images/orig8.jpg","real",NA,NA,NA,NA,NA,NA,NA,NA
"993","264972",2,"resources/real_fg_memory_images/fg23.jpg","artificial",NA,NA,NA,NA,NA,NA,NA,NA
"994","264972",4,"resources/real_fg_memory_images/fg28.jpg","artificial",NA,NA,NA,NA,NA,NA,NA,NA
"995","264972",4,"resources/real_fg_memory_images/orig16.jpg","real",NA,NA,NA,NA,NA,NA,NA,NA
"996","264972",3,"resources/real_fg_memory_images/fg29.jpg","artificial",NA,NA,NA,NA,NA,NA,NA,NA
"997","264972",2,"resources/real_fg_memory_images/fg27.jpg","artificial",NA,NA,NA,NA,NA,NA,NA,NA
"998","264972",2,"resources/real_fg_memory_images/fg22.jpg","artificial",NA,NA,NA,NA,NA,NA,NA,NA
"999","264972",2,"resources/real_fg_memory_images/fg19.jpg","artificial",NA,NA,NA,NA,NA,NA,NA,NA
"1000","264972",2,"resources/real_fg_memory_images/fg24.jpg","artificial",NA,NA,NA,NA,NA,NA,NA,NA
"1001","264972",2,"resources/real_fg_memory_images/orig17.jpg","real",NA,NA,NA,NA,NA,NA,NA,NA
"1002","264972",2,"resources/real_fg_memory_images/fg25.jpg","artificial",NA,NA,NA,NA,NA,NA,NA,NA
"1003","264972",7,"resources/real_fg_memory_images/orig4.jpg","real",NA,NA,NA,NA,NA,NA,NA,NA
"1004","264972",NA,NA,NA,NA,NA,NA,NA,NA,NA,NA,NA
"1005","264972",NA,NA,NA,NA,NA,NA,NA,3,"I answer the phone whenever it rings, even if I do not know who is calling",NA,NA
"1006","264972",NA,NA,NA,NA,NA,NA,NA,2,"If a telemarketer calls me, I usually listen to what they have to say",NA,NA
"1007","264972",NA,NA,NA,NA,NA,NA,NA,4,"I have difficulty ending a phone call, even if the caller is a telemarketer, someone I do not know, or someone I do not wish to call me",NA,NA
"1008","264972",NA,NA,NA,NA,NA,NA,NA,4,"Persons over the age of 65 are often targeted by con-artists",NA,NA
"1009","264972",NA,NA,NA,NA,NA,NA,NA,3,"If something sounds too good to be true, it usually is",NA,NA
"1010","264972",NA,NA,NA,NA,NA,NA,NA,NA,NA,NA,NA
"1011","264972",NA,NA,NA,NA,NA,NA,NA,NA,NA,"[""female_option""]",NA
"1012","264972",NA,NA,NA,NA,NA,NA,NA,NA,NA,NA,21
"1013","264972",NA,NA,NA,NA,NA,NA,NA,NA,NA,NA,NA
"1014","264972",NA,NA,NA,NA,NA,NA,NA,NA,NA,NA,NA
"1015","264972",NA,NA,NA,NA,NA,NA,NA,NA,NA,NA,NA
"1016","264972",NA,NA,NA,NA,NA,NA,NA,NA,NA,NA,NA
"1017","264972",NA,NA,NA,NA,NA,NA,NA,NA,NA,NA,NA
"1018","264972",NA,NA,NA,NA,NA,NA,NA,NA,NA,NA,NA
"1019","264972",NA,NA,NA,NA,NA,NA,NA,NA,NA,NA,NA
"1020","264972",NA,NA,NA,NA,NA,NA,NA,NA,NA,NA,NA
"1021","264972",NA,NA,NA,NA,NA,NA,NA,NA,NA,NA,NA
"1022","264972",NA,NA,NA,NA,NA,NA,NA,NA,NA,NA,NA
"1023","337202",NA,NA,NA,NA,NA,NA,NA,NA,NA,NA,NA
"1024","337202",NA,NA,NA,NA,NA,NA,NA,NA,NA,NA,NA
"1025","337202",NA,NA,NA,NA,NA,NA,NA,NA,NA,NA,NA
"1026","337202",NA,NA,NA,NA,NA,NA,NA,NA,NA,NA,NA
"1027","337202",5,"resources/real_fg_memory_images/orig12.jpg","real",NA,NA,NA,NA,NA,NA,NA,NA
"1028","337202",4,"resources/real_fg_memory_images/fg26.jpg","artificial",NA,NA,NA,NA,NA,NA,NA,NA
"1029","337202",5,"resources/real_fg_memory_images/fg36.jpg","artificial",NA,NA,NA,NA,NA,NA,NA,NA
"1030","337202",6,"resources/real_fg_memory_images/orig16.jpg","real",NA,NA,NA,NA,NA,NA,NA,NA
"1031","337202",5,"resources/real_fg_memory_images/fg34.jpg","artificial",NA,NA,NA,NA,NA,NA,NA,NA
"1032","337202",6,"resources/real_fg_memory_images/orig17.jpg","real",NA,NA,NA,NA,NA,NA,NA,NA
"1033","337202",5,"resources/real_fg_memory_images/orig10.jpg","real",NA,NA,NA,NA,NA,NA,NA,NA
"1034","337202",6,"resources/real_fg_memory_images/orig15.jpg","real",NA,NA,NA,NA,NA,NA,NA,NA
"1035","337202",5,"resources/real_fg_memory_images/orig14.jpg","real",NA,NA,NA,NA,NA,NA,NA,NA
"1036","337202",5,"resources/real_fg_memory_images/orig11.jpg","real",NA,NA,NA,NA,NA,NA,NA,NA
"1037","337202",6,"resources/real_fg_memory_images/fg28.jpg","artificial",NA,NA,NA,NA,NA,NA,NA,NA
"1038","337202",4,"resources/real_fg_memory_images/orig4.jpg","real",NA,NA,NA,NA,NA,NA,NA,NA
"1039","337202",44,"resources/real_fg_memory_images/fg29.jpg","artificial",NA,NA,NA,NA,NA,NA,NA,NA
"1040","337202",5,"resources/real_fg_memory_images/fg24.jpg","artificial",NA,NA,NA,NA,NA,NA,NA,NA
"1041","337202",4,"resources/real_fg_memory_images/orig1.jpg","real",NA,NA,NA,NA,NA,NA,NA,NA
"1042","337202",4,"resources/real_fg_memory_images/fg30.jpg","artificial",NA,NA,NA,NA,NA,NA,NA,NA
"1043","337202",6,"resources/real_fg_memory_images/fg32.jpg","artificial",NA,NA,NA,NA,NA,NA,NA,NA
"1044","337202",4,"resources/real_fg_memory_images/fg20.jpg","artificial",NA,NA,NA,NA,NA,NA,NA,NA
"1045","337202",5,"resources/real_fg_memory_images/orig3.jpg","real",NA,NA,NA,NA,NA,NA,NA,NA
"1046","337202",4,"resources/real_fg_memory_images/fg22.jpg","artificial",NA,NA,NA,NA,NA,NA,NA,NA
"1047","337202",6,"resources/real_fg_memory_images/fg25.jpg","artificial",NA,NA,NA,NA,NA,NA,NA,NA
"1048","337202",5,"resources/real_fg_memory_images/orig6.jpg","real",NA,NA,NA,NA,NA,NA,NA,NA
"1049","337202",6,"resources/real_fg_memory_images/fg19.jpg","artificial",NA,NA,NA,NA,NA,NA,NA,NA
"1050","337202",5,"resources/real_fg_memory_images/fg33.jpg","artificial",NA,NA,NA,NA,NA,NA,NA,NA
"1051","337202",4,"resources/real_fg_memory_images/fg31.jpg","artificial",NA,NA,NA,NA,NA,NA,NA,NA
"1052","337202",4,"resources/real_fg_memory_images/fg35.jpg","artificial",NA,NA,NA,NA,NA,NA,NA,NA
"1053","337202",4,"resources/real_fg_memory_images/orig9.jpg","real",NA,NA,NA,NA,NA,NA,NA,NA
"1054","337202",4,"resources/real_fg_memory_images/orig18.jpg","real",NA,NA,NA,NA,NA,NA,NA,NA
"1055","337202",5,"resources/real_fg_memory_images/fg21.jpg","artificial",NA,NA,NA,NA,NA,NA,NA,NA
"1056","337202",5,"resources/real_fg_memory_images/orig2.jpg","real",NA,NA,NA,NA,NA,NA,NA,NA
"1057","337202",4,"resources/real_fg_memory_images/fg27.jpg","artificial",NA,NA,NA,NA,NA,NA,NA,NA
"1058","337202",5,"resources/real_fg_memory_images/fg23.jpg","artificial",NA,NA,NA,NA,NA,NA,NA,NA
"1059","337202",3,"resources/real_fg_memory_images/orig8.jpg","real",NA,NA,NA,NA,NA,NA,NA,NA
"1060","337202",5,"resources/real_fg_memory_images/orig7.jpg","real",NA,NA,NA,NA,NA,NA,NA,NA
"1061","337202",4,"resources/real_fg_memory_images/orig5.jpg","real",NA,NA,NA,NA,NA,NA,NA,NA
"1062","337202",5,"resources/real_fg_memory_images/orig13.jpg","real",NA,NA,NA,NA,NA,NA,NA,NA
"1063","337202",NA,NA,NA,NA,NA,NA,NA,NA,NA,NA,NA
"1064","337202",NA,"resources/real_fg_memory_images/fg30.jpg",NA,"artificial","Scam",NA,NA,NA,NA,NA,NA
"1065","337202",NA,"resources/real_fg_memory_images/fg19.jpg",NA,"artificial","Neutral",NA,NA,NA,NA,NA,NA
"1066","337202",NA,"resources/real_fg_memory_images/orig12.jpg",NA,"real","Scam",NA,NA,NA,NA,NA,NA
"1067","337202",NA,"resources/real_fg_memory_images/orig9.jpg",NA,"real","Scam",NA,NA,NA,NA,NA,NA
"1068","337202",NA,"resources/real_fg_memory_images/fg25.jpg",NA,"artificial","Scam",NA,NA,NA,NA,NA,NA
"1069","337202",NA,"resources/real_fg_memory_images/fg29.jpg",NA,"artificial","Scam",NA,NA,NA,NA,NA,NA
"1070","337202",NA,"resources/real_fg_memory_images/orig5.jpg",NA,"real","Neutral",NA,NA,NA,NA,NA,NA
"1071","337202",NA,"resources/real_fg_memory_images/fg27.jpg",NA,"artificial","Scam",NA,NA,NA,NA,NA,NA
"1072","337202",NA,"resources/real_fg_memory_images/orig3.jpg",NA,"real","Neutral",NA,NA,NA,NA,NA,NA
"1073","337202",NA,"resources/real_fg_memory_images/fg22.jpg",NA,"artificial","Neutral",NA,NA,NA,NA,NA,NA
"1074","337202",NA,"resources/real_fg_memory_images/fg26.jpg",NA,"artificial","Scam",NA,NA,NA,NA,NA,NA
"1075","337202",NA,"resources/real_fg_memory_images/orig8.jpg",NA,"real","Scam",NA,NA,NA,NA,NA,NA
"1076","337202",NA,"resources/real_fg_memory_images/fg24.jpg",NA,"artificial","Neutral",NA,NA,NA,NA,NA,NA
"1077","337202",NA,"resources/real_fg_memory_images/orig2.jpg",NA,"real","Neutral",NA,NA,NA,NA,NA,NA
"1078","337202",NA,"resources/real_fg_memory_images/orig1.jpg",NA,"real","Neurtal",NA,NA,NA,NA,NA,NA
"1079","337202",NA,"resources/real_fg_memory_images/fg23.jpg",NA,"artificial","Neutral",NA,NA,NA,NA,NA,NA
"1080","337202",NA,"resources/real_fg_memory_images/fg21.jpg",NA,"artificial","Neutral",NA,NA,NA,NA,NA,NA
"1081","337202",NA,"resources/real_fg_memory_images/orig10.jpg",NA,"real","Scam",NA,NA,NA,NA,NA,NA
"1082","337202",NA,"resources/real_fg_memory_images/fg20.jpg",NA,"artificial","Neutral",NA,NA,NA,NA,NA,NA
"1083","337202",NA,"resources/real_fg_memory_images/orig6.jpg",NA,"real","Neutral",NA,NA,NA,NA,NA,NA
"1084","337202",NA,"resources/real_fg_memory_images/fg28.jpg",NA,"artificial","Scam",NA,NA,NA,NA,NA,NA
"1085","337202",NA,"resources/real_fg_memory_images/orig11.jpg",NA,"real","Scam",NA,NA,NA,NA,NA,NA
"1086","337202",NA,"resources/real_fg_memory_images/orig7.jpg",NA,"real","Scam",NA,NA,NA,NA,NA,NA
"1087","337202",NA,"resources/real_fg_memory_images/orig4.jpg",NA,"real","Neutral",NA,NA,NA,NA,NA,NA
"1088","337202",NA,NA,NA,NA,NA,NA,NA,NA,NA,NA,NA
"1089","337202",NA,"resources/real_fg_memory_images/orig3.jpg",NA,"real","Neutral","[""neutral_button""]","7",NA,NA,NA,NA
"1090","337202",NA,"resources/real_fg_memory_images/fg25.jpg",NA,"artificial","Scam","[""neutral_button""]","6",NA,NA,NA,NA
"1091","337202",NA,"resources/real_fg_memory_images/fg22.jpg",NA,"artificial","Neutral","[""neutral_button""]","6",NA,NA,NA,NA
"1092","337202",NA,"resources/real_fg_memory_images/fg23.jpg",NA,"artificial","Neutral","[""scam_button""]","4",NA,NA,NA,NA
"1093","337202",NA,"resources/real_fg_memory_images/orig6.jpg",NA,"real","Neutral","[""scam_button""]","3",NA,NA,NA,NA
"1094","337202",NA,"resources/real_fg_memory_images/orig8.jpg",NA,"real","Scam","[""scam_button""]","8",NA,NA,NA,NA
"1095","337202",NA,"resources/real_fg_memory_images/fg20.jpg",NA,"artificial","Neutral","[""scam_button""]","2",NA,NA,NA,NA
"1096","337202",NA,"resources/real_fg_memory_images/fg29.jpg",NA,"artificial","Scam","[""scam_button""]","2",NA,NA,NA,NA
"1097","337202",NA,"resources/real_fg_memory_images/orig7.jpg",NA,"real","Scam","[""scam_button""]","4",NA,NA,NA,NA
"1098","337202",NA,"resources/real_fg_memory_images/orig10.jpg",NA,"real","Scam","[""neutral_button""]","5",NA,NA,NA,NA
"1099","337202",NA,"resources/real_fg_memory_images/fg27.jpg",NA,"artificial","Scam","[""scam_button""]","2",NA,NA,NA,NA
"1100","337202",NA,"resources/real_fg_memory_images/fg24.jpg",NA,"artificial","Neutral","[""scam_button""]","2",NA,NA,NA,NA
"1101","337202",NA,"resources/real_fg_memory_images/fg19.jpg",NA,"artificial","Neutral","[""scam_button""]","2",NA,NA,NA,NA
"1102","337202",NA,"resources/real_fg_memory_images/fg21.jpg",NA,"artificial","Neutral","[""scam_button""]","2",NA,NA,NA,NA
"1103","337202",NA,"resources/real_fg_memory_images/orig5.jpg",NA,"real","Neutral","[""neutral_button""]","2",NA,NA,NA,NA
"1104","337202",NA,"resources/real_fg_memory_images/orig2.jpg",NA,"real","Neutral","[""neutral_button""]","5",NA,NA,NA,NA
"1105","337202",NA,"resources/real_fg_memory_images/orig12.jpg",NA,"real","Scam","[""scam_button""]","4",NA,NA,NA,NA
"1106","337202",NA,"resources/real_fg_memory_images/orig11.jpg",NA,"real","Scam","[""neutral_button""]","2",NA,NA,NA,NA
"1107","337202",NA,"resources/real_fg_memory_images/fg30.jpg",NA,"artificial","Scam","[""scam_button""]","2",NA,NA,NA,NA
"1108","337202",NA,"resources/real_fg_memory_images/fg28.jpg",NA,"artificial","Scam","[""neutral_button""]","2",NA,NA,NA,NA
"1109","337202",NA,"resources/real_fg_memory_images/orig1.jpg",NA,"real","Neurtal","[""neutral_button""]","5",NA,NA,NA,NA
"1110","337202",NA,"resources/real_fg_memory_images/orig9.jpg",NA,"real","Scam","[""neutral_button""]","5",NA,NA,NA,NA
"1111","337202",NA,"resources/real_fg_memory_images/orig4.jpg",NA,"real","Neutral","[""scam_button""]","5",NA,NA,NA,NA
"1112","337202",NA,"resources/real_fg_memory_images/fg26.jpg",NA,"artificial","Scam","[""scam_button""]","5",NA,NA,NA,NA
"1113","337202",NA,NA,NA,NA,NA,NA,NA,NA,NA,NA,NA
"1114","337202",5,"resources/real_fg_memory_images/orig3.jpg","real",NA,NA,NA,NA,NA,NA,NA,NA
"1115","337202",4,"resources/real_fg_memory_images/orig9.jpg","real",NA,NA,NA,NA,NA,NA,NA,NA
"1116","337202",4,"resources/real_fg_memory_images/orig6.jpg","real",NA,NA,NA,NA,NA,NA,NA,NA
"1117","337202",3,"resources/real_fg_memory_images/orig8.jpg","real",NA,NA,NA,NA,NA,NA,NA,NA
"1118","337202",3,"resources/real_fg_memory_images/fg20.jpg","artificial",NA,NA,NA,NA,NA,NA,NA,NA
"1119","337202",5,"resources/real_fg_memory_images/fg28.jpg","artificial",NA,NA,NA,NA,NA,NA,NA,NA
"1120","337202",5,"resources/real_fg_memory_images/fg19.jpg","artificial",NA,NA,NA,NA,NA,NA,NA,NA
"1121","337202",5,"resources/real_fg_memory_images/fg36.jpg","artificial",NA,NA,NA,NA,NA,NA,NA,NA
"1122","337202",5,"resources/real_fg_memory_images/fg33.jpg","artificial",NA,NA,NA,NA,NA,NA,NA,NA
"1123","337202",4,"resources/real_fg_memory_images/orig10.jpg","real",NA,NA,NA,NA,NA,NA,NA,NA
"1124","337202",5,"resources/real_fg_memory_images/fg26.jpg","artificial",NA,NA,NA,NA,NA,NA,NA,NA
"1125","337202",5,"resources/real_fg_memory_images/orig4.jpg","real",NA,NA,NA,NA,NA,NA,NA,NA
"1126","337202",4,"resources/real_fg_memory_images/orig1.jpg","real",NA,NA,NA,NA,NA,NA,NA,NA
"1127","337202",4,"resources/real_fg_memory_images/orig12.jpg","real",NA,NA,NA,NA,NA,NA,NA,NA
"1128","337202",4,"resources/real_fg_memory_images/fg30.jpg","artificial",NA,NA,NA,NA,NA,NA,NA,NA
"1129","337202",4,"resources/real_fg_memory_images/orig17.jpg","real",NA,NA,NA,NA,NA,NA,NA,NA
"1130","337202",4,"resources/real_fg_memory_images/orig5.jpg","real",NA,NA,NA,NA,NA,NA,NA,NA
"1131","337202",5,"resources/real_fg_memory_images/fg24.jpg","artificial",NA,NA,NA,NA,NA,NA,NA,NA
"1132","337202",5,"resources/real_fg_memory_images/orig16.jpg","real",NA,NA,NA,NA,NA,NA,NA,NA
"1133","337202",4,"resources/real_fg_memory_images/fg21.jpg","artificial",NA,NA,NA,NA,NA,NA,NA,NA
"1134","337202",5,"resources/real_fg_memory_images/orig13.jpg","real",NA,NA,NA,NA,NA,NA,NA,NA
"1135","337202",4,"resources/real_fg_memory_images/orig2.jpg","real",NA,NA,NA,NA,NA,NA,NA,NA
"1136","337202",4,"resources/real_fg_memory_images/orig18.jpg","real",NA,NA,NA,NA,NA,NA,NA,NA
"1137","337202",4,"resources/real_fg_memory_images/fg32.jpg","artificial",NA,NA,NA,NA,NA,NA,NA,NA
"1138","337202",3,"resources/real_fg_memory_images/fg22.jpg","artificial",NA,NA,NA,NA,NA,NA,NA,NA
"1139","337202",4,"resources/real_fg_memory_images/orig14.jpg","real",NA,NA,NA,NA,NA,NA,NA,NA
"1140","337202",4,"resources/real_fg_memory_images/fg34.jpg","artificial",NA,NA,NA,NA,NA,NA,NA,NA
"1141","337202",4,"resources/real_fg_memory_images/fg29.jpg","artificial",NA,NA,NA,NA,NA,NA,NA,NA
"1142","337202",4,"resources/real_fg_memory_images/orig7.jpg","real",NA,NA,NA,NA,NA,NA,NA,NA
"1143","337202",3,"resources/real_fg_memory_images/fg27.jpg","artificial",NA,NA,NA,NA,NA,NA,NA,NA
"1144","337202",3,"resources/real_fg_memory_images/orig11.jpg","real",NA,NA,NA,NA,NA,NA,NA,NA
"1145","337202",NA,"resources/real_fg_memory_images/fg35.jpg","artificial",NA,NA,NA,NA,NA,NA,NA,NA
"1146","337202",4,"resources/real_fg_memory_images/fg23.jpg","artificial",NA,NA,NA,NA,NA,NA,NA,NA
"1147","337202",5,"resources/real_fg_memory_images/fg31.jpg","artificial",NA,NA,NA,NA,NA,NA,NA,NA
"1148","337202",5,"resources/real_fg_memory_images/fg25.jpg","artificial",NA,NA,NA,NA,NA,NA,NA,NA
"1149","337202",5,"resources/real_fg_memory_images/orig15.jpg","real",NA,NA,NA,NA,NA,NA,NA,NA
"1150","337202",NA,NA,NA,NA,NA,NA,NA,NA,NA,NA,NA
"1151","337202",NA,NA,NA,NA,NA,NA,NA,2,"If a telemarketer calls me, I usually listen to what they have to say",NA,NA
"1152","337202",NA,NA,NA,NA,NA,NA,NA,4,"Persons over the age of 65 are often targeted by con-artists",NA,NA
"1153","337202",NA,NA,NA,NA,NA,NA,NA,1,"I answer the phone whenever it rings, even if I do not know who is calling",NA,NA
"1154","337202",NA,NA,NA,NA,NA,NA,NA,3,"I have difficulty ending a phone call, even if the caller is a telemarketer, someone I do not know, or someone I do not wish to call me",NA,NA
"1155","337202",NA,NA,NA,NA,NA,NA,NA,2,"If something sounds too good to be true, it usually is",NA,NA
"1156","337202",NA,NA,NA,NA,NA,NA,NA,NA,NA,NA,NA
"1157","337202",NA,NA,NA,NA,NA,NA,NA,NA,NA,"[]",NA
"1158","337202",NA,NA,NA,NA,NA,NA,NA,NA,NA,NA,20
"1159","337202",NA,NA,NA,NA,NA,NA,NA,NA,NA,NA,NA
"1160","337202",NA,NA,NA,NA,NA,NA,NA,NA,NA,NA,NA
"1161","337202",NA,NA,NA,NA,NA,NA,NA,NA,NA,NA,NA
"1162","337202",NA,NA,NA,NA,NA,NA,NA,NA,NA,NA,NA
"1163","337202",NA,NA,NA,NA,NA,NA,NA,NA,NA,NA,NA
"1164","337202",NA,NA,NA,NA,NA,NA,NA,NA,NA,NA,NA
"1165","337202",NA,NA,NA,NA,NA,NA,NA,NA,NA,NA,NA
"1166","337202",NA,NA,NA,NA,NA,NA,NA,NA,NA,NA,NA
"1167","337202",NA,NA,NA,NA,NA,NA,NA,NA,NA,NA,NA
"1168","337202",NA,NA,NA,NA,NA,NA,NA,NA,NA,NA,NA
"1169","369609",NA,NA,NA,NA,NA,NA,NA,NA,NA,NA,NA
"1170","369609",NA,NA,NA,NA,NA,NA,NA,NA,NA,NA,NA
"1171","369609",NA,NA,NA,NA,NA,NA,NA,NA,NA,NA,NA
"1172","369609",NA,NA,NA,NA,NA,NA,NA,NA,NA,NA,NA
"1173","369609",5,"resources/real_fg_memory_images/orig8.jpg","real",NA,NA,NA,NA,NA,NA,NA,NA
"1174","369609",5,"resources/real_fg_memory_images/orig10.jpg","real",NA,NA,NA,NA,NA,NA,NA,NA
"1175","369609",9,"resources/real_fg_memory_images/orig16.jpg","real",NA,NA,NA,NA,NA,NA,NA,NA
"1176","369609",5,"resources/real_fg_memory_images/orig13.jpg","real",NA,NA,NA,NA,NA,NA,NA,NA
"1177","369609",6,"resources/real_fg_memory_images/fg25.jpg","artificial",NA,NA,NA,NA,NA,NA,NA,NA
"1178","369609",5,"resources/real_fg_memory_images/orig7.jpg","real",NA,NA,NA,NA,NA,NA,NA,NA
"1179","369609",3,"resources/real_fg_memory_images/fg23.jpg","artificial",NA,NA,NA,NA,NA,NA,NA,NA
"1180","369609",4,"resources/real_fg_memory_images/orig11.jpg","real",NA,NA,NA,NA,NA,NA,NA,NA
"1181","369609",5,"resources/real_fg_memory_images/orig9.jpg","real",NA,NA,NA,NA,NA,NA,NA,NA
"1182","369609",8,"resources/real_fg_memory_images/orig6.jpg","real",NA,NA,NA,NA,NA,NA,NA,NA
"1183","369609",7,"resources/real_fg_memory_images/orig3.jpg","real",NA,NA,NA,NA,NA,NA,NA,NA
"1184","369609",5,"resources/real_fg_memory_images/orig4.jpg","real",NA,NA,NA,NA,NA,NA,NA,NA
"1185","369609",4,"resources/real_fg_memory_images/orig14.jpg","real",NA,NA,NA,NA,NA,NA,NA,NA
"1186","369609",8,"resources/real_fg_memory_images/fg22.jpg","artificial",NA,NA,NA,NA,NA,NA,NA,NA
"1187","369609",3,"resources/real_fg_memory_images/fg35.jpg","artificial",NA,NA,NA,NA,NA,NA,NA,NA
"1188","369609",4,"resources/real_fg_memory_images/orig15.jpg","real",NA,NA,NA,NA,NA,NA,NA,NA
"1189","369609",3,"resources/real_fg_memory_images/fg19.jpg","artificial",NA,NA,NA,NA,NA,NA,NA,NA
"1190","369609",4,"resources/real_fg_memory_images/fg20.jpg","artificial",NA,NA,NA,NA,NA,NA,NA,NA
"1191","369609",4,"resources/real_fg_memory_images/orig17.jpg","real",NA,NA,NA,NA,NA,NA,NA,NA
"1192","369609",3,"resources/real_fg_memory_images/orig12.jpg","real",NA,NA,NA,NA,NA,NA,NA,NA
"1193","369609",5,"resources/real_fg_memory_images/orig2.jpg","real",NA,NA,NA,NA,NA,NA,NA,NA
"1194","369609",3,"resources/real_fg_memory_images/fg29.jpg","artificial",NA,NA,NA,NA,NA,NA,NA,NA
"1195","369609",3,"resources/real_fg_memory_images/fg27.jpg","artificial",NA,NA,NA,NA,NA,NA,NA,NA
"1196","369609",3,"resources/real_fg_memory_images/fg21.jpg","artificial",NA,NA,NA,NA,NA,NA,NA,NA
"1197","369609",3,"resources/real_fg_memory_images/fg30.jpg","artificial",NA,NA,NA,NA,NA,NA,NA,NA
"1198","369609",3,"resources/real_fg_memory_images/fg26.jpg","artificial",NA,NA,NA,NA,NA,NA,NA,NA
"1199","369609",3,"resources/real_fg_memory_images/fg36.jpg","artificial",NA,NA,NA,NA,NA,NA,NA,NA
"1200","369609",3,"resources/real_fg_memory_images/fg34.jpg","artificial",NA,NA,NA,NA,NA,NA,NA,NA
"1201","369609",3,"resources/real_fg_memory_images/orig5.jpg","real",NA,NA,NA,NA,NA,NA,NA,NA
"1202","369609",3,"resources/real_fg_memory_images/fg31.jpg","artificial",NA,NA,NA,NA,NA,NA,NA,NA
"1203","369609",3,"resources/real_fg_memory_images/fg28.jpg","artificial",NA,NA,NA,NA,NA,NA,NA,NA
"1204","369609",3,"resources/real_fg_memory_images/fg32.jpg","artificial",NA,NA,NA,NA,NA,NA,NA,NA
"1205","369609",5,"resources/real_fg_memory_images/orig1.jpg","real",NA,NA,NA,NA,NA,NA,NA,NA
"1206","369609",7,"resources/real_fg_memory_images/orig18.jpg","real",NA,NA,NA,NA,NA,NA,NA,NA
"1207","369609",5,"resources/real_fg_memory_images/fg24.jpg","artificial",NA,NA,NA,NA,NA,NA,NA,NA
"1208","369609",5,"resources/real_fg_memory_images/fg33.jpg","artificial",NA,NA,NA,NA,NA,NA,NA,NA
"1209","369609",NA,NA,NA,NA,NA,NA,NA,NA,NA,NA,NA
"1210","369609",NA,"resources/real_fg_memory_images/orig9.jpg",NA,"real","Scam",NA,NA,NA,NA,NA,NA
"1211","369609",NA,"resources/real_fg_memory_images/fg29.jpg",NA,"artificial","Scam",NA,NA,NA,NA,NA,NA
"1212","369609",NA,"resources/real_fg_memory_images/fg21.jpg",NA,"artificial","Neutral",NA,NA,NA,NA,NA,NA
"1213","369609",NA,"resources/real_fg_memory_images/orig4.jpg",NA,"real","Neutral",NA,NA,NA,NA,NA,NA
"1214","369609",NA,"resources/real_fg_memory_images/fg22.jpg",NA,"artificial","Neutral",NA,NA,NA,NA,NA,NA
"1215","369609",NA,"resources/real_fg_memory_images/fg23.jpg",NA,"artificial","Neutral",NA,NA,NA,NA,NA,NA
"1216","369609",NA,"resources/real_fg_memory_images/fg30.jpg",NA,"artificial","Scam",NA,NA,NA,NA,NA,NA
"1217","369609",NA,"resources/real_fg_memory_images/fg24.jpg",NA,"artificial","Neutral",NA,NA,NA,NA,NA,NA
"1218","369609",NA,"resources/real_fg_memory_images/fg26.jpg",NA,"artificial","Scam",NA,NA,NA,NA,NA,NA
"1219","369609",NA,"resources/real_fg_memory_images/orig7.jpg",NA,"real","Scam",NA,NA,NA,NA,NA,NA
"1220","369609",NA,"resources/real_fg_memory_images/fg25.jpg",NA,"artificial","Scam",NA,NA,NA,NA,NA,NA
"1221","369609",NA,"resources/real_fg_memory_images/fg27.jpg",NA,"artificial","Scam",NA,NA,NA,NA,NA,NA
"1222","369609",NA,"resources/real_fg_memory_images/orig2.jpg",NA,"real","Neutral",NA,NA,NA,NA,NA,NA
"1223","369609",NA,"resources/real_fg_memory_images/fg20.jpg",NA,"artificial","Neutral",NA,NA,NA,NA,NA,NA
"1224","369609",NA,"resources/real_fg_memory_images/orig6.jpg",NA,"real","Neutral",NA,NA,NA,NA,NA,NA
"1225","369609",NA,"resources/real_fg_memory_images/orig3.jpg",NA,"real","Neutral",NA,NA,NA,NA,NA,NA
"1226","369609",NA,"resources/real_fg_memory_images/fg19.jpg",NA,"artificial","Neutral",NA,NA,NA,NA,NA,NA
"1227","369609",NA,"resources/real_fg_memory_images/orig1.jpg",NA,"real","Neurtal",NA,NA,NA,NA,NA,NA
"1228","369609",NA,"resources/real_fg_memory_images/orig11.jpg",NA,"real","Scam",NA,NA,NA,NA,NA,NA
"1229","369609",NA,"resources/real_fg_memory_images/orig12.jpg",NA,"real","Scam",NA,NA,NA,NA,NA,NA
"1230","369609",NA,"resources/real_fg_memory_images/orig8.jpg",NA,"real","Scam",NA,NA,NA,NA,NA,NA
"1231","369609",NA,"resources/real_fg_memory_images/fg28.jpg",NA,"artificial","Scam",NA,NA,NA,NA,NA,NA
"1232","369609",NA,"resources/real_fg_memory_images/orig5.jpg",NA,"real","Neutral",NA,NA,NA,NA,NA,NA
"1233","369609",NA,"resources/real_fg_memory_images/orig10.jpg",NA,"real","Scam",NA,NA,NA,NA,NA,NA
"1234","369609",NA,NA,NA,NA,NA,NA,NA,NA,NA,NA,NA
"1235","369609",NA,"resources/real_fg_memory_images/orig12.jpg",NA,"real","Scam","[""scam_button""]","5",NA,NA,NA,NA
"1236","369609",NA,"resources/real_fg_memory_images/orig7.jpg",NA,"real","Scam","[""scam_button""]","7",NA,NA,NA,NA
"1237","369609",NA,"resources/real_fg_memory_images/orig6.jpg",NA,"real","Neutral","[""neutral_button""]","6",NA,NA,NA,NA
"1238","369609",NA,"resources/real_fg_memory_images/fg30.jpg",NA,"artificial","Scam","[""scam_button""]","5",NA,NA,NA,NA
"1239","369609",NA,"resources/real_fg_memory_images/fg26.jpg",NA,"artificial","Scam","[""scam_button""]","5",NA,NA,NA,NA
"1240","369609",NA,"resources/real_fg_memory_images/fg25.jpg",NA,"artificial","Scam","[""scam_button""]","5",NA,NA,NA,NA
"1241","369609",NA,"resources/real_fg_memory_images/fg29.jpg",NA,"artificial","Scam","[""scam_button""]","5",NA,NA,NA,NA
"1242","369609",NA,"resources/real_fg_memory_images/orig11.jpg",NA,"real","Scam","[""scam_button""]","3",NA,NA,NA,NA
"1243","369609",NA,"resources/real_fg_memory_images/orig3.jpg",NA,"real","Neutral","[""neutral_button""]","9",NA,NA,NA,NA
"1244","369609",NA,"resources/real_fg_memory_images/fg21.jpg",NA,"artificial","Neutral","[""neutral_button""]","3",NA,NA,NA,NA
"1245","369609",NA,"resources/real_fg_memory_images/orig4.jpg",NA,"real","Neutral","[""scam_button""]","5",NA,NA,NA,NA
"1246","369609",NA,"resources/real_fg_memory_images/orig9.jpg",NA,"real","Scam","[""neutral_button""]","6",NA,NA,NA,NA
"1247","369609",NA,"resources/real_fg_memory_images/orig8.jpg",NA,"real","Scam","[""neutral_button""]","4",NA,NA,NA,NA
"1248","369609",NA,"resources/real_fg_memory_images/orig2.jpg",NA,"real","Neutral","[""scam_button""]","5",NA,NA,NA,NA
"1249","369609",NA,"resources/real_fg_memory_images/fg20.jpg",NA,"artificial","Neutral","[""scam_button""]","5",NA,NA,NA,NA
"1250","369609",NA,"resources/real_fg_memory_images/orig1.jpg",NA,"real","Neurtal","[""scam_button""]","5",NA,NA,NA,NA
"1251","369609",NA,"resources/real_fg_memory_images/fg19.jpg",NA,"artificial","Neutral","[""scam_button""]","6",NA,NA,NA,NA
"1252","369609",NA,"resources/real_fg_memory_images/fg27.jpg",NA,"artificial","Scam","[""scam_button""]","5",NA,NA,NA,NA
"1253","369609",NA,"resources/real_fg_memory_images/orig10.jpg",NA,"real","Scam","[""scam_button""]","4",NA,NA,NA,NA
"1254","369609",NA,"resources/real_fg_memory_images/fg22.jpg",NA,"artificial","Neutral","[""neutral_button""]","8",NA,NA,NA,NA
"1255","369609",NA,"resources/real_fg_memory_images/fg28.jpg",NA,"artificial","Scam","[""scam_button""]","5",NA,NA,NA,NA
"1256","369609",NA,"resources/real_fg_memory_images/orig5.jpg",NA,"real","Neutral","[""scam_button""]","4",NA,NA,NA,NA
"1257","369609",NA,"resources/real_fg_memory_images/fg24.jpg",NA,"artificial","Neutral","[""scam_button""]","4",NA,NA,NA,NA
"1258","369609",NA,"resources/real_fg_memory_images/fg23.jpg",NA,"artificial","Neutral","[""scam_button""]","4",NA,NA,NA,NA
"1259","369609",NA,NA,NA,NA,NA,NA,NA,NA,NA,NA,NA
"1260","369609",5,"resources/real_fg_memory_images/orig13.jpg","real",NA,NA,NA,NA,NA,NA,NA,NA
"1261","369609",8,"resources/real_fg_memory_images/orig16.jpg","real",NA,NA,NA,NA,NA,NA,NA,NA
"1262","369609",9,"resources/real_fg_memory_images/fg22.jpg","artificial",NA,NA,NA,NA,NA,NA,NA,NA
"1263","369609",4,"resources/real_fg_memory_images/fg25.jpg","artificial",NA,NA,NA,NA,NA,NA,NA,NA
"1264","369609",9,"resources/real_fg_memory_images/orig15.jpg","real",NA,NA,NA,NA,NA,NA,NA,NA
"1265","369609",4,"resources/real_fg_memory_images/orig5.jpg","real",NA,NA,NA,NA,NA,NA,NA,NA
"1266","369609",4,"resources/real_fg_memory_images/fg26.jpg","artificial",NA,NA,NA,NA,NA,NA,NA,NA
"1267","369609",4,"resources/real_fg_memory_images/fg35.jpg","artificial",NA,NA,NA,NA,NA,NA,NA,NA
"1268","369609",3,"resources/real_fg_memory_images/fg32.jpg","artificial",NA,NA,NA,NA,NA,NA,NA,NA
"1269","369609",5,"resources/real_fg_memory_images/fg30.jpg","artificial",NA,NA,NA,NA,NA,NA,NA,NA
"1270","369609",5,"resources/real_fg_memory_images/fg29.jpg","artificial",NA,NA,NA,NA,NA,NA,NA,NA
"1271","369609",7,"resources/real_fg_memory_images/orig2.jpg","real",NA,NA,NA,NA,NA,NA,NA,NA
"1272","369609",5,"resources/real_fg_memory_images/orig17.jpg","real",NA,NA,NA,NA,NA,NA,NA,NA
"1273","369609",5,"resources/real_fg_memory_images/fg31.jpg","artificial",NA,NA,NA,NA,NA,NA,NA,NA
"1274","369609",4,"resources/real_fg_memory_images/orig14.jpg","real",NA,NA,NA,NA,NA,NA,NA,NA
"1275","369609",5,"resources/real_fg_memory_images/fg23.jpg","artificial",NA,NA,NA,NA,NA,NA,NA,NA
"1276","369609",5,"resources/real_fg_memory_images/fg34.jpg","artificial",NA,NA,NA,NA,NA,NA,NA,NA
"1277","369609",5,"resources/real_fg_memory_images/orig11.jpg","real",NA,NA,NA,NA,NA,NA,NA,NA
"1278","369609",5,"resources/real_fg_memory_images/orig12.jpg","real",NA,NA,NA,NA,NA,NA,NA,NA
"1279","369609",4,"resources/real_fg_memory_images/fg19.jpg","artificial",NA,NA,NA,NA,NA,NA,NA,NA
"1280","369609",4,"resources/real_fg_memory_images/orig18.jpg","real",NA,NA,NA,NA,NA,NA,NA,NA
"1281","369609",8,"resources/real_fg_memory_images/fg28.jpg","artificial",NA,NA,NA,NA,NA,NA,NA,NA
"1282","369609",5,"resources/real_fg_memory_images/fg20.jpg","artificial",NA,NA,NA,NA,NA,NA,NA,NA
"1283","369609",5,"resources/real_fg_memory_images/orig10.jpg","real",NA,NA,NA,NA,NA,NA,NA,NA
"1284","369609",4,"resources/real_fg_memory_images/fg36.jpg","artificial",NA,NA,NA,NA,NA,NA,NA,NA
"1285","369609",5,"resources/real_fg_memory_images/orig9.jpg","real",NA,NA,NA,NA,NA,NA,NA,NA
"1286","369609",5,"resources/real_fg_memory_images/fg27.jpg","artificial",NA,NA,NA,NA,NA,NA,NA,NA
"1287","369609",5,"resources/real_fg_memory_images/fg21.jpg","artificial",NA,NA,NA,NA,NA,NA,NA,NA
"1288","369609",4,"resources/real_fg_memory_images/fg24.jpg","artificial",NA,NA,NA,NA,NA,NA,NA,NA
"1289","369609",9,"resources/real_fg_memory_images/orig7.jpg","real",NA,NA,NA,NA,NA,NA,NA,NA
"1290","369609",9,"resources/real_fg_memory_images/orig4.jpg","real",NA,NA,NA,NA,NA,NA,NA,NA
"1291","369609",5,"resources/real_fg_memory_images/orig1.jpg","real",NA,NA,NA,NA,NA,NA,NA,NA
"1292","369609",4,"resources/real_fg_memory_images/fg33.jpg","artificial",NA,NA,NA,NA,NA,NA,NA,NA
"1293","369609",9,"resources/real_fg_memory_images/orig3.jpg","real",NA,NA,NA,NA,NA,NA,NA,NA
"1294","369609",5,"resources/real_fg_memory_images/orig8.jpg","real",NA,NA,NA,NA,NA,NA,NA,NA
"1295","369609",4,"resources/real_fg_memory_images/orig6.jpg","real",NA,NA,NA,NA,NA,NA,NA,NA
"1296","369609",NA,NA,NA,NA,NA,NA,NA,NA,NA,NA,NA
"1297","369609",NA,NA,NA,NA,NA,NA,NA,4,"If something sounds too good to be true, it usually is",NA,NA
"1298","369609",NA,NA,NA,NA,NA,NA,NA,4,"Persons over the age of 65 are often targeted by con-artists",NA,NA
"1299","369609",NA,NA,NA,NA,NA,NA,NA,4,"I have difficulty ending a phone call, even if the caller is a telemarketer, someone I do not know, or someone I do not wish to call me",NA,NA
"1300","369609",NA,NA,NA,NA,NA,NA,NA,4,"I answer the phone whenever it rings, even if I do not know who is calling",NA,NA
"1301","369609",NA,NA,NA,NA,NA,NA,NA,4,"If a telemarketer calls me, I usually listen to what they have to say",NA,NA
"1302","369609",NA,NA,NA,NA,NA,NA,NA,NA,NA,NA,NA
"1303","369609",NA,NA,NA,NA,NA,NA,NA,NA,NA,"[""female_option""]",NA
"1304","369609",NA,NA,NA,NA,NA,NA,NA,NA,NA,NA,19
"1305","369609",NA,NA,NA,NA,NA,NA,NA,NA,NA,NA,NA
"1306","369609",NA,NA,NA,NA,NA,NA,NA,NA,NA,NA,NA
"1307","369609",NA,NA,NA,NA,NA,NA,NA,NA,NA,NA,NA
"1308","369609",NA,NA,NA,NA,NA,NA,NA,NA,NA,NA,NA
"1309","369609",NA,NA,NA,NA,NA,NA,NA,NA,NA,NA,NA
"1310","369609",NA,NA,NA,NA,NA,NA,NA,NA,NA,NA,NA
"1311","369609",NA,NA,NA,NA,NA,NA,NA,NA,NA,NA,NA
"1312","369609",NA,NA,NA,NA,NA,NA,NA,NA,NA,NA,NA
"1313","369609",NA,NA,NA,NA,NA,NA,NA,NA,NA,NA,NA
"1314","369609",NA,NA,NA,NA,NA,NA,NA,NA,NA,NA,NA
"1315","419409",NA,NA,NA,NA,NA,NA,NA,NA,NA,NA,NA
"1316","419409",NA,NA,NA,NA,NA,NA,NA,NA,NA,NA,NA
"1317","419409",NA,NA,NA,NA,NA,NA,NA,NA,NA,NA,NA
"1318","419409",NA,NA,NA,NA,NA,NA,NA,NA,NA,NA,NA
"1319","419409",8,"resources/real_fg_memory_images/orig3.jpg","real",NA,NA,NA,NA,NA,NA,NA,NA
"1320","419409",2,"resources/real_fg_memory_images/fg35.jpg","artificial",NA,NA,NA,NA,NA,NA,NA,NA
"1321","419409",6,"resources/real_fg_memory_images/fg22.jpg","artificial",NA,NA,NA,NA,NA,NA,NA,NA
"1322","419409",5,"resources/real_fg_memory_images/fg27.jpg","artificial",NA,NA,NA,NA,NA,NA,NA,NA
"1323","419409",1,"resources/real_fg_memory_images/fg34.jpg","artificial",NA,NA,NA,NA,NA,NA,NA,NA
"1324","419409",0,"resources/real_fg_memory_images/fg36.jpg","artificial",NA,NA,NA,NA,NA,NA,NA,NA
"1325","419409",0,"resources/real_fg_memory_images/fg25.jpg","artificial",NA,NA,NA,NA,NA,NA,NA,NA
"1326","419409",0,"resources/real_fg_memory_images/orig17.jpg","real",NA,NA,NA,NA,NA,NA,NA,NA
"1327","419409",1,"resources/real_fg_memory_images/fg29.jpg","artificial",NA,NA,NA,NA,NA,NA,NA,NA
"1328","419409",2,"resources/real_fg_memory_images/fg32.jpg","artificial",NA,NA,NA,NA,NA,NA,NA,NA
"1329","419409",4,"resources/real_fg_memory_images/orig6.jpg","real",NA,NA,NA,NA,NA,NA,NA,NA
"1330","419409",1,"resources/real_fg_memory_images/fg30.jpg","artificial",NA,NA,NA,NA,NA,NA,NA,NA
"1331","419409",0,"resources/real_fg_memory_images/fg23.jpg","artificial",NA,NA,NA,NA,NA,NA,NA,NA
"1332","419409",0,"resources/real_fg_memory_images/orig13.jpg","real",NA,NA,NA,NA,NA,NA,NA,NA
"1333","419409",7,"resources/real_fg_memory_images/orig8.jpg","real",NA,NA,NA,NA,NA,NA,NA,NA
"1334","419409",5,"resources/real_fg_memory_images/orig14.jpg","real",NA,NA,NA,NA,NA,NA,NA,NA
"1335","419409",0,"resources/real_fg_memory_images/fg19.jpg","artificial",NA,NA,NA,NA,NA,NA,NA,NA
"1336","419409",0,"resources/real_fg_memory_images/fg21.jpg","artificial",NA,NA,NA,NA,NA,NA,NA,NA
"1337","419409",0,"resources/real_fg_memory_images/orig1.jpg","real",NA,NA,NA,NA,NA,NA,NA,NA
"1338","419409",0,"resources/real_fg_memory_images/fg24.jpg","artificial",NA,NA,NA,NA,NA,NA,NA,NA
"1339","419409",0,"resources/real_fg_memory_images/fg20.jpg","artificial",NA,NA,NA,NA,NA,NA,NA,NA
"1340","419409",0,"resources/real_fg_memory_images/fg31.jpg","artificial",NA,NA,NA,NA,NA,NA,NA,NA
"1341","419409",4,"resources/real_fg_memory_images/orig18.jpg","real",NA,NA,NA,NA,NA,NA,NA,NA
"1342","419409",8,"resources/real_fg_memory_images/fg28.jpg","artificial",NA,NA,NA,NA,NA,NA,NA,NA
"1343","419409",3,"resources/real_fg_memory_images/orig4.jpg","real",NA,NA,NA,NA,NA,NA,NA,NA
"1344","419409",7,"resources/real_fg_memory_images/orig11.jpg","real",NA,NA,NA,NA,NA,NA,NA,NA
"1345","419409",1,"resources/real_fg_memory_images/orig5.jpg","real",NA,NA,NA,NA,NA,NA,NA,NA
"1346","419409",0,"resources/real_fg_memory_images/fg26.jpg","artificial",NA,NA,NA,NA,NA,NA,NA,NA
"1347","419409",1,"resources/real_fg_memory_images/orig12.jpg","real",NA,NA,NA,NA,NA,NA,NA,NA
"1348","419409",1,"resources/real_fg_memory_images/orig9.jpg","real",NA,NA,NA,NA,NA,NA,NA,NA
"1349","419409",8,"resources/real_fg_memory_images/orig16.jpg","real",NA,NA,NA,NA,NA,NA,NA,NA
"1350","419409",7,"resources/real_fg_memory_images/orig7.jpg","real",NA,NA,NA,NA,NA,NA,NA,NA
"1351","419409",6,"resources/real_fg_memory_images/orig15.jpg","real",NA,NA,NA,NA,NA,NA,NA,NA
"1352","419409",6,"resources/real_fg_memory_images/orig2.jpg","real",NA,NA,NA,NA,NA,NA,NA,NA
"1353","419409",0,"resources/real_fg_memory_images/fg33.jpg","artificial",NA,NA,NA,NA,NA,NA,NA,NA
"1354","419409",5,"resources/real_fg_memory_images/orig10.jpg","real",NA,NA,NA,NA,NA,NA,NA,NA
"1355","419409",NA,NA,NA,NA,NA,NA,NA,NA,NA,NA,NA
"1356","419409",NA,"resources/real_fg_memory_images/fg26.jpg",NA,"artificial","Scam",NA,NA,NA,NA,NA,NA
"1357","419409",NA,"resources/real_fg_memory_images/fg19.jpg",NA,"artificial","Neutral",NA,NA,NA,NA,NA,NA
"1358","419409",NA,"resources/real_fg_memory_images/fg22.jpg",NA,"artificial","Neutral",NA,NA,NA,NA,NA,NA
"1359","419409",NA,"resources/real_fg_memory_images/orig11.jpg",NA,"real","Scam",NA,NA,NA,NA,NA,NA
"1360","419409",NA,"resources/real_fg_memory_images/fg27.jpg",NA,"artificial","Scam",NA,NA,NA,NA,NA,NA
"1361","419409",NA,"resources/real_fg_memory_images/fg21.jpg",NA,"artificial","Neutral",NA,NA,NA,NA,NA,NA
"1362","419409",NA,"resources/real_fg_memory_images/orig7.jpg",NA,"real","Scam",NA,NA,NA,NA,NA,NA
"1363","419409",NA,"resources/real_fg_memory_images/orig8.jpg",NA,"real","Scam",NA,NA,NA,NA,NA,NA
"1364","419409",NA,"resources/real_fg_memory_images/orig3.jpg",NA,"real","Neutral",NA,NA,NA,NA,NA,NA
"1365","419409",NA,"resources/real_fg_memory_images/orig4.jpg",NA,"real","Neutral",NA,NA,NA,NA,NA,NA
"1366","419409",NA,"resources/real_fg_memory_images/fg29.jpg",NA,"artificial","Scam",NA,NA,NA,NA,NA,NA
"1367","419409",NA,"resources/real_fg_memory_images/fg25.jpg",NA,"artificial","Scam",NA,NA,NA,NA,NA,NA
"1368","419409",NA,"resources/real_fg_memory_images/orig1.jpg",NA,"real","Neurtal",NA,NA,NA,NA,NA,NA
"1369","419409",NA,"resources/real_fg_memory_images/orig5.jpg",NA,"real","Neutral",NA,NA,NA,NA,NA,NA
"1370","419409",NA,"resources/real_fg_memory_images/orig6.jpg",NA,"real","Neutral",NA,NA,NA,NA,NA,NA
"1371","419409",NA,"resources/real_fg_memory_images/orig10.jpg",NA,"real","Scam",NA,NA,NA,NA,NA,NA
"1372","419409",NA,"resources/real_fg_memory_images/fg20.jpg",NA,"artificial","Neutral",NA,NA,NA,NA,NA,NA
"1373","419409",NA,"resources/real_fg_memory_images/fg24.jpg",NA,"artificial","Neutral",NA,NA,NA,NA,NA,NA
"1374","419409",NA,"resources/real_fg_memory_images/orig12.jpg",NA,"real","Scam",NA,NA,NA,NA,NA,NA
"1375","419409",NA,"resources/real_fg_memory_images/orig9.jpg",NA,"real","Scam",NA,NA,NA,NA,NA,NA
"1376","419409",NA,"resources/real_fg_memory_images/fg30.jpg",NA,"artificial","Scam",NA,NA,NA,NA,NA,NA
"1377","419409",NA,"resources/real_fg_memory_images/fg28.jpg",NA,"artificial","Scam",NA,NA,NA,NA,NA,NA
"1378","419409",NA,"resources/real_fg_memory_images/orig2.jpg",NA,"real","Neutral",NA,NA,NA,NA,NA,NA
"1379","419409",NA,"resources/real_fg_memory_images/fg23.jpg",NA,"artificial","Neutral",NA,NA,NA,NA,NA,NA
"1380","419409",NA,NA,NA,NA,NA,NA,NA,NA,NA,NA,NA
"1381","419409",NA,"resources/real_fg_memory_images/fg23.jpg",NA,"artificial","Neutral","[""scam_button""]","2",NA,NA,NA,NA
"1382","419409",NA,"resources/real_fg_memory_images/fg25.jpg",NA,"artificial","Scam","[""neutral_button""]","4",NA,NA,NA,NA
"1383","419409",NA,"resources/real_fg_memory_images/orig8.jpg",NA,"real","Scam","[""scam_button""]","10",NA,NA,NA,NA
"1384","419409",NA,"resources/real_fg_memory_images/fg26.jpg",NA,"artificial","Scam","[""scam_button""]","10",NA,NA,NA,NA
"1385","419409",NA,"resources/real_fg_memory_images/orig10.jpg",NA,"real","Scam","[""scam_button""]","10",NA,NA,NA,NA
"1386","419409",NA,"resources/real_fg_memory_images/fg21.jpg",NA,"artificial","Neutral","[""neutral_button""]","7",NA,NA,NA,NA
"1387","419409",NA,"resources/real_fg_memory_images/orig11.jpg",NA,"real","Scam","[""scam_button""]","9",NA,NA,NA,NA
"1388","419409",NA,"resources/real_fg_memory_images/orig6.jpg",NA,"real","Neutral","[""neutral_button""]","7",NA,NA,NA,NA
"1389","419409",NA,"resources/real_fg_memory_images/fg28.jpg",NA,"artificial","Scam","[""neutral_button""]","5",NA,NA,NA,NA
"1390","419409",NA,"resources/real_fg_memory_images/fg29.jpg",NA,"artificial","Scam","[""scam_button""]","10",NA,NA,NA,NA
"1391","419409",NA,"resources/real_fg_memory_images/orig12.jpg",NA,"real","Scam","[""scam_button""]","4",NA,NA,NA,NA
"1392","419409",NA,"resources/real_fg_memory_images/orig7.jpg",NA,"real","Scam","[""scam_button""]","10",NA,NA,NA,NA
"1393","419409",NA,"resources/real_fg_memory_images/orig3.jpg",NA,"real","Neutral","[""neutral_button""]","10",NA,NA,NA,NA
"1394","419409",NA,"resources/real_fg_memory_images/orig5.jpg",NA,"real","Neutral","[""neutral_button""]","10",NA,NA,NA,NA
"1395","419409",NA,"resources/real_fg_memory_images/orig2.jpg",NA,"real","Neutral","[""neutral_button""]","10",NA,NA,NA,NA
"1396","419409",NA,"resources/real_fg_memory_images/fg19.jpg",NA,"artificial","Neutral","[""scam_button""]","9",NA,NA,NA,NA
"1397","419409",NA,"resources/real_fg_memory_images/fg22.jpg",NA,"artificial","Neutral","[""neutral_button""]","8",NA,NA,NA,NA
"1398","419409",NA,"resources/real_fg_memory_images/orig1.jpg",NA,"real","Neurtal","[""scam_button""]","4",NA,NA,NA,NA
"1399","419409",NA,"resources/real_fg_memory_images/fg27.jpg",NA,"artificial","Scam","[""scam_button""]","9",NA,NA,NA,NA
"1400","419409",NA,"resources/real_fg_memory_images/orig4.jpg",NA,"real","Neutral","[""neutral_button""]","4",NA,NA,NA,NA
"1401","419409",NA,"resources/real_fg_memory_images/orig9.jpg",NA,"real","Scam","[""neutral_button""]","6",NA,NA,NA,NA
"1402","419409",NA,"resources/real_fg_memory_images/fg24.jpg",NA,"artificial","Neutral","[""neutral_button""]","7",NA,NA,NA,NA
"1403","419409",NA,"resources/real_fg_memory_images/fg20.jpg",NA,"artificial","Neutral","[""neutral_button""]","10",NA,NA,NA,NA
"1404","419409",NA,"resources/real_fg_memory_images/fg30.jpg",NA,"artificial","Scam","[""neutral_button""]","3",NA,NA,NA,NA
"1405","419409",NA,NA,NA,NA,NA,NA,NA,NA,NA,NA,NA
"1406","419409",0,"resources/real_fg_memory_images/fg29.jpg","artificial",NA,NA,NA,NA,NA,NA,NA,NA
"1407","419409",0,"resources/real_fg_memory_images/fg23.jpg","artificial",NA,NA,NA,NA,NA,NA,NA,NA
"1408","419409",7,"resources/real_fg_memory_images/orig3.jpg","real",NA,NA,NA,NA,NA,NA,NA,NA
"1409","419409",1,"resources/real_fg_memory_images/fg32.jpg","artificial",NA,NA,NA,NA,NA,NA,NA,NA
"1410","419409",9,"resources/real_fg_memory_images/orig14.jpg","real",NA,NA,NA,NA,NA,NA,NA,NA
"1411","419409",9,"resources/real_fg_memory_images/orig4.jpg","real",NA,NA,NA,NA,NA,NA,NA,NA
"1412","419409",2,"resources/real_fg_memory_images/fg33.jpg","artificial",NA,NA,NA,NA,NA,NA,NA,NA
"1413","419409",7,"resources/real_fg_memory_images/orig11.jpg","real",NA,NA,NA,NA,NA,NA,NA,NA
"1414","419409",0,"resources/real_fg_memory_images/fg35.jpg","artificial",NA,NA,NA,NA,NA,NA,NA,NA
"1415","419409",6,"resources/real_fg_memory_images/orig13.jpg","real",NA,NA,NA,NA,NA,NA,NA,NA
"1416","419409",0,"resources/real_fg_memory_images/fg27.jpg","artificial",NA,NA,NA,NA,NA,NA,NA,NA
"1417","419409",2,"resources/real_fg_memory_images/orig5.jpg","real",NA,NA,NA,NA,NA,NA,NA,NA
"1418","419409",8,"resources/real_fg_memory_images/fg28.jpg","artificial",NA,NA,NA,NA,NA,NA,NA,NA
"1419","419409",0,"resources/real_fg_memory_images/fg25.jpg","artificial",NA,NA,NA,NA,NA,NA,NA,NA
"1420","419409",3,"resources/real_fg_memory_images/orig12.jpg","real",NA,NA,NA,NA,NA,NA,NA,NA
"1421","419409",3,"resources/real_fg_memory_images/orig9.jpg","real",NA,NA,NA,NA,NA,NA,NA,NA
"1422","419409",0,"resources/real_fg_memory_images/fg24.jpg","artificial",NA,NA,NA,NA,NA,NA,NA,NA
"1423","419409",9,"resources/real_fg_memory_images/orig10.jpg","real",NA,NA,NA,NA,NA,NA,NA,NA
"1424","419409",7,"resources/real_fg_memory_images/orig8.jpg","real",NA,NA,NA,NA,NA,NA,NA,NA
"1425","419409",1,"resources/real_fg_memory_images/fg22.jpg","artificial",NA,NA,NA,NA,NA,NA,NA,NA
"1426","419409",1,"resources/real_fg_memory_images/fg34.jpg","artificial",NA,NA,NA,NA,NA,NA,NA,NA
"1427","419409",0,"resources/real_fg_memory_images/fg21.jpg","artificial",NA,NA,NA,NA,NA,NA,NA,NA
"1428","419409",7,"resources/real_fg_memory_images/orig15.jpg","real",NA,NA,NA,NA,NA,NA,NA,NA
"1429","419409",4,"resources/real_fg_memory_images/orig1.jpg","real",NA,NA,NA,NA,NA,NA,NA,NA
"1430","419409",0,"resources/real_fg_memory_images/fg31.jpg","artificial",NA,NA,NA,NA,NA,NA,NA,NA
"1431","419409",5,"resources/real_fg_memory_images/orig17.jpg","real",NA,NA,NA,NA,NA,NA,NA,NA
"1432","419409",0,"resources/real_fg_memory_images/fg19.jpg","artificial",NA,NA,NA,NA,NA,NA,NA,NA
"1433","419409",0,"resources/real_fg_memory_images/fg20.jpg","artificial",NA,NA,NA,NA,NA,NA,NA,NA
"1434","419409",0,"resources/real_fg_memory_images/fg26.jpg","artificial",NA,NA,NA,NA,NA,NA,NA,NA
"1435","419409",0,"resources/real_fg_memory_images/fg30.jpg","artificial",NA,NA,NA,NA,NA,NA,NA,NA
"1436","419409",9,"resources/real_fg_memory_images/orig18.jpg","real",NA,NA,NA,NA,NA,NA,NA,NA
"1437","419409",7,"resources/real_fg_memory_images/orig6.jpg","real",NA,NA,NA,NA,NA,NA,NA,NA
"1438","419409",9,"resources/real_fg_memory_images/orig16.jpg","real",NA,NA,NA,NA,NA,NA,NA,NA
"1439","419409",8,"resources/real_fg_memory_images/orig2.jpg","real",NA,NA,NA,NA,NA,NA,NA,NA
"1440","419409",0,"resources/real_fg_memory_images/fg36.jpg","artificial",NA,NA,NA,NA,NA,NA,NA,NA
"1441","419409",5,"resources/real_fg_memory_images/orig7.jpg","real",NA,NA,NA,NA,NA,NA,NA,NA
"1442","419409",NA,NA,NA,NA,NA,NA,NA,NA,NA,NA,NA
"1443","419409",NA,NA,NA,NA,NA,NA,NA,4,"If something sounds too good to be true, it usually is",NA,NA
"1444","419409",NA,NA,NA,NA,NA,NA,NA,2,"I have difficulty ending a phone call, even if the caller is a telemarketer, someone I do not know, or someone I do not wish to call me",NA,NA
"1445","419409",NA,NA,NA,NA,NA,NA,NA,2,"I answer the phone whenever it rings, even if I do not know who is calling",NA,NA
"1446","419409",NA,NA,NA,NA,NA,NA,NA,2,"If a telemarketer calls me, I usually listen to what they have to say",NA,NA
"1447","419409",NA,NA,NA,NA,NA,NA,NA,5,"Persons over the age of 65 are often targeted by con-artists",NA,NA
"1448","419409",NA,NA,NA,NA,NA,NA,NA,NA,NA,NA,NA
"1449","419409",NA,NA,NA,NA,NA,NA,NA,NA,NA,"[""female_option""]",NA
"1450","419409",NA,NA,NA,NA,NA,NA,NA,NA,NA,NA,24
"1451","419409",NA,NA,NA,NA,NA,NA,NA,NA,NA,NA,NA
"1452","419409",NA,NA,NA,NA,NA,NA,NA,NA,NA,NA,NA
"1453","419409",NA,NA,NA,NA,NA,NA,NA,NA,NA,NA,NA
"1454","419409",NA,NA,NA,NA,NA,NA,NA,NA,NA,NA,NA
"1455","419409",NA,NA,NA,NA,NA,NA,NA,NA,NA,NA,NA
"1456","419409",NA,NA,NA,NA,NA,NA,NA,NA,NA,NA,NA
"1457","419409",NA,NA,NA,NA,NA,NA,NA,NA,NA,NA,NA
"1458","419409",NA,NA,NA,NA,NA,NA,NA,NA,NA,NA,NA
"1459","419409",NA,NA,NA,NA,NA,NA,NA,NA,NA,NA,NA
"1460","419409",NA,NA,NA,NA,NA,NA,NA,NA,NA,NA,NA
"1461","452251",NA,NA,NA,NA,NA,NA,NA,NA,NA,NA,NA
"1462","452251",NA,NA,NA,NA,NA,NA,NA,NA,NA,NA,NA
"1463","452251",NA,NA,NA,NA,NA,NA,NA,NA,NA,NA,NA
"1464","452251",NA,NA,NA,NA,NA,NA,NA,NA,NA,NA,NA
"1465","452251",8,"resources/real_fg_memory_images/fg27.jpg","artificial",NA,NA,NA,NA,NA,NA,NA,NA
"1466","452251",8,"resources/real_fg_memory_images/orig8.jpg","real",NA,NA,NA,NA,NA,NA,NA,NA
"1467","452251",5,"resources/real_fg_memory_images/orig5.jpg","real",NA,NA,NA,NA,NA,NA,NA,NA
"1468","452251",7,"resources/real_fg_memory_images/fg30.jpg","artificial",NA,NA,NA,NA,NA,NA,NA,NA
"1469","452251",7,"resources/real_fg_memory_images/fg23.jpg","artificial",NA,NA,NA,NA,NA,NA,NA,NA
"1470","452251",8,"resources/real_fg_memory_images/fg28.jpg","artificial",NA,NA,NA,NA,NA,NA,NA,NA
"1471","452251",4,"resources/real_fg_memory_images/fg33.jpg","artificial",NA,NA,NA,NA,NA,NA,NA,NA
"1472","452251",4,"resources/real_fg_memory_images/orig17.jpg","real",NA,NA,NA,NA,NA,NA,NA,NA
"1473","452251",4,"resources/real_fg_memory_images/fg19.jpg","artificial",NA,NA,NA,NA,NA,NA,NA,NA
"1474","452251",6,"resources/real_fg_memory_images/orig2.jpg","real",NA,NA,NA,NA,NA,NA,NA,NA
"1475","452251",7,"resources/real_fg_memory_images/orig11.jpg","real",NA,NA,NA,NA,NA,NA,NA,NA
"1476","452251",5,"resources/real_fg_memory_images/fg22.jpg","artificial",NA,NA,NA,NA,NA,NA,NA,NA
"1477","452251",5,"resources/real_fg_memory_images/orig4.jpg","real",NA,NA,NA,NA,NA,NA,NA,NA
"1478","452251",6,"resources/real_fg_memory_images/fg32.jpg","artificial",NA,NA,NA,NA,NA,NA,NA,NA
"1479","452251",5,"resources/real_fg_memory_images/orig14.jpg","real",NA,NA,NA,NA,NA,NA,NA,NA
"1480","452251",6,"resources/real_fg_memory_images/fg21.jpg","artificial",NA,NA,NA,NA,NA,NA,NA,NA
"1481","452251",8,"resources/real_fg_memory_images/fg24.jpg","artificial",NA,NA,NA,NA,NA,NA,NA,NA
"1482","452251",6,"resources/real_fg_memory_images/orig16.jpg","real",NA,NA,NA,NA,NA,NA,NA,NA
"1483","452251",5,"resources/real_fg_memory_images/orig3.jpg","real",NA,NA,NA,NA,NA,NA,NA,NA
"1484","452251",8,"resources/real_fg_memory_images/fg31.jpg","artificial",NA,NA,NA,NA,NA,NA,NA,NA
"1485","452251",9,"resources/real_fg_memory_images/fg34.jpg","artificial",NA,NA,NA,NA,NA,NA,NA,NA
"1486","452251",5,"resources/real_fg_memory_images/fg35.jpg","artificial",NA,NA,NA,NA,NA,NA,NA,NA
"1487","452251",6,"resources/real_fg_memory_images/orig12.jpg","real",NA,NA,NA,NA,NA,NA,NA,NA
"1488","452251",7,"resources/real_fg_memory_images/orig1.jpg","real",NA,NA,NA,NA,NA,NA,NA,NA
"1489","452251",5,"resources/real_fg_memory_images/fg36.jpg","artificial",NA,NA,NA,NA,NA,NA,NA,NA
"1490","452251",8,"resources/real_fg_memory_images/fg29.jpg","artificial",NA,NA,NA,NA,NA,NA,NA,NA
"1491","452251",7,"resources/real_fg_memory_images/fg26.jpg","artificial",NA,NA,NA,NA,NA,NA,NA,NA
"1492","452251",9,"resources/real_fg_memory_images/orig18.jpg","real",NA,NA,NA,NA,NA,NA,NA,NA
"1493","452251",5,"resources/real_fg_memory_images/fg20.jpg","artificial",NA,NA,NA,NA,NA,NA,NA,NA
"1494","452251",7,"resources/real_fg_memory_images/orig6.jpg","real",NA,NA,NA,NA,NA,NA,NA,NA
"1495","452251",2,"resources/real_fg_memory_images/orig13.jpg","real",NA,NA,NA,NA,NA,NA,NA,NA
"1496","452251",4,"resources/real_fg_memory_images/orig7.jpg","real",NA,NA,NA,NA,NA,NA,NA,NA
"1497","452251",4,"resources/real_fg_memory_images/fg25.jpg","artificial",NA,NA,NA,NA,NA,NA,NA,NA
"1498","452251",9,"resources/real_fg_memory_images/orig15.jpg","real",NA,NA,NA,NA,NA,NA,NA,NA
"1499","452251",7,"resources/real_fg_memory_images/orig9.jpg","real",NA,NA,NA,NA,NA,NA,NA,NA
"1500","452251",6,"resources/real_fg_memory_images/orig10.jpg","real",NA,NA,NA,NA,NA,NA,NA,NA
"1501","452251",NA,NA,NA,NA,NA,NA,NA,NA,NA,NA,NA
"1502","452251",NA,"resources/real_fg_memory_images/orig1.jpg",NA,"real","Neurtal",NA,NA,NA,NA,NA,NA
"1503","452251",NA,"resources/real_fg_memory_images/fg30.jpg",NA,"artificial","Scam",NA,NA,NA,NA,NA,NA
"1504","452251",NA,"resources/real_fg_memory_images/fg27.jpg",NA,"artificial","Scam",NA,NA,NA,NA,NA,NA
"1505","452251",NA,"resources/real_fg_memory_images/fg24.jpg",NA,"artificial","Neutral",NA,NA,NA,NA,NA,NA
"1506","452251",NA,"resources/real_fg_memory_images/orig5.jpg",NA,"real","Neutral",NA,NA,NA,NA,NA,NA
"1507","452251",NA,"resources/real_fg_memory_images/orig9.jpg",NA,"real","Scam",NA,NA,NA,NA,NA,NA
"1508","452251",NA,"resources/real_fg_memory_images/fg23.jpg",NA,"artificial","Neutral",NA,NA,NA,NA,NA,NA
"1509","452251",NA,"resources/real_fg_memory_images/fg29.jpg",NA,"artificial","Scam",NA,NA,NA,NA,NA,NA
"1510","452251",NA,"resources/real_fg_memory_images/orig3.jpg",NA,"real","Neutral",NA,NA,NA,NA,NA,NA
"1511","452251",NA,"resources/real_fg_memory_images/fg20.jpg",NA,"artificial","Neutral",NA,NA,NA,NA,NA,NA
"1512","452251",NA,"resources/real_fg_memory_images/orig4.jpg",NA,"real","Neutral",NA,NA,NA,NA,NA,NA
"1513","452251",NA,"resources/real_fg_memory_images/orig11.jpg",NA,"real","Scam",NA,NA,NA,NA,NA,NA
"1514","452251",NA,"resources/real_fg_memory_images/orig8.jpg",NA,"real","Scam",NA,NA,NA,NA,NA,NA
"1515","452251",NA,"resources/real_fg_memory_images/fg22.jpg",NA,"artificial","Neutral",NA,NA,NA,NA,NA,NA
"1516","452251",NA,"resources/real_fg_memory_images/orig7.jpg",NA,"real","Scam",NA,NA,NA,NA,NA,NA
"1517","452251",NA,"resources/real_fg_memory_images/fg19.jpg",NA,"artificial","Neutral",NA,NA,NA,NA,NA,NA
"1518","452251",NA,"resources/real_fg_memory_images/fg28.jpg",NA,"artificial","Scam",NA,NA,NA,NA,NA,NA
"1519","452251",NA,"resources/real_fg_memory_images/fg21.jpg",NA,"artificial","Neutral",NA,NA,NA,NA,NA,NA
"1520","452251",NA,"resources/real_fg_memory_images/orig10.jpg",NA,"real","Scam",NA,NA,NA,NA,NA,NA
"1521","452251",NA,"resources/real_fg_memory_images/orig12.jpg",NA,"real","Scam",NA,NA,NA,NA,NA,NA
"1522","452251",NA,"resources/real_fg_memory_images/fg25.jpg",NA,"artificial","Scam",NA,NA,NA,NA,NA,NA
"1523","452251",NA,"resources/real_fg_memory_images/fg26.jpg",NA,"artificial","Scam",NA,NA,NA,NA,NA,NA
"1524","452251",NA,"resources/real_fg_memory_images/orig6.jpg",NA,"real","Neutral",NA,NA,NA,NA,NA,NA
"1525","452251",NA,"resources/real_fg_memory_images/orig2.jpg",NA,"real","Neutral",NA,NA,NA,NA,NA,NA
"1526","452251",NA,NA,NA,NA,NA,NA,NA,NA,NA,NA,NA
"1527","452251",NA,"resources/real_fg_memory_images/fg29.jpg",NA,"artificial","Scam","[""scam_button""]","5",NA,NA,NA,NA
"1528","452251",NA,"resources/real_fg_memory_images/orig5.jpg",NA,"real","Neutral","[""neutral_button""]","7",NA,NA,NA,NA
"1529","452251",NA,"resources/real_fg_memory_images/fg20.jpg",NA,"artificial","Neutral","[""neutral_button""]","4",NA,NA,NA,NA
"1530","452251",NA,"resources/real_fg_memory_images/fg30.jpg",NA,"artificial","Scam","[""neutral_button""]","8",NA,NA,NA,NA
"1531","452251",NA,"resources/real_fg_memory_images/fg21.jpg",NA,"artificial","Neutral","[""neutral_button""]","8",NA,NA,NA,NA
"1532","452251",NA,"resources/real_fg_memory_images/orig2.jpg",NA,"real","Neutral","[""neutral_button""]","5",NA,NA,NA,NA
"1533","452251",NA,"resources/real_fg_memory_images/fg26.jpg",NA,"artificial","Scam","[""scam_button""]","10",NA,NA,NA,NA
"1534","452251",NA,"resources/real_fg_memory_images/orig3.jpg",NA,"real","Neutral","[""neutral_button""]","6",NA,NA,NA,NA
"1535","452251",NA,"resources/real_fg_memory_images/fg28.jpg",NA,"artificial","Scam","[""scam_button""]","6",NA,NA,NA,NA
"1536","452251",NA,"resources/real_fg_memory_images/fg24.jpg",NA,"artificial","Neutral","[""neutral_button""]","7",NA,NA,NA,NA
"1537","452251",NA,"resources/real_fg_memory_images/fg25.jpg",NA,"artificial","Scam","[""neutral_button""]","4",NA,NA,NA,NA
"1538","452251",NA,"resources/real_fg_memory_images/fg27.jpg",NA,"artificial","Scam","[""scam_button""]","10",NA,NA,NA,NA
"1539","452251",NA,"resources/real_fg_memory_images/fg23.jpg",NA,"artificial","Neutral","[""neutral_button""]","4",NA,NA,NA,NA
"1540","452251",NA,"resources/real_fg_memory_images/orig4.jpg",NA,"real","Neutral","[""neutral_button""]","7",NA,NA,NA,NA
"1541","452251",NA,"resources/real_fg_memory_images/orig7.jpg",NA,"real","Scam","[""neutral_button""]","7",NA,NA,NA,NA
"1542","452251",NA,"resources/real_fg_memory_images/orig8.jpg",NA,"real","Scam","[""scam_button""]","10",NA,NA,NA,NA
"1543","452251",NA,"resources/real_fg_memory_images/orig12.jpg",NA,"real","Scam","[""neutral_button""]","6",NA,NA,NA,NA
"1544","452251",NA,"resources/real_fg_memory_images/fg19.jpg",NA,"artificial","Neutral","[""neutral_button""]","4",NA,NA,NA,NA
"1545","452251",NA,"resources/real_fg_memory_images/fg22.jpg",NA,"artificial","Neutral","[""neutral_button""]","9",NA,NA,NA,NA
"1546","452251",NA,"resources/real_fg_memory_images/orig9.jpg",NA,"real","Scam","[""neutral_button""]","8",NA,NA,NA,NA
"1547","452251",NA,"resources/real_fg_memory_images/orig11.jpg",NA,"real","Scam","[""neutral_button""]","6",NA,NA,NA,NA
"1548","452251",NA,"resources/real_fg_memory_images/orig6.jpg",NA,"real","Neutral","[""neutral_button""]","6",NA,NA,NA,NA
"1549","452251",NA,"resources/real_fg_memory_images/orig10.jpg",NA,"real","Scam","[""scam_button""]","10",NA,NA,NA,NA
"1550","452251",NA,"resources/real_fg_memory_images/orig1.jpg",NA,"real","Neurtal","[""neutral_button""]","3",NA,NA,NA,NA
"1551","452251",NA,NA,NA,NA,NA,NA,NA,NA,NA,NA,NA
"1552","452251",3,"resources/real_fg_memory_images/fg26.jpg","artificial",NA,NA,NA,NA,NA,NA,NA,NA
"1553","452251",3,"resources/real_fg_memory_images/fg30.jpg","artificial",NA,NA,NA,NA,NA,NA,NA,NA
"1554","452251",7,"resources/real_fg_memory_images/fg31.jpg","artificial",NA,NA,NA,NA,NA,NA,NA,NA
"1555","452251",8,"resources/real_fg_memory_images/orig14.jpg","real",NA,NA,NA,NA,NA,NA,NA,NA
"1556","452251",8,"resources/real_fg_memory_images/fg21.jpg","artificial",NA,NA,NA,NA,NA,NA,NA,NA
"1557","452251",9,"resources/real_fg_memory_images/orig2.jpg","real",NA,NA,NA,NA,NA,NA,NA,NA
"1558","452251",8,"resources/real_fg_memory_images/fg19.jpg","artificial",NA,NA,NA,NA,NA,NA,NA,NA
"1559","452251",7,"resources/real_fg_memory_images/fg34.jpg","artificial",NA,NA,NA,NA,NA,NA,NA,NA
"1560","452251",5,"resources/real_fg_memory_images/orig9.jpg","real",NA,NA,NA,NA,NA,NA,NA,NA
"1561","452251",4,"resources/real_fg_memory_images/fg25.jpg","artificial",NA,NA,NA,NA,NA,NA,NA,NA
"1562","452251",3,"resources/real_fg_memory_images/orig15.jpg","real",NA,NA,NA,NA,NA,NA,NA,NA
"1563","452251",6,"resources/real_fg_memory_images/fg33.jpg","artificial",NA,NA,NA,NA,NA,NA,NA,NA
"1564","452251",6,"resources/real_fg_memory_images/fg22.jpg","artificial",NA,NA,NA,NA,NA,NA,NA,NA
"1565","452251",5,"resources/real_fg_memory_images/fg23.jpg","artificial",NA,NA,NA,NA,NA,NA,NA,NA
"1566","452251",5,"resources/real_fg_memory_images/orig3.jpg","real",NA,NA,NA,NA,NA,NA,NA,NA
"1567","452251",4,"resources/real_fg_memory_images/orig1.jpg","real",NA,NA,NA,NA,NA,NA,NA,NA
"1568","452251",3,"resources/real_fg_memory_images/orig13.jpg","real",NA,NA,NA,NA,NA,NA,NA,NA
"1569","452251",7,"resources/real_fg_memory_images/orig12.jpg","real",NA,NA,NA,NA,NA,NA,NA,NA
"1570","452251",8,"resources/real_fg_memory_images/orig6.jpg","real",NA,NA,NA,NA,NA,NA,NA,NA
"1571","452251",3,"resources/real_fg_memory_images/fg20.jpg","artificial",NA,NA,NA,NA,NA,NA,NA,NA
"1572","452251",7,"resources/real_fg_memory_images/fg32.jpg","artificial",NA,NA,NA,NA,NA,NA,NA,NA
"1573","452251",4,"resources/real_fg_memory_images/fg36.jpg","artificial",NA,NA,NA,NA,NA,NA,NA,NA
"1574","452251",5,"resources/real_fg_memory_images/orig11.jpg","real",NA,NA,NA,NA,NA,NA,NA,NA
"1575","452251",7,"resources/real_fg_memory_images/orig7.jpg","real",NA,NA,NA,NA,NA,NA,NA,NA
"1576","452251",6,"resources/real_fg_memory_images/fg24.jpg","artificial",NA,NA,NA,NA,NA,NA,NA,NA
"1577","452251",2,"resources/real_fg_memory_images/orig8.jpg","real",NA,NA,NA,NA,NA,NA,NA,NA
"1578","452251",7,"resources/real_fg_memory_images/orig16.jpg","real",NA,NA,NA,NA,NA,NA,NA,NA
"1579","452251",1,"resources/real_fg_memory_images/fg27.jpg","artificial",NA,NA,NA,NA,NA,NA,NA,NA
"1580","452251",5,"resources/real_fg_memory_images/fg28.jpg","artificial",NA,NA,NA,NA,NA,NA,NA,NA
"1581","452251",6,"resources/real_fg_memory_images/orig18.jpg","real",NA,NA,NA,NA,NA,NA,NA,NA
"1582","452251",4,"resources/real_fg_memory_images/orig5.jpg","real",NA,NA,NA,NA,NA,NA,NA,NA
"1583","452251",2,"resources/real_fg_memory_images/orig10.jpg","real",NA,NA,NA,NA,NA,NA,NA,NA
"1584","452251",4,"resources/real_fg_memory_images/fg35.jpg","artificial",NA,NA,NA,NA,NA,NA,NA,NA
"1585","452251",4,"resources/real_fg_memory_images/fg29.jpg","artificial",NA,NA,NA,NA,NA,NA,NA,NA
"1586","452251",7,"resources/real_fg_memory_images/orig4.jpg","real",NA,NA,NA,NA,NA,NA,NA,NA
"1587","452251",7,"resources/real_fg_memory_images/orig17.jpg","real",NA,NA,NA,NA,NA,NA,NA,NA
"1588","452251",NA,NA,NA,NA,NA,NA,NA,NA,NA,NA,NA
"1589","452251",NA,NA,NA,NA,NA,NA,NA,1,"I have difficulty ending a phone call, even if the caller is a telemarketer, someone I do not know, or someone I do not wish to call me",NA,NA
"1590","452251",NA,NA,NA,NA,NA,NA,NA,4,"I answer the phone whenever it rings, even if I do not know who is calling",NA,NA
"1591","452251",NA,NA,NA,NA,NA,NA,NA,3,"If something sounds too good to be true, it usually is",NA,NA
"1592","452251",NA,NA,NA,NA,NA,NA,NA,3,"Persons over the age of 65 are often targeted by con-artists",NA,NA
"1593","452251",NA,NA,NA,NA,NA,NA,NA,1,"If a telemarketer calls me, I usually listen to what they have to say",NA,NA
"1594","452251",NA,NA,NA,NA,NA,NA,NA,NA,NA,NA,NA
"1595","452251",NA,NA,NA,NA,NA,NA,NA,NA,NA,"[""female_option""]",NA
"1596","452251",NA,NA,NA,NA,NA,NA,NA,NA,NA,NA,20
"1597","452251",NA,NA,NA,NA,NA,NA,NA,NA,NA,NA,NA
"1598","452251",NA,NA,NA,NA,NA,NA,NA,NA,NA,NA,NA
"1599","452251",NA,NA,NA,NA,NA,NA,NA,NA,NA,NA,NA
"1600","452251",NA,NA,NA,NA,NA,NA,NA,NA,NA,NA,NA
"1601","452251",NA,NA,NA,NA,NA,NA,NA,NA,NA,NA,NA
"1602","452251",NA,NA,NA,NA,NA,NA,NA,NA,NA,NA,NA
"1603","452251",NA,NA,NA,NA,NA,NA,NA,NA,NA,NA,NA
"1604","452251",NA,NA,NA,NA,NA,NA,NA,NA,NA,NA,NA
"1605","452251",NA,NA,NA,NA,NA,NA,NA,NA,NA,NA,NA
"1606","452251",NA,NA,NA,NA,NA,NA,NA,NA,NA,NA,NA
"1607","464935",NA,NA,NA,NA,NA,NA,NA,NA,NA,NA,NA
"1608","464935",NA,NA,NA,NA,NA,NA,NA,NA,NA,NA,NA
"1609","464935",NA,NA,NA,NA,NA,NA,NA,NA,NA,NA,NA
"1610","464935",NA,NA,NA,NA,NA,NA,NA,NA,NA,NA,NA
"1611","464935",6,"resources/real_fg_memory_images/fg26.jpg","artificial",NA,NA,NA,NA,NA,NA,NA,NA
"1612","464935",6,"resources/real_fg_memory_images/orig18.jpg","real",NA,NA,NA,NA,NA,NA,NA,NA
"1613","464935",6,"resources/real_fg_memory_images/fg34.jpg","artificial",NA,NA,NA,NA,NA,NA,NA,NA
"1614","464935",6,"resources/real_fg_memory_images/fg25.jpg","artificial",NA,NA,NA,NA,NA,NA,NA,NA
"1615","464935",4,"resources/real_fg_memory_images/orig5.jpg","real",NA,NA,NA,NA,NA,NA,NA,NA
"1616","464935",5,"resources/real_fg_memory_images/orig9.jpg","real",NA,NA,NA,NA,NA,NA,NA,NA
"1617","464935",6,"resources/real_fg_memory_images/fg36.jpg","artificial",NA,NA,NA,NA,NA,NA,NA,NA
"1618","464935",6,"resources/real_fg_memory_images/fg31.jpg","artificial",NA,NA,NA,NA,NA,NA,NA,NA
"1619","464935",5,"resources/real_fg_memory_images/orig13.jpg","real",NA,NA,NA,NA,NA,NA,NA,NA
"1620","464935",4,"resources/real_fg_memory_images/fg23.jpg","artificial",NA,NA,NA,NA,NA,NA,NA,NA
"1621","464935",5,"resources/real_fg_memory_images/orig10.jpg","real",NA,NA,NA,NA,NA,NA,NA,NA
"1622","464935",5,"resources/real_fg_memory_images/orig11.jpg","real",NA,NA,NA,NA,NA,NA,NA,NA
"1623","464935",6,"resources/real_fg_memory_images/orig15.jpg","real",NA,NA,NA,NA,NA,NA,NA,NA
"1624","464935",5,"resources/real_fg_memory_images/fg29.jpg","artificial",NA,NA,NA,NA,NA,NA,NA,NA
"1625","464935",5,"resources/real_fg_memory_images/orig14.jpg","real",NA,NA,NA,NA,NA,NA,NA,NA
"1626","464935",7,"resources/real_fg_memory_images/orig16.jpg","real",NA,NA,NA,NA,NA,NA,NA,NA
"1627","464935",5,"resources/real_fg_memory_images/fg32.jpg","artificial",NA,NA,NA,NA,NA,NA,NA,NA
"1628","464935",6,"resources/real_fg_memory_images/fg33.jpg","artificial",NA,NA,NA,NA,NA,NA,NA,NA
"1629","464935",6,"resources/real_fg_memory_images/fg22.jpg","artificial",NA,NA,NA,NA,NA,NA,NA,NA
"1630","464935",5,"resources/real_fg_memory_images/orig6.jpg","real",NA,NA,NA,NA,NA,NA,NA,NA
"1631","464935",5,"resources/real_fg_memory_images/fg21.jpg","artificial",NA,NA,NA,NA,NA,NA,NA,NA
"1632","464935",4,"resources/real_fg_memory_images/fg27.jpg","artificial",NA,NA,NA,NA,NA,NA,NA,NA
"1633","464935",4,"resources/real_fg_memory_images/orig12.jpg","real",NA,NA,NA,NA,NA,NA,NA,NA
"1634","464935",5,"resources/real_fg_memory_images/orig8.jpg","real",NA,NA,NA,NA,NA,NA,NA,NA
"1635","464935",6,"resources/real_fg_memory_images/orig4.jpg","real",NA,NA,NA,NA,NA,NA,NA,NA
"1636","464935",4,"resources/real_fg_memory_images/fg35.jpg","artificial",NA,NA,NA,NA,NA,NA,NA,NA
"1637","464935",4,"resources/real_fg_memory_images/orig1.jpg","real",NA,NA,NA,NA,NA,NA,NA,NA
"1638","464935",5,"resources/real_fg_memory_images/orig7.jpg","real",NA,NA,NA,NA,NA,NA,NA,NA
"1639","464935",4,"resources/real_fg_memory_images/fg20.jpg","artificial",NA,NA,NA,NA,NA,NA,NA,NA
"1640","464935",4,"resources/real_fg_memory_images/fg24.jpg","artificial",NA,NA,NA,NA,NA,NA,NA,NA
"1641","464935",7,"resources/real_fg_memory_images/fg28.jpg","artificial",NA,NA,NA,NA,NA,NA,NA,NA
"1642","464935",7,"resources/real_fg_memory_images/orig2.jpg","real",NA,NA,NA,NA,NA,NA,NA,NA
"1643","464935",7,"resources/real_fg_memory_images/fg19.jpg","artificial",NA,NA,NA,NA,NA,NA,NA,NA
"1644","464935",7,"resources/real_fg_memory_images/orig3.jpg","real",NA,NA,NA,NA,NA,NA,NA,NA
"1645","464935",4,"resources/real_fg_memory_images/orig17.jpg","real",NA,NA,NA,NA,NA,NA,NA,NA
"1646","464935",7,"resources/real_fg_memory_images/fg30.jpg","artificial",NA,NA,NA,NA,NA,NA,NA,NA
"1647","464935",NA,NA,NA,NA,NA,NA,NA,NA,NA,NA,NA
"1648","464935",NA,"resources/real_fg_memory_images/orig3.jpg",NA,"real","Neutral",NA,NA,NA,NA,NA,NA
"1649","464935",NA,"resources/real_fg_memory_images/orig2.jpg",NA,"real","Neutral",NA,NA,NA,NA,NA,NA
"1650","464935",NA,"resources/real_fg_memory_images/orig11.jpg",NA,"real","Scam",NA,NA,NA,NA,NA,NA
"1651","464935",NA,"resources/real_fg_memory_images/fg27.jpg",NA,"artificial","Scam",NA,NA,NA,NA,NA,NA
"1652","464935",NA,"resources/real_fg_memory_images/fg22.jpg",NA,"artificial","Neutral",NA,NA,NA,NA,NA,NA
"1653","464935",NA,"resources/real_fg_memory_images/fg19.jpg",NA,"artificial","Neutral",NA,NA,NA,NA,NA,NA
"1654","464935",NA,"resources/real_fg_memory_images/orig1.jpg",NA,"real","Neurtal",NA,NA,NA,NA,NA,NA
"1655","464935",NA,"resources/real_fg_memory_images/orig12.jpg",NA,"real","Scam",NA,NA,NA,NA,NA,NA
"1656","464935",NA,"resources/real_fg_memory_images/fg25.jpg",NA,"artificial","Scam",NA,NA,NA,NA,NA,NA
"1657","464935",NA,"resources/real_fg_memory_images/fg26.jpg",NA,"artificial","Scam",NA,NA,NA,NA,NA,NA
"1658","464935",NA,"resources/real_fg_memory_images/orig8.jpg",NA,"real","Scam",NA,NA,NA,NA,NA,NA
"1659","464935",NA,"resources/real_fg_memory_images/fg29.jpg",NA,"artificial","Scam",NA,NA,NA,NA,NA,NA
"1660","464935",NA,"resources/real_fg_memory_images/fg30.jpg",NA,"artificial","Scam",NA,NA,NA,NA,NA,NA
"1661","464935",NA,"resources/real_fg_memory_images/orig10.jpg",NA,"real","Scam",NA,NA,NA,NA,NA,NA
"1662","464935",NA,"resources/real_fg_memory_images/fg21.jpg",NA,"artificial","Neutral",NA,NA,NA,NA,NA,NA
"1663","464935",NA,"resources/real_fg_memory_images/orig7.jpg",NA,"real","Scam",NA,NA,NA,NA,NA,NA
"1664","464935",NA,"resources/real_fg_memory_images/orig6.jpg",NA,"real","Neutral",NA,NA,NA,NA,NA,NA
"1665","464935",NA,"resources/real_fg_memory_images/fg23.jpg",NA,"artificial","Neutral",NA,NA,NA,NA,NA,NA
"1666","464935",NA,"resources/real_fg_memory_images/fg20.jpg",NA,"artificial","Neutral",NA,NA,NA,NA,NA,NA
"1667","464935",NA,"resources/real_fg_memory_images/orig4.jpg",NA,"real","Neutral",NA,NA,NA,NA,NA,NA
"1668","464935",NA,"resources/real_fg_memory_images/fg24.jpg",NA,"artificial","Neutral",NA,NA,NA,NA,NA,NA
"1669","464935",NA,"resources/real_fg_memory_images/orig5.jpg",NA,"real","Neutral",NA,NA,NA,NA,NA,NA
"1670","464935",NA,"resources/real_fg_memory_images/fg28.jpg",NA,"artificial","Scam",NA,NA,NA,NA,NA,NA
"1671","464935",NA,"resources/real_fg_memory_images/orig9.jpg",NA,"real","Scam",NA,NA,NA,NA,NA,NA
"1672","464935",NA,NA,NA,NA,NA,NA,NA,NA,NA,NA,NA
"1673","464935",NA,"resources/real_fg_memory_images/orig8.jpg",NA,"real","Scam","[""scam_button""]","10",NA,NA,NA,NA
"1674","464935",NA,"resources/real_fg_memory_images/orig10.jpg",NA,"real","Scam","[""scam_button""]","10",NA,NA,NA,NA
"1675","464935",NA,"resources/real_fg_memory_images/fg25.jpg",NA,"artificial","Scam","[""scam_button""]","10",NA,NA,NA,NA
"1676","464935",NA,"resources/real_fg_memory_images/fg20.jpg",NA,"artificial","Neutral","[""scam_button""]","10",NA,NA,NA,NA
"1677","464935",NA,"resources/real_fg_memory_images/fg19.jpg",NA,"artificial","Neutral","[""neutral_button""]","10",NA,NA,NA,NA
"1678","464935",NA,"resources/real_fg_memory_images/orig9.jpg",NA,"real","Scam","[""scam_button""]","5",NA,NA,NA,NA
"1679","464935",NA,"resources/real_fg_memory_images/orig4.jpg",NA,"real","Neutral","[""neutral_button""]","10",NA,NA,NA,NA
"1680","464935",NA,"resources/real_fg_memory_images/orig2.jpg",NA,"real","Neutral","[""scam_button""]","10",NA,NA,NA,NA
"1681","464935",NA,"resources/real_fg_memory_images/orig1.jpg",NA,"real","Neurtal","[""neutral_button""]","5",NA,NA,NA,NA
"1682","464935",NA,"resources/real_fg_memory_images/orig7.jpg",NA,"real","Scam","[""scam_button""]","10",NA,NA,NA,NA
"1683","464935",NA,"resources/real_fg_memory_images/orig3.jpg",NA,"real","Neutral","[""neutral_button""]","10",NA,NA,NA,NA
"1684","464935",NA,"resources/real_fg_memory_images/fg29.jpg",NA,"artificial","Scam","[""scam_button""]","6",NA,NA,NA,NA
"1685","464935",NA,"resources/real_fg_memory_images/fg30.jpg",NA,"artificial","Scam","[""scam_button""]","10",NA,NA,NA,NA
"1686","464935",NA,"resources/real_fg_memory_images/orig6.jpg",NA,"real","Neutral","[""neutral_button""]","10",NA,NA,NA,NA
"1687","464935",NA,"resources/real_fg_memory_images/fg22.jpg",NA,"artificial","Neutral","[""neutral_button""]","10",NA,NA,NA,NA
"1688","464935",NA,"resources/real_fg_memory_images/fg24.jpg",NA,"artificial","Neutral","[""scam_button""]","5",NA,NA,NA,NA
"1689","464935",NA,"resources/real_fg_memory_images/fg23.jpg",NA,"artificial","Neutral","[""neutral_button""]","10",NA,NA,NA,NA
"1690","464935",NA,"resources/real_fg_memory_images/fg26.jpg",NA,"artificial","Scam","[""scam_button""]","5",NA,NA,NA,NA
"1691","464935",NA,"resources/real_fg_memory_images/fg21.jpg",NA,"artificial","Neutral","[""scam_button""]","5",NA,NA,NA,NA
"1692","464935",NA,"resources/real_fg_memory_images/orig12.jpg",NA,"real","Scam","[""scam_button""]","10",NA,NA,NA,NA
"1693","464935",NA,"resources/real_fg_memory_images/fg28.jpg",NA,"artificial","Scam","[""neutral_button""]","5",NA,NA,NA,NA
"1694","464935",NA,"resources/real_fg_memory_images/orig11.jpg",NA,"real","Scam","[""scam_button""]","10",NA,NA,NA,NA
"1695","464935",NA,"resources/real_fg_memory_images/orig5.jpg",NA,"real","Neutral","[""scam_button""]","5",NA,NA,NA,NA
"1696","464935",NA,"resources/real_fg_memory_images/fg27.jpg",NA,"artificial","Scam","[""scam_button""]","5",NA,NA,NA,NA
"1697","464935",NA,NA,NA,NA,NA,NA,NA,NA,NA,NA,NA
"1698","464935",4,"resources/real_fg_memory_images/orig17.jpg","real",NA,NA,NA,NA,NA,NA,NA,NA
"1699","464935",4,"resources/real_fg_memory_images/fg31.jpg","artificial",NA,NA,NA,NA,NA,NA,NA,NA
"1700","464935",10,"resources/real_fg_memory_images/orig3.jpg","real",NA,NA,NA,NA,NA,NA,NA,NA
"1701","464935",4,"resources/real_fg_memory_images/fg27.jpg","artificial",NA,NA,NA,NA,NA,NA,NA,NA
"1702","464935",4,"resources/real_fg_memory_images/orig7.jpg","real",NA,NA,NA,NA,NA,NA,NA,NA
"1703","464935",4,"resources/real_fg_memory_images/orig11.jpg","real",NA,NA,NA,NA,NA,NA,NA,NA
"1704","464935",4,"resources/real_fg_memory_images/fg30.jpg","artificial",NA,NA,NA,NA,NA,NA,NA,NA
"1705","464935",4,"resources/real_fg_memory_images/fg25.jpg","artificial",NA,NA,NA,NA,NA,NA,NA,NA
"1706","464935",7,"resources/real_fg_memory_images/fg28.jpg","artificial",NA,NA,NA,NA,NA,NA,NA,NA
"1707","464935",4,"resources/real_fg_memory_images/fg32.jpg","artificial",NA,NA,NA,NA,NA,NA,NA,NA
"1708","464935",4,"resources/real_fg_memory_images/fg34.jpg","artificial",NA,NA,NA,NA,NA,NA,NA,NA
"1709","464935",4,"resources/real_fg_memory_images/orig1.jpg","real",NA,NA,NA,NA,NA,NA,NA,NA
"1710","464935",4,"resources/real_fg_memory_images/fg29.jpg","artificial",NA,NA,NA,NA,NA,NA,NA,NA
"1711","464935",4,"resources/real_fg_memory_images/fg20.jpg","artificial",NA,NA,NA,NA,NA,NA,NA,NA
"1712","464935",4,"resources/real_fg_memory_images/orig18.jpg","real",NA,NA,NA,NA,NA,NA,NA,NA
"1713","464935",4,"resources/real_fg_memory_images/orig8.jpg","real",NA,NA,NA,NA,NA,NA,NA,NA
"1714","464935",4,"resources/real_fg_memory_images/orig2.jpg","real",NA,NA,NA,NA,NA,NA,NA,NA
"1715","464935",6,"resources/real_fg_memory_images/fg19.jpg","artificial",NA,NA,NA,NA,NA,NA,NA,NA
"1716","464935",4,"resources/real_fg_memory_images/orig9.jpg","real",NA,NA,NA,NA,NA,NA,NA,NA
"1717","464935",4,"resources/real_fg_memory_images/orig13.jpg","real",NA,NA,NA,NA,NA,NA,NA,NA
"1718","464935",4,"resources/real_fg_memory_images/fg24.jpg","artificial",NA,NA,NA,NA,NA,NA,NA,NA
"1719","464935",7,"resources/real_fg_memory_images/fg22.jpg","artificial",NA,NA,NA,NA,NA,NA,NA,NA
"1720","464935",6,"resources/real_fg_memory_images/orig16.jpg","real",NA,NA,NA,NA,NA,NA,NA,NA
"1721","464935",4,"resources/real_fg_memory_images/fg23.jpg","artificial",NA,NA,NA,NA,NA,NA,NA,NA
"1722","464935",4,"resources/real_fg_memory_images/fg26.jpg","artificial",NA,NA,NA,NA,NA,NA,NA,NA
"1723","464935",4,"resources/real_fg_memory_images/fg33.jpg","artificial",NA,NA,NA,NA,NA,NA,NA,NA
"1724","464935",4,"resources/real_fg_memory_images/orig12.jpg","real",NA,NA,NA,NA,NA,NA,NA,NA
"1725","464935",4,"resources/real_fg_memory_images/fg21.jpg","artificial",NA,NA,NA,NA,NA,NA,NA,NA
"1726","464935",4,"resources/real_fg_memory_images/fg35.jpg","artificial",NA,NA,NA,NA,NA,NA,NA,NA
"1727","464935",4,"resources/real_fg_memory_images/orig5.jpg","real",NA,NA,NA,NA,NA,NA,NA,NA
"1728","464935",4,"resources/real_fg_memory_images/orig14.jpg","real",NA,NA,NA,NA,NA,NA,NA,NA
"1729","464935",7,"resources/real_fg_memory_images/orig4.jpg","real",NA,NA,NA,NA,NA,NA,NA,NA
"1730","464935",5,"resources/real_fg_memory_images/fg36.jpg","artificial",NA,NA,NA,NA,NA,NA,NA,NA
"1731","464935",4,"resources/real_fg_memory_images/orig10.jpg","real",NA,NA,NA,NA,NA,NA,NA,NA
"1732","464935",5,"resources/real_fg_memory_images/orig15.jpg","real",NA,NA,NA,NA,NA,NA,NA,NA
"1733","464935",7,"resources/real_fg_memory_images/orig6.jpg","real",NA,NA,NA,NA,NA,NA,NA,NA
"1734","464935",NA,NA,NA,NA,NA,NA,NA,NA,NA,NA,NA
"1735","464935",NA,NA,NA,NA,NA,NA,NA,4,"If something sounds too good to be true, it usually is",NA,NA
"1736","464935",NA,NA,NA,NA,NA,NA,NA,4,"I answer the phone whenever it rings, even if I do not know who is calling",NA,NA
"1737","464935",NA,NA,NA,NA,NA,NA,NA,4,"Persons over the age of 65 are often targeted by con-artists",NA,NA
"1738","464935",NA,NA,NA,NA,NA,NA,NA,3,"If a telemarketer calls me, I usually listen to what they have to say",NA,NA
"1739","464935",NA,NA,NA,NA,NA,NA,NA,3,"I have difficulty ending a phone call, even if the caller is a telemarketer, someone I do not know, or someone I do not wish to call me",NA,NA
"1740","464935",NA,NA,NA,NA,NA,NA,NA,NA,NA,NA,NA
"1741","464935",NA,NA,NA,NA,NA,NA,NA,NA,NA,"[""female_option""]",NA
"1742","464935",NA,NA,NA,NA,NA,NA,NA,NA,NA,NA,19
"1743","464935",NA,NA,NA,NA,NA,NA,NA,NA,NA,NA,NA
"1744","464935",NA,NA,NA,NA,NA,NA,NA,NA,NA,NA,NA
"1745","464935",NA,NA,NA,NA,NA,NA,NA,NA,NA,NA,NA
"1746","464935",NA,NA,NA,NA,NA,NA,NA,NA,NA,NA,NA
"1747","464935",NA,NA,NA,NA,NA,NA,NA,NA,NA,NA,NA
"1748","464935",NA,NA,NA,NA,NA,NA,NA,NA,NA,NA,NA
"1749","464935",NA,NA,NA,NA,NA,NA,NA,NA,NA,NA,NA
"1750","464935",NA,NA,NA,NA,NA,NA,NA,NA,NA,NA,NA
"1751","464935",NA,NA,NA,NA,NA,NA,NA,NA,NA,NA,NA
"1752","464935",NA,NA,NA,NA,NA,NA,NA,NA,NA,NA,NA
"1753","478757",NA,NA,NA,NA,NA,NA,NA,NA,NA,NA,NA
"1754","478757",NA,NA,NA,NA,NA,NA,NA,NA,NA,NA,NA
"1755","478757",NA,NA,NA,NA,NA,NA,NA,NA,NA,NA,NA
"1756","478757",NA,NA,NA,NA,NA,NA,NA,NA,NA,NA,NA
"1757","478757",3,"resources/real_fg_memory_images/orig11.jpg","real",NA,NA,NA,NA,NA,NA,NA,NA
"1758","478757",4,"resources/real_fg_memory_images/orig7.jpg","real",NA,NA,NA,NA,NA,NA,NA,NA
"1759","478757",6,"resources/real_fg_memory_images/fg22.jpg","artificial",NA,NA,NA,NA,NA,NA,NA,NA
"1760","478757",1,"resources/real_fg_memory_images/fg23.jpg","artificial",NA,NA,NA,NA,NA,NA,NA,NA
"1761","478757",3,"resources/real_fg_memory_images/orig9.jpg","real",NA,NA,NA,NA,NA,NA,NA,NA
"1762","478757",4,"resources/real_fg_memory_images/orig3.jpg","real",NA,NA,NA,NA,NA,NA,NA,NA
"1763","478757",1,"resources/real_fg_memory_images/fg26.jpg","artificial",NA,NA,NA,NA,NA,NA,NA,NA
"1764","478757",1,"resources/real_fg_memory_images/fg29.jpg","artificial",NA,NA,NA,NA,NA,NA,NA,NA
"1765","478757",2,"resources/real_fg_memory_images/fg36.jpg","artificial",NA,NA,NA,NA,NA,NA,NA,NA
"1766","478757",1,"resources/real_fg_memory_images/fg35.jpg","artificial",NA,NA,NA,NA,NA,NA,NA,NA
"1767","478757",1,"resources/real_fg_memory_images/fg19.jpg","artificial",NA,NA,NA,NA,NA,NA,NA,NA
"1768","478757",7,"resources/real_fg_memory_images/orig18.jpg","real",NA,NA,NA,NA,NA,NA,NA,NA
"1769","478757",8,"resources/real_fg_memory_images/orig4.jpg","real",NA,NA,NA,NA,NA,NA,NA,NA
"1770","478757",6,"resources/real_fg_memory_images/orig6.jpg","real",NA,NA,NA,NA,NA,NA,NA,NA
"1771","478757",3,"resources/real_fg_memory_images/orig13.jpg","real",NA,NA,NA,NA,NA,NA,NA,NA
"1772","478757",5,"resources/real_fg_memory_images/orig2.jpg","real",NA,NA,NA,NA,NA,NA,NA,NA
"1773","478757",1,"resources/real_fg_memory_images/fg21.jpg","artificial",NA,NA,NA,NA,NA,NA,NA,NA
"1774","478757",5,"resources/real_fg_memory_images/orig12.jpg","real",NA,NA,NA,NA,NA,NA,NA,NA
"1775","478757",1,"resources/real_fg_memory_images/fg34.jpg","artificial",NA,NA,NA,NA,NA,NA,NA,NA
"1776","478757",6,"resources/real_fg_memory_images/orig14.jpg","real",NA,NA,NA,NA,NA,NA,NA,NA
"1777","478757",7,"resources/real_fg_memory_images/orig17.jpg","real",NA,NA,NA,NA,NA,NA,NA,NA
"1778","478757",1,"resources/real_fg_memory_images/fg31.jpg","artificial",NA,NA,NA,NA,NA,NA,NA,NA
"1779","478757",4,"resources/real_fg_memory_images/orig8.jpg","real",NA,NA,NA,NA,NA,NA,NA,NA
"1780","478757",2,"resources/real_fg_memory_images/orig1.jpg","real",NA,NA,NA,NA,NA,NA,NA,NA
"1781","478757",1,"resources/real_fg_memory_images/fg30.jpg","artificial",NA,NA,NA,NA,NA,NA,NA,NA
"1782","478757",1,"resources/real_fg_memory_images/fg28.jpg","artificial",NA,NA,NA,NA,NA,NA,NA,NA
"1783","478757",1,"resources/real_fg_memory_images/fg27.jpg","artificial",NA,NA,NA,NA,NA,NA,NA,NA
"1784","478757",3,"resources/real_fg_memory_images/orig15.jpg","real",NA,NA,NA,NA,NA,NA,NA,NA
"1785","478757",6,"resources/real_fg_memory_images/orig16.jpg","real",NA,NA,NA,NA,NA,NA,NA,NA
"1786","478757",1,"resources/real_fg_memory_images/fg25.jpg","artificial",NA,NA,NA,NA,NA,NA,NA,NA
"1787","478757",5,"resources/real_fg_memory_images/orig10.jpg","real",NA,NA,NA,NA,NA,NA,NA,NA
"1788","478757",3,"resources/real_fg_memory_images/orig5.jpg","real",NA,NA,NA,NA,NA,NA,NA,NA
"1789","478757",1,"resources/real_fg_memory_images/fg24.jpg","artificial",NA,NA,NA,NA,NA,NA,NA,NA
"1790","478757",1,"resources/real_fg_memory_images/fg32.jpg","artificial",NA,NA,NA,NA,NA,NA,NA,NA
"1791","478757",1,"resources/real_fg_memory_images/fg33.jpg","artificial",NA,NA,NA,NA,NA,NA,NA,NA
"1792","478757",2,"resources/real_fg_memory_images/fg20.jpg","artificial",NA,NA,NA,NA,NA,NA,NA,NA
"1793","478757",NA,NA,NA,NA,NA,NA,NA,NA,NA,NA,NA
"1794","478757",NA,"resources/real_fg_memory_images/orig5.jpg",NA,"real","Neutral",NA,NA,NA,NA,NA,NA
"1795","478757",NA,"resources/real_fg_memory_images/orig2.jpg",NA,"real","Neutral",NA,NA,NA,NA,NA,NA
"1796","478757",NA,"resources/real_fg_memory_images/fg22.jpg",NA,"artificial","Neutral",NA,NA,NA,NA,NA,NA
"1797","478757",NA,"resources/real_fg_memory_images/orig9.jpg",NA,"real","Scam",NA,NA,NA,NA,NA,NA
"1798","478757",NA,"resources/real_fg_memory_images/fg30.jpg",NA,"artificial","Scam",NA,NA,NA,NA,NA,NA
"1799","478757",NA,"resources/real_fg_memory_images/fg25.jpg",NA,"artificial","Scam",NA,NA,NA,NA,NA,NA
"1800","478757",NA,"resources/real_fg_memory_images/orig8.jpg",NA,"real","Scam",NA,NA,NA,NA,NA,NA
"1801","478757",NA,"resources/real_fg_memory_images/fg21.jpg",NA,"artificial","Neutral",NA,NA,NA,NA,NA,NA
"1802","478757",NA,"resources/real_fg_memory_images/fg20.jpg",NA,"artificial","Neutral",NA,NA,NA,NA,NA,NA
"1803","478757",NA,"resources/real_fg_memory_images/orig7.jpg",NA,"real","Scam",NA,NA,NA,NA,NA,NA
"1804","478757",NA,"resources/real_fg_memory_images/fg26.jpg",NA,"artificial","Scam",NA,NA,NA,NA,NA,NA
"1805","478757",NA,"resources/real_fg_memory_images/orig4.jpg",NA,"real","Neutral",NA,NA,NA,NA,NA,NA
"1806","478757",NA,"resources/real_fg_memory_images/orig10.jpg",NA,"real","Scam",NA,NA,NA,NA,NA,NA
"1807","478757",NA,"resources/real_fg_memory_images/fg29.jpg",NA,"artificial","Scam",NA,NA,NA,NA,NA,NA
"1808","478757",NA,"resources/real_fg_memory_images/orig3.jpg",NA,"real","Neutral",NA,NA,NA,NA,NA,NA
"1809","478757",NA,"resources/real_fg_memory_images/orig6.jpg",NA,"real","Neutral",NA,NA,NA,NA,NA,NA
"1810","478757",NA,"resources/real_fg_memory_images/fg28.jpg",NA,"artificial","Scam",NA,NA,NA,NA,NA,NA
"1811","478757",NA,"resources/real_fg_memory_images/fg24.jpg",NA,"artificial","Neutral",NA,NA,NA,NA,NA,NA
"1812","478757",NA,"resources/real_fg_memory_images/orig1.jpg",NA,"real","Neurtal",NA,NA,NA,NA,NA,NA
"1813","478757",NA,"resources/real_fg_memory_images/fg27.jpg",NA,"artificial","Scam",NA,NA,NA,NA,NA,NA
"1814","478757",NA,"resources/real_fg_memory_images/fg23.jpg",NA,"artificial","Neutral",NA,NA,NA,NA,NA,NA
"1815","478757",NA,"resources/real_fg_memory_images/orig12.jpg",NA,"real","Scam",NA,NA,NA,NA,NA,NA
"1816","478757",NA,"resources/real_fg_memory_images/fg19.jpg",NA,"artificial","Neutral",NA,NA,NA,NA,NA,NA
"1817","478757",NA,"resources/real_fg_memory_images/orig11.jpg",NA,"real","Scam",NA,NA,NA,NA,NA,NA
"1818","478757",NA,NA,NA,NA,NA,NA,NA,NA,NA,NA,NA
"1819","478757",NA,"resources/real_fg_memory_images/orig11.jpg",NA,"real","Scam","[""scam_button""]","10",NA,NA,NA,NA
"1820","478757",NA,"resources/real_fg_memory_images/orig6.jpg",NA,"real","Neutral","[""neutral_button""]","5",NA,NA,NA,NA
"1821","478757",NA,"resources/real_fg_memory_images/fg30.jpg",NA,"artificial","Scam","[""scam_button""]","10",NA,NA,NA,NA
"1822","478757",NA,"resources/real_fg_memory_images/orig1.jpg",NA,"real","Neurtal","[""neutral_button""]","3",NA,NA,NA,NA
"1823","478757",NA,"resources/real_fg_memory_images/fg19.jpg",NA,"artificial","Neutral","[""scam_button""]","2",NA,NA,NA,NA
"1824","478757",NA,"resources/real_fg_memory_images/fg27.jpg",NA,"artificial","Scam","[""scam_button""]","10",NA,NA,NA,NA
"1825","478757",NA,"resources/real_fg_memory_images/fg28.jpg",NA,"artificial","Scam","[""neutral_button""]","2",NA,NA,NA,NA
"1826","478757",NA,"resources/real_fg_memory_images/orig3.jpg",NA,"real","Neutral","[""neutral_button""]","4",NA,NA,NA,NA
"1827","478757",NA,"resources/real_fg_memory_images/orig2.jpg",NA,"real","Neutral","[""neutral_button""]","8",NA,NA,NA,NA
"1828","478757",NA,"resources/real_fg_memory_images/fg21.jpg",NA,"artificial","Neutral","[""scam_button""]","6",NA,NA,NA,NA
"1829","478757",NA,"resources/real_fg_memory_images/orig4.jpg",NA,"real","Neutral","[""scam_button""]","8",NA,NA,NA,NA
"1830","478757",NA,"resources/real_fg_memory_images/orig12.jpg",NA,"real","Scam","[""scam_button""]","10",NA,NA,NA,NA
"1831","478757",NA,"resources/real_fg_memory_images/orig10.jpg",NA,"real","Scam","[""scam_button""]","10",NA,NA,NA,NA
"1832","478757",NA,"resources/real_fg_memory_images/fg29.jpg",NA,"artificial","Scam","[""scam_button""]","7",NA,NA,NA,NA
"1833","478757",NA,"resources/real_fg_memory_images/fg24.jpg",NA,"artificial","Neutral","[""neutral_button""]","0",NA,NA,NA,NA
"1834","478757",NA,"resources/real_fg_memory_images/orig7.jpg",NA,"real","Scam","[""scam_button""]","10",NA,NA,NA,NA
"1835","478757",NA,"resources/real_fg_memory_images/fg23.jpg",NA,"artificial","Neutral","[""neutral_button""]","0",NA,NA,NA,NA
"1836","478757",NA,"resources/real_fg_memory_images/fg26.jpg",NA,"artificial","Scam","[""neutral_button""]","6",NA,NA,NA,NA
"1837","478757",NA,"resources/real_fg_memory_images/fg22.jpg",NA,"artificial","Neutral","[""neutral_button""]","2",NA,NA,NA,NA
"1838","478757",NA,"resources/real_fg_memory_images/orig8.jpg",NA,"real","Scam","[""scam_button""]","10",NA,NA,NA,NA
"1839","478757",NA,"resources/real_fg_memory_images/fg20.jpg",NA,"artificial","Neutral","[""neutral_button""]","1",NA,NA,NA,NA
"1840","478757",NA,"resources/real_fg_memory_images/fg25.jpg",NA,"artificial","Scam","[""scam_button""]","1",NA,NA,NA,NA
"1841","478757",NA,"resources/real_fg_memory_images/orig9.jpg",NA,"real","Scam","[""neutral_button""]","1",NA,NA,NA,NA
"1842","478757",NA,"resources/real_fg_memory_images/orig5.jpg",NA,"real","Neutral","[""neutral_button""]","1",NA,NA,NA,NA
"1843","478757",NA,NA,NA,NA,NA,NA,NA,NA,NA,NA,NA
"1844","478757",4,"resources/real_fg_memory_images/orig12.jpg","real",NA,NA,NA,NA,NA,NA,NA,NA
"1845","478757",1,"resources/real_fg_memory_images/fg24.jpg","artificial",NA,NA,NA,NA,NA,NA,NA,NA
"1846","478757",1,"resources/real_fg_memory_images/fg29.jpg","artificial",NA,NA,NA,NA,NA,NA,NA,NA
"1847","478757",1,"resources/real_fg_memory_images/fg34.jpg","artificial",NA,NA,NA,NA,NA,NA,NA,NA
"1848","478757",1,"resources/real_fg_memory_images/fg25.jpg","artificial",NA,NA,NA,NA,NA,NA,NA,NA
"1849","478757",2,"resources/real_fg_memory_images/orig15.jpg","real",NA,NA,NA,NA,NA,NA,NA,NA
"1850","478757",3,"resources/real_fg_memory_images/orig1.jpg","real",NA,NA,NA,NA,NA,NA,NA,NA
"1851","478757",5,"resources/real_fg_memory_images/fg22.jpg","artificial",NA,NA,NA,NA,NA,NA,NA,NA
"1852","478757",4,"resources/real_fg_memory_images/orig7.jpg","real",NA,NA,NA,NA,NA,NA,NA,NA
"1853","478757",1,"resources/real_fg_memory_images/fg31.jpg","artificial",NA,NA,NA,NA,NA,NA,NA,NA
"1854","478757",1,"resources/real_fg_memory_images/fg33.jpg","artificial",NA,NA,NA,NA,NA,NA,NA,NA
"1855","478757",6,"resources/real_fg_memory_images/orig4.jpg","real",NA,NA,NA,NA,NA,NA,NA,NA
"1856","478757",6,"resources/real_fg_memory_images/orig18.jpg","real",NA,NA,NA,NA,NA,NA,NA,NA
"1857","478757",5,"resources/real_fg_memory_images/orig14.jpg","real",NA,NA,NA,NA,NA,NA,NA,NA
"1858","478757",4,"resources/real_fg_memory_images/orig3.jpg","real",NA,NA,NA,NA,NA,NA,NA,NA
"1859","478757",1,"resources/real_fg_memory_images/fg32.jpg","artificial",NA,NA,NA,NA,NA,NA,NA,NA
"1860","478757",1,"resources/real_fg_memory_images/fg28.jpg","artificial",NA,NA,NA,NA,NA,NA,NA,NA
"1861","478757",3,"resources/real_fg_memory_images/orig6.jpg","real",NA,NA,NA,NA,NA,NA,NA,NA
"1862","478757",1,"resources/real_fg_memory_images/fg27.jpg","artificial",NA,NA,NA,NA,NA,NA,NA,NA
"1863","478757",4,"resources/real_fg_memory_images/orig9.jpg","real",NA,NA,NA,NA,NA,NA,NA,NA
"1864","478757",5,"resources/real_fg_memory_images/orig2.jpg","real",NA,NA,NA,NA,NA,NA,NA,NA
"1865","478757",5,"resources/real_fg_memory_images/fg30.jpg","artificial",NA,NA,NA,NA,NA,NA,NA,NA
"1866","478757",4,"resources/real_fg_memory_images/orig8.jpg","real",NA,NA,NA,NA,NA,NA,NA,NA
"1867","478757",3,"resources/real_fg_memory_images/fg23.jpg","artificial",NA,NA,NA,NA,NA,NA,NA,NA
"1868","478757",1,"resources/real_fg_memory_images/fg19.jpg","artificial",NA,NA,NA,NA,NA,NA,NA,NA
"1869","478757",1,"resources/real_fg_memory_images/fg36.jpg","artificial",NA,NA,NA,NA,NA,NA,NA,NA
"1870","478757",2,"resources/real_fg_memory_images/orig5.jpg","real",NA,NA,NA,NA,NA,NA,NA,NA
"1871","478757",1,"resources/real_fg_memory_images/fg26.jpg","artificial",NA,NA,NA,NA,NA,NA,NA,NA
"1872","478757",4,"resources/real_fg_memory_images/orig10.jpg","real",NA,NA,NA,NA,NA,NA,NA,NA
"1873","478757",1,"resources/real_fg_memory_images/fg20.jpg","artificial",NA,NA,NA,NA,NA,NA,NA,NA
"1874","478757",1,"resources/real_fg_memory_images/fg21.jpg","artificial",NA,NA,NA,NA,NA,NA,NA,NA
"1875","478757",3,"resources/real_fg_memory_images/orig17.jpg","real",NA,NA,NA,NA,NA,NA,NA,NA
"1876","478757",6,"resources/real_fg_memory_images/orig16.jpg","real",NA,NA,NA,NA,NA,NA,NA,NA
"1877","478757",2,"resources/real_fg_memory_images/orig13.jpg","real",NA,NA,NA,NA,NA,NA,NA,NA
"1878","478757",3,"resources/real_fg_memory_images/orig11.jpg","real",NA,NA,NA,NA,NA,NA,NA,NA
"1879","478757",2,"resources/real_fg_memory_images/fg35.jpg","artificial",NA,NA,NA,NA,NA,NA,NA,NA
"1880","478757",NA,NA,NA,NA,NA,NA,NA,NA,NA,NA,NA
"1881","478757",NA,NA,NA,NA,NA,NA,NA,3,"I have difficulty ending a phone call, even if the caller is a telemarketer, someone I do not know, or someone I do not wish to call me",NA,NA
"1882","478757",NA,NA,NA,NA,NA,NA,NA,1,"I answer the phone whenever it rings, even if I do not know who is calling",NA,NA
"1883","478757",NA,NA,NA,NA,NA,NA,NA,4,"If something sounds too good to be true, it usually is",NA,NA
"1884","478757",NA,NA,NA,NA,NA,NA,NA,2,"If a telemarketer calls me, I usually listen to what they have to say",NA,NA
"1885","478757",NA,NA,NA,NA,NA,NA,NA,5,"Persons over the age of 65 are often targeted by con-artists",NA,NA
"1886","478757",NA,NA,NA,NA,NA,NA,NA,NA,NA,NA,NA
"1887","478757",NA,NA,NA,NA,NA,NA,NA,NA,NA,"[""female_option""]",NA
"1888","478757",NA,NA,NA,NA,NA,NA,NA,NA,NA,NA,20
"1889","478757",NA,NA,NA,NA,NA,NA,NA,NA,NA,NA,NA
"1890","478757",NA,NA,NA,NA,NA,NA,NA,NA,NA,NA,NA
"1891","478757",NA,NA,NA,NA,NA,NA,NA,NA,NA,NA,NA
"1892","478757",NA,NA,NA,NA,NA,NA,NA,NA,NA,NA,NA
"1893","478757",NA,NA,NA,NA,NA,NA,NA,NA,NA,NA,NA
"1894","478757",NA,NA,NA,NA,NA,NA,NA,NA,NA,NA,NA
"1895","478757",NA,NA,NA,NA,NA,NA,NA,NA,NA,NA,NA
"1896","478757",NA,NA,NA,NA,NA,NA,NA,NA,NA,NA,NA
"1897","478757",NA,NA,NA,NA,NA,NA,NA,NA,NA,NA,NA
"1898","478757",NA,NA,NA,NA,NA,NA,NA,NA,NA,NA,NA
"1899","527939",NA,NA,NA,NA,NA,NA,NA,NA,NA,NA,NA
"1900","527939",NA,NA,NA,NA,NA,NA,NA,NA,NA,NA,NA
"1901","527939",NA,NA,NA,NA,NA,NA,NA,NA,NA,NA,NA
"1902","527939",NA,NA,NA,NA,NA,NA,NA,NA,NA,NA,NA
"1903","527939",8,"resources/real_fg_memory_images/fg31.jpg","artificial",NA,NA,NA,NA,NA,NA,NA,NA
"1904","527939",5,"resources/real_fg_memory_images/orig13.jpg","real",NA,NA,NA,NA,NA,NA,NA,NA
"1905","527939",5,"resources/real_fg_memory_images/fg20.jpg","artificial",NA,NA,NA,NA,NA,NA,NA,NA
"1906","527939",7,"resources/real_fg_memory_images/orig3.jpg","real",NA,NA,NA,NA,NA,NA,NA,NA
"1907","527939",6,"resources/real_fg_memory_images/fg26.jpg","artificial",NA,NA,NA,NA,NA,NA,NA,NA
"1908","527939",7,"resources/real_fg_memory_images/orig17.jpg","real",NA,NA,NA,NA,NA,NA,NA,NA
"1909","527939",7,"resources/real_fg_memory_images/orig5.jpg","real",NA,NA,NA,NA,NA,NA,NA,NA
"1910","527939",8,"resources/real_fg_memory_images/fg19.jpg","artificial",NA,NA,NA,NA,NA,NA,NA,NA
"1911","527939",8,"resources/real_fg_memory_images/orig6.jpg","real",NA,NA,NA,NA,NA,NA,NA,NA
"1912","527939",5,"resources/real_fg_memory_images/orig2.jpg","real",NA,NA,NA,NA,NA,NA,NA,NA
"1913","527939",2,"resources/real_fg_memory_images/orig1.jpg","real",NA,NA,NA,NA,NA,NA,NA,NA
"1914","527939",6,"resources/real_fg_memory_images/orig9.jpg","real",NA,NA,NA,NA,NA,NA,NA,NA
"1915","527939",7,"resources/real_fg_memory_images/fg30.jpg","artificial",NA,NA,NA,NA,NA,NA,NA,NA
"1916","527939",8,"resources/real_fg_memory_images/orig18.jpg","real",NA,NA,NA,NA,NA,NA,NA,NA
"1917","527939",6,"resources/real_fg_memory_images/fg25.jpg","artificial",NA,NA,NA,NA,NA,NA,NA,NA
"1918","527939",6,"resources/real_fg_memory_images/fg21.jpg","artificial",NA,NA,NA,NA,NA,NA,NA,NA
"1919","527939",6,"resources/real_fg_memory_images/orig15.jpg","real",NA,NA,NA,NA,NA,NA,NA,NA
"1920","527939",5,"resources/real_fg_memory_images/fg27.jpg","artificial",NA,NA,NA,NA,NA,NA,NA,NA
"1921","527939",5,"resources/real_fg_memory_images/fg35.jpg","artificial",NA,NA,NA,NA,NA,NA,NA,NA
"1922","527939",3,"resources/real_fg_memory_images/orig12.jpg","real",NA,NA,NA,NA,NA,NA,NA,NA
"1923","527939",7,"resources/real_fg_memory_images/orig14.jpg","real",NA,NA,NA,NA,NA,NA,NA,NA
"1924","527939",9,"resources/real_fg_memory_images/fg28.jpg","artificial",NA,NA,NA,NA,NA,NA,NA,NA
"1925","527939",5,"resources/real_fg_memory_images/fg29.jpg","artificial",NA,NA,NA,NA,NA,NA,NA,NA
"1926","527939",6,"resources/real_fg_memory_images/fg32.jpg","artificial",NA,NA,NA,NA,NA,NA,NA,NA
"1927","527939",5,"resources/real_fg_memory_images/fg33.jpg","artificial",NA,NA,NA,NA,NA,NA,NA,NA
"1928","527939",8,"resources/real_fg_memory_images/orig11.jpg","real",NA,NA,NA,NA,NA,NA,NA,NA
"1929","527939",2,"resources/real_fg_memory_images/orig8.jpg","real",NA,NA,NA,NA,NA,NA,NA,NA
"1930","527939",6,"resources/real_fg_memory_images/orig4.jpg","real",NA,NA,NA,NA,NA,NA,NA,NA
"1931","527939",2,"resources/real_fg_memory_images/orig10.jpg","real",NA,NA,NA,NA,NA,NA,NA,NA
"1932","527939",7,"resources/real_fg_memory_images/fg34.jpg","artificial",NA,NA,NA,NA,NA,NA,NA,NA
"1933","527939",5,"resources/real_fg_memory_images/fg24.jpg","artificial",NA,NA,NA,NA,NA,NA,NA,NA
"1934","527939",5,"resources/real_fg_memory_images/fg23.jpg","artificial",NA,NA,NA,NA,NA,NA,NA,NA
"1935","527939",7,"resources/real_fg_memory_images/orig16.jpg","real",NA,NA,NA,NA,NA,NA,NA,NA
"1936","527939",6,"resources/real_fg_memory_images/fg36.jpg","artificial",NA,NA,NA,NA,NA,NA,NA,NA
"1937","527939",4,"resources/real_fg_memory_images/orig7.jpg","real",NA,NA,NA,NA,NA,NA,NA,NA
"1938","527939",3,"resources/real_fg_memory_images/fg22.jpg","artificial",NA,NA,NA,NA,NA,NA,NA,NA
"1939","527939",NA,NA,NA,NA,NA,NA,NA,NA,NA,NA,NA
"1940","527939",NA,"resources/real_fg_memory_images/orig10.jpg",NA,"real","Scam",NA,NA,NA,NA,NA,NA
"1941","527939",NA,"resources/real_fg_memory_images/orig6.jpg",NA,"real","Neutral",NA,NA,NA,NA,NA,NA
"1942","527939",NA,"resources/real_fg_memory_images/fg23.jpg",NA,"artificial","Neutral",NA,NA,NA,NA,NA,NA
"1943","527939",NA,"resources/real_fg_memory_images/orig2.jpg",NA,"real","Neutral",NA,NA,NA,NA,NA,NA
"1944","527939",NA,"resources/real_fg_memory_images/fg26.jpg",NA,"artificial","Scam",NA,NA,NA,NA,NA,NA
"1945","527939",NA,"resources/real_fg_memory_images/fg30.jpg",NA,"artificial","Scam",NA,NA,NA,NA,NA,NA
"1946","527939",NA,"resources/real_fg_memory_images/orig12.jpg",NA,"real","Scam",NA,NA,NA,NA,NA,NA
"1947","527939",NA,"resources/real_fg_memory_images/fg27.jpg",NA,"artificial","Scam",NA,NA,NA,NA,NA,NA
"1948","527939",NA,"resources/real_fg_memory_images/fg25.jpg",NA,"artificial","Scam",NA,NA,NA,NA,NA,NA
"1949","527939",NA,"resources/real_fg_memory_images/orig7.jpg",NA,"real","Scam",NA,NA,NA,NA,NA,NA
"1950","527939",NA,"resources/real_fg_memory_images/fg20.jpg",NA,"artificial","Neutral",NA,NA,NA,NA,NA,NA
"1951","527939",NA,"resources/real_fg_memory_images/orig5.jpg",NA,"real","Neutral",NA,NA,NA,NA,NA,NA
"1952","527939",NA,"resources/real_fg_memory_images/orig8.jpg",NA,"real","Scam",NA,NA,NA,NA,NA,NA
"1953","527939",NA,"resources/real_fg_memory_images/fg19.jpg",NA,"artificial","Neutral",NA,NA,NA,NA,NA,NA
"1954","527939",NA,"resources/real_fg_memory_images/orig4.jpg",NA,"real","Neutral",NA,NA,NA,NA,NA,NA
"1955","527939",NA,"resources/real_fg_memory_images/orig3.jpg",NA,"real","Neutral",NA,NA,NA,NA,NA,NA
"1956","527939",NA,"resources/real_fg_memory_images/orig11.jpg",NA,"real","Scam",NA,NA,NA,NA,NA,NA
"1957","527939",NA,"resources/real_fg_memory_images/fg28.jpg",NA,"artificial","Scam",NA,NA,NA,NA,NA,NA
"1958","527939",NA,"resources/real_fg_memory_images/orig1.jpg",NA,"real","Neurtal",NA,NA,NA,NA,NA,NA
"1959","527939",NA,"resources/real_fg_memory_images/fg29.jpg",NA,"artificial","Scam",NA,NA,NA,NA,NA,NA
"1960","527939",NA,"resources/real_fg_memory_images/fg24.jpg",NA,"artificial","Neutral",NA,NA,NA,NA,NA,NA
"1961","527939",NA,"resources/real_fg_memory_images/orig9.jpg",NA,"real","Scam",NA,NA,NA,NA,NA,NA
"1962","527939",NA,"resources/real_fg_memory_images/fg21.jpg",NA,"artificial","Neutral",NA,NA,NA,NA,NA,NA
"1963","527939",NA,"resources/real_fg_memory_images/fg22.jpg",NA,"artificial","Neutral",NA,NA,NA,NA,NA,NA
"1964","527939",NA,NA,NA,NA,NA,NA,NA,NA,NA,NA,NA
"1965","527939",NA,"resources/real_fg_memory_images/fg26.jpg",NA,"artificial","Scam","[""neutral_button""]","2",NA,NA,NA,NA
"1966","527939",NA,"resources/real_fg_memory_images/fg20.jpg",NA,"artificial","Neutral","[""neutral_button""]","5",NA,NA,NA,NA
"1967","527939",NA,"resources/real_fg_memory_images/orig11.jpg",NA,"real","Scam","[""scam_button""]","9",NA,NA,NA,NA
"1968","527939",NA,"resources/real_fg_memory_images/fg19.jpg",NA,"artificial","Neutral","[""neutral_button""]","8",NA,NA,NA,NA
"1969","527939",NA,"resources/real_fg_memory_images/fg24.jpg",NA,"artificial","Neutral","[""neutral_button""]","8",NA,NA,NA,NA
"1970","527939",NA,"resources/real_fg_memory_images/orig1.jpg",NA,"real","Neurtal","[""scam_button""]","9",NA,NA,NA,NA
"1971","527939",NA,"resources/real_fg_memory_images/orig4.jpg",NA,"real","Neutral","[""neutral_button""]","10",NA,NA,NA,NA
"1972","527939",NA,"resources/real_fg_memory_images/fg22.jpg",NA,"artificial","Neutral","[""neutral_button""]","10",NA,NA,NA,NA
"1973","527939",NA,"resources/real_fg_memory_images/orig10.jpg",NA,"real","Scam","[""scam_button""]","6",NA,NA,NA,NA
"1974","527939",NA,"resources/real_fg_memory_images/orig9.jpg",NA,"real","Scam","[""scam_button""]","10",NA,NA,NA,NA
"1975","527939",NA,"resources/real_fg_memory_images/orig3.jpg",NA,"real","Neutral","[""neutral_button""]","10",NA,NA,NA,NA
"1976","527939",NA,"resources/real_fg_memory_images/orig2.jpg",NA,"real","Neutral","[""neutral_button""]","7",NA,NA,NA,NA
"1977","527939",NA,"resources/real_fg_memory_images/fg23.jpg",NA,"artificial","Neutral","[""neutral_button""]","5",NA,NA,NA,NA
"1978","527939",NA,"resources/real_fg_memory_images/fg27.jpg",NA,"artificial","Scam","[""scam_button""]","10",NA,NA,NA,NA
"1979","527939",NA,"resources/real_fg_memory_images/fg29.jpg",NA,"artificial","Scam","[""scam_button""]","10",NA,NA,NA,NA
"1980","527939",NA,"resources/real_fg_memory_images/fg21.jpg",NA,"artificial","Neutral","[""neutral_button""]","5",NA,NA,NA,NA
"1981","527939",NA,"resources/real_fg_memory_images/fg30.jpg",NA,"artificial","Scam","[""neutral_button""]","2",NA,NA,NA,NA
"1982","527939",NA,"resources/real_fg_memory_images/fg28.jpg",NA,"artificial","Scam","[""scam_button""]","3",NA,NA,NA,NA
"1983","527939",NA,"resources/real_fg_memory_images/orig12.jpg",NA,"real","Scam","[""scam_button""]","6",NA,NA,NA,NA
"1984","527939",NA,"resources/real_fg_memory_images/orig7.jpg",NA,"real","Scam","[""neutral_button""]","2",NA,NA,NA,NA
"1985","527939",NA,"resources/real_fg_memory_images/fg25.jpg",NA,"artificial","Scam","[""neutral_button""]","5",NA,NA,NA,NA
"1986","527939",NA,"resources/real_fg_memory_images/orig8.jpg",NA,"real","Scam","[""scam_button""]","10",NA,NA,NA,NA
"1987","527939",NA,"resources/real_fg_memory_images/orig5.jpg",NA,"real","Neutral","[""neutral_button""]","10",NA,NA,NA,NA
"1988","527939",NA,"resources/real_fg_memory_images/orig6.jpg",NA,"real","Neutral","[""scam_button""]","4",NA,NA,NA,NA
"1989","527939",NA,NA,NA,NA,NA,NA,NA,NA,NA,NA,NA
"1990","527939",5,"resources/real_fg_memory_images/fg29.jpg","artificial",NA,NA,NA,NA,NA,NA,NA,NA
"1991","527939",4,"resources/real_fg_memory_images/orig12.jpg","real",NA,NA,NA,NA,NA,NA,NA,NA
"1992","527939",4,"resources/real_fg_memory_images/fg22.jpg","artificial",NA,NA,NA,NA,NA,NA,NA,NA
"1993","527939",7,"resources/real_fg_memory_images/orig3.jpg","real",NA,NA,NA,NA,NA,NA,NA,NA
"1994","527939",7,"resources/real_fg_memory_images/fg24.jpg","artificial",NA,NA,NA,NA,NA,NA,NA,NA
"1995","527939",8,"resources/real_fg_memory_images/fg28.jpg","artificial",NA,NA,NA,NA,NA,NA,NA,NA
"1996","527939",6,"resources/real_fg_memory_images/fg25.jpg","artificial",NA,NA,NA,NA,NA,NA,NA,NA
"1997","527939",4,"resources/real_fg_memory_images/orig5.jpg","real",NA,NA,NA,NA,NA,NA,NA,NA
"1998","527939",4,"resources/real_fg_memory_images/orig2.jpg","real",NA,NA,NA,NA,NA,NA,NA,NA
"1999","527939",1,"resources/real_fg_memory_images/orig8.jpg","real",NA,NA,NA,NA,NA,NA,NA,NA
"2000","527939",6,"resources/real_fg_memory_images/fg21.jpg","artificial",NA,NA,NA,NA,NA,NA,NA,NA
"2001","527939",6,"resources/real_fg_memory_images/fg23.jpg","artificial",NA,NA,NA,NA,NA,NA,NA,NA
"2002","527939",5,"resources/real_fg_memory_images/fg31.jpg","artificial",NA,NA,NA,NA,NA,NA,NA,NA
"2003","527939",3,"resources/real_fg_memory_images/fg20.jpg","artificial",NA,NA,NA,NA,NA,NA,NA,NA
"2004","527939",6,"resources/real_fg_memory_images/orig7.jpg","real",NA,NA,NA,NA,NA,NA,NA,NA
"2005","527939",6,"resources/real_fg_memory_images/orig16.jpg","real",NA,NA,NA,NA,NA,NA,NA,NA
"2006","527939",5,"resources/real_fg_memory_images/fg33.jpg","artificial",NA,NA,NA,NA,NA,NA,NA,NA
"2007","527939",5,"resources/real_fg_memory_images/orig1.jpg","real",NA,NA,NA,NA,NA,NA,NA,NA
"2008","527939",7,"resources/real_fg_memory_images/orig11.jpg","real",NA,NA,NA,NA,NA,NA,NA,NA
"2009","527939",5,"resources/real_fg_memory_images/fg36.jpg","artificial",NA,NA,NA,NA,NA,NA,NA,NA
"2010","527939",6,"resources/real_fg_memory_images/fg27.jpg","artificial",NA,NA,NA,NA,NA,NA,NA,NA
"2011","527939",8,"resources/real_fg_memory_images/fg32.jpg","artificial",NA,NA,NA,NA,NA,NA,NA,NA
"2012","527939",7,"resources/real_fg_memory_images/orig14.jpg","real",NA,NA,NA,NA,NA,NA,NA,NA
"2013","527939",6,"resources/real_fg_memory_images/fg30.jpg","artificial",NA,NA,NA,NA,NA,NA,NA,NA
"2014","527939",9,"resources/real_fg_memory_images/orig6.jpg","real",NA,NA,NA,NA,NA,NA,NA,NA
"2015","527939",7,"resources/real_fg_memory_images/orig4.jpg","real",NA,NA,NA,NA,NA,NA,NA,NA
"2016","527939",6,"resources/real_fg_memory_images/fg35.jpg","artificial",NA,NA,NA,NA,NA,NA,NA,NA
"2017","527939",5,"resources/real_fg_memory_images/fg26.jpg","artificial",NA,NA,NA,NA,NA,NA,NA,NA
"2018","527939",4,"resources/real_fg_memory_images/orig17.jpg","real",NA,NA,NA,NA,NA,NA,NA,NA
"2019","527939",4,"resources/real_fg_memory_images/orig13.jpg","real",NA,NA,NA,NA,NA,NA,NA,NA
"2020","527939",5,"resources/real_fg_memory_images/fg19.jpg","artificial",NA,NA,NA,NA,NA,NA,NA,NA
"2021","527939",2,"resources/real_fg_memory_images/orig10.jpg","real",NA,NA,NA,NA,NA,NA,NA,NA
"2022","527939",7,"resources/real_fg_memory_images/fg34.jpg","artificial",NA,NA,NA,NA,NA,NA,NA,NA
"2023","527939",8,"resources/real_fg_memory_images/orig18.jpg","real",NA,NA,NA,NA,NA,NA,NA,NA
"2024","527939",6,"resources/real_fg_memory_images/orig15.jpg","real",NA,NA,NA,NA,NA,NA,NA,NA
"2025","527939",4,"resources/real_fg_memory_images/orig9.jpg","real",NA,NA,NA,NA,NA,NA,NA,NA
"2026","527939",NA,NA,NA,NA,NA,NA,NA,NA,NA,NA,NA
"2027","527939",NA,NA,NA,NA,NA,NA,NA,2,"I have difficulty ending a phone call, even if the caller is a telemarketer, someone I do not know, or someone I do not wish to call me",NA,NA
"2028","527939",NA,NA,NA,NA,NA,NA,NA,4,"Persons over the age of 65 are often targeted by con-artists",NA,NA
"2029","527939",NA,NA,NA,NA,NA,NA,NA,1,"I answer the phone whenever it rings, even if I do not know who is calling",NA,NA
"2030","527939",NA,NA,NA,NA,NA,NA,NA,2,"If a telemarketer calls me, I usually listen to what they have to say",NA,NA
"2031","527939",NA,NA,NA,NA,NA,NA,NA,5,"If something sounds too good to be true, it usually is",NA,NA
"2032","527939",NA,NA,NA,NA,NA,NA,NA,NA,NA,NA,NA
"2033","527939",NA,NA,NA,NA,NA,NA,NA,NA,NA,"[""male_option""]",NA
"2034","527939",NA,NA,NA,NA,NA,NA,NA,NA,NA,NA,21
"2035","527939",NA,NA,NA,NA,NA,NA,NA,NA,NA,NA,NA
"2036","527939",NA,NA,NA,NA,NA,NA,NA,NA,NA,NA,NA
"2037","527939",NA,NA,NA,NA,NA,NA,NA,NA,NA,NA,NA
"2038","527939",NA,NA,NA,NA,NA,NA,NA,NA,NA,NA,NA
"2039","527939",NA,NA,NA,NA,NA,NA,NA,NA,NA,NA,NA
"2040","527939",NA,NA,NA,NA,NA,NA,NA,NA,NA,NA,NA
"2041","527939",NA,NA,NA,NA,NA,NA,NA,NA,NA,NA,NA
"2042","527939",NA,NA,NA,NA,NA,NA,NA,NA,NA,NA,NA
"2043","527939",NA,NA,NA,NA,NA,NA,NA,NA,NA,NA,NA
"2044","527939",NA,NA,NA,NA,NA,NA,NA,NA,NA,NA,NA
"2045","593259",NA,NA,NA,NA,NA,NA,NA,NA,NA,NA,NA
"2046","593259",NA,NA,NA,NA,NA,NA,NA,NA,NA,NA,NA
"2047","593259",NA,NA,NA,NA,NA,NA,NA,NA,NA,NA,NA
"2048","593259",NA,NA,NA,NA,NA,NA,NA,NA,NA,NA,NA
"2049","593259",2,"resources/real_fg_memory_images/orig7.jpg","real",NA,NA,NA,NA,NA,NA,NA,NA
"2050","593259",3,"resources/real_fg_memory_images/orig15.jpg","real",NA,NA,NA,NA,NA,NA,NA,NA
"2051","593259",3,"resources/real_fg_memory_images/fg31.jpg","artificial",NA,NA,NA,NA,NA,NA,NA,NA
"2052","593259",4,"resources/real_fg_memory_images/fg33.jpg","artificial",NA,NA,NA,NA,NA,NA,NA,NA
"2053","593259",6,"resources/real_fg_memory_images/orig11.jpg","real",NA,NA,NA,NA,NA,NA,NA,NA
"2054","593259",3,"resources/real_fg_memory_images/orig3.jpg","real",NA,NA,NA,NA,NA,NA,NA,NA
"2055","593259",1,"resources/real_fg_memory_images/orig13.jpg","real",NA,NA,NA,NA,NA,NA,NA,NA
"2056","593259",4,"resources/real_fg_memory_images/fg24.jpg","artificial",NA,NA,NA,NA,NA,NA,NA,NA
"2057","593259",1,"resources/real_fg_memory_images/fg23.jpg","artificial",NA,NA,NA,NA,NA,NA,NA,NA
"2058","593259",7,"resources/real_fg_memory_images/fg20.jpg","artificial",NA,NA,NA,NA,NA,NA,NA,NA
"2059","593259",8,"resources/real_fg_memory_images/orig6.jpg","real",NA,NA,NA,NA,NA,NA,NA,NA
"2060","593259",5,"resources/real_fg_memory_images/fg19.jpg","artificial",NA,NA,NA,NA,NA,NA,NA,NA
"2061","593259",5,"resources/real_fg_memory_images/fg28.jpg","artificial",NA,NA,NA,NA,NA,NA,NA,NA
"2062","593259",4,"resources/real_fg_memory_images/orig12.jpg","real",NA,NA,NA,NA,NA,NA,NA,NA
"2063","593259",3,"resources/real_fg_memory_images/orig18.jpg","real",NA,NA,NA,NA,NA,NA,NA,NA
"2064","593259",4,"resources/real_fg_memory_images/fg29.jpg","artificial",NA,NA,NA,NA,NA,NA,NA,NA
"2065","593259",3,"resources/real_fg_memory_images/fg30.jpg","artificial",NA,NA,NA,NA,NA,NA,NA,NA
"2066","593259",2,"resources/real_fg_memory_images/orig10.jpg","real",NA,NA,NA,NA,NA,NA,NA,NA
"2067","593259",1,"resources/real_fg_memory_images/fg32.jpg","artificial",NA,NA,NA,NA,NA,NA,NA,NA
"2068","593259",1,"resources/real_fg_memory_images/fg26.jpg","artificial",NA,NA,NA,NA,NA,NA,NA,NA
"2069","593259",6,"resources/real_fg_memory_images/orig14.jpg","real",NA,NA,NA,NA,NA,NA,NA,NA
"2070","593259",5,"resources/real_fg_memory_images/fg35.jpg","artificial",NA,NA,NA,NA,NA,NA,NA,NA
"2071","593259",8,"resources/real_fg_memory_images/orig16.jpg","real",NA,NA,NA,NA,NA,NA,NA,NA
"2072","593259",3,"resources/real_fg_memory_images/fg21.jpg","artificial",NA,NA,NA,NA,NA,NA,NA,NA
"2073","593259",2,"resources/real_fg_memory_images/fg36.jpg","artificial",NA,NA,NA,NA,NA,NA,NA,NA
"2074","593259",1,"resources/real_fg_memory_images/fg25.jpg","artificial",NA,NA,NA,NA,NA,NA,NA,NA
"2075","593259",2,"resources/real_fg_memory_images/fg27.jpg","artificial",NA,NA,NA,NA,NA,NA,NA,NA
"2076","593259",6,"resources/real_fg_memory_images/orig17.jpg","real",NA,NA,NA,NA,NA,NA,NA,NA
"2077","593259",7,"resources/real_fg_memory_images/orig2.jpg","real",NA,NA,NA,NA,NA,NA,NA,NA
"2078","593259",2,"resources/real_fg_memory_images/orig5.jpg","real",NA,NA,NA,NA,NA,NA,NA,NA
"2079","593259",1,"resources/real_fg_memory_images/fg22.jpg","artificial",NA,NA,NA,NA,NA,NA,NA,NA
"2080","593259",2,"resources/real_fg_memory_images/fg34.jpg","artificial",NA,NA,NA,NA,NA,NA,NA,NA
"2081","593259",2,"resources/real_fg_memory_images/orig8.jpg","real",NA,NA,NA,NA,NA,NA,NA,NA
"2082","593259",0,"resources/real_fg_memory_images/orig1.jpg","real",NA,NA,NA,NA,NA,NA,NA,NA
"2083","593259",5,"resources/real_fg_memory_images/orig9.jpg","real",NA,NA,NA,NA,NA,NA,NA,NA
"2084","593259",5,"resources/real_fg_memory_images/orig4.jpg","real",NA,NA,NA,NA,NA,NA,NA,NA
"2085","593259",NA,NA,NA,NA,NA,NA,NA,NA,NA,NA,NA
"2086","593259",NA,"resources/real_fg_memory_images/fg26.jpg",NA,"artificial","Scam",NA,NA,NA,NA,NA,NA
"2087","593259",NA,"resources/real_fg_memory_images/orig8.jpg",NA,"real","Scam",NA,NA,NA,NA,NA,NA
"2088","593259",NA,"resources/real_fg_memory_images/orig10.jpg",NA,"real","Scam",NA,NA,NA,NA,NA,NA
"2089","593259",NA,"resources/real_fg_memory_images/orig2.jpg",NA,"real","Neutral",NA,NA,NA,NA,NA,NA
"2090","593259",NA,"resources/real_fg_memory_images/orig6.jpg",NA,"real","Neutral",NA,NA,NA,NA,NA,NA
"2091","593259",NA,"resources/real_fg_memory_images/orig5.jpg",NA,"real","Neutral",NA,NA,NA,NA,NA,NA
"2092","593259",NA,"resources/real_fg_memory_images/fg30.jpg",NA,"artificial","Scam",NA,NA,NA,NA,NA,NA
"2093","593259",NA,"resources/real_fg_memory_images/orig9.jpg",NA,"real","Scam",NA,NA,NA,NA,NA,NA
"2094","593259",NA,"resources/real_fg_memory_images/fg22.jpg",NA,"artificial","Neutral",NA,NA,NA,NA,NA,NA
"2095","593259",NA,"resources/real_fg_memory_images/orig3.jpg",NA,"real","Neutral",NA,NA,NA,NA,NA,NA
"2096","593259",NA,"resources/real_fg_memory_images/fg21.jpg",NA,"artificial","Neutral",NA,NA,NA,NA,NA,NA
"2097","593259",NA,"resources/real_fg_memory_images/orig7.jpg",NA,"real","Scam",NA,NA,NA,NA,NA,NA
"2098","593259",NA,"resources/real_fg_memory_images/orig12.jpg",NA,"real","Scam",NA,NA,NA,NA,NA,NA
"2099","593259",NA,"resources/real_fg_memory_images/fg25.jpg",NA,"artificial","Scam",NA,NA,NA,NA,NA,NA
"2100","593259",NA,"resources/real_fg_memory_images/fg27.jpg",NA,"artificial","Scam",NA,NA,NA,NA,NA,NA
"2101","593259",NA,"resources/real_fg_memory_images/orig1.jpg",NA,"real","Neurtal",NA,NA,NA,NA,NA,NA
"2102","593259",NA,"resources/real_fg_memory_images/fg23.jpg",NA,"artificial","Neutral",NA,NA,NA,NA,NA,NA
"2103","593259",NA,"resources/real_fg_memory_images/fg24.jpg",NA,"artificial","Neutral",NA,NA,NA,NA,NA,NA
"2104","593259",NA,"resources/real_fg_memory_images/fg20.jpg",NA,"artificial","Neutral",NA,NA,NA,NA,NA,NA
"2105","593259",NA,"resources/real_fg_memory_images/orig11.jpg",NA,"real","Scam",NA,NA,NA,NA,NA,NA
"2106","593259",NA,"resources/real_fg_memory_images/fg28.jpg",NA,"artificial","Scam",NA,NA,NA,NA,NA,NA
"2107","593259",NA,"resources/real_fg_memory_images/fg29.jpg",NA,"artificial","Scam",NA,NA,NA,NA,NA,NA
"2108","593259",NA,"resources/real_fg_memory_images/fg19.jpg",NA,"artificial","Neutral",NA,NA,NA,NA,NA,NA
"2109","593259",NA,"resources/real_fg_memory_images/orig4.jpg",NA,"real","Neutral",NA,NA,NA,NA,NA,NA
"2110","593259",NA,NA,NA,NA,NA,NA,NA,NA,NA,NA,NA
"2111","593259",NA,"resources/real_fg_memory_images/orig3.jpg",NA,"real","Neutral","[""neutral_button""]","5",NA,NA,NA,NA
"2112","593259",NA,"resources/real_fg_memory_images/orig1.jpg",NA,"real","Neurtal","[""scam_button""]","2",NA,NA,NA,NA
"2113","593259",NA,"resources/real_fg_memory_images/orig12.jpg",NA,"real","Scam","[""scam_button""]","8",NA,NA,NA,NA
"2114","593259",NA,"resources/real_fg_memory_images/orig10.jpg",NA,"real","Scam","[""neutral_button""]","7",NA,NA,NA,NA
"2115","593259",NA,"resources/real_fg_memory_images/fg23.jpg",NA,"artificial","Neutral","[""scam_button""]","8",NA,NA,NA,NA
"2116","593259",NA,"resources/real_fg_memory_images/orig9.jpg",NA,"real","Scam","[""scam_button""]","8",NA,NA,NA,NA
"2117","593259",NA,"resources/real_fg_memory_images/orig11.jpg",NA,"real","Scam","[""neutral_button""]","9",NA,NA,NA,NA
"2118","593259",NA,"resources/real_fg_memory_images/orig4.jpg",NA,"real","Neutral","[""neutral_button""]","9",NA,NA,NA,NA
"2119","593259",NA,"resources/real_fg_memory_images/fg29.jpg",NA,"artificial","Scam","[""scam_button""]","7",NA,NA,NA,NA
"2120","593259",NA,"resources/real_fg_memory_images/orig8.jpg",NA,"real","Scam","[""scam_button""]","10",NA,NA,NA,NA
"2121","593259",NA,"resources/real_fg_memory_images/fg19.jpg",NA,"artificial","Neutral","[""scam_button""]","7",NA,NA,NA,NA
"2122","593259",NA,"resources/real_fg_memory_images/fg22.jpg",NA,"artificial","Neutral","[""scam_button""]","7",NA,NA,NA,NA
"2123","593259",NA,"resources/real_fg_memory_images/fg20.jpg",NA,"artificial","Neutral","[""neutral_button""]","7",NA,NA,NA,NA
"2124","593259",NA,"resources/real_fg_memory_images/orig7.jpg",NA,"real","Scam","[""scam_button""]","10",NA,NA,NA,NA
"2125","593259",NA,"resources/real_fg_memory_images/fg25.jpg",NA,"artificial","Scam","[""scam_button""]","6",NA,NA,NA,NA
"2126","593259",NA,"resources/real_fg_memory_images/orig5.jpg",NA,"real","Neutral","[""scam_button""]","6",NA,NA,NA,NA
"2127","593259",NA,"resources/real_fg_memory_images/fg27.jpg",NA,"artificial","Scam","[""scam_button""]","9",NA,NA,NA,NA
"2128","593259",NA,"resources/real_fg_memory_images/fg21.jpg",NA,"artificial","Neutral","[""neutral_button""]","3",NA,NA,NA,NA
"2129","593259",NA,"resources/real_fg_memory_images/orig6.jpg",NA,"real","Neutral","[""neutral_button""]","10",NA,NA,NA,NA
"2130","593259",NA,"resources/real_fg_memory_images/orig2.jpg",NA,"real","Neutral","[""neutral_button""]","10",NA,NA,NA,NA
"2131","593259",NA,"resources/real_fg_memory_images/fg26.jpg",NA,"artificial","Scam","[""neutral_button""]","3",NA,NA,NA,NA
"2132","593259",NA,"resources/real_fg_memory_images/fg28.jpg",NA,"artificial","Scam","[""scam_button""]","5",NA,NA,NA,NA
"2133","593259",NA,"resources/real_fg_memory_images/fg30.jpg",NA,"artificial","Scam","[""neutral_button""]","5",NA,NA,NA,NA
"2134","593259",NA,"resources/real_fg_memory_images/fg24.jpg",NA,"artificial","Neutral","[""scam_button""]","5",NA,NA,NA,NA
"2135","593259",NA,NA,NA,NA,NA,NA,NA,NA,NA,NA,NA
"2136","593259",4,"resources/real_fg_memory_images/orig8.jpg","real",NA,NA,NA,NA,NA,NA,NA,NA
"2137","593259",10,"resources/real_fg_memory_images/orig16.jpg","real",NA,NA,NA,NA,NA,NA,NA,NA
"2138","593259",8,"resources/real_fg_memory_images/fg28.jpg","artificial",NA,NA,NA,NA,NA,NA,NA,NA
"2139","593259",10,"resources/real_fg_memory_images/orig6.jpg","real",NA,NA,NA,NA,NA,NA,NA,NA
"2140","593259",6,"resources/real_fg_memory_images/orig1.jpg","real",NA,NA,NA,NA,NA,NA,NA,NA
"2141","593259",10,"resources/real_fg_memory_images/orig12.jpg","real",NA,NA,NA,NA,NA,NA,NA,NA
"2142","593259",6,"resources/real_fg_memory_images/fg21.jpg","artificial",NA,NA,NA,NA,NA,NA,NA,NA
"2143","593259",4,"resources/real_fg_memory_images/orig5.jpg","real",NA,NA,NA,NA,NA,NA,NA,NA
"2144","593259",5,"resources/real_fg_memory_images/orig11.jpg","real",NA,NA,NA,NA,NA,NA,NA,NA
"2145","593259",9,"resources/real_fg_memory_images/orig18.jpg","real",NA,NA,NA,NA,NA,NA,NA,NA
"2146","593259",9,"resources/real_fg_memory_images/orig2.jpg","real",NA,NA,NA,NA,NA,NA,NA,NA
"2147","593259",1,"resources/real_fg_memory_images/fg27.jpg","artificial",NA,NA,NA,NA,NA,NA,NA,NA
"2148","593259",0,"resources/real_fg_memory_images/orig7.jpg","real",NA,NA,NA,NA,NA,NA,NA,NA
"2149","593259",1,"resources/real_fg_memory_images/orig13.jpg","real",NA,NA,NA,NA,NA,NA,NA,NA
"2150","593259",2,"resources/real_fg_memory_images/fg24.jpg","artificial",NA,NA,NA,NA,NA,NA,NA,NA
"2151","593259",2,"resources/real_fg_memory_images/fg29.jpg","artificial",NA,NA,NA,NA,NA,NA,NA,NA
"2152","593259",1,"resources/real_fg_memory_images/fg19.jpg","artificial",NA,NA,NA,NA,NA,NA,NA,NA
"2153","593259",1,"resources/real_fg_memory_images/fg31.jpg","artificial",NA,NA,NA,NA,NA,NA,NA,NA
"2154","593259",1,"resources/real_fg_memory_images/fg23.jpg","artificial",NA,NA,NA,NA,NA,NA,NA,NA
"2155","593259",0,"resources/real_fg_memory_images/fg20.jpg","artificial",NA,NA,NA,NA,NA,NA,NA,NA
"2156","593259",2,"resources/real_fg_memory_images/fg32.jpg","artificial",NA,NA,NA,NA,NA,NA,NA,NA
"2157","593259",1,"resources/real_fg_memory_images/fg22.jpg","artificial",NA,NA,NA,NA,NA,NA,NA,NA
"2158","593259",3,"resources/real_fg_memory_images/fg30.jpg","artificial",NA,NA,NA,NA,NA,NA,NA,NA
"2159","593259",1,"resources/real_fg_memory_images/orig9.jpg","real",NA,NA,NA,NA,NA,NA,NA,NA
"2160","593259",7,"resources/real_fg_memory_images/orig10.jpg","real",NA,NA,NA,NA,NA,NA,NA,NA
"2161","593259",4,"resources/real_fg_memory_images/fg26.jpg","artificial",NA,NA,NA,NA,NA,NA,NA,NA
"2162","593259",7,"resources/real_fg_memory_images/orig14.jpg","real",NA,NA,NA,NA,NA,NA,NA,NA
"2163","593259",1,"resources/real_fg_memory_images/orig15.jpg","real",NA,NA,NA,NA,NA,NA,NA,NA
"2164","593259",2,"resources/real_fg_memory_images/fg33.jpg","artificial",NA,NA,NA,NA,NA,NA,NA,NA
"2165","593259",7,"resources/real_fg_memory_images/orig17.jpg","real",NA,NA,NA,NA,NA,NA,NA,NA
"2166","593259",1,"resources/real_fg_memory_images/fg36.jpg","artificial",NA,NA,NA,NA,NA,NA,NA,NA
"2167","593259",4,"resources/real_fg_memory_images/orig4.jpg","real",NA,NA,NA,NA,NA,NA,NA,NA
"2168","593259",1,"resources/real_fg_memory_images/fg25.jpg","artificial",NA,NA,NA,NA,NA,NA,NA,NA
"2169","593259",2,"resources/real_fg_memory_images/fg35.jpg","artificial",NA,NA,NA,NA,NA,NA,NA,NA
"2170","593259",3,"resources/real_fg_memory_images/fg34.jpg","artificial",NA,NA,NA,NA,NA,NA,NA,NA
"2171","593259",3,"resources/real_fg_memory_images/orig3.jpg","real",NA,NA,NA,NA,NA,NA,NA,NA
"2172","593259",NA,NA,NA,NA,NA,NA,NA,NA,NA,NA,NA
"2173","593259",NA,NA,NA,NA,NA,NA,NA,3,"If something sounds too good to be true, it usually is",NA,NA
"2174","593259",NA,NA,NA,NA,NA,NA,NA,1,"I have difficulty ending a phone call, even if the caller is a telemarketer, someone I do not know, or someone I do not wish to call me",NA,NA
"2175","593259",NA,NA,NA,NA,NA,NA,NA,2,"I answer the phone whenever it rings, even if I do not know who is calling",NA,NA
"2176","593259",NA,NA,NA,NA,NA,NA,NA,1,"If a telemarketer calls me, I usually listen to what they have to say",NA,NA
"2177","593259",NA,NA,NA,NA,NA,NA,NA,4,"Persons over the age of 65 are often targeted by con-artists",NA,NA
"2178","593259",NA,NA,NA,NA,NA,NA,NA,NA,NA,NA,NA
"2179","593259",NA,NA,NA,NA,NA,NA,NA,NA,NA,"[""female_option""]",NA
"2180","593259",NA,NA,NA,NA,NA,NA,NA,NA,NA,NA,20
"2181","593259",NA,NA,NA,NA,NA,NA,NA,NA,NA,NA,NA
"2182","593259",NA,NA,NA,NA,NA,NA,NA,NA,NA,NA,NA
"2183","593259",NA,NA,NA,NA,NA,NA,NA,NA,NA,NA,NA
"2184","593259",NA,NA,NA,NA,NA,NA,NA,NA,NA,NA,NA
"2185","593259",NA,NA,NA,NA,NA,NA,NA,NA,NA,NA,NA
"2186","593259",NA,NA,NA,NA,NA,NA,NA,NA,NA,NA,NA
"2187","593259",NA,NA,NA,NA,NA,NA,NA,NA,NA,NA,NA
"2188","593259",NA,NA,NA,NA,NA,NA,NA,NA,NA,NA,NA
"2189","593259",NA,NA,NA,NA,NA,NA,NA,NA,NA,NA,NA
"2190","593259",NA,NA,NA,NA,NA,NA,NA,NA,NA,NA,NA
"2191","703548",NA,NA,NA,NA,NA,NA,NA,NA,NA,NA,NA
"2192","703548",NA,NA,NA,NA,NA,NA,NA,NA,NA,NA,NA
"2193","703548",NA,NA,NA,NA,NA,NA,NA,NA,NA,NA,NA
"2194","703548",NA,NA,NA,NA,NA,NA,NA,NA,NA,NA,NA
"2195","703548",2,"resources/real_fg_memory_images/orig6.jpg","real",NA,NA,NA,NA,NA,NA,NA,NA
"2196","703548",3,"resources/real_fg_memory_images/fg24.jpg","artificial",NA,NA,NA,NA,NA,NA,NA,NA
"2197","703548",1,"resources/real_fg_memory_images/orig9.jpg","real",NA,NA,NA,NA,NA,NA,NA,NA
"2198","703548",0,"resources/real_fg_memory_images/fg32.jpg","artificial",NA,NA,NA,NA,NA,NA,NA,NA
"2199","703548",6,"resources/real_fg_memory_images/orig8.jpg","real",NA,NA,NA,NA,NA,NA,NA,NA
"2200","703548",0,"resources/real_fg_memory_images/fg20.jpg","artificial",NA,NA,NA,NA,NA,NA,NA,NA
"2201","703548",4,"resources/real_fg_memory_images/orig18.jpg","real",NA,NA,NA,NA,NA,NA,NA,NA
"2202","703548",4,"resources/real_fg_memory_images/fg19.jpg","artificial",NA,NA,NA,NA,NA,NA,NA,NA
"2203","703548",6,"resources/real_fg_memory_images/fg34.jpg","artificial",NA,NA,NA,NA,NA,NA,NA,NA
"2204","703548",7,"resources/real_fg_memory_images/fg28.jpg","artificial",NA,NA,NA,NA,NA,NA,NA,NA
"2205","703548",3,"resources/real_fg_memory_images/orig4.jpg","real",NA,NA,NA,NA,NA,NA,NA,NA
"2206","703548",2,"resources/real_fg_memory_images/orig17.jpg","real",NA,NA,NA,NA,NA,NA,NA,NA
"2207","703548",7,"resources/real_fg_memory_images/orig11.jpg","real",NA,NA,NA,NA,NA,NA,NA,NA
"2208","703548",2,"resources/real_fg_memory_images/fg25.jpg","artificial",NA,NA,NA,NA,NA,NA,NA,NA
"2209","703548",3,"resources/real_fg_memory_images/orig15.jpg","real",NA,NA,NA,NA,NA,NA,NA,NA
"2210","703548",4,"resources/real_fg_memory_images/fg22.jpg","artificial",NA,NA,NA,NA,NA,NA,NA,NA
"2211","703548",7,"resources/real_fg_memory_images/orig16.jpg","real",NA,NA,NA,NA,NA,NA,NA,NA
"2212","703548",0,"resources/real_fg_memory_images/orig1.jpg","real",NA,NA,NA,NA,NA,NA,NA,NA
"2213","703548",2,"resources/real_fg_memory_images/fg29.jpg","artificial",NA,NA,NA,NA,NA,NA,NA,NA
"2214","703548",0,"resources/real_fg_memory_images/fg35.jpg","artificial",NA,NA,NA,NA,NA,NA,NA,NA
"2215","703548",0,"resources/real_fg_memory_images/fg30.jpg","artificial",NA,NA,NA,NA,NA,NA,NA,NA
"2216","703548",0,"resources/real_fg_memory_images/orig2.jpg","real",NA,NA,NA,NA,NA,NA,NA,NA
"2217","703548",3,"resources/real_fg_memory_images/fg31.jpg","artificial",NA,NA,NA,NA,NA,NA,NA,NA
"2218","703548",0,"resources/real_fg_memory_images/orig14.jpg","real",NA,NA,NA,NA,NA,NA,NA,NA
"2219","703548",5,"resources/real_fg_memory_images/fg33.jpg","artificial",NA,NA,NA,NA,NA,NA,NA,NA
"2220","703548",2,"resources/real_fg_memory_images/fg21.jpg","artificial",NA,NA,NA,NA,NA,NA,NA,NA
"2221","703548",0,"resources/real_fg_memory_images/orig13.jpg","real",NA,NA,NA,NA,NA,NA,NA,NA
"2222","703548",3,"resources/real_fg_memory_images/fg27.jpg","artificial",NA,NA,NA,NA,NA,NA,NA,NA
"2223","703548",1,"resources/real_fg_memory_images/orig3.jpg","real",NA,NA,NA,NA,NA,NA,NA,NA
"2224","703548",0,"resources/real_fg_memory_images/fg36.jpg","artificial",NA,NA,NA,NA,NA,NA,NA,NA
"2225","703548",0,"resources/real_fg_memory_images/orig5.jpg","real",NA,NA,NA,NA,NA,NA,NA,NA
"2226","703548",6,"resources/real_fg_memory_images/orig10.jpg","real",NA,NA,NA,NA,NA,NA,NA,NA
"2227","703548",3,"resources/real_fg_memory_images/orig7.jpg","real",NA,NA,NA,NA,NA,NA,NA,NA
"2228","703548",2,"resources/real_fg_memory_images/fg26.jpg","artificial",NA,NA,NA,NA,NA,NA,NA,NA
"2229","703548",3,"resources/real_fg_memory_images/orig12.jpg","real",NA,NA,NA,NA,NA,NA,NA,NA
"2230","703548",2,"resources/real_fg_memory_images/fg23.jpg","artificial",NA,NA,NA,NA,NA,NA,NA,NA
"2231","703548",NA,NA,NA,NA,NA,NA,NA,NA,NA,NA,NA
"2232","703548",NA,"resources/real_fg_memory_images/orig8.jpg",NA,"real","Scam",NA,NA,NA,NA,NA,NA
"2233","703548",NA,"resources/real_fg_memory_images/orig9.jpg",NA,"real","Scam",NA,NA,NA,NA,NA,NA
"2234","703548",NA,"resources/real_fg_memory_images/orig1.jpg",NA,"real","Neurtal",NA,NA,NA,NA,NA,NA
"2235","703548",NA,"resources/real_fg_memory_images/fg26.jpg",NA,"artificial","Scam",NA,NA,NA,NA,NA,NA
"2236","703548",NA,"resources/real_fg_memory_images/fg29.jpg",NA,"artificial","Scam",NA,NA,NA,NA,NA,NA
"2237","703548",NA,"resources/real_fg_memory_images/orig4.jpg",NA,"real","Neutral",NA,NA,NA,NA,NA,NA
"2238","703548",NA,"resources/real_fg_memory_images/orig12.jpg",NA,"real","Scam",NA,NA,NA,NA,NA,NA
"2239","703548",NA,"resources/real_fg_memory_images/fg21.jpg",NA,"artificial","Neutral",NA,NA,NA,NA,NA,NA
"2240","703548",NA,"resources/real_fg_memory_images/orig5.jpg",NA,"real","Neutral",NA,NA,NA,NA,NA,NA
"2241","703548",NA,"resources/real_fg_memory_images/fg24.jpg",NA,"artificial","Neutral",NA,NA,NA,NA,NA,NA
"2242","703548",NA,"resources/real_fg_memory_images/fg19.jpg",NA,"artificial","Neutral",NA,NA,NA,NA,NA,NA
"2243","703548",NA,"resources/real_fg_memory_images/orig7.jpg",NA,"real","Scam",NA,NA,NA,NA,NA,NA
"2244","703548",NA,"resources/real_fg_memory_images/fg22.jpg",NA,"artificial","Neutral",NA,NA,NA,NA,NA,NA
"2245","703548",NA,"resources/real_fg_memory_images/fg25.jpg",NA,"artificial","Scam",NA,NA,NA,NA,NA,NA
"2246","703548",NA,"resources/real_fg_memory_images/orig3.jpg",NA,"real","Neutral",NA,NA,NA,NA,NA,NA
"2247","703548",NA,"resources/real_fg_memory_images/orig2.jpg",NA,"real","Neutral",NA,NA,NA,NA,NA,NA
"2248","703548",NA,"resources/real_fg_memory_images/orig11.jpg",NA,"real","Scam",NA,NA,NA,NA,NA,NA
"2249","703548",NA,"resources/real_fg_memory_images/fg20.jpg",NA,"artificial","Neutral",NA,NA,NA,NA,NA,NA
"2250","703548",NA,"resources/real_fg_memory_images/fg28.jpg",NA,"artificial","Scam",NA,NA,NA,NA,NA,NA
"2251","703548",NA,"resources/real_fg_memory_images/fg23.jpg",NA,"artificial","Neutral",NA,NA,NA,NA,NA,NA
"2252","703548",NA,"resources/real_fg_memory_images/fg27.jpg",NA,"artificial","Scam",NA,NA,NA,NA,NA,NA
"2253","703548",NA,"resources/real_fg_memory_images/fg30.jpg",NA,"artificial","Scam",NA,NA,NA,NA,NA,NA
"2254","703548",NA,"resources/real_fg_memory_images/orig6.jpg",NA,"real","Neutral",NA,NA,NA,NA,NA,NA
"2255","703548",NA,"resources/real_fg_memory_images/orig10.jpg",NA,"real","Scam",NA,NA,NA,NA,NA,NA
"2256","703548",NA,NA,NA,NA,NA,NA,NA,NA,NA,NA,NA
"2257","703548",NA,"resources/real_fg_memory_images/orig11.jpg",NA,"real","Scam","[""scam_button""]","3",NA,NA,NA,NA
"2258","703548",NA,"resources/real_fg_memory_images/orig7.jpg",NA,"real","Scam","[""scam_button""]","10",NA,NA,NA,NA
"2259","703548",NA,"resources/real_fg_memory_images/fg24.jpg",NA,"artificial","Neutral","[""neutral_button""]","5",NA,NA,NA,NA
"2260","703548",NA,"resources/real_fg_memory_images/fg22.jpg",NA,"artificial","Neutral","[""neutral_button""]","0",NA,NA,NA,NA
"2261","703548",NA,"resources/real_fg_memory_images/orig12.jpg",NA,"real","Scam","[""neutral_button""]","5",NA,NA,NA,NA
"2262","703548",NA,"resources/real_fg_memory_images/orig3.jpg",NA,"real","Neutral","[""neutral_button""]","10",NA,NA,NA,NA
"2263","703548",NA,"resources/real_fg_memory_images/orig1.jpg",NA,"real","Neurtal","[""neutral_button""]","10",NA,NA,NA,NA
"2264","703548",NA,"resources/real_fg_memory_images/fg28.jpg",NA,"artificial","Scam","[""neutral_button""]","10",NA,NA,NA,NA
"2265","703548",NA,"resources/real_fg_memory_images/fg19.jpg",NA,"artificial","Neutral","[""neutral_button""]","10",NA,NA,NA,NA
"2266","703548",NA,"resources/real_fg_memory_images/fg25.jpg",NA,"artificial","Scam","[""neutral_button""]","10",NA,NA,NA,NA
"2267","703548",NA,"resources/real_fg_memory_images/fg20.jpg",NA,"artificial","Neutral","[""neutral_button""]","10",NA,NA,NA,NA
"2268","703548",NA,"resources/real_fg_memory_images/orig5.jpg",NA,"real","Neutral","[""scam_button""]","10",NA,NA,NA,NA
"2269","703548",NA,"resources/real_fg_memory_images/fg30.jpg",NA,"artificial","Scam","[""neutral_button""]","10",NA,NA,NA,NA
"2270","703548",NA,"resources/real_fg_memory_images/orig10.jpg",NA,"real","Scam","[""scam_button""]","10",NA,NA,NA,NA
"2271","703548",NA,"resources/real_fg_memory_images/orig6.jpg",NA,"real","Neutral","[""neutral_button""]","5",NA,NA,NA,NA
"2272","703548",NA,"resources/real_fg_memory_images/fg21.jpg",NA,"artificial","Neutral","[""scam_button""]","5",NA,NA,NA,NA
"2273","703548",NA,"resources/real_fg_memory_images/fg27.jpg",NA,"artificial","Scam","[""scam_button""]","5",NA,NA,NA,NA
"2274","703548",NA,"resources/real_fg_memory_images/orig9.jpg",NA,"real","Scam","[""scam_button""]","5",NA,NA,NA,NA
"2275","703548",NA,"resources/real_fg_memory_images/orig4.jpg",NA,"real","Neutral","[""neutral_button""]","5",NA,NA,NA,NA
"2276","703548",NA,"resources/real_fg_memory_images/orig8.jpg",NA,"real","Scam","[""scam_button""]","10",NA,NA,NA,NA
"2277","703548",NA,"resources/real_fg_memory_images/fg29.jpg",NA,"artificial","Scam","[""scam_button""]","10",NA,NA,NA,NA
"2278","703548",NA,"resources/real_fg_memory_images/fg26.jpg",NA,"artificial","Scam","[""scam_button""]","10",NA,NA,NA,NA
"2279","703548",NA,"resources/real_fg_memory_images/fg23.jpg",NA,"artificial","Neutral","[""neutral_button""]","10",NA,NA,NA,NA
"2280","703548",NA,"resources/real_fg_memory_images/orig2.jpg",NA,"real","Neutral","[""neutral_button""]","10",NA,NA,NA,NA
"2281","703548",NA,NA,NA,NA,NA,NA,NA,NA,NA,NA,NA
"2282","703548",5,"resources/real_fg_memory_images/fg26.jpg","artificial",NA,NA,NA,NA,NA,NA,NA,NA
"2283","703548",0,"resources/real_fg_memory_images/orig1.jpg","real",NA,NA,NA,NA,NA,NA,NA,NA
"2284","703548",0,"resources/real_fg_memory_images/orig13.jpg","real",NA,NA,NA,NA,NA,NA,NA,NA
"2285","703548",7,"resources/real_fg_memory_images/orig3.jpg","real",NA,NA,NA,NA,NA,NA,NA,NA
"2286","703548",8,"resources/real_fg_memory_images/orig15.jpg","real",NA,NA,NA,NA,NA,NA,NA,NA
"2287","703548",0,"resources/real_fg_memory_images/orig5.jpg","real",NA,NA,NA,NA,NA,NA,NA,NA
"2288","703548",0,"resources/real_fg_memory_images/fg24.jpg","artificial",NA,NA,NA,NA,NA,NA,NA,NA
"2289","703548",0,"resources/real_fg_memory_images/fg34.jpg","artificial",NA,NA,NA,NA,NA,NA,NA,NA
"2290","703548",0,"resources/real_fg_memory_images/orig17.jpg","real",NA,NA,NA,NA,NA,NA,NA,NA
"2291","703548",0,"resources/real_fg_memory_images/fg21.jpg","artificial",NA,NA,NA,NA,NA,NA,NA,NA
"2292","703548",0,"resources/real_fg_memory_images/orig12.jpg","real",NA,NA,NA,NA,NA,NA,NA,NA
"2293","703548",0,"resources/real_fg_memory_images/fg19.jpg","artificial",NA,NA,NA,NA,NA,NA,NA,NA
"2294","703548",5,"resources/real_fg_memory_images/orig8.jpg","real",NA,NA,NA,NA,NA,NA,NA,NA
"2295","703548",4,"resources/real_fg_memory_images/orig10.jpg","real",NA,NA,NA,NA,NA,NA,NA,NA
"2296","703548",4,"resources/real_fg_memory_images/orig18.jpg","real",NA,NA,NA,NA,NA,NA,NA,NA
"2297","703548",0,"resources/real_fg_memory_images/orig2.jpg","real",NA,NA,NA,NA,NA,NA,NA,NA
"2298","703548",0,"resources/real_fg_memory_images/fg25.jpg","artificial",NA,NA,NA,NA,NA,NA,NA,NA
"2299","703548",0,"resources/real_fg_memory_images/fg27.jpg","artificial",NA,NA,NA,NA,NA,NA,NA,NA
"2300","703548",0,"resources/real_fg_memory_images/fg35.jpg","artificial",NA,NA,NA,NA,NA,NA,NA,NA
"2301","703548",10,"resources/real_fg_memory_images/orig16.jpg","real",NA,NA,NA,NA,NA,NA,NA,NA
"2302","703548",0,"resources/real_fg_memory_images/fg23.jpg","artificial",NA,NA,NA,NA,NA,NA,NA,NA
"2303","703548",4,"resources/real_fg_memory_images/orig6.jpg","real",NA,NA,NA,NA,NA,NA,NA,NA
"2304","703548",0,"resources/real_fg_memory_images/fg32.jpg","artificial",NA,NA,NA,NA,NA,NA,NA,NA
"2305","703548",3,"resources/real_fg_memory_images/orig4.jpg","real",NA,NA,NA,NA,NA,NA,NA,NA
"2306","703548",0,"resources/real_fg_memory_images/fg29.jpg","artificial",NA,NA,NA,NA,NA,NA,NA,NA
"2307","703548",4,"resources/real_fg_memory_images/orig11.jpg","real",NA,NA,NA,NA,NA,NA,NA,NA
"2308","703548",0,"resources/real_fg_memory_images/fg28.jpg","artificial",NA,NA,NA,NA,NA,NA,NA,NA
"2309","703548",7,"resources/real_fg_memory_images/orig14.jpg","real",NA,NA,NA,NA,NA,NA,NA,NA
"2310","703548",0,"resources/real_fg_memory_images/fg31.jpg","artificial",NA,NA,NA,NA,NA,NA,NA,NA
"2311","703548",0,"resources/real_fg_memory_images/fg33.jpg","artificial",NA,NA,NA,NA,NA,NA,NA,NA
"2312","703548",0,"resources/real_fg_memory_images/fg36.jpg","artificial",NA,NA,NA,NA,NA,NA,NA,NA
"2313","703548",0,"resources/real_fg_memory_images/fg30.jpg","artificial",NA,NA,NA,NA,NA,NA,NA,NA
"2314","703548",3,"resources/real_fg_memory_images/orig9.jpg","real",NA,NA,NA,NA,NA,NA,NA,NA
"2315","703548",0,"resources/real_fg_memory_images/fg20.jpg","artificial",NA,NA,NA,NA,NA,NA,NA,NA
"2316","703548",0,"resources/real_fg_memory_images/fg22.jpg","artificial",NA,NA,NA,NA,NA,NA,NA,NA
"2317","703548",3,"resources/real_fg_memory_images/orig7.jpg","real",NA,NA,NA,NA,NA,NA,NA,NA
"2318","703548",NA,NA,NA,NA,NA,NA,NA,NA,NA,NA,NA
"2319","703548",NA,NA,NA,NA,NA,NA,NA,5,"Persons over the age of 65 are often targeted by con-artists",NA,NA
"2320","703548",NA,NA,NA,NA,NA,NA,NA,4,"If something sounds too good to be true, it usually is",NA,NA
"2321","703548",NA,NA,NA,NA,NA,NA,NA,1,"If a telemarketer calls me, I usually listen to what they have to say",NA,NA
"2322","703548",NA,NA,NA,NA,NA,NA,NA,2,"I answer the phone whenever it rings, even if I do not know who is calling",NA,NA
"2323","703548",NA,NA,NA,NA,NA,NA,NA,2,"I have difficulty ending a phone call, even if the caller is a telemarketer, someone I do not know, or someone I do not wish to call me",NA,NA
"2324","703548",NA,NA,NA,NA,NA,NA,NA,NA,NA,NA,NA
"2325","703548",NA,NA,NA,NA,NA,NA,NA,NA,NA,"[""female_option""]",NA
"2326","703548",NA,NA,NA,NA,NA,NA,NA,NA,NA,NA,19
"2327","703548",NA,NA,NA,NA,NA,NA,NA,NA,NA,NA,NA
"2328","703548",NA,NA,NA,NA,NA,NA,NA,NA,NA,NA,NA
"2329","703548",NA,NA,NA,NA,NA,NA,NA,NA,NA,NA,NA
"2330","703548",NA,NA,NA,NA,NA,NA,NA,NA,NA,NA,NA
"2331","703548",NA,NA,NA,NA,NA,NA,NA,NA,NA,NA,NA
"2332","703548",NA,NA,NA,NA,NA,NA,NA,NA,NA,NA,NA
"2333","703548",NA,NA,NA,NA,NA,NA,NA,NA,NA,NA,NA
"2334","703548",NA,NA,NA,NA,NA,NA,NA,NA,NA,NA,NA
"2335","703548",NA,NA,NA,NA,NA,NA,NA,NA,NA,NA,NA
"2336","703548",NA,NA,NA,NA,NA,NA,NA,NA,NA,NA,NA
"2337","776792",NA,NA,NA,NA,NA,NA,NA,NA,NA,NA,NA
"2338","776792",NA,NA,NA,NA,NA,NA,NA,NA,NA,NA,NA
"2339","776792",NA,NA,NA,NA,NA,NA,NA,NA,NA,NA,NA
"2340","776792",NA,NA,NA,NA,NA,NA,NA,NA,NA,NA,NA
"2341","776792",5,"resources/real_fg_memory_images/orig15.jpg","real",NA,NA,NA,NA,NA,NA,NA,NA
"2342","776792",5,"resources/real_fg_memory_images/orig16.jpg","real",NA,NA,NA,NA,NA,NA,NA,NA
"2343","776792",7,"resources/real_fg_memory_images/orig11.jpg","real",NA,NA,NA,NA,NA,NA,NA,NA
"2344","776792",5,"resources/real_fg_memory_images/orig18.jpg","real",NA,NA,NA,NA,NA,NA,NA,NA
"2345","776792",4,"resources/real_fg_memory_images/fg26.jpg","artificial",NA,NA,NA,NA,NA,NA,NA,NA
"2346","776792",0,"resources/real_fg_memory_images/fg30.jpg","artificial",NA,NA,NA,NA,NA,NA,NA,NA
"2347","776792",0,"resources/real_fg_memory_images/fg25.jpg","artificial",NA,NA,NA,NA,NA,NA,NA,NA
"2348","776792",5,"resources/real_fg_memory_images/fg36.jpg","artificial",NA,NA,NA,NA,NA,NA,NA,NA
"2349","776792",0,"resources/real_fg_memory_images/orig12.jpg","real",NA,NA,NA,NA,NA,NA,NA,NA
"2350","776792",2,"resources/real_fg_memory_images/fg24.jpg","artificial",NA,NA,NA,NA,NA,NA,NA,NA
"2351","776792",5,"resources/real_fg_memory_images/fg33.jpg","artificial",NA,NA,NA,NA,NA,NA,NA,NA
"2352","776792",6,"resources/real_fg_memory_images/orig2.jpg","real",NA,NA,NA,NA,NA,NA,NA,NA
"2353","776792",5,"resources/real_fg_memory_images/orig8.jpg","real",NA,NA,NA,NA,NA,NA,NA,NA
"2354","776792",5,"resources/real_fg_memory_images/fg31.jpg","artificial",NA,NA,NA,NA,NA,NA,NA,NA
"2355","776792",6,"resources/real_fg_memory_images/orig4.jpg","real",NA,NA,NA,NA,NA,NA,NA,NA
"2356","776792",5,"resources/real_fg_memory_images/fg29.jpg","artificial",NA,NA,NA,NA,NA,NA,NA,NA
"2357","776792",3,"resources/real_fg_memory_images/fg35.jpg","artificial",NA,NA,NA,NA,NA,NA,NA,NA
"2358","776792",0,"resources/real_fg_memory_images/orig1.jpg","real",NA,NA,NA,NA,NA,NA,NA,NA
"2359","776792",7,"resources/real_fg_memory_images/orig3.jpg","real",NA,NA,NA,NA,NA,NA,NA,NA
"2360","776792",1,"resources/real_fg_memory_images/fg19.jpg","artificial",NA,NA,NA,NA,NA,NA,NA,NA
"2361","776792",5,"resources/real_fg_memory_images/orig7.jpg","real",NA,NA,NA,NA,NA,NA,NA,NA
"2362","776792",4,"resources/real_fg_memory_images/fg27.jpg","artificial",NA,NA,NA,NA,NA,NA,NA,NA
"2363","776792",6,"resources/real_fg_memory_images/orig10.jpg","real",NA,NA,NA,NA,NA,NA,NA,NA
"2364","776792",5,"resources/real_fg_memory_images/fg20.jpg","artificial",NA,NA,NA,NA,NA,NA,NA,NA
"2365","776792",5,"resources/real_fg_memory_images/orig14.jpg","real",NA,NA,NA,NA,NA,NA,NA,NA
"2366","776792",3,"resources/real_fg_memory_images/orig5.jpg","real",NA,NA,NA,NA,NA,NA,NA,NA
"2367","776792",5,"resources/real_fg_memory_images/fg21.jpg","artificial",NA,NA,NA,NA,NA,NA,NA,NA
"2368","776792",1,"resources/real_fg_memory_images/orig17.jpg","real",NA,NA,NA,NA,NA,NA,NA,NA
"2369","776792",6,"resources/real_fg_memory_images/fg34.jpg","artificial",NA,NA,NA,NA,NA,NA,NA,NA
"2370","776792",6,"resources/real_fg_memory_images/fg28.jpg","artificial",NA,NA,NA,NA,NA,NA,NA,NA
"2371","776792",7,"resources/real_fg_memory_images/fg22.jpg","artificial",NA,NA,NA,NA,NA,NA,NA,NA
"2372","776792",7,"resources/real_fg_memory_images/orig13.jpg","real",NA,NA,NA,NA,NA,NA,NA,NA
"2373","776792",3,"resources/real_fg_memory_images/fg23.jpg","artificial",NA,NA,NA,NA,NA,NA,NA,NA
"2374","776792",2,"resources/real_fg_memory_images/fg32.jpg","artificial",NA,NA,NA,NA,NA,NA,NA,NA
"2375","776792",8,"resources/real_fg_memory_images/orig6.jpg","real",NA,NA,NA,NA,NA,NA,NA,NA
"2376","776792",5,"resources/real_fg_memory_images/orig9.jpg","real",NA,NA,NA,NA,NA,NA,NA,NA
"2377","776792",NA,NA,NA,NA,NA,NA,NA,NA,NA,NA,NA
"2378","776792",NA,"resources/real_fg_memory_images/orig2.jpg",NA,"real","Neutral",NA,NA,NA,NA,NA,NA
"2379","776792",NA,"resources/real_fg_memory_images/orig4.jpg",NA,"real","Neutral",NA,NA,NA,NA,NA,NA
"2380","776792",NA,"resources/real_fg_memory_images/orig1.jpg",NA,"real","Neurtal",NA,NA,NA,NA,NA,NA
"2381","776792",NA,"resources/real_fg_memory_images/fg26.jpg",NA,"artificial","Scam",NA,NA,NA,NA,NA,NA
"2382","776792",NA,"resources/real_fg_memory_images/fg27.jpg",NA,"artificial","Scam",NA,NA,NA,NA,NA,NA
"2383","776792",NA,"resources/real_fg_memory_images/fg21.jpg",NA,"artificial","Neutral",NA,NA,NA,NA,NA,NA
"2384","776792",NA,"resources/real_fg_memory_images/fg20.jpg",NA,"artificial","Neutral",NA,NA,NA,NA,NA,NA
"2385","776792",NA,"resources/real_fg_memory_images/orig11.jpg",NA,"real","Scam",NA,NA,NA,NA,NA,NA
"2386","776792",NA,"resources/real_fg_memory_images/fg24.jpg",NA,"artificial","Neutral",NA,NA,NA,NA,NA,NA
"2387","776792",NA,"resources/real_fg_memory_images/orig6.jpg",NA,"real","Neutral",NA,NA,NA,NA,NA,NA
"2388","776792",NA,"resources/real_fg_memory_images/fg28.jpg",NA,"artificial","Scam",NA,NA,NA,NA,NA,NA
"2389","776792",NA,"resources/real_fg_memory_images/orig5.jpg",NA,"real","Neutral",NA,NA,NA,NA,NA,NA
"2390","776792",NA,"resources/real_fg_memory_images/fg25.jpg",NA,"artificial","Scam",NA,NA,NA,NA,NA,NA
"2391","776792",NA,"resources/real_fg_memory_images/fg22.jpg",NA,"artificial","Neutral",NA,NA,NA,NA,NA,NA
"2392","776792",NA,"resources/real_fg_memory_images/orig9.jpg",NA,"real","Scam",NA,NA,NA,NA,NA,NA
"2393","776792",NA,"resources/real_fg_memory_images/orig7.jpg",NA,"real","Scam",NA,NA,NA,NA,NA,NA
"2394","776792",NA,"resources/real_fg_memory_images/orig10.jpg",NA,"real","Scam",NA,NA,NA,NA,NA,NA
"2395","776792",NA,"resources/real_fg_memory_images/fg30.jpg",NA,"artificial","Scam",NA,NA,NA,NA,NA,NA
"2396","776792",NA,"resources/real_fg_memory_images/orig8.jpg",NA,"real","Scam",NA,NA,NA,NA,NA,NA
"2397","776792",NA,"resources/real_fg_memory_images/fg19.jpg",NA,"artificial","Neutral",NA,NA,NA,NA,NA,NA
"2398","776792",NA,"resources/real_fg_memory_images/fg23.jpg",NA,"artificial","Neutral",NA,NA,NA,NA,NA,NA
"2399","776792",NA,"resources/real_fg_memory_images/orig12.jpg",NA,"real","Scam",NA,NA,NA,NA,NA,NA
"2400","776792",NA,"resources/real_fg_memory_images/orig3.jpg",NA,"real","Neutral",NA,NA,NA,NA,NA,NA
"2401","776792",NA,"resources/real_fg_memory_images/fg29.jpg",NA,"artificial","Scam",NA,NA,NA,NA,NA,NA
"2402","776792",NA,NA,NA,NA,NA,NA,NA,NA,NA,NA,NA
"2403","776792",NA,"resources/real_fg_memory_images/orig9.jpg",NA,"real","Scam","[""neutral_button""]","5",NA,NA,NA,NA
"2404","776792",NA,"resources/real_fg_memory_images/orig10.jpg",NA,"real","Scam","[""neutral_button""]","5",NA,NA,NA,NA
"2405","776792",NA,"resources/real_fg_memory_images/fg29.jpg",NA,"artificial","Scam","[""scam_button""]","7",NA,NA,NA,NA
"2406","776792",NA,"resources/real_fg_memory_images/orig6.jpg",NA,"real","Neutral","[""neutral_button""]","5",NA,NA,NA,NA
"2407","776792",NA,"resources/real_fg_memory_images/fg22.jpg",NA,"artificial","Neutral","[""scam_button""]","5",NA,NA,NA,NA
"2408","776792",NA,"resources/real_fg_memory_images/fg19.jpg",NA,"artificial","Neutral","[""neutral_button""]","5",NA,NA,NA,NA
"2409","776792",NA,"resources/real_fg_memory_images/fg20.jpg",NA,"artificial","Neutral","[""neutral_button""]","5",NA,NA,NA,NA
"2410","776792",NA,"resources/real_fg_memory_images/fg24.jpg",NA,"artificial","Neutral","[""neutral_button""]","5",NA,NA,NA,NA
"2411","776792",NA,"resources/real_fg_memory_images/orig11.jpg",NA,"real","Scam","[""neutral_button""]","3",NA,NA,NA,NA
"2412","776792",NA,"resources/real_fg_memory_images/orig1.jpg",NA,"real","Neurtal","[""neutral_button""]","6",NA,NA,NA,NA
"2413","776792",NA,"resources/real_fg_memory_images/orig8.jpg",NA,"real","Scam","[""scam_button""]","7",NA,NA,NA,NA
"2414","776792",NA,"resources/real_fg_memory_images/fg28.jpg",NA,"artificial","Scam","[""scam_button""]","7",NA,NA,NA,NA
"2415","776792",NA,"resources/real_fg_memory_images/orig4.jpg",NA,"real","Neutral","[""scam_button""]","5",NA,NA,NA,NA
"2416","776792",NA,"resources/real_fg_memory_images/orig5.jpg",NA,"real","Neutral","[""neutral_button""]","5",NA,NA,NA,NA
"2417","776792",NA,"resources/real_fg_memory_images/fg26.jpg",NA,"artificial","Scam","[""scam_button""]","8",NA,NA,NA,NA
"2418","776792",NA,"resources/real_fg_memory_images/orig3.jpg",NA,"real","Neutral","[""neutral_button""]","6",NA,NA,NA,NA
"2419","776792",NA,"resources/real_fg_memory_images/fg21.jpg",NA,"artificial","Neutral","[""scam_button""]","6",NA,NA,NA,NA
"2420","776792",NA,"resources/real_fg_memory_images/fg27.jpg",NA,"artificial","Scam","[""scam_button""]","8",NA,NA,NA,NA
"2421","776792",NA,"resources/real_fg_memory_images/fg30.jpg",NA,"artificial","Scam","[""neutral_button""]","7",NA,NA,NA,NA
"2422","776792",NA,"resources/real_fg_memory_images/fg25.jpg",NA,"artificial","Scam","[""neutral_button""]","7",NA,NA,NA,NA
"2423","776792",NA,"resources/real_fg_memory_images/orig2.jpg",NA,"real","Neutral","[""neutral_button""]","10",NA,NA,NA,NA
"2424","776792",NA,"resources/real_fg_memory_images/orig12.jpg",NA,"real","Scam","[""neutral_button""]","9",NA,NA,NA,NA
"2425","776792",NA,"resources/real_fg_memory_images/fg23.jpg",NA,"artificial","Neutral","[""neutral_button""]","7",NA,NA,NA,NA
"2426","776792",NA,"resources/real_fg_memory_images/orig7.jpg",NA,"real","Scam","[""neutral_button""]","6",NA,NA,NA,NA
"2427","776792",NA,NA,NA,NA,NA,NA,NA,NA,NA,NA,NA
"2428","776792",7,"resources/real_fg_memory_images/orig10.jpg","real",NA,NA,NA,NA,NA,NA,NA,NA
"2429","776792",9,"resources/real_fg_memory_images/orig2.jpg","real",NA,NA,NA,NA,NA,NA,NA,NA
"2430","776792",0,"resources/real_fg_memory_images/fg35.jpg","artificial",NA,NA,NA,NA,NA,NA,NA,NA
"2431","776792",0,"resources/real_fg_memory_images/fg24.jpg","artificial",NA,NA,NA,NA,NA,NA,NA,NA
"2432","776792",4,"resources/real_fg_memory_images/orig9.jpg","real",NA,NA,NA,NA,NA,NA,NA,NA
"2433","776792",7,"resources/real_fg_memory_images/orig15.jpg","real",NA,NA,NA,NA,NA,NA,NA,NA
"2434","776792",7,"resources/real_fg_memory_images/orig6.jpg","real",NA,NA,NA,NA,NA,NA,NA,NA
"2435","776792",6,"resources/real_fg_memory_images/fg25.jpg","artificial",NA,NA,NA,NA,NA,NA,NA,NA
"2436","776792",5,"resources/real_fg_memory_images/orig4.jpg","real",NA,NA,NA,NA,NA,NA,NA,NA
"2437","776792",9,"resources/real_fg_memory_images/orig14.jpg","real",NA,NA,NA,NA,NA,NA,NA,NA
"2438","776792",6,"resources/real_fg_memory_images/fg30.jpg","artificial",NA,NA,NA,NA,NA,NA,NA,NA
"2439","776792",6,"resources/real_fg_memory_images/orig13.jpg","real",NA,NA,NA,NA,NA,NA,NA,NA
"2440","776792",5,"resources/real_fg_memory_images/orig17.jpg","real",NA,NA,NA,NA,NA,NA,NA,NA
"2441","776792",6,"resources/real_fg_memory_images/fg31.jpg","artificial",NA,NA,NA,NA,NA,NA,NA,NA
"2442","776792",4,"resources/real_fg_memory_images/fg27.jpg","artificial",NA,NA,NA,NA,NA,NA,NA,NA
"2443","776792",6,"resources/real_fg_memory_images/fg33.jpg","artificial",NA,NA,NA,NA,NA,NA,NA,NA
"2444","776792",5,"resources/real_fg_memory_images/orig11.jpg","real",NA,NA,NA,NA,NA,NA,NA,NA
"2445","776792",7,"resources/real_fg_memory_images/orig18.jpg","real",NA,NA,NA,NA,NA,NA,NA,NA
"2446","776792",7,"resources/real_fg_memory_images/fg28.jpg","artificial",NA,NA,NA,NA,NA,NA,NA,NA
"2447","776792",3,"resources/real_fg_memory_images/fg23.jpg","artificial",NA,NA,NA,NA,NA,NA,NA,NA
"2448","776792",2,"resources/real_fg_memory_images/orig1.jpg","real",NA,NA,NA,NA,NA,NA,NA,NA
"2449","776792",4,"resources/real_fg_memory_images/fg36.jpg","artificial",NA,NA,NA,NA,NA,NA,NA,NA
"2450","776792",5,"resources/real_fg_memory_images/fg20.jpg","artificial",NA,NA,NA,NA,NA,NA,NA,NA
"2451","776792",6,"resources/real_fg_memory_images/fg32.jpg","artificial",NA,NA,NA,NA,NA,NA,NA,NA
"2452","776792",7,"resources/real_fg_memory_images/orig5.jpg","real",NA,NA,NA,NA,NA,NA,NA,NA
"2453","776792",8,"resources/real_fg_memory_images/fg29.jpg","artificial",NA,NA,NA,NA,NA,NA,NA,NA
"2454","776792",8,"resources/real_fg_memory_images/fg26.jpg","artificial",NA,NA,NA,NA,NA,NA,NA,NA
"2455","776792",7,"resources/real_fg_memory_images/orig8.jpg","real",NA,NA,NA,NA,NA,NA,NA,NA
"2456","776792",7,"resources/real_fg_memory_images/orig7.jpg","real",NA,NA,NA,NA,NA,NA,NA,NA
"2457","776792",6,"resources/real_fg_memory_images/fg22.jpg","artificial",NA,NA,NA,NA,NA,NA,NA,NA
"2458","776792",5,"resources/real_fg_memory_images/fg19.jpg","artificial",NA,NA,NA,NA,NA,NA,NA,NA
"2459","776792",4,"resources/real_fg_memory_images/fg34.jpg","artificial",NA,NA,NA,NA,NA,NA,NA,NA
"2460","776792",7,"resources/real_fg_memory_images/orig16.jpg","real",NA,NA,NA,NA,NA,NA,NA,NA
"2461","776792",7,"resources/real_fg_memory_images/fg21.jpg","artificial",NA,NA,NA,NA,NA,NA,NA,NA
"2462","776792",5,"resources/real_fg_memory_images/orig12.jpg","real",NA,NA,NA,NA,NA,NA,NA,NA
"2463","776792",7,"resources/real_fg_memory_images/orig3.jpg","real",NA,NA,NA,NA,NA,NA,NA,NA
"2464","776792",NA,NA,NA,NA,NA,NA,NA,NA,NA,NA,NA
"2465","776792",NA,NA,NA,NA,NA,NA,NA,1,"I have difficulty ending a phone call, even if the caller is a telemarketer, someone I do not know, or someone I do not wish to call me",NA,NA
"2466","776792",NA,NA,NA,NA,NA,NA,NA,3,"Persons over the age of 65 are often targeted by con-artists",NA,NA
"2467","776792",NA,NA,NA,NA,NA,NA,NA,2,"I answer the phone whenever it rings, even if I do not know who is calling",NA,NA
"2468","776792",NA,NA,NA,NA,NA,NA,NA,1,"If a telemarketer calls me, I usually listen to what they have to say",NA,NA
"2469","776792",NA,NA,NA,NA,NA,NA,NA,3,"If something sounds too good to be true, it usually is",NA,NA
"2470","776792",NA,NA,NA,NA,NA,NA,NA,NA,NA,NA,NA
"2471","776792",NA,NA,NA,NA,NA,NA,NA,NA,NA,"[""female_option""]",NA
"2472","776792",NA,NA,NA,NA,NA,NA,NA,NA,NA,NA,19
"2473","776792",NA,NA,NA,NA,NA,NA,NA,NA,NA,NA,NA
"2474","776792",NA,NA,NA,NA,NA,NA,NA,NA,NA,NA,NA
"2475","776792",NA,NA,NA,NA,NA,NA,NA,NA,NA,NA,NA
"2476","776792",NA,NA,NA,NA,NA,NA,NA,NA,NA,NA,NA
"2477","776792",NA,NA,NA,NA,NA,NA,NA,NA,NA,NA,NA
"2478","776792",NA,NA,NA,NA,NA,NA,NA,NA,NA,NA,NA
"2479","776792",NA,NA,NA,NA,NA,NA,NA,NA,NA,NA,NA
"2480","776792",NA,NA,NA,NA,NA,NA,NA,NA,NA,NA,NA
"2481","776792",NA,NA,NA,NA,NA,NA,NA,NA,NA,NA,NA
"2482","776792",NA,NA,NA,NA,NA,NA,NA,NA,NA,NA,NA
"2483","784447",NA,NA,NA,NA,NA,NA,NA,NA,NA,NA,NA
"2484","784447",NA,NA,NA,NA,NA,NA,NA,NA,NA,NA,NA
"2485","784447",NA,NA,NA,NA,NA,NA,NA,NA,NA,NA,NA
"2486","784447",NA,NA,NA,NA,NA,NA,NA,NA,NA,NA,NA
"2487","784447",3,"resources/real_fg_memory_images/fg28.jpg","artificial",NA,NA,NA,NA,NA,NA,NA,NA
"2488","784447",5,"resources/real_fg_memory_images/orig14.jpg","real",NA,NA,NA,NA,NA,NA,NA,NA
"2489","784447",4,"resources/real_fg_memory_images/fg27.jpg","artificial",NA,NA,NA,NA,NA,NA,NA,NA
"2490","784447",3,"resources/real_fg_memory_images/orig12.jpg","real",NA,NA,NA,NA,NA,NA,NA,NA
"2491","784447",6,"resources/real_fg_memory_images/orig7.jpg","real",NA,NA,NA,NA,NA,NA,NA,NA
"2492","784447",4,"resources/real_fg_memory_images/fg22.jpg","artificial",NA,NA,NA,NA,NA,NA,NA,NA
"2493","784447",5,"resources/real_fg_memory_images/fg19.jpg","artificial",NA,NA,NA,NA,NA,NA,NA,NA
"2494","784447",6,"resources/real_fg_memory_images/orig15.jpg","real",NA,NA,NA,NA,NA,NA,NA,NA
"2495","784447",3,"resources/real_fg_memory_images/orig5.jpg","real",NA,NA,NA,NA,NA,NA,NA,NA
"2496","784447",6,"resources/real_fg_memory_images/orig4.jpg","real",NA,NA,NA,NA,NA,NA,NA,NA
"2497","784447",5,"resources/real_fg_memory_images/orig8.jpg","real",NA,NA,NA,NA,NA,NA,NA,NA
"2498","784447",3,"resources/real_fg_memory_images/fg31.jpg","artificial",NA,NA,NA,NA,NA,NA,NA,NA
"2499","784447",4,"resources/real_fg_memory_images/fg30.jpg","artificial",NA,NA,NA,NA,NA,NA,NA,NA
"2500","784447",1,"resources/real_fg_memory_images/fg33.jpg","artificial",NA,NA,NA,NA,NA,NA,NA,NA
"2501","784447",7,"resources/real_fg_memory_images/orig18.jpg","real",NA,NA,NA,NA,NA,NA,NA,NA
"2502","784447",4,"resources/real_fg_memory_images/fg24.jpg","artificial",NA,NA,NA,NA,NA,NA,NA,NA
"2503","784447",3,"resources/real_fg_memory_images/fg35.jpg","artificial",NA,NA,NA,NA,NA,NA,NA,NA
"2504","784447",5,"resources/real_fg_memory_images/fg34.jpg","artificial",NA,NA,NA,NA,NA,NA,NA,NA
"2505","784447",4,"resources/real_fg_memory_images/orig10.jpg","real",NA,NA,NA,NA,NA,NA,NA,NA
"2506","784447",8,"resources/real_fg_memory_images/orig16.jpg","real",NA,NA,NA,NA,NA,NA,NA,NA
"2507","784447",2,"resources/real_fg_memory_images/orig17.jpg","real",NA,NA,NA,NA,NA,NA,NA,NA
"2508","784447",2,"resources/real_fg_memory_images/orig9.jpg","real",NA,NA,NA,NA,NA,NA,NA,NA
"2509","784447",4,"resources/real_fg_memory_images/fg36.jpg","artificial",NA,NA,NA,NA,NA,NA,NA,NA
"2510","784447",4,"resources/real_fg_memory_images/fg26.jpg","artificial",NA,NA,NA,NA,NA,NA,NA,NA
"2511","784447",3,"resources/real_fg_memory_images/orig1.jpg","real",NA,NA,NA,NA,NA,NA,NA,NA
"2512","784447",4,"resources/real_fg_memory_images/fg32.jpg","artificial",NA,NA,NA,NA,NA,NA,NA,NA
"2513","784447",6,"resources/real_fg_memory_images/orig3.jpg","real",NA,NA,NA,NA,NA,NA,NA,NA
"2514","784447",3,"resources/real_fg_memory_images/fg25.jpg","artificial",NA,NA,NA,NA,NA,NA,NA,NA
"2515","784447",7,"resources/real_fg_memory_images/orig11.jpg","real",NA,NA,NA,NA,NA,NA,NA,NA
"2516","784447",2,"resources/real_fg_memory_images/fg29.jpg","artificial",NA,NA,NA,NA,NA,NA,NA,NA
"2517","784447",6,"resources/real_fg_memory_images/orig2.jpg","real",NA,NA,NA,NA,NA,NA,NA,NA
"2518","784447",3,"resources/real_fg_memory_images/fg20.jpg","artificial",NA,NA,NA,NA,NA,NA,NA,NA
"2519","784447",3,"resources/real_fg_memory_images/orig13.jpg","real",NA,NA,NA,NA,NA,NA,NA,NA
"2520","784447",4,"resources/real_fg_memory_images/orig6.jpg","real",NA,NA,NA,NA,NA,NA,NA,NA
"2521","784447",2,"resources/real_fg_memory_images/fg23.jpg","artificial",NA,NA,NA,NA,NA,NA,NA,NA
"2522","784447",3,"resources/real_fg_memory_images/fg21.jpg","artificial",NA,NA,NA,NA,NA,NA,NA,NA
"2523","784447",NA,NA,NA,NA,NA,NA,NA,NA,NA,NA,NA
"2524","784447",NA,"resources/real_fg_memory_images/fg20.jpg",NA,"artificial","Neutral",NA,NA,NA,NA,NA,NA
"2525","784447",NA,"resources/real_fg_memory_images/fg27.jpg",NA,"artificial","Scam",NA,NA,NA,NA,NA,NA
"2526","784447",NA,"resources/real_fg_memory_images/orig2.jpg",NA,"real","Neutral",NA,NA,NA,NA,NA,NA
"2527","784447",NA,"resources/real_fg_memory_images/orig12.jpg",NA,"real","Scam",NA,NA,NA,NA,NA,NA
"2528","784447",NA,"resources/real_fg_memory_images/orig8.jpg",NA,"real","Scam",NA,NA,NA,NA,NA,NA
"2529","784447",NA,"resources/real_fg_memory_images/fg26.jpg",NA,"artificial","Scam",NA,NA,NA,NA,NA,NA
"2530","784447",NA,"resources/real_fg_memory_images/fg25.jpg",NA,"artificial","Scam",NA,NA,NA,NA,NA,NA
"2531","784447",NA,"resources/real_fg_memory_images/fg21.jpg",NA,"artificial","Neutral",NA,NA,NA,NA,NA,NA
"2532","784447",NA,"resources/real_fg_memory_images/fg30.jpg",NA,"artificial","Scam",NA,NA,NA,NA,NA,NA
"2533","784447",NA,"resources/real_fg_memory_images/fg19.jpg",NA,"artificial","Neutral",NA,NA,NA,NA,NA,NA
"2534","784447",NA,"resources/real_fg_memory_images/fg29.jpg",NA,"artificial","Scam",NA,NA,NA,NA,NA,NA
"2535","784447",NA,"resources/real_fg_memory_images/orig7.jpg",NA,"real","Scam",NA,NA,NA,NA,NA,NA
"2536","784447",NA,"resources/real_fg_memory_images/orig5.jpg",NA,"real","Neutral",NA,NA,NA,NA,NA,NA
"2537","784447",NA,"resources/real_fg_memory_images/fg24.jpg",NA,"artificial","Neutral",NA,NA,NA,NA,NA,NA
"2538","784447",NA,"resources/real_fg_memory_images/orig4.jpg",NA,"real","Neutral",NA,NA,NA,NA,NA,NA
"2539","784447",NA,"resources/real_fg_memory_images/fg23.jpg",NA,"artificial","Neutral",NA,NA,NA,NA,NA,NA
"2540","784447",NA,"resources/real_fg_memory_images/fg28.jpg",NA,"artificial","Scam",NA,NA,NA,NA,NA,NA
"2541","784447",NA,"resources/real_fg_memory_images/orig6.jpg",NA,"real","Neutral",NA,NA,NA,NA,NA,NA
"2542","784447",NA,"resources/real_fg_memory_images/orig3.jpg",NA,"real","Neutral",NA,NA,NA,NA,NA,NA
"2543","784447",NA,"resources/real_fg_memory_images/orig10.jpg",NA,"real","Scam",NA,NA,NA,NA,NA,NA
"2544","784447",NA,"resources/real_fg_memory_images/orig11.jpg",NA,"real","Scam",NA,NA,NA,NA,NA,NA
"2545","784447",NA,"resources/real_fg_memory_images/orig9.jpg",NA,"real","Scam",NA,NA,NA,NA,NA,NA
"2546","784447",NA,"resources/real_fg_memory_images/fg22.jpg",NA,"artificial","Neutral",NA,NA,NA,NA,NA,NA
"2547","784447",NA,"resources/real_fg_memory_images/orig1.jpg",NA,"real","Neurtal",NA,NA,NA,NA,NA,NA
"2548","784447",NA,NA,NA,NA,NA,NA,NA,NA,NA,NA,NA
"2549","784447",NA,"resources/real_fg_memory_images/orig4.jpg",NA,"real","Neutral","[""neutral_button""]","5",NA,NA,NA,NA
"2550","784447",NA,"resources/real_fg_memory_images/fg28.jpg",NA,"artificial","Scam","[""scam_button""]","8",NA,NA,NA,NA
"2551","784447",NA,"resources/real_fg_memory_images/fg21.jpg",NA,"artificial","Neutral","[""neutral_button""]","10",NA,NA,NA,NA
"2552","784447",NA,"resources/real_fg_memory_images/orig12.jpg",NA,"real","Scam","[""scam_button""]","10",NA,NA,NA,NA
"2553","784447",NA,"resources/real_fg_memory_images/orig7.jpg",NA,"real","Scam","[""scam_button""]","3",NA,NA,NA,NA
"2554","784447",NA,"resources/real_fg_memory_images/orig10.jpg",NA,"real","Scam","[""scam_button""]","10",NA,NA,NA,NA
"2555","784447",NA,"resources/real_fg_memory_images/orig3.jpg",NA,"real","Neutral","[""neutral_button""]","8",NA,NA,NA,NA
"2556","784447",NA,"resources/real_fg_memory_images/orig1.jpg",NA,"real","Neurtal","[""scam_button""]","6",NA,NA,NA,NA
"2557","784447",NA,"resources/real_fg_memory_images/fg24.jpg",NA,"artificial","Neutral","[""neutral_button""]","5",NA,NA,NA,NA
"2558","784447",NA,"resources/real_fg_memory_images/fg27.jpg",NA,"artificial","Scam","[""scam_button""]","6",NA,NA,NA,NA
"2559","784447",NA,"resources/real_fg_memory_images/orig5.jpg",NA,"real","Neutral","[""neutral_button""]","8",NA,NA,NA,NA
"2560","784447",NA,"resources/real_fg_memory_images/orig2.jpg",NA,"real","Neutral","[""neutral_button""]","10",NA,NA,NA,NA
"2561","784447",NA,"resources/real_fg_memory_images/fg23.jpg",NA,"artificial","Neutral","[""scam_button""]","10",NA,NA,NA,NA
"2562","784447",NA,"resources/real_fg_memory_images/orig9.jpg",NA,"real","Scam","[""scam_button""]","10",NA,NA,NA,NA
"2563","784447",NA,"resources/real_fg_memory_images/fg22.jpg",NA,"artificial","Neutral","[""scam_button""]","8",NA,NA,NA,NA
"2564","784447",NA,"resources/real_fg_memory_images/orig6.jpg",NA,"real","Neutral","[""neutral_button""]","7",NA,NA,NA,NA
"2565","784447",NA,"resources/real_fg_memory_images/fg25.jpg",NA,"artificial","Scam","[""scam_button""]","8",NA,NA,NA,NA
"2566","784447",NA,"resources/real_fg_memory_images/orig8.jpg",NA,"real","Scam","[""scam_button""]","10",NA,NA,NA,NA
"2567","784447",NA,"resources/real_fg_memory_images/orig11.jpg",NA,"real","Scam","[""scam_button""]","7",NA,NA,NA,NA
"2568","784447",NA,"resources/real_fg_memory_images/fg30.jpg",NA,"artificial","Scam","[""neutral_button""]","8",NA,NA,NA,NA
"2569","784447",NA,"resources/real_fg_memory_images/fg26.jpg",NA,"artificial","Scam","[""scam_button""]","8",NA,NA,NA,NA
"2570","784447",NA,"resources/real_fg_memory_images/fg20.jpg",NA,"artificial","Neutral","[""scam_button""]","7",NA,NA,NA,NA
"2571","784447",NA,"resources/real_fg_memory_images/fg19.jpg",NA,"artificial","Neutral","[""neutral_button""]","9",NA,NA,NA,NA
"2572","784447",NA,"resources/real_fg_memory_images/fg29.jpg",NA,"artificial","Scam","[""scam_button""]","10",NA,NA,NA,NA
"2573","784447",NA,NA,NA,NA,NA,NA,NA,NA,NA,NA,NA
"2574","784447",4,"resources/real_fg_memory_images/fg23.jpg","artificial",NA,NA,NA,NA,NA,NA,NA,NA
"2575","784447",4,"resources/real_fg_memory_images/fg26.jpg","artificial",NA,NA,NA,NA,NA,NA,NA,NA
"2576","784447",5,"resources/real_fg_memory_images/orig15.jpg","real",NA,NA,NA,NA,NA,NA,NA,NA
"2577","784447",3,"resources/real_fg_memory_images/fg27.jpg","artificial",NA,NA,NA,NA,NA,NA,NA,NA
"2578","784447",6,"resources/real_fg_memory_images/orig16.jpg","real",NA,NA,NA,NA,NA,NA,NA,NA
"2579","784447",2,"resources/real_fg_memory_images/orig12.jpg","real",NA,NA,NA,NA,NA,NA,NA,NA
"2580","784447",2,"resources/real_fg_memory_images/fg35.jpg","artificial",NA,NA,NA,NA,NA,NA,NA,NA
"2581","784447",4,"resources/real_fg_memory_images/fg31.jpg","artificial",NA,NA,NA,NA,NA,NA,NA,NA
"2582","784447",8,"resources/real_fg_memory_images/orig18.jpg","real",NA,NA,NA,NA,NA,NA,NA,NA
"2583","784447",7,"resources/real_fg_memory_images/orig14.jpg","real",NA,NA,NA,NA,NA,NA,NA,NA
"2584","784447",5,"resources/real_fg_memory_images/fg28.jpg","artificial",NA,NA,NA,NA,NA,NA,NA,NA
"2585","784447",4,"resources/real_fg_memory_images/orig4.jpg","real",NA,NA,NA,NA,NA,NA,NA,NA
"2586","784447",5,"resources/real_fg_memory_images/orig6.jpg","real",NA,NA,NA,NA,NA,NA,NA,NA
"2587","784447",8,"resources/real_fg_memory_images/orig2.jpg","real",NA,NA,NA,NA,NA,NA,NA,NA
"2588","784447",3,"resources/real_fg_memory_images/fg25.jpg","artificial",NA,NA,NA,NA,NA,NA,NA,NA
"2589","784447",5,"resources/real_fg_memory_images/orig17.jpg","real",NA,NA,NA,NA,NA,NA,NA,NA
"2590","784447",2,"resources/real_fg_memory_images/fg22.jpg","artificial",NA,NA,NA,NA,NA,NA,NA,NA
"2591","784447",1,"resources/real_fg_memory_images/orig13.jpg","real",NA,NA,NA,NA,NA,NA,NA,NA
"2592","784447",1,"resources/real_fg_memory_images/orig1.jpg","real",NA,NA,NA,NA,NA,NA,NA,NA
"2593","784447",8,"resources/real_fg_memory_images/orig3.jpg","real",NA,NA,NA,NA,NA,NA,NA,NA
"2594","784447",5,"resources/real_fg_memory_images/fg34.jpg","artificial",NA,NA,NA,NA,NA,NA,NA,NA
"2595","784447",5,"resources/real_fg_memory_images/orig11.jpg","real",NA,NA,NA,NA,NA,NA,NA,NA
"2596","784447",4,"resources/real_fg_memory_images/fg19.jpg","artificial",NA,NA,NA,NA,NA,NA,NA,NA
"2597","784447",2,"resources/real_fg_memory_images/fg36.jpg","artificial",NA,NA,NA,NA,NA,NA,NA,NA
"2598","784447",1,"resources/real_fg_memory_images/orig8.jpg","real",NA,NA,NA,NA,NA,NA,NA,NA
"2599","784447",7,"resources/real_fg_memory_images/fg21.jpg","artificial",NA,NA,NA,NA,NA,NA,NA,NA
"2600","784447",2,"resources/real_fg_memory_images/orig10.jpg","real",NA,NA,NA,NA,NA,NA,NA,NA
"2601","784447",6,"resources/real_fg_memory_images/fg33.jpg","artificial",NA,NA,NA,NA,NA,NA,NA,NA
"2602","784447",3,"resources/real_fg_memory_images/fg29.jpg","artificial",NA,NA,NA,NA,NA,NA,NA,NA
"2603","784447",1,"resources/real_fg_memory_images/orig5.jpg","real",NA,NA,NA,NA,NA,NA,NA,NA
"2604","784447",1,"resources/real_fg_memory_images/orig9.jpg","real",NA,NA,NA,NA,NA,NA,NA,NA
"2605","784447",3,"resources/real_fg_memory_images/fg32.jpg","artificial",NA,NA,NA,NA,NA,NA,NA,NA
"2606","784447",4,"resources/real_fg_memory_images/fg20.jpg","artificial",NA,NA,NA,NA,NA,NA,NA,NA
"2607","784447",5,"resources/real_fg_memory_images/fg30.jpg","artificial",NA,NA,NA,NA,NA,NA,NA,NA
"2608","784447",4,"resources/real_fg_memory_images/fg24.jpg","artificial",NA,NA,NA,NA,NA,NA,NA,NA
"2609","784447",4,"resources/real_fg_memory_images/orig7.jpg","real",NA,NA,NA,NA,NA,NA,NA,NA
"2610","784447",NA,NA,NA,NA,NA,NA,NA,NA,NA,NA,NA
"2611","784447",NA,NA,NA,NA,NA,NA,NA,2,"I answer the phone whenever it rings, even if I do not know who is calling",NA,NA
"2612","784447",NA,NA,NA,NA,NA,NA,NA,1,"If a telemarketer calls me, I usually listen to what they have to say",NA,NA
"2613","784447",NA,NA,NA,NA,NA,NA,NA,4,"Persons over the age of 65 are often targeted by con-artists",NA,NA
"2614","784447",NA,NA,NA,NA,NA,NA,NA,4,"If something sounds too good to be true, it usually is",NA,NA
"2615","784447",NA,NA,NA,NA,NA,NA,NA,4,"I have difficulty ending a phone call, even if the caller is a telemarketer, someone I do not know, or someone I do not wish to call me",NA,NA
"2616","784447",NA,NA,NA,NA,NA,NA,NA,NA,NA,NA,NA
"2617","784447",NA,NA,NA,NA,NA,NA,NA,NA,NA,"[""female_option""]",NA
"2618","784447",NA,NA,NA,NA,NA,NA,NA,NA,NA,NA,20
"2619","784447",NA,NA,NA,NA,NA,NA,NA,NA,NA,NA,NA
"2620","784447",NA,NA,NA,NA,NA,NA,NA,NA,NA,NA,NA
"2621","784447",NA,NA,NA,NA,NA,NA,NA,NA,NA,NA,NA
"2622","784447",NA,NA,NA,NA,NA,NA,NA,NA,NA,NA,NA
"2623","784447",NA,NA,NA,NA,NA,NA,NA,NA,NA,NA,NA
"2624","784447",NA,NA,NA,NA,NA,NA,NA,NA,NA,NA,NA
"2625","784447",NA,NA,NA,NA,NA,NA,NA,NA,NA,NA,NA
"2626","784447",NA,NA,NA,NA,NA,NA,NA,NA,NA,NA,NA
"2627","784447",NA,NA,NA,NA,NA,NA,NA,NA,NA,NA,NA
"2628","784447",NA,NA,NA,NA,NA,NA,NA,NA,NA,NA,NA
"2629","854895",NA,NA,NA,NA,NA,NA,NA,NA,NA,NA,NA
"2630","854895",NA,NA,NA,NA,NA,NA,NA,NA,NA,NA,NA
"2631","854895",NA,NA,NA,NA,NA,NA,NA,NA,NA,NA,NA
"2632","854895",NA,NA,NA,NA,NA,NA,NA,NA,NA,NA,NA
"2633","854895",6,"resources/real_fg_memory_images/orig8.jpg","real",NA,NA,NA,NA,NA,NA,NA,NA
"2634","854895",8,"resources/real_fg_memory_images/orig3.jpg","real",NA,NA,NA,NA,NA,NA,NA,NA
"2635","854895",3,"resources/real_fg_memory_images/orig17.jpg","real",NA,NA,NA,NA,NA,NA,NA,NA
"2636","854895",1,"resources/real_fg_memory_images/orig5.jpg","real",NA,NA,NA,NA,NA,NA,NA,NA
"2637","854895",6,"resources/real_fg_memory_images/orig18.jpg","real",NA,NA,NA,NA,NA,NA,NA,NA
"2638","854895",7,"resources/real_fg_memory_images/orig13.jpg","real",NA,NA,NA,NA,NA,NA,NA,NA
"2639","854895",8,"resources/real_fg_memory_images/orig6.jpg","real",NA,NA,NA,NA,NA,NA,NA,NA
"2640","854895",5,"resources/real_fg_memory_images/fg31.jpg","artificial",NA,NA,NA,NA,NA,NA,NA,NA
"2641","854895",2,"resources/real_fg_memory_images/orig9.jpg","real",NA,NA,NA,NA,NA,NA,NA,NA
"2642","854895",6,"resources/real_fg_memory_images/orig4.jpg","real",NA,NA,NA,NA,NA,NA,NA,NA
"2643","854895",7,"resources/real_fg_memory_images/fg29.jpg","artificial",NA,NA,NA,NA,NA,NA,NA,NA
"2644","854895",4,"resources/real_fg_memory_images/fg26.jpg","artificial",NA,NA,NA,NA,NA,NA,NA,NA
"2645","854895",4,"resources/real_fg_memory_images/orig7.jpg","real",NA,NA,NA,NA,NA,NA,NA,NA
"2646","854895",5,"resources/real_fg_memory_images/orig2.jpg","real",NA,NA,NA,NA,NA,NA,NA,NA
"2647","854895",6,"resources/real_fg_memory_images/orig14.jpg","real",NA,NA,NA,NA,NA,NA,NA,NA
"2648","854895",3,"resources/real_fg_memory_images/fg21.jpg","artificial",NA,NA,NA,NA,NA,NA,NA,NA
"2649","854895",7,"resources/real_fg_memory_images/fg19.jpg","artificial",NA,NA,NA,NA,NA,NA,NA,NA
"2650","854895",4,"resources/real_fg_memory_images/fg27.jpg","artificial",NA,NA,NA,NA,NA,NA,NA,NA
"2651","854895",6,"resources/real_fg_memory_images/fg33.jpg","artificial",NA,NA,NA,NA,NA,NA,NA,NA
"2652","854895",4,"resources/real_fg_memory_images/orig15.jpg","real",NA,NA,NA,NA,NA,NA,NA,NA
"2653","854895",2,"resources/real_fg_memory_images/orig12.jpg","real",NA,NA,NA,NA,NA,NA,NA,NA
"2654","854895",6,"resources/real_fg_memory_images/fg34.jpg","artificial",NA,NA,NA,NA,NA,NA,NA,NA
"2655","854895",9,"resources/real_fg_memory_images/fg30.jpg","artificial",NA,NA,NA,NA,NA,NA,NA,NA
"2656","854895",3,"resources/real_fg_memory_images/fg22.jpg","artificial",NA,NA,NA,NA,NA,NA,NA,NA
"2657","854895",1,"resources/real_fg_memory_images/orig1.jpg","real",NA,NA,NA,NA,NA,NA,NA,NA
"2658","854895",6,"resources/real_fg_memory_images/fg35.jpg","artificial",NA,NA,NA,NA,NA,NA,NA,NA
"2659","854895",5,"resources/real_fg_memory_images/fg25.jpg","artificial",NA,NA,NA,NA,NA,NA,NA,NA
"2660","854895",4,"resources/real_fg_memory_images/fg32.jpg","artificial",NA,NA,NA,NA,NA,NA,NA,NA
"2661","854895",7,"resources/real_fg_memory_images/fg20.jpg","artificial",NA,NA,NA,NA,NA,NA,NA,NA
"2662","854895",3,"resources/real_fg_memory_images/fg23.jpg","artificial",NA,NA,NA,NA,NA,NA,NA,NA
"2663","854895",3,"resources/real_fg_memory_images/fg36.jpg","artificial",NA,NA,NA,NA,NA,NA,NA,NA
"2664","854895",2,"resources/real_fg_memory_images/orig11.jpg","real",NA,NA,NA,NA,NA,NA,NA,NA
"2665","854895",7,"resources/real_fg_memory_images/fg24.jpg","artificial",NA,NA,NA,NA,NA,NA,NA,NA
"2666","854895",8,"resources/real_fg_memory_images/fg28.jpg","artificial",NA,NA,NA,NA,NA,NA,NA,NA
"2667","854895",6,"resources/real_fg_memory_images/orig16.jpg","real",NA,NA,NA,NA,NA,NA,NA,NA
"2668","854895",3,"resources/real_fg_memory_images/orig10.jpg","real",NA,NA,NA,NA,NA,NA,NA,NA
"2669","854895",NA,NA,NA,NA,NA,NA,NA,NA,NA,NA,NA
"2670","854895",NA,"resources/real_fg_memory_images/fg30.jpg",NA,"artificial","Scam",NA,NA,NA,NA,NA,NA
"2671","854895",NA,"resources/real_fg_memory_images/fg25.jpg",NA,"artificial","Scam",NA,NA,NA,NA,NA,NA
"2672","854895",NA,"resources/real_fg_memory_images/orig12.jpg",NA,"real","Scam",NA,NA,NA,NA,NA,NA
"2673","854895",NA,"resources/real_fg_memory_images/orig6.jpg",NA,"real","Neutral",NA,NA,NA,NA,NA,NA
"2674","854895",NA,"resources/real_fg_memory_images/orig2.jpg",NA,"real","Neutral",NA,NA,NA,NA,NA,NA
"2675","854895",NA,"resources/real_fg_memory_images/fg24.jpg",NA,"artificial","Neutral",NA,NA,NA,NA,NA,NA
"2676","854895",NA,"resources/real_fg_memory_images/orig1.jpg",NA,"real","Neurtal",NA,NA,NA,NA,NA,NA
"2677","854895",NA,"resources/real_fg_memory_images/fg19.jpg",NA,"artificial","Neutral",NA,NA,NA,NA,NA,NA
"2678","854895",NA,"resources/real_fg_memory_images/fg27.jpg",NA,"artificial","Scam",NA,NA,NA,NA,NA,NA
"2679","854895",NA,"resources/real_fg_memory_images/orig11.jpg",NA,"real","Scam",NA,NA,NA,NA,NA,NA
"2680","854895",NA,"resources/real_fg_memory_images/orig5.jpg",NA,"real","Neutral",NA,NA,NA,NA,NA,NA
"2681","854895",NA,"resources/real_fg_memory_images/orig8.jpg",NA,"real","Scam",NA,NA,NA,NA,NA,NA
"2682","854895",NA,"resources/real_fg_memory_images/orig10.jpg",NA,"real","Scam",NA,NA,NA,NA,NA,NA
"2683","854895",NA,"resources/real_fg_memory_images/fg28.jpg",NA,"artificial","Scam",NA,NA,NA,NA,NA,NA
"2684","854895",NA,"resources/real_fg_memory_images/fg21.jpg",NA,"artificial","Neutral",NA,NA,NA,NA,NA,NA
"2685","854895",NA,"resources/real_fg_memory_images/fg20.jpg",NA,"artificial","Neutral",NA,NA,NA,NA,NA,NA
"2686","854895",NA,"resources/real_fg_memory_images/fg22.jpg",NA,"artificial","Neutral",NA,NA,NA,NA,NA,NA
"2687","854895",NA,"resources/real_fg_memory_images/orig9.jpg",NA,"real","Scam",NA,NA,NA,NA,NA,NA
"2688","854895",NA,"resources/real_fg_memory_images/orig7.jpg",NA,"real","Scam",NA,NA,NA,NA,NA,NA
"2689","854895",NA,"resources/real_fg_memory_images/orig3.jpg",NA,"real","Neutral",NA,NA,NA,NA,NA,NA
"2690","854895",NA,"resources/real_fg_memory_images/fg23.jpg",NA,"artificial","Neutral",NA,NA,NA,NA,NA,NA
"2691","854895",NA,"resources/real_fg_memory_images/orig4.jpg",NA,"real","Neutral",NA,NA,NA,NA,NA,NA
"2692","854895",NA,"resources/real_fg_memory_images/fg29.jpg",NA,"artificial","Scam",NA,NA,NA,NA,NA,NA
"2693","854895",NA,"resources/real_fg_memory_images/fg26.jpg",NA,"artificial","Scam",NA,NA,NA,NA,NA,NA
"2694","854895",NA,NA,NA,NA,NA,NA,NA,NA,NA,NA,NA
"2695","854895",NA,"resources/real_fg_memory_images/orig5.jpg",NA,"real","Neutral","[""neutral_button""]","4",NA,NA,NA,NA
"2696","854895",NA,"resources/real_fg_memory_images/orig9.jpg",NA,"real","Scam","[""scam_button""]","6",NA,NA,NA,NA
"2697","854895",NA,"resources/real_fg_memory_images/orig12.jpg",NA,"real","Scam","[""scam_button""]","9",NA,NA,NA,NA
"2698","854895",NA,"resources/real_fg_memory_images/fg24.jpg",NA,"artificial","Neutral","[""neutral_button""]","2",NA,NA,NA,NA
"2699","854895",NA,"resources/real_fg_memory_images/fg25.jpg",NA,"artificial","Scam","[""scam_button""]","1",NA,NA,NA,NA
"2700","854895",NA,"resources/real_fg_memory_images/orig11.jpg",NA,"real","Scam","[""neutral_button""]","3",NA,NA,NA,NA
"2701","854895",NA,"resources/real_fg_memory_images/orig3.jpg",NA,"real","Neutral","[""neutral_button""]","9",NA,NA,NA,NA
"2702","854895",NA,"resources/real_fg_memory_images/fg20.jpg",NA,"artificial","Neutral","[""scam_button""]","3",NA,NA,NA,NA
"2703","854895",NA,"resources/real_fg_memory_images/orig2.jpg",NA,"real","Neutral","[""neutral_button""]","7",NA,NA,NA,NA
"2704","854895",NA,"resources/real_fg_memory_images/fg29.jpg",NA,"artificial","Scam","[""neutral_button""]","6",NA,NA,NA,NA
"2705","854895",NA,"resources/real_fg_memory_images/fg26.jpg",NA,"artificial","Scam","[""scam_button""]","9",NA,NA,NA,NA
"2706","854895",NA,"resources/real_fg_memory_images/fg30.jpg",NA,"artificial","Scam","[""scam_button""]","8",NA,NA,NA,NA
"2707","854895",NA,"resources/real_fg_memory_images/orig8.jpg",NA,"real","Scam","[""neutral_button""]","5",NA,NA,NA,NA
"2708","854895",NA,"resources/real_fg_memory_images/fg21.jpg",NA,"artificial","Neutral","[""scam_button""]","7",NA,NA,NA,NA
"2709","854895",NA,"resources/real_fg_memory_images/orig7.jpg",NA,"real","Scam","[""scam_button""]","8",NA,NA,NA,NA
"2710","854895",NA,"resources/real_fg_memory_images/orig10.jpg",NA,"real","Scam","[""neutral_button""]","3",NA,NA,NA,NA
"2711","854895",NA,"resources/real_fg_memory_images/orig4.jpg",NA,"real","Neutral","[""neutral_button""]","8",NA,NA,NA,NA
"2712","854895",NA,"resources/real_fg_memory_images/fg23.jpg",NA,"artificial","Neutral","[""neutral_button""]","2",NA,NA,NA,NA
"2713","854895",NA,"resources/real_fg_memory_images/orig1.jpg",NA,"real","Neurtal","[""neutral_button""]","8",NA,NA,NA,NA
"2714","854895",NA,"resources/real_fg_memory_images/fg19.jpg",NA,"artificial","Neutral","[""neutral_button""]","1",NA,NA,NA,NA
"2715","854895",NA,"resources/real_fg_memory_images/fg28.jpg",NA,"artificial","Scam","[""neutral_button""]","7",NA,NA,NA,NA
"2716","854895",NA,"resources/real_fg_memory_images/fg27.jpg",NA,"artificial","Scam","[""scam_button""]","3",NA,NA,NA,NA
"2717","854895",NA,"resources/real_fg_memory_images/orig6.jpg",NA,"real","Neutral","[""scam_button""]","7",NA,NA,NA,NA
"2718","854895",NA,"resources/real_fg_memory_images/fg22.jpg",NA,"artificial","Neutral","[""neutral_button""]","5",NA,NA,NA,NA
"2719","854895",NA,NA,NA,NA,NA,NA,NA,NA,NA,NA,NA
"2720","854895",4,"resources/real_fg_memory_images/fg36.jpg","artificial",NA,NA,NA,NA,NA,NA,NA,NA
"2721","854895",3,"resources/real_fg_memory_images/fg30.jpg","artificial",NA,NA,NA,NA,NA,NA,NA,NA
"2722","854895",7,"resources/real_fg_memory_images/fg19.jpg","artificial",NA,NA,NA,NA,NA,NA,NA,NA
"2723","854895",2,"resources/real_fg_memory_images/fg24.jpg","artificial",NA,NA,NA,NA,NA,NA,NA,NA
"2724","854895",7,"resources/real_fg_memory_images/orig15.jpg","real",NA,NA,NA,NA,NA,NA,NA,NA
"2725","854895",8,"resources/real_fg_memory_images/fg33.jpg","artificial",NA,NA,NA,NA,NA,NA,NA,NA
"2726","854895",1,"resources/real_fg_memory_images/orig17.jpg","real",NA,NA,NA,NA,NA,NA,NA,NA
"2727","854895",2,"resources/real_fg_memory_images/fg32.jpg","artificial",NA,NA,NA,NA,NA,NA,NA,NA
"2728","854895",5,"resources/real_fg_memory_images/fg22.jpg","artificial",NA,NA,NA,NA,NA,NA,NA,NA
"2729","854895",3,"resources/real_fg_memory_images/orig5.jpg","real",NA,NA,NA,NA,NA,NA,NA,NA
"2730","854895",4,"resources/real_fg_memory_images/fg34.jpg","artificial",NA,NA,NA,NA,NA,NA,NA,NA
"2731","854895",6,"resources/real_fg_memory_images/orig10.jpg","real",NA,NA,NA,NA,NA,NA,NA,NA
"2732","854895",4,"resources/real_fg_memory_images/fg23.jpg","artificial",NA,NA,NA,NA,NA,NA,NA,NA
"2733","854895",1,"resources/real_fg_memory_images/fg26.jpg","artificial",NA,NA,NA,NA,NA,NA,NA,NA
"2734","854895",4,"resources/real_fg_memory_images/fg21.jpg","artificial",NA,NA,NA,NA,NA,NA,NA,NA
"2735","854895",5,"resources/real_fg_memory_images/fg25.jpg","artificial",NA,NA,NA,NA,NA,NA,NA,NA
"2736","854895",8,"resources/real_fg_memory_images/orig4.jpg","real",NA,NA,NA,NA,NA,NA,NA,NA
"2737","854895",6,"resources/real_fg_memory_images/orig11.jpg","real",NA,NA,NA,NA,NA,NA,NA,NA
"2738","854895",2,"resources/real_fg_memory_images/orig12.jpg","real",NA,NA,NA,NA,NA,NA,NA,NA
"2739","854895",4,"resources/real_fg_memory_images/orig8.jpg","real",NA,NA,NA,NA,NA,NA,NA,NA
"2740","854895",4,"resources/real_fg_memory_images/fg20.jpg","artificial",NA,NA,NA,NA,NA,NA,NA,NA
"2741","854895",5,"resources/real_fg_memory_images/orig16.jpg","real",NA,NA,NA,NA,NA,NA,NA,NA
"2742","854895",4,"resources/real_fg_memory_images/fg28.jpg","artificial",NA,NA,NA,NA,NA,NA,NA,NA
"2743","854895",6,"resources/real_fg_memory_images/fg35.jpg","artificial",NA,NA,NA,NA,NA,NA,NA,NA
"2744","854895",8,"resources/real_fg_memory_images/orig6.jpg","real",NA,NA,NA,NA,NA,NA,NA,NA
"2745","854895",4,"resources/real_fg_memory_images/fg27.jpg","artificial",NA,NA,NA,NA,NA,NA,NA,NA
"2746","854895",8,"resources/real_fg_memory_images/orig3.jpg","real",NA,NA,NA,NA,NA,NA,NA,NA
"2747","854895",6,"resources/real_fg_memory_images/orig18.jpg","real",NA,NA,NA,NA,NA,NA,NA,NA
"2748","854895",5,"resources/real_fg_memory_images/fg31.jpg","artificial",NA,NA,NA,NA,NA,NA,NA,NA
"2749","854895",3,"resources/real_fg_memory_images/orig1.jpg","real",NA,NA,NA,NA,NA,NA,NA,NA
"2750","854895",2,"resources/real_fg_memory_images/orig9.jpg","real",NA,NA,NA,NA,NA,NA,NA,NA
"2751","854895",5,"resources/real_fg_memory_images/fg29.jpg","artificial",NA,NA,NA,NA,NA,NA,NA,NA
"2752","854895",1,"resources/real_fg_memory_images/orig13.jpg","real",NA,NA,NA,NA,NA,NA,NA,NA
"2753","854895",4,"resources/real_fg_memory_images/orig2.jpg","real",NA,NA,NA,NA,NA,NA,NA,NA
"2754","854895",7,"resources/real_fg_memory_images/orig14.jpg","real",NA,NA,NA,NA,NA,NA,NA,NA
"2755","854895",3,"resources/real_fg_memory_images/orig7.jpg","real",NA,NA,NA,NA,NA,NA,NA,NA
"2756","854895",NA,NA,NA,NA,NA,NA,NA,NA,NA,NA,NA
"2757","854895",NA,NA,NA,NA,NA,NA,NA,4,"Persons over the age of 65 are often targeted by con-artists",NA,NA
"2758","854895",NA,NA,NA,NA,NA,NA,NA,5,"If something sounds too good to be true, it usually is",NA,NA
"2759","854895",NA,NA,NA,NA,NA,NA,NA,2,"I answer the phone whenever it rings, even if I do not know who is calling",NA,NA
"2760","854895",NA,NA,NA,NA,NA,NA,NA,1,"If a telemarketer calls me, I usually listen to what they have to say",NA,NA
"2761","854895",NA,NA,NA,NA,NA,NA,NA,1,"I have difficulty ending a phone call, even if the caller is a telemarketer, someone I do not know, or someone I do not wish to call me",NA,NA
"2762","854895",NA,NA,NA,NA,NA,NA,NA,NA,NA,NA,NA
"2763","854895",NA,NA,NA,NA,NA,NA,NA,NA,NA,"[""female_option""]",NA
"2764","854895",NA,NA,NA,NA,NA,NA,NA,NA,NA,NA,19
"2765","854895",NA,NA,NA,NA,NA,NA,NA,NA,NA,NA,NA
"2766","854895",NA,NA,NA,NA,NA,NA,NA,NA,NA,NA,NA
"2767","854895",NA,NA,NA,NA,NA,NA,NA,NA,NA,NA,NA
"2768","854895",NA,NA,NA,NA,NA,NA,NA,NA,NA,NA,NA
"2769","854895",NA,NA,NA,NA,NA,NA,NA,NA,NA,NA,NA
"2770","854895",NA,NA,NA,NA,NA,NA,NA,NA,NA,NA,NA
"2771","854895",NA,NA,NA,NA,NA,NA,NA,NA,NA,NA,NA
"2772","854895",NA,NA,NA,NA,NA,NA,NA,NA,NA,NA,NA
"2773","854895",NA,NA,NA,NA,NA,NA,NA,NA,NA,NA,NA
"2774","854895",NA,NA,NA,NA,NA,NA,NA,NA,NA,NA,NA
"2775","870305",NA,NA,NA,NA,NA,NA,NA,NA,NA,NA,NA
"2776","870305",NA,NA,NA,NA,NA,NA,NA,NA,NA,NA,NA
"2777","870305",NA,NA,NA,NA,NA,NA,NA,NA,NA,NA,NA
"2778","870305",NA,NA,NA,NA,NA,NA,NA,NA,NA,NA,NA
"2779","870305",5,"resources/real_fg_memory_images/orig3.jpg","real",NA,NA,NA,NA,NA,NA,NA,NA
"2780","870305",5,"resources/real_fg_memory_images/fg30.jpg","artificial",NA,NA,NA,NA,NA,NA,NA,NA
"2781","870305",7,"resources/real_fg_memory_images/orig12.jpg","real",NA,NA,NA,NA,NA,NA,NA,NA
"2782","870305",4,"resources/real_fg_memory_images/orig10.jpg","real",NA,NA,NA,NA,NA,NA,NA,NA
"2783","870305",3,"resources/real_fg_memory_images/fg25.jpg","artificial",NA,NA,NA,NA,NA,NA,NA,NA
"2784","870305",3,"resources/real_fg_memory_images/orig5.jpg","real",NA,NA,NA,NA,NA,NA,NA,NA
"2785","870305",6,"resources/real_fg_memory_images/fg31.jpg","artificial",NA,NA,NA,NA,NA,NA,NA,NA
"2786","870305",4,"resources/real_fg_memory_images/fg21.jpg","artificial",NA,NA,NA,NA,NA,NA,NA,NA
"2787","870305",7,"resources/real_fg_memory_images/orig18.jpg","real",NA,NA,NA,NA,NA,NA,NA,NA
"2788","870305",4,"resources/real_fg_memory_images/orig1.jpg","real",NA,NA,NA,NA,NA,NA,NA,NA
"2789","870305",5,"resources/real_fg_memory_images/fg33.jpg","artificial",NA,NA,NA,NA,NA,NA,NA,NA
"2790","870305",6,"resources/real_fg_memory_images/orig8.jpg","real",NA,NA,NA,NA,NA,NA,NA,NA
"2791","870305",4,"resources/real_fg_memory_images/orig13.jpg","real",NA,NA,NA,NA,NA,NA,NA,NA
"2792","870305",2,"resources/real_fg_memory_images/fg24.jpg","artificial",NA,NA,NA,NA,NA,NA,NA,NA
"2793","870305",3,"resources/real_fg_memory_images/fg32.jpg","artificial",NA,NA,NA,NA,NA,NA,NA,NA
"2794","870305",5,"resources/real_fg_memory_images/orig17.jpg","real",NA,NA,NA,NA,NA,NA,NA,NA
"2795","870305",2,"resources/real_fg_memory_images/fg36.jpg","artificial",NA,NA,NA,NA,NA,NA,NA,NA
"2796","870305",6,"resources/real_fg_memory_images/orig15.jpg","real",NA,NA,NA,NA,NA,NA,NA,NA
"2797","870305",4,"resources/real_fg_memory_images/fg19.jpg","artificial",NA,NA,NA,NA,NA,NA,NA,NA
"2798","870305",2,"resources/real_fg_memory_images/fg29.jpg","artificial",NA,NA,NA,NA,NA,NA,NA,NA
"2799","870305",5,"resources/real_fg_memory_images/orig2.jpg","real",NA,NA,NA,NA,NA,NA,NA,NA
"2800","870305",6,"resources/real_fg_memory_images/orig9.jpg","real",NA,NA,NA,NA,NA,NA,NA,NA
"2801","870305",7,"resources/real_fg_memory_images/orig6.jpg","real",NA,NA,NA,NA,NA,NA,NA,NA
"2802","870305",6,"resources/real_fg_memory_images/fg22.jpg","artificial",NA,NA,NA,NA,NA,NA,NA,NA
"2803","870305",4,"resources/real_fg_memory_images/orig7.jpg","real",NA,NA,NA,NA,NA,NA,NA,NA
"2804","870305",2,"resources/real_fg_memory_images/fg26.jpg","artificial",NA,NA,NA,NA,NA,NA,NA,NA
"2805","870305",1,"resources/real_fg_memory_images/fg20.jpg","artificial",NA,NA,NA,NA,NA,NA,NA,NA
"2806","870305",5,"resources/real_fg_memory_images/orig14.jpg","real",NA,NA,NA,NA,NA,NA,NA,NA
"2807","870305",4,"resources/real_fg_memory_images/fg28.jpg","artificial",NA,NA,NA,NA,NA,NA,NA,NA
"2808","870305",4,"resources/real_fg_memory_images/orig4.jpg","real",NA,NA,NA,NA,NA,NA,NA,NA
"2809","870305",2,"resources/real_fg_memory_images/fg23.jpg","artificial",NA,NA,NA,NA,NA,NA,NA,NA
"2810","870305",4,"resources/real_fg_memory_images/orig16.jpg","real",NA,NA,NA,NA,NA,NA,NA,NA
"2811","870305",5,"resources/real_fg_memory_images/orig11.jpg","real",NA,NA,NA,NA,NA,NA,NA,NA
"2812","870305",4,"resources/real_fg_memory_images/fg27.jpg","artificial",NA,NA,NA,NA,NA,NA,NA,NA
"2813","870305",2,"resources/real_fg_memory_images/fg35.jpg","artificial",NA,NA,NA,NA,NA,NA,NA,NA
"2814","870305",2,"resources/real_fg_memory_images/fg34.jpg","artificial",NA,NA,NA,NA,NA,NA,NA,NA
"2815","870305",NA,NA,NA,NA,NA,NA,NA,NA,NA,NA,NA
"2816","870305",NA,"resources/real_fg_memory_images/orig7.jpg",NA,"real","Scam",NA,NA,NA,NA,NA,NA
"2817","870305",NA,"resources/real_fg_memory_images/orig10.jpg",NA,"real","Scam",NA,NA,NA,NA,NA,NA
"2818","870305",NA,"resources/real_fg_memory_images/fg19.jpg",NA,"artificial","Neutral",NA,NA,NA,NA,NA,NA
"2819","870305",NA,"resources/real_fg_memory_images/fg27.jpg",NA,"artificial","Scam",NA,NA,NA,NA,NA,NA
"2820","870305",NA,"resources/real_fg_memory_images/fg20.jpg",NA,"artificial","Neutral",NA,NA,NA,NA,NA,NA
"2821","870305",NA,"resources/real_fg_memory_images/orig1.jpg",NA,"real","Neurtal",NA,NA,NA,NA,NA,NA
"2822","870305",NA,"resources/real_fg_memory_images/fg22.jpg",NA,"artificial","Neutral",NA,NA,NA,NA,NA,NA
"2823","870305",NA,"resources/real_fg_memory_images/orig6.jpg",NA,"real","Neutral",NA,NA,NA,NA,NA,NA
"2824","870305",NA,"resources/real_fg_memory_images/orig2.jpg",NA,"real","Neutral",NA,NA,NA,NA,NA,NA
"2825","870305",NA,"resources/real_fg_memory_images/orig8.jpg",NA,"real","Scam",NA,NA,NA,NA,NA,NA
"2826","870305",NA,"resources/real_fg_memory_images/orig9.jpg",NA,"real","Scam",NA,NA,NA,NA,NA,NA
"2827","870305",NA,"resources/real_fg_memory_images/fg23.jpg",NA,"artificial","Neutral",NA,NA,NA,NA,NA,NA
"2828","870305",NA,"resources/real_fg_memory_images/orig11.jpg",NA,"real","Scam",NA,NA,NA,NA,NA,NA
"2829","870305",NA,"resources/real_fg_memory_images/fg26.jpg",NA,"artificial","Scam",NA,NA,NA,NA,NA,NA
"2830","870305",NA,"resources/real_fg_memory_images/fg28.jpg",NA,"artificial","Scam",NA,NA,NA,NA,NA,NA
"2831","870305",NA,"resources/real_fg_memory_images/orig5.jpg",NA,"real","Neutral",NA,NA,NA,NA,NA,NA
"2832","870305",NA,"resources/real_fg_memory_images/orig12.jpg",NA,"real","Scam",NA,NA,NA,NA,NA,NA
"2833","870305",NA,"resources/real_fg_memory_images/orig4.jpg",NA,"real","Neutral",NA,NA,NA,NA,NA,NA
"2834","870305",NA,"resources/real_fg_memory_images/fg21.jpg",NA,"artificial","Neutral",NA,NA,NA,NA,NA,NA
"2835","870305",NA,"resources/real_fg_memory_images/orig3.jpg",NA,"real","Neutral",NA,NA,NA,NA,NA,NA
"2836","870305",NA,"resources/real_fg_memory_images/fg29.jpg",NA,"artificial","Scam",NA,NA,NA,NA,NA,NA
"2837","870305",NA,"resources/real_fg_memory_images/fg30.jpg",NA,"artificial","Scam",NA,NA,NA,NA,NA,NA
"2838","870305",NA,"resources/real_fg_memory_images/fg24.jpg",NA,"artificial","Neutral",NA,NA,NA,NA,NA,NA
"2839","870305",NA,"resources/real_fg_memory_images/fg25.jpg",NA,"artificial","Scam",NA,NA,NA,NA,NA,NA
"2840","870305",NA,NA,NA,NA,NA,NA,NA,NA,NA,NA,NA
"2841","870305",NA,"resources/real_fg_memory_images/fg25.jpg",NA,"artificial","Scam","[""neutral_button""]","2",NA,NA,NA,NA
"2842","870305",NA,"resources/real_fg_memory_images/fg21.jpg",NA,"artificial","Neutral","[""neutral_button""]","2",NA,NA,NA,NA
"2843","870305",NA,"resources/real_fg_memory_images/orig1.jpg",NA,"real","Neurtal","[""neutral_button""]","8",NA,NA,NA,NA
"2844","870305",NA,"resources/real_fg_memory_images/fg23.jpg",NA,"artificial","Neutral","[""scam_button""]","2",NA,NA,NA,NA
"2845","870305",NA,"resources/real_fg_memory_images/orig4.jpg",NA,"real","Neutral","[""neutral_button""]","5",NA,NA,NA,NA
"2846","870305",NA,"resources/real_fg_memory_images/orig12.jpg",NA,"real","Scam","[""scam_button""]","6",NA,NA,NA,NA
"2847","870305",NA,"resources/real_fg_memory_images/orig5.jpg",NA,"real","Neutral","[""scam_button""]","4",NA,NA,NA,NA
"2848","870305",NA,"resources/real_fg_memory_images/orig11.jpg",NA,"real","Scam","[""neutral_button""]","2",NA,NA,NA,NA
"2849","870305",NA,"resources/real_fg_memory_images/orig7.jpg",NA,"real","Scam","[""scam_button""]","7",NA,NA,NA,NA
"2850","870305",NA,"resources/real_fg_memory_images/fg26.jpg",NA,"artificial","Scam","[""neutral_button""]","5",NA,NA,NA,NA
"2851","870305",NA,"resources/real_fg_memory_images/orig9.jpg",NA,"real","Scam","[""neutral_button""]","2",NA,NA,NA,NA
"2852","870305",NA,"resources/real_fg_memory_images/orig6.jpg",NA,"real","Neutral","[""neutral_button""]","2",NA,NA,NA,NA
"2853","870305",NA,"resources/real_fg_memory_images/fg24.jpg",NA,"artificial","Neutral","[""scam_button""]","5",NA,NA,NA,NA
"2854","870305",NA,"resources/real_fg_memory_images/orig2.jpg",NA,"real","Neutral","[""neutral_button""]","2",NA,NA,NA,NA
"2855","870305",NA,"resources/real_fg_memory_images/orig10.jpg",NA,"real","Scam","[""neutral_button""]","2",NA,NA,NA,NA
"2856","870305",NA,"resources/real_fg_memory_images/orig3.jpg",NA,"real","Neutral","[""scam_button""]","2",NA,NA,NA,NA
"2857","870305",NA,"resources/real_fg_memory_images/fg27.jpg",NA,"artificial","Scam","[""scam_button""]","5",NA,NA,NA,NA
"2858","870305",NA,"resources/real_fg_memory_images/fg28.jpg",NA,"artificial","Scam","[""scam_button""]","1",NA,NA,NA,NA
"2859","870305",NA,"resources/real_fg_memory_images/fg29.jpg",NA,"artificial","Scam","[""neutral_button""]","2",NA,NA,NA,NA
"2860","870305",NA,"resources/real_fg_memory_images/fg22.jpg",NA,"artificial","Neutral","[""neutral_button""]","8",NA,NA,NA,NA
"2861","870305",NA,"resources/real_fg_memory_images/fg20.jpg",NA,"artificial","Neutral","[""neutral_button""]","1",NA,NA,NA,NA
"2862","870305",NA,"resources/real_fg_memory_images/fg30.jpg",NA,"artificial","Scam","[""neutral_button""]","2",NA,NA,NA,NA
"2863","870305",NA,"resources/real_fg_memory_images/fg19.jpg",NA,"artificial","Neutral","[""neutral_button""]","2",NA,NA,NA,NA
"2864","870305",NA,"resources/real_fg_memory_images/orig8.jpg",NA,"real","Scam","[""scam_button""]","3",NA,NA,NA,NA
"2865","870305",NA,NA,NA,NA,NA,NA,NA,NA,NA,NA,NA
"2866","870305",7,"resources/real_fg_memory_images/orig16.jpg","real",NA,NA,NA,NA,NA,NA,NA,NA
"2867","870305",5,"resources/real_fg_memory_images/orig17.jpg","real",NA,NA,NA,NA,NA,NA,NA,NA
"2868","870305",4,"resources/real_fg_memory_images/orig5.jpg","real",NA,NA,NA,NA,NA,NA,NA,NA
"2869","870305",2,"resources/real_fg_memory_images/fg35.jpg","artificial",NA,NA,NA,NA,NA,NA,NA,NA
"2870","870305",1,"resources/real_fg_memory_images/fg20.jpg","artificial",NA,NA,NA,NA,NA,NA,NA,NA
"2871","870305",6,"resources/real_fg_memory_images/orig14.jpg","real",NA,NA,NA,NA,NA,NA,NA,NA
"2872","870305",1,"resources/real_fg_memory_images/orig7.jpg","real",NA,NA,NA,NA,NA,NA,NA,NA
"2873","870305",2,"resources/real_fg_memory_images/fg36.jpg","artificial",NA,NA,NA,NA,NA,NA,NA,NA
"2874","870305",5,"resources/real_fg_memory_images/orig11.jpg","real",NA,NA,NA,NA,NA,NA,NA,NA
"2875","870305",2,"resources/real_fg_memory_images/fg27.jpg","artificial",NA,NA,NA,NA,NA,NA,NA,NA
"2876","870305",1,"resources/real_fg_memory_images/fg30.jpg","artificial",NA,NA,NA,NA,NA,NA,NA,NA
"2877","870305",5,"resources/real_fg_memory_images/fg22.jpg","artificial",NA,NA,NA,NA,NA,NA,NA,NA
"2878","870305",1,"resources/real_fg_memory_images/fg23.jpg","artificial",NA,NA,NA,NA,NA,NA,NA,NA
"2879","870305",7,"resources/real_fg_memory_images/orig6.jpg","real",NA,NA,NA,NA,NA,NA,NA,NA
"2880","870305",1,"resources/real_fg_memory_images/fg19.jpg","artificial",NA,NA,NA,NA,NA,NA,NA,NA
"2881","870305",4,"resources/real_fg_memory_images/orig10.jpg","real",NA,NA,NA,NA,NA,NA,NA,NA
"2882","870305",3,"resources/real_fg_memory_images/orig13.jpg","real",NA,NA,NA,NA,NA,NA,NA,NA
"2883","870305",1,"resources/real_fg_memory_images/fg24.jpg","artificial",NA,NA,NA,NA,NA,NA,NA,NA
"2884","870305",1,"resources/real_fg_memory_images/fg34.jpg","artificial",NA,NA,NA,NA,NA,NA,NA,NA
"2885","870305",5,"resources/real_fg_memory_images/orig2.jpg","real",NA,NA,NA,NA,NA,NA,NA,NA
"2886","870305",5,"resources/real_fg_memory_images/orig3.jpg","real",NA,NA,NA,NA,NA,NA,NA,NA
"2887","870305",4,"resources/real_fg_memory_images/orig1.jpg","real",NA,NA,NA,NA,NA,NA,NA,NA
"2888","870305",5,"resources/real_fg_memory_images/orig4.jpg","real",NA,NA,NA,NA,NA,NA,NA,NA
"2889","870305",4,"resources/real_fg_memory_images/orig18.jpg","real",NA,NA,NA,NA,NA,NA,NA,NA
"2890","870305",1,"resources/real_fg_memory_images/fg33.jpg","artificial",NA,NA,NA,NA,NA,NA,NA,NA
"2891","870305",1,"resources/real_fg_memory_images/fg26.jpg","artificial",NA,NA,NA,NA,NA,NA,NA,NA
"2892","870305",1,"resources/real_fg_memory_images/fg25.jpg","artificial",NA,NA,NA,NA,NA,NA,NA,NA
"2893","870305",5,"resources/real_fg_memory_images/orig12.jpg","real",NA,NA,NA,NA,NA,NA,NA,NA
"2894","870305",1,"resources/real_fg_memory_images/fg28.jpg","artificial",NA,NA,NA,NA,NA,NA,NA,NA
"2895","870305",6,"resources/real_fg_memory_images/fg29.jpg","artificial",NA,NA,NA,NA,NA,NA,NA,NA
"2896","870305",7,"resources/real_fg_memory_images/orig9.jpg","real",NA,NA,NA,NA,NA,NA,NA,NA
"2897","870305",5,"resources/real_fg_memory_images/orig15.jpg","real",NA,NA,NA,NA,NA,NA,NA,NA
"2898","870305",6,"resources/real_fg_memory_images/orig8.jpg","real",NA,NA,NA,NA,NA,NA,NA,NA
"2899","870305",2,"resources/real_fg_memory_images/fg21.jpg","artificial",NA,NA,NA,NA,NA,NA,NA,NA
"2900","870305",1,"resources/real_fg_memory_images/fg32.jpg","artificial",NA,NA,NA,NA,NA,NA,NA,NA
"2901","870305",5,"resources/real_fg_memory_images/fg31.jpg","artificial",NA,NA,NA,NA,NA,NA,NA,NA
"2902","870305",NA,NA,NA,NA,NA,NA,NA,NA,NA,NA,NA
"2903","870305",NA,NA,NA,NA,NA,NA,NA,4,"If something sounds too good to be true, it usually is",NA,NA
"2904","870305",NA,NA,NA,NA,NA,NA,NA,3,"Persons over the age of 65 are often targeted by con-artists",NA,NA
"2905","870305",NA,NA,NA,NA,NA,NA,NA,1,"I have difficulty ending a phone call, even if the caller is a telemarketer, someone I do not know, or someone I do not wish to call me",NA,NA
"2906","870305",NA,NA,NA,NA,NA,NA,NA,1,"If a telemarketer calls me, I usually listen to what they have to say",NA,NA
"2907","870305",NA,NA,NA,NA,NA,NA,NA,1,"I answer the phone whenever it rings, even if I do not know who is calling",NA,NA
"2908","870305",NA,NA,NA,NA,NA,NA,NA,NA,NA,NA,NA
"2909","870305",NA,NA,NA,NA,NA,NA,NA,NA,NA,"[""female_option""]",NA
"2910","870305",NA,NA,NA,NA,NA,NA,NA,NA,NA,NA,18
"2911","870305",NA,NA,NA,NA,NA,NA,NA,NA,NA,NA,NA
"2912","870305",NA,NA,NA,NA,NA,NA,NA,NA,NA,NA,NA
"2913","870305",NA,NA,NA,NA,NA,NA,NA,NA,NA,NA,NA
"2914","870305",NA,NA,NA,NA,NA,NA,NA,NA,NA,NA,NA
"2915","870305",NA,NA,NA,NA,NA,NA,NA,NA,NA,NA,NA
"2916","870305",NA,NA,NA,NA,NA,NA,NA,NA,NA,NA,NA
"2917","870305",NA,NA,NA,NA,NA,NA,NA,NA,NA,NA,NA
"2918","870305",NA,NA,NA,NA,NA,NA,NA,NA,NA,NA,NA
"2919","870305",NA,NA,NA,NA,NA,NA,NA,NA,NA,NA,NA
"2920","870305",NA,NA,NA,NA,NA,NA,NA,NA,NA,NA,NA
"2921","877512",NA,NA,NA,NA,NA,NA,NA,NA,NA,NA,NA
"2922","877512",NA,NA,NA,NA,NA,NA,NA,NA,NA,NA,NA
"2923","877512",NA,NA,NA,NA,NA,NA,NA,NA,NA,NA,NA
"2924","877512",NA,NA,NA,NA,NA,NA,NA,NA,NA,NA,NA
"2925","877512",9,"resources/real_fg_memory_images/orig15.jpg","real",NA,NA,NA,NA,NA,NA,NA,NA
"2926","877512",0,"resources/real_fg_memory_images/fg20.jpg","artificial",NA,NA,NA,NA,NA,NA,NA,NA
"2927","877512",5,"resources/real_fg_memory_images/orig4.jpg","real",NA,NA,NA,NA,NA,NA,NA,NA
"2928","877512",2,"resources/real_fg_memory_images/fg22.jpg","artificial",NA,NA,NA,NA,NA,NA,NA,NA
"2929","877512",6,"resources/real_fg_memory_images/orig14.jpg","real",NA,NA,NA,NA,NA,NA,NA,NA
"2930","877512",3,"resources/real_fg_memory_images/orig2.jpg","real",NA,NA,NA,NA,NA,NA,NA,NA
"2931","877512",5,"resources/real_fg_memory_images/orig17.jpg","real",NA,NA,NA,NA,NA,NA,NA,NA
"2932","877512",4,"resources/real_fg_memory_images/orig11.jpg","real",NA,NA,NA,NA,NA,NA,NA,NA
"2933","877512",2,"resources/real_fg_memory_images/fg30.jpg","artificial",NA,NA,NA,NA,NA,NA,NA,NA
"2934","877512",3,"resources/real_fg_memory_images/fg34.jpg","artificial",NA,NA,NA,NA,NA,NA,NA,NA
"2935","877512",5,"resources/real_fg_memory_images/fg21.jpg","artificial",NA,NA,NA,NA,NA,NA,NA,NA
"2936","877512",4,"resources/real_fg_memory_images/fg31.jpg","artificial",NA,NA,NA,NA,NA,NA,NA,NA
"2937","877512",1,"resources/real_fg_memory_images/orig5.jpg","real",NA,NA,NA,NA,NA,NA,NA,NA
"2938","877512",1,"resources/real_fg_memory_images/orig9.jpg","real",NA,NA,NA,NA,NA,NA,NA,NA
"2939","877512",0,"resources/real_fg_memory_images/orig12.jpg","real",NA,NA,NA,NA,NA,NA,NA,NA
"2940","877512",6,"resources/real_fg_memory_images/fg19.jpg","artificial",NA,NA,NA,NA,NA,NA,NA,NA
"2941","877512",5,"resources/real_fg_memory_images/orig6.jpg","real",NA,NA,NA,NA,NA,NA,NA,NA
"2942","877512",1,"resources/real_fg_memory_images/fg32.jpg","artificial",NA,NA,NA,NA,NA,NA,NA,NA
"2943","877512",1,"resources/real_fg_memory_images/orig1.jpg","real",NA,NA,NA,NA,NA,NA,NA,NA
"2944","877512",0,"resources/real_fg_memory_images/orig10.jpg","real",NA,NA,NA,NA,NA,NA,NA,NA
"2945","877512",2,"resources/real_fg_memory_images/fg24.jpg","artificial",NA,NA,NA,NA,NA,NA,NA,NA
"2946","877512",1,"resources/real_fg_memory_images/orig8.jpg","real",NA,NA,NA,NA,NA,NA,NA,NA
"2947","877512",0,"resources/real_fg_memory_images/fg35.jpg","artificial",NA,NA,NA,NA,NA,NA,NA,NA
"2948","877512",0,"resources/real_fg_memory_images/fg33.jpg","artificial",NA,NA,NA,NA,NA,NA,NA,NA
"2949","877512",1,"resources/real_fg_memory_images/fg27.jpg","artificial",NA,NA,NA,NA,NA,NA,NA,NA
"2950","877512",2,"resources/real_fg_memory_images/fg26.jpg","artificial",NA,NA,NA,NA,NA,NA,NA,NA
"2951","877512",7,"resources/real_fg_memory_images/orig18.jpg","real",NA,NA,NA,NA,NA,NA,NA,NA
"2952","877512",5,"resources/real_fg_memory_images/fg36.jpg","artificial",NA,NA,NA,NA,NA,NA,NA,NA
"2953","877512",6,"resources/real_fg_memory_images/orig13.jpg","real",NA,NA,NA,NA,NA,NA,NA,NA
"2954","877512",7,"resources/real_fg_memory_images/fg29.jpg","artificial",NA,NA,NA,NA,NA,NA,NA,NA
"2955","877512",3,"resources/real_fg_memory_images/fg23.jpg","artificial",NA,NA,NA,NA,NA,NA,NA,NA
"2956","877512",8,"resources/real_fg_memory_images/orig16.jpg","real",NA,NA,NA,NA,NA,NA,NA,NA
"2957","877512",4,"resources/real_fg_memory_images/orig3.jpg","real",NA,NA,NA,NA,NA,NA,NA,NA
"2958","877512",8,"resources/real_fg_memory_images/fg28.jpg","artificial",NA,NA,NA,NA,NA,NA,NA,NA
"2959","877512",33,"resources/real_fg_memory_images/orig7.jpg","real",NA,NA,NA,NA,NA,NA,NA,NA
"2960","877512",1,"resources/real_fg_memory_images/fg25.jpg","artificial",NA,NA,NA,NA,NA,NA,NA,NA
"2961","877512",NA,NA,NA,NA,NA,NA,NA,NA,NA,NA,NA
"2962","877512",NA,"resources/real_fg_memory_images/fg27.jpg",NA,"artificial","Scam",NA,NA,NA,NA,NA,NA
"2963","877512",NA,"resources/real_fg_memory_images/orig12.jpg",NA,"real","Scam",NA,NA,NA,NA,NA,NA
"2964","877512",NA,"resources/real_fg_memory_images/fg21.jpg",NA,"artificial","Neutral",NA,NA,NA,NA,NA,NA
"2965","877512",NA,"resources/real_fg_memory_images/orig11.jpg",NA,"real","Scam",NA,NA,NA,NA,NA,NA
"2966","877512",NA,"resources/real_fg_memory_images/orig7.jpg",NA,"real","Scam",NA,NA,NA,NA,NA,NA
"2967","877512",NA,"resources/real_fg_memory_images/fg28.jpg",NA,"artificial","Scam",NA,NA,NA,NA,NA,NA
"2968","877512",NA,"resources/real_fg_memory_images/orig2.jpg",NA,"real","Neutral",NA,NA,NA,NA,NA,NA
"2969","877512",NA,"resources/real_fg_memory_images/fg23.jpg",NA,"artificial","Neutral",NA,NA,NA,NA,NA,NA
"2970","877512",NA,"resources/real_fg_memory_images/orig9.jpg",NA,"real","Scam",NA,NA,NA,NA,NA,NA
"2971","877512",NA,"resources/real_fg_memory_images/fg20.jpg",NA,"artificial","Neutral",NA,NA,NA,NA,NA,NA
"2972","877512",NA,"resources/real_fg_memory_images/fg24.jpg",NA,"artificial","Neutral",NA,NA,NA,NA,NA,NA
"2973","877512",NA,"resources/real_fg_memory_images/orig3.jpg",NA,"real","Neutral",NA,NA,NA,NA,NA,NA
"2974","877512",NA,"resources/real_fg_memory_images/orig6.jpg",NA,"real","Neutral",NA,NA,NA,NA,NA,NA
"2975","877512",NA,"resources/real_fg_memory_images/orig10.jpg",NA,"real","Scam",NA,NA,NA,NA,NA,NA
"2976","877512",NA,"resources/real_fg_memory_images/orig8.jpg",NA,"real","Scam",NA,NA,NA,NA,NA,NA
"2977","877512",NA,"resources/real_fg_memory_images/orig1.jpg",NA,"real","Neurtal",NA,NA,NA,NA,NA,NA
"2978","877512",NA,"resources/real_fg_memory_images/fg30.jpg",NA,"artificial","Scam",NA,NA,NA,NA,NA,NA
"2979","877512",NA,"resources/real_fg_memory_images/fg26.jpg",NA,"artificial","Scam",NA,NA,NA,NA,NA,NA
"2980","877512",NA,"resources/real_fg_memory_images/fg25.jpg",NA,"artificial","Scam",NA,NA,NA,NA,NA,NA
"2981","877512",NA,"resources/real_fg_memory_images/fg29.jpg",NA,"artificial","Scam",NA,NA,NA,NA,NA,NA
"2982","877512",NA,"resources/real_fg_memory_images/fg19.jpg",NA,"artificial","Neutral",NA,NA,NA,NA,NA,NA
"2983","877512",NA,"resources/real_fg_memory_images/orig4.jpg",NA,"real","Neutral",NA,NA,NA,NA,NA,NA
"2984","877512",NA,"resources/real_fg_memory_images/orig5.jpg",NA,"real","Neutral",NA,NA,NA,NA,NA,NA
"2985","877512",NA,"resources/real_fg_memory_images/fg22.jpg",NA,"artificial","Neutral",NA,NA,NA,NA,NA,NA
"2986","877512",NA,NA,NA,NA,NA,NA,NA,NA,NA,NA,NA
"2987","877512",NA,"resources/real_fg_memory_images/orig9.jpg",NA,"real","Scam","[""neutral_button""]","0",NA,NA,NA,NA
"2988","877512",NA,"resources/real_fg_memory_images/orig8.jpg",NA,"real","Scam","[""scam_button""]","9",NA,NA,NA,NA
"2989","877512",NA,"resources/real_fg_memory_images/fg23.jpg",NA,"artificial","Neutral","[""neutral_button""]","5",NA,NA,NA,NA
"2990","877512",NA,"resources/real_fg_memory_images/fg27.jpg",NA,"artificial","Scam","[""neutral_button""]","0",NA,NA,NA,NA
"2991","877512",NA,"resources/real_fg_memory_images/orig6.jpg",NA,"real","Neutral","[""neutral_button""]","10",NA,NA,NA,NA
"2992","877512",NA,"resources/real_fg_memory_images/fg30.jpg",NA,"artificial","Scam","[""scam_button""]","10",NA,NA,NA,NA
"2993","877512",NA,"resources/real_fg_memory_images/fg28.jpg",NA,"artificial","Scam","[""scam_button""]","10",NA,NA,NA,NA
"2994","877512",NA,"resources/real_fg_memory_images/orig3.jpg",NA,"real","Neutral","[""neutral_button""]","10",NA,NA,NA,NA
"2995","877512",NA,"resources/real_fg_memory_images/orig2.jpg",NA,"real","Neutral","[""scam_button""]","5",NA,NA,NA,NA
"2996","877512",NA,"resources/real_fg_memory_images/fg24.jpg",NA,"artificial","Neutral","[""scam_button""]","6",NA,NA,NA,NA
"2997","877512",NA,"resources/real_fg_memory_images/fg20.jpg",NA,"artificial","Neutral","[""neutral_button""]","8",NA,NA,NA,NA
"2998","877512",NA,"resources/real_fg_memory_images/fg21.jpg",NA,"artificial","Neutral","[""scam_button""]","0",NA,NA,NA,NA
"2999","877512",NA,"resources/real_fg_memory_images/orig11.jpg",NA,"real","Scam","[""neutral_button""]","0",NA,NA,NA,NA
"3000","877512",NA,"resources/real_fg_memory_images/fg22.jpg",NA,"artificial","Neutral","[""neutral_button""]","0",NA,NA,NA,NA
"3001","877512",NA,"resources/real_fg_memory_images/fg25.jpg",NA,"artificial","Scam","[""scam_button""]","10",NA,NA,NA,NA
"3002","877512",NA,"resources/real_fg_memory_images/fg19.jpg",NA,"artificial","Neutral","[""scam_button""]","10",NA,NA,NA,NA
"3003","877512",NA,"resources/real_fg_memory_images/fg29.jpg",NA,"artificial","Scam","[""scam_button""]","8",NA,NA,NA,NA
"3004","877512",NA,"resources/real_fg_memory_images/fg26.jpg",NA,"artificial","Scam","[""neutral_button""]","0",NA,NA,NA,NA
"3005","877512",NA,"resources/real_fg_memory_images/orig10.jpg",NA,"real","Scam","[""scam_button""]","10",NA,NA,NA,NA
"3006","877512",NA,"resources/real_fg_memory_images/orig4.jpg",NA,"real","Neutral","[""neutral_button""]","8",NA,NA,NA,NA
"3007","877512",NA,"resources/real_fg_memory_images/orig12.jpg",NA,"real","Scam","[""scam_button""]","10",NA,NA,NA,NA
"3008","877512",NA,"resources/real_fg_memory_images/orig7.jpg",NA,"real","Scam","[""neutral_button""]","0",NA,NA,NA,NA
"3009","877512",NA,"resources/real_fg_memory_images/orig5.jpg",NA,"real","Neutral","[""neutral_button""]","10",NA,NA,NA,NA
"3010","877512",NA,"resources/real_fg_memory_images/orig1.jpg",NA,"real","Neurtal","[""scam_button""]","0",NA,NA,NA,NA
"3011","877512",NA,NA,NA,NA,NA,NA,NA,NA,NA,NA,NA
"3012","877512",10,"resources/real_fg_memory_images/orig3.jpg","real",NA,NA,NA,NA,NA,NA,NA,NA
"3013","877512",0,"resources/real_fg_memory_images/fg35.jpg","artificial",NA,NA,NA,NA,NA,NA,NA,NA
"3014","877512",0,"resources/real_fg_memory_images/orig8.jpg","real",NA,NA,NA,NA,NA,NA,NA,NA
"3015","877512",0,"resources/real_fg_memory_images/fg27.jpg","artificial",NA,NA,NA,NA,NA,NA,NA,NA
"3016","877512",10,"resources/real_fg_memory_images/fg20.jpg","artificial",NA,NA,NA,NA,NA,NA,NA,NA
"3017","877512",0,"resources/real_fg_memory_images/orig12.jpg","real",NA,NA,NA,NA,NA,NA,NA,NA
"3018","877512",10,"resources/real_fg_memory_images/fg26.jpg","artificial",NA,NA,NA,NA,NA,NA,NA,NA
"3019","877512",10,"resources/real_fg_memory_images/orig16.jpg","real",NA,NA,NA,NA,NA,NA,NA,NA
"3020","877512",10,"resources/real_fg_memory_images/fg24.jpg","artificial",NA,NA,NA,NA,NA,NA,NA,NA
"3021","877512",0,"resources/real_fg_memory_images/orig6.jpg","real",NA,NA,NA,NA,NA,NA,NA,NA
"3022","877512",10,"resources/real_fg_memory_images/orig17.jpg","real",NA,NA,NA,NA,NA,NA,NA,NA
"3023","877512",0,"resources/real_fg_memory_images/fg22.jpg","artificial",NA,NA,NA,NA,NA,NA,NA,NA
"3024","877512",0,"resources/real_fg_memory_images/fg34.jpg","artificial",NA,NA,NA,NA,NA,NA,NA,NA
"3025","877512",0,"resources/real_fg_memory_images/orig7.jpg","real",NA,NA,NA,NA,NA,NA,NA,NA
"3026","877512",10,"resources/real_fg_memory_images/orig14.jpg","real",NA,NA,NA,NA,NA,NA,NA,NA
"3027","877512",0,"resources/real_fg_memory_images/fg21.jpg","artificial",NA,NA,NA,NA,NA,NA,NA,NA
"3028","877512",10,"resources/real_fg_memory_images/fg29.jpg","artificial",NA,NA,NA,NA,NA,NA,NA,NA
"3029","877512",10,"resources/real_fg_memory_images/orig18.jpg","real",NA,NA,NA,NA,NA,NA,NA,NA
"3030","877512",0,"resources/real_fg_memory_images/orig9.jpg","real",NA,NA,NA,NA,NA,NA,NA,NA
"3031","877512",0,"resources/real_fg_memory_images/orig4.jpg","real",NA,NA,NA,NA,NA,NA,NA,NA
"3032","877512",0,"resources/real_fg_memory_images/orig5.jpg","real",NA,NA,NA,NA,NA,NA,NA,NA
"3033","877512",0,"resources/real_fg_memory_images/orig1.jpg","real",NA,NA,NA,NA,NA,NA,NA,NA
"3034","877512",0,"resources/real_fg_memory_images/fg36.jpg","artificial",NA,NA,NA,NA,NA,NA,NA,NA
"3035","877512",10,"resources/real_fg_memory_images/orig2.jpg","real",NA,NA,NA,NA,NA,NA,NA,NA
"3036","877512",0,"resources/real_fg_memory_images/fg23.jpg","artificial",NA,NA,NA,NA,NA,NA,NA,NA
"3037","877512",10,"resources/real_fg_memory_images/fg33.jpg","artificial",NA,NA,NA,NA,NA,NA,NA,NA
"3038","877512",0,"resources/real_fg_memory_images/orig10.jpg","real",NA,NA,NA,NA,NA,NA,NA,NA
"3039","877512",10,"resources/real_fg_memory_images/orig11.jpg","real",NA,NA,NA,NA,NA,NA,NA,NA
"3040","877512",0,"resources/real_fg_memory_images/fg30.jpg","artificial",NA,NA,NA,NA,NA,NA,NA,NA
"3041","877512",10,"resources/real_fg_memory_images/fg28.jpg","artificial",NA,NA,NA,NA,NA,NA,NA,NA
"3042","877512",0,"resources/real_fg_memory_images/fg25.jpg","artificial",NA,NA,NA,NA,NA,NA,NA,NA
"3043","877512",10,"resources/real_fg_memory_images/orig15.jpg","real",NA,NA,NA,NA,NA,NA,NA,NA
"3044","877512",0,"resources/real_fg_memory_images/fg32.jpg","artificial",NA,NA,NA,NA,NA,NA,NA,NA
"3045","877512",0,"resources/real_fg_memory_images/orig13.jpg","real",NA,NA,NA,NA,NA,NA,NA,NA
"3046","877512",0,"resources/real_fg_memory_images/fg31.jpg","artificial",NA,NA,NA,NA,NA,NA,NA,NA
"3047","877512",0,"resources/real_fg_memory_images/fg19.jpg","artificial",NA,NA,NA,NA,NA,NA,NA,NA
"3048","877512",NA,NA,NA,NA,NA,NA,NA,NA,NA,NA,NA
"3049","877512",NA,NA,NA,NA,NA,NA,NA,4,"If something sounds too good to be true, it usually is",NA,NA
"3050","877512",NA,NA,NA,NA,NA,NA,NA,4,"Persons over the age of 65 are often targeted by con-artists",NA,NA
"3051","877512",NA,NA,NA,NA,NA,NA,NA,1,"I answer the phone whenever it rings, even if I do not know who is calling",NA,NA
"3052","877512",NA,NA,NA,NA,NA,NA,NA,1,"If a telemarketer calls me, I usually listen to what they have to say",NA,NA
"3053","877512",NA,NA,NA,NA,NA,NA,NA,1,"I have difficulty ending a phone call, even if the caller is a telemarketer, someone I do not know, or someone I do not wish to call me",NA,NA
"3054","877512",NA,NA,NA,NA,NA,NA,NA,NA,NA,NA,NA
"3055","877512",NA,NA,NA,NA,NA,NA,NA,NA,NA,"[""female_option""]",NA
"3056","877512",NA,NA,NA,NA,NA,NA,NA,NA,NA,NA,19
"3057","877512",NA,NA,NA,NA,NA,NA,NA,NA,NA,NA,NA
"3058","877512",NA,NA,NA,NA,NA,NA,NA,NA,NA,NA,NA
"3059","877512",NA,NA,NA,NA,NA,NA,NA,NA,NA,NA,NA
"3060","877512",NA,NA,NA,NA,NA,NA,NA,NA,NA,NA,NA
"3061","877512",NA,NA,NA,NA,NA,NA,NA,NA,NA,NA,NA
"3062","877512",NA,NA,NA,NA,NA,NA,NA,NA,NA,NA,NA
"3063","877512",NA,NA,NA,NA,NA,NA,NA,NA,NA,NA,NA
"3064","877512",NA,NA,NA,NA,NA,NA,NA,NA,NA,NA,NA
"3065","877512",NA,NA,NA,NA,NA,NA,NA,NA,NA,NA,NA
"3066","877512",NA,NA,NA,NA,NA,NA,NA,NA,NA,NA,NA
"3067","886554",NA,NA,NA,NA,NA,NA,NA,NA,NA,NA,NA
"3068","886554",NA,NA,NA,NA,NA,NA,NA,NA,NA,NA,NA
"3069","886554",NA,NA,NA,NA,NA,NA,NA,NA,NA,NA,NA
"3070","886554",NA,NA,NA,NA,NA,NA,NA,NA,NA,NA,NA
"3071","886554",9,"resources/real_fg_memory_images/orig16.jpg","real",NA,NA,NA,NA,NA,NA,NA,NA
"3072","886554",7,"resources/real_fg_memory_images/orig13.jpg","real",NA,NA,NA,NA,NA,NA,NA,NA
"3073","886554",6,"resources/real_fg_memory_images/fg25.jpg","artificial",NA,NA,NA,NA,NA,NA,NA,NA
"3074","886554",6,"resources/real_fg_memory_images/fg30.jpg","artificial",NA,NA,NA,NA,NA,NA,NA,NA
"3075","886554",5,"resources/real_fg_memory_images/fg22.jpg","artificial",NA,NA,NA,NA,NA,NA,NA,NA
"3076","886554",5,"resources/real_fg_memory_images/orig15.jpg","real",NA,NA,NA,NA,NA,NA,NA,NA
"3077","886554",5,"resources/real_fg_memory_images/fg28.jpg","artificial",NA,NA,NA,NA,NA,NA,NA,NA
"3078","886554",7,"resources/real_fg_memory_images/fg19.jpg","artificial",NA,NA,NA,NA,NA,NA,NA,NA
"3079","886554",6,"resources/real_fg_memory_images/fg34.jpg","artificial",NA,NA,NA,NA,NA,NA,NA,NA
"3080","886554",6,"resources/real_fg_memory_images/orig12.jpg","real",NA,NA,NA,NA,NA,NA,NA,NA
"3081","886554",5,"resources/real_fg_memory_images/orig11.jpg","real",NA,NA,NA,NA,NA,NA,NA,NA
"3082","886554",6,"resources/real_fg_memory_images/fg32.jpg","artificial",NA,NA,NA,NA,NA,NA,NA,NA
"3083","886554",5,"resources/real_fg_memory_images/fg35.jpg","artificial",NA,NA,NA,NA,NA,NA,NA,NA
"3084","886554",6,"resources/real_fg_memory_images/fg26.jpg","artificial",NA,NA,NA,NA,NA,NA,NA,NA
"3085","886554",4,"resources/real_fg_memory_images/fg20.jpg","artificial",NA,NA,NA,NA,NA,NA,NA,NA
"3086","886554",6,"resources/real_fg_memory_images/orig4.jpg","real",NA,NA,NA,NA,NA,NA,NA,NA
"3087","886554",7,"resources/real_fg_memory_images/fg33.jpg","artificial",NA,NA,NA,NA,NA,NA,NA,NA
"3088","886554",6,"resources/real_fg_memory_images/fg24.jpg","artificial",NA,NA,NA,NA,NA,NA,NA,NA
"3089","886554",6,"resources/real_fg_memory_images/orig8.jpg","real",NA,NA,NA,NA,NA,NA,NA,NA
"3090","886554",5,"resources/real_fg_memory_images/orig9.jpg","real",NA,NA,NA,NA,NA,NA,NA,NA
"3091","886554",5,"resources/real_fg_memory_images/fg27.jpg","artificial",NA,NA,NA,NA,NA,NA,NA,NA
"3092","886554",6,"resources/real_fg_memory_images/orig10.jpg","real",NA,NA,NA,NA,NA,NA,NA,NA
"3093","886554",5,"resources/real_fg_memory_images/orig7.jpg","real",NA,NA,NA,NA,NA,NA,NA,NA
"3094","886554",6,"resources/real_fg_memory_images/fg29.jpg","artificial",NA,NA,NA,NA,NA,NA,NA,NA
"3095","886554",5,"resources/real_fg_memory_images/fg36.jpg","artificial",NA,NA,NA,NA,NA,NA,NA,NA
"3096","886554",6,"resources/real_fg_memory_images/orig3.jpg","real",NA,NA,NA,NA,NA,NA,NA,NA
"3097","886554",7,"resources/real_fg_memory_images/orig18.jpg","real",NA,NA,NA,NA,NA,NA,NA,NA
"3098","886554",7,"resources/real_fg_memory_images/orig14.jpg","real",NA,NA,NA,NA,NA,NA,NA,NA
"3099","886554",6,"resources/real_fg_memory_images/orig2.jpg","real",NA,NA,NA,NA,NA,NA,NA,NA
"3100","886554",5,"resources/real_fg_memory_images/fg23.jpg","artificial",NA,NA,NA,NA,NA,NA,NA,NA
"3101","886554",4,"resources/real_fg_memory_images/fg31.jpg","artificial",NA,NA,NA,NA,NA,NA,NA,NA
"3102","886554",7,"resources/real_fg_memory_images/orig6.jpg","real",NA,NA,NA,NA,NA,NA,NA,NA
"3103","886554",6,"resources/real_fg_memory_images/orig17.jpg","real",NA,NA,NA,NA,NA,NA,NA,NA
"3104","886554",5,"resources/real_fg_memory_images/orig1.jpg","real",NA,NA,NA,NA,NA,NA,NA,NA
"3105","886554",5,"resources/real_fg_memory_images/orig5.jpg","real",NA,NA,NA,NA,NA,NA,NA,NA
"3106","886554",4,"resources/real_fg_memory_images/fg21.jpg","artificial",NA,NA,NA,NA,NA,NA,NA,NA
"3107","886554",NA,NA,NA,NA,NA,NA,NA,NA,NA,NA,NA
"3108","886554",NA,"resources/real_fg_memory_images/fg26.jpg",NA,"artificial","Scam",NA,NA,NA,NA,NA,NA
"3109","886554",NA,"resources/real_fg_memory_images/orig4.jpg",NA,"real","Neutral",NA,NA,NA,NA,NA,NA
"3110","886554",NA,"resources/real_fg_memory_images/orig12.jpg",NA,"real","Scam",NA,NA,NA,NA,NA,NA
"3111","886554",NA,"resources/real_fg_memory_images/fg22.jpg",NA,"artificial","Neutral",NA,NA,NA,NA,NA,NA
"3112","886554",NA,"resources/real_fg_memory_images/orig8.jpg",NA,"real","Scam",NA,NA,NA,NA,NA,NA
"3113","886554",NA,"resources/real_fg_memory_images/fg29.jpg",NA,"artificial","Scam",NA,NA,NA,NA,NA,NA
"3114","886554",NA,"resources/real_fg_memory_images/fg23.jpg",NA,"artificial","Neutral",NA,NA,NA,NA,NA,NA
"3115","886554",NA,"resources/real_fg_memory_images/fg20.jpg",NA,"artificial","Neutral",NA,NA,NA,NA,NA,NA
"3116","886554",NA,"resources/real_fg_memory_images/orig5.jpg",NA,"real","Neutral",NA,NA,NA,NA,NA,NA
"3117","886554",NA,"resources/real_fg_memory_images/orig11.jpg",NA,"real","Scam",NA,NA,NA,NA,NA,NA
"3118","886554",NA,"resources/real_fg_memory_images/fg24.jpg",NA,"artificial","Neutral",NA,NA,NA,NA,NA,NA
"3119","886554",NA,"resources/real_fg_memory_images/orig10.jpg",NA,"real","Scam",NA,NA,NA,NA,NA,NA
"3120","886554",NA,"resources/real_fg_memory_images/orig6.jpg",NA,"real","Neutral",NA,NA,NA,NA,NA,NA
"3121","886554",NA,"resources/real_fg_memory_images/orig1.jpg",NA,"real","Neurtal",NA,NA,NA,NA,NA,NA
"3122","886554",NA,"resources/real_fg_memory_images/fg21.jpg",NA,"artificial","Neutral",NA,NA,NA,NA,NA,NA
"3123","886554",NA,"resources/real_fg_memory_images/fg30.jpg",NA,"artificial","Scam",NA,NA,NA,NA,NA,NA
"3124","886554",NA,"resources/real_fg_memory_images/fg27.jpg",NA,"artificial","Scam",NA,NA,NA,NA,NA,NA
"3125","886554",NA,"resources/real_fg_memory_images/fg19.jpg",NA,"artificial","Neutral",NA,NA,NA,NA,NA,NA
"3126","886554",NA,"resources/real_fg_memory_images/orig9.jpg",NA,"real","Scam",NA,NA,NA,NA,NA,NA
"3127","886554",NA,"resources/real_fg_memory_images/fg28.jpg",NA,"artificial","Scam",NA,NA,NA,NA,NA,NA
"3128","886554",NA,"resources/real_fg_memory_images/orig7.jpg",NA,"real","Scam",NA,NA,NA,NA,NA,NA
"3129","886554",NA,"resources/real_fg_memory_images/fg25.jpg",NA,"artificial","Scam",NA,NA,NA,NA,NA,NA
"3130","886554",NA,"resources/real_fg_memory_images/orig2.jpg",NA,"real","Neutral",NA,NA,NA,NA,NA,NA
"3131","886554",NA,"resources/real_fg_memory_images/orig3.jpg",NA,"real","Neutral",NA,NA,NA,NA,NA,NA
"3132","886554",NA,NA,NA,NA,NA,NA,NA,NA,NA,NA,NA
"3133","886554",NA,"resources/real_fg_memory_images/fg29.jpg",NA,"artificial","Scam","[""scam_button""]","8",NA,NA,NA,NA
"3134","886554",NA,"resources/real_fg_memory_images/orig5.jpg",NA,"real","Neutral","[""neutral_button""]","10",NA,NA,NA,NA
"3135","886554",NA,"resources/real_fg_memory_images/fg21.jpg",NA,"artificial","Neutral","[""scam_button""]","5",NA,NA,NA,NA
"3136","886554",NA,"resources/real_fg_memory_images/fg27.jpg",NA,"artificial","Scam","[""scam_button""]","10",NA,NA,NA,NA
"3137","886554",NA,"resources/real_fg_memory_images/orig7.jpg",NA,"real","Scam","[""scam_button""]","10",NA,NA,NA,NA
"3138","886554",NA,"resources/real_fg_memory_images/orig10.jpg",NA,"real","Scam","[""scam_button""]","6",NA,NA,NA,NA
"3139","886554",NA,"resources/real_fg_memory_images/fg30.jpg",NA,"artificial","Scam","[""neutral_button""]","8",NA,NA,NA,NA
"3140","886554",NA,"resources/real_fg_memory_images/fg23.jpg",NA,"artificial","Neutral","[""neutral_button""]","5",NA,NA,NA,NA
"3141","886554",NA,"resources/real_fg_memory_images/orig1.jpg",NA,"real","Neurtal","[""neutral_button""]","9",NA,NA,NA,NA
"3142","886554",NA,"resources/real_fg_memory_images/orig4.jpg",NA,"real","Neutral","[""neutral_button""]","7",NA,NA,NA,NA
"3143","886554",NA,"resources/real_fg_memory_images/fg20.jpg",NA,"artificial","Neutral","[""neutral_button""]","9",NA,NA,NA,NA
"3144","886554",NA,"resources/real_fg_memory_images/fg26.jpg",NA,"artificial","Scam","[""scam_button""]","9",NA,NA,NA,NA
"3145","886554",NA,"resources/real_fg_memory_images/orig3.jpg",NA,"real","Neutral","[""scam_button""]","10",NA,NA,NA,NA
"3146","886554",NA,"resources/real_fg_memory_images/orig6.jpg",NA,"real","Neutral","[""neutral_button""]","10",NA,NA,NA,NA
"3147","886554",NA,"resources/real_fg_memory_images/fg22.jpg",NA,"artificial","Neutral","[""neutral_button""]","10",NA,NA,NA,NA
"3148","886554",NA,"resources/real_fg_memory_images/orig11.jpg",NA,"real","Scam","[""scam_button""]","7",NA,NA,NA,NA
"3149","886554",NA,"resources/real_fg_memory_images/fg25.jpg",NA,"artificial","Scam","[""neutral_button""]","7",NA,NA,NA,NA
"3150","886554",NA,"resources/real_fg_memory_images/fg28.jpg",NA,"artificial","Scam","[""neutral_button""]","4",NA,NA,NA,NA
"3151","886554",NA,"resources/real_fg_memory_images/orig8.jpg",NA,"real","Scam","[""scam_button""]","10",NA,NA,NA,NA
"3152","886554",NA,"resources/real_fg_memory_images/fg24.jpg",NA,"artificial","Neutral","[""neutral_button""]","8",NA,NA,NA,NA
"3153","886554",NA,"resources/real_fg_memory_images/orig2.jpg",NA,"real","Neutral","[""neutral_button""]","10",NA,NA,NA,NA
"3154","886554",NA,"resources/real_fg_memory_images/orig12.jpg",NA,"real","Scam","[""neutral_button""]","10",NA,NA,NA,NA
"3155","886554",NA,"resources/real_fg_memory_images/orig9.jpg",NA,"real","Scam","[""neutral_button""]","10",NA,NA,NA,NA
"3156","886554",NA,"resources/real_fg_memory_images/fg19.jpg",NA,"artificial","Neutral","[""neutral_button""]","9",NA,NA,NA,NA
"3157","886554",NA,NA,NA,NA,NA,NA,NA,NA,NA,NA,NA
"3158","886554",7,"resources/real_fg_memory_images/orig17.jpg","real",NA,NA,NA,NA,NA,NA,NA,NA
"3159","886554",6,"resources/real_fg_memory_images/fg30.jpg","artificial",NA,NA,NA,NA,NA,NA,NA,NA
"3160","886554",6,"resources/real_fg_memory_images/fg36.jpg","artificial",NA,NA,NA,NA,NA,NA,NA,NA
"3161","886554",6,"resources/real_fg_memory_images/fg28.jpg","artificial",NA,NA,NA,NA,NA,NA,NA,NA
"3162","886554",4,"resources/real_fg_memory_images/fg25.jpg","artificial",NA,NA,NA,NA,NA,NA,NA,NA
"3163","886554",5,"resources/real_fg_memory_images/fg26.jpg","artificial",NA,NA,NA,NA,NA,NA,NA,NA
"3164","886554",4,"resources/real_fg_memory_images/fg35.jpg","artificial",NA,NA,NA,NA,NA,NA,NA,NA
"3165","886554",4,"resources/real_fg_memory_images/fg33.jpg","artificial",NA,NA,NA,NA,NA,NA,NA,NA
"3166","886554",4,"resources/real_fg_memory_images/fg32.jpg","artificial",NA,NA,NA,NA,NA,NA,NA,NA
"3167","886554",8,"resources/real_fg_memory_images/orig18.jpg","real",NA,NA,NA,NA,NA,NA,NA,NA
"3168","886554",5,"resources/real_fg_memory_images/orig9.jpg","real",NA,NA,NA,NA,NA,NA,NA,NA
"3169","886554",6,"resources/real_fg_memory_images/orig3.jpg","real",NA,NA,NA,NA,NA,NA,NA,NA
"3170","886554",7,"resources/real_fg_memory_images/orig16.jpg","real",NA,NA,NA,NA,NA,NA,NA,NA
"3171","886554",6,"resources/real_fg_memory_images/orig8.jpg","real",NA,NA,NA,NA,NA,NA,NA,NA
"3172","886554",5,"resources/real_fg_memory_images/orig11.jpg","real",NA,NA,NA,NA,NA,NA,NA,NA
"3173","886554",5,"resources/real_fg_memory_images/orig13.jpg","real",NA,NA,NA,NA,NA,NA,NA,NA
"3174","886554",6,"resources/real_fg_memory_images/orig10.jpg","real",NA,NA,NA,NA,NA,NA,NA,NA
"3175","886554",4,"resources/real_fg_memory_images/fg24.jpg","artificial",NA,NA,NA,NA,NA,NA,NA,NA
"3176","886554",5,"resources/real_fg_memory_images/fg31.jpg","artificial",NA,NA,NA,NA,NA,NA,NA,NA
"3177","886554",4,"resources/real_fg_memory_images/orig4.jpg","real",NA,NA,NA,NA,NA,NA,NA,NA
"3178","886554",5,"resources/real_fg_memory_images/orig7.jpg","real",NA,NA,NA,NA,NA,NA,NA,NA
"3179","886554",4,"resources/real_fg_memory_images/fg19.jpg","artificial",NA,NA,NA,NA,NA,NA,NA,NA
"3180","886554",4,"resources/real_fg_memory_images/fg23.jpg","artificial",NA,NA,NA,NA,NA,NA,NA,NA
"3181","886554",6,"resources/real_fg_memory_images/orig14.jpg","real",NA,NA,NA,NA,NA,NA,NA,NA
"3182","886554",6,"resources/real_fg_memory_images/orig1.jpg","real",NA,NA,NA,NA,NA,NA,NA,NA
"3183","886554",5,"resources/real_fg_memory_images/fg29.jpg","artificial",NA,NA,NA,NA,NA,NA,NA,NA
"3184","886554",6,"resources/real_fg_memory_images/orig6.jpg","real",NA,NA,NA,NA,NA,NA,NA,NA
"3185","886554",6,"resources/real_fg_memory_images/orig12.jpg","real",NA,NA,NA,NA,NA,NA,NA,NA
"3186","886554",6,"resources/real_fg_memory_images/fg34.jpg","artificial",NA,NA,NA,NA,NA,NA,NA,NA
"3187","886554",4,"resources/real_fg_memory_images/orig15.jpg","real",NA,NA,NA,NA,NA,NA,NA,NA
"3188","886554",3,"resources/real_fg_memory_images/fg20.jpg","artificial",NA,NA,NA,NA,NA,NA,NA,NA
"3189","886554",3,"resources/real_fg_memory_images/fg21.jpg","artificial",NA,NA,NA,NA,NA,NA,NA,NA
"3190","886554",5,"resources/real_fg_memory_images/orig5.jpg","real",NA,NA,NA,NA,NA,NA,NA,NA
"3191","886554",7,"resources/real_fg_memory_images/orig2.jpg","real",NA,NA,NA,NA,NA,NA,NA,NA
"3192","886554",4,"resources/real_fg_memory_images/fg27.jpg","artificial",NA,NA,NA,NA,NA,NA,NA,NA
"3193","886554",6,"resources/real_fg_memory_images/fg22.jpg","artificial",NA,NA,NA,NA,NA,NA,NA,NA
"3194","886554",NA,NA,NA,NA,NA,NA,NA,NA,NA,NA,NA
"3195","886554",NA,NA,NA,NA,NA,NA,NA,1,"I answer the phone whenever it rings, even if I do not know who is calling",NA,NA
"3196","886554",NA,NA,NA,NA,NA,NA,NA,1,"If something sounds too good to be true, it usually is",NA,NA
"3197","886554",NA,NA,NA,NA,NA,NA,NA,3,"I have difficulty ending a phone call, even if the caller is a telemarketer, someone I do not know, or someone I do not wish to call me",NA,NA
"3198","886554",NA,NA,NA,NA,NA,NA,NA,4,"Persons over the age of 65 are often targeted by con-artists",NA,NA
"3199","886554",NA,NA,NA,NA,NA,NA,NA,2,"If a telemarketer calls me, I usually listen to what they have to say",NA,NA
"3200","886554",NA,NA,NA,NA,NA,NA,NA,NA,NA,NA,NA
"3201","886554",NA,NA,NA,NA,NA,NA,NA,NA,NA,"[""female_option""]",NA
"3202","886554",NA,NA,NA,NA,NA,NA,NA,NA,NA,NA,20
"3203","886554",NA,NA,NA,NA,NA,NA,NA,NA,NA,NA,NA
"3204","886554",NA,NA,NA,NA,NA,NA,NA,NA,NA,NA,NA
"3205","886554",NA,NA,NA,NA,NA,NA,NA,NA,NA,NA,NA
"3206","886554",NA,NA,NA,NA,NA,NA,NA,NA,NA,NA,NA
"3207","886554",NA,NA,NA,NA,NA,NA,NA,NA,NA,NA,NA
"3208","886554",NA,NA,NA,NA,NA,NA,NA,NA,NA,NA,NA
"3209","886554",NA,NA,NA,NA,NA,NA,NA,NA,NA,NA,NA
"3210","886554",NA,NA,NA,NA,NA,NA,NA,NA,NA,NA,NA
"3211","886554",NA,NA,NA,NA,NA,NA,NA,NA,NA,NA,NA
"3212","886554",NA,NA,NA,NA,NA,NA,NA,NA,NA,NA,NA
"3213","894292",NA,NA,NA,NA,NA,NA,NA,NA,NA,NA,NA
"3214","894292",NA,NA,NA,NA,NA,NA,NA,NA,NA,NA,NA
"3215","894292",NA,NA,NA,NA,NA,NA,NA,NA,NA,NA,NA
"3216","894292",NA,NA,NA,NA,NA,NA,NA,NA,NA,NA,NA
"3217","894292",5,"resources/real_fg_memory_images/fg31.jpg","artificial",NA,NA,NA,NA,NA,NA,NA,NA
"3218","894292",4,"resources/real_fg_memory_images/fg30.jpg","artificial",NA,NA,NA,NA,NA,NA,NA,NA
"3219","894292",3,"resources/real_fg_memory_images/fg36.jpg","artificial",NA,NA,NA,NA,NA,NA,NA,NA
"3220","894292",0,"resources/real_fg_memory_images/orig13.jpg","real",NA,NA,NA,NA,NA,NA,NA,NA
"3221","894292",0,"resources/real_fg_memory_images/fg25.jpg","artificial",NA,NA,NA,NA,NA,NA,NA,NA
"3222","894292",5,"resources/real_fg_memory_images/orig12.jpg","real",NA,NA,NA,NA,NA,NA,NA,NA
"3223","894292",8,"resources/real_fg_memory_images/orig15.jpg","real",NA,NA,NA,NA,NA,NA,NA,NA
"3224","894292",5,"resources/real_fg_memory_images/orig5.jpg","real",NA,NA,NA,NA,NA,NA,NA,NA
"3225","894292",6,"resources/real_fg_memory_images/fg24.jpg","artificial",NA,NA,NA,NA,NA,NA,NA,NA
"3226","894292",4,"resources/real_fg_memory_images/fg33.jpg","artificial",NA,NA,NA,NA,NA,NA,NA,NA
"3227","894292",5,"resources/real_fg_memory_images/fg20.jpg","artificial",NA,NA,NA,NA,NA,NA,NA,NA
"3228","894292",5,"resources/real_fg_memory_images/fg21.jpg","artificial",NA,NA,NA,NA,NA,NA,NA,NA
"3229","894292",5,"resources/real_fg_memory_images/orig3.jpg","real",NA,NA,NA,NA,NA,NA,NA,NA
"3230","894292",5,"resources/real_fg_memory_images/orig14.jpg","real",NA,NA,NA,NA,NA,NA,NA,NA
"3231","894292",5,"resources/real_fg_memory_images/orig1.jpg","real",NA,NA,NA,NA,NA,NA,NA,NA
"3232","894292",5,"resources/real_fg_memory_images/fg34.jpg","artificial",NA,NA,NA,NA,NA,NA,NA,NA
"3233","894292",5,"resources/real_fg_memory_images/orig8.jpg","real",NA,NA,NA,NA,NA,NA,NA,NA
"3234","894292",5,"resources/real_fg_memory_images/fg19.jpg","artificial",NA,NA,NA,NA,NA,NA,NA,NA
"3235","894292",5,"resources/real_fg_memory_images/fg35.jpg","artificial",NA,NA,NA,NA,NA,NA,NA,NA
"3236","894292",4,"resources/real_fg_memory_images/orig9.jpg","real",NA,NA,NA,NA,NA,NA,NA,NA
"3237","894292",5,"resources/real_fg_memory_images/orig4.jpg","real",NA,NA,NA,NA,NA,NA,NA,NA
"3238","894292",5,"resources/real_fg_memory_images/fg29.jpg","artificial",NA,NA,NA,NA,NA,NA,NA,NA
"3239","894292",5,"resources/real_fg_memory_images/orig17.jpg","real",NA,NA,NA,NA,NA,NA,NA,NA
"3240","894292",5,"resources/real_fg_memory_images/fg28.jpg","artificial",NA,NA,NA,NA,NA,NA,NA,NA
"3241","894292",5,"resources/real_fg_memory_images/orig2.jpg","real",NA,NA,NA,NA,NA,NA,NA,NA
"3242","894292",5,"resources/real_fg_memory_images/fg22.jpg","artificial",NA,NA,NA,NA,NA,NA,NA,NA
"3243","894292",5,"resources/real_fg_memory_images/orig10.jpg","real",NA,NA,NA,NA,NA,NA,NA,NA
"3244","894292",4,"resources/real_fg_memory_images/orig18.jpg","real",NA,NA,NA,NA,NA,NA,NA,NA
"3245","894292",5,"resources/real_fg_memory_images/fg23.jpg","artificial",NA,NA,NA,NA,NA,NA,NA,NA
"3246","894292",5,"resources/real_fg_memory_images/orig7.jpg","real",NA,NA,NA,NA,NA,NA,NA,NA
"3247","894292",5,"resources/real_fg_memory_images/orig6.jpg","real",NA,NA,NA,NA,NA,NA,NA,NA
"3248","894292",5,"resources/real_fg_memory_images/orig11.jpg","real",NA,NA,NA,NA,NA,NA,NA,NA
"3249","894292",5,"resources/real_fg_memory_images/fg32.jpg","artificial",NA,NA,NA,NA,NA,NA,NA,NA
"3250","894292",5,"resources/real_fg_memory_images/orig16.jpg","real",NA,NA,NA,NA,NA,NA,NA,NA
"3251","894292",5,"resources/real_fg_memory_images/fg26.jpg","artificial",NA,NA,NA,NA,NA,NA,NA,NA
"3252","894292",6,"resources/real_fg_memory_images/fg27.jpg","artificial",NA,NA,NA,NA,NA,NA,NA,NA
"3253","894292",NA,NA,NA,NA,NA,NA,NA,NA,NA,NA,NA
"3254","894292",NA,"resources/real_fg_memory_images/fg24.jpg",NA,"artificial","Neutral",NA,NA,NA,NA,NA,NA
"3255","894292",NA,"resources/real_fg_memory_images/fg30.jpg",NA,"artificial","Scam",NA,NA,NA,NA,NA,NA
"3256","894292",NA,"resources/real_fg_memory_images/orig1.jpg",NA,"real","Neurtal",NA,NA,NA,NA,NA,NA
"3257","894292",NA,"resources/real_fg_memory_images/fg27.jpg",NA,"artificial","Scam",NA,NA,NA,NA,NA,NA
"3258","894292",NA,"resources/real_fg_memory_images/orig9.jpg",NA,"real","Scam",NA,NA,NA,NA,NA,NA
"3259","894292",NA,"resources/real_fg_memory_images/orig7.jpg",NA,"real","Scam",NA,NA,NA,NA,NA,NA
"3260","894292",NA,"resources/real_fg_memory_images/orig4.jpg",NA,"real","Neutral",NA,NA,NA,NA,NA,NA
"3261","894292",NA,"resources/real_fg_memory_images/orig2.jpg",NA,"real","Neutral",NA,NA,NA,NA,NA,NA
"3262","894292",NA,"resources/real_fg_memory_images/orig8.jpg",NA,"real","Scam",NA,NA,NA,NA,NA,NA
"3263","894292",NA,"resources/real_fg_memory_images/fg23.jpg",NA,"artificial","Neutral",NA,NA,NA,NA,NA,NA
"3264","894292",NA,"resources/real_fg_memory_images/fg20.jpg",NA,"artificial","Neutral",NA,NA,NA,NA,NA,NA
"3265","894292",NA,"resources/real_fg_memory_images/orig10.jpg",NA,"real","Scam",NA,NA,NA,NA,NA,NA
"3266","894292",NA,"resources/real_fg_memory_images/orig5.jpg",NA,"real","Neutral",NA,NA,NA,NA,NA,NA
"3267","894292",NA,"resources/real_fg_memory_images/orig11.jpg",NA,"real","Scam",NA,NA,NA,NA,NA,NA
"3268","894292",NA,"resources/real_fg_memory_images/orig12.jpg",NA,"real","Scam",NA,NA,NA,NA,NA,NA
"3269","894292",NA,"resources/real_fg_memory_images/fg29.jpg",NA,"artificial","Scam",NA,NA,NA,NA,NA,NA
"3270","894292",NA,"resources/real_fg_memory_images/fg22.jpg",NA,"artificial","Neutral",NA,NA,NA,NA,NA,NA
"3271","894292",NA,"resources/real_fg_memory_images/fg19.jpg",NA,"artificial","Neutral",NA,NA,NA,NA,NA,NA
"3272","894292",NA,"resources/real_fg_memory_images/fg26.jpg",NA,"artificial","Scam",NA,NA,NA,NA,NA,NA
"3273","894292",NA,"resources/real_fg_memory_images/orig6.jpg",NA,"real","Neutral",NA,NA,NA,NA,NA,NA
"3274","894292",NA,"resources/real_fg_memory_images/fg21.jpg",NA,"artificial","Neutral",NA,NA,NA,NA,NA,NA
"3275","894292",NA,"resources/real_fg_memory_images/fg25.jpg",NA,"artificial","Scam",NA,NA,NA,NA,NA,NA
"3276","894292",NA,"resources/real_fg_memory_images/fg28.jpg",NA,"artificial","Scam",NA,NA,NA,NA,NA,NA
"3277","894292",NA,"resources/real_fg_memory_images/orig3.jpg",NA,"real","Neutral",NA,NA,NA,NA,NA,NA
"3278","894292",NA,NA,NA,NA,NA,NA,NA,NA,NA,NA,NA
"3279","894292",NA,"resources/real_fg_memory_images/orig9.jpg",NA,"real","Scam","[""scam_button""]","6",NA,NA,NA,NA
"3280","894292",NA,"resources/real_fg_memory_images/orig3.jpg",NA,"real","Neutral","[""scam_button""]","4",NA,NA,NA,NA
"3281","894292",NA,"resources/real_fg_memory_images/fg28.jpg",NA,"artificial","Scam","[""scam_button""]","4",NA,NA,NA,NA
"3282","894292",NA,"resources/real_fg_memory_images/orig8.jpg",NA,"real","Scam","[""scam_button""]","3",NA,NA,NA,NA
"3283","894292",NA,"resources/real_fg_memory_images/fg24.jpg",NA,"artificial","Neutral","[""scam_button""]","5",NA,NA,NA,NA
"3284","894292",NA,"resources/real_fg_memory_images/orig10.jpg",NA,"real","Scam","[""scam_button""]","4",NA,NA,NA,NA
"3285","894292",NA,"resources/real_fg_memory_images/fg21.jpg",NA,"artificial","Neutral","[""scam_button""]","4",NA,NA,NA,NA
"3286","894292",NA,"resources/real_fg_memory_images/orig12.jpg",NA,"real","Scam","[""scam_button""]","4",NA,NA,NA,NA
"3287","894292",NA,"resources/real_fg_memory_images/orig6.jpg",NA,"real","Neutral","[""scam_button""]","4",NA,NA,NA,NA
"3288","894292",NA,"resources/real_fg_memory_images/orig4.jpg",NA,"real","Neutral","[""scam_button""]","4",NA,NA,NA,NA
"3289","894292",NA,"resources/real_fg_memory_images/orig2.jpg",NA,"real","Neutral","[""scam_button""]","4",NA,NA,NA,NA
"3290","894292",NA,"resources/real_fg_memory_images/fg26.jpg",NA,"artificial","Scam","[""scam_button""]","4",NA,NA,NA,NA
"3291","894292",NA,"resources/real_fg_memory_images/fg30.jpg",NA,"artificial","Scam","[""scam_button""]","4",NA,NA,NA,NA
"3292","894292",NA,"resources/real_fg_memory_images/fg29.jpg",NA,"artificial","Scam","[""scam_button""]","3",NA,NA,NA,NA
"3293","894292",NA,"resources/real_fg_memory_images/fg27.jpg",NA,"artificial","Scam","[""scam_button""]","6",NA,NA,NA,NA
"3294","894292",NA,"resources/real_fg_memory_images/fg20.jpg",NA,"artificial","Neutral","[""scam_button""]","8",NA,NA,NA,NA
"3295","894292",NA,"resources/real_fg_memory_images/fg25.jpg",NA,"artificial","Scam","[""scam_button""]","7",NA,NA,NA,NA
"3296","894292",NA,"resources/real_fg_memory_images/orig1.jpg",NA,"real","Neurtal","[""scam_button""]","5",NA,NA,NA,NA
"3297","894292",NA,"resources/real_fg_memory_images/fg19.jpg",NA,"artificial","Neutral","[""scam_button""]","3",NA,NA,NA,NA
"3298","894292",NA,"resources/real_fg_memory_images/orig5.jpg",NA,"real","Neutral","[""scam_button""]","2",NA,NA,NA,NA
"3299","894292",NA,"resources/real_fg_memory_images/orig7.jpg",NA,"real","Scam","[""scam_button""]","3",NA,NA,NA,NA
"3300","894292",NA,"resources/real_fg_memory_images/orig11.jpg",NA,"real","Scam","[""scam_button""]","5",NA,NA,NA,NA
"3301","894292",NA,"resources/real_fg_memory_images/fg23.jpg",NA,"artificial","Neutral","[""scam_button""]","7",NA,NA,NA,NA
"3302","894292",NA,"resources/real_fg_memory_images/fg22.jpg",NA,"artificial","Neutral","[""scam_button""]","5",NA,NA,NA,NA
"3303","894292",NA,NA,NA,NA,NA,NA,NA,NA,NA,NA,NA
"3304","894292",5,"resources/real_fg_memory_images/orig3.jpg","real",NA,NA,NA,NA,NA,NA,NA,NA
"3305","894292",5,"resources/real_fg_memory_images/orig8.jpg","real",NA,NA,NA,NA,NA,NA,NA,NA
"3306","894292",5,"resources/real_fg_memory_images/orig17.jpg","real",NA,NA,NA,NA,NA,NA,NA,NA
"3307","894292",98,"resources/real_fg_memory_images/orig12.jpg","real",NA,NA,NA,NA,NA,NA,NA,NA
"3308","894292",9,"resources/real_fg_memory_images/orig9.jpg","real",NA,NA,NA,NA,NA,NA,NA,NA
"3309","894292",0,"resources/real_fg_memory_images/fg34.jpg","artificial",NA,NA,NA,NA,NA,NA,NA,NA
"3310","894292",9,"resources/real_fg_memory_images/orig11.jpg","real",NA,NA,NA,NA,NA,NA,NA,NA
"3311","894292",8,"resources/real_fg_memory_images/fg25.jpg","artificial",NA,NA,NA,NA,NA,NA,NA,NA
"3312","894292",9,"resources/real_fg_memory_images/fg36.jpg","artificial",NA,NA,NA,NA,NA,NA,NA,NA
"3313","894292",0,"resources/real_fg_memory_images/fg31.jpg","artificial",NA,NA,NA,NA,NA,NA,NA,NA
"3314","894292",0,"resources/real_fg_memory_images/orig7.jpg","real",NA,NA,NA,NA,NA,NA,NA,NA
"3315","894292",9,"resources/real_fg_memory_images/orig15.jpg","real",NA,NA,NA,NA,NA,NA,NA,NA
"3316","894292",7,"resources/real_fg_memory_images/orig18.jpg","real",NA,NA,NA,NA,NA,NA,NA,NA
"3317","894292",9,"resources/real_fg_memory_images/orig10.jpg","real",NA,NA,NA,NA,NA,NA,NA,NA
"3318","894292",4,"resources/real_fg_memory_images/fg22.jpg","artificial",NA,NA,NA,NA,NA,NA,NA,NA
"3319","894292",4,"resources/real_fg_memory_images/orig14.jpg","real",NA,NA,NA,NA,NA,NA,NA,NA
"3320","894292",6,"resources/real_fg_memory_images/fg32.jpg","artificial",NA,NA,NA,NA,NA,NA,NA,NA
"3321","894292",7,"resources/real_fg_memory_images/fg33.jpg","artificial",NA,NA,NA,NA,NA,NA,NA,NA
"3322","894292",7,"resources/real_fg_memory_images/orig13.jpg","real",NA,NA,NA,NA,NA,NA,NA,NA
"3323","894292",7,"resources/real_fg_memory_images/fg30.jpg","artificial",NA,NA,NA,NA,NA,NA,NA,NA
"3324","894292",3,"resources/real_fg_memory_images/fg19.jpg","artificial",NA,NA,NA,NA,NA,NA,NA,NA
"3325","894292",5,"resources/real_fg_memory_images/fg24.jpg","artificial",NA,NA,NA,NA,NA,NA,NA,NA
"3326","894292",6,"resources/real_fg_memory_images/orig6.jpg","real",NA,NA,NA,NA,NA,NA,NA,NA
"3327","894292",8,"resources/real_fg_memory_images/fg27.jpg","artificial",NA,NA,NA,NA,NA,NA,NA,NA
"3328","894292",5,"resources/real_fg_memory_images/fg29.jpg","artificial",NA,NA,NA,NA,NA,NA,NA,NA
"3329","894292",8,"resources/real_fg_memory_images/fg20.jpg","artificial",NA,NA,NA,NA,NA,NA,NA,NA
"3330","894292",6,"resources/real_fg_memory_images/orig16.jpg","real",NA,NA,NA,NA,NA,NA,NA,NA
"3331","894292",6,"resources/real_fg_memory_images/orig1.jpg","real",NA,NA,NA,NA,NA,NA,NA,NA
"3332","894292",7,"resources/real_fg_memory_images/fg28.jpg","artificial",NA,NA,NA,NA,NA,NA,NA,NA
"3333","894292",8,"resources/real_fg_memory_images/fg23.jpg","artificial",NA,NA,NA,NA,NA,NA,NA,NA
"3334","894292",6,"resources/real_fg_memory_images/orig4.jpg","real",NA,NA,NA,NA,NA,NA,NA,NA
"3335","894292",7,"resources/real_fg_memory_images/fg35.jpg","artificial",NA,NA,NA,NA,NA,NA,NA,NA
"3336","894292",0,"resources/real_fg_memory_images/orig5.jpg","real",NA,NA,NA,NA,NA,NA,NA,NA
"3337","894292",8,"resources/real_fg_memory_images/fg21.jpg","artificial",NA,NA,NA,NA,NA,NA,NA,NA
"3338","894292",9,"resources/real_fg_memory_images/fg26.jpg","artificial",NA,NA,NA,NA,NA,NA,NA,NA
"3339","894292",9,"resources/real_fg_memory_images/orig2.jpg","real",NA,NA,NA,NA,NA,NA,NA,NA
"3340","894292",NA,NA,NA,NA,NA,NA,NA,NA,NA,NA,NA
"3341","894292",NA,NA,NA,NA,NA,NA,NA,3,"I have difficulty ending a phone call, even if the caller is a telemarketer, someone I do not know, or someone I do not wish to call me",NA,NA
"3342","894292",NA,NA,NA,NA,NA,NA,NA,3,"If something sounds too good to be true, it usually is",NA,NA
"3343","894292",NA,NA,NA,NA,NA,NA,NA,4,"Persons over the age of 65 are often targeted by con-artists",NA,NA
"3344","894292",NA,NA,NA,NA,NA,NA,NA,3,"If a telemarketer calls me, I usually listen to what they have to say",NA,NA
"3345","894292",NA,NA,NA,NA,NA,NA,NA,4,"I answer the phone whenever it rings, even if I do not know who is calling",NA,NA
"3346","894292",NA,NA,NA,NA,NA,NA,NA,NA,NA,NA,NA
"3347","894292",NA,NA,NA,NA,NA,NA,NA,NA,NA,"[""female_option""]",NA
"3348","894292",NA,NA,NA,NA,NA,NA,NA,NA,NA,NA,20
"3349","894292",NA,NA,NA,NA,NA,NA,NA,NA,NA,NA,NA
"3350","894292",NA,NA,NA,NA,NA,NA,NA,NA,NA,NA,NA
"3351","894292",NA,NA,NA,NA,NA,NA,NA,NA,NA,NA,NA
"3352","894292",NA,NA,NA,NA,NA,NA,NA,NA,NA,NA,NA
"3353","894292",NA,NA,NA,NA,NA,NA,NA,NA,NA,NA,NA
"3354","894292",NA,NA,NA,NA,NA,NA,NA,NA,NA,NA,NA
"3355","894292",NA,NA,NA,NA,NA,NA,NA,NA,NA,NA,NA
"3356","894292",NA,NA,NA,NA,NA,NA,NA,NA,NA,NA,NA
"3357","894292",NA,NA,NA,NA,NA,NA,NA,NA,NA,NA,NA
"3358","894292",NA,NA,NA,NA,NA,NA,NA,NA,NA,NA,NA
"3359","899688",NA,NA,NA,NA,NA,NA,NA,NA,NA,NA,NA
"3360","899688",NA,NA,NA,NA,NA,NA,NA,NA,NA,NA,NA
"3361","899688",NA,NA,NA,NA,NA,NA,NA,NA,NA,NA,NA
"3362","899688",NA,NA,NA,NA,NA,NA,NA,NA,NA,NA,NA
"3363","899688",8,"resources/real_fg_memory_images/orig15.jpg","real",NA,NA,NA,NA,NA,NA,NA,NA
"3364","899688",6,"resources/real_fg_memory_images/fg23.jpg","artificial",NA,NA,NA,NA,NA,NA,NA,NA
"3365","899688",7,"resources/real_fg_memory_images/fg32.jpg","artificial",NA,NA,NA,NA,NA,NA,NA,NA
"3366","899688",5,"resources/real_fg_memory_images/fg20.jpg","artificial",NA,NA,NA,NA,NA,NA,NA,NA
"3367","899688",5,"resources/real_fg_memory_images/fg19.jpg","artificial",NA,NA,NA,NA,NA,NA,NA,NA
"3368","899688",7,"resources/real_fg_memory_images/fg22.jpg","artificial",NA,NA,NA,NA,NA,NA,NA,NA
"3369","899688",8,"resources/real_fg_memory_images/fg24.jpg","artificial",NA,NA,NA,NA,NA,NA,NA,NA
"3370","899688",8,"resources/real_fg_memory_images/orig4.jpg","real",NA,NA,NA,NA,NA,NA,NA,NA
"3371","899688",6,"resources/real_fg_memory_images/orig1.jpg","real",NA,NA,NA,NA,NA,NA,NA,NA
"3372","899688",4,"resources/real_fg_memory_images/orig9.jpg","real",NA,NA,NA,NA,NA,NA,NA,NA
"3373","899688",5,"resources/real_fg_memory_images/fg30.jpg","artificial",NA,NA,NA,NA,NA,NA,NA,NA
"3374","899688",6,"resources/real_fg_memory_images/fg29.jpg","artificial",NA,NA,NA,NA,NA,NA,NA,NA
"3375","899688",4,"resources/real_fg_memory_images/fg21.jpg","artificial",NA,NA,NA,NA,NA,NA,NA,NA
"3376","899688",5,"resources/real_fg_memory_images/orig6.jpg","real",NA,NA,NA,NA,NA,NA,NA,NA
"3377","899688",7,"resources/real_fg_memory_images/orig17.jpg","real",NA,NA,NA,NA,NA,NA,NA,NA
"3378","899688",6,"resources/real_fg_memory_images/fg26.jpg","artificial",NA,NA,NA,NA,NA,NA,NA,NA
"3379","899688",4,"resources/real_fg_memory_images/fg36.jpg","artificial",NA,NA,NA,NA,NA,NA,NA,NA
"3380","899688",4,"resources/real_fg_memory_images/orig13.jpg","real",NA,NA,NA,NA,NA,NA,NA,NA
"3381","899688",4,"resources/real_fg_memory_images/orig14.jpg","real",NA,NA,NA,NA,NA,NA,NA,NA
"3382","899688",6,"resources/real_fg_memory_images/fg25.jpg","artificial",NA,NA,NA,NA,NA,NA,NA,NA
"3383","899688",6,"resources/real_fg_memory_images/fg34.jpg","artificial",NA,NA,NA,NA,NA,NA,NA,NA
"3384","899688",5,"resources/real_fg_memory_images/orig11.jpg","real",NA,NA,NA,NA,NA,NA,NA,NA
"3385","899688",4,"resources/real_fg_memory_images/fg31.jpg","artificial",NA,NA,NA,NA,NA,NA,NA,NA
"3386","899688",5,"resources/real_fg_memory_images/orig18.jpg","real",NA,NA,NA,NA,NA,NA,NA,NA
"3387","899688",8,"resources/real_fg_memory_images/fg27.jpg","artificial",NA,NA,NA,NA,NA,NA,NA,NA
"3388","899688",6,"resources/real_fg_memory_images/orig10.jpg","real",NA,NA,NA,NA,NA,NA,NA,NA
"3389","899688",4,"resources/real_fg_memory_images/orig2.jpg","real",NA,NA,NA,NA,NA,NA,NA,NA
"3390","899688",7,"resources/real_fg_memory_images/fg33.jpg","artificial",NA,NA,NA,NA,NA,NA,NA,NA
"3391","899688",6,"resources/real_fg_memory_images/orig3.jpg","real",NA,NA,NA,NA,NA,NA,NA,NA
"3392","899688",4,"resources/real_fg_memory_images/orig8.jpg","real",NA,NA,NA,NA,NA,NA,NA,NA
"3393","899688",4,"resources/real_fg_memory_images/orig5.jpg","real",NA,NA,NA,NA,NA,NA,NA,NA
"3394","899688",6,"resources/real_fg_memory_images/orig7.jpg","real",NA,NA,NA,NA,NA,NA,NA,NA
"3395","899688",5,"resources/real_fg_memory_images/orig12.jpg","real",NA,NA,NA,NA,NA,NA,NA,NA
"3396","899688",5,"resources/real_fg_memory_images/fg35.jpg","artificial",NA,NA,NA,NA,NA,NA,NA,NA
"3397","899688",7,"resources/real_fg_memory_images/fg28.jpg","artificial",NA,NA,NA,NA,NA,NA,NA,NA
"3398","899688",8,"resources/real_fg_memory_images/orig16.jpg","real",NA,NA,NA,NA,NA,NA,NA,NA
"3399","899688",NA,NA,NA,NA,NA,NA,NA,NA,NA,NA,NA
"3400","899688",NA,"resources/real_fg_memory_images/fg22.jpg",NA,"artificial","Neutral",NA,NA,NA,NA,NA,NA
"3401","899688",NA,"resources/real_fg_memory_images/fg26.jpg",NA,"artificial","Scam",NA,NA,NA,NA,NA,NA
"3402","899688",NA,"resources/real_fg_memory_images/orig2.jpg",NA,"real","Neutral",NA,NA,NA,NA,NA,NA
"3403","899688",NA,"resources/real_fg_memory_images/fg25.jpg",NA,"artificial","Scam",NA,NA,NA,NA,NA,NA
"3404","899688",NA,"resources/real_fg_memory_images/orig8.jpg",NA,"real","Scam",NA,NA,NA,NA,NA,NA
"3405","899688",NA,"resources/real_fg_memory_images/orig4.jpg",NA,"real","Neutral",NA,NA,NA,NA,NA,NA
"3406","899688",NA,"resources/real_fg_memory_images/orig11.jpg",NA,"real","Scam",NA,NA,NA,NA,NA,NA
"3407","899688",NA,"resources/real_fg_memory_images/fg30.jpg",NA,"artificial","Scam",NA,NA,NA,NA,NA,NA
"3408","899688",NA,"resources/real_fg_memory_images/orig6.jpg",NA,"real","Neutral",NA,NA,NA,NA,NA,NA
"3409","899688",NA,"resources/real_fg_memory_images/orig5.jpg",NA,"real","Neutral",NA,NA,NA,NA,NA,NA
"3410","899688",NA,"resources/real_fg_memory_images/fg29.jpg",NA,"artificial","Scam",NA,NA,NA,NA,NA,NA
"3411","899688",NA,"resources/real_fg_memory_images/orig10.jpg",NA,"real","Scam",NA,NA,NA,NA,NA,NA
"3412","899688",NA,"resources/real_fg_memory_images/orig9.jpg",NA,"real","Scam",NA,NA,NA,NA,NA,NA
"3413","899688",NA,"resources/real_fg_memory_images/orig7.jpg",NA,"real","Scam",NA,NA,NA,NA,NA,NA
"3414","899688",NA,"resources/real_fg_memory_images/fg21.jpg",NA,"artificial","Neutral",NA,NA,NA,NA,NA,NA
"3415","899688",NA,"resources/real_fg_memory_images/orig1.jpg",NA,"real","Neurtal",NA,NA,NA,NA,NA,NA
"3416","899688",NA,"resources/real_fg_memory_images/fg19.jpg",NA,"artificial","Neutral",NA,NA,NA,NA,NA,NA
"3417","899688",NA,"resources/real_fg_memory_images/fg27.jpg",NA,"artificial","Scam",NA,NA,NA,NA,NA,NA
"3418","899688",NA,"resources/real_fg_memory_images/fg28.jpg",NA,"artificial","Scam",NA,NA,NA,NA,NA,NA
"3419","899688",NA,"resources/real_fg_memory_images/fg23.jpg",NA,"artificial","Neutral",NA,NA,NA,NA,NA,NA
"3420","899688",NA,"resources/real_fg_memory_images/fg20.jpg",NA,"artificial","Neutral",NA,NA,NA,NA,NA,NA
"3421","899688",NA,"resources/real_fg_memory_images/fg24.jpg",NA,"artificial","Neutral",NA,NA,NA,NA,NA,NA
"3422","899688",NA,"resources/real_fg_memory_images/orig3.jpg",NA,"real","Neutral",NA,NA,NA,NA,NA,NA
"3423","899688",NA,"resources/real_fg_memory_images/orig12.jpg",NA,"real","Scam",NA,NA,NA,NA,NA,NA
"3424","899688",NA,NA,NA,NA,NA,NA,NA,NA,NA,NA,NA
"3425","899688",NA,"resources/real_fg_memory_images/orig8.jpg",NA,"real","Scam","[""scam_button""]","10",NA,NA,NA,NA
"3426","899688",NA,"resources/real_fg_memory_images/fg24.jpg",NA,"artificial","Neutral","[""neutral_button""]","8",NA,NA,NA,NA
"3427","899688",NA,"resources/real_fg_memory_images/orig12.jpg",NA,"real","Scam","[""neutral_button""]","10",NA,NA,NA,NA
"3428","899688",NA,"resources/real_fg_memory_images/orig6.jpg",NA,"real","Neutral","[""neutral_button""]","10",NA,NA,NA,NA
"3429","899688",NA,"resources/real_fg_memory_images/fg30.jpg",NA,"artificial","Scam","[""scam_button""]","8",NA,NA,NA,NA
"3430","899688",NA,"resources/real_fg_memory_images/fg23.jpg",NA,"artificial","Neutral","[""scam_button""]","6",NA,NA,NA,NA
"3431","899688",NA,"resources/real_fg_memory_images/orig7.jpg",NA,"real","Scam","[""scam_button""]","8",NA,NA,NA,NA
"3432","899688",NA,"resources/real_fg_memory_images/fg21.jpg",NA,"artificial","Neutral","[""scam_button""]","9",NA,NA,NA,NA
"3433","899688",NA,"resources/real_fg_memory_images/orig9.jpg",NA,"real","Scam","[""neutral_button""]","10",NA,NA,NA,NA
"3434","899688",NA,"resources/real_fg_memory_images/fg28.jpg",NA,"artificial","Scam","[""scam_button""]","10",NA,NA,NA,NA
"3435","899688",NA,"resources/real_fg_memory_images/fg26.jpg",NA,"artificial","Scam","[""scam_button""]","10",NA,NA,NA,NA
"3436","899688",NA,"resources/real_fg_memory_images/orig4.jpg",NA,"real","Neutral","[""neutral_button""]","10",NA,NA,NA,NA
"3437","899688",NA,"resources/real_fg_memory_images/fg29.jpg",NA,"artificial","Scam","[""scam_button""]","8",NA,NA,NA,NA
"3438","899688",NA,"resources/real_fg_memory_images/fg19.jpg",NA,"artificial","Neutral","[""neutral_button""]","10",NA,NA,NA,NA
"3439","899688",NA,"resources/real_fg_memory_images/orig11.jpg",NA,"real","Scam","[""scam_button""]","10",NA,NA,NA,NA
"3440","899688",NA,"resources/real_fg_memory_images/fg22.jpg",NA,"artificial","Neutral","[""scam_button""]","9",NA,NA,NA,NA
"3441","899688",NA,"resources/real_fg_memory_images/orig5.jpg",NA,"real","Neutral","[""neutral_button""]","10",NA,NA,NA,NA
"3442","899688",NA,"resources/real_fg_memory_images/orig3.jpg",NA,"real","Neutral","[""scam_button""]","10",NA,NA,NA,NA
"3443","899688",NA,"resources/real_fg_memory_images/orig10.jpg",NA,"real","Scam","[""scam_button""]","8",NA,NA,NA,NA
"3444","899688",NA,"resources/real_fg_memory_images/fg20.jpg",NA,"artificial","Neutral","[""neutral_button""]","10",NA,NA,NA,NA
"3445","899688",NA,"resources/real_fg_memory_images/fg25.jpg",NA,"artificial","Scam","[""scam_button""]","8",NA,NA,NA,NA
"3446","899688",NA,"resources/real_fg_memory_images/fg27.jpg",NA,"artificial","Scam","[""scam_button""]","10",NA,NA,NA,NA
"3447","899688",NA,"resources/real_fg_memory_images/orig2.jpg",NA,"real","Neutral","[""neutral_button""]","6",NA,NA,NA,NA
"3448","899688",NA,"resources/real_fg_memory_images/orig1.jpg",NA,"real","Neurtal","[""neutral_button""]","10",NA,NA,NA,NA
"3449","899688",NA,NA,NA,NA,NA,NA,NA,NA,NA,NA,NA
"3450","899688",5,"resources/real_fg_memory_images/fg31.jpg","artificial",NA,NA,NA,NA,NA,NA,NA,NA
"3451","899688",3,"resources/real_fg_memory_images/fg25.jpg","artificial",NA,NA,NA,NA,NA,NA,NA,NA
"3452","899688",6,"resources/real_fg_memory_images/orig12.jpg","real",NA,NA,NA,NA,NA,NA,NA,NA
"3453","899688",9,"resources/real_fg_memory_images/fg34.jpg","artificial",NA,NA,NA,NA,NA,NA,NA,NA
"3454","899688",7,"resources/real_fg_memory_images/fg28.jpg","artificial",NA,NA,NA,NA,NA,NA,NA,NA
"3455","899688",6,"resources/real_fg_memory_images/fg27.jpg","artificial",NA,NA,NA,NA,NA,NA,NA,NA
"3456","899688",4,"resources/real_fg_memory_images/fg21.jpg","artificial",NA,NA,NA,NA,NA,NA,NA,NA
"3457","899688",6,"resources/real_fg_memory_images/fg22.jpg","artificial",NA,NA,NA,NA,NA,NA,NA,NA
"3458","899688",7,"resources/real_fg_memory_images/orig13.jpg","real",NA,NA,NA,NA,NA,NA,NA,NA
"3459","899688",6,"resources/real_fg_memory_images/orig14.jpg","real",NA,NA,NA,NA,NA,NA,NA,NA
"3460","899688",4,"resources/real_fg_memory_images/fg20.jpg","artificial",NA,NA,NA,NA,NA,NA,NA,NA
"3461","899688",8,"resources/real_fg_memory_images/orig18.jpg","real",NA,NA,NA,NA,NA,NA,NA,NA
"3462","899688",6,"resources/real_fg_memory_images/orig8.jpg","real",NA,NA,NA,NA,NA,NA,NA,NA
"3463","899688",8,"resources/real_fg_memory_images/orig2.jpg","real",NA,NA,NA,NA,NA,NA,NA,NA
"3464","899688",7,"resources/real_fg_memory_images/fg29.jpg","artificial",NA,NA,NA,NA,NA,NA,NA,NA
"3465","899688",8,"resources/real_fg_memory_images/orig9.jpg","real",NA,NA,NA,NA,NA,NA,NA,NA
"3466","899688",4,"resources/real_fg_memory_images/orig17.jpg","real",NA,NA,NA,NA,NA,NA,NA,NA
"3467","899688",1,"resources/real_fg_memory_images/orig5.jpg","real",NA,NA,NA,NA,NA,NA,NA,NA
"3468","899688",7,"resources/real_fg_memory_images/orig6.jpg","real",NA,NA,NA,NA,NA,NA,NA,NA
"3469","899688",6,"resources/real_fg_memory_images/fg36.jpg","artificial",NA,NA,NA,NA,NA,NA,NA,NA
"3470","899688",8,"resources/real_fg_memory_images/fg30.jpg","artificial",NA,NA,NA,NA,NA,NA,NA,NA
"3471","899688",4,"resources/real_fg_memory_images/orig7.jpg","real",NA,NA,NA,NA,NA,NA,NA,NA
"3472","899688",3,"resources/real_fg_memory_images/fg23.jpg","artificial",NA,NA,NA,NA,NA,NA,NA,NA
"3473","899688",8,"resources/real_fg_memory_images/fg33.jpg","artificial",NA,NA,NA,NA,NA,NA,NA,NA
"3474","899688",9,"resources/real_fg_memory_images/orig4.jpg","real",NA,NA,NA,NA,NA,NA,NA,NA
"3475","899688",8,"resources/real_fg_memory_images/orig15.jpg","real",NA,NA,NA,NA,NA,NA,NA,NA
"3476","899688",5,"resources/real_fg_memory_images/fg26.jpg","artificial",NA,NA,NA,NA,NA,NA,NA,NA
"3477","899688",3,"resources/real_fg_memory_images/orig11.jpg","real",NA,NA,NA,NA,NA,NA,NA,NA
"3478","899688",8,"resources/real_fg_memory_images/orig10.jpg","real",NA,NA,NA,NA,NA,NA,NA,NA
"3479","899688",4,"resources/real_fg_memory_images/fg35.jpg","artificial",NA,NA,NA,NA,NA,NA,NA,NA
"3480","899688",7,"resources/real_fg_memory_images/fg24.jpg","artificial",NA,NA,NA,NA,NA,NA,NA,NA
"3481","899688",8,"resources/real_fg_memory_images/fg19.jpg","artificial",NA,NA,NA,NA,NA,NA,NA,NA
"3482","899688",5,"resources/real_fg_memory_images/orig3.jpg","real",NA,NA,NA,NA,NA,NA,NA,NA
"3483","899688",6,"resources/real_fg_memory_images/orig16.jpg","real",NA,NA,NA,NA,NA,NA,NA,NA
"3484","899688",2,"resources/real_fg_memory_images/fg32.jpg","artificial",NA,NA,NA,NA,NA,NA,NA,NA
"3485","899688",8,"resources/real_fg_memory_images/orig1.jpg","real",NA,NA,NA,NA,NA,NA,NA,NA
"3486","899688",NA,NA,NA,NA,NA,NA,NA,NA,NA,NA,NA
"3487","899688",NA,NA,NA,NA,NA,NA,NA,1,"I have difficulty ending a phone call, even if the caller is a telemarketer, someone I do not know, or someone I do not wish to call me",NA,NA
"3488","899688",NA,NA,NA,NA,NA,NA,NA,3,"Persons over the age of 65 are often targeted by con-artists",NA,NA
"3489","899688",NA,NA,NA,NA,NA,NA,NA,4,"If something sounds too good to be true, it usually is",NA,NA
"3490","899688",NA,NA,NA,NA,NA,NA,NA,1,"I answer the phone whenever it rings, even if I do not know who is calling",NA,NA
"3491","899688",NA,NA,NA,NA,NA,NA,NA,1,"If a telemarketer calls me, I usually listen to what they have to say",NA,NA
"3492","899688",NA,NA,NA,NA,NA,NA,NA,NA,NA,NA,NA
"3493","899688",NA,NA,NA,NA,NA,NA,NA,NA,NA,"[""female_option""]",NA
"3494","899688",NA,NA,NA,NA,NA,NA,NA,NA,NA,NA,21
"3495","899688",NA,NA,NA,NA,NA,NA,NA,NA,NA,NA,NA
"3496","899688",NA,NA,NA,NA,NA,NA,NA,NA,NA,NA,NA
"3497","899688",NA,NA,NA,NA,NA,NA,NA,NA,NA,NA,NA
"3498","899688",NA,NA,NA,NA,NA,NA,NA,NA,NA,NA,NA
"3499","899688",NA,NA,NA,NA,NA,NA,NA,NA,NA,NA,NA
"3500","899688",NA,NA,NA,NA,NA,NA,NA,NA,NA,NA,NA
"3501","899688",NA,NA,NA,NA,NA,NA,NA,NA,NA,NA,NA
"3502","899688",NA,NA,NA,NA,NA,NA,NA,NA,NA,NA,NA
"3503","899688",NA,NA,NA,NA,NA,NA,NA,NA,NA,NA,NA
"3504","899688",NA,NA,NA,NA,NA,NA,NA,NA,NA,NA,NA
