participant,figure2,agegroup,textbox_comp.text,Type,Time,total_ss_answer.x,label2,type,total_ss_answer.y,accurate
007629,resources/real_fg_memory_images/fg11.jpg,Young,5,artificial,Pre,30,Scam,artificial,30,0
007629,resources/real_fg_memory_images/fg11.jpg,Young,0,artificial,Post,30,Scam,artificial,30,0
007629,resources/real_fg_memory_images/fg12.jpg,Young,0,artificial,Post,30,Scam,artificial,30,0
007629,resources/real_fg_memory_images/fg12.jpg,Young,2,artificial,Pre,30,Scam,artificial,30,0
007629,resources/real_fg_memory_images/fg7.jpg,Young,6,artificial,Pre,30,Scam,artificial,30,0
007629,resources/real_fg_memory_images/fg7.jpg,Young,4,artificial,Post,30,Scam,artificial,30,0
007629,resources/real_fg_memory_images/fg9.jpg,Young,4,artificial,Pre,30,Scam,artificial,30,0
007629,resources/real_fg_memory_images/fg9.jpg,Young,4,artificial,Post,30,Scam,artificial,30,0
007629,resources/real_fg_memory_images/orig24.jpg,Young,6,real,Pre,30,Neutral,real,30,0
007629,resources/real_fg_memory_images/orig24.jpg,Young,2,real,Post,30,Neutral,real,30,0
011780,resources/real_fg_memory_images/fg19.jpg,Young,3,artificial,Pre,25,Neutral,artificial,25,0
011780,resources/real_fg_memory_images/fg19.jpg,Young,3,artificial,Post,25,Neutral,artificial,25,0
011780,resources/real_fg_memory_images/fg21.jpg,Young,3,artificial,Pre,25,Neutral,artificial,25,0
011780,resources/real_fg_memory_images/fg21.jpg,Young,2,artificial,Post,25,Neutral,artificial,25,0
011780,resources/real_fg_memory_images/fg23.jpg,Young,2,artificial,Pre,25,Neutral,artificial,25,0
011780,resources/real_fg_memory_images/fg23.jpg,Young,4,artificial,Post,25,Neutral,artificial,25,0
011780,resources/real_fg_memory_images/fg25.jpg,Young,2,artificial,Pre,25,Scam,artificial,25,0
011780,resources/real_fg_memory_images/fg25.jpg,Young,3,artificial,Post,25,Scam,artificial,25,0
011780,resources/real_fg_memory_images/fg26.jpg,Young,3,artificial,Pre,25,Scam,artificial,25,0
011780,resources/real_fg_memory_images/fg26.jpg,Young,3,artificial,Post,25,Scam,artificial,25,0
011780,resources/real_fg_memory_images/fg30.jpg,Young,4,artificial,Pre,25,Scam,artificial,25,0
011780,resources/real_fg_memory_images/fg30.jpg,Young,3,artificial,Post,25,Scam,artificial,25,0
011780,resources/real_fg_memory_images/orig12.jpg,Young,3,real,Post,25,Scam,real,25,0
011780,resources/real_fg_memory_images/orig12.jpg,Young,5,real,Pre,25,Scam,real,25,0
011780,resources/real_fg_memory_images/orig4.jpg,Young,5,real,Pre,25,Neutral,real,25,0
011780,resources/real_fg_memory_images/orig4.jpg,Young,3,real,Post,25,Neutral,real,25,0
011780,resources/real_fg_memory_images/orig7.jpg,Young,3,real,Pre,25,Scam,real,25,0
011780,resources/real_fg_memory_images/orig7.jpg,Young,4,real,Post,25,Scam,real,25,0
011780,resources/real_fg_memory_images/orig8.jpg,Young,3,real,Pre,25,Scam,real,25,0
011780,resources/real_fg_memory_images/orig8.jpg,Young,2,real,Post,25,Scam,real,25,0
023395,resources/real_fg_memory_images/orig12.jpg,Young,3,real,Pre,25,Neutral,real,25,0
023395,resources/real_fg_memory_images/orig12.jpg,Young,2,real,Post,25,Neutral,real,25,0
026079,resources/real_fg_memory_images/fg10.jpg,Young,4,artificial,Post,22,Neutral,artificial,22,0
026079,resources/real_fg_memory_images/fg10.jpg,Young,4,artificial,Pre,22,Neutral,artificial,22,0
026079,resources/real_fg_memory_images/fg4.jpg,Young,7,artificial,Pre,22,Scam,artificial,22,0
026079,resources/real_fg_memory_images/fg4.jpg,Young,6,artificial,Post,22,Scam,artificial,22,0
026079,resources/real_fg_memory_images/fg7.jpg,Young,2,artificial,Post,22,Neutral,artificial,22,0
026079,resources/real_fg_memory_images/fg7.jpg,Young,4,artificial,Pre,22,Neutral,artificial,22,0
026079,resources/real_fg_memory_images/orig19.jpg,Young,6,real,Post,22,Scam,real,22,0
026079,resources/real_fg_memory_images/orig19.jpg,Young,6,real,Pre,22,Scam,real,22,0
026079,resources/real_fg_memory_images/orig20.jpg,Young,4,real,Post,22,Scam,real,22,0
026079,resources/real_fg_memory_images/orig20.jpg,Young,3,real,Pre,22,Scam,real,22,0
026079,resources/real_fg_memory_images/orig21.jpg,Young,5,real,Post,22,Scam,real,22,0
026079,resources/real_fg_memory_images/orig21.jpg,Young,6,real,Pre,22,Scam,real,22,0
026079,resources/real_fg_memory_images/orig22.jpg,Young,4,real,Pre,22,Scam,real,22,0
026079,resources/real_fg_memory_images/orig22.jpg,Young,8,real,Post,22,Scam,real,22,0
026079,resources/real_fg_memory_images/orig23.jpg,Young,6,real,Pre,22,Scam,real,22,0
026079,resources/real_fg_memory_images/orig23.jpg,Young,4,real,Post,22,Scam,real,22,0
026079,resources/real_fg_memory_images/orig24.jpg,Young,7,real,Post,22,Scam,real,22,0
026079,resources/real_fg_memory_images/orig24.jpg,Young,6,real,Pre,22,Scam,real,22,0
026079,resources/real_fg_memory_images/orig25.jpg,Young,3,real,Post,22,Neutral,real,22,0
026079,resources/real_fg_memory_images/orig25.jpg,Young,6,real,Pre,22,Neutral,real,22,0
050143,resources/real_fg_memory_images/fg19.jpg,Young,5,artificial,Post,29,Scam,artificial,29,0
050143,resources/real_fg_memory_images/fg19.jpg,Young,3,artificial,Pre,29,Scam,artificial,29,0
050143,resources/real_fg_memory_images/fg21.jpg,Young,2,artificial,Pre,29,Scam,artificial,29,0
050143,resources/real_fg_memory_images/fg21.jpg,Young,7,artificial,Post,29,Scam,artificial,29,0
050143,resources/real_fg_memory_images/fg30.jpg,Young,7,artificial,Pre,29,Neutral,artificial,29,0
050143,resources/real_fg_memory_images/fg30.jpg,Young,6,artificial,Post,29,Neutral,artificial,29,0
050143,resources/real_fg_memory_images/orig3.jpg,Young,6,real,Pre,29,Scam,real,29,0
050143,resources/real_fg_memory_images/orig3.jpg,Young,3,real,Post,29,Scam,real,29,0
056351,resources/real_fg_memory_images/fg19.jpg,Young,2,artificial,Pre,29,Neutral,artificial,29,0
056351,resources/real_fg_memory_images/fg19.jpg,Young,1,artificial,Post,29,Neutral,artificial,29,0
056351,resources/real_fg_memory_images/fg20.jpg,Young,1,artificial,Post,29,Neutral,artificial,29,0
056351,resources/real_fg_memory_images/fg20.jpg,Young,3,artificial,Pre,29,Neutral,artificial,29,0
056351,resources/real_fg_memory_images/fg24.jpg,Young,3,artificial,Post,29,Neutral,artificial,29,0
056351,resources/real_fg_memory_images/fg24.jpg,Young,4,artificial,Pre,29,Neutral,artificial,29,0
056351,resources/real_fg_memory_images/fg26.jpg,Young,2,artificial,Pre,29,Scam,artificial,29,0
056351,resources/real_fg_memory_images/fg26.jpg,Young,3,artificial,Post,29,Scam,artificial,29,0
056351,resources/real_fg_memory_images/fg29.jpg,Young,3,artificial,Post,29,Scam,artificial,29,0
056351,resources/real_fg_memory_images/fg29.jpg,Young,3,artificial,Pre,29,Scam,artificial,29,0
056351,resources/real_fg_memory_images/orig10.jpg,Young,6,real,Pre,29,Scam,real,29,0
056351,resources/real_fg_memory_images/orig10.jpg,Young,2,real,Post,29,Scam,real,29,0
056351,resources/real_fg_memory_images/orig11.jpg,Young,4,real,Pre,29,Scam,real,29,0
056351,resources/real_fg_memory_images/orig11.jpg,Young,6,real,Post,29,Scam,real,29,0
056351,resources/real_fg_memory_images/orig5.jpg,Young,1,real,Post,29,Neutral,real,29,0
056351,resources/real_fg_memory_images/orig5.jpg,Young,3,real,Pre,29,Neutral,real,29,0
056351,resources/real_fg_memory_images/orig9.jpg,Young,4,real,Post,29,Scam,real,29,0
056351,resources/real_fg_memory_images/orig9.jpg,Young,3,real,Pre,29,Scam,real,29,0
089411,resources/real_fg_memory_images/fg1.jpg,Young,2,artificial,Pre,29,Neutral,artificial,29,0
089411,resources/real_fg_memory_images/fg1.jpg,Young,6,artificial,Post,29,Neutral,artificial,29,0
089411,resources/real_fg_memory_images/fg11.jpg,Young,5,artificial,Post,29,Scam,artificial,29,0
089411,resources/real_fg_memory_images/fg11.jpg,Young,6,artificial,Pre,29,Scam,artificial,29,0
089411,resources/real_fg_memory_images/fg2.jpg,Young,3,artificial,Pre,29,Neutral,artificial,29,0
089411,resources/real_fg_memory_images/fg2.jpg,Young,6,artificial,Post,29,Neutral,artificial,29,0
089411,resources/real_fg_memory_images/fg3.jpg,Young,7,artificial,Post,29,Neutral,artificial,29,0
089411,resources/real_fg_memory_images/fg3.jpg,Young,6,artificial,Pre,29,Neutral,artificial,29,0
089411,resources/real_fg_memory_images/fg5.jpg,Young,4,artificial,Pre,29,Neutral,artificial,29,0
089411,resources/real_fg_memory_images/fg5.jpg,Young,2,artificial,Post,29,Neutral,artificial,29,0
089411,resources/real_fg_memory_images/fg6.jpg,Young,5,artificial,Post,29,Neutral,artificial,29,0
089411,resources/real_fg_memory_images/fg6.jpg,Young,7,artificial,Pre,29,Neutral,artificial,29,0
089411,resources/real_fg_memory_images/fg7.jpg,Young,3,artificial,Post,29,Scam,artificial,29,0
089411,resources/real_fg_memory_images/fg7.jpg,Young,6,artificial,Pre,29,Scam,artificial,29,0
089411,resources/real_fg_memory_images/fg9.jpg,Young,6,artificial,Post,29,Scam,artificial,29,0
089411,resources/real_fg_memory_images/fg9.jpg,Young,4,artificial,Pre,29,Scam,artificial,29,0
089411,resources/real_fg_memory_images/orig23.jpg,Young,6,real,Pre,29,Neutral,real,29,0
089411,resources/real_fg_memory_images/orig23.jpg,Young,2,real,Post,29,Neutral,real,29,0
089411,resources/real_fg_memory_images/orig25.jpg,Young,6,real,Pre,29,Scam,real,29,0
089411,resources/real_fg_memory_images/orig25.jpg,Young,7,real,Post,29,Scam,real,29,0
089411,resources/real_fg_memory_images/orig26.jpg,Young,9,real,Pre,29,Scam,real,29,0
089411,resources/real_fg_memory_images/orig26.jpg,Young,8,real,Post,29,Scam,real,29,0
104690,resources/real_fg_memory_images/fg21.jpg,Young,4,artificial,Post,29,Neutral,artificial,29,0
104690,resources/real_fg_memory_images/fg21.jpg,Young,6,artificial,Pre,29,Neutral,artificial,29,0
104690,resources/real_fg_memory_images/fg24.jpg,Young,3,artificial,Post,29,Neutral,artificial,29,0
104690,resources/real_fg_memory_images/fg24.jpg,Young,3,artificial,Pre,29,Neutral,artificial,29,0
104690,resources/real_fg_memory_images/fg25.jpg,Young,3,artificial,Pre,29,Scam,artificial,29,0
104690,resources/real_fg_memory_images/fg25.jpg,Young,3,artificial,Post,29,Scam,artificial,29,0
104690,resources/real_fg_memory_images/fg29.jpg,Young,6,artificial,Pre,29,Scam,artificial,29,0
104690,resources/real_fg_memory_images/fg29.jpg,Young,3,artificial,Post,29,Scam,artificial,29,0
104690,resources/real_fg_memory_images/fg30.jpg,Young,3,artificial,Post,29,Scam,artificial,29,0
104690,resources/real_fg_memory_images/fg30.jpg,Young,7,artificial,Pre,29,Scam,artificial,29,0
104690,resources/real_fg_memory_images/orig3.jpg,Young,8,real,Pre,29,Neutral,real,29,0
104690,resources/real_fg_memory_images/orig3.jpg,Young,6,real,Post,29,Neutral,real,29,0
104690,resources/real_fg_memory_images/orig6.jpg,Young,9,real,Pre,29,Neutral,real,29,0
104690,resources/real_fg_memory_images/orig6.jpg,Young,8,real,Post,29,Neutral,real,29,0
104690,resources/real_fg_memory_images/orig9.jpg,Young,6,real,Pre,29,Scam,real,29,0
104690,resources/real_fg_memory_images/orig9.jpg,Young,7,real,Post,29,Scam,real,29,0
123371,resources/real_fg_memory_images/fg5.jpg,Young,2,artificial,Pre,28,Neutral,artificial,28,0
123371,resources/real_fg_memory_images/fg5.jpg,Young,3,artificial,Post,28,Neutral,artificial,28,0
123371,resources/real_fg_memory_images/orig19.jpg,Young,7,real,Post,28,Neutral,real,28,0
123371,resources/real_fg_memory_images/orig19.jpg,Young,5,real,Pre,28,Neutral,real,28,0
123371,resources/real_fg_memory_images/orig24.jpg,Young,9,real,Pre,28,Neutral,real,28,0
123371,resources/real_fg_memory_images/orig24.jpg,Young,6,real,Post,28,Neutral,real,28,0
123371,resources/real_fg_memory_images/orig25.jpg,Young,3,real,Pre,28,Scam,real,28,0
123371,resources/real_fg_memory_images/orig25.jpg,Young,2,real,Post,28,Scam,real,28,0
129698,resources/real_fg_memory_images/fg10.jpg,Young,5,artificial,Pre,26,Scam,artificial,26,0
129698,resources/real_fg_memory_images/fg10.jpg,Young,4,artificial,Post,26,Scam,artificial,26,0
129698,resources/real_fg_memory_images/fg12.jpg,Young,0,artificial,Post,26,Scam,artificial,26,0
129698,resources/real_fg_memory_images/fg12.jpg,Young,2,artificial,Pre,26,Scam,artificial,26,0
129698,resources/real_fg_memory_images/fg6.jpg,Young,3,artificial,Pre,26,Neutral,artificial,26,0
129698,resources/real_fg_memory_images/fg6.jpg,Young,3,artificial,Post,26,Neutral,artificial,26,0
143839,resources/real_fg_memory_images/fg1.jpg,Young,7,artificial,Post,23,Neutral,artificial,23,0
143839,resources/real_fg_memory_images/fg1.jpg,Young,5,artificial,Pre,23,Neutral,artificial,23,0
143839,resources/real_fg_memory_images/fg10.jpg,Young,3,artificial,Pre,23,Scam,artificial,23,0
143839,resources/real_fg_memory_images/fg10.jpg,Young,6,artificial,Post,23,Scam,artificial,23,0
143839,resources/real_fg_memory_images/fg11.jpg,Young,3,artificial,Post,23,Scam,artificial,23,0
143839,resources/real_fg_memory_images/fg11.jpg,Young,7,artificial,Pre,23,Scam,artificial,23,0
143839,resources/real_fg_memory_images/fg12.jpg,Young,4,artificial,Post,23,Scam,artificial,23,0
143839,resources/real_fg_memory_images/fg12.jpg,Young,4,artificial,Pre,23,Scam,artificial,23,0
143839,resources/real_fg_memory_images/fg2.jpg,Young,8,artificial,Pre,23,Neutral,artificial,23,0
143839,resources/real_fg_memory_images/fg2.jpg,Young,5,artificial,Post,23,Neutral,artificial,23,0
143839,resources/real_fg_memory_images/fg3.jpg,Young,4,artificial,Pre,23,Neutral,artificial,23,0
143839,resources/real_fg_memory_images/fg3.jpg,Young,1,artificial,Post,23,Neutral,artificial,23,0
143839,resources/real_fg_memory_images/fg6.jpg,Young,6,artificial,Pre,23,Neutral,artificial,23,0
143839,resources/real_fg_memory_images/fg6.jpg,Young,6,artificial,Post,23,Neutral,artificial,23,0
143839,resources/real_fg_memory_images/fg8.jpg,Young,4,artificial,Pre,23,Scam,artificial,23,0
143839,resources/real_fg_memory_images/fg8.jpg,Young,2,artificial,Post,23,Scam,artificial,23,0
143839,resources/real_fg_memory_images/orig22.jpg,Young,4,real,Pre,23,Neutral,real,23,0
143839,resources/real_fg_memory_images/orig22.jpg,Young,4,real,Post,23,Neutral,real,23,0
143839,resources/real_fg_memory_images/orig23.jpg,Young,9,real,Post,23,Neutral,real,23,0
143839,resources/real_fg_memory_images/orig23.jpg,Young,5,real,Pre,23,Neutral,real,23,0
152441,resources/real_fg_memory_images/fg12.jpg,Young,6,artificial,Pre,22,Neutral,artificial,22,0
152441,resources/real_fg_memory_images/fg12.jpg,Young,0,artificial,Post,22,Neutral,artificial,22,0
152441,resources/real_fg_memory_images/fg4.jpg,Young,7,artificial,Post,22,Scam,artificial,22,0
152441,resources/real_fg_memory_images/fg4.jpg,Young,7,artificial,Pre,22,Scam,artificial,22,0
152441,resources/real_fg_memory_images/fg7.jpg,Young,7,artificial,Pre,22,Neutral,artificial,22,0
152441,resources/real_fg_memory_images/fg7.jpg,Young,0,artificial,Post,22,Neutral,artificial,22,0
152441,resources/real_fg_memory_images/orig23.jpg,Young,6,real,Pre,22,Scam,real,22,0
152441,resources/real_fg_memory_images/orig23.jpg,Young,3,real,Post,22,Scam,real,22,0
164281,resources/real_fg_memory_images/fg19.jpg,Young,0,artificial,Post,23,Neutral,artificial,23,0
164281,resources/real_fg_memory_images/fg19.jpg,Young,0,artificial,Pre,23,Neutral,artificial,23,0
164281,resources/real_fg_memory_images/fg20.jpg,Young,0,artificial,Post,23,Neutral,artificial,23,0
164281,resources/real_fg_memory_images/fg20.jpg,Young,3,artificial,Pre,23,Neutral,artificial,23,0
164281,resources/real_fg_memory_images/fg22.jpg,Young,1,artificial,Pre,23,Neutral,artificial,23,0
164281,resources/real_fg_memory_images/fg22.jpg,Young,0,artificial,Post,23,Neutral,artificial,23,0
164281,resources/real_fg_memory_images/fg23.jpg,Young,6,artificial,Post,23,Neutral,artificial,23,0
164281,resources/real_fg_memory_images/fg23.jpg,Young,3,artificial,Pre,23,Neutral,artificial,23,0
164281,resources/real_fg_memory_images/fg29.jpg,Young,5,artificial,Pre,23,Scam,artificial,23,0
164281,resources/real_fg_memory_images/fg29.jpg,Young,4,artificial,Post,23,Scam,artificial,23,0
164281,resources/real_fg_memory_images/orig11.jpg,Young,9,real,Post,23,Scam,real,23,0
164281,resources/real_fg_memory_images/orig11.jpg,Young,9,real,Pre,23,Scam,real,23,0
184369,resources/real_fg_memory_images/fg10.jpg,Young,6,artificial,Post,28,Neutral,artificial,28,0
184369,resources/real_fg_memory_images/fg10.jpg,Young,5,artificial,Pre,28,Neutral,artificial,28,0
184369,resources/real_fg_memory_images/fg12.jpg,Young,5,artificial,Pre,28,Neutral,artificial,28,0
184369,resources/real_fg_memory_images/fg12.jpg,Young,5,artificial,Post,28,Neutral,artificial,28,0
184369,resources/real_fg_memory_images/fg9.jpg,Young,2,artificial,Pre,28,Neutral,artificial,28,0
184369,resources/real_fg_memory_images/fg9.jpg,Young,3,artificial,Post,28,Neutral,artificial,28,0
184369,resources/real_fg_memory_images/orig25.jpg,Young,6,real,Pre,28,Neutral,real,28,0
184369,resources/real_fg_memory_images/orig25.jpg,Young,6,real,Post,28,Neutral,real,28,0
184369,resources/real_fg_memory_images/orig27.jpg,Young,2,real,Post,28,Neutral,real,28,0
184369,resources/real_fg_memory_images/orig27.jpg,Young,3,real,Pre,28,Neutral,real,28,0
185163,resources/real_fg_memory_images/fg20.jpg,Young,3,artificial,Post,28,Scam,artificial,28,0
185163,resources/real_fg_memory_images/fg20.jpg,Young,4,artificial,Pre,28,Scam,artificial,28,0
185163,resources/real_fg_memory_images/fg21.jpg,Young,4,artificial,Post,28,Scam,artificial,28,0
185163,resources/real_fg_memory_images/fg21.jpg,Young,5,artificial,Pre,28,Scam,artificial,28,0
185163,resources/real_fg_memory_images/fg23.jpg,Young,4,artificial,Pre,28,Scam,artificial,28,0
185163,resources/real_fg_memory_images/fg23.jpg,Young,4,artificial,Post,28,Scam,artificial,28,0
185163,resources/real_fg_memory_images/fg24.jpg,Young,4,artificial,Pre,28,Scam,artificial,28,0
185163,resources/real_fg_memory_images/fg24.jpg,Young,3,artificial,Post,28,Scam,artificial,28,0
185163,resources/real_fg_memory_images/orig10.jpg,Young,6,real,Pre,28,Neutral,real,28,0
185163,resources/real_fg_memory_images/orig10.jpg,Young,6,real,Post,28,Neutral,real,28,0
185163,resources/real_fg_memory_images/orig12.jpg,Young,6,real,Post,28,Neutral,real,28,0
185163,resources/real_fg_memory_images/orig12.jpg,Young,7,real,Pre,28,Neutral,real,28,0
185163,resources/real_fg_memory_images/orig3.jpg,Young,8,real,Pre,28,Scam,real,28,0
185163,resources/real_fg_memory_images/orig3.jpg,Young,6,real,Post,28,Scam,real,28,0
185163,resources/real_fg_memory_images/orig5.jpg,Young,5,real,Post,28,Scam,real,28,0
185163,resources/real_fg_memory_images/orig5.jpg,Young,5,real,Pre,28,Scam,real,28,0
185163,resources/real_fg_memory_images/orig8.jpg,Young,8,real,Pre,28,Neutral,real,28,0
185163,resources/real_fg_memory_images/orig8.jpg,Young,5,real,Post,28,Neutral,real,28,0
204436,resources/real_fg_memory_images/fg1.jpg,Young,7,artificial,Pre,24,Neutral,artificial,24,0
204436,resources/real_fg_memory_images/fg1.jpg,Young,7,artificial,Post,24,Neutral,artificial,24,0
204436,resources/real_fg_memory_images/fg12.jpg,Young,5,artificial,Pre,24,Scam,artificial,24,0
204436,resources/real_fg_memory_images/fg12.jpg,Young,4,artificial,Post,24,Scam,artificial,24,0
204436,resources/real_fg_memory_images/fg4.jpg,Young,4,artificial,Post,24,Neutral,artificial,24,0
204436,resources/real_fg_memory_images/fg4.jpg,Young,2,artificial,Pre,24,Neutral,artificial,24,0
204436,resources/real_fg_memory_images/fg6.jpg,Young,3,artificial,Post,24,Neutral,artificial,24,0
204436,resources/real_fg_memory_images/fg6.jpg,Young,3,artificial,Pre,24,Neutral,artificial,24,0
204436,resources/real_fg_memory_images/orig19.jpg,Young,5,real,Pre,24,Neutral,real,24,0
204436,resources/real_fg_memory_images/orig19.jpg,Young,7,real,Post,24,Neutral,real,24,0
204436,resources/real_fg_memory_images/orig20.jpg,Young,4,real,Pre,24,Neutral,real,24,0
204436,resources/real_fg_memory_images/orig20.jpg,Young,6,real,Post,24,Neutral,real,24,0
204436,resources/real_fg_memory_images/orig24.jpg,Young,6,real,Pre,24,Neutral,real,24,0
204436,resources/real_fg_memory_images/orig24.jpg,Young,7,real,Post,24,Neutral,real,24,0
204436,resources/real_fg_memory_images/orig25.jpg,Young,5,real,Post,24,Scam,real,24,0
204436,resources/real_fg_memory_images/orig25.jpg,Young,3,real,Pre,24,Scam,real,24,0
204436,resources/real_fg_memory_images/orig28.jpg,Young,8,real,Pre,24,Scam,real,24,0
204436,resources/real_fg_memory_images/orig28.jpg,Young,9,real,Post,24,Scam,real,24,0
204436,resources/real_fg_memory_images/orig29.jpg,Young,4,real,Pre,24,Scam,real,24,0
204436,resources/real_fg_memory_images/orig29.jpg,Young,7,real,Post,24,Scam,real,24,0
204436,resources/real_fg_memory_images/orig30.jpg,Young,8,real,Pre,24,Scam,real,24,0
204436,resources/real_fg_memory_images/orig30.jpg,Young,10,real,Post,24,Scam,real,24,0
217095,resources/real_fg_memory_images/fg10.jpg,Young,3,artificial,Post,27,Neutral,artificial,27,0
217095,resources/real_fg_memory_images/fg10.jpg,Young,6,artificial,Pre,27,Neutral,artificial,27,0
217095,resources/real_fg_memory_images/fg11.jpg,Young,4,artificial,Post,27,Neutral,artificial,27,0
217095,resources/real_fg_memory_images/fg11.jpg,Young,5,artificial,Pre,27,Neutral,artificial,27,0
217095,resources/real_fg_memory_images/fg12.jpg,Young,1,artificial,Post,27,Neutral,artificial,27,0
217095,resources/real_fg_memory_images/fg12.jpg,Young,4,artificial,Pre,27,Neutral,artificial,27,0
217095,resources/real_fg_memory_images/fg3.jpg,Young,5,artificial,Pre,27,Scam,artificial,27,0
217095,resources/real_fg_memory_images/fg3.jpg,Young,2,artificial,Post,27,Scam,artificial,27,0
217095,resources/real_fg_memory_images/fg7.jpg,Young,4,artificial,Pre,27,Neutral,artificial,27,0
217095,resources/real_fg_memory_images/fg7.jpg,Young,2,artificial,Post,27,Neutral,artificial,27,0
217095,resources/real_fg_memory_images/fg8.jpg,Young,7,artificial,Pre,27,Neutral,artificial,27,0
217095,resources/real_fg_memory_images/fg8.jpg,Young,2,artificial,Post,27,Neutral,artificial,27,0
217095,resources/real_fg_memory_images/fg9.jpg,Young,5,artificial,Pre,27,Neutral,artificial,27,0
217095,resources/real_fg_memory_images/fg9.jpg,Young,4,artificial,Post,27,Neutral,artificial,27,0
217095,resources/real_fg_memory_images/orig19.jpg,Young,8,real,Post,27,Scam,real,27,0
217095,resources/real_fg_memory_images/orig19.jpg,Young,6,real,Pre,27,Scam,real,27,0
217095,resources/real_fg_memory_images/orig22.jpg,Young,5,real,Post,27,Scam,real,27,0
217095,resources/real_fg_memory_images/orig22.jpg,Young,8,real,Pre,27,Scam,real,27,0
217095,resources/real_fg_memory_images/orig23.jpg,Young,7,real,Pre,27,Scam,real,27,0
217095,resources/real_fg_memory_images/orig23.jpg,Young,8,real,Post,27,Scam,real,27,0
217095,resources/real_fg_memory_images/orig24.jpg,Young,8,real,Post,27,Scam,real,27,0
217095,resources/real_fg_memory_images/orig24.jpg,Young,8,real,Pre,27,Scam,real,27,0
217095,resources/real_fg_memory_images/orig26.jpg,Young,5,real,Post,27,Neutral,real,27,0
217095,resources/real_fg_memory_images/orig26.jpg,Young,6,real,Pre,27,Neutral,real,27,0
232451,resources/real_fg_memory_images/fg1.jpg,Young,1,artificial,Pre,26,Neutral,artificial,26,0
232451,resources/real_fg_memory_images/fg1.jpg,Young,3,artificial,Post,26,Neutral,artificial,26,0
232451,resources/real_fg_memory_images/fg11.jpg,Young,5,artificial,Post,26,Scam,artificial,26,0
232451,resources/real_fg_memory_images/fg11.jpg,Young,6,artificial,Pre,26,Scam,artificial,26,0
232451,resources/real_fg_memory_images/fg2.jpg,Young,7,artificial,Pre,26,Neutral,artificial,26,0
232451,resources/real_fg_memory_images/fg2.jpg,Young,5,artificial,Post,26,Neutral,artificial,26,0
232451,resources/real_fg_memory_images/fg7.jpg,Young,6,artificial,Post,26,Scam,artificial,26,0
232451,resources/real_fg_memory_images/fg7.jpg,Young,4,artificial,Pre,26,Scam,artificial,26,0
232451,resources/real_fg_memory_images/orig24.jpg,Young,5,real,Pre,26,Neutral,real,26,0
232451,resources/real_fg_memory_images/orig24.jpg,Young,5,real,Post,26,Neutral,real,26,0
232451,resources/real_fg_memory_images/orig25.jpg,Young,7,real,Post,26,Scam,real,26,0
232451,resources/real_fg_memory_images/orig25.jpg,Young,7,real,Pre,26,Scam,real,26,0
232451,resources/real_fg_memory_images/orig28.jpg,Young,8,real,Post,26,Scam,real,26,0
232451,resources/real_fg_memory_images/orig28.jpg,Young,9,real,Pre,26,Scam,real,26,0
234755,resources/real_fg_memory_images/fg24.jpg,Young,2,artificial,Pre,28,Neutral,artificial,28,0
234755,resources/real_fg_memory_images/fg24.jpg,Young,6,artificial,Post,28,Neutral,artificial,28,0
234755,resources/real_fg_memory_images/fg25.jpg,Young,3,artificial,Pre,28,Scam,artificial,28,0
234755,resources/real_fg_memory_images/fg25.jpg,Young,3,artificial,Post,28,Scam,artificial,28,0
234755,resources/real_fg_memory_images/fg26.jpg,Young,3,artificial,Pre,28,Scam,artificial,28,0
234755,resources/real_fg_memory_images/fg26.jpg,Young,1,artificial,Post,28,Scam,artificial,28,0
234755,resources/real_fg_memory_images/fg28.jpg,Young,5,artificial,Post,28,Scam,artificial,28,0
234755,resources/real_fg_memory_images/fg28.jpg,Young,0,artificial,Pre,28,Scam,artificial,28,0
234755,resources/real_fg_memory_images/orig1.jpg,Young,2,real,Pre,28,Neutral,real,28,0
234755,resources/real_fg_memory_images/orig1.jpg,Young,1,real,Post,28,Neutral,real,28,0
234755,resources/real_fg_memory_images/orig12.jpg,Young,1,real,Pre,28,Scam,real,28,0
234755,resources/real_fg_memory_images/orig12.jpg,Young,1,real,Post,28,Scam,real,28,0
234755,resources/real_fg_memory_images/orig2.jpg,Young,2,real,Pre,28,Neutral,real,28,0
234755,resources/real_fg_memory_images/orig2.jpg,Young,1,real,Post,28,Neutral,real,28,0
234755,resources/real_fg_memory_images/orig3.jpg,Young,4,real,Post,28,Neutral,real,28,0
234755,resources/real_fg_memory_images/orig3.jpg,Young,5,real,Pre,28,Neutral,real,28,0
234755,resources/real_fg_memory_images/orig9.jpg,Young,4,real,Post,28,Scam,real,28,0
234755,resources/real_fg_memory_images/orig9.jpg,Young,2,real,Pre,28,Scam,real,28,0
264972,resources/real_fg_memory_images/fg22.jpg,Young,4,artificial,Pre,22,Neutral,artificial,22,0
264972,resources/real_fg_memory_images/fg22.jpg,Young,2,artificial,Post,22,Neutral,artificial,22,0
264972,resources/real_fg_memory_images/fg25.jpg,Young,1,artificial,Pre,22,Scam,artificial,22,0
264972,resources/real_fg_memory_images/fg25.jpg,Young,2,artificial,Post,22,Scam,artificial,22,0
264972,resources/real_fg_memory_images/orig1.jpg,Young,0,real,Post,22,Neutral,real,22,0
264972,resources/real_fg_memory_images/orig1.jpg,Young,2,real,Pre,22,Neutral,real,22,0
264972,resources/real_fg_memory_images/orig11.jpg,Young,5,real,Post,22,Scam,real,22,0
264972,resources/real_fg_memory_images/orig11.jpg,Young,5,real,Pre,22,Scam,real,22,0
264972,resources/real_fg_memory_images/orig3.jpg,Young,3,real,Post,22,Neutral,real,22,0
264972,resources/real_fg_memory_images/orig3.jpg,Young,5,real,Pre,22,Neutral,real,22,0
264972,resources/real_fg_memory_images/orig9.jpg,Young,2,real,Post,22,Scam,real,22,0
264972,resources/real_fg_memory_images/orig9.jpg,Young,2,real,Pre,22,Scam,real,22,0
271667,resources/real_fg_memory_images/fg1.jpg,Young,4,artificial,Post,29,Neutral,artificial,29,0
271667,resources/real_fg_memory_images/fg1.jpg,Young,3,artificial,Pre,29,Neutral,artificial,29,0
271667,resources/real_fg_memory_images/fg4.jpg,Young,10,artificial,Pre,29,Neutral,artificial,29,0
271667,resources/real_fg_memory_images/fg4.jpg,Young,4,artificial,Post,29,Neutral,artificial,29,0
271667,resources/real_fg_memory_images/fg7.jpg,Young,4,artificial,Pre,29,Scam,artificial,29,0
271667,resources/real_fg_memory_images/fg7.jpg,Young,5,artificial,Post,29,Scam,artificial,29,0
271667,resources/real_fg_memory_images/fg9.jpg,Young,4,artificial,Pre,29,Scam,artificial,29,0
271667,resources/real_fg_memory_images/fg9.jpg,Young,8,artificial,Post,29,Scam,artificial,29,0
271667,resources/real_fg_memory_images/orig19.jpg,Young,8,real,Post,29,Neutral,real,29,0
271667,resources/real_fg_memory_images/orig19.jpg,Young,6,real,Pre,29,Neutral,real,29,0
271667,resources/real_fg_memory_images/orig20.jpg,Young,8,real,Pre,29,Neutral,real,29,0
271667,resources/real_fg_memory_images/orig20.jpg,Young,10,real,Post,29,Neutral,real,29,0
271667,resources/real_fg_memory_images/orig25.jpg,Young,6,real,Post,29,Scam,real,29,0
271667,resources/real_fg_memory_images/orig25.jpg,Young,7,real,Pre,29,Scam,real,29,0
271667,resources/real_fg_memory_images/orig28.jpg,Young,8,real,Post,29,Scam,real,29,0
271667,resources/real_fg_memory_images/orig28.jpg,Young,9,real,Pre,29,Scam,real,29,0
271667,resources/real_fg_memory_images/orig29.jpg,Young,5,real,Pre,29,Scam,real,29,0
271667,resources/real_fg_memory_images/orig29.jpg,Young,4,real,Post,29,Scam,real,29,0
277518,resources/real_fg_memory_images/fg11.jpg,Young,6,artificial,Post,26,Scam,artificial,26,0
277518,resources/real_fg_memory_images/fg11.jpg,Young,8,artificial,Pre,26,Scam,artificial,26,0
277518,resources/real_fg_memory_images/fg12.jpg,Young,6,artificial,Pre,26,Scam,artificial,26,0
277518,resources/real_fg_memory_images/fg12.jpg,Young,6,artificial,Post,26,Scam,artificial,26,0
277518,resources/real_fg_memory_images/fg2.jpg,Young,7,artificial,Pre,26,Neutral,artificial,26,0
277518,resources/real_fg_memory_images/fg2.jpg,Young,8,artificial,Post,26,Neutral,artificial,26,0
277518,resources/real_fg_memory_images/fg3.jpg,Young,4,artificial,Post,26,Neutral,artificial,26,0
277518,resources/real_fg_memory_images/fg3.jpg,Young,7,artificial,Pre,26,Neutral,artificial,26,0
277518,resources/real_fg_memory_images/fg8.jpg,Young,4,artificial,Post,26,Scam,artificial,26,0
277518,resources/real_fg_memory_images/fg8.jpg,Young,6,artificial,Pre,26,Scam,artificial,26,0
277518,resources/real_fg_memory_images/orig20.jpg,Young,4,real,Post,26,Neutral,real,26,0
277518,resources/real_fg_memory_images/orig20.jpg,Young,6,real,Pre,26,Neutral,real,26,0
277518,resources/real_fg_memory_images/orig21.jpg,Young,7,real,Pre,26,Neutral,real,26,0
277518,resources/real_fg_memory_images/orig21.jpg,Young,4,real,Post,26,Neutral,real,26,0
277518,resources/real_fg_memory_images/orig22.jpg,Young,6,real,Post,26,Neutral,real,26,0
277518,resources/real_fg_memory_images/orig22.jpg,Young,6,real,Pre,26,Neutral,real,26,0
277518,resources/real_fg_memory_images/orig24.jpg,Young,6,real,Post,26,Neutral,real,26,0
277518,resources/real_fg_memory_images/orig24.jpg,Young,8,real,Pre,26,Neutral,real,26,0
277518,resources/real_fg_memory_images/orig25.jpg,Young,7,real,Pre,26,Scam,real,26,0
277518,resources/real_fg_memory_images/orig25.jpg,Young,6,real,Post,26,Scam,real,26,0
277518,resources/real_fg_memory_images/orig27.jpg,Young,5,real,Post,26,Scam,real,26,0
277518,resources/real_fg_memory_images/orig27.jpg,Young,6,real,Pre,26,Scam,real,26,0
277518,resources/real_fg_memory_images/orig28.jpg,Young,8,real,Post,26,Scam,real,26,0
277518,resources/real_fg_memory_images/orig28.jpg,Young,9,real,Pre,26,Scam,real,26,0
277518,resources/real_fg_memory_images/orig30.jpg,Young,8,real,Pre,26,Scam,real,26,0
277518,resources/real_fg_memory_images/orig30.jpg,Young,4,real,Post,26,Scam,real,26,0
282486,resources/real_fg_memory_images/fg1.jpg,Young,1,artificial,Post,26,Neutral,artificial,26,0
282486,resources/real_fg_memory_images/fg10.jpg,Young,2,artificial,Pre,26,Scam,artificial,26,0
282486,resources/real_fg_memory_images/fg10.jpg,Young,3,artificial,Post,26,Scam,artificial,26,0
282486,resources/real_fg_memory_images/fg4.jpg,Young,4,artificial,Post,26,Neutral,artificial,26,0
282486,resources/real_fg_memory_images/fg4.jpg,Young,1,artificial,Pre,26,Neutral,artificial,26,0
282486,resources/real_fg_memory_images/fg5.jpg,Young,2,artificial,Pre,26,Neutral,artificial,26,0
282486,resources/real_fg_memory_images/fg6.jpg,Young,2,artificial,Post,26,Neutral,artificial,26,0
282486,resources/real_fg_memory_images/fg6.jpg,Young,2,artificial,Pre,26,Neutral,artificial,26,0
282486,resources/real_fg_memory_images/orig30.jpg,Young,3,real,Post,26,Scam,real,26,0
282486,resources/real_fg_memory_images/orig30.jpg,Young,5,real,Pre,26,Scam,real,26,0
287721,resources/real_fg_memory_images/fg10.jpg,Young,4,artificial,Post,27,Neutral,artificial,27,0
287721,resources/real_fg_memory_images/fg10.jpg,Young,5,artificial,Pre,27,Neutral,artificial,27,0
287721,resources/real_fg_memory_images/fg11.jpg,Young,5,artificial,Pre,27,Neutral,artificial,27,0
287721,resources/real_fg_memory_images/fg11.jpg,Young,5,artificial,Post,27,Neutral,artificial,27,0
287721,resources/real_fg_memory_images/fg12.jpg,Young,2,artificial,Post,27,Neutral,artificial,27,0
287721,resources/real_fg_memory_images/fg12.jpg,Young,4,artificial,Pre,27,Neutral,artificial,27,0
287721,resources/real_fg_memory_images/fg7.jpg,Young,3,artificial,Post,27,Neutral,artificial,27,0
287721,resources/real_fg_memory_images/fg7.jpg,Young,5,artificial,Pre,27,Neutral,artificial,27,0
287721,resources/real_fg_memory_images/fg9.jpg,Young,4,artificial,Pre,27,Neutral,artificial,27,0
287721,resources/real_fg_memory_images/fg9.jpg,Young,5,artificial,Post,27,Neutral,artificial,27,0
305753,resources/real_fg_memory_images/fg10.jpg,Young,3,artificial,Pre,29,Scam,artificial,29,0
305753,resources/real_fg_memory_images/fg10.jpg,Young,3,artificial,Post,29,Scam,artificial,29,0
305753,resources/real_fg_memory_images/fg11.jpg,Young,7,artificial,Pre,29,Scam,artificial,29,0
305753,resources/real_fg_memory_images/fg11.jpg,Young,7,artificial,Post,29,Scam,artificial,29,0
305753,resources/real_fg_memory_images/fg7.jpg,Young,7,artificial,Post,29,Scam,artificial,29,0
305753,resources/real_fg_memory_images/fg7.jpg,Young,5,artificial,Pre,29,Scam,artificial,29,0
305753,resources/real_fg_memory_images/fg9.jpg,Young,7,artificial,Pre,29,Scam,artificial,29,0
305753,resources/real_fg_memory_images/fg9.jpg,Young,7,artificial,Post,29,Scam,artificial,29,0
305753,resources/real_fg_memory_images/orig20.jpg,Young,4,real,Pre,29,Neutral,real,29,0
305753,resources/real_fg_memory_images/orig20.jpg,Young,3,real,Post,29,Neutral,real,29,0
305753,resources/real_fg_memory_images/orig29.jpg,Young,8,real,Pre,29,Scam,real,29,0
305753,resources/real_fg_memory_images/orig29.jpg,Young,3,real,Post,29,Scam,real,29,0
305753,resources/real_fg_memory_images/orig30.jpg,Young,7,real,Post,29,Scam,real,29,0
305753,resources/real_fg_memory_images/orig30.jpg,Young,9,real,Pre,29,Scam,real,29,0
337202,resources/real_fg_memory_images/fg19.jpg,Young,5,artificial,Post,24,Neutral,artificial,24,0
337202,resources/real_fg_memory_images/fg19.jpg,Young,6,artificial,Pre,24,Neutral,artificial,24,0
337202,resources/real_fg_memory_images/fg20.jpg,Young,3,artificial,Post,24,Neutral,artificial,24,0
337202,resources/real_fg_memory_images/fg20.jpg,Young,4,artificial,Pre,24,Neutral,artificial,24,0
337202,resources/real_fg_memory_images/fg21.jpg,Young,5,artificial,Pre,24,Neutral,artificial,24,0
337202,resources/real_fg_memory_images/fg21.jpg,Young,4,artificial,Post,24,Neutral,artificial,24,0
337202,resources/real_fg_memory_images/fg23.jpg,Young,5,artificial,Pre,24,Neutral,artificial,24,0
337202,resources/real_fg_memory_images/fg23.jpg,Young,4,artificial,Post,24,Neutral,artificial,24,0
337202,resources/real_fg_memory_images/fg24.jpg,Young,5,artificial,Pre,24,Neutral,artificial,24,0
337202,resources/real_fg_memory_images/fg24.jpg,Young,5,artificial,Post,24,Neutral,artificial,24,0
337202,resources/real_fg_memory_images/fg25.jpg,Young,5,artificial,Post,24,Scam,artificial,24,0
337202,resources/real_fg_memory_images/fg25.jpg,Young,6,artificial,Pre,24,Scam,artificial,24,0
337202,resources/real_fg_memory_images/fg28.jpg,Young,5,artificial,Post,24,Scam,artificial,24,0
337202,resources/real_fg_memory_images/fg28.jpg,Young,6,artificial,Pre,24,Scam,artificial,24,0
337202,resources/real_fg_memory_images/orig10.jpg,Young,5,real,Pre,24,Scam,real,24,0
337202,resources/real_fg_memory_images/orig10.jpg,Young,4,real,Post,24,Scam,real,24,0
337202,resources/real_fg_memory_images/orig11.jpg,Young,5,real,Pre,24,Scam,real,24,0
337202,resources/real_fg_memory_images/orig11.jpg,Young,3,real,Post,24,Scam,real,24,0
337202,resources/real_fg_memory_images/orig4.jpg,Young,5,real,Post,24,Neutral,real,24,0
337202,resources/real_fg_memory_images/orig4.jpg,Young,4,real,Pre,24,Neutral,real,24,0
337202,resources/real_fg_memory_images/orig6.jpg,Young,4,real,Post,24,Neutral,real,24,0
337202,resources/real_fg_memory_images/orig6.jpg,Young,5,real,Pre,24,Neutral,real,24,0
337202,resources/real_fg_memory_images/orig9.jpg,Young,4,real,Pre,24,Scam,real,24,0
337202,resources/real_fg_memory_images/orig9.jpg,Young,4,real,Post,24,Scam,real,24,0
369609,resources/real_fg_memory_images/fg19.jpg,Young,3,artificial,Pre,20,Neutral,artificial,20,0
369609,resources/real_fg_memory_images/fg19.jpg,Young,4,artificial,Post,20,Neutral,artificial,20,0
369609,resources/real_fg_memory_images/fg20.jpg,Young,4,artificial,Pre,20,Neutral,artificial,20,0
369609,resources/real_fg_memory_images/fg20.jpg,Young,5,artificial,Post,20,Neutral,artificial,20,0
369609,resources/real_fg_memory_images/fg23.jpg,Young,3,artificial,Pre,20,Neutral,artificial,20,0
369609,resources/real_fg_memory_images/fg23.jpg,Young,5,artificial,Post,20,Neutral,artificial,20,0
369609,resources/real_fg_memory_images/fg24.jpg,Young,4,artificial,Post,20,Neutral,artificial,20,0
369609,resources/real_fg_memory_images/fg24.jpg,Young,5,artificial,Pre,20,Neutral,artificial,20,0
369609,resources/real_fg_memory_images/orig1.jpg,Young,5,real,Post,20,Neutral,real,20,0
369609,resources/real_fg_memory_images/orig1.jpg,Young,5,real,Pre,20,Neutral,real,20,0
369609,resources/real_fg_memory_images/orig2.jpg,Young,5,real,Pre,20,Neutral,real,20,0
369609,resources/real_fg_memory_images/orig2.jpg,Young,7,real,Post,20,Neutral,real,20,0
369609,resources/real_fg_memory_images/orig4.jpg,Young,5,real,Pre,20,Neutral,real,20,0
369609,resources/real_fg_memory_images/orig4.jpg,Young,9,real,Post,20,Neutral,real,20,0
369609,resources/real_fg_memory_images/orig5.jpg,Young,3,real,Pre,20,Neutral,real,20,0
369609,resources/real_fg_memory_images/orig5.jpg,Young,4,real,Post,20,Neutral,real,20,0
369609,resources/real_fg_memory_images/orig8.jpg,Young,5,real,Post,20,Scam,real,20,0
369609,resources/real_fg_memory_images/orig8.jpg,Young,5,real,Pre,20,Scam,real,20,0
369609,resources/real_fg_memory_images/orig9.jpg,Young,5,real,Pre,20,Scam,real,20,0
369609,resources/real_fg_memory_images/orig9.jpg,Young,5,real,Post,20,Scam,real,20,0
387610,resources/real_fg_memory_images/fg1.jpg,Young,6,artificial,Post,20,Scam,artificial,20,0
387610,resources/real_fg_memory_images/fg1.jpg,Young,2,artificial,Pre,20,Scam,artificial,20,0
387610,resources/real_fg_memory_images/fg11.jpg,Young,6,artificial,Post,20,Neutral,artificial,20,0
387610,resources/real_fg_memory_images/fg11.jpg,Young,4,artificial,Pre,20,Neutral,artificial,20,0
387610,resources/real_fg_memory_images/fg12.jpg,Young,3,artificial,Pre,20,Neutral,artificial,20,0
387610,resources/real_fg_memory_images/fg12.jpg,Young,8,artificial,Post,20,Neutral,artificial,20,0
387610,resources/real_fg_memory_images/fg4.jpg,Young,3,artificial,Pre,20,Scam,artificial,20,0
387610,resources/real_fg_memory_images/fg4.jpg,Young,0,artificial,Post,20,Scam,artificial,20,0
387610,resources/real_fg_memory_images/fg5.jpg,Young,3,artificial,Pre,20,Scam,artificial,20,0
387610,resources/real_fg_memory_images/fg5.jpg,Young,0,artificial,Post,20,Scam,artificial,20,0
387610,resources/real_fg_memory_images/fg6.jpg,Young,9,artificial,Pre,20,Scam,artificial,20,0
387610,resources/real_fg_memory_images/fg6.jpg,Young,5,artificial,Post,20,Scam,artificial,20,0
387610,resources/real_fg_memory_images/fg7.jpg,Young,1,artificial,Post,20,Neutral,artificial,20,0
387610,resources/real_fg_memory_images/fg7.jpg,Young,1,artificial,Pre,20,Neutral,artificial,20,0
387610,resources/real_fg_memory_images/fg8.jpg,Young,5,artificial,Pre,20,Neutral,artificial,20,0
387610,resources/real_fg_memory_images/fg8.jpg,Young,5,artificial,Post,20,Neutral,artificial,20,0
387610,resources/real_fg_memory_images/orig20.jpg,Young,1,real,Pre,20,Scam,real,20,0
387610,resources/real_fg_memory_images/orig20.jpg,Young,9,real,Post,20,Scam,real,20,0
387610,resources/real_fg_memory_images/orig21.jpg,Young,5,real,Post,20,Scam,real,20,0
387610,resources/real_fg_memory_images/orig21.jpg,Young,6,real,Pre,20,Scam,real,20,0
387610,resources/real_fg_memory_images/orig22.jpg,Young,0,real,Post,20,Scam,real,20,0
387610,resources/real_fg_memory_images/orig22.jpg,Young,3,real,Pre,20,Scam,real,20,0
387610,resources/real_fg_memory_images/orig23.jpg,Young,9,real,Post,20,Scam,real,20,0
387610,resources/real_fg_memory_images/orig23.jpg,Young,5,real,Pre,20,Scam,real,20,0
387610,resources/real_fg_memory_images/orig26.jpg,Young,4,real,Post,20,Neutral,real,20,0
387610,resources/real_fg_memory_images/orig26.jpg,Young,9,real,Pre,20,Neutral,real,20,0
387610,resources/real_fg_memory_images/orig27.jpg,Young,6,real,Pre,20,Neutral,real,20,0
387610,resources/real_fg_memory_images/orig29.jpg,Young,4,real,Post,20,Neutral,real,20,0
387610,resources/real_fg_memory_images/orig29.jpg,Young,9,real,Pre,20,Neutral,real,20,0
391653,resources/real_fg_memory_images/fg1.jpg,Young,4,artificial,Pre,29,Scam,artificial,29,0
391653,resources/real_fg_memory_images/fg1.jpg,Young,5,artificial,Post,29,Scam,artificial,29,0
391653,resources/real_fg_memory_images/fg10.jpg,Young,5,artificial,Pre,29,Neutral,artificial,29,0
391653,resources/real_fg_memory_images/fg10.jpg,Young,4,artificial,Post,29,Neutral,artificial,29,0
391653,resources/real_fg_memory_images/fg11.jpg,Young,6,artificial,Post,29,Neutral,artificial,29,0
391653,resources/real_fg_memory_images/fg11.jpg,Young,8,artificial,Pre,29,Neutral,artificial,29,0
391653,resources/real_fg_memory_images/fg12.jpg,Young,5,artificial,Post,29,Neutral,artificial,29,0
391653,resources/real_fg_memory_images/fg12.jpg,Young,4,artificial,Pre,29,Neutral,artificial,29,0
391653,resources/real_fg_memory_images/fg2.jpg,Young,4,artificial,Post,29,Scam,artificial,29,0
391653,resources/real_fg_memory_images/fg2.jpg,Young,4,artificial,Pre,29,Scam,artificial,29,0
391653,resources/real_fg_memory_images/fg3.jpg,Young,4,artificial,Post,29,Scam,artificial,29,0
391653,resources/real_fg_memory_images/fg3.jpg,Young,7,artificial,Pre,29,Scam,artificial,29,0
391653,resources/real_fg_memory_images/fg4.jpg,Young,4,artificial,Post,29,Scam,artificial,29,0
391653,resources/real_fg_memory_images/fg4.jpg,Young,5,artificial,Pre,29,Scam,artificial,29,0
391653,resources/real_fg_memory_images/fg6.jpg,Young,5,artificial,Pre,29,Scam,artificial,29,0
391653,resources/real_fg_memory_images/fg6.jpg,Young,7,artificial,Post,29,Scam,artificial,29,0
391653,resources/real_fg_memory_images/orig23.jpg,Young,6,real,Post,29,Scam,real,29,0
391653,resources/real_fg_memory_images/orig23.jpg,Young,5,real,Pre,29,Scam,real,29,0
391653,resources/real_fg_memory_images/orig25.jpg,Young,7,real,Pre,29,Neutral,real,29,0
391653,resources/real_fg_memory_images/orig25.jpg,Young,7,real,Post,29,Neutral,real,29,0
391653,resources/real_fg_memory_images/orig28.jpg,Young,8,real,Post,29,Neutral,real,29,0
391653,resources/real_fg_memory_images/orig28.jpg,Young,9,real,Pre,29,Neutral,real,29,0
391653,resources/real_fg_memory_images/orig30.jpg,Young,5,real,Post,29,Neutral,real,29,0
391653,resources/real_fg_memory_images/orig30.jpg,Young,4,real,Pre,29,Neutral,real,29,0
398010,resources/real_fg_memory_images/fg1.jpg,Young,0,artificial,Post,27,Scam,artificial,27,0
398010,resources/real_fg_memory_images/fg1.jpg,Young,0,artificial,Pre,27,Scam,artificial,27,0
398010,resources/real_fg_memory_images/fg10.jpg,Young,0,artificial,Pre,27,Neutral,artificial,27,0
398010,resources/real_fg_memory_images/fg10.jpg,Young,0,artificial,Post,27,Neutral,artificial,27,0
398010,resources/real_fg_memory_images/fg12.jpg,Young,0,artificial,Post,27,Neutral,artificial,27,0
398010,resources/real_fg_memory_images/fg12.jpg,Young,0,artificial,Pre,27,Neutral,artificial,27,0
398010,resources/real_fg_memory_images/fg3.jpg,Young,1,artificial,Post,27,Scam,artificial,27,0
398010,resources/real_fg_memory_images/fg3.jpg,Young,0,artificial,Pre,27,Scam,artificial,27,0
398010,resources/real_fg_memory_images/fg4.jpg,Young,0,artificial,Pre,27,Scam,artificial,27,0
398010,resources/real_fg_memory_images/fg4.jpg,Young,0,artificial,Post,27,Scam,artificial,27,0
398010,resources/real_fg_memory_images/fg5.jpg,Young,0,artificial,Pre,27,Scam,artificial,27,0
398010,resources/real_fg_memory_images/fg5.jpg,Young,0,artificial,Post,27,Scam,artificial,27,0
398010,resources/real_fg_memory_images/fg6.jpg,Young,0,artificial,Pre,27,Scam,artificial,27,0
398010,resources/real_fg_memory_images/fg6.jpg,Young,0,artificial,Post,27,Scam,artificial,27,0
398010,resources/real_fg_memory_images/fg8.jpg,Young,0,artificial,Pre,27,Neutral,artificial,27,0
398010,resources/real_fg_memory_images/fg8.jpg,Young,0,artificial,Post,27,Neutral,artificial,27,0
398010,resources/real_fg_memory_images/fg9.jpg,Young,1,artificial,Post,27,Neutral,artificial,27,0
398010,resources/real_fg_memory_images/fg9.jpg,Young,3,artificial,Pre,27,Neutral,artificial,27,0
398010,resources/real_fg_memory_images/orig20.jpg,Young,3,real,Pre,27,Scam,real,27,0
398010,resources/real_fg_memory_images/orig20.jpg,Young,3,real,Post,27,Scam,real,27,0
398010,resources/real_fg_memory_images/orig24.jpg,Young,4,real,Post,27,Scam,real,27,0
398010,resources/real_fg_memory_images/orig24.jpg,Young,4,real,Pre,27,Scam,real,27,0
398010,resources/real_fg_memory_images/orig25.jpg,Young,2,real,Post,27,Neutral,real,27,0
398010,resources/real_fg_memory_images/orig25.jpg,Young,1,real,Pre,27,Neutral,real,27,0
398010,resources/real_fg_memory_images/orig27.jpg,Young,6,real,Post,27,Neutral,real,27,0
398010,resources/real_fg_memory_images/orig27.jpg,Young,6,real,Pre,27,Neutral,real,27,0
398010,resources/real_fg_memory_images/orig28.jpg,Young,5,real,Post,27,Neutral,real,27,0
398010,resources/real_fg_memory_images/orig28.jpg,Young,2,real,Pre,27,Neutral,real,27,0
411563,resources/real_fg_memory_images/fg19.jpg,Young,3,artificial,Post,30,Scam,artificial,30,0
411563,resources/real_fg_memory_images/fg19.jpg,Young,6,artificial,Pre,30,Scam,artificial,30,0
411563,resources/real_fg_memory_images/fg20.jpg,Young,6,artificial,Post,30,Scam,artificial,30,0
411563,resources/real_fg_memory_images/fg20.jpg,Young,6,artificial,Pre,30,Scam,artificial,30,0
411563,resources/real_fg_memory_images/fg23.jpg,Young,7,artificial,Post,30,Scam,artificial,30,0
411563,resources/real_fg_memory_images/fg23.jpg,Young,5,artificial,Pre,30,Scam,artificial,30,0
411563,resources/real_fg_memory_images/fg24.jpg,Young,3,artificial,Pre,30,Scam,artificial,30,0
411563,resources/real_fg_memory_images/fg24.jpg,Young,6,artificial,Post,30,Scam,artificial,30,0
411563,resources/real_fg_memory_images/orig12.jpg,Young,3,real,Post,30,Neutral,real,30,0
411563,resources/real_fg_memory_images/orig12.jpg,Young,6,real,Pre,30,Neutral,real,30,0
411563,resources/real_fg_memory_images/orig6.jpg,Young,7,real,Pre,30,Scam,real,30,0
411563,resources/real_fg_memory_images/orig6.jpg,Young,4,real,Post,30,Scam,real,30,0
411563,resources/real_fg_memory_images/orig8.jpg,Young,4,real,Pre,30,Neutral,real,30,0
411563,resources/real_fg_memory_images/orig8.jpg,Young,8,real,Post,30,Neutral,real,30,0
419102,resources/real_fg_memory_images/fg1.jpg,Young,2,artificial,Post,25,Neutral,artificial,25,0
419102,resources/real_fg_memory_images/fg1.jpg,Young,3,artificial,Pre,25,Neutral,artificial,25,0
419102,resources/real_fg_memory_images/fg12.jpg,Young,2,artificial,Pre,25,Scam,artificial,25,0
419102,resources/real_fg_memory_images/fg12.jpg,Young,3,artificial,Post,25,Scam,artificial,25,0
419102,resources/real_fg_memory_images/fg2.jpg,Young,4,artificial,Post,25,Neutral,artificial,25,0
419102,resources/real_fg_memory_images/fg2.jpg,Young,5,artificial,Pre,25,Neutral,artificial,25,0
419102,resources/real_fg_memory_images/fg6.jpg,Young,4,artificial,Pre,25,Neutral,artificial,25,0
419102,resources/real_fg_memory_images/fg6.jpg,Young,5,artificial,Post,25,Neutral,artificial,25,0
419102,resources/real_fg_memory_images/orig20.jpg,Young,3,real,Post,25,Neutral,real,25,0
419102,resources/real_fg_memory_images/orig20.jpg,Young,4,real,Pre,25,Neutral,real,25,0
419102,resources/real_fg_memory_images/orig25.jpg,Young,3,real,Post,25,Scam,real,25,0
419102,resources/real_fg_memory_images/orig25.jpg,Young,3,real,Pre,25,Scam,real,25,0
419409,resources/real_fg_memory_images/fg19.jpg,Young,0,artificial,Post,27,Neutral,artificial,27,0
419409,resources/real_fg_memory_images/fg19.jpg,Young,0,artificial,Pre,27,Neutral,artificial,27,0
419409,resources/real_fg_memory_images/fg23.jpg,Young,0,artificial,Pre,27,Neutral,artificial,27,0
419409,resources/real_fg_memory_images/fg23.jpg,Young,0,artificial,Post,27,Neutral,artificial,27,0
419409,resources/real_fg_memory_images/fg25.jpg,Young,0,artificial,Post,27,Scam,artificial,27,0
419409,resources/real_fg_memory_images/fg25.jpg,Young,0,artificial,Pre,27,Scam,artificial,27,0
419409,resources/real_fg_memory_images/fg28.jpg,Young,8,artificial,Pre,27,Scam,artificial,27,0
419409,resources/real_fg_memory_images/fg28.jpg,Young,8,artificial,Post,27,Scam,artificial,27,0
419409,resources/real_fg_memory_images/fg30.jpg,Young,1,artificial,Pre,27,Scam,artificial,27,0
419409,resources/real_fg_memory_images/fg30.jpg,Young,0,artificial,Post,27,Scam,artificial,27,0
419409,resources/real_fg_memory_images/orig1.jpg,Young,0,real,Pre,27,Neutral,real,27,0
419409,resources/real_fg_memory_images/orig1.jpg,Young,4,real,Post,27,Neutral,real,27,0
419409,resources/real_fg_memory_images/orig9.jpg,Young,3,real,Post,27,Scam,real,27,0
419409,resources/real_fg_memory_images/orig9.jpg,Young,1,real,Pre,27,Scam,real,27,0
422657,resources/real_fg_memory_images/fg12.jpg,Young,1,artificial,Post,24,Neutral,artificial,24,0
422657,resources/real_fg_memory_images/fg12.jpg,Young,2,artificial,Pre,24,Neutral,artificial,24,0
422657,resources/real_fg_memory_images/fg2.jpg,Young,5,artificial,Post,24,Scam,artificial,24,0
422657,resources/real_fg_memory_images/fg2.jpg,Young,6,artificial,Pre,24,Scam,artificial,24,0
422657,resources/real_fg_memory_images/fg9.jpg,Young,1,artificial,Pre,24,Neutral,artificial,24,0
422657,resources/real_fg_memory_images/fg9.jpg,Young,3,artificial,Post,24,Neutral,artificial,24,0
422657,resources/real_fg_memory_images/orig25.jpg,Young,1,real,Post,24,Neutral,real,24,0
422657,resources/real_fg_memory_images/orig25.jpg,Young,4,real,Pre,24,Neutral,real,24,0
432319,resources/real_fg_memory_images/fg1.jpg,Young,8,artificial,Post,20,Neutral,artificial,20,0
432319,resources/real_fg_memory_images/fg1.jpg,Young,2,artificial,Pre,20,Neutral,artificial,20,0
432319,resources/real_fg_memory_images/fg2.jpg,Young,1,artificial,Post,20,Neutral,artificial,20,0
432319,resources/real_fg_memory_images/fg2.jpg,Young,3,artificial,Pre,20,Neutral,artificial,20,0
432319,resources/real_fg_memory_images/fg3.jpg,Young,3,artificial,Pre,20,Neutral,artificial,20,0
432319,resources/real_fg_memory_images/fg3.jpg,Young,3,artificial,Post,20,Neutral,artificial,20,0
432319,resources/real_fg_memory_images/fg5.jpg,Young,1,artificial,Pre,20,Neutral,artificial,20,0
432319,resources/real_fg_memory_images/fg5.jpg,Young,3,artificial,Post,20,Neutral,artificial,20,0
432319,resources/real_fg_memory_images/fg6.jpg,Young,3,artificial,Post,20,Neutral,artificial,20,0
432319,resources/real_fg_memory_images/fg6.jpg,Young,3,artificial,Pre,20,Neutral,artificial,20,0
432319,resources/real_fg_memory_images/fg7.jpg,Young,5,artificial,Pre,20,Scam,artificial,20,0
432319,resources/real_fg_memory_images/fg7.jpg,Young,6,artificial,Post,20,Scam,artificial,20,0
432319,resources/real_fg_memory_images/fg8.jpg,Young,2,artificial,Post,20,Scam,artificial,20,0
432319,resources/real_fg_memory_images/fg8.jpg,Young,4,artificial,Pre,20,Scam,artificial,20,0
432319,resources/real_fg_memory_images/fg9.jpg,Young,3,artificial,Post,20,Scam,artificial,20,0
432319,resources/real_fg_memory_images/fg9.jpg,Young,1,artificial,Pre,20,Scam,artificial,20,0
432319,resources/real_fg_memory_images/orig24.jpg,Young,7,real,Pre,20,Neutral,real,20,0
432319,resources/real_fg_memory_images/orig24.jpg,Young,5,real,Post,20,Neutral,real,20,0
432319,resources/real_fg_memory_images/orig26.jpg,Young,5,real,Post,20,Scam,real,20,0
432319,resources/real_fg_memory_images/orig26.jpg,Young,6,real,Pre,20,Scam,real,20,0
432319,resources/real_fg_memory_images/orig30.jpg,Young,3,real,Pre,20,Scam,real,20,0
432319,resources/real_fg_memory_images/orig30.jpg,Young,6,real,Post,20,Scam,real,20,0
439164,resources/real_fg_memory_images/fg10.jpg,Young,5,artificial,Pre,21,Scam,artificial,21,0
439164,resources/real_fg_memory_images/fg10.jpg,Young,4,artificial,Post,21,Scam,artificial,21,0
439164,resources/real_fg_memory_images/fg2.jpg,Young,2,artificial,Post,21,Neutral,artificial,21,0
439164,resources/real_fg_memory_images/fg2.jpg,Young,4,artificial,Pre,21,Neutral,artificial,21,0
439164,resources/real_fg_memory_images/orig22.jpg,Young,5,real,Post,21,Neutral,real,21,0
439164,resources/real_fg_memory_images/orig22.jpg,Young,4,real,Pre,21,Neutral,real,21,0
439164,resources/real_fg_memory_images/orig25.jpg,Young,5,real,Post,21,Scam,real,21,0
439164,resources/real_fg_memory_images/orig25.jpg,Young,5,real,Pre,21,Scam,real,21,0
449778,resources/real_fg_memory_images/fg10.jpg,Young,8,artificial,Post,25,Scam,artificial,25,0
449778,resources/real_fg_memory_images/fg10.jpg,Young,4,artificial,Pre,25,Scam,artificial,25,0
449778,resources/real_fg_memory_images/fg11.jpg,Young,6,artificial,Post,25,Scam,artificial,25,0
449778,resources/real_fg_memory_images/fg11.jpg,Young,5,artificial,Pre,25,Scam,artificial,25,0
449778,resources/real_fg_memory_images/fg2.jpg,Young,5,artificial,Pre,25,Neutral,artificial,25,0
449778,resources/real_fg_memory_images/fg2.jpg,Young,6,artificial,Post,25,Neutral,artificial,25,0
449778,resources/real_fg_memory_images/fg3.jpg,Young,5,artificial,Pre,25,Neutral,artificial,25,0
449778,resources/real_fg_memory_images/fg3.jpg,Young,5,artificial,Post,25,Neutral,artificial,25,0
449778,resources/real_fg_memory_images/fg8.jpg,Young,8,artificial,Post,25,Scam,artificial,25,0
449778,resources/real_fg_memory_images/fg8.jpg,Young,5,artificial,Pre,25,Scam,artificial,25,0
449778,resources/real_fg_memory_images/fg9.jpg,Young,4,artificial,Pre,25,Scam,artificial,25,0
449778,resources/real_fg_memory_images/fg9.jpg,Young,8,artificial,Post,25,Scam,artificial,25,0
449778,resources/real_fg_memory_images/orig19.jpg,Young,6,real,Post,25,Neutral,real,25,0
449778,resources/real_fg_memory_images/orig19.jpg,Young,8,real,Pre,25,Neutral,real,25,0
449778,resources/real_fg_memory_images/orig23.jpg,Young,8,real,Post,25,Neutral,real,25,0
449778,resources/real_fg_memory_images/orig23.jpg,Young,6,real,Pre,25,Neutral,real,25,0
449778,resources/real_fg_memory_images/orig26.jpg,Young,7,real,Post,25,Scam,real,25,0
449778,resources/real_fg_memory_images/orig26.jpg,Young,7,real,Pre,25,Scam,real,25,0
449778,resources/real_fg_memory_images/orig30.jpg,Young,8,real,Pre,25,Scam,real,25,0
449778,resources/real_fg_memory_images/orig30.jpg,Young,8,real,Post,25,Scam,real,25,0
450404,resources/real_fg_memory_images/fg22.jpg,Young,2,artificial,Pre,21,Scam,artificial,21,0
450404,resources/real_fg_memory_images/fg22.jpg,Young,4,artificial,Post,21,Scam,artificial,21,0
450404,resources/real_fg_memory_images/fg23.jpg,Young,0,artificial,Post,21,Scam,artificial,21,0
450404,resources/real_fg_memory_images/fg23.jpg,Young,0,artificial,Pre,21,Scam,artificial,21,0
450404,resources/real_fg_memory_images/fg27.jpg,Young,0,artificial,Pre,21,Neutral,artificial,21,0
450404,resources/real_fg_memory_images/fg27.jpg,Young,3,artificial,Post,21,Neutral,artificial,21,0
450404,resources/real_fg_memory_images/fg29.jpg,Young,2,artificial,Post,21,Neutral,artificial,21,0
450404,resources/real_fg_memory_images/fg29.jpg,Young,3,artificial,Pre,21,Neutral,artificial,21,0
450404,resources/real_fg_memory_images/orig1.jpg,Young,5,real,Post,21,Scam,real,21,0
450404,resources/real_fg_memory_images/orig1.jpg,Young,4,real,Pre,21,Scam,real,21,0
450404,resources/real_fg_memory_images/orig7.jpg,Young,7,real,Post,21,Neutral,real,21,0
450404,resources/real_fg_memory_images/orig7.jpg,Young,5,real,Pre,21,Neutral,real,21,0
450404,resources/real_fg_memory_images/orig9.jpg,Young,2,real,Post,21,Neutral,real,21,0
450404,resources/real_fg_memory_images/orig9.jpg,Young,3,real,Pre,21,Neutral,real,21,0
452251,resources/real_fg_memory_images/fg25.jpg,Young,4,artificial,Post,24,Scam,artificial,24,0
452251,resources/real_fg_memory_images/fg25.jpg,Young,4,artificial,Pre,24,Scam,artificial,24,0
452251,resources/real_fg_memory_images/fg30.jpg,Young,7,artificial,Pre,24,Scam,artificial,24,0
452251,resources/real_fg_memory_images/fg30.jpg,Young,3,artificial,Post,24,Scam,artificial,24,0
452251,resources/real_fg_memory_images/orig11.jpg,Young,7,real,Pre,24,Scam,real,24,0
452251,resources/real_fg_memory_images/orig11.jpg,Young,5,real,Post,24,Scam,real,24,0
452251,resources/real_fg_memory_images/orig12.jpg,Young,6,real,Pre,24,Scam,real,24,0
452251,resources/real_fg_memory_images/orig12.jpg,Young,7,real,Post,24,Scam,real,24,0
452251,resources/real_fg_memory_images/orig7.jpg,Young,4,real,Pre,24,Scam,real,24,0
452251,resources/real_fg_memory_images/orig7.jpg,Young,7,real,Post,24,Scam,real,24,0
452251,resources/real_fg_memory_images/orig9.jpg,Young,5,real,Post,24,Scam,real,24,0
452251,resources/real_fg_memory_images/orig9.jpg,Young,7,real,Pre,24,Scam,real,24,0
464935,resources/real_fg_memory_images/fg20.jpg,Young,4,artificial,Pre,22,Neutral,artificial,22,0
464935,resources/real_fg_memory_images/fg20.jpg,Young,4,artificial,Post,22,Neutral,artificial,22,0
464935,resources/real_fg_memory_images/fg21.jpg,Young,4,artificial,Post,22,Neutral,artificial,22,0
464935,resources/real_fg_memory_images/fg21.jpg,Young,5,artificial,Pre,22,Neutral,artificial,22,0
464935,resources/real_fg_memory_images/fg24.jpg,Young,4,artificial,Pre,22,Neutral,artificial,22,0
464935,resources/real_fg_memory_images/fg24.jpg,Young,4,artificial,Post,22,Neutral,artificial,22,0
464935,resources/real_fg_memory_images/fg28.jpg,Young,7,artificial,Pre,22,Scam,artificial,22,0
464935,resources/real_fg_memory_images/fg28.jpg,Young,7,artificial,Post,22,Scam,artificial,22,0
464935,resources/real_fg_memory_images/orig2.jpg,Young,4,real,Post,22,Neutral,real,22,0
464935,resources/real_fg_memory_images/orig2.jpg,Young,7,real,Pre,22,Neutral,real,22,0
464935,resources/real_fg_memory_images/orig5.jpg,Young,4,real,Pre,22,Neutral,real,22,0
464935,resources/real_fg_memory_images/orig5.jpg,Young,4,real,Post,22,Neutral,real,22,0
466599,resources/real_fg_memory_images/fg21.jpg,Young,6,artificial,Pre,29,Scam,artificial,29,0
466599,resources/real_fg_memory_images/fg21.jpg,Young,7,artificial,Post,29,Scam,artificial,29,0
466599,resources/real_fg_memory_images/fg25.jpg,Young,4,artificial,Post,29,Neutral,artificial,29,0
466599,resources/real_fg_memory_images/fg25.jpg,Young,5,artificial,Pre,29,Neutral,artificial,29,0
466599,resources/real_fg_memory_images/fg28.jpg,Young,5,artificial,Pre,29,Neutral,artificial,29,0
466599,resources/real_fg_memory_images/fg28.jpg,Young,8,artificial,Post,29,Neutral,artificial,29,0
466599,resources/real_fg_memory_images/orig1.jpg,Young,5,real,Pre,29,Scam,real,29,0
466599,resources/real_fg_memory_images/orig1.jpg,Young,5,real,Post,29,Scam,real,29,0
466599,resources/real_fg_memory_images/orig12.jpg,Young,5,real,Pre,29,Neutral,real,29,0
466599,resources/real_fg_memory_images/orig12.jpg,Young,5,real,Post,29,Neutral,real,29,0
466599,resources/real_fg_memory_images/orig2.jpg,Young,7,real,Pre,29,Scam,real,29,0
466599,resources/real_fg_memory_images/orig2.jpg,Young,6,real,Post,29,Scam,real,29,0
466599,resources/real_fg_memory_images/orig9.jpg,Young,4,real,Post,29,Neutral,real,29,0
466599,resources/real_fg_memory_images/orig9.jpg,Young,5,real,Pre,29,Neutral,real,29,0
473890,resources/real_fg_memory_images/fg20.jpg,Young,1,artificial,Pre,24,Scam,artificial,24,0
473890,resources/real_fg_memory_images/fg20.jpg,Young,2,artificial,Post,24,Scam,artificial,24,0
473890,resources/real_fg_memory_images/fg21.jpg,Young,4,artificial,Post,24,Scam,artificial,24,0
473890,resources/real_fg_memory_images/fg21.jpg,Young,5,artificial,Pre,24,Scam,artificial,24,0
473890,resources/real_fg_memory_images/fg23.jpg,Young,2,artificial,Post,24,Scam,artificial,24,0
473890,resources/real_fg_memory_images/fg23.jpg,Young,2,artificial,Pre,24,Scam,artificial,24,0
473890,resources/real_fg_memory_images/fg27.jpg,Young,4,artificial,Pre,24,Neutral,artificial,24,0
473890,resources/real_fg_memory_images/fg27.jpg,Young,7,artificial,Post,24,Neutral,artificial,24,0
473890,resources/real_fg_memory_images/fg29.jpg,Young,4,artificial,Pre,24,Neutral,artificial,24,0
473890,resources/real_fg_memory_images/fg29.jpg,Young,2,artificial,Post,24,Neutral,artificial,24,0
473890,resources/real_fg_memory_images/orig12.jpg,Young,4,real,Post,24,Neutral,real,24,0
473890,resources/real_fg_memory_images/orig12.jpg,Young,6,real,Pre,24,Neutral,real,24,0
473890,resources/real_fg_memory_images/orig2.jpg,Young,5,real,Pre,24,Scam,real,24,0
473890,resources/real_fg_memory_images/orig2.jpg,Young,5,real,Post,24,Scam,real,24,0
473890,resources/real_fg_memory_images/orig4.jpg,Young,6,real,Post,24,Scam,real,24,0
473890,resources/real_fg_memory_images/orig4.jpg,Young,6,real,Pre,24,Scam,real,24,0
473890,resources/real_fg_memory_images/orig9.jpg,Young,3,real,Pre,24,Neutral,real,24,0
473890,resources/real_fg_memory_images/orig9.jpg,Young,3,real,Post,24,Neutral,real,24,0
475074,resources/real_fg_memory_images/fg25.jpg,Young,0,artificial,Post,28,Neutral,artificial,28,0
475074,resources/real_fg_memory_images/fg25.jpg,Young,0,artificial,Pre,28,Neutral,artificial,28,0
475074,resources/real_fg_memory_images/fg26.jpg,Young,0,artificial,Post,28,Neutral,artificial,28,0
475074,resources/real_fg_memory_images/fg26.jpg,Young,0,artificial,Pre,28,Neutral,artificial,28,0
475074,resources/real_fg_memory_images/fg27.jpg,Young,0,artificial,Post,28,Neutral,artificial,28,0
475074,resources/real_fg_memory_images/fg27.jpg,Young,0,artificial,Pre,28,Neutral,artificial,28,0
475074,resources/real_fg_memory_images/fg28.jpg,Young,0,artificial,Pre,28,Neutral,artificial,28,0
475074,resources/real_fg_memory_images/fg28.jpg,Young,0,artificial,Post,28,Neutral,artificial,28,0
475074,resources/real_fg_memory_images/fg30.jpg,Young,8,artificial,Pre,28,Neutral,artificial,28,0
475074,resources/real_fg_memory_images/fg30.jpg,Young,0,artificial,Post,28,Neutral,artificial,28,0
475074,resources/real_fg_memory_images/orig10.jpg,Young,8,real,Post,28,Neutral,real,28,0
475074,resources/real_fg_memory_images/orig10.jpg,Young,6,real,Pre,28,Neutral,real,28,0
475074,resources/real_fg_memory_images/orig5.jpg,Young,3,real,Post,28,Scam,real,28,0
475074,resources/real_fg_memory_images/orig5.jpg,Young,2,real,Pre,28,Scam,real,28,0
475074,resources/real_fg_memory_images/orig6.jpg,Young,2,real,Pre,28,Scam,real,28,0
475074,resources/real_fg_memory_images/orig6.jpg,Young,5,real,Post,28,Scam,real,28,0
478150,resources/real_fg_memory_images/fg21.jpg,Young,0,artificial,Pre,26,Scam,artificial,26,0
478150,resources/real_fg_memory_images/fg21.jpg,Young,0,artificial,Post,26,Scam,artificial,26,0
478150,resources/real_fg_memory_images/fg25.jpg,Young,0,artificial,Post,26,Neutral,artificial,26,0
478150,resources/real_fg_memory_images/fg25.jpg,Young,0,artificial,Pre,26,Neutral,artificial,26,0
478150,resources/real_fg_memory_images/fg27.jpg,Young,0,artificial,Post,26,Neutral,artificial,26,0
478150,resources/real_fg_memory_images/fg27.jpg,Young,0,artificial,Pre,26,Neutral,artificial,26,0
478150,resources/real_fg_memory_images/fg29.jpg,Young,0,artificial,Pre,26,Neutral,artificial,26,0
478150,resources/real_fg_memory_images/fg29.jpg,Young,0,artificial,Post,26,Neutral,artificial,26,0
478150,resources/real_fg_memory_images/orig3.jpg,Young,3,real,Pre,26,Scam,real,26,0
478150,resources/real_fg_memory_images/orig3.jpg,Young,6,real,Post,26,Scam,real,26,0
478150,resources/real_fg_memory_images/orig6.jpg,Young,8,real,Pre,26,Scam,real,26,0
478150,resources/real_fg_memory_images/orig6.jpg,Young,7,real,Post,26,Scam,real,26,0
478150,resources/real_fg_memory_images/orig7.jpg,Young,7,real,Post,26,Neutral,real,26,0
478150,resources/real_fg_memory_images/orig7.jpg,Young,4,real,Pre,26,Neutral,real,26,0
478150,resources/real_fg_memory_images/orig9.jpg,Young,5,real,Post,26,Neutral,real,26,0
478150,resources/real_fg_memory_images/orig9.jpg,Young,4,real,Pre,26,Neutral,real,26,0
478757,resources/real_fg_memory_images/fg19.jpg,Young,1,artificial,Pre,27,Neutral,artificial,27,0
478757,resources/real_fg_memory_images/fg19.jpg,Young,1,artificial,Post,27,Neutral,artificial,27,0
478757,resources/real_fg_memory_images/fg21.jpg,Young,1,artificial,Post,27,Neutral,artificial,27,0
478757,resources/real_fg_memory_images/fg21.jpg,Young,1,artificial,Pre,27,Neutral,artificial,27,0
478757,resources/real_fg_memory_images/fg26.jpg,Young,1,artificial,Post,27,Scam,artificial,27,0
478757,resources/real_fg_memory_images/fg26.jpg,Young,1,artificial,Pre,27,Scam,artificial,27,0
478757,resources/real_fg_memory_images/fg28.jpg,Young,1,artificial,Pre,27,Scam,artificial,27,0
478757,resources/real_fg_memory_images/fg28.jpg,Young,1,artificial,Post,27,Scam,artificial,27,0
478757,resources/real_fg_memory_images/orig4.jpg,Young,6,real,Post,27,Neutral,real,27,0
478757,resources/real_fg_memory_images/orig4.jpg,Young,8,real,Pre,27,Neutral,real,27,0
478757,resources/real_fg_memory_images/orig9.jpg,Young,3,real,Pre,27,Scam,real,27,0
478757,resources/real_fg_memory_images/orig9.jpg,Young,4,real,Post,27,Scam,real,27,0
482395,resources/real_fg_memory_images/fg10.jpg,Young,4,artificial,Pre,20,Neutral,artificial,20,0
482395,resources/real_fg_memory_images/fg10.jpg,Young,0,artificial,Post,20,Neutral,artificial,20,0
482395,resources/real_fg_memory_images/fg11.jpg,Young,5,artificial,Pre,20,Neutral,artificial,20,0
482395,resources/real_fg_memory_images/fg11.jpg,Young,2,artificial,Post,20,Neutral,artificial,20,0
482395,resources/real_fg_memory_images/fg12.jpg,Young,6,artificial,Pre,20,Neutral,artificial,20,0
482395,resources/real_fg_memory_images/fg12.jpg,Young,4,artificial,Post,20,Neutral,artificial,20,0
482395,resources/real_fg_memory_images/fg7.jpg,Young,3,artificial,Post,20,Neutral,artificial,20,0
482395,resources/real_fg_memory_images/fg7.jpg,Young,4,artificial,Pre,20,Neutral,artificial,20,0
482395,resources/real_fg_memory_images/fg8.jpg,Young,1,artificial,Post,20,Neutral,artificial,20,0
482395,resources/real_fg_memory_images/fg8.jpg,Young,5,artificial,Pre,20,Neutral,artificial,20,0
482395,resources/real_fg_memory_images/orig19.jpg,Young,5,real,Post,20,Scam,real,20,0
482395,resources/real_fg_memory_images/orig19.jpg,Young,5,real,Pre,20,Scam,real,20,0
482395,resources/real_fg_memory_images/orig20.jpg,Young,8,real,Pre,20,Scam,real,20,0
482395,resources/real_fg_memory_images/orig20.jpg,Young,6,real,Post,20,Scam,real,20,0
482395,resources/real_fg_memory_images/orig23.jpg,Young,5,real,Pre,20,Scam,real,20,0
482395,resources/real_fg_memory_images/orig23.jpg,Young,5,real,Post,20,Scam,real,20,0
482395,resources/real_fg_memory_images/orig24.jpg,Young,6,real,Post,20,Scam,real,20,0
482395,resources/real_fg_memory_images/orig24.jpg,Young,5,real,Pre,20,Scam,real,20,0
482395,resources/real_fg_memory_images/orig30.jpg,Young,5,real,Post,20,Neutral,real,20,0
482395,resources/real_fg_memory_images/orig30.jpg,Young,8,real,Pre,20,Neutral,real,20,0
484966,resources/real_fg_memory_images/fg1.jpg,Young,2,artificial,Pre,21,Neutral,artificial,21,0
484966,resources/real_fg_memory_images/fg1.jpg,Young,1,artificial,Post,21,Neutral,artificial,21,0
484966,resources/real_fg_memory_images/fg4.jpg,Young,0,artificial,Pre,21,Neutral,artificial,21,0
484966,resources/real_fg_memory_images/fg4.jpg,Young,0,artificial,Post,21,Neutral,artificial,21,0
484966,resources/real_fg_memory_images/fg5.jpg,Young,3,artificial,Pre,21,Neutral,artificial,21,0
484966,resources/real_fg_memory_images/fg5.jpg,Young,2,artificial,Post,21,Neutral,artificial,21,0
484966,resources/real_fg_memory_images/fg6.jpg,Young,3,artificial,Post,21,Neutral,artificial,21,0
484966,resources/real_fg_memory_images/fg6.jpg,Young,4,artificial,Pre,21,Neutral,artificial,21,0
484966,resources/real_fg_memory_images/orig20.jpg,Young,0,real,Post,21,Neutral,real,21,0
484966,resources/real_fg_memory_images/orig20.jpg,Young,4,real,Pre,21,Neutral,real,21,0
484966,resources/real_fg_memory_images/orig22.jpg,Young,5,real,Pre,21,Neutral,real,21,0
484966,resources/real_fg_memory_images/orig22.jpg,Young,5,real,Post,21,Neutral,real,21,0
484966,resources/real_fg_memory_images/orig25.jpg,Young,7,real,Post,21,Scam,real,21,0
484966,resources/real_fg_memory_images/orig25.jpg,Young,7,real,Pre,21,Scam,real,21,0
485618,resources/real_fg_memory_images/fg10.jpg,Young,5,artificial,Pre,31,Neutral,artificial,31,0
485618,resources/real_fg_memory_images/fg10.jpg,Young,3,artificial,Post,31,Neutral,artificial,31,0
485618,resources/real_fg_memory_images/fg2.jpg,Young,3,artificial,Post,31,Scam,artificial,31,0
485618,resources/real_fg_memory_images/fg2.jpg,Young,4,artificial,Pre,31,Scam,artificial,31,0
485618,resources/real_fg_memory_images/fg6.jpg,Young,2,artificial,Pre,31,Scam,artificial,31,0
485618,resources/real_fg_memory_images/fg6.jpg,Young,3,artificial,Post,31,Scam,artificial,31,0
487325,resources/real_fg_memory_images/fg19.jpg,Young,6,artificial,Post,24,Scam,artificial,24,0
487325,resources/real_fg_memory_images/fg19.jpg,Young,4,artificial,Pre,24,Scam,artificial,24,0
487325,resources/real_fg_memory_images/fg21.jpg,Young,6,artificial,Pre,24,Scam,artificial,24,0
487325,resources/real_fg_memory_images/fg21.jpg,Young,5,artificial,Post,24,Scam,artificial,24,0
487325,resources/real_fg_memory_images/fg23.jpg,Young,3,artificial,Post,24,Scam,artificial,24,0
487325,resources/real_fg_memory_images/fg23.jpg,Young,7,artificial,Pre,24,Scam,artificial,24,0
487325,resources/real_fg_memory_images/fg25.jpg,Young,6,artificial,Post,24,Neutral,artificial,24,0
487325,resources/real_fg_memory_images/fg25.jpg,Young,3,artificial,Pre,24,Neutral,artificial,24,0
487325,resources/real_fg_memory_images/fg30.jpg,Young,3,artificial,Post,24,Neutral,artificial,24,0
487325,resources/real_fg_memory_images/fg30.jpg,Young,5,artificial,Pre,24,Neutral,artificial,24,0
487325,resources/real_fg_memory_images/orig5.jpg,Young,4,real,Pre,24,Scam,real,24,0
487325,resources/real_fg_memory_images/orig5.jpg,Young,6,real,Post,24,Scam,real,24,0
487325,resources/real_fg_memory_images/orig6.jpg,Young,6,real,Pre,24,Scam,real,24,0
487325,resources/real_fg_memory_images/orig6.jpg,Young,7,real,Post,24,Scam,real,24,0
502058,resources/real_fg_memory_images/fg11.jpg,Young,7,artificial,Pre,21,Scam,artificial,21,0
502058,resources/real_fg_memory_images/fg11.jpg,Young,5,artificial,Post,21,Scam,artificial,21,0
502058,resources/real_fg_memory_images/fg12.jpg,Young,5,artificial,Pre,21,Scam,artificial,21,0
502058,resources/real_fg_memory_images/fg12.jpg,Young,7,artificial,Post,21,Scam,artificial,21,0
502058,resources/real_fg_memory_images/fg2.jpg,Young,6,artificial,Pre,21,Neutral,artificial,21,0
502058,resources/real_fg_memory_images/fg2.jpg,Young,9,artificial,Post,21,Neutral,artificial,21,0
502058,resources/real_fg_memory_images/orig21.jpg,Young,5,real,Post,21,Neutral,real,21,0
502058,resources/real_fg_memory_images/orig21.jpg,Young,5,real,Pre,21,Neutral,real,21,0
502058,resources/real_fg_memory_images/orig22.jpg,Young,8,real,Pre,21,Neutral,real,21,0
502058,resources/real_fg_memory_images/orig22.jpg,Young,5,real,Post,21,Neutral,real,21,0
502058,resources/real_fg_memory_images/orig23.jpg,Young,7,real,Post,21,Neutral,real,21,0
502058,resources/real_fg_memory_images/orig23.jpg,Young,6,real,Pre,21,Neutral,real,21,0
502058,resources/real_fg_memory_images/orig25.jpg,Young,5,real,Pre,21,Scam,real,21,0
502058,resources/real_fg_memory_images/orig25.jpg,Young,7,real,Post,21,Scam,real,21,0
502058,resources/real_fg_memory_images/orig26.jpg,Young,6,real,Pre,21,Scam,real,21,0
502058,resources/real_fg_memory_images/orig26.jpg,Young,6,real,Post,21,Scam,real,21,0
502058,resources/real_fg_memory_images/orig27.jpg,Young,4,real,Post,21,Scam,real,21,0
502058,resources/real_fg_memory_images/orig27.jpg,Young,2,real,Pre,21,Scam,real,21,0
502058,resources/real_fg_memory_images/orig28.jpg,Young,3,real,Pre,21,Scam,real,21,0
502058,resources/real_fg_memory_images/orig28.jpg,Young,8,real,Post,21,Scam,real,21,0
502058,resources/real_fg_memory_images/orig29.jpg,Young,7,real,Post,21,Scam,real,21,0
502058,resources/real_fg_memory_images/orig29.jpg,Young,6,real,Pre,21,Scam,real,21,0
502058,resources/real_fg_memory_images/orig30.jpg,Young,7,real,Pre,21,Scam,real,21,0
502058,resources/real_fg_memory_images/orig30.jpg,Young,5,real,Post,21,Scam,real,21,0
511,resources/real_fg_memory_images/fg25.jpg,Young,2,artificial,Post,27,Neutral,artificial,27,0
511,resources/real_fg_memory_images/fg25.jpg,Young,3,artificial,Pre,27,Neutral,artificial,27,0
511,resources/real_fg_memory_images/fg26.jpg,Young,4,artificial,Post,27,Neutral,artificial,27,0
511,resources/real_fg_memory_images/fg26.jpg,Young,5,artificial,Pre,27,Neutral,artificial,27,0
511,resources/real_fg_memory_images/fg27.jpg,Young,8,artificial,Pre,27,Neutral,artificial,27,0
511,resources/real_fg_memory_images/fg27.jpg,Young,5,artificial,Post,27,Neutral,artificial,27,0
511,resources/real_fg_memory_images/fg29.jpg,Young,3,artificial,Post,27,Neutral,artificial,27,0
511,resources/real_fg_memory_images/fg29.jpg,Young,9,artificial,Pre,27,Neutral,artificial,27,0
511,resources/real_fg_memory_images/orig1.jpg,Young,4,real,Post,27,Scam,real,27,0
511,resources/real_fg_memory_images/orig1.jpg,Young,4,real,Pre,27,Scam,real,27,0
511,resources/real_fg_memory_images/orig10.jpg,Young,4,real,Pre,27,Neutral,real,27,0
511,resources/real_fg_memory_images/orig10.jpg,Young,6,real,Post,27,Neutral,real,27,0
511,resources/real_fg_memory_images/orig12.jpg,Young,3,real,Pre,27,Neutral,real,27,0
511,resources/real_fg_memory_images/orig12.jpg,Young,3,real,Post,27,Neutral,real,27,0
511,resources/real_fg_memory_images/orig6.jpg,Young,3,real,Pre,27,Scam,real,27,0
511,resources/real_fg_memory_images/orig6.jpg,Young,6,real,Post,27,Scam,real,27,0
511,resources/real_fg_memory_images/orig7.jpg,Young,3,real,Pre,27,Neutral,real,27,0
511,resources/real_fg_memory_images/orig7.jpg,Young,1,real,Post,27,Neutral,real,27,0
511,resources/real_fg_memory_images/orig8.jpg,Young,5,real,Post,27,Neutral,real,27,0
511,resources/real_fg_memory_images/orig8.jpg,Young,3,real,Pre,27,Neutral,real,27,0
511,resources/real_fg_memory_images/orig9.jpg,Young,3,real,Pre,27,Neutral,real,27,0
511,resources/real_fg_memory_images/orig9.jpg,Young,8,real,Post,27,Neutral,real,27,0
519824,resources/real_fg_memory_images/fg21.jpg,Young,6,artificial,Pre,27,Scam,artificial,27,0
519824,resources/real_fg_memory_images/fg21.jpg,Young,7,artificial,Post,27,Scam,artificial,27,0
519824,resources/real_fg_memory_images/fg23.jpg,Young,2,artificial,Pre,27,Scam,artificial,27,0
519824,resources/real_fg_memory_images/fg23.jpg,Young,0,artificial,Post,27,Scam,artificial,27,0
519824,resources/real_fg_memory_images/fg24.jpg,Young,4,artificial,Pre,27,Scam,artificial,27,0
519824,resources/real_fg_memory_images/fg24.jpg,Young,3,artificial,Post,27,Scam,artificial,27,0
519824,resources/real_fg_memory_images/fg25.jpg,Young,4,artificial,Post,27,Neutral,artificial,27,0
519824,resources/real_fg_memory_images/fg25.jpg,Young,2,artificial,Pre,27,Neutral,artificial,27,0
519824,resources/real_fg_memory_images/fg27.jpg,Young,0,artificial,Post,27,Neutral,artificial,27,0
519824,resources/real_fg_memory_images/fg27.jpg,Young,2,artificial,Pre,27,Neutral,artificial,27,0
519824,resources/real_fg_memory_images/fg28.jpg,Young,8,artificial,Pre,27,Neutral,artificial,27,0
519824,resources/real_fg_memory_images/fg28.jpg,Young,6,artificial,Post,27,Neutral,artificial,27,0
519824,resources/real_fg_memory_images/fg29.jpg,Young,3,artificial,Post,27,Neutral,artificial,27,0
519824,resources/real_fg_memory_images/fg29.jpg,Young,5,artificial,Pre,27,Neutral,artificial,27,0
519824,resources/real_fg_memory_images/orig1.jpg,Young,4,real,Post,27,Scam,real,27,0
519824,resources/real_fg_memory_images/orig1.jpg,Young,4,real,Pre,27,Scam,real,27,0
519824,resources/real_fg_memory_images/orig10.jpg,Young,3,real,Post,27,Neutral,real,27,0
519824,resources/real_fg_memory_images/orig10.jpg,Young,2,real,Pre,27,Neutral,real,27,0
519824,resources/real_fg_memory_images/orig11.jpg,Young,7,real,Pre,27,Neutral,real,27,0
519824,resources/real_fg_memory_images/orig11.jpg,Young,3,real,Post,27,Neutral,real,27,0
519824,resources/real_fg_memory_images/orig12.jpg,Young,5,real,Post,27,Neutral,real,27,0
519824,resources/real_fg_memory_images/orig12.jpg,Young,5,real,Pre,27,Neutral,real,27,0
519824,resources/real_fg_memory_images/orig2.jpg,Young,6,real,Pre,27,Scam,real,27,0
519824,resources/real_fg_memory_images/orig2.jpg,Young,5,real,Post,27,Scam,real,27,0
519824,resources/real_fg_memory_images/orig4.jpg,Young,5,real,Post,27,Scam,real,27,0
519824,resources/real_fg_memory_images/orig4.jpg,Young,6,real,Pre,27,Scam,real,27,0
519824,resources/real_fg_memory_images/orig6.jpg,Young,7,real,Pre,27,Scam,real,27,0
519824,resources/real_fg_memory_images/orig6.jpg,Young,8,real,Post,27,Scam,real,27,0
519824,resources/real_fg_memory_images/orig7.jpg,Young,5,real,Post,27,Neutral,real,27,0
519824,resources/real_fg_memory_images/orig7.jpg,Young,5,real,Pre,27,Neutral,real,27,0
527939,resources/real_fg_memory_images/fg25.jpg,Young,6,artificial,Pre,28,Scam,artificial,28,0
527939,resources/real_fg_memory_images/fg25.jpg,Young,6,artificial,Post,28,Scam,artificial,28,0
527939,resources/real_fg_memory_images/fg26.jpg,Young,6,artificial,Pre,28,Scam,artificial,28,0
527939,resources/real_fg_memory_images/fg26.jpg,Young,5,artificial,Post,28,Scam,artificial,28,0
527939,resources/real_fg_memory_images/fg30.jpg,Young,6,artificial,Post,28,Scam,artificial,28,0
527939,resources/real_fg_memory_images/fg30.jpg,Young,7,artificial,Pre,28,Scam,artificial,28,0
527939,resources/real_fg_memory_images/orig1.jpg,Young,2,real,Pre,28,Neutral,real,28,0
527939,resources/real_fg_memory_images/orig1.jpg,Young,5,real,Post,28,Neutral,real,28,0
527939,resources/real_fg_memory_images/orig6.jpg,Young,8,real,Pre,28,Neutral,real,28,0
527939,resources/real_fg_memory_images/orig6.jpg,Young,9,real,Post,28,Neutral,real,28,0
527939,resources/real_fg_memory_images/orig7.jpg,Young,4,real,Pre,28,Scam,real,28,0
527939,resources/real_fg_memory_images/orig7.jpg,Young,6,real,Post,28,Scam,real,28,0
545017,resources/real_fg_memory_images/fg10.jpg,Young,6,artificial,Post,30,Neutral,artificial,30,0
545017,resources/real_fg_memory_images/fg10.jpg,Young,5,artificial,Pre,30,Neutral,artificial,30,0
545017,resources/real_fg_memory_images/fg12.jpg,Young,3,artificial,Pre,30,Neutral,artificial,30,0
545017,resources/real_fg_memory_images/fg12.jpg,Young,6,artificial,Post,30,Neutral,artificial,30,0
545017,resources/real_fg_memory_images/fg7.jpg,Young,4,artificial,Pre,30,Neutral,artificial,30,0
545017,resources/real_fg_memory_images/fg7.jpg,Young,3,artificial,Post,30,Neutral,artificial,30,0
545017,resources/real_fg_memory_images/fg9.jpg,Young,5,artificial,Post,30,Neutral,artificial,30,0
545017,resources/real_fg_memory_images/fg9.jpg,Young,1,artificial,Pre,30,Neutral,artificial,30,0
545017,resources/real_fg_memory_images/orig21.jpg,Young,4,real,Pre,30,Scam,real,30,0
545017,resources/real_fg_memory_images/orig21.jpg,Young,3,real,Post,30,Scam,real,30,0
545017,resources/real_fg_memory_images/orig23.jpg,Young,6,real,Post,30,Scam,real,30,0
545017,resources/real_fg_memory_images/orig23.jpg,Young,5,real,Pre,30,Scam,real,30,0
545017,resources/real_fg_memory_images/orig24.jpg,Young,8,real,Post,30,Scam,real,30,0
545017,resources/real_fg_memory_images/orig24.jpg,Young,6,real,Pre,30,Scam,real,30,0
559091,resources/real_fg_memory_images/fg19.jpg,Young,2,artificial,Pre,29,Scam,artificial,29,0
559091,resources/real_fg_memory_images/fg19.jpg,Young,2,artificial,Post,29,Scam,artificial,29,0
559091,resources/real_fg_memory_images/fg20.jpg,Young,2,artificial,Post,29,Scam,artificial,29,0
559091,resources/real_fg_memory_images/fg20.jpg,Young,1,artificial,Pre,29,Scam,artificial,29,0
559091,resources/real_fg_memory_images/fg21.jpg,Young,2,artificial,Pre,29,Scam,artificial,29,0
559091,resources/real_fg_memory_images/fg21.jpg,Young,2,artificial,Post,29,Scam,artificial,29,0
559091,resources/real_fg_memory_images/fg23.jpg,Young,2,artificial,Post,29,Scam,artificial,29,0
559091,resources/real_fg_memory_images/fg23.jpg,Young,2,artificial,Pre,29,Scam,artificial,29,0
559091,resources/real_fg_memory_images/fg24.jpg,Young,2,artificial,Post,29,Scam,artificial,29,0
559091,resources/real_fg_memory_images/fg24.jpg,Young,3,artificial,Pre,29,Scam,artificial,29,0
559091,resources/real_fg_memory_images/fg27.jpg,Young,3,artificial,Pre,29,Neutral,artificial,29,0
559091,resources/real_fg_memory_images/fg27.jpg,Young,2,artificial,Post,29,Neutral,artificial,29,0
559091,resources/real_fg_memory_images/fg29.jpg,Young,2,artificial,Post,29,Neutral,artificial,29,0
559091,resources/real_fg_memory_images/fg29.jpg,Young,2,artificial,Pre,29,Neutral,artificial,29,0
559091,resources/real_fg_memory_images/orig1.jpg,Young,5,real,Pre,29,Scam,real,29,0
559091,resources/real_fg_memory_images/orig1.jpg,Young,5,real,Post,29,Scam,real,29,0
559091,resources/real_fg_memory_images/orig10.jpg,Young,4,real,Pre,29,Neutral,real,29,0
559091,resources/real_fg_memory_images/orig10.jpg,Young,5,real,Post,29,Neutral,real,29,0
559091,resources/real_fg_memory_images/orig12.jpg,Young,3,real,Pre,29,Neutral,real,29,0
559091,resources/real_fg_memory_images/orig12.jpg,Young,5,real,Post,29,Neutral,real,29,0
559091,resources/real_fg_memory_images/orig2.jpg,Young,3,real,Pre,29,Scam,real,29,0
559091,resources/real_fg_memory_images/orig2.jpg,Young,6,real,Post,29,Scam,real,29,0
559091,resources/real_fg_memory_images/orig6.jpg,Young,6,real,Pre,29,Scam,real,29,0
559091,resources/real_fg_memory_images/orig6.jpg,Young,7,real,Post,29,Scam,real,29,0
575041,resources/real_fg_memory_images/fg22.jpg,Young,4,artificial,Post,27,Scam,artificial,27,0
575041,resources/real_fg_memory_images/fg22.jpg,Young,2,artificial,Pre,27,Scam,artificial,27,0
575041,resources/real_fg_memory_images/fg23.jpg,Young,3,artificial,Pre,27,Scam,artificial,27,0
575041,resources/real_fg_memory_images/fg23.jpg,Young,2,artificial,Post,27,Scam,artificial,27,0
575041,resources/real_fg_memory_images/fg25.jpg,Young,1,artificial,Post,27,Neutral,artificial,27,0
575041,resources/real_fg_memory_images/fg25.jpg,Young,2,artificial,Pre,27,Neutral,artificial,27,0
575041,resources/real_fg_memory_images/fg30.jpg,Young,3,artificial,Pre,27,Neutral,artificial,27,0
575041,resources/real_fg_memory_images/fg30.jpg,Young,2,artificial,Post,27,Neutral,artificial,27,0
575041,resources/real_fg_memory_images/orig10.jpg,Young,3,real,Post,27,Neutral,real,27,0
575041,resources/real_fg_memory_images/orig10.jpg,Young,6,real,Pre,27,Neutral,real,27,0
575041,resources/real_fg_memory_images/orig12.jpg,Young,4,real,Pre,27,Neutral,real,27,0
575041,resources/real_fg_memory_images/orig12.jpg,Young,1,real,Post,27,Neutral,real,27,0
575041,resources/real_fg_memory_images/orig6.jpg,Young,5,real,Pre,27,Scam,real,27,0
575041,resources/real_fg_memory_images/orig6.jpg,Young,2,real,Post,27,Scam,real,27,0
578449,resources/real_fg_memory_images/fg19.jpg,Young,4,artificial,Post,24,Scam,artificial,24,0
578449,resources/real_fg_memory_images/fg19.jpg,Young,5,artificial,Pre,24,Scam,artificial,24,0
578449,resources/real_fg_memory_images/fg21.jpg,Young,6,artificial,Pre,24,Scam,artificial,24,0
578449,resources/real_fg_memory_images/fg21.jpg,Young,6,artificial,Post,24,Scam,artificial,24,0
578449,resources/real_fg_memory_images/orig10.jpg,Young,4,real,Post,24,Neutral,real,24,0
578449,resources/real_fg_memory_images/orig10.jpg,Young,4,real,Pre,24,Neutral,real,24,0
578449,resources/real_fg_memory_images/orig3.jpg,Young,9,real,Post,24,Scam,real,24,0
578449,resources/real_fg_memory_images/orig3.jpg,Young,3,real,Pre,24,Scam,real,24,0
578449,resources/real_fg_memory_images/orig9.jpg,Young,0,real,Post,24,Neutral,real,24,0
578449,resources/real_fg_memory_images/orig9.jpg,Young,6,real,Pre,24,Neutral,real,24,0
589213,resources/real_fg_memory_images/fg20.jpg,Young,3,artificial,Pre,27,Scam,artificial,27,0
589213,resources/real_fg_memory_images/fg20.jpg,Young,4,artificial,Post,27,Scam,artificial,27,0
589213,resources/real_fg_memory_images/fg21.jpg,Young,6,artificial,Post,27,Scam,artificial,27,0
589213,resources/real_fg_memory_images/fg21.jpg,Young,6,artificial,Pre,27,Scam,artificial,27,0
589213,resources/real_fg_memory_images/fg25.jpg,Young,5,artificial,Post,27,Neutral,artificial,27,0
589213,resources/real_fg_memory_images/fg25.jpg,Young,5,artificial,Pre,27,Neutral,artificial,27,0
589213,resources/real_fg_memory_images/fg30.jpg,Young,5,artificial,Post,27,Neutral,artificial,27,0
589213,resources/real_fg_memory_images/fg30.jpg,Young,6,artificial,Pre,27,Neutral,artificial,27,0
589213,resources/real_fg_memory_images/orig10.jpg,Young,4,real,Pre,27,Neutral,real,27,0
589213,resources/real_fg_memory_images/orig10.jpg,Young,4,real,Post,27,Neutral,real,27,0
589213,resources/real_fg_memory_images/orig7.jpg,Young,6,real,Post,27,Neutral,real,27,0
589213,resources/real_fg_memory_images/orig7.jpg,Young,6,real,Pre,27,Neutral,real,27,0
589213,resources/real_fg_memory_images/orig9.jpg,Young,6,real,Pre,27,Neutral,real,27,0
589213,resources/real_fg_memory_images/orig9.jpg,Young,5,real,Post,27,Neutral,real,27,0
593259,resources/real_fg_memory_images/fg19.jpg,Young,1,artificial,Post,27,Neutral,artificial,27,0
593259,resources/real_fg_memory_images/fg19.jpg,Young,5,artificial,Pre,27,Neutral,artificial,27,0
593259,resources/real_fg_memory_images/fg22.jpg,Young,1,artificial,Pre,27,Neutral,artificial,27,0
593259,resources/real_fg_memory_images/fg22.jpg,Young,1,artificial,Post,27,Neutral,artificial,27,0
593259,resources/real_fg_memory_images/fg23.jpg,Young,1,artificial,Pre,27,Neutral,artificial,27,0
593259,resources/real_fg_memory_images/fg23.jpg,Young,1,artificial,Post,27,Neutral,artificial,27,0
593259,resources/real_fg_memory_images/fg24.jpg,Young,2,artificial,Post,27,Neutral,artificial,27,0
593259,resources/real_fg_memory_images/fg24.jpg,Young,4,artificial,Pre,27,Neutral,artificial,27,0
593259,resources/real_fg_memory_images/fg26.jpg,Young,4,artificial,Post,27,Scam,artificial,27,0
593259,resources/real_fg_memory_images/fg26.jpg,Young,1,artificial,Pre,27,Scam,artificial,27,0
593259,resources/real_fg_memory_images/fg30.jpg,Young,3,artificial,Post,27,Scam,artificial,27,0
593259,resources/real_fg_memory_images/fg30.jpg,Young,3,artificial,Pre,27,Scam,artificial,27,0
593259,resources/real_fg_memory_images/orig1.jpg,Young,0,real,Pre,27,Neutral,real,27,0
593259,resources/real_fg_memory_images/orig1.jpg,Young,6,real,Post,27,Neutral,real,27,0
593259,resources/real_fg_memory_images/orig10.jpg,Young,2,real,Pre,27,Scam,real,27,0
593259,resources/real_fg_memory_images/orig10.jpg,Young,7,real,Post,27,Scam,real,27,0
593259,resources/real_fg_memory_images/orig11.jpg,Young,5,real,Post,27,Scam,real,27,0
593259,resources/real_fg_memory_images/orig11.jpg,Young,6,real,Pre,27,Scam,real,27,0
593259,resources/real_fg_memory_images/orig5.jpg,Young,2,real,Pre,27,Neutral,real,27,0
593259,resources/real_fg_memory_images/orig5.jpg,Young,4,real,Post,27,Neutral,real,27,0
596496,resources/real_fg_memory_images/fg25.jpg,Young,1,artificial,Pre,26,Neutral,artificial,26,0
596496,resources/real_fg_memory_images/fg25.jpg,Young,0,artificial,Post,26,Neutral,artificial,26,0
596496,resources/real_fg_memory_images/orig6.jpg,Young,7,real,Post,26,Scam,real,26,0
596496,resources/real_fg_memory_images/orig6.jpg,Young,5,real,Pre,26,Scam,real,26,0
598033,resources/real_fg_memory_images/fg20.jpg,Young,7,artificial,Post,26,Scam,artificial,26,0
598033,resources/real_fg_memory_images/fg20.jpg,Young,5,artificial,Pre,26,Scam,artificial,26,0
598033,resources/real_fg_memory_images/fg21.jpg,Young,4,artificial,Post,26,Scam,artificial,26,0
598033,resources/real_fg_memory_images/fg21.jpg,Young,7,artificial,Pre,26,Scam,artificial,26,0
598033,resources/real_fg_memory_images/fg23.jpg,Young,4,artificial,Post,26,Scam,artificial,26,0
598033,resources/real_fg_memory_images/fg23.jpg,Young,5,artificial,Pre,26,Scam,artificial,26,0
598033,resources/real_fg_memory_images/fg24.jpg,Young,5,artificial,Post,26,Scam,artificial,26,0
598033,resources/real_fg_memory_images/fg24.jpg,Young,7,artificial,Pre,26,Scam,artificial,26,0
598033,resources/real_fg_memory_images/fg25.jpg,Young,5,artificial,Post,26,Neutral,artificial,26,0
598033,resources/real_fg_memory_images/fg25.jpg,Young,7,artificial,Pre,26,Neutral,artificial,26,0
598033,resources/real_fg_memory_images/orig1.jpg,Young,4,real,Pre,26,Scam,real,26,0
598033,resources/real_fg_memory_images/orig1.jpg,Young,7,real,Post,26,Scam,real,26,0
598033,resources/real_fg_memory_images/orig10.jpg,Young,4,real,Pre,26,Neutral,real,26,0
598033,resources/real_fg_memory_images/orig10.jpg,Young,5,real,Post,26,Neutral,real,26,0
598033,resources/real_fg_memory_images/orig4.jpg,Young,8,real,Pre,26,Scam,real,26,0
598033,resources/real_fg_memory_images/orig4.jpg,Young,6,real,Post,26,Scam,real,26,0
598033,resources/real_fg_memory_images/orig7.jpg,Young,4,real,Post,26,Neutral,real,26,0
598033,resources/real_fg_memory_images/orig7.jpg,Young,4,real,Pre,26,Neutral,real,26,0
604060,resources/real_fg_memory_images/fg1.jpg,Young,2,artificial,Pre,27,Scam,artificial,27,0
604060,resources/real_fg_memory_images/fg1.jpg,Young,0,artificial,Post,27,Scam,artificial,27,0
604060,resources/real_fg_memory_images/fg10.jpg,Young,0,artificial,Post,27,Neutral,artificial,27,0
604060,resources/real_fg_memory_images/fg10.jpg,Young,2,artificial,Pre,27,Neutral,artificial,27,0
604060,resources/real_fg_memory_images/fg12.jpg,Young,0,artificial,Pre,27,Neutral,artificial,27,0
604060,resources/real_fg_memory_images/fg12.jpg,Young,0,artificial,Post,27,Neutral,artificial,27,0
604060,resources/real_fg_memory_images/fg6.jpg,Young,1,artificial,Pre,27,Scam,artificial,27,0
604060,resources/real_fg_memory_images/fg6.jpg,Young,0,artificial,Post,27,Scam,artificial,27,0
604060,resources/real_fg_memory_images/orig27.jpg,Young,6,real,Pre,27,Neutral,real,27,0
604060,resources/real_fg_memory_images/orig27.jpg,Young,4,real,Post,27,Neutral,real,27,0
605061,resources/real_fg_memory_images/fg10.jpg,Young,2,artificial,Pre,18,Neutral,artificial,18,0
605061,resources/real_fg_memory_images/fg10.jpg,Young,2,artificial,Post,18,Neutral,artificial,18,0
605061,resources/real_fg_memory_images/fg12.jpg,Young,0,artificial,Post,18,Neutral,artificial,18,0
605061,resources/real_fg_memory_images/fg12.jpg,Young,2,artificial,Pre,18,Neutral,artificial,18,0
605061,resources/real_fg_memory_images/fg2.jpg,Young,4,artificial,Post,18,Scam,artificial,18,0
605061,resources/real_fg_memory_images/fg2.jpg,Young,7,artificial,Pre,18,Scam,artificial,18,0
605061,resources/real_fg_memory_images/fg4.jpg,Young,5,artificial,Post,18,Scam,artificial,18,0
605061,resources/real_fg_memory_images/fg4.jpg,Young,6,artificial,Pre,18,Scam,artificial,18,0
605061,resources/real_fg_memory_images/fg6.jpg,Young,4,artificial,Post,18,Scam,artificial,18,0
605061,resources/real_fg_memory_images/fg6.jpg,Young,6,artificial,Pre,18,Scam,artificial,18,0
605061,resources/real_fg_memory_images/fg7.jpg,Young,5,artificial,Pre,18,Neutral,artificial,18,0
605061,resources/real_fg_memory_images/fg7.jpg,Young,5,artificial,Post,18,Neutral,artificial,18,0
605061,resources/real_fg_memory_images/fg8.jpg,Young,0,artificial,Post,18,Neutral,artificial,18,0
605061,resources/real_fg_memory_images/fg8.jpg,Young,0,artificial,Pre,18,Neutral,artificial,18,0
605061,resources/real_fg_memory_images/fg9.jpg,Young,2,artificial,Pre,18,Neutral,artificial,18,0
605061,resources/real_fg_memory_images/fg9.jpg,Young,1,artificial,Post,18,Neutral,artificial,18,0
605061,resources/real_fg_memory_images/orig24.jpg,Young,7,real,Pre,18,Scam,real,18,0
605061,resources/real_fg_memory_images/orig24.jpg,Young,5,real,Post,18,Scam,real,18,0
605061,resources/real_fg_memory_images/orig26.jpg,Young,4,real,Pre,18,Neutral,real,18,0
605061,resources/real_fg_memory_images/orig26.jpg,Young,2,real,Post,18,Neutral,real,18,0
605061,resources/real_fg_memory_images/orig27.jpg,Young,0,real,Post,18,Neutral,real,18,0
605061,resources/real_fg_memory_images/orig27.jpg,Young,3,real,Pre,18,Neutral,real,18,0
605061,resources/real_fg_memory_images/orig30.jpg,Young,8,real,Pre,18,Neutral,real,18,0
605061,resources/real_fg_memory_images/orig30.jpg,Young,6,real,Post,18,Neutral,real,18,0
629998,resources/real_fg_memory_images/fg12.jpg,Young,2,artificial,Post,27,Neutral,artificial,27,0
629998,resources/real_fg_memory_images/fg12.jpg,Young,4,artificial,Pre,27,Neutral,artificial,27,0
629998,resources/real_fg_memory_images/fg9.jpg,Young,2,artificial,Post,27,Neutral,artificial,27,0
629998,resources/real_fg_memory_images/fg9.jpg,Young,3,artificial,Pre,27,Neutral,artificial,27,0
629998,resources/real_fg_memory_images/orig19.jpg,Young,3,real,Post,27,Scam,real,27,0
629998,resources/real_fg_memory_images/orig19.jpg,Young,2,real,Pre,27,Scam,real,27,0
629998,resources/real_fg_memory_images/orig21.jpg,Young,6,real,Pre,27,Scam,real,27,0
629998,resources/real_fg_memory_images/orig21.jpg,Young,1,real,Post,27,Scam,real,27,0
629998,resources/real_fg_memory_images/orig24.jpg,Young,4,real,Post,27,Scam,real,27,0
629998,resources/real_fg_memory_images/orig24.jpg,Young,3,real,Pre,27,Scam,real,27,0
629998,resources/real_fg_memory_images/orig25.jpg,Young,3,real,Pre,27,Neutral,real,27,0
629998,resources/real_fg_memory_images/orig25.jpg,Young,2,real,Post,27,Neutral,real,27,0
650573,resources/real_fg_memory_images/fg12.jpg,Young,2,artificial,Pre,27,Neutral,artificial,27,0
650573,resources/real_fg_memory_images/fg12.jpg,Young,3,artificial,Post,27,Neutral,artificial,27,0
650573,resources/real_fg_memory_images/fg7.jpg,Young,5,artificial,Post,27,Neutral,artificial,27,0
650573,resources/real_fg_memory_images/fg7.jpg,Young,0,artificial,Pre,27,Neutral,artificial,27,0
650573,resources/real_fg_memory_images/fg8.jpg,Young,0,artificial,Post,27,Neutral,artificial,27,0
650573,resources/real_fg_memory_images/fg8.jpg,Young,3,artificial,Pre,27,Neutral,artificial,27,0
650573,resources/real_fg_memory_images/orig19.jpg,Young,3,real,Pre,27,Scam,real,27,0
650573,resources/real_fg_memory_images/orig19.jpg,Young,2,real,Post,27,Scam,real,27,0
650573,resources/real_fg_memory_images/orig21.jpg,Young,7,real,Post,27,Scam,real,27,0
650573,resources/real_fg_memory_images/orig21.jpg,Young,4,real,Pre,27,Scam,real,27,0
650573,resources/real_fg_memory_images/orig25.jpg,Young,7,real,Post,27,Neutral,real,27,0
650573,resources/real_fg_memory_images/orig25.jpg,Young,4,real,Pre,27,Neutral,real,27,0
650573,resources/real_fg_memory_images/orig27.jpg,Young,0,real,Post,27,Neutral,real,27,0
650573,resources/real_fg_memory_images/orig27.jpg,Young,0,real,Pre,27,Neutral,real,27,0
650573,resources/real_fg_memory_images/orig29.jpg,Young,1,real,Post,27,Neutral,real,27,0
650573,resources/real_fg_memory_images/orig29.jpg,Young,4,real,Pre,27,Neutral,real,27,0
651013,resources/real_fg_memory_images/fg1.jpg,Young,3,artificial,Post,28,Neutral,artificial,28,0
651013,resources/real_fg_memory_images/fg1.jpg,Young,3,artificial,Pre,28,Neutral,artificial,28,0
651013,resources/real_fg_memory_images/fg11.jpg,Young,5,artificial,Pre,28,Scam,artificial,28,0
651013,resources/real_fg_memory_images/fg12.jpg,Young,2,artificial,Post,28,Scam,artificial,28,0
651013,resources/real_fg_memory_images/fg12.jpg,Young,3,artificial,Pre,28,Scam,artificial,28,0
651013,resources/real_fg_memory_images/fg4.jpg,Young,4,artificial,Pre,28,Neutral,artificial,28,0
651013,resources/real_fg_memory_images/fg4.jpg,Young,3,artificial,Post,28,Neutral,artificial,28,0
651013,resources/real_fg_memory_images/fg5.jpg,Young,4,artificial,Pre,28,Neutral,artificial,28,0
651013,resources/real_fg_memory_images/fg5.jpg,Young,7,artificial,Post,28,Neutral,artificial,28,0
651013,resources/real_fg_memory_images/fg8.jpg,Young,3,artificial,Pre,28,Scam,artificial,28,0
651013,resources/real_fg_memory_images/fg8.jpg,Young,2,artificial,Post,28,Scam,artificial,28,0
651013,resources/real_fg_memory_images/orig19.jpg,Young,7,real,Pre,28,Neutral,real,28,0
651013,resources/real_fg_memory_images/orig19.jpg,Young,6,real,Post,28,Neutral,real,28,0
651013,resources/real_fg_memory_images/orig26.jpg,Young,7,real,Pre,28,Scam,real,28,0
651013,resources/real_fg_memory_images/orig26.jpg,Young,7,real,Post,28,Scam,real,28,0
651013,resources/real_fg_memory_images/orig29.jpg,Young,8,real,Pre,28,Scam,real,28,0
651013,resources/real_fg_memory_images/orig29.jpg,Young,6,real,Post,28,Scam,real,28,0
672115,resources/real_fg_memory_images/fg21.jpg,Young,6,artificial,Pre,24,Scam,artificial,24,0
672115,resources/real_fg_memory_images/fg21.jpg,Young,3,artificial,Post,24,Scam,artificial,24,0
672115,resources/real_fg_memory_images/fg23.jpg,Young,4,artificial,Pre,24,Scam,artificial,24,0
672115,resources/real_fg_memory_images/fg23.jpg,Young,3,artificial,Post,24,Scam,artificial,24,0
672115,resources/real_fg_memory_images/fg24.jpg,Young,3,artificial,Post,24,Scam,artificial,24,0
672115,resources/real_fg_memory_images/fg24.jpg,Young,5,artificial,Pre,24,Scam,artificial,24,0
672115,resources/real_fg_memory_images/fg25.jpg,Young,4,artificial,Pre,24,Neutral,artificial,24,0
672115,resources/real_fg_memory_images/fg25.jpg,Young,3,artificial,Post,24,Neutral,artificial,24,0
672115,resources/real_fg_memory_images/fg27.jpg,Young,5,artificial,Pre,24,Neutral,artificial,24,0
672115,resources/real_fg_memory_images/fg27.jpg,Young,3,artificial,Post,24,Neutral,artificial,24,0
672115,resources/real_fg_memory_images/orig1.jpg,Young,5,real,Post,24,Scam,real,24,0
672115,resources/real_fg_memory_images/orig1.jpg,Young,6,real,Pre,24,Scam,real,24,0
672115,resources/real_fg_memory_images/orig12.jpg,Young,5,real,Post,24,Neutral,real,24,0
672115,resources/real_fg_memory_images/orig12.jpg,Young,5,real,Pre,24,Neutral,real,24,0
672115,resources/real_fg_memory_images/orig4.jpg,Young,5,real,Pre,24,Scam,real,24,0
672115,resources/real_fg_memory_images/orig4.jpg,Young,6,real,Post,24,Scam,real,24,0
672115,resources/real_fg_memory_images/orig9.jpg,Young,6,real,Pre,24,Neutral,real,24,0
672115,resources/real_fg_memory_images/orig9.jpg,Young,4,real,Post,24,Neutral,real,24,0
678280,resources/real_fg_memory_images/fg11.jpg,Young,1,artificial,Pre,31,Neutral,artificial,31,0
678280,resources/real_fg_memory_images/fg11.jpg,Young,3,artificial,Post,31,Neutral,artificial,31,0
678280,resources/real_fg_memory_images/fg12.jpg,Young,0,artificial,Pre,31,Neutral,artificial,31,0
678280,resources/real_fg_memory_images/fg12.jpg,Young,9,artificial,Post,31,Neutral,artificial,31,0
678280,resources/real_fg_memory_images/fg3.jpg,Young,2,artificial,Pre,31,Scam,artificial,31,0
678280,resources/real_fg_memory_images/fg3.jpg,Young,0,artificial,Post,31,Scam,artificial,31,0
678280,resources/real_fg_memory_images/fg6.jpg,Young,3,artificial,Pre,31,Scam,artificial,31,0
678280,resources/real_fg_memory_images/fg6.jpg,Young,5,artificial,Post,31,Scam,artificial,31,0
678280,resources/real_fg_memory_images/fg7.jpg,Young,1,artificial,Pre,31,Neutral,artificial,31,0
678280,resources/real_fg_memory_images/fg7.jpg,Young,0,artificial,Post,31,Neutral,artificial,31,0
678280,resources/real_fg_memory_images/fg9.jpg,Young,4,artificial,Post,31,Neutral,artificial,31,0
678280,resources/real_fg_memory_images/fg9.jpg,Young,3,artificial,Pre,31,Neutral,artificial,31,0
678280,resources/real_fg_memory_images/orig25.jpg,Young,4,real,Post,31,Neutral,real,31,0
678280,resources/real_fg_memory_images/orig25.jpg,Young,0,real,Pre,31,Neutral,real,31,0
678280,resources/real_fg_memory_images/orig26.jpg,Young,7,real,Post,31,Neutral,real,31,0
678280,resources/real_fg_memory_images/orig26.jpg,Young,4,real,Pre,31,Neutral,real,31,0
678280,resources/real_fg_memory_images/orig27.jpg,Young,0,real,Pre,31,Neutral,real,31,0
678280,resources/real_fg_memory_images/orig27.jpg,Young,7,real,Post,31,Neutral,real,31,0
678280,resources/real_fg_memory_images/orig28.jpg,Young,5,real,Pre,31,Neutral,real,31,0
678280,resources/real_fg_memory_images/orig28.jpg,Young,0,real,Post,31,Neutral,real,31,0
678280,resources/real_fg_memory_images/orig30.jpg,Young,3,real,Post,31,Neutral,real,31,0
678280,resources/real_fg_memory_images/orig30.jpg,Young,5,real,Pre,31,Neutral,real,31,0
699511,resources/real_fg_memory_images/fg10.jpg,Young,3,artificial,Pre,21,Scam,artificial,21,0
699511,resources/real_fg_memory_images/fg10.jpg,Young,3,artificial,Post,21,Scam,artificial,21,0
699511,resources/real_fg_memory_images/fg5.jpg,Young,3,artificial,Pre,21,Neutral,artificial,21,0
699511,resources/real_fg_memory_images/fg5.jpg,Young,2,artificial,Post,21,Neutral,artificial,21,0
699511,resources/real_fg_memory_images/fg7.jpg,Young,4,artificial,Post,21,Scam,artificial,21,0
699511,resources/real_fg_memory_images/fg7.jpg,Young,3,artificial,Pre,21,Scam,artificial,21,0
699511,resources/real_fg_memory_images/orig19.jpg,Young,3,real,Pre,21,Neutral,real,21,0
699511,resources/real_fg_memory_images/orig19.jpg,Young,3,real,Post,21,Neutral,real,21,0
699511,resources/real_fg_memory_images/orig20.jpg,Young,3,real,Post,21,Neutral,real,21,0
699511,resources/real_fg_memory_images/orig20.jpg,Young,3,real,Pre,21,Neutral,real,21,0
699511,resources/real_fg_memory_images/orig21.jpg,Young,4,real,Post,21,Neutral,real,21,0
699511,resources/real_fg_memory_images/orig21.jpg,Young,3,real,Pre,21,Neutral,real,21,0
699511,resources/real_fg_memory_images/orig24.jpg,Young,2,real,Pre,21,Neutral,real,21,0
699511,resources/real_fg_memory_images/orig24.jpg,Young,3,real,Post,21,Neutral,real,21,0
699511,resources/real_fg_memory_images/orig26.jpg,Young,3,real,Pre,21,Scam,real,21,0
699511,resources/real_fg_memory_images/orig26.jpg,Young,5,real,Post,21,Scam,real,21,0
699511,resources/real_fg_memory_images/orig27.jpg,Young,3,real,Pre,21,Scam,real,21,0
699511,resources/real_fg_memory_images/orig27.jpg,Young,2,real,Post,21,Scam,real,21,0
699511,resources/real_fg_memory_images/orig29.jpg,Young,3,real,Post,21,Scam,real,21,0
699511,resources/real_fg_memory_images/orig29.jpg,Young,3,real,Pre,21,Scam,real,21,0
701931,resources/real_fg_memory_images/fg20.jpg,Young,2,artificial,Pre,28,Scam,artificial,28,0
701931,resources/real_fg_memory_images/fg20.jpg,Young,2,artificial,Post,28,Scam,artificial,28,0
701931,resources/real_fg_memory_images/fg21.jpg,Young,3,artificial,Post,28,Scam,artificial,28,0
701931,resources/real_fg_memory_images/fg21.jpg,Young,2,artificial,Pre,28,Scam,artificial,28,0
701931,resources/real_fg_memory_images/fg22.jpg,Young,2,artificial,Post,28,Scam,artificial,28,0
701931,resources/real_fg_memory_images/fg22.jpg,Young,3,artificial,Pre,28,Scam,artificial,28,0
701931,resources/real_fg_memory_images/fg24.jpg,Young,3,artificial,Pre,28,Scam,artificial,28,0
701931,resources/real_fg_memory_images/fg24.jpg,Young,1,artificial,Post,28,Scam,artificial,28,0
701931,resources/real_fg_memory_images/fg26.jpg,Young,4,artificial,Post,28,Neutral,artificial,28,0
701931,resources/real_fg_memory_images/fg26.jpg,Young,4,artificial,Pre,28,Neutral,artificial,28,0
701931,resources/real_fg_memory_images/orig10.jpg,Young,4,real,Pre,28,Neutral,real,28,0
701931,resources/real_fg_memory_images/orig10.jpg,Young,3,real,Post,28,Neutral,real,28,0
701931,resources/real_fg_memory_images/orig12.jpg,Young,3,real,Pre,28,Neutral,real,28,0
701931,resources/real_fg_memory_images/orig12.jpg,Young,3,real,Post,28,Neutral,real,28,0
701931,resources/real_fg_memory_images/orig3.jpg,Young,4,real,Post,28,Scam,real,28,0
701931,resources/real_fg_memory_images/orig3.jpg,Young,3,real,Pre,28,Scam,real,28,0
701931,resources/real_fg_memory_images/orig7.jpg,Young,4,real,Post,28,Neutral,real,28,0
701931,resources/real_fg_memory_images/orig7.jpg,Young,4,real,Pre,28,Neutral,real,28,0
703548,resources/real_fg_memory_images/fg21.jpg,Young,0,artificial,Post,28,Neutral,artificial,28,0
703548,resources/real_fg_memory_images/fg21.jpg,Young,2,artificial,Pre,28,Neutral,artificial,28,0
703548,resources/real_fg_memory_images/fg25.jpg,Young,0,artificial,Post,28,Scam,artificial,28,0
703548,resources/real_fg_memory_images/fg25.jpg,Young,2,artificial,Pre,28,Scam,artificial,28,0
703548,resources/real_fg_memory_images/fg28.jpg,Young,0,artificial,Post,28,Scam,artificial,28,0
703548,resources/real_fg_memory_images/fg28.jpg,Young,7,artificial,Pre,28,Scam,artificial,28,0
703548,resources/real_fg_memory_images/fg30.jpg,Young,0,artificial,Pre,28,Scam,artificial,28,0
703548,resources/real_fg_memory_images/fg30.jpg,Young,0,artificial,Post,28,Scam,artificial,28,0
703548,resources/real_fg_memory_images/orig12.jpg,Young,3,real,Pre,28,Scam,real,28,0
703548,resources/real_fg_memory_images/orig12.jpg,Young,0,real,Post,28,Scam,real,28,0
703548,resources/real_fg_memory_images/orig5.jpg,Young,0,real,Post,28,Neutral,real,28,0
703548,resources/real_fg_memory_images/orig5.jpg,Young,0,real,Pre,28,Neutral,real,28,0
752215,resources/real_fg_memory_images/fg12.jpg,Young,0,artificial,Pre,26,Scam,artificial,26,0
752215,resources/real_fg_memory_images/fg12.jpg,Young,4,artificial,Post,26,Scam,artificial,26,0
752215,resources/real_fg_memory_images/fg2.jpg,Young,9,artificial,Pre,26,Neutral,artificial,26,0
752215,resources/real_fg_memory_images/fg2.jpg,Young,4,artificial,Post,26,Neutral,artificial,26,0
752215,resources/real_fg_memory_images/fg9.jpg,Young,0,artificial,Pre,26,Scam,artificial,26,0
752215,resources/real_fg_memory_images/fg9.jpg,Young,8,artificial,Post,26,Scam,artificial,26,0
761707,resources/real_fg_memory_images/fg2.jpg,Young,3,artificial,Post,26,Neutral,artificial,26,0
761707,resources/real_fg_memory_images/fg2.jpg,Young,4,artificial,Pre,26,Neutral,artificial,26,0
761707,resources/real_fg_memory_images/fg3.jpg,Young,5,artificial,Pre,26,Neutral,artificial,26,0
761707,resources/real_fg_memory_images/fg3.jpg,Young,6,artificial,Post,26,Neutral,artificial,26,0
761707,resources/real_fg_memory_images/fg4.jpg,Young,6,artificial,Post,26,Neutral,artificial,26,0
761707,resources/real_fg_memory_images/fg4.jpg,Young,8,artificial,Pre,26,Neutral,artificial,26,0
761707,resources/real_fg_memory_images/fg5.jpg,Young,6,artificial,Post,26,Neutral,artificial,26,0
761707,resources/real_fg_memory_images/fg5.jpg,Young,2,artificial,Pre,26,Neutral,artificial,26,0
761707,resources/real_fg_memory_images/fg6.jpg,Young,2,artificial,Pre,26,Neutral,artificial,26,0
761707,resources/real_fg_memory_images/fg6.jpg,Young,8,artificial,Post,26,Neutral,artificial,26,0
761707,resources/real_fg_memory_images/orig19.jpg,Young,2,real,Post,26,Neutral,real,26,0
761707,resources/real_fg_memory_images/orig19.jpg,Young,1,real,Pre,26,Neutral,real,26,0
761707,resources/real_fg_memory_images/orig21.jpg,Young,3,real,Pre,26,Neutral,real,26,0
761707,resources/real_fg_memory_images/orig21.jpg,Young,7,real,Post,26,Neutral,real,26,0
761707,resources/real_fg_memory_images/orig23.jpg,Young,6,real,Pre,26,Neutral,real,26,0
761707,resources/real_fg_memory_images/orig23.jpg,Young,8,real,Post,26,Neutral,real,26,0
766655,resources/real_fg_memory_images/fg12.jpg,Young,2,artificial,Pre,26,Scam,artificial,26,0
766655,resources/real_fg_memory_images/fg12.jpg,Young,3,artificial,Post,26,Scam,artificial,26,0
766655,resources/real_fg_memory_images/fg2.jpg,Young,3,artificial,Pre,26,Neutral,artificial,26,0
766655,resources/real_fg_memory_images/fg2.jpg,Young,6,artificial,Post,26,Neutral,artificial,26,0
766655,resources/real_fg_memory_images/fg6.jpg,Young,4,artificial,Post,26,Neutral,artificial,26,0
766655,resources/real_fg_memory_images/fg6.jpg,Young,6,artificial,Pre,26,Neutral,artificial,26,0
766655,resources/real_fg_memory_images/fg9.jpg,Young,4,artificial,Pre,26,Scam,artificial,26,0
766655,resources/real_fg_memory_images/fg9.jpg,Young,4,artificial,Post,26,Scam,artificial,26,0
766655,resources/real_fg_memory_images/orig20.jpg,Young,4,real,Post,26,Neutral,real,26,0
766655,resources/real_fg_memory_images/orig20.jpg,Young,3,real,Pre,26,Neutral,real,26,0
766655,resources/real_fg_memory_images/orig22.jpg,Young,3,real,Post,26,Neutral,real,26,0
766655,resources/real_fg_memory_images/orig22.jpg,Young,3,real,Pre,26,Neutral,real,26,0
776792,resources/real_fg_memory_images/fg21.jpg,Young,5,artificial,Pre,26,Neutral,artificial,26,0
776792,resources/real_fg_memory_images/fg21.jpg,Young,7,artificial,Post,26,Neutral,artificial,26,0
776792,resources/real_fg_memory_images/fg22.jpg,Young,6,artificial,Post,26,Neutral,artificial,26,0
776792,resources/real_fg_memory_images/fg22.jpg,Young,7,artificial,Pre,26,Neutral,artificial,26,0
776792,resources/real_fg_memory_images/fg25.jpg,Young,6,artificial,Post,26,Scam,artificial,26,0
776792,resources/real_fg_memory_images/fg25.jpg,Young,0,artificial,Pre,26,Scam,artificial,26,0
776792,resources/real_fg_memory_images/fg30.jpg,Young,0,artificial,Pre,26,Scam,artificial,26,0
776792,resources/real_fg_memory_images/fg30.jpg,Young,6,artificial,Post,26,Scam,artificial,26,0
776792,resources/real_fg_memory_images/orig10.jpg,Young,6,real,Pre,26,Scam,real,26,0
776792,resources/real_fg_memory_images/orig10.jpg,Young,7,real,Post,26,Scam,real,26,0
776792,resources/real_fg_memory_images/orig11.jpg,Young,7,real,Pre,26,Scam,real,26,0
776792,resources/real_fg_memory_images/orig11.jpg,Young,5,real,Post,26,Scam,real,26,0
776792,resources/real_fg_memory_images/orig12.jpg,Young,5,real,Post,26,Scam,real,26,0
776792,resources/real_fg_memory_images/orig12.jpg,Young,0,real,Pre,26,Scam,real,26,0
776792,resources/real_fg_memory_images/orig4.jpg,Young,6,real,Pre,26,Neutral,real,26,0
776792,resources/real_fg_memory_images/orig4.jpg,Young,5,real,Post,26,Neutral,real,26,0
776792,resources/real_fg_memory_images/orig7.jpg,Young,7,real,Post,26,Scam,real,26,0
776792,resources/real_fg_memory_images/orig7.jpg,Young,5,real,Pre,26,Scam,real,26,0
776792,resources/real_fg_memory_images/orig9.jpg,Young,5,real,Pre,26,Scam,real,26,0
776792,resources/real_fg_memory_images/orig9.jpg,Young,4,real,Post,26,Scam,real,26,0
784447,resources/real_fg_memory_images/fg20.jpg,Young,3,artificial,Pre,25,Neutral,artificial,25,0
784447,resources/real_fg_memory_images/fg20.jpg,Young,4,artificial,Post,25,Neutral,artificial,25,0
784447,resources/real_fg_memory_images/fg22.jpg,Young,4,artificial,Pre,25,Neutral,artificial,25,0
784447,resources/real_fg_memory_images/fg22.jpg,Young,2,artificial,Post,25,Neutral,artificial,25,0
784447,resources/real_fg_memory_images/fg23.jpg,Young,2,artificial,Pre,25,Neutral,artificial,25,0
784447,resources/real_fg_memory_images/fg23.jpg,Young,4,artificial,Post,25,Neutral,artificial,25,0
784447,resources/real_fg_memory_images/fg30.jpg,Young,4,artificial,Pre,25,Scam,artificial,25,0
784447,resources/real_fg_memory_images/fg30.jpg,Young,5,artificial,Post,25,Scam,artificial,25,0
784447,resources/real_fg_memory_images/orig1.jpg,Young,1,real,Post,25,Neutral,real,25,0
784447,resources/real_fg_memory_images/orig1.jpg,Young,3,real,Pre,25,Neutral,real,25,0
797770,resources/real_fg_memory_images/fg10.jpg,Young,6,artificial,Pre,27,Neutral,artificial,27,0
797770,resources/real_fg_memory_images/fg10.jpg,Young,5,artificial,Post,27,Neutral,artificial,27,0
797770,resources/real_fg_memory_images/fg4.jpg,Young,8,artificial,Pre,27,Scam,artificial,27,0
797770,resources/real_fg_memory_images/fg4.jpg,Young,8,artificial,Post,27,Scam,artificial,27,0
797770,resources/real_fg_memory_images/fg6.jpg,Young,7,artificial,Post,27,Scam,artificial,27,0
797770,resources/real_fg_memory_images/fg6.jpg,Young,7,artificial,Pre,27,Scam,artificial,27,0
797770,resources/real_fg_memory_images/fg8.jpg,Young,5,artificial,Post,27,Neutral,artificial,27,0
797770,resources/real_fg_memory_images/fg8.jpg,Young,5,artificial,Pre,27,Neutral,artificial,27,0
797770,resources/real_fg_memory_images/orig27.jpg,Young,4,real,Pre,27,Neutral,real,27,0
797770,resources/real_fg_memory_images/orig27.jpg,Young,4,real,Post,27,Neutral,real,27,0
804333,resources/real_fg_memory_images/fg21.jpg,Young,4,artificial,Pre,28,Scam,artificial,28,0
804333,resources/real_fg_memory_images/fg21.jpg,Young,6,artificial,Post,28,Scam,artificial,28,0
804333,resources/real_fg_memory_images/fg22.jpg,Young,6,artificial,Pre,28,Scam,artificial,28,0
804333,resources/real_fg_memory_images/fg22.jpg,Young,5,artificial,Post,28,Scam,artificial,28,0
804333,resources/real_fg_memory_images/orig12.jpg,Young,0,real,Post,28,Neutral,real,28,0
804333,resources/real_fg_memory_images/orig12.jpg,Young,0,real,Pre,28,Neutral,real,28,0
804333,resources/real_fg_memory_images/orig7.jpg,Young,6,real,Post,28,Neutral,real,28,0
804333,resources/real_fg_memory_images/orig7.jpg,Young,3,real,Pre,28,Neutral,real,28,0
804333,resources/real_fg_memory_images/orig9.jpg,Young,0,real,Pre,28,Neutral,real,28,0
804333,resources/real_fg_memory_images/orig9.jpg,Young,0,real,Post,28,Neutral,real,28,0
806441,resources/real_fg_memory_images/fg1.jpg,Young,5,artificial,Post,27,Neutral,artificial,27,0
806441,resources/real_fg_memory_images/fg1.jpg,Young,3,artificial,Pre,27,Neutral,artificial,27,0
806441,resources/real_fg_memory_images/fg10.jpg,Young,5,artificial,Post,27,Scam,artificial,27,0
806441,resources/real_fg_memory_images/fg10.jpg,Young,4,artificial,Pre,27,Scam,artificial,27,0
806441,resources/real_fg_memory_images/fg2.jpg,Young,4,artificial,Pre,27,Neutral,artificial,27,0
806441,resources/real_fg_memory_images/fg2.jpg,Young,3,artificial,Post,27,Neutral,artificial,27,0
806441,resources/real_fg_memory_images/fg5.jpg,Young,5,artificial,Post,27,Neutral,artificial,27,0
806441,resources/real_fg_memory_images/fg5.jpg,Young,4,artificial,Pre,27,Neutral,artificial,27,0
806441,resources/real_fg_memory_images/fg7.jpg,Young,4,artificial,Pre,27,Scam,artificial,27,0
806441,resources/real_fg_memory_images/fg7.jpg,Young,5,artificial,Post,27,Scam,artificial,27,0
806441,resources/real_fg_memory_images/orig19.jpg,Young,4,real,Post,27,Neutral,real,27,0
806441,resources/real_fg_memory_images/orig19.jpg,Young,5,real,Pre,27,Neutral,real,27,0
806441,resources/real_fg_memory_images/orig24.jpg,Young,5,real,Post,27,Neutral,real,27,0
806441,resources/real_fg_memory_images/orig24.jpg,Young,5,real,Pre,27,Neutral,real,27,0
806441,resources/real_fg_memory_images/orig25.jpg,Young,5,real,Pre,27,Scam,real,27,0
806441,resources/real_fg_memory_images/orig25.jpg,Young,5,real,Post,27,Scam,real,27,0
806441,resources/real_fg_memory_images/orig28.jpg,Young,6,real,Pre,27,Scam,real,27,0
806441,resources/real_fg_memory_images/orig28.jpg,Young,5,real,Post,27,Scam,real,27,0
815896,resources/real_fg_memory_images/fg25.jpg,Young,0,artificial,Post,23,Neutral,artificial,23,0
815896,resources/real_fg_memory_images/fg25.jpg,Young,2,artificial,Pre,23,Neutral,artificial,23,0
815896,resources/real_fg_memory_images/fg29.jpg,Young,2,artificial,Pre,23,Neutral,artificial,23,0
815896,resources/real_fg_memory_images/fg29.jpg,Young,4,artificial,Post,23,Neutral,artificial,23,0
815896,resources/real_fg_memory_images/orig12.jpg,Young,0,real,Post,23,Neutral,real,23,0
815896,resources/real_fg_memory_images/orig12.jpg,Young,5,real,Pre,23,Neutral,real,23,0
815896,resources/real_fg_memory_images/orig3.jpg,Young,6,real,Pre,23,Scam,real,23,0
815896,resources/real_fg_memory_images/orig3.jpg,Young,7,real,Post,23,Scam,real,23,0
821820,resources/real_fg_memory_images/fg11.jpg,Young,0,artificial,Pre,29,Neutral,artificial,29,0
821820,resources/real_fg_memory_images/fg11.jpg,Young,0,artificial,Post,29,Neutral,artificial,29,0
821820,resources/real_fg_memory_images/fg12.jpg,Young,0,artificial,Post,29,Neutral,artificial,29,0
821820,resources/real_fg_memory_images/fg12.jpg,Young,0,artificial,Pre,29,Neutral,artificial,29,0
821820,resources/real_fg_memory_images/fg4.jpg,Young,0,artificial,Post,29,Scam,artificial,29,0
821820,resources/real_fg_memory_images/fg4.jpg,Young,4,artificial,Pre,29,Scam,artificial,29,0
821820,resources/real_fg_memory_images/fg5.jpg,Young,2,artificial,Pre,29,Scam,artificial,29,0
821820,resources/real_fg_memory_images/fg5.jpg,Young,0,artificial,Post,29,Scam,artificial,29,0
821820,resources/real_fg_memory_images/fg7.jpg,Young,0,artificial,Post,29,Neutral,artificial,29,0
821820,resources/real_fg_memory_images/fg7.jpg,Young,4,artificial,Pre,29,Neutral,artificial,29,0
821820,resources/real_fg_memory_images/fg8.jpg,Young,0,artificial,Pre,29,Neutral,artificial,29,0
821820,resources/real_fg_memory_images/fg8.jpg,Young,0,artificial,Post,29,Neutral,artificial,29,0
821820,resources/real_fg_memory_images/fg9.jpg,Young,4,artificial,Pre,29,Neutral,artificial,29,0
821820,resources/real_fg_memory_images/fg9.jpg,Young,0,artificial,Post,29,Neutral,artificial,29,0
824983,resources/real_fg_memory_images/fg20.jpg,Young,0,artificial,Post,29,Scam,artificial,29,0
824983,resources/real_fg_memory_images/fg20.jpg,Young,0,artificial,Pre,29,Scam,artificial,29,0
824983,resources/real_fg_memory_images/fg21.jpg,Young,0,artificial,Post,29,Scam,artificial,29,0
824983,resources/real_fg_memory_images/fg21.jpg,Young,0,artificial,Pre,29,Scam,artificial,29,0
824983,resources/real_fg_memory_images/fg22.jpg,Young,2,artificial,Post,29,Scam,artificial,29,0
824983,resources/real_fg_memory_images/fg22.jpg,Young,0,artificial,Pre,29,Scam,artificial,29,0
824983,resources/real_fg_memory_images/fg23.jpg,Young,0,artificial,Post,29,Scam,artificial,29,0
824983,resources/real_fg_memory_images/fg23.jpg,Young,0,artificial,Pre,29,Scam,artificial,29,0
824983,resources/real_fg_memory_images/fg24.jpg,Young,2,artificial,Post,29,Scam,artificial,29,0
824983,resources/real_fg_memory_images/fg24.jpg,Young,0,artificial,Pre,29,Scam,artificial,29,0
824983,resources/real_fg_memory_images/fg25.jpg,Young,0,artificial,Post,29,Neutral,artificial,29,0
824983,resources/real_fg_memory_images/fg25.jpg,Young,0,artificial,Pre,29,Neutral,artificial,29,0
824983,resources/real_fg_memory_images/fg26.jpg,Young,0,artificial,Post,29,Neutral,artificial,29,0
824983,resources/real_fg_memory_images/fg26.jpg,Young,0,artificial,Pre,29,Neutral,artificial,29,0
824983,resources/real_fg_memory_images/fg30.jpg,Young,0,artificial,Pre,29,Neutral,artificial,29,0
824983,resources/real_fg_memory_images/fg30.jpg,Young,3,artificial,Post,29,Neutral,artificial,29,0
824983,resources/real_fg_memory_images/orig12.jpg,Young,4,real,Post,29,Neutral,real,29,0
824983,resources/real_fg_memory_images/orig12.jpg,Young,3,real,Pre,29,Neutral,real,29,0
824983,resources/real_fg_memory_images/orig7.jpg,Young,6,real,Pre,29,Neutral,real,29,0
824983,resources/real_fg_memory_images/orig7.jpg,Young,4,real,Post,29,Neutral,real,29,0
824983,resources/real_fg_memory_images/orig9.jpg,Young,3,real,Pre,29,Neutral,real,29,0
824983,resources/real_fg_memory_images/orig9.jpg,Young,4,real,Post,29,Neutral,real,29,0
825683,resources/real_fg_memory_images/fg1.jpg,Young,5,artificial,Post,29,Scam,artificial,29,0
825683,resources/real_fg_memory_images/fg1.jpg,Young,5,artificial,Pre,29,Scam,artificial,29,0
825683,resources/real_fg_memory_images/fg4.jpg,Young,4,artificial,Post,29,Scam,artificial,29,0
825683,resources/real_fg_memory_images/fg4.jpg,Young,3,artificial,Pre,29,Scam,artificial,29,0
825683,resources/real_fg_memory_images/fg9.jpg,Young,1,artificial,Pre,29,Neutral,artificial,29,0
825683,resources/real_fg_memory_images/fg9.jpg,Young,3,artificial,Post,29,Neutral,artificial,29,0
825683,resources/real_fg_memory_images/orig21.jpg,Young,4,real,Pre,29,Scam,real,29,0
825683,resources/real_fg_memory_images/orig21.jpg,Young,5,real,Post,29,Scam,real,29,0
825683,resources/real_fg_memory_images/orig24.jpg,Young,5,real,Pre,29,Scam,real,29,0
825683,resources/real_fg_memory_images/orig24.jpg,Young,3,real,Post,29,Scam,real,29,0
825683,resources/real_fg_memory_images/orig25.jpg,Young,3,real,Pre,29,Neutral,real,29,0
825683,resources/real_fg_memory_images/orig25.jpg,Young,4,real,Post,29,Neutral,real,29,0
825683,resources/real_fg_memory_images/orig28.jpg,Young,7,real,Pre,29,Neutral,real,29,0
825683,resources/real_fg_memory_images/orig28.jpg,Young,7,real,Post,29,Neutral,real,29,0
841108,resources/real_fg_memory_images/fg10.jpg,Young,6,artificial,Post,28,Scam,artificial,28,0
841108,resources/real_fg_memory_images/fg10.jpg,Young,4,artificial,Pre,28,Scam,artificial,28,0
841108,resources/real_fg_memory_images/fg11.jpg,Young,5,artificial,Pre,28,Scam,artificial,28,0
841108,resources/real_fg_memory_images/fg11.jpg,Young,5,artificial,Post,28,Scam,artificial,28,0
841108,resources/real_fg_memory_images/fg2.jpg,Young,4,artificial,Post,28,Neutral,artificial,28,0
841108,resources/real_fg_memory_images/fg2.jpg,Young,5,artificial,Pre,28,Neutral,artificial,28,0
841108,resources/real_fg_memory_images/fg9.jpg,Young,4,artificial,Post,28,Scam,artificial,28,0
841108,resources/real_fg_memory_images/fg9.jpg,Young,5,artificial,Pre,28,Scam,artificial,28,0
854508,resources/real_fg_memory_images/fg1.jpg,Young,2,artificial,Pre,28,Scam,artificial,28,0
854508,resources/real_fg_memory_images/fg1.jpg,Young,3,artificial,Post,28,Scam,artificial,28,0
854508,resources/real_fg_memory_images/fg12.jpg,Young,5,artificial,Post,28,Neutral,artificial,28,0
854508,resources/real_fg_memory_images/fg12.jpg,Young,0,artificial,Pre,28,Neutral,artificial,28,0
854508,resources/real_fg_memory_images/fg3.jpg,Young,4,artificial,Pre,28,Scam,artificial,28,0
854508,resources/real_fg_memory_images/fg3.jpg,Young,4,artificial,Post,28,Scam,artificial,28,0
854508,resources/real_fg_memory_images/fg7.jpg,Young,5,artificial,Post,28,Neutral,artificial,28,0
854508,resources/real_fg_memory_images/fg7.jpg,Young,4,artificial,Pre,28,Neutral,artificial,28,0
854508,resources/real_fg_memory_images/fg8.jpg,Young,3,artificial,Pre,28,Neutral,artificial,28,0
854508,resources/real_fg_memory_images/fg8.jpg,Young,4,artificial,Post,28,Neutral,artificial,28,0
854508,resources/real_fg_memory_images/fg9.jpg,Young,2,artificial,Pre,28,Neutral,artificial,28,0
854508,resources/real_fg_memory_images/fg9.jpg,Young,4,artificial,Post,28,Neutral,artificial,28,0
854508,resources/real_fg_memory_images/orig21.jpg,Young,3,real,Post,28,Scam,real,28,0
854508,resources/real_fg_memory_images/orig21.jpg,Young,0,real,Pre,28,Scam,real,28,0
854508,resources/real_fg_memory_images/orig23.jpg,Young,4,real,Post,28,Scam,real,28,0
854508,resources/real_fg_memory_images/orig23.jpg,Young,0,real,Pre,28,Scam,real,28,0
854508,resources/real_fg_memory_images/orig25.jpg,Young,4,real,Post,28,Neutral,real,28,0
854508,resources/real_fg_memory_images/orig25.jpg,Young,0,real,Pre,28,Neutral,real,28,0
854508,resources/real_fg_memory_images/orig27.jpg,Young,8,real,Pre,28,Neutral,real,28,0
854508,resources/real_fg_memory_images/orig27.jpg,Young,5,real,Post,28,Neutral,real,28,0
854895,resources/real_fg_memory_images/fg20.jpg,Young,7,artificial,Pre,29,Neutral,artificial,29,0
854895,resources/real_fg_memory_images/fg20.jpg,Young,4,artificial,Post,29,Neutral,artificial,29,0
854895,resources/real_fg_memory_images/fg21.jpg,Young,3,artificial,Pre,29,Neutral,artificial,29,0
854895,resources/real_fg_memory_images/fg21.jpg,Young,4,artificial,Post,29,Neutral,artificial,29,0
854895,resources/real_fg_memory_images/fg28.jpg,Young,8,artificial,Pre,29,Scam,artificial,29,0
854895,resources/real_fg_memory_images/fg28.jpg,Young,4,artificial,Post,29,Scam,artificial,29,0
854895,resources/real_fg_memory_images/fg29.jpg,Young,5,artificial,Post,29,Scam,artificial,29,0
854895,resources/real_fg_memory_images/fg29.jpg,Young,7,artificial,Pre,29,Scam,artificial,29,0
854895,resources/real_fg_memory_images/orig10.jpg,Young,3,real,Pre,29,Scam,real,29,0
854895,resources/real_fg_memory_images/orig10.jpg,Young,6,real,Post,29,Scam,real,29,0
854895,resources/real_fg_memory_images/orig11.jpg,Young,2,real,Pre,29,Scam,real,29,0
854895,resources/real_fg_memory_images/orig11.jpg,Young,6,real,Post,29,Scam,real,29,0
854895,resources/real_fg_memory_images/orig6.jpg,Young,8,real,Post,29,Neutral,real,29,0
854895,resources/real_fg_memory_images/orig6.jpg,Young,8,real,Pre,29,Neutral,real,29,0
854895,resources/real_fg_memory_images/orig8.jpg,Young,6,real,Pre,29,Scam,real,29,0
854895,resources/real_fg_memory_images/orig8.jpg,Young,4,real,Post,29,Scam,real,29,0
870305,resources/real_fg_memory_images/fg23.jpg,Young,1,artificial,Post,28,Neutral,artificial,28,0
870305,resources/real_fg_memory_images/fg23.jpg,Young,2,artificial,Pre,28,Neutral,artificial,28,0
870305,resources/real_fg_memory_images/fg24.jpg,Young,1,artificial,Post,28,Neutral,artificial,28,0
870305,resources/real_fg_memory_images/fg24.jpg,Young,2,artificial,Pre,28,Neutral,artificial,28,0
870305,resources/real_fg_memory_images/fg25.jpg,Young,3,artificial,Pre,28,Scam,artificial,28,0
870305,resources/real_fg_memory_images/fg25.jpg,Young,1,artificial,Post,28,Scam,artificial,28,0
870305,resources/real_fg_memory_images/fg26.jpg,Young,2,artificial,Pre,28,Scam,artificial,28,0
870305,resources/real_fg_memory_images/fg26.jpg,Young,1,artificial,Post,28,Scam,artificial,28,0
870305,resources/real_fg_memory_images/fg29.jpg,Young,6,artificial,Post,28,Scam,artificial,28,0
870305,resources/real_fg_memory_images/fg29.jpg,Young,2,artificial,Pre,28,Scam,artificial,28,0
870305,resources/real_fg_memory_images/fg30.jpg,Young,5,artificial,Pre,28,Scam,artificial,28,0
870305,resources/real_fg_memory_images/fg30.jpg,Young,1,artificial,Post,28,Scam,artificial,28,0
870305,resources/real_fg_memory_images/orig10.jpg,Young,4,real,Pre,28,Scam,real,28,0
870305,resources/real_fg_memory_images/orig10.jpg,Young,4,real,Post,28,Scam,real,28,0
870305,resources/real_fg_memory_images/orig11.jpg,Young,5,real,Post,28,Scam,real,28,0
870305,resources/real_fg_memory_images/orig11.jpg,Young,5,real,Pre,28,Scam,real,28,0
870305,resources/real_fg_memory_images/orig3.jpg,Young,5,real,Pre,28,Neutral,real,28,0
870305,resources/real_fg_memory_images/orig3.jpg,Young,5,real,Post,28,Neutral,real,28,0
870305,resources/real_fg_memory_images/orig5.jpg,Young,3,real,Pre,28,Neutral,real,28,0
870305,resources/real_fg_memory_images/orig5.jpg,Young,4,real,Post,28,Neutral,real,28,0
870305,resources/real_fg_memory_images/orig9.jpg,Young,7,real,Post,28,Scam,real,28,0
870305,resources/real_fg_memory_images/orig9.jpg,Young,6,real,Pre,28,Scam,real,28,0
877512,resources/real_fg_memory_images/fg19.jpg,Young,0,artificial,Post,29,Neutral,artificial,29,0
877512,resources/real_fg_memory_images/fg19.jpg,Young,6,artificial,Pre,29,Neutral,artificial,29,0
877512,resources/real_fg_memory_images/fg21.jpg,Young,5,artificial,Pre,29,Neutral,artificial,29,0
877512,resources/real_fg_memory_images/fg21.jpg,Young,0,artificial,Post,29,Neutral,artificial,29,0
877512,resources/real_fg_memory_images/fg24.jpg,Young,10,artificial,Post,29,Neutral,artificial,29,0
877512,resources/real_fg_memory_images/fg24.jpg,Young,2,artificial,Pre,29,Neutral,artificial,29,0
877512,resources/real_fg_memory_images/fg26.jpg,Young,10,artificial,Post,29,Scam,artificial,29,0
877512,resources/real_fg_memory_images/fg26.jpg,Young,2,artificial,Pre,29,Scam,artificial,29,0
877512,resources/real_fg_memory_images/fg27.jpg,Young,1,artificial,Pre,29,Scam,artificial,29,0
877512,resources/real_fg_memory_images/fg27.jpg,Young,0,artificial,Post,29,Scam,artificial,29,0
877512,resources/real_fg_memory_images/orig1.jpg,Young,0,real,Post,29,Neutral,real,29,0
877512,resources/real_fg_memory_images/orig1.jpg,Young,1,real,Pre,29,Neutral,real,29,0
877512,resources/real_fg_memory_images/orig11.jpg,Young,4,real,Pre,29,Scam,real,29,0
877512,resources/real_fg_memory_images/orig11.jpg,Young,10,real,Post,29,Scam,real,29,0
877512,resources/real_fg_memory_images/orig2.jpg,Young,3,real,Pre,29,Neutral,real,29,0
877512,resources/real_fg_memory_images/orig2.jpg,Young,10,real,Post,29,Neutral,real,29,0
877512,resources/real_fg_memory_images/orig7.jpg,Young,0,real,Post,29,Scam,real,29,0
877512,resources/real_fg_memory_images/orig9.jpg,Young,1,real,Pre,29,Scam,real,29,0
877512,resources/real_fg_memory_images/orig9.jpg,Young,0,real,Post,29,Scam,real,29,0
886554,resources/real_fg_memory_images/fg21.jpg,Young,3,artificial,Post,23,Neutral,artificial,23,0
886554,resources/real_fg_memory_images/fg21.jpg,Young,4,artificial,Pre,23,Neutral,artificial,23,0
886554,resources/real_fg_memory_images/fg25.jpg,Young,6,artificial,Pre,23,Scam,artificial,23,0
886554,resources/real_fg_memory_images/fg25.jpg,Young,4,artificial,Post,23,Scam,artificial,23,0
886554,resources/real_fg_memory_images/fg28.jpg,Young,6,artificial,Post,23,Scam,artificial,23,0
886554,resources/real_fg_memory_images/fg28.jpg,Young,5,artificial,Pre,23,Scam,artificial,23,0
886554,resources/real_fg_memory_images/fg30.jpg,Young,6,artificial,Post,23,Scam,artificial,23,0
886554,resources/real_fg_memory_images/fg30.jpg,Young,6,artificial,Pre,23,Scam,artificial,23,0
886554,resources/real_fg_memory_images/orig12.jpg,Young,6,real,Pre,23,Scam,real,23,0
886554,resources/real_fg_memory_images/orig12.jpg,Young,6,real,Post,23,Scam,real,23,0
886554,resources/real_fg_memory_images/orig3.jpg,Young,6,real,Post,23,Neutral,real,23,0
886554,resources/real_fg_memory_images/orig3.jpg,Young,6,real,Pre,23,Neutral,real,23,0
886554,resources/real_fg_memory_images/orig9.jpg,Young,5,real,Pre,23,Scam,real,23,0
886554,resources/real_fg_memory_images/orig9.jpg,Young,5,real,Post,23,Scam,real,23,0
886833,resources/real_fg_memory_images/fg10.jpg,Young,5,artificial,Pre,26,Neutral,artificial,26,0
886833,resources/real_fg_memory_images/fg10.jpg,Young,5,artificial,Post,26,Neutral,artificial,26,0
886833,resources/real_fg_memory_images/fg8.jpg,Young,3,artificial,Pre,26,Neutral,artificial,26,0
886833,resources/real_fg_memory_images/fg8.jpg,Young,2,artificial,Post,26,Neutral,artificial,26,0
886833,resources/real_fg_memory_images/fg9.jpg,Young,2,artificial,Pre,26,Neutral,artificial,26,0
886833,resources/real_fg_memory_images/fg9.jpg,Young,4,artificial,Post,26,Neutral,artificial,26,0
886833,resources/real_fg_memory_images/orig21.jpg,Young,3,real,Post,26,Scam,real,26,0
886833,resources/real_fg_memory_images/orig21.jpg,Young,5,real,Pre,26,Scam,real,26,0
886833,resources/real_fg_memory_images/orig25.jpg,Young,5,real,Post,26,Neutral,real,26,0
886833,resources/real_fg_memory_images/orig25.jpg,Young,5,real,Pre,26,Neutral,real,26,0
894292,resources/real_fg_memory_images/fg19.jpg,Young,3,artificial,Post,21,Neutral,artificial,21,0
894292,resources/real_fg_memory_images/fg19.jpg,Young,5,artificial,Pre,21,Neutral,artificial,21,0
894292,resources/real_fg_memory_images/fg20.jpg,Young,8,artificial,Post,21,Neutral,artificial,21,0
894292,resources/real_fg_memory_images/fg20.jpg,Young,5,artificial,Pre,21,Neutral,artificial,21,0
894292,resources/real_fg_memory_images/fg21.jpg,Young,5,artificial,Pre,21,Neutral,artificial,21,0
894292,resources/real_fg_memory_images/fg21.jpg,Young,8,artificial,Post,21,Neutral,artificial,21,0
894292,resources/real_fg_memory_images/fg22.jpg,Young,5,artificial,Pre,21,Neutral,artificial,21,0
894292,resources/real_fg_memory_images/fg22.jpg,Young,4,artificial,Post,21,Neutral,artificial,21,0
894292,resources/real_fg_memory_images/fg23.jpg,Young,5,artificial,Pre,21,Neutral,artificial,21,0
894292,resources/real_fg_memory_images/fg23.jpg,Young,8,artificial,Post,21,Neutral,artificial,21,0
894292,resources/real_fg_memory_images/fg24.jpg,Young,5,artificial,Post,21,Neutral,artificial,21,0
894292,resources/real_fg_memory_images/fg24.jpg,Young,6,artificial,Pre,21,Neutral,artificial,21,0
894292,resources/real_fg_memory_images/orig1.jpg,Young,5,real,Pre,21,Neutral,real,21,0
894292,resources/real_fg_memory_images/orig1.jpg,Young,6,real,Post,21,Neutral,real,21,0
894292,resources/real_fg_memory_images/orig2.jpg,Young,5,real,Pre,21,Neutral,real,21,0
894292,resources/real_fg_memory_images/orig2.jpg,Young,9,real,Post,21,Neutral,real,21,0
894292,resources/real_fg_memory_images/orig3.jpg,Young,5,real,Pre,21,Neutral,real,21,0
894292,resources/real_fg_memory_images/orig3.jpg,Young,5,real,Post,21,Neutral,real,21,0
894292,resources/real_fg_memory_images/orig4.jpg,Young,6,real,Post,21,Neutral,real,21,0
894292,resources/real_fg_memory_images/orig4.jpg,Young,5,real,Pre,21,Neutral,real,21,0
894292,resources/real_fg_memory_images/orig5.jpg,Young,5,real,Pre,21,Neutral,real,21,0
894292,resources/real_fg_memory_images/orig5.jpg,Young,0,real,Post,21,Neutral,real,21,0
894292,resources/real_fg_memory_images/orig6.jpg,Young,5,real,Pre,21,Neutral,real,21,0
894292,resources/real_fg_memory_images/orig6.jpg,Young,6,real,Post,21,Neutral,real,21,0
899688,resources/real_fg_memory_images/fg21.jpg,Young,4,artificial,Post,28,Neutral,artificial,28,0
899688,resources/real_fg_memory_images/fg21.jpg,Young,4,artificial,Pre,28,Neutral,artificial,28,0
899688,resources/real_fg_memory_images/fg22.jpg,Young,6,artificial,Post,28,Neutral,artificial,28,0
899688,resources/real_fg_memory_images/fg22.jpg,Young,7,artificial,Pre,28,Neutral,artificial,28,0
899688,resources/real_fg_memory_images/fg23.jpg,Young,3,artificial,Post,28,Neutral,artificial,28,0
899688,resources/real_fg_memory_images/fg23.jpg,Young,6,artificial,Pre,28,Neutral,artificial,28,0
899688,resources/real_fg_memory_images/orig12.jpg,Young,6,real,Post,28,Scam,real,28,0
899688,resources/real_fg_memory_images/orig12.jpg,Young,5,real,Pre,28,Scam,real,28,0
899688,resources/real_fg_memory_images/orig3.jpg,Young,5,real,Post,28,Neutral,real,28,0
899688,resources/real_fg_memory_images/orig3.jpg,Young,6,real,Pre,28,Neutral,real,28,0
899688,resources/real_fg_memory_images/orig9.jpg,Young,8,real,Post,28,Scam,real,28,0
899688,resources/real_fg_memory_images/orig9.jpg,Young,4,real,Pre,28,Scam,real,28,0
912125,resources/real_fg_memory_images/fg10.jpg,Young,3,artificial,Post,22,Neutral,artificial,22,0
912125,resources/real_fg_memory_images/fg10.jpg,Young,4,artificial,Pre,22,Neutral,artificial,22,0
912125,resources/real_fg_memory_images/fg12.jpg,Young,2,artificial,Post,22,Neutral,artificial,22,0
912125,resources/real_fg_memory_images/fg12.jpg,Young,5,artificial,Pre,22,Neutral,artificial,22,0
912125,resources/real_fg_memory_images/fg9.jpg,Young,3,artificial,Pre,22,Neutral,artificial,22,0
912125,resources/real_fg_memory_images/fg9.jpg,Young,3,artificial,Post,22,Neutral,artificial,22,0
912125,resources/real_fg_memory_images/orig20.jpg,Young,7,real,Pre,22,Scam,real,22,0
912125,resources/real_fg_memory_images/orig20.jpg,Young,7,real,Post,22,Scam,real,22,0
912125,resources/real_fg_memory_images/orig24.jpg,Young,6,real,Pre,22,Scam,real,22,0
912125,resources/real_fg_memory_images/orig24.jpg,Young,2,real,Post,22,Scam,real,22,0
920910,resources/real_fg_memory_images/fg10.jpg,Young,7,artificial,Pre,23,Neutral,artificial,23,0
920910,resources/real_fg_memory_images/fg10.jpg,Young,3,artificial,Post,23,Neutral,artificial,23,0
920910,resources/real_fg_memory_images/fg11.jpg,Young,8,artificial,Post,23,Neutral,artificial,23,0
920910,resources/real_fg_memory_images/fg11.jpg,Young,8,artificial,Pre,23,Neutral,artificial,23,0
920910,resources/real_fg_memory_images/fg12.jpg,Young,2,artificial,Pre,23,Neutral,artificial,23,0
920910,resources/real_fg_memory_images/fg12.jpg,Young,2,artificial,Post,23,Neutral,artificial,23,0
920910,resources/real_fg_memory_images/fg6.jpg,Young,5,artificial,Post,23,Scam,artificial,23,0
920910,resources/real_fg_memory_images/fg6.jpg,Young,7,artificial,Pre,23,Scam,artificial,23,0
920910,resources/real_fg_memory_images/fg8.jpg,Young,3,artificial,Post,23,Neutral,artificial,23,0
920910,resources/real_fg_memory_images/fg8.jpg,Young,4,artificial,Pre,23,Neutral,artificial,23,0
920910,resources/real_fg_memory_images/orig23.jpg,Young,4,real,Pre,23,Scam,real,23,0
920910,resources/real_fg_memory_images/orig23.jpg,Young,4,real,Post,23,Scam,real,23,0
920910,resources/real_fg_memory_images/orig24.jpg,Young,5,real,Pre,23,Scam,real,23,0
920910,resources/real_fg_memory_images/orig24.jpg,Young,5,real,Post,23,Scam,real,23,0
966630,resources/real_fg_memory_images/fg19.jpg,Young,0,artificial,Post,26,Scam,artificial,26,0
966630,resources/real_fg_memory_images/fg19.jpg,Young,7,artificial,Pre,26,Scam,artificial,26,0
966630,resources/real_fg_memory_images/fg21.jpg,Young,1,artificial,Pre,26,Scam,artificial,26,0
966630,resources/real_fg_memory_images/fg21.jpg,Young,0,artificial,Post,26,Scam,artificial,26,0
966630,resources/real_fg_memory_images/fg23.jpg,Young,8,artificial,Post,26,Scam,artificial,26,0
966630,resources/real_fg_memory_images/fg23.jpg,Young,3,artificial,Pre,26,Scam,artificial,26,0
966630,resources/real_fg_memory_images/fg24.jpg,Young,5,artificial,Post,26,Scam,artificial,26,0
966630,resources/real_fg_memory_images/fg24.jpg,Young,0,artificial,Pre,26,Scam,artificial,26,0
966630,resources/real_fg_memory_images/orig10.jpg,Young,0,real,Post,26,Neutral,real,26,0
966630,resources/real_fg_memory_images/orig10.jpg,Young,4,real,Pre,26,Neutral,real,26,0
966630,resources/real_fg_memory_images/orig12.jpg,Young,0,real,Post,26,Neutral,real,26,0
966630,resources/real_fg_memory_images/orig12.jpg,Young,7,real,Pre,26,Neutral,real,26,0
966630,resources/real_fg_memory_images/orig6.jpg,Young,0,real,Post,26,Scam,real,26,0
966630,resources/real_fg_memory_images/orig6.jpg,Young,7,real,Pre,26,Scam,real,26,0
011861,resources/real_fg_memory_images/fg19.jpg,Older,6,artificial,Pre,20,Neutral,artificial,20,0
011861,resources/real_fg_memory_images/fg19.jpg,Older,4,artificial,Post,20,Neutral,artificial,20,0
011861,resources/real_fg_memory_images/fg21.jpg,Older,4,artificial,Pre,20,Neutral,artificial,20,0
011861,resources/real_fg_memory_images/fg21.jpg,Older,3,artificial,Post,20,Neutral,artificial,20,0
011861,resources/real_fg_memory_images/fg23.jpg,Older,5,artificial,Pre,20,Neutral,artificial,20,0
011861,resources/real_fg_memory_images/fg23.jpg,Older,3,artificial,Post,20,Neutral,artificial,20,0
011861,resources/real_fg_memory_images/fg25.jpg,Older,8,artificial,Post,20,Scam,artificial,20,0
011861,resources/real_fg_memory_images/fg25.jpg,Older,4,artificial,Pre,20,Scam,artificial,20,0
011861,resources/real_fg_memory_images/fg27.jpg,Older,6,artificial,Pre,20,Scam,artificial,20,0
011861,resources/real_fg_memory_images/fg27.jpg,Older,5,artificial,Post,20,Scam,artificial,20,0
011861,resources/real_fg_memory_images/fg28.jpg,Older,8,artificial,Post,20,Scam,artificial,20,0
011861,resources/real_fg_memory_images/fg28.jpg,Older,7,artificial,Pre,20,Scam,artificial,20,0
011861,resources/real_fg_memory_images/fg29.jpg,Older,6,artificial,Pre,20,Scam,artificial,20,0
011861,resources/real_fg_memory_images/fg29.jpg,Older,6,artificial,Post,20,Scam,artificial,20,0
011861,resources/real_fg_memory_images/fg30.jpg,Older,3,artificial,Pre,20,Scam,artificial,20,0
011861,resources/real_fg_memory_images/fg30.jpg,Older,5,artificial,Post,20,Scam,artificial,20,0
011861,resources/real_fg_memory_images/orig11.jpg,Older,5,real,Pre,20,Scam,real,20,0
011861,resources/real_fg_memory_images/orig11.jpg,Older,7,real,Post,20,Scam,real,20,0
011861,resources/real_fg_memory_images/orig2.jpg,Older,8,real,Pre,20,Neutral,real,20,0
011861,resources/real_fg_memory_images/orig2.jpg,Older,8,real,Post,20,Neutral,real,20,0
011861,resources/real_fg_memory_images/orig5.jpg,Older,7,real,Pre,20,Neutral,real,20,0
011861,resources/real_fg_memory_images/orig5.jpg,Older,7,real,Post,20,Neutral,real,20,0
011861,resources/real_fg_memory_images/orig7.jpg,Older,7,real,Post,20,Scam,real,20,0
011861,resources/real_fg_memory_images/orig7.jpg,Older,7,real,Pre,20,Scam,real,20,0
034815,resources/real_fg_memory_images/fg1.jpg,Older,6,artificial,Pre,31,Neutral,artificial,31,0
034815,resources/real_fg_memory_images/fg1.jpg,Older,2,artificial,Post,31,Neutral,artificial,31,0
034815,resources/real_fg_memory_images/fg2.jpg,Older,4,artificial,Post,31,Neutral,artificial,31,0
034815,resources/real_fg_memory_images/fg2.jpg,Older,3,artificial,Pre,31,Neutral,artificial,31,0
034815,resources/real_fg_memory_images/fg4.jpg,Older,5,artificial,Post,31,Neutral,artificial,31,0
034815,resources/real_fg_memory_images/fg4.jpg,Older,5,artificial,Pre,31,Neutral,artificial,31,0
034815,resources/real_fg_memory_images/fg6.jpg,Older,6,artificial,Pre,31,Neutral,artificial,31,0
034815,resources/real_fg_memory_images/fg6.jpg,Older,4,artificial,Post,31,Neutral,artificial,31,0
034815,resources/real_fg_memory_images/fg9.jpg,Older,4,artificial,Pre,31,Scam,artificial,31,0
034815,resources/real_fg_memory_images/fg9.jpg,Older,6,artificial,Post,31,Scam,artificial,31,0
034815,resources/real_fg_memory_images/orig20.jpg,Older,3,real,Pre,31,Neutral,real,31,0
034815,resources/real_fg_memory_images/orig20.jpg,Older,2,real,Post,31,Neutral,real,31,0
034815,resources/real_fg_memory_images/orig23.jpg,Older,5,real,Post,31,Neutral,real,31,0
034815,resources/real_fg_memory_images/orig23.jpg,Older,4,real,Pre,31,Neutral,real,31,0
034815,resources/real_fg_memory_images/orig25.jpg,Older,5,real,Pre,31,Scam,real,31,0
034815,resources/real_fg_memory_images/orig25.jpg,Older,7,real,Post,31,Scam,real,31,0
037157,resources/real_fg_memory_images/fg1.jpg,Older,2,artificial,Post,25,Neutral,artificial,25,0
037157,resources/real_fg_memory_images/fg1.jpg,Older,4,artificial,Pre,25,Neutral,artificial,25,0
037157,resources/real_fg_memory_images/fg12.jpg,Older,7,artificial,Pre,25,Scam,artificial,25,0
037157,resources/real_fg_memory_images/fg12.jpg,Older,6,artificial,Post,25,Scam,artificial,25,0
037157,resources/real_fg_memory_images/fg5.jpg,Older,3,artificial,Pre,25,Neutral,artificial,25,0
037157,resources/real_fg_memory_images/fg5.jpg,Older,2,artificial,Post,25,Neutral,artificial,25,0
037157,resources/real_fg_memory_images/orig20.jpg,Older,2,real,Post,25,Neutral,real,25,0
037157,resources/real_fg_memory_images/orig20.jpg,Older,3,real,Pre,25,Neutral,real,25,0
037157,resources/real_fg_memory_images/orig29.jpg,Older,4,real,Pre,25,Scam,real,25,0
037157,resources/real_fg_memory_images/orig29.jpg,Older,3,real,Post,25,Scam,real,25,0
037351,resources/real_fg_memory_images/fg10.jpg,Older,2,artificial,Pre,20,Neutral,artificial,20,0
037351,resources/real_fg_memory_images/fg10.jpg,Older,5,artificial,Post,20,Neutral,artificial,20,0
037351,resources/real_fg_memory_images/fg12.jpg,Older,3,artificial,Pre,20,Neutral,artificial,20,0
037351,resources/real_fg_memory_images/fg12.jpg,Older,6,artificial,Post,20,Neutral,artificial,20,0
037351,resources/real_fg_memory_images/fg2.jpg,Older,2,artificial,Pre,20,Scam,artificial,20,0
037351,resources/real_fg_memory_images/fg2.jpg,Older,8,artificial,Post,20,Scam,artificial,20,0
037351,resources/real_fg_memory_images/fg6.jpg,Older,3,artificial,Post,20,Scam,artificial,20,0
037351,resources/real_fg_memory_images/fg6.jpg,Older,6,artificial,Pre,20,Scam,artificial,20,0
037351,resources/real_fg_memory_images/fg9.jpg,Older,3,artificial,Post,20,Neutral,artificial,20,0
037351,resources/real_fg_memory_images/fg9.jpg,Older,2,artificial,Pre,20,Neutral,artificial,20,0
037351,resources/real_fg_memory_images/orig24.jpg,Older,5,real,Pre,20,Scam,real,20,0
037351,resources/real_fg_memory_images/orig24.jpg,Older,3,real,Post,20,Scam,real,20,0
044533,resources/real_fg_memory_images/fg20.jpg,Older,7,artificial,Post,26,Neutral,artificial,26,0
044533,resources/real_fg_memory_images/fg20.jpg,Older,4,artificial,Pre,26,Neutral,artificial,26,0
044533,resources/real_fg_memory_images/fg22.jpg,Older,8,artificial,Pre,26,Neutral,artificial,26,0
044533,resources/real_fg_memory_images/fg22.jpg,Older,3,artificial,Post,26,Neutral,artificial,26,0
044533,resources/real_fg_memory_images/fg23.jpg,Older,2,artificial,Pre,26,Neutral,artificial,26,0
044533,resources/real_fg_memory_images/fg23.jpg,Older,3,artificial,Post,26,Neutral,artificial,26,0
044533,resources/real_fg_memory_images/fg24.jpg,Older,8,artificial,Post,26,Neutral,artificial,26,0
044533,resources/real_fg_memory_images/fg24.jpg,Older,7,artificial,Pre,26,Neutral,artificial,26,0
044533,resources/real_fg_memory_images/orig12.jpg,Older,7,real,Pre,26,Scam,real,26,0
044533,resources/real_fg_memory_images/orig12.jpg,Older,8,real,Post,26,Scam,real,26,0
044533,resources/real_fg_memory_images/orig5.jpg,Older,6,real,Post,26,Neutral,real,26,0
044533,resources/real_fg_memory_images/orig5.jpg,Older,7,real,Pre,26,Neutral,real,26,0
046802,resources/real_fg_memory_images/fg1.jpg,Older,6,artificial,Pre,23,Neutral,artificial,23,0
046802,resources/real_fg_memory_images/fg1.jpg,Older,8,artificial,Post,23,Neutral,artificial,23,0
046802,resources/real_fg_memory_images/fg10.jpg,Older,8,artificial,Post,23,Scam,artificial,23,0
046802,resources/real_fg_memory_images/fg10.jpg,Older,7,artificial,Pre,23,Scam,artificial,23,0
046802,resources/real_fg_memory_images/fg11.jpg,Older,6,artificial,Pre,23,Scam,artificial,23,0
046802,resources/real_fg_memory_images/fg11.jpg,Older,3,artificial,Post,23,Scam,artificial,23,0
046802,resources/real_fg_memory_images/fg12.jpg,Older,2,artificial,Post,23,Scam,artificial,23,0
046802,resources/real_fg_memory_images/fg12.jpg,Older,5,artificial,Pre,23,Scam,artificial,23,0
046802,resources/real_fg_memory_images/fg2.jpg,Older,7,artificial,Pre,23,Neutral,artificial,23,0
046802,resources/real_fg_memory_images/fg2.jpg,Older,2,artificial,Post,23,Neutral,artificial,23,0
046802,resources/real_fg_memory_images/fg8.jpg,Older,4,artificial,Pre,23,Scam,artificial,23,0
046802,resources/real_fg_memory_images/fg8.jpg,Older,8,artificial,Post,23,Scam,artificial,23,0
046802,resources/real_fg_memory_images/orig20.jpg,Older,6,real,Post,23,Neutral,real,23,0
046802,resources/real_fg_memory_images/orig20.jpg,Older,5,real,Pre,23,Neutral,real,23,0
046802,resources/real_fg_memory_images/orig22.jpg,Older,7,real,Pre,23,Neutral,real,23,0
046802,resources/real_fg_memory_images/orig22.jpg,Older,3,real,Post,23,Neutral,real,23,0
046802,resources/real_fg_memory_images/orig26.jpg,Older,4,real,Post,23,Scam,real,23,0
046802,resources/real_fg_memory_images/orig26.jpg,Older,4,real,Pre,23,Scam,real,23,0
054543,resources/real_fg_memory_images/fg19.jpg,Older,5,artificial,Pre,23,Scam,artificial,23,0
054543,resources/real_fg_memory_images/fg19.jpg,Older,7,artificial,Post,23,Scam,artificial,23,0
054543,resources/real_fg_memory_images/fg28.jpg,Older,5,artificial,Post,23,Neutral,artificial,23,0
054543,resources/real_fg_memory_images/fg28.jpg,Older,6,artificial,Pre,23,Neutral,artificial,23,0
054543,resources/real_fg_memory_images/orig1.jpg,Older,5,real,Pre,23,Scam,real,23,0
054543,resources/real_fg_memory_images/orig1.jpg,Older,6,real,Post,23,Scam,real,23,0
054543,resources/real_fg_memory_images/orig12.jpg,Older,6,real,Pre,23,Neutral,real,23,0
054543,resources/real_fg_memory_images/orig12.jpg,Older,5,real,Post,23,Neutral,real,23,0
059179,resources/real_fg_memory_images/fg19.jpg,Older,8,artificial,Pre,31,Neutral,artificial,31,0
059179,resources/real_fg_memory_images/fg19.jpg,Older,3,artificial,Post,31,Neutral,artificial,31,0
059179,resources/real_fg_memory_images/fg22.jpg,Older,5,artificial,Pre,31,Neutral,artificial,31,0
059179,resources/real_fg_memory_images/fg22.jpg,Older,4,artificial,Post,31,Neutral,artificial,31,0
059179,resources/real_fg_memory_images/fg28.jpg,Older,6,artificial,Post,31,Scam,artificial,31,0
059179,resources/real_fg_memory_images/fg28.jpg,Older,8,artificial,Pre,31,Scam,artificial,31,0
059179,resources/real_fg_memory_images/orig11.jpg,Older,6,real,Post,31,Scam,real,31,0
059179,resources/real_fg_memory_images/orig11.jpg,Older,8,real,Pre,31,Scam,real,31,0
059179,resources/real_fg_memory_images/orig2.jpg,Older,5,real,Post,31,Neutral,real,31,0
059179,resources/real_fg_memory_images/orig2.jpg,Older,7,real,Pre,31,Neutral,real,31,0
059179,resources/real_fg_memory_images/orig4.jpg,Older,8,real,Pre,31,Neutral,real,31,0
059179,resources/real_fg_memory_images/orig4.jpg,Older,5,real,Post,31,Neutral,real,31,0
059179,resources/real_fg_memory_images/orig5.jpg,Older,3,real,Post,31,Neutral,real,31,0
059179,resources/real_fg_memory_images/orig5.jpg,Older,4,real,Pre,31,Neutral,real,31,0
071928,resources/real_fg_memory_images/fg1.jpg,Older,4,artificial,Post,28,Neutral,artificial,28,0
071928,resources/real_fg_memory_images/fg1.jpg,Older,6,artificial,Pre,28,Neutral,artificial,28,0
071928,resources/real_fg_memory_images/fg2.jpg,Older,8,artificial,Pre,28,Neutral,artificial,28,0
071928,resources/real_fg_memory_images/fg2.jpg,Older,6,artificial,Post,28,Neutral,artificial,28,0
071928,resources/real_fg_memory_images/fg9.jpg,Older,5,artificial,Pre,28,Scam,artificial,28,0
071928,resources/real_fg_memory_images/fg9.jpg,Older,6,artificial,Post,28,Scam,artificial,28,0
071928,resources/real_fg_memory_images/orig20.jpg,Older,5,real,Pre,28,Neutral,real,28,0
071928,resources/real_fg_memory_images/orig20.jpg,Older,4,real,Post,28,Neutral,real,28,0
071928,resources/real_fg_memory_images/orig22.jpg,Older,6,real,Pre,28,Neutral,real,28,0
071928,resources/real_fg_memory_images/orig22.jpg,Older,7,real,Post,28,Neutral,real,28,0
071928,resources/real_fg_memory_images/orig24.jpg,Older,7,real,Pre,28,Neutral,real,28,0
071928,resources/real_fg_memory_images/orig24.jpg,Older,6,real,Post,28,Neutral,real,28,0
071928,resources/real_fg_memory_images/orig25.jpg,Older,6,real,Pre,28,Scam,real,28,0
071928,resources/real_fg_memory_images/orig25.jpg,Older,6,real,Post,28,Scam,real,28,0
080628,resources/real_fg_memory_images/fg23.jpg,Older,6,artificial,Pre,23,Neutral,artificial,23,0
080628,resources/real_fg_memory_images/fg23.jpg,Older,4,artificial,Post,23,Neutral,artificial,23,0
080628,resources/real_fg_memory_images/fg25.jpg,Older,5,artificial,Pre,23,Scam,artificial,23,0
080628,resources/real_fg_memory_images/fg25.jpg,Older,5,artificial,Post,23,Scam,artificial,23,0
080628,resources/real_fg_memory_images/orig5.jpg,Older,5,real,Pre,23,Neutral,real,23,0
080628,resources/real_fg_memory_images/orig5.jpg,Older,6,real,Post,23,Neutral,real,23,0
080628,resources/real_fg_memory_images/orig9.jpg,Older,5,real,Pre,23,Scam,real,23,0
080628,resources/real_fg_memory_images/orig9.jpg,Older,6,real,Post,23,Scam,real,23,0
092685,resources/real_fg_memory_images/fg10.jpg,Older,5,artificial,Pre,31,Scam,artificial,31,0
092685,resources/real_fg_memory_images/fg10.jpg,Older,4,artificial,Post,31,Scam,artificial,31,0
092685,resources/real_fg_memory_images/fg12.jpg,Older,5,artificial,Pre,31,Scam,artificial,31,0
092685,resources/real_fg_memory_images/fg12.jpg,Older,4,artificial,Post,31,Scam,artificial,31,0
092685,resources/real_fg_memory_images/fg2.jpg,Older,4,artificial,Post,31,Neutral,artificial,31,0
092685,resources/real_fg_memory_images/fg2.jpg,Older,3,artificial,Pre,31,Neutral,artificial,31,0
092685,resources/real_fg_memory_images/fg9.jpg,Older,5,artificial,Post,31,Scam,artificial,31,0
092685,resources/real_fg_memory_images/fg9.jpg,Older,5,artificial,Pre,31,Scam,artificial,31,0
092685,resources/real_fg_memory_images/orig20.jpg,Older,5,real,Post,31,Neutral,real,31,0
092685,resources/real_fg_memory_images/orig20.jpg,Older,5,real,Pre,31,Neutral,real,31,0
092685,resources/real_fg_memory_images/orig21.jpg,Older,5,real,Post,31,Neutral,real,31,0
092685,resources/real_fg_memory_images/orig21.jpg,Older,5,real,Pre,31,Neutral,real,31,0
099239,resources/real_fg_memory_images/fg19.jpg,Older,6,artificial,Post,26,Scam,artificial,26,0
099239,resources/real_fg_memory_images/fg19.jpg,Older,8,artificial,Pre,26,Scam,artificial,26,0
099239,resources/real_fg_memory_images/fg20.jpg,Older,3,artificial,Pre,26,Scam,artificial,26,0
099239,resources/real_fg_memory_images/fg20.jpg,Older,1,artificial,Post,26,Scam,artificial,26,0
099239,resources/real_fg_memory_images/fg21.jpg,Older,8,artificial,Pre,26,Scam,artificial,26,0
099239,resources/real_fg_memory_images/fg21.jpg,Older,8,artificial,Post,26,Scam,artificial,26,0
099239,resources/real_fg_memory_images/fg25.jpg,Older,1,artificial,Pre,26,Neutral,artificial,26,0
099239,resources/real_fg_memory_images/fg25.jpg,Older,5,artificial,Post,26,Neutral,artificial,26,0
099239,resources/real_fg_memory_images/fg26.jpg,Older,7,artificial,Pre,26,Neutral,artificial,26,0
099239,resources/real_fg_memory_images/fg26.jpg,Older,9,artificial,Post,26,Neutral,artificial,26,0
099239,resources/real_fg_memory_images/fg28.jpg,Older,1,artificial,Post,26,Neutral,artificial,26,0
099239,resources/real_fg_memory_images/fg28.jpg,Older,9,artificial,Pre,26,Neutral,artificial,26,0
099239,resources/real_fg_memory_images/fg29.jpg,Older,9,artificial,Pre,26,Neutral,artificial,26,0
099239,resources/real_fg_memory_images/fg29.jpg,Older,1,artificial,Post,26,Neutral,artificial,26,0
099239,resources/real_fg_memory_images/orig10.jpg,Older,6,real,Pre,26,Neutral,real,26,0
099239,resources/real_fg_memory_images/orig10.jpg,Older,4,real,Post,26,Neutral,real,26,0
099239,resources/real_fg_memory_images/orig12.jpg,Older,2,real,Post,26,Neutral,real,26,0
099239,resources/real_fg_memory_images/orig12.jpg,Older,7,real,Pre,26,Neutral,real,26,0
099239,resources/real_fg_memory_images/orig3.jpg,Older,9,real,Post,26,Scam,real,26,0
099239,resources/real_fg_memory_images/orig3.jpg,Older,6,real,Pre,26,Scam,real,26,0
099239,resources/real_fg_memory_images/orig6.jpg,Older,9,real,Pre,26,Scam,real,26,0
099239,resources/real_fg_memory_images/orig6.jpg,Older,9,real,Post,26,Scam,real,26,0
099239,resources/real_fg_memory_images/orig7.jpg,Older,6,real,Post,26,Neutral,real,26,0
099239,resources/real_fg_memory_images/orig7.jpg,Older,1,real,Pre,26,Neutral,real,26,0
099239,resources/real_fg_memory_images/orig8.jpg,Older,1,real,Post,26,Neutral,real,26,0
099239,resources/real_fg_memory_images/orig8.jpg,Older,3,real,Pre,26,Neutral,real,26,0
099239,resources/real_fg_memory_images/orig9.jpg,Older,5,real,Pre,26,Neutral,real,26,0
099239,resources/real_fg_memory_images/orig9.jpg,Older,9,real,Post,26,Neutral,real,26,0
106015,resources/real_fg_memory_images/fg20.jpg,Older,7,artificial,Post,27,Scam,artificial,27,0
106015,resources/real_fg_memory_images/fg20.jpg,Older,9,artificial,Pre,27,Scam,artificial,27,0
106015,resources/real_fg_memory_images/fg21.jpg,Older,8,artificial,Post,27,Scam,artificial,27,0
106015,resources/real_fg_memory_images/fg21.jpg,Older,8,artificial,Pre,27,Scam,artificial,27,0
106015,resources/real_fg_memory_images/fg22.jpg,Older,5,artificial,Pre,27,Scam,artificial,27,0
106015,resources/real_fg_memory_images/fg22.jpg,Older,9,artificial,Post,27,Scam,artificial,27,0
106015,resources/real_fg_memory_images/fg23.jpg,Older,8,artificial,Post,27,Scam,artificial,27,0
106015,resources/real_fg_memory_images/fg23.jpg,Older,9,artificial,Pre,27,Scam,artificial,27,0
106015,resources/real_fg_memory_images/fg25.jpg,Older,8,artificial,Post,27,Neutral,artificial,27,0
106015,resources/real_fg_memory_images/fg25.jpg,Older,8,artificial,Pre,27,Neutral,artificial,27,0
106015,resources/real_fg_memory_images/fg29.jpg,Older,5,artificial,Pre,27,Neutral,artificial,27,0
106015,resources/real_fg_memory_images/fg29.jpg,Older,3,artificial,Post,27,Neutral,artificial,27,0
106015,resources/real_fg_memory_images/orig10.jpg,Older,4,real,Pre,27,Neutral,real,27,0
106015,resources/real_fg_memory_images/orig10.jpg,Older,4,real,Post,27,Neutral,real,27,0
106015,resources/real_fg_memory_images/orig2.jpg,Older,8,real,Post,27,Scam,real,27,0
106015,resources/real_fg_memory_images/orig2.jpg,Older,8,real,Pre,27,Scam,real,27,0
106015,resources/real_fg_memory_images/orig4.jpg,Older,9,real,Post,27,Scam,real,27,0
106015,resources/real_fg_memory_images/orig4.jpg,Older,9,real,Pre,27,Scam,real,27,0
106015,resources/real_fg_memory_images/orig5.jpg,Older,7,real,Pre,27,Scam,real,27,0
106015,resources/real_fg_memory_images/orig5.jpg,Older,4,real,Post,27,Scam,real,27,0
106015,resources/real_fg_memory_images/orig8.jpg,Older,2,real,Post,27,Neutral,real,27,0
106015,resources/real_fg_memory_images/orig8.jpg,Older,4,real,Pre,27,Neutral,real,27,0
106015,resources/real_fg_memory_images/orig9.jpg,Older,6,real,Pre,27,Neutral,real,27,0
106015,resources/real_fg_memory_images/orig9.jpg,Older,8,real,Post,27,Neutral,real,27,0
124582,resources/real_fg_memory_images/fg24.jpg,Older,6,artificial,Post,29,Scam,artificial,29,0
124582,resources/real_fg_memory_images/fg24.jpg,Older,7,artificial,Pre,29,Scam,artificial,29,0
124582,resources/real_fg_memory_images/fg25.jpg,Older,6,artificial,Pre,29,Neutral,artificial,29,0
124582,resources/real_fg_memory_images/fg25.jpg,Older,7,artificial,Post,29,Neutral,artificial,29,0
124582,resources/real_fg_memory_images/fg26.jpg,Older,6,artificial,Pre,29,Neutral,artificial,29,0
124582,resources/real_fg_memory_images/fg26.jpg,Older,4,artificial,Post,29,Neutral,artificial,29,0
124582,resources/real_fg_memory_images/fg28.jpg,Older,7,artificial,Pre,29,Neutral,artificial,29,0
124582,resources/real_fg_memory_images/fg28.jpg,Older,5,artificial,Post,29,Neutral,artificial,29,0
124582,resources/real_fg_memory_images/fg29.jpg,Older,4,artificial,Post,29,Neutral,artificial,29,0
124582,resources/real_fg_memory_images/fg29.jpg,Older,4,artificial,Pre,29,Neutral,artificial,29,0
124582,resources/real_fg_memory_images/fg30.jpg,Older,5,artificial,Post,29,Neutral,artificial,29,0
124582,resources/real_fg_memory_images/fg30.jpg,Older,7,artificial,Pre,29,Neutral,artificial,29,0
124582,resources/real_fg_memory_images/orig12.jpg,Older,8,real,Pre,29,Neutral,real,29,0
124582,resources/real_fg_memory_images/orig12.jpg,Older,6,real,Post,29,Neutral,real,29,0
124582,resources/real_fg_memory_images/orig7.jpg,Older,7,real,Post,29,Neutral,real,29,0
124582,resources/real_fg_memory_images/orig7.jpg,Older,7,real,Pre,29,Neutral,real,29,0
124582,resources/real_fg_memory_images/orig8.jpg,Older,3,real,Pre,29,Neutral,real,29,0
124582,resources/real_fg_memory_images/orig8.jpg,Older,3,real,Post,29,Neutral,real,29,0
124582,resources/real_fg_memory_images/orig9.jpg,Older,8,real,Post,29,Neutral,real,29,0
124582,resources/real_fg_memory_images/orig9.jpg,Older,8,real,Pre,29,Neutral,real,29,0
149277,resources/real_fg_memory_images/fg11.jpg,Older,6,artificial,Pre,27,Scam,artificial,27,0
149277,resources/real_fg_memory_images/fg11.jpg,Older,3,artificial,Post,27,Scam,artificial,27,0
149277,resources/real_fg_memory_images/fg4.jpg,Older,6,artificial,Pre,27,Neutral,artificial,27,0
149277,resources/real_fg_memory_images/fg4.jpg,Older,8,artificial,Post,27,Neutral,artificial,27,0
149277,resources/real_fg_memory_images/fg5.jpg,Older,7,artificial,Post,27,Neutral,artificial,27,0
149277,resources/real_fg_memory_images/fg5.jpg,Older,5,artificial,Pre,27,Neutral,artificial,27,0
149277,resources/real_fg_memory_images/fg7.jpg,Older,0,artificial,Post,27,Scam,artificial,27,0
149277,resources/real_fg_memory_images/fg7.jpg,Older,6,artificial,Pre,27,Scam,artificial,27,0
149277,resources/real_fg_memory_images/fg9.jpg,Older,6,artificial,Post,27,Scam,artificial,27,0
149277,resources/real_fg_memory_images/fg9.jpg,Older,5,artificial,Pre,27,Scam,artificial,27,0
149277,resources/real_fg_memory_images/orig20.jpg,Older,6,real,Pre,27,Neutral,real,27,0
149277,resources/real_fg_memory_images/orig20.jpg,Older,1,real,Post,27,Neutral,real,27,0
151619,resources/real_fg_memory_images/fg12.jpg,Older,5,artificial,Pre,22,Neutral,artificial,22,0
151619,resources/real_fg_memory_images/fg12.jpg,Older,5,artificial,Post,22,Neutral,artificial,22,0
151619,resources/real_fg_memory_images/fg2.jpg,Older,8,artificial,Post,22,Scam,artificial,22,0
151619,resources/real_fg_memory_images/fg2.jpg,Older,6,artificial,Pre,22,Scam,artificial,22,0
151619,resources/real_fg_memory_images/fg4.jpg,Older,7,artificial,Post,22,Scam,artificial,22,0
151619,resources/real_fg_memory_images/fg4.jpg,Older,7,artificial,Pre,22,Scam,artificial,22,0
151619,resources/real_fg_memory_images/fg6.jpg,Older,6,artificial,Pre,22,Scam,artificial,22,0
151619,resources/real_fg_memory_images/fg6.jpg,Older,6,artificial,Post,22,Scam,artificial,22,0
151619,resources/real_fg_memory_images/fg9.jpg,Older,4,artificial,Post,22,Neutral,artificial,22,0
151619,resources/real_fg_memory_images/fg9.jpg,Older,6,artificial,Pre,22,Neutral,artificial,22,0
151619,resources/real_fg_memory_images/orig24.jpg,Older,7,real,Post,22,Scam,real,22,0
151619,resources/real_fg_memory_images/orig24.jpg,Older,8,real,Pre,22,Scam,real,22,0
154362,resources/real_fg_memory_images/fg21.jpg,Older,0,artificial,Post,31,Neutral,artificial,31,0
154362,resources/real_fg_memory_images/fg21.jpg,Older,1,artificial,Pre,31,Neutral,artificial,31,0
154362,resources/real_fg_memory_images/fg25.jpg,Older,6,artificial,Pre,31,Scam,artificial,31,0
154362,resources/real_fg_memory_images/fg25.jpg,Older,10,artificial,Post,31,Scam,artificial,31,0
154362,resources/real_fg_memory_images/orig1.jpg,Older,3,real,Pre,31,Neutral,real,31,0
154362,resources/real_fg_memory_images/orig1.jpg,Older,0,real,Post,31,Neutral,real,31,0
154362,resources/real_fg_memory_images/orig2.jpg,Older,3,real,Pre,31,Neutral,real,31,0
154362,resources/real_fg_memory_images/orig2.jpg,Older,0,real,Post,31,Neutral,real,31,0
163777,resources/real_fg_memory_images/fg19.jpg,Older,6,artificial,Pre,27,Scam,artificial,27,0
163777,resources/real_fg_memory_images/fg19.jpg,Older,6,artificial,Post,27,Scam,artificial,27,0
163777,resources/real_fg_memory_images/fg24.jpg,Older,6,artificial,Post,27,Scam,artificial,27,0
163777,resources/real_fg_memory_images/fg24.jpg,Older,7,artificial,Pre,27,Scam,artificial,27,0
163777,resources/real_fg_memory_images/fg25.jpg,Older,6,artificial,Post,27,Neutral,artificial,27,0
163777,resources/real_fg_memory_images/fg25.jpg,Older,8,artificial,Pre,27,Neutral,artificial,27,0
163777,resources/real_fg_memory_images/fg26.jpg,Older,9,artificial,Pre,27,Neutral,artificial,27,0
163777,resources/real_fg_memory_images/fg26.jpg,Older,7,artificial,Post,27,Neutral,artificial,27,0
163777,resources/real_fg_memory_images/orig10.jpg,Older,3,real,Pre,27,Neutral,real,27,0
163777,resources/real_fg_memory_images/orig10.jpg,Older,4,real,Post,27,Neutral,real,27,0
163777,resources/real_fg_memory_images/orig11.jpg,Older,3,real,Post,27,Neutral,real,27,0
163777,resources/real_fg_memory_images/orig11.jpg,Older,5,real,Pre,27,Neutral,real,27,0
163777,resources/real_fg_memory_images/orig4.jpg,Older,5,real,Post,27,Scam,real,27,0
163777,resources/real_fg_memory_images/orig4.jpg,Older,8,real,Pre,27,Scam,real,27,0
163777,resources/real_fg_memory_images/orig5.jpg,Older,3,real,Post,27,Scam,real,27,0
163777,resources/real_fg_memory_images/orig5.jpg,Older,2,real,Pre,27,Scam,real,27,0
163777,resources/real_fg_memory_images/orig7.jpg,Older,1,real,Pre,27,Neutral,real,27,0
163777,resources/real_fg_memory_images/orig7.jpg,Older,3,real,Post,27,Neutral,real,27,0
167131,resources/real_fg_memory_images/fg23.jpg,Older,4,artificial,Post,31,Scam,artificial,31,0
167131,resources/real_fg_memory_images/fg23.jpg,Older,9,artificial,Pre,31,Scam,artificial,31,0
167131,resources/real_fg_memory_images/fg25.jpg,Older,8,artificial,Post,31,Neutral,artificial,31,0
167131,resources/real_fg_memory_images/fg25.jpg,Older,5,artificial,Pre,31,Neutral,artificial,31,0
167131,resources/real_fg_memory_images/fg26.jpg,Older,9,artificial,Pre,31,Neutral,artificial,31,0
167131,resources/real_fg_memory_images/fg26.jpg,Older,9,artificial,Post,31,Neutral,artificial,31,0
167131,resources/real_fg_memory_images/fg28.jpg,Older,0,artificial,Post,31,Neutral,artificial,31,0
167131,resources/real_fg_memory_images/fg28.jpg,Older,6,artificial,Pre,31,Neutral,artificial,31,0
167131,resources/real_fg_memory_images/orig10.jpg,Older,1,real,Pre,31,Neutral,real,31,0
167131,resources/real_fg_memory_images/orig10.jpg,Older,5,real,Post,31,Neutral,real,31,0
167131,resources/real_fg_memory_images/orig12.jpg,Older,1,real,Post,31,Neutral,real,31,0
167131,resources/real_fg_memory_images/orig12.jpg,Older,3,real,Pre,31,Neutral,real,31,0
167131,resources/real_fg_memory_images/orig9.jpg,Older,0,real,Post,31,Neutral,real,31,0
167131,resources/real_fg_memory_images/orig9.jpg,Older,4,real,Pre,31,Neutral,real,31,0
173031,resources/real_fg_memory_images/fg1.jpg,Older,8,artificial,Pre,27,Neutral,artificial,27,0
173031,resources/real_fg_memory_images/fg1.jpg,Older,4,artificial,Post,27,Neutral,artificial,27,0
173031,resources/real_fg_memory_images/fg3.jpg,Older,3,artificial,Pre,27,Neutral,artificial,27,0
173031,resources/real_fg_memory_images/fg3.jpg,Older,3,artificial,Post,27,Neutral,artificial,27,0
173031,resources/real_fg_memory_images/fg6.jpg,Older,9,artificial,Post,27,Neutral,artificial,27,0
173031,resources/real_fg_memory_images/fg6.jpg,Older,8,artificial,Pre,27,Neutral,artificial,27,0
173031,resources/real_fg_memory_images/fg9.jpg,Older,4,artificial,Post,27,Scam,artificial,27,0
173031,resources/real_fg_memory_images/fg9.jpg,Older,6,artificial,Pre,27,Scam,artificial,27,0
173031,resources/real_fg_memory_images/orig19.jpg,Older,8,real,Pre,27,Neutral,real,27,0
173031,resources/real_fg_memory_images/orig19.jpg,Older,3,real,Post,27,Neutral,real,27,0
173031,resources/real_fg_memory_images/orig20.jpg,Older,5,real,Pre,27,Neutral,real,27,0
173031,resources/real_fg_memory_images/orig20.jpg,Older,8,real,Post,27,Neutral,real,27,0
173031,resources/real_fg_memory_images/orig21.jpg,Older,3,real,Post,27,Neutral,real,27,0
173031,resources/real_fg_memory_images/orig21.jpg,Older,5,real,Pre,27,Neutral,real,27,0
173031,resources/real_fg_memory_images/orig22.jpg,Older,6,real,Pre,27,Neutral,real,27,0
173031,resources/real_fg_memory_images/orig22.jpg,Older,4,real,Post,27,Neutral,real,27,0
173031,resources/real_fg_memory_images/orig25.jpg,Older,8,real,Post,27,Scam,real,27,0
173031,resources/real_fg_memory_images/orig25.jpg,Older,8,real,Pre,27,Scam,real,27,0
173031,resources/real_fg_memory_images/orig27.jpg,Older,7,real,Pre,27,Scam,real,27,0
173031,resources/real_fg_memory_images/orig27.jpg,Older,8,real,Post,27,Scam,real,27,0
173031,resources/real_fg_memory_images/orig28.jpg,Older,6,real,Pre,27,Scam,real,27,0
173031,resources/real_fg_memory_images/orig28.jpg,Older,5,real,Post,27,Scam,real,27,0
173031,resources/real_fg_memory_images/orig30.jpg,Older,5,real,Pre,27,Scam,real,27,0
173031,resources/real_fg_memory_images/orig30.jpg,Older,8,real,Post,27,Scam,real,27,0
183377,resources/real_fg_memory_images/fg10.jpg,Older,5,artificial,Post,19,Neutral,artificial,19,0
183377,resources/real_fg_memory_images/fg10.jpg,Older,3,artificial,Pre,19,Neutral,artificial,19,0
183377,resources/real_fg_memory_images/fg2.jpg,Older,5,artificial,Post,19,Scam,artificial,19,0
183377,resources/real_fg_memory_images/fg2.jpg,Older,5,artificial,Pre,19,Scam,artificial,19,0
183377,resources/real_fg_memory_images/fg4.jpg,Older,5,artificial,Post,19,Scam,artificial,19,0
183377,resources/real_fg_memory_images/fg4.jpg,Older,3,artificial,Pre,19,Scam,artificial,19,0
183377,resources/real_fg_memory_images/fg7.jpg,Older,7,artificial,Post,19,Neutral,artificial,19,0
183377,resources/real_fg_memory_images/fg7.jpg,Older,6,artificial,Pre,19,Neutral,artificial,19,0
183377,resources/real_fg_memory_images/orig21.jpg,Older,5,real,Pre,19,Scam,real,19,0
183377,resources/real_fg_memory_images/orig21.jpg,Older,6,real,Post,19,Scam,real,19,0
183377,resources/real_fg_memory_images/orig24.jpg,Older,4,real,Pre,19,Scam,real,19,0
183377,resources/real_fg_memory_images/orig24.jpg,Older,5,real,Post,19,Scam,real,19,0
183377,resources/real_fg_memory_images/orig25.jpg,Older,5,real,Post,19,Neutral,real,19,0
183377,resources/real_fg_memory_images/orig25.jpg,Older,6,real,Pre,19,Neutral,real,19,0
183377,resources/real_fg_memory_images/orig29.jpg,Older,4,real,Post,19,Neutral,real,19,0
183377,resources/real_fg_memory_images/orig29.jpg,Older,4,real,Pre,19,Neutral,real,19,0
202198,resources/real_fg_memory_images/fg25.jpg,Older,6,artificial,Pre,31,Scam,artificial,31,0
202198,resources/real_fg_memory_images/fg25.jpg,Older,6,artificial,Post,31,Scam,artificial,31,0
202198,resources/real_fg_memory_images/fg26.jpg,Older,6,artificial,Post,31,Scam,artificial,31,0
202198,resources/real_fg_memory_images/fg26.jpg,Older,7,artificial,Pre,31,Scam,artificial,31,0
202198,resources/real_fg_memory_images/fg30.jpg,Older,6,artificial,Post,31,Scam,artificial,31,0
202198,resources/real_fg_memory_images/fg30.jpg,Older,8,artificial,Pre,31,Scam,artificial,31,0
202198,resources/real_fg_memory_images/orig1.jpg,Older,7,real,Post,31,Neutral,real,31,0
202198,resources/real_fg_memory_images/orig1.jpg,Older,8,real,Pre,31,Neutral,real,31,0
202198,resources/real_fg_memory_images/orig11.jpg,Older,7,real,Pre,31,Scam,real,31,0
202198,resources/real_fg_memory_images/orig11.jpg,Older,7,real,Post,31,Scam,real,31,0
202198,resources/real_fg_memory_images/orig12.jpg,Older,6,real,Post,31,Scam,real,31,0
202198,resources/real_fg_memory_images/orig12.jpg,Older,7,real,Pre,31,Scam,real,31,0
202198,resources/real_fg_memory_images/orig5.jpg,Older,5,real,Post,31,Neutral,real,31,0
202198,resources/real_fg_memory_images/orig5.jpg,Older,6,real,Pre,31,Neutral,real,31,0
215889,resources/real_fg_memory_images/fg10.jpg,Older,10,artificial,Post,24,Neutral,artificial,24,0
215889,resources/real_fg_memory_images/fg10.jpg,Older,10,artificial,Pre,24,Neutral,artificial,24,0
215889,resources/real_fg_memory_images/fg12.jpg,Older,0,artificial,Post,24,Neutral,artificial,24,0
215889,resources/real_fg_memory_images/fg12.jpg,Older,0,artificial,Pre,24,Neutral,artificial,24,0
215889,resources/real_fg_memory_images/fg9.jpg,Older,0,artificial,Pre,24,Neutral,artificial,24,0
215889,resources/real_fg_memory_images/fg9.jpg,Older,0,artificial,Post,24,Neutral,artificial,24,0
215889,resources/real_fg_memory_images/orig19.jpg,Older,0,real,Post,24,Scam,real,24,0
215889,resources/real_fg_memory_images/orig19.jpg,Older,10,real,Pre,24,Scam,real,24,0
215889,resources/real_fg_memory_images/orig24.jpg,Older,10,real,Post,24,Scam,real,24,0
215889,resources/real_fg_memory_images/orig24.jpg,Older,10,real,Pre,24,Scam,real,24,0
215889,resources/real_fg_memory_images/orig29.jpg,Older,0,real,Post,24,Neutral,real,24,0
215889,resources/real_fg_memory_images/orig29.jpg,Older,10,real,Pre,24,Neutral,real,24,0
215889,resources/real_fg_memory_images/orig30.jpg,Older,0,real,Post,24,Neutral,real,24,0
215889,resources/real_fg_memory_images/orig30.jpg,Older,10,real,Pre,24,Neutral,real,24,0
237137,resources/real_fg_memory_images/fg12.jpg,Older,0,artificial,Post,28,Neutral,artificial,28,0
237137,resources/real_fg_memory_images/fg12.jpg,Older,0,artificial,Pre,28,Neutral,artificial,28,0
237137,resources/real_fg_memory_images/fg3.jpg,Older,3,artificial,Pre,28,Scam,artificial,28,0
237137,resources/real_fg_memory_images/fg3.jpg,Older,1,artificial,Post,28,Scam,artificial,28,0
237137,resources/real_fg_memory_images/fg9.jpg,Older,3,artificial,Post,28,Neutral,artificial,28,0
237137,resources/real_fg_memory_images/fg9.jpg,Older,0,artificial,Pre,28,Neutral,artificial,28,0
237137,resources/real_fg_memory_images/orig30.jpg,Older,5,real,Post,28,Neutral,real,28,0
237137,resources/real_fg_memory_images/orig30.jpg,Older,5,real,Pre,28,Neutral,real,28,0
240917,resources/real_fg_memory_images/fg1.jpg,Older,5,artificial,Post,29,Neutral,artificial,29,0
240917,resources/real_fg_memory_images/fg1.jpg,Older,6,artificial,Pre,29,Neutral,artificial,29,0
240917,resources/real_fg_memory_images/fg3.jpg,Older,5,artificial,Post,29,Neutral,artificial,29,0
240917,resources/real_fg_memory_images/fg3.jpg,Older,4,artificial,Pre,29,Neutral,artificial,29,0
240917,resources/real_fg_memory_images/fg5.jpg,Older,6,artificial,Post,29,Neutral,artificial,29,0
240917,resources/real_fg_memory_images/fg5.jpg,Older,6,artificial,Pre,29,Neutral,artificial,29,0
240917,resources/real_fg_memory_images/orig21.jpg,Older,6,real,Pre,29,Neutral,real,29,0
240917,resources/real_fg_memory_images/orig21.jpg,Older,4,real,Post,29,Neutral,real,29,0
240917,resources/real_fg_memory_images/orig25.jpg,Older,7,real,Post,29,Scam,real,29,0
240917,resources/real_fg_memory_images/orig25.jpg,Older,7,real,Pre,29,Scam,real,29,0
240917,resources/real_fg_memory_images/orig27.jpg,Older,6,real,Post,29,Scam,real,29,0
240917,resources/real_fg_memory_images/orig27.jpg,Older,7,real,Pre,29,Scam,real,29,0
240917,resources/real_fg_memory_images/orig28.jpg,Older,8,real,Pre,29,Scam,real,29,0
240917,resources/real_fg_memory_images/orig28.jpg,Older,8,real,Post,29,Scam,real,29,0
248915,resources/real_fg_memory_images/fg25.jpg,Older,0,artificial,Post,31,Scam,artificial,31,0
248915,resources/real_fg_memory_images/fg25.jpg,Older,0,artificial,Pre,31,Scam,artificial,31,0
248915,resources/real_fg_memory_images/fg27.jpg,Older,0,artificial,Post,31,Scam,artificial,31,0
248915,resources/real_fg_memory_images/fg27.jpg,Older,0,artificial,Pre,31,Scam,artificial,31,0
248915,resources/real_fg_memory_images/fg28.jpg,Older,0,artificial,Post,31,Scam,artificial,31,0
248915,resources/real_fg_memory_images/fg28.jpg,Older,0,artificial,Pre,31,Scam,artificial,31,0
248915,resources/real_fg_memory_images/fg29.jpg,Older,0,artificial,Post,31,Scam,artificial,31,0
248915,resources/real_fg_memory_images/fg30.jpg,Older,0,artificial,Post,31,Scam,artificial,31,0
248915,resources/real_fg_memory_images/orig1.jpg,Older,0,real,Post,31,Neutral,real,31,0
248915,resources/real_fg_memory_images/orig1.jpg,Older,10,real,Pre,31,Neutral,real,31,0
248915,resources/real_fg_memory_images/orig10.jpg,Older,10,real,Post,31,Scam,real,31,0
248915,resources/real_fg_memory_images/orig11.jpg,Older,10,real,Post,31,Scam,real,31,0
248915,resources/real_fg_memory_images/orig11.jpg,Older,0,real,Pre,31,Scam,real,31,0
248915,resources/real_fg_memory_images/orig12.jpg,Older,0,real,Post,31,Scam,real,31,0
248915,resources/real_fg_memory_images/orig12.jpg,Older,10,real,Pre,31,Scam,real,31,0
248915,resources/real_fg_memory_images/orig8.jpg,Older,0,real,Post,31,Scam,real,31,0
259943,resources/real_fg_memory_images/fg21.jpg,Older,6,artificial,Pre,21,Neutral,artificial,21,0
259943,resources/real_fg_memory_images/fg21.jpg,Older,5,artificial,Post,21,Neutral,artificial,21,0
259943,resources/real_fg_memory_images/fg23.jpg,Older,8,artificial,Post,21,Neutral,artificial,21,0
259943,resources/real_fg_memory_images/fg23.jpg,Older,7,artificial,Pre,21,Neutral,artificial,21,0
259943,resources/real_fg_memory_images/fg24.jpg,Older,5,artificial,Post,21,Neutral,artificial,21,0
259943,resources/real_fg_memory_images/fg24.jpg,Older,5,artificial,Pre,21,Neutral,artificial,21,0
259943,resources/real_fg_memory_images/fg25.jpg,Older,6,artificial,Post,21,Scam,artificial,21,0
259943,resources/real_fg_memory_images/fg25.jpg,Older,5,artificial,Pre,21,Scam,artificial,21,0
259943,resources/real_fg_memory_images/fg27.jpg,Older,8,artificial,Pre,21,Scam,artificial,21,0
259943,resources/real_fg_memory_images/fg27.jpg,Older,9,artificial,Post,21,Scam,artificial,21,0
259943,resources/real_fg_memory_images/fg28.jpg,Older,7,artificial,Pre,21,Scam,artificial,21,0
259943,resources/real_fg_memory_images/fg28.jpg,Older,6,artificial,Post,21,Scam,artificial,21,0
259943,resources/real_fg_memory_images/fg29.jpg,Older,6,artificial,Post,21,Scam,artificial,21,0
259943,resources/real_fg_memory_images/fg29.jpg,Older,8,artificial,Pre,21,Scam,artificial,21,0
259943,resources/real_fg_memory_images/orig1.jpg,Older,6,real,Pre,21,Neutral,real,21,0
259943,resources/real_fg_memory_images/orig1.jpg,Older,4,real,Post,21,Neutral,real,21,0
259943,resources/real_fg_memory_images/orig11.jpg,Older,9,real,Post,21,Scam,real,21,0
259943,resources/real_fg_memory_images/orig11.jpg,Older,5,real,Pre,21,Scam,real,21,0
259943,resources/real_fg_memory_images/orig4.jpg,Older,4,real,Pre,21,Neutral,real,21,0
259943,resources/real_fg_memory_images/orig4.jpg,Older,6,real,Post,21,Neutral,real,21,0
259943,resources/real_fg_memory_images/orig5.jpg,Older,6,real,Pre,21,Neutral,real,21,0
259943,resources/real_fg_memory_images/orig5.jpg,Older,3,real,Post,21,Neutral,real,21,0
259943,resources/real_fg_memory_images/orig7.jpg,Older,8,real,Post,21,Scam,real,21,0
259943,resources/real_fg_memory_images/orig7.jpg,Older,6,real,Pre,21,Scam,real,21,0
281816,resources/real_fg_memory_images/fg12.jpg,Older,2,artificial,Post,19,Neutral,artificial,19,0
281816,resources/real_fg_memory_images/fg12.jpg,Older,1,artificial,Pre,19,Neutral,artificial,19,0
281816,resources/real_fg_memory_images/fg8.jpg,Older,0,artificial,Pre,19,Neutral,artificial,19,0
281816,resources/real_fg_memory_images/fg8.jpg,Older,2,artificial,Post,19,Neutral,artificial,19,0
281816,resources/real_fg_memory_images/orig24.jpg,Older,5,real,Pre,19,Scam,real,19,0
281816,resources/real_fg_memory_images/orig24.jpg,Older,5,real,Post,19,Scam,real,19,0
281816,resources/real_fg_memory_images/orig26.jpg,Older,4,real,Post,19,Neutral,real,19,0
281816,resources/real_fg_memory_images/orig26.jpg,Older,7,real,Pre,19,Neutral,real,19,0
301755,resources/real_fg_memory_images/fg11.jpg,Older,9,artificial,Post,28,Neutral,artificial,28,0
301755,resources/real_fg_memory_images/fg11.jpg,Older,8,artificial,Pre,28,Neutral,artificial,28,0
301755,resources/real_fg_memory_images/fg12.jpg,Older,6,artificial,Pre,28,Neutral,artificial,28,0
301755,resources/real_fg_memory_images/fg12.jpg,Older,1,artificial,Post,28,Neutral,artificial,28,0
301755,resources/real_fg_memory_images/fg5.jpg,Older,8,artificial,Pre,28,Scam,artificial,28,0
301755,resources/real_fg_memory_images/fg5.jpg,Older,6,artificial,Post,28,Scam,artificial,28,0
301755,resources/real_fg_memory_images/fg7.jpg,Older,6,artificial,Pre,28,Neutral,artificial,28,0
301755,resources/real_fg_memory_images/fg7.jpg,Older,4,artificial,Post,28,Neutral,artificial,28,0
301755,resources/real_fg_memory_images/orig19.jpg,Older,2,real,Post,28,Scam,real,28,0
301755,resources/real_fg_memory_images/orig19.jpg,Older,9,real,Pre,28,Scam,real,28,0
301755,resources/real_fg_memory_images/orig23.jpg,Older,2,real,Post,28,Scam,real,28,0
301755,resources/real_fg_memory_images/orig23.jpg,Older,8,real,Pre,28,Scam,real,28,0
301755,resources/real_fg_memory_images/orig24.jpg,Older,3,real,Post,28,Scam,real,28,0
301755,resources/real_fg_memory_images/orig24.jpg,Older,9,real,Pre,28,Scam,real,28,0
301755,resources/real_fg_memory_images/orig28.jpg,Older,7,real,Pre,28,Neutral,real,28,0
301755,resources/real_fg_memory_images/orig28.jpg,Older,8,real,Post,28,Neutral,real,28,0
301755,resources/real_fg_memory_images/orig29.jpg,Older,5,real,Post,28,Neutral,real,28,0
301755,resources/real_fg_memory_images/orig29.jpg,Older,8,real,Pre,28,Neutral,real,28,0
309800,resources/real_fg_memory_images/fg12.jpg,Older,4,artificial,Pre,31,Scam,artificial,31,0
309800,resources/real_fg_memory_images/fg12.jpg,Older,5,artificial,Post,31,Scam,artificial,31,0
309800,resources/real_fg_memory_images/fg2.jpg,Older,7,artificial,Pre,31,Neutral,artificial,31,0
309800,resources/real_fg_memory_images/fg2.jpg,Older,3,artificial,Post,31,Neutral,artificial,31,0
309800,resources/real_fg_memory_images/fg4.jpg,Older,6,artificial,Pre,31,Neutral,artificial,31,0
309800,resources/real_fg_memory_images/fg4.jpg,Older,6,artificial,Post,31,Neutral,artificial,31,0
309800,resources/real_fg_memory_images/fg6.jpg,Older,5,artificial,Post,31,Neutral,artificial,31,0
309800,resources/real_fg_memory_images/fg6.jpg,Older,8,artificial,Pre,31,Neutral,artificial,31,0
309800,resources/real_fg_memory_images/fg7.jpg,Older,7,artificial,Post,31,Scam,artificial,31,0
309800,resources/real_fg_memory_images/fg7.jpg,Older,7,artificial,Pre,31,Scam,artificial,31,0
309800,resources/real_fg_memory_images/orig20.jpg,Older,7,real,Pre,31,Neutral,real,31,0
309800,resources/real_fg_memory_images/orig20.jpg,Older,5,real,Post,31,Neutral,real,31,0
309800,resources/real_fg_memory_images/orig22.jpg,Older,7,real,Pre,31,Neutral,real,31,0
309800,resources/real_fg_memory_images/orig22.jpg,Older,7,real,Post,31,Neutral,real,31,0
309800,resources/real_fg_memory_images/orig25.jpg,Older,6,real,Post,31,Scam,real,31,0
309800,resources/real_fg_memory_images/orig25.jpg,Older,7,real,Pre,31,Scam,real,31,0
312343,resources/real_fg_memory_images/fg1.jpg,Older,7,artificial,Post,17,Neutral,artificial,17,0
312343,resources/real_fg_memory_images/fg1.jpg,Older,4,artificial,Pre,17,Neutral,artificial,17,0
312343,resources/real_fg_memory_images/fg10.jpg,Older,7,artificial,Pre,17,Scam,artificial,17,0
312343,resources/real_fg_memory_images/fg10.jpg,Older,7,artificial,Post,17,Scam,artificial,17,0
312343,resources/real_fg_memory_images/fg2.jpg,Older,8,artificial,Post,17,Neutral,artificial,17,0
312343,resources/real_fg_memory_images/fg2.jpg,Older,4,artificial,Pre,17,Neutral,artificial,17,0
312343,resources/real_fg_memory_images/fg3.jpg,Older,2,artificial,Pre,17,Neutral,artificial,17,0
312343,resources/real_fg_memory_images/fg3.jpg,Older,3,artificial,Post,17,Neutral,artificial,17,0
312343,resources/real_fg_memory_images/fg5.jpg,Older,2,artificial,Pre,17,Neutral,artificial,17,0
312343,resources/real_fg_memory_images/fg5.jpg,Older,7,artificial,Post,17,Neutral,artificial,17,0
312343,resources/real_fg_memory_images/orig21.jpg,Older,3,real,Pre,17,Neutral,real,17,0
312343,resources/real_fg_memory_images/orig21.jpg,Older,5,real,Post,17,Neutral,real,17,0
312343,resources/real_fg_memory_images/orig25.jpg,Older,5,real,Post,17,Scam,real,17,0
312343,resources/real_fg_memory_images/orig25.jpg,Older,4,real,Pre,17,Scam,real,17,0
312343,resources/real_fg_memory_images/orig27.jpg,Older,6,real,Pre,17,Scam,real,17,0
312343,resources/real_fg_memory_images/orig27.jpg,Older,5,real,Post,17,Scam,real,17,0
312343,resources/real_fg_memory_images/orig28.jpg,Older,8,real,Pre,17,Scam,real,17,0
312343,resources/real_fg_memory_images/orig28.jpg,Older,6,real,Post,17,Scam,real,17,0
312343,resources/real_fg_memory_images/orig30.jpg,Older,7,real,Post,17,Scam,real,17,0
312343,resources/real_fg_memory_images/orig30.jpg,Older,6,real,Pre,17,Scam,real,17,0
320991,resources/real_fg_memory_images/fg9.jpg,Older,4,artificial,Post,17,Scam,artificial,17,0
320991,resources/real_fg_memory_images/fg9.jpg,Older,3,artificial,Pre,17,Scam,artificial,17,0
324807,resources/real_fg_memory_images/fg19.jpg,Older,1,artificial,Post,31,Scam,artificial,31,0
324807,resources/real_fg_memory_images/fg19.jpg,Older,5,artificial,Pre,31,Scam,artificial,31,0
324807,resources/real_fg_memory_images/fg23.jpg,Older,3,artificial,Pre,31,Scam,artificial,31,0
324807,resources/real_fg_memory_images/fg23.jpg,Older,3,artificial,Post,31,Scam,artificial,31,0
324807,resources/real_fg_memory_images/fg24.jpg,Older,5,artificial,Post,31,Scam,artificial,31,0
324807,resources/real_fg_memory_images/fg24.jpg,Older,3,artificial,Pre,31,Scam,artificial,31,0
324807,resources/real_fg_memory_images/fg28.jpg,Older,3,artificial,Post,31,Neutral,artificial,31,0
324807,resources/real_fg_memory_images/fg28.jpg,Older,6,artificial,Pre,31,Neutral,artificial,31,0
324807,resources/real_fg_memory_images/fg30.jpg,Older,5,artificial,Pre,31,Neutral,artificial,31,0
324807,resources/real_fg_memory_images/fg30.jpg,Older,0,artificial,Post,31,Neutral,artificial,31,0
324807,resources/real_fg_memory_images/orig1.jpg,Older,1,real,Pre,31,Scam,real,31,0
324807,resources/real_fg_memory_images/orig1.jpg,Older,9,real,Post,31,Scam,real,31,0
324807,resources/real_fg_memory_images/orig10.jpg,Older,0,real,Post,31,Neutral,real,31,0
324807,resources/real_fg_memory_images/orig10.jpg,Older,0,real,Pre,31,Neutral,real,31,0
324807,resources/real_fg_memory_images/orig2.jpg,Older,0,real,Pre,31,Scam,real,31,0
324807,resources/real_fg_memory_images/orig2.jpg,Older,7,real,Post,31,Scam,real,31,0
324807,resources/real_fg_memory_images/orig4.jpg,Older,6,real,Pre,31,Scam,real,31,0
324807,resources/real_fg_memory_images/orig4.jpg,Older,9,real,Post,31,Scam,real,31,0
324807,resources/real_fg_memory_images/orig5.jpg,Older,5,real,Post,31,Scam,real,31,0
324807,resources/real_fg_memory_images/orig5.jpg,Older,0,real,Pre,31,Scam,real,31,0
324807,resources/real_fg_memory_images/orig6.jpg,Older,8,real,Pre,31,Scam,real,31,0
324807,resources/real_fg_memory_images/orig6.jpg,Older,8,real,Post,31,Scam,real,31,0
324807,resources/real_fg_memory_images/orig7.jpg,Older,2,real,Pre,31,Neutral,real,31,0
324807,resources/real_fg_memory_images/orig7.jpg,Older,0,real,Post,31,Neutral,real,31,0
324807,resources/real_fg_memory_images/orig8.jpg,Older,0,real,Post,31,Neutral,real,31,0
324807,resources/real_fg_memory_images/orig8.jpg,Older,0,real,Pre,31,Neutral,real,31,0
325832,resources/real_fg_memory_images/fg1.jpg,Older,6,artificial,Pre,22,Neutral,artificial,22,0
325832,resources/real_fg_memory_images/fg1.jpg,Older,3,artificial,Post,22,Neutral,artificial,22,0
325832,resources/real_fg_memory_images/fg10.jpg,Older,3,artificial,Post,22,Scam,artificial,22,0
325832,resources/real_fg_memory_images/fg10.jpg,Older,3,artificial,Pre,22,Scam,artificial,22,0
325832,resources/real_fg_memory_images/fg11.jpg,Older,3,artificial,Post,22,Scam,artificial,22,0
325832,resources/real_fg_memory_images/fg11.jpg,Older,6,artificial,Pre,22,Scam,artificial,22,0
325832,resources/real_fg_memory_images/fg3.jpg,Older,1,artificial,Pre,22,Neutral,artificial,22,0
325832,resources/real_fg_memory_images/fg3.jpg,Older,4,artificial,Post,22,Neutral,artificial,22,0
325832,resources/real_fg_memory_images/fg4.jpg,Older,7,artificial,Pre,22,Neutral,artificial,22,0
325832,resources/real_fg_memory_images/fg4.jpg,Older,4,artificial,Post,22,Neutral,artificial,22,0
325832,resources/real_fg_memory_images/fg8.jpg,Older,5,artificial,Pre,22,Scam,artificial,22,0
325832,resources/real_fg_memory_images/fg8.jpg,Older,1,artificial,Post,22,Scam,artificial,22,0
325832,resources/real_fg_memory_images/fg9.jpg,Older,7,artificial,Pre,22,Scam,artificial,22,0
325832,resources/real_fg_memory_images/fg9.jpg,Older,1,artificial,Post,22,Scam,artificial,22,0
325832,resources/real_fg_memory_images/orig21.jpg,Older,6,real,Pre,22,Neutral,real,22,0
325832,resources/real_fg_memory_images/orig21.jpg,Older,0,real,Post,22,Neutral,real,22,0
325832,resources/real_fg_memory_images/orig22.jpg,Older,0,real,Post,22,Neutral,real,22,0
325832,resources/real_fg_memory_images/orig22.jpg,Older,5,real,Pre,22,Neutral,real,22,0
325832,resources/real_fg_memory_images/orig25.jpg,Older,3,real,Pre,22,Scam,real,22,0
325832,resources/real_fg_memory_images/orig25.jpg,Older,6,real,Post,22,Scam,real,22,0
325832,resources/real_fg_memory_images/orig28.jpg,Older,7,real,Pre,22,Scam,real,22,0
325832,resources/real_fg_memory_images/orig28.jpg,Older,8,real,Post,22,Scam,real,22,0
325832,resources/real_fg_memory_images/orig29.jpg,Older,4,real,Post,22,Scam,real,22,0
325832,resources/real_fg_memory_images/orig29.jpg,Older,5,real,Pre,22,Scam,real,22,0
325832,resources/real_fg_memory_images/orig30.jpg,Older,4,real,Pre,22,Scam,real,22,0
325832,resources/real_fg_memory_images/orig30.jpg,Older,7,real,Post,22,Scam,real,22,0
327982,resources/real_fg_memory_images/fg1.jpg,Older,0,artificial,Post,29,Neutral,artificial,29,0
327982,resources/real_fg_memory_images/fg1.jpg,Older,1,artificial,Pre,29,Neutral,artificial,29,0
327982,resources/real_fg_memory_images/fg11.jpg,Older,6,artificial,Pre,29,Scam,artificial,29,0
327982,resources/real_fg_memory_images/fg11.jpg,Older,10,artificial,Post,29,Scam,artificial,29,0
327982,resources/real_fg_memory_images/fg9.jpg,Older,4,artificial,Pre,29,Scam,artificial,29,0
327982,resources/real_fg_memory_images/fg9.jpg,Older,7,artificial,Post,29,Scam,artificial,29,0
327982,resources/real_fg_memory_images/orig20.jpg,Older,3,real,Pre,29,Neutral,real,29,0
327982,resources/real_fg_memory_images/orig20.jpg,Older,0,real,Post,29,Neutral,real,29,0
327982,resources/real_fg_memory_images/orig21.jpg,Older,5,real,Pre,29,Neutral,real,29,0
327982,resources/real_fg_memory_images/orig21.jpg,Older,0,real,Post,29,Neutral,real,29,0
327982,resources/real_fg_memory_images/orig24.jpg,Older,7,real,Post,29,Neutral,real,29,0
327982,resources/real_fg_memory_images/orig24.jpg,Older,7,real,Pre,29,Neutral,real,29,0
327982,resources/real_fg_memory_images/orig30.jpg,Older,8,real,Pre,29,Scam,real,29,0
327982,resources/real_fg_memory_images/orig30.jpg,Older,3,real,Post,29,Scam,real,29,0
337188,resources/real_fg_memory_images/fg10.jpg,Older,3,artificial,Post,23,Neutral,artificial,23,0
337188,resources/real_fg_memory_images/fg10.jpg,Older,5,artificial,Pre,23,Neutral,artificial,23,0
337188,resources/real_fg_memory_images/fg2.jpg,Older,8,artificial,Pre,23,Scam,artificial,23,0
337188,resources/real_fg_memory_images/fg2.jpg,Older,6,artificial,Post,23,Scam,artificial,23,0
337188,resources/real_fg_memory_images/fg4.jpg,Older,8,artificial,Pre,23,Scam,artificial,23,0
337188,resources/real_fg_memory_images/fg4.jpg,Older,7,artificial,Post,23,Scam,artificial,23,0
337188,resources/real_fg_memory_images/fg5.jpg,Older,6,artificial,Post,23,Scam,artificial,23,0
337188,resources/real_fg_memory_images/fg5.jpg,Older,6,artificial,Pre,23,Scam,artificial,23,0
337188,resources/real_fg_memory_images/fg6.jpg,Older,6,artificial,Pre,23,Scam,artificial,23,0
337188,resources/real_fg_memory_images/fg6.jpg,Older,6,artificial,Post,23,Scam,artificial,23,0
337188,resources/real_fg_memory_images/orig24.jpg,Older,6,real,Pre,23,Scam,real,23,0
337188,resources/real_fg_memory_images/orig24.jpg,Older,7,real,Post,23,Scam,real,23,0
357269,resources/real_fg_memory_images/fg1.jpg,Older,2,artificial,Pre,30,Neutral,artificial,30,0
357269,resources/real_fg_memory_images/fg1.jpg,Older,5,artificial,Post,30,Neutral,artificial,30,0
357269,resources/real_fg_memory_images/fg10.jpg,Older,7,artificial,Post,30,Scam,artificial,30,0
357269,resources/real_fg_memory_images/fg10.jpg,Older,2,artificial,Pre,30,Scam,artificial,30,0
357269,resources/real_fg_memory_images/fg12.jpg,Older,5,artificial,Post,30,Scam,artificial,30,0
357269,resources/real_fg_memory_images/fg12.jpg,Older,3,artificial,Pre,30,Scam,artificial,30,0
357269,resources/real_fg_memory_images/fg2.jpg,Older,7,artificial,Post,30,Neutral,artificial,30,0
357269,resources/real_fg_memory_images/fg2.jpg,Older,4,artificial,Pre,30,Neutral,artificial,30,0
357269,resources/real_fg_memory_images/fg3.jpg,Older,1,artificial,Post,30,Neutral,artificial,30,0
357269,resources/real_fg_memory_images/fg3.jpg,Older,2,artificial,Pre,30,Neutral,artificial,30,0
357269,resources/real_fg_memory_images/fg4.jpg,Older,5,artificial,Pre,30,Neutral,artificial,30,0
357269,resources/real_fg_memory_images/fg4.jpg,Older,6,artificial,Post,30,Neutral,artificial,30,0
357269,resources/real_fg_memory_images/fg8.jpg,Older,5,artificial,Post,30,Scam,artificial,30,0
357269,resources/real_fg_memory_images/fg8.jpg,Older,2,artificial,Pre,30,Scam,artificial,30,0
357269,resources/real_fg_memory_images/orig20.jpg,Older,6,real,Post,30,Neutral,real,30,0
357269,resources/real_fg_memory_images/orig20.jpg,Older,4,real,Pre,30,Neutral,real,30,0
357269,resources/real_fg_memory_images/orig22.jpg,Older,5,real,Pre,30,Neutral,real,30,0
357269,resources/real_fg_memory_images/orig22.jpg,Older,4,real,Post,30,Neutral,real,30,0
357269,resources/real_fg_memory_images/orig23.jpg,Older,5,real,Post,30,Neutral,real,30,0
357269,resources/real_fg_memory_images/orig23.jpg,Older,5,real,Pre,30,Neutral,real,30,0
357269,resources/real_fg_memory_images/orig24.jpg,Older,5,real,Post,30,Neutral,real,30,0
357269,resources/real_fg_memory_images/orig24.jpg,Older,4,real,Pre,30,Neutral,real,30,0
362267,resources/real_fg_memory_images/fg19.jpg,Older,7,artificial,Post,22,Neutral,artificial,22,0
362267,resources/real_fg_memory_images/fg19.jpg,Older,5,artificial,Pre,22,Neutral,artificial,22,0
362267,resources/real_fg_memory_images/fg20.jpg,Older,6,artificial,Post,22,Neutral,artificial,22,0
362267,resources/real_fg_memory_images/fg20.jpg,Older,3,artificial,Pre,22,Neutral,artificial,22,0
362267,resources/real_fg_memory_images/fg21.jpg,Older,2,artificial,Post,22,Neutral,artificial,22,0
362267,resources/real_fg_memory_images/fg21.jpg,Older,5,artificial,Pre,22,Neutral,artificial,22,0
362267,resources/real_fg_memory_images/fg23.jpg,Older,5,artificial,Post,22,Neutral,artificial,22,0
362267,resources/real_fg_memory_images/fg23.jpg,Older,5,artificial,Pre,22,Neutral,artificial,22,0
362267,resources/real_fg_memory_images/fg26.jpg,Older,6,artificial,Pre,22,Scam,artificial,22,0
362267,resources/real_fg_memory_images/fg26.jpg,Older,7,artificial,Post,22,Scam,artificial,22,0
362267,resources/real_fg_memory_images/fg28.jpg,Older,5,artificial,Pre,22,Scam,artificial,22,0
362267,resources/real_fg_memory_images/fg28.jpg,Older,5,artificial,Post,22,Scam,artificial,22,0
362267,resources/real_fg_memory_images/fg30.jpg,Older,8,artificial,Post,22,Scam,artificial,22,0
362267,resources/real_fg_memory_images/fg30.jpg,Older,6,artificial,Pre,22,Scam,artificial,22,0
362267,resources/real_fg_memory_images/orig1.jpg,Older,7,real,Post,22,Neutral,real,22,0
362267,resources/real_fg_memory_images/orig1.jpg,Older,4,real,Pre,22,Neutral,real,22,0
362267,resources/real_fg_memory_images/orig10.jpg,Older,4,real,Post,22,Scam,real,22,0
362267,resources/real_fg_memory_images/orig10.jpg,Older,5,real,Pre,22,Scam,real,22,0
362267,resources/real_fg_memory_images/orig11.jpg,Older,5,real,Pre,22,Scam,real,22,0
362267,resources/real_fg_memory_images/orig11.jpg,Older,3,real,Post,22,Scam,real,22,0
362267,resources/real_fg_memory_images/orig12.jpg,Older,4,real,Post,22,Scam,real,22,0
362267,resources/real_fg_memory_images/orig12.jpg,Older,5,real,Pre,22,Scam,real,22,0
362267,resources/real_fg_memory_images/orig2.jpg,Older,7,real,Pre,22,Neutral,real,22,0
362267,resources/real_fg_memory_images/orig2.jpg,Older,3,real,Post,22,Neutral,real,22,0
362267,resources/real_fg_memory_images/orig7.jpg,Older,4,real,Post,22,Scam,real,22,0
362267,resources/real_fg_memory_images/orig7.jpg,Older,4,real,Pre,22,Scam,real,22,0
362267,resources/real_fg_memory_images/orig8.jpg,Older,5,real,Post,22,Scam,real,22,0
362267,resources/real_fg_memory_images/orig8.jpg,Older,4,real,Pre,22,Scam,real,22,0
372802,resources/real_fg_memory_images/fg20.jpg,Older,3,artificial,Pre,21,Neutral,artificial,21,0
372802,resources/real_fg_memory_images/fg20.jpg,Older,0,artificial,Post,21,Neutral,artificial,21,0
372802,resources/real_fg_memory_images/fg21.jpg,Older,1,artificial,Pre,21,Neutral,artificial,21,0
372802,resources/real_fg_memory_images/fg21.jpg,Older,3,artificial,Post,21,Neutral,artificial,21,0
372802,resources/real_fg_memory_images/fg22.jpg,Older,7,artificial,Pre,21,Neutral,artificial,21,0
372802,resources/real_fg_memory_images/fg22.jpg,Older,3,artificial,Post,21,Neutral,artificial,21,0
372802,resources/real_fg_memory_images/fg24.jpg,Older,6,artificial,Pre,21,Neutral,artificial,21,0
372802,resources/real_fg_memory_images/fg24.jpg,Older,4,artificial,Post,21,Neutral,artificial,21,0
372802,resources/real_fg_memory_images/fg25.jpg,Older,7,artificial,Post,21,Scam,artificial,21,0
372802,resources/real_fg_memory_images/fg25.jpg,Older,6,artificial,Pre,21,Scam,artificial,21,0
372802,resources/real_fg_memory_images/fg29.jpg,Older,4,artificial,Post,21,Scam,artificial,21,0
372802,resources/real_fg_memory_images/fg29.jpg,Older,8,artificial,Pre,21,Scam,artificial,21,0
372802,resources/real_fg_memory_images/fg30.jpg,Older,5,artificial,Post,21,Scam,artificial,21,0
372802,resources/real_fg_memory_images/fg30.jpg,Older,2,artificial,Pre,21,Scam,artificial,21,0
372802,resources/real_fg_memory_images/orig12.jpg,Older,3,real,Post,21,Scam,real,21,0
372802,resources/real_fg_memory_images/orig12.jpg,Older,3,real,Pre,21,Scam,real,21,0
372802,resources/real_fg_memory_images/orig2.jpg,Older,5,real,Pre,21,Neutral,real,21,0
372802,resources/real_fg_memory_images/orig2.jpg,Older,9,real,Post,21,Neutral,real,21,0
372802,resources/real_fg_memory_images/orig7.jpg,Older,4,real,Post,21,Scam,real,21,0
372802,resources/real_fg_memory_images/orig7.jpg,Older,9,real,Pre,21,Scam,real,21,0
385025,resources/real_fg_memory_images/fg19.jpg,Older,6,artificial,Pre,30,Scam,artificial,30,0
385025,resources/real_fg_memory_images/fg19.jpg,Older,3,artificial,Post,30,Scam,artificial,30,0
385025,resources/real_fg_memory_images/fg20.jpg,Older,3,artificial,Pre,30,Scam,artificial,30,0
385025,resources/real_fg_memory_images/fg20.jpg,Older,5,artificial,Post,30,Scam,artificial,30,0
385025,resources/real_fg_memory_images/fg21.jpg,Older,1,artificial,Pre,30,Scam,artificial,30,0
385025,resources/real_fg_memory_images/fg21.jpg,Older,4,artificial,Post,30,Scam,artificial,30,0
385025,resources/real_fg_memory_images/fg23.jpg,Older,4,artificial,Pre,30,Scam,artificial,30,0
385025,resources/real_fg_memory_images/fg23.jpg,Older,4,artificial,Post,30,Scam,artificial,30,0
385025,resources/real_fg_memory_images/fg24.jpg,Older,6,artificial,Pre,30,Scam,artificial,30,0
385025,resources/real_fg_memory_images/fg24.jpg,Older,7,artificial,Post,30,Scam,artificial,30,0
385025,resources/real_fg_memory_images/fg30.jpg,Older,1,artificial,Post,30,Neutral,artificial,30,0
385025,resources/real_fg_memory_images/fg30.jpg,Older,5,artificial,Pre,30,Neutral,artificial,30,0
385025,resources/real_fg_memory_images/orig12.jpg,Older,2,real,Pre,30,Neutral,real,30,0
385025,resources/real_fg_memory_images/orig12.jpg,Older,4,real,Post,30,Neutral,real,30,0
385025,resources/real_fg_memory_images/orig2.jpg,Older,6,real,Pre,30,Scam,real,30,0
385025,resources/real_fg_memory_images/orig2.jpg,Older,4,real,Post,30,Scam,real,30,0
385025,resources/real_fg_memory_images/orig3.jpg,Older,5,real,Post,30,Scam,real,30,0
385025,resources/real_fg_memory_images/orig3.jpg,Older,3,real,Pre,30,Scam,real,30,0
385025,resources/real_fg_memory_images/orig6.jpg,Older,5,real,Pre,30,Scam,real,30,0
385025,resources/real_fg_memory_images/orig6.jpg,Older,7,real,Post,30,Scam,real,30,0
385025,resources/real_fg_memory_images/orig8.jpg,Older,2,real,Pre,30,Neutral,real,30,0
385025,resources/real_fg_memory_images/orig8.jpg,Older,2,real,Post,30,Neutral,real,30,0
385025,resources/real_fg_memory_images/orig9.jpg,Older,5,real,Post,30,Neutral,real,30,0
385025,resources/real_fg_memory_images/orig9.jpg,Older,2,real,Pre,30,Neutral,real,30,0
398217,resources/real_fg_memory_images/fg11.jpg,Older,6,artificial,Pre,19,Scam,artificial,19,0
398217,resources/real_fg_memory_images/fg11.jpg,Older,1,artificial,Post,19,Scam,artificial,19,0
398217,resources/real_fg_memory_images/fg12.jpg,Older,1,artificial,Pre,19,Scam,artificial,19,0
398217,resources/real_fg_memory_images/fg12.jpg,Older,6,artificial,Post,19,Scam,artificial,19,0
398217,resources/real_fg_memory_images/fg2.jpg,Older,3,artificial,Post,19,Neutral,artificial,19,0
398217,resources/real_fg_memory_images/fg2.jpg,Older,1,artificial,Pre,19,Neutral,artificial,19,0
398217,resources/real_fg_memory_images/fg4.jpg,Older,1,artificial,Post,19,Neutral,artificial,19,0
398217,resources/real_fg_memory_images/fg4.jpg,Older,1,artificial,Pre,19,Neutral,artificial,19,0
398217,resources/real_fg_memory_images/fg5.jpg,Older,10,artificial,Pre,19,Neutral,artificial,19,0
398217,resources/real_fg_memory_images/fg5.jpg,Older,1,artificial,Post,19,Neutral,artificial,19,0
398217,resources/real_fg_memory_images/fg6.jpg,Older,10,artificial,Pre,19,Neutral,artificial,19,0
398217,resources/real_fg_memory_images/fg6.jpg,Older,1,artificial,Post,19,Neutral,artificial,19,0
398217,resources/real_fg_memory_images/fg9.jpg,Older,1,artificial,Post,19,Scam,artificial,19,0
398217,resources/real_fg_memory_images/fg9.jpg,Older,1,artificial,Pre,19,Scam,artificial,19,0
398217,resources/real_fg_memory_images/orig20.jpg,Older,8,real,Post,19,Neutral,real,19,0
398217,resources/real_fg_memory_images/orig20.jpg,Older,8,real,Pre,19,Neutral,real,19,0
398217,resources/real_fg_memory_images/orig25.jpg,Older,8,real,Pre,19,Scam,real,19,0
398217,resources/real_fg_memory_images/orig25.jpg,Older,8,real,Post,19,Scam,real,19,0
398217,resources/real_fg_memory_images/orig28.jpg,Older,8,real,Pre,19,Scam,real,19,0
398217,resources/real_fg_memory_images/orig28.jpg,Older,10,real,Post,19,Scam,real,19,0
398217,resources/real_fg_memory_images/orig30.jpg,Older,9,real,Pre,19,Scam,real,19,0
398217,resources/real_fg_memory_images/orig30.jpg,Older,9,real,Post,19,Scam,real,19,0
425851,resources/real_fg_memory_images/fg24.jpg,Older,10,artificial,Pre,19,Scam,artificial,19,0
425851,resources/real_fg_memory_images/fg24.jpg,Older,0,artificial,Post,19,Scam,artificial,19,0
425851,resources/real_fg_memory_images/fg25.jpg,Older,0,artificial,Post,19,Neutral,artificial,19,0
425851,resources/real_fg_memory_images/fg25.jpg,Older,10,artificial,Pre,19,Neutral,artificial,19,0
425851,resources/real_fg_memory_images/fg27.jpg,Older,0,artificial,Pre,19,Neutral,artificial,19,0
425851,resources/real_fg_memory_images/fg27.jpg,Older,10,artificial,Post,19,Neutral,artificial,19,0
425851,resources/real_fg_memory_images/fg30.jpg,Older,0,artificial,Post,19,Neutral,artificial,19,0
425851,resources/real_fg_memory_images/fg30.jpg,Older,10,artificial,Pre,19,Neutral,artificial,19,0
425851,resources/real_fg_memory_images/orig1.jpg,Older,10,real,Pre,19,Scam,real,19,0
425851,resources/real_fg_memory_images/orig1.jpg,Older,0,real,Post,19,Scam,real,19,0
425851,resources/real_fg_memory_images/orig12.jpg,Older,0,real,Post,19,Neutral,real,19,0
425851,resources/real_fg_memory_images/orig12.jpg,Older,10,real,Pre,19,Neutral,real,19,0
425851,resources/real_fg_memory_images/orig6.jpg,Older,0,real,Post,19,Scam,real,19,0
425851,resources/real_fg_memory_images/orig6.jpg,Older,10,real,Pre,19,Scam,real,19,0
425851,resources/real_fg_memory_images/orig7.jpg,Older,10,real,Post,19,Neutral,real,19,0
425851,resources/real_fg_memory_images/orig7.jpg,Older,10,real,Pre,19,Neutral,real,19,0
425851,resources/real_fg_memory_images/orig8.jpg,Older,10,real,Post,19,Neutral,real,19,0
425851,resources/real_fg_memory_images/orig8.jpg,Older,10,real,Pre,19,Neutral,real,19,0
425851,resources/real_fg_memory_images/orig9.jpg,Older,10,real,Post,19,Neutral,real,19,0
425851,resources/real_fg_memory_images/orig9.jpg,Older,10,real,Pre,19,Neutral,real,19,0
431226,resources/real_fg_memory_images/fg19.jpg,Older,7,artificial,Pre,21,Scam,artificial,21,0
431226,resources/real_fg_memory_images/fg19.jpg,Older,0,artificial,Post,21,Scam,artificial,21,0
431226,resources/real_fg_memory_images/fg20.jpg,Older,3,artificial,Pre,21,Scam,artificial,21,0
431226,resources/real_fg_memory_images/fg20.jpg,Older,0,artificial,Post,21,Scam,artificial,21,0
431226,resources/real_fg_memory_images/fg21.jpg,Older,7,artificial,Pre,21,Scam,artificial,21,0
431226,resources/real_fg_memory_images/fg21.jpg,Older,0,artificial,Post,21,Scam,artificial,21,0
431226,resources/real_fg_memory_images/fg23.jpg,Older,7,artificial,Pre,21,Scam,artificial,21,0
431226,resources/real_fg_memory_images/fg23.jpg,Older,0,artificial,Post,21,Scam,artificial,21,0
431226,resources/real_fg_memory_images/fg25.jpg,Older,3,artificial,Pre,21,Neutral,artificial,21,0
431226,resources/real_fg_memory_images/fg25.jpg,Older,10,artificial,Post,21,Neutral,artificial,21,0
431226,resources/real_fg_memory_images/fg27.jpg,Older,9,artificial,Post,21,Neutral,artificial,21,0
431226,resources/real_fg_memory_images/fg27.jpg,Older,7,artificial,Pre,21,Neutral,artificial,21,0
431226,resources/real_fg_memory_images/fg28.jpg,Older,9,artificial,Pre,21,Neutral,artificial,21,0
431226,resources/real_fg_memory_images/fg28.jpg,Older,0,artificial,Post,21,Neutral,artificial,21,0
431226,resources/real_fg_memory_images/fg30.jpg,Older,0,artificial,Post,21,Neutral,artificial,21,0
431226,resources/real_fg_memory_images/fg30.jpg,Older,5,artificial,Pre,21,Neutral,artificial,21,0
431226,resources/real_fg_memory_images/orig10.jpg,Older,0,real,Post,21,Neutral,real,21,0
431226,resources/real_fg_memory_images/orig10.jpg,Older,7,real,Pre,21,Neutral,real,21,0
431226,resources/real_fg_memory_images/orig11.jpg,Older,0,real,Post,21,Neutral,real,21,0
431226,resources/real_fg_memory_images/orig11.jpg,Older,4,real,Pre,21,Neutral,real,21,0
431226,resources/real_fg_memory_images/orig12.jpg,Older,0,real,Post,21,Neutral,real,21,0
431226,resources/real_fg_memory_images/orig12.jpg,Older,7,real,Pre,21,Neutral,real,21,0
431226,resources/real_fg_memory_images/orig7.jpg,Older,0,real,Post,21,Neutral,real,21,0
431226,resources/real_fg_memory_images/orig7.jpg,Older,3,real,Pre,21,Neutral,real,21,0
431226,resources/real_fg_memory_images/orig8.jpg,Older,3,real,Pre,21,Neutral,real,21,0
431226,resources/real_fg_memory_images/orig8.jpg,Older,0,real,Post,21,Neutral,real,21,0
444172,resources/real_fg_memory_images/fg19.jpg,Older,3,artificial,Pre,30,Scam,artificial,30,0
444172,resources/real_fg_memory_images/fg19.jpg,Older,7,artificial,Post,30,Scam,artificial,30,0
444172,resources/real_fg_memory_images/fg24.jpg,Older,4,artificial,Pre,30,Scam,artificial,30,0
444172,resources/real_fg_memory_images/fg24.jpg,Older,6,artificial,Post,30,Scam,artificial,30,0
444172,resources/real_fg_memory_images/fg28.jpg,Older,4,artificial,Post,30,Neutral,artificial,30,0
444172,resources/real_fg_memory_images/fg28.jpg,Older,7,artificial,Pre,30,Neutral,artificial,30,0
444172,resources/real_fg_memory_images/orig12.jpg,Older,4,real,Post,30,Neutral,real,30,0
444172,resources/real_fg_memory_images/orig12.jpg,Older,2,real,Pre,30,Neutral,real,30,0
444172,resources/real_fg_memory_images/orig2.jpg,Older,4,real,Post,30,Scam,real,30,0
444172,resources/real_fg_memory_images/orig2.jpg,Older,4,real,Pre,30,Scam,real,30,0
444172,resources/real_fg_memory_images/orig7.jpg,Older,5,real,Pre,30,Neutral,real,30,0
444172,resources/real_fg_memory_images/orig7.jpg,Older,3,real,Post,30,Neutral,real,30,0
444172,resources/real_fg_memory_images/orig8.jpg,Older,6,real,Post,30,Neutral,real,30,0
444172,resources/real_fg_memory_images/orig8.jpg,Older,3,real,Pre,30,Neutral,real,30,0
444172,resources/real_fg_memory_images/orig9.jpg,Older,4,real,Post,30,Neutral,real,30,0
444172,resources/real_fg_memory_images/orig9.jpg,Older,6,real,Pre,30,Neutral,real,30,0
452555,resources/real_fg_memory_images/fg19.jpg,Older,5,artificial,Post,25,Scam,artificial,25,0
452555,resources/real_fg_memory_images/fg19.jpg,Older,7,artificial,Pre,25,Scam,artificial,25,0
452555,resources/real_fg_memory_images/fg20.jpg,Older,5,artificial,Pre,25,Scam,artificial,25,0
452555,resources/real_fg_memory_images/fg20.jpg,Older,4,artificial,Post,25,Scam,artificial,25,0
452555,resources/real_fg_memory_images/fg21.jpg,Older,6,artificial,Pre,25,Scam,artificial,25,0
452555,resources/real_fg_memory_images/fg21.jpg,Older,5,artificial,Post,25,Scam,artificial,25,0
452555,resources/real_fg_memory_images/fg22.jpg,Older,5,artificial,Pre,25,Scam,artificial,25,0
452555,resources/real_fg_memory_images/fg22.jpg,Older,6,artificial,Post,25,Scam,artificial,25,0
452555,resources/real_fg_memory_images/fg29.jpg,Older,6,artificial,Pre,25,Neutral,artificial,25,0
452555,resources/real_fg_memory_images/fg29.jpg,Older,6,artificial,Post,25,Neutral,artificial,25,0
452555,resources/real_fg_memory_images/fg30.jpg,Older,6,artificial,Pre,25,Neutral,artificial,25,0
452555,resources/real_fg_memory_images/fg30.jpg,Older,4,artificial,Post,25,Neutral,artificial,25,0
452555,resources/real_fg_memory_images/orig1.jpg,Older,6,real,Post,25,Scam,real,25,0
452555,resources/real_fg_memory_images/orig1.jpg,Older,4,real,Pre,25,Scam,real,25,0
452555,resources/real_fg_memory_images/orig3.jpg,Older,5,real,Post,25,Scam,real,25,0
452555,resources/real_fg_memory_images/orig3.jpg,Older,4,real,Pre,25,Scam,real,25,0
452555,resources/real_fg_memory_images/orig6.jpg,Older,5,real,Post,25,Scam,real,25,0
452555,resources/real_fg_memory_images/orig6.jpg,Older,4,real,Pre,25,Scam,real,25,0
452555,resources/real_fg_memory_images/orig7.jpg,Older,4,real,Pre,25,Neutral,real,25,0
452555,resources/real_fg_memory_images/orig7.jpg,Older,5,real,Post,25,Neutral,real,25,0
452555,resources/real_fg_memory_images/orig9.jpg,Older,5,real,Pre,25,Neutral,real,25,0
452555,resources/real_fg_memory_images/orig9.jpg,Older,6,real,Post,25,Neutral,real,25,0
461165,resources/real_fg_memory_images/fg10.jpg,Older,6,artificial,Pre,30,Neutral,artificial,30,0
461165,resources/real_fg_memory_images/fg10.jpg,Older,6,artificial,Post,30,Neutral,artificial,30,0
461165,resources/real_fg_memory_images/fg11.jpg,Older,6,artificial,Post,30,Neutral,artificial,30,0
461165,resources/real_fg_memory_images/fg11.jpg,Older,7,artificial,Pre,30,Neutral,artificial,30,0
461165,resources/real_fg_memory_images/fg12.jpg,Older,5,artificial,Post,30,Neutral,artificial,30,0
461165,resources/real_fg_memory_images/fg12.jpg,Older,6,artificial,Pre,30,Neutral,artificial,30,0
461165,resources/real_fg_memory_images/fg2.jpg,Older,9,artificial,Post,30,Scam,artificial,30,0
461165,resources/real_fg_memory_images/fg2.jpg,Older,7,artificial,Pre,30,Scam,artificial,30,0
461165,resources/real_fg_memory_images/fg4.jpg,Older,7,artificial,Post,30,Scam,artificial,30,0
461165,resources/real_fg_memory_images/fg4.jpg,Older,5,artificial,Pre,30,Scam,artificial,30,0
461165,resources/real_fg_memory_images/fg6.jpg,Older,7,artificial,Post,30,Scam,artificial,30,0
461165,resources/real_fg_memory_images/fg6.jpg,Older,6,artificial,Pre,30,Scam,artificial,30,0
461165,resources/real_fg_memory_images/fg7.jpg,Older,6,artificial,Post,30,Neutral,artificial,30,0
461165,resources/real_fg_memory_images/fg7.jpg,Older,6,artificial,Pre,30,Neutral,artificial,30,0
461165,resources/real_fg_memory_images/fg8.jpg,Older,4,artificial,Post,30,Neutral,artificial,30,0
461165,resources/real_fg_memory_images/fg8.jpg,Older,7,artificial,Pre,30,Neutral,artificial,30,0
461165,resources/real_fg_memory_images/fg9.jpg,Older,3,artificial,Post,30,Neutral,artificial,30,0
461165,resources/real_fg_memory_images/fg9.jpg,Older,3,artificial,Pre,30,Neutral,artificial,30,0
461165,resources/real_fg_memory_images/orig22.jpg,Older,7,real,Pre,30,Scam,real,30,0
461165,resources/real_fg_memory_images/orig22.jpg,Older,7,real,Post,30,Scam,real,30,0
461165,resources/real_fg_memory_images/orig24.jpg,Older,7,real,Pre,30,Scam,real,30,0
461165,resources/real_fg_memory_images/orig24.jpg,Older,8,real,Post,30,Scam,real,30,0
461165,resources/real_fg_memory_images/orig27.jpg,Older,3,real,Post,30,Neutral,real,30,0
461165,resources/real_fg_memory_images/orig27.jpg,Older,7,real,Pre,30,Neutral,real,30,0
463753,resources/real_fg_memory_images/fg10.jpg,Older,5,artificial,Pre,24,Neutral,artificial,24,0
463753,resources/real_fg_memory_images/fg10.jpg,Older,5,artificial,Post,24,Neutral,artificial,24,0
463753,resources/real_fg_memory_images/fg11.jpg,Older,7,artificial,Post,24,Neutral,artificial,24,0
463753,resources/real_fg_memory_images/fg11.jpg,Older,4,artificial,Pre,24,Neutral,artificial,24,0
463753,resources/real_fg_memory_images/fg12.jpg,Older,5,artificial,Post,24,Neutral,artificial,24,0
463753,resources/real_fg_memory_images/fg12.jpg,Older,6,artificial,Pre,24,Neutral,artificial,24,0
463753,resources/real_fg_memory_images/fg2.jpg,Older,6,artificial,Post,24,Scam,artificial,24,0
463753,resources/real_fg_memory_images/fg2.jpg,Older,7,artificial,Pre,24,Scam,artificial,24,0
463753,resources/real_fg_memory_images/fg6.jpg,Older,5,artificial,Post,24,Scam,artificial,24,0
463753,resources/real_fg_memory_images/fg6.jpg,Older,6,artificial,Pre,24,Scam,artificial,24,0
463753,resources/real_fg_memory_images/fg7.jpg,Older,7,artificial,Pre,24,Neutral,artificial,24,0
463753,resources/real_fg_memory_images/fg7.jpg,Older,7,artificial,Post,24,Neutral,artificial,24,0
463753,resources/real_fg_memory_images/fg9.jpg,Older,8,artificial,Pre,24,Neutral,artificial,24,0
463753,resources/real_fg_memory_images/fg9.jpg,Older,4,artificial,Post,24,Neutral,artificial,24,0
463753,resources/real_fg_memory_images/orig20.jpg,Older,4,real,Post,24,Scam,real,24,0
463753,resources/real_fg_memory_images/orig20.jpg,Older,7,real,Pre,24,Scam,real,24,0
463753,resources/real_fg_memory_images/orig21.jpg,Older,8,real,Pre,24,Scam,real,24,0
463753,resources/real_fg_memory_images/orig21.jpg,Older,6,real,Post,24,Scam,real,24,0
463753,resources/real_fg_memory_images/orig25.jpg,Older,8,real,Post,24,Neutral,real,24,0
463753,resources/real_fg_memory_images/orig25.jpg,Older,5,real,Pre,24,Neutral,real,24,0
463753,resources/real_fg_memory_images/orig27.jpg,Older,7,real,Pre,24,Neutral,real,24,0
463753,resources/real_fg_memory_images/orig27.jpg,Older,6,real,Post,24,Neutral,real,24,0
463753,resources/real_fg_memory_images/orig28.jpg,Older,9,real,Pre,24,Neutral,real,24,0
463753,resources/real_fg_memory_images/orig28.jpg,Older,9,real,Post,24,Neutral,real,24,0
463753,resources/real_fg_memory_images/orig29.jpg,Older,5,real,Post,24,Neutral,real,24,0
463753,resources/real_fg_memory_images/orig29.jpg,Older,5,real,Pre,24,Neutral,real,24,0
463753,resources/real_fg_memory_images/orig30.jpg,Older,6,real,Post,24,Neutral,real,24,0
463753,resources/real_fg_memory_images/orig30.jpg,Older,6,real,Pre,24,Neutral,real,24,0
467472,resources/real_fg_memory_images/fg12.jpg,Older,5,artificial,Post,24,Neutral,artificial,24,0
467472,resources/real_fg_memory_images/fg12.jpg,Older,4,artificial,Pre,24,Neutral,artificial,24,0
467472,resources/real_fg_memory_images/fg2.jpg,Older,7,artificial,Pre,24,Scam,artificial,24,0
467472,resources/real_fg_memory_images/fg2.jpg,Older,3,artificial,Post,24,Scam,artificial,24,0
467472,resources/real_fg_memory_images/fg9.jpg,Older,9,artificial,Pre,24,Neutral,artificial,24,0
467472,resources/real_fg_memory_images/fg9.jpg,Older,4,artificial,Post,24,Neutral,artificial,24,0
467472,resources/real_fg_memory_images/orig20.jpg,Older,4,real,Post,24,Scam,real,24,0
467472,resources/real_fg_memory_images/orig20.jpg,Older,6,real,Pre,24,Scam,real,24,0
467472,resources/real_fg_memory_images/orig21.jpg,Older,8,real,Pre,24,Scam,real,24,0
467472,resources/real_fg_memory_images/orig21.jpg,Older,8,real,Post,24,Scam,real,24,0
467472,resources/real_fg_memory_images/orig28.jpg,Older,10,real,Post,24,Neutral,real,24,0
467472,resources/real_fg_memory_images/orig28.jpg,Older,10,real,Pre,24,Neutral,real,24,0
485505,resources/real_fg_memory_images/fg1.jpg,Older,4,artificial,Pre,21,Scam,artificial,21,0
485505,resources/real_fg_memory_images/fg1.jpg,Older,6,artificial,Post,21,Scam,artificial,21,0
485505,resources/real_fg_memory_images/fg10.jpg,Older,3,artificial,Pre,21,Neutral,artificial,21,0
485505,resources/real_fg_memory_images/fg10.jpg,Older,8,artificial,Post,21,Neutral,artificial,21,0
485505,resources/real_fg_memory_images/fg12.jpg,Older,7,artificial,Post,21,Neutral,artificial,21,0
485505,resources/real_fg_memory_images/fg12.jpg,Older,3,artificial,Pre,21,Neutral,artificial,21,0
485505,resources/real_fg_memory_images/fg2.jpg,Older,8,artificial,Post,21,Scam,artificial,21,0
485505,resources/real_fg_memory_images/fg2.jpg,Older,6,artificial,Pre,21,Scam,artificial,21,0
485505,resources/real_fg_memory_images/fg5.jpg,Older,7,artificial,Post,21,Scam,artificial,21,0
485505,resources/real_fg_memory_images/fg5.jpg,Older,5,artificial,Pre,21,Scam,artificial,21,0
485505,resources/real_fg_memory_images/fg6.jpg,Older,4,artificial,Pre,21,Scam,artificial,21,0
485505,resources/real_fg_memory_images/fg6.jpg,Older,6,artificial,Post,21,Scam,artificial,21,0
485505,resources/real_fg_memory_images/fg8.jpg,Older,2,artificial,Pre,21,Neutral,artificial,21,0
485505,resources/real_fg_memory_images/fg8.jpg,Older,7,artificial,Post,21,Neutral,artificial,21,0
485505,resources/real_fg_memory_images/fg9.jpg,Older,2,artificial,Pre,21,Neutral,artificial,21,0
485505,resources/real_fg_memory_images/fg9.jpg,Older,7,artificial,Post,21,Neutral,artificial,21,0
485505,resources/real_fg_memory_images/orig19.jpg,Older,5,real,Pre,21,Scam,real,21,0
485505,resources/real_fg_memory_images/orig19.jpg,Older,7,real,Post,21,Scam,real,21,0
485505,resources/real_fg_memory_images/orig22.jpg,Older,2,real,Pre,21,Scam,real,21,0
485505,resources/real_fg_memory_images/orig22.jpg,Older,6,real,Post,21,Scam,real,21,0
485505,resources/real_fg_memory_images/orig23.jpg,Older,3,real,Pre,21,Scam,real,21,0
485505,resources/real_fg_memory_images/orig23.jpg,Older,7,real,Post,21,Scam,real,21,0
485505,resources/real_fg_memory_images/orig25.jpg,Older,5,real,Pre,21,Neutral,real,21,0
485505,resources/real_fg_memory_images/orig25.jpg,Older,6,real,Post,21,Neutral,real,21,0
485505,resources/real_fg_memory_images/orig27.jpg,Older,7,real,Post,21,Neutral,real,21,0
485505,resources/real_fg_memory_images/orig27.jpg,Older,3,real,Pre,21,Neutral,real,21,0
489782,resources/real_fg_memory_images/fg19.jpg,Older,6,artificial,Post,26,Neutral,artificial,26,0
489782,resources/real_fg_memory_images/fg19.jpg,Older,7,artificial,Pre,26,Neutral,artificial,26,0
489782,resources/real_fg_memory_images/fg21.jpg,Older,5,artificial,Post,26,Neutral,artificial,26,0
489782,resources/real_fg_memory_images/fg21.jpg,Older,6,artificial,Pre,26,Neutral,artificial,26,0
489782,resources/real_fg_memory_images/fg23.jpg,Older,6,artificial,Post,26,Neutral,artificial,26,0
489782,resources/real_fg_memory_images/fg23.jpg,Older,6,artificial,Pre,26,Neutral,artificial,26,0
489782,resources/real_fg_memory_images/fg24.jpg,Older,5,artificial,Pre,26,Neutral,artificial,26,0
489782,resources/real_fg_memory_images/fg24.jpg,Older,6,artificial,Post,26,Neutral,artificial,26,0
489782,resources/real_fg_memory_images/fg25.jpg,Older,5,artificial,Pre,26,Scam,artificial,26,0
489782,resources/real_fg_memory_images/fg25.jpg,Older,6,artificial,Post,26,Scam,artificial,26,0
489782,resources/real_fg_memory_images/fg26.jpg,Older,5,artificial,Pre,26,Scam,artificial,26,0
489782,resources/real_fg_memory_images/fg26.jpg,Older,6,artificial,Post,26,Scam,artificial,26,0
489782,resources/real_fg_memory_images/fg28.jpg,Older,6,artificial,Post,26,Scam,artificial,26,0
489782,resources/real_fg_memory_images/fg28.jpg,Older,5,artificial,Pre,26,Scam,artificial,26,0
489782,resources/real_fg_memory_images/orig11.jpg,Older,5,real,Post,26,Scam,real,26,0
489782,resources/real_fg_memory_images/orig11.jpg,Older,4,real,Pre,26,Scam,real,26,0
489782,resources/real_fg_memory_images/orig12.jpg,Older,5,real,Post,26,Scam,real,26,0
489782,resources/real_fg_memory_images/orig12.jpg,Older,3,real,Pre,26,Scam,real,26,0
489782,resources/real_fg_memory_images/orig7.jpg,Older,5,real,Pre,26,Scam,real,26,0
489782,resources/real_fg_memory_images/orig7.jpg,Older,6,real,Post,26,Scam,real,26,0
489782,resources/real_fg_memory_images/orig9.jpg,Older,4,real,Pre,26,Scam,real,26,0
489782,resources/real_fg_memory_images/orig9.jpg,Older,6,real,Post,26,Scam,real,26,0
501069,resources/real_fg_memory_images/fg21.jpg,Older,7,artificial,Post,27,Neutral,artificial,27,0
501069,resources/real_fg_memory_images/fg21.jpg,Older,7,artificial,Pre,27,Neutral,artificial,27,0
501069,resources/real_fg_memory_images/fg22.jpg,Older,8,artificial,Pre,27,Neutral,artificial,27,0
501069,resources/real_fg_memory_images/fg22.jpg,Older,4,artificial,Post,27,Neutral,artificial,27,0
501069,resources/real_fg_memory_images/orig1.jpg,Older,2,real,Post,27,Neutral,real,27,0
501069,resources/real_fg_memory_images/orig1.jpg,Older,8,real,Pre,27,Neutral,real,27,0
501069,resources/real_fg_memory_images/orig10.jpg,Older,3,real,Post,27,Scam,real,27,0
501069,resources/real_fg_memory_images/orig10.jpg,Older,6,real,Pre,27,Scam,real,27,0
501069,resources/real_fg_memory_images/orig12.jpg,Older,4,real,Post,27,Scam,real,27,0
501069,resources/real_fg_memory_images/orig12.jpg,Older,7,real,Pre,27,Scam,real,27,0
501069,resources/real_fg_memory_images/orig2.jpg,Older,7,real,Pre,27,Neutral,real,27,0
501069,resources/real_fg_memory_images/orig2.jpg,Older,4,real,Post,27,Neutral,real,27,0
501069,resources/real_fg_memory_images/orig5.jpg,Older,9,real,Post,27,Neutral,real,27,0
501069,resources/real_fg_memory_images/orig5.jpg,Older,7,real,Pre,27,Neutral,real,27,0
501069,resources/real_fg_memory_images/orig6.jpg,Older,2,real,Post,27,Neutral,real,27,0
501069,resources/real_fg_memory_images/orig6.jpg,Older,7,real,Pre,27,Neutral,real,27,0
501069,resources/real_fg_memory_images/orig7.jpg,Older,7,real,Post,27,Scam,real,27,0
501069,resources/real_fg_memory_images/orig7.jpg,Older,7,real,Pre,27,Scam,real,27,0
501069,resources/real_fg_memory_images/orig9.jpg,Older,7,real,Pre,27,Scam,real,27,0
501069,resources/real_fg_memory_images/orig9.jpg,Older,7,real,Post,27,Scam,real,27,0
503785,resources/real_fg_memory_images/fg19.jpg,Older,2,artificial,Post,19,Neutral,artificial,19,0
503785,resources/real_fg_memory_images/fg19.jpg,Older,2,artificial,Pre,19,Neutral,artificial,19,0
503785,resources/real_fg_memory_images/fg20.jpg,Older,6,artificial,Post,19,Neutral,artificial,19,0
503785,resources/real_fg_memory_images/fg20.jpg,Older,3,artificial,Pre,19,Neutral,artificial,19,0
503785,resources/real_fg_memory_images/fg21.jpg,Older,4,artificial,Pre,19,Neutral,artificial,19,0
503785,resources/real_fg_memory_images/fg21.jpg,Older,3,artificial,Post,19,Neutral,artificial,19,0
503785,resources/real_fg_memory_images/fg24.jpg,Older,3,artificial,Pre,19,Neutral,artificial,19,0
503785,resources/real_fg_memory_images/fg24.jpg,Older,1,artificial,Post,19,Neutral,artificial,19,0
503785,resources/real_fg_memory_images/fg28.jpg,Older,7,artificial,Post,19,Scam,artificial,19,0
503785,resources/real_fg_memory_images/fg28.jpg,Older,5,artificial,Pre,19,Scam,artificial,19,0
503785,resources/real_fg_memory_images/orig11.jpg,Older,9,real,Pre,19,Scam,real,19,0
503785,resources/real_fg_memory_images/orig11.jpg,Older,3,real,Post,19,Scam,real,19,0
503785,resources/real_fg_memory_images/orig12.jpg,Older,8,real,Post,19,Scam,real,19,0
503785,resources/real_fg_memory_images/orig12.jpg,Older,5,real,Pre,19,Scam,real,19,0
503785,resources/real_fg_memory_images/orig4.jpg,Older,3,real,Pre,19,Neutral,real,19,0
503785,resources/real_fg_memory_images/orig4.jpg,Older,7,real,Post,19,Neutral,real,19,0
503785,resources/real_fg_memory_images/orig5.jpg,Older,0,real,Post,19,Neutral,real,19,0
503785,resources/real_fg_memory_images/orig5.jpg,Older,4,real,Pre,19,Neutral,real,19,0
503785,resources/real_fg_memory_images/orig6.jpg,Older,9,real,Post,19,Neutral,real,19,0
503785,resources/real_fg_memory_images/orig6.jpg,Older,9,real,Pre,19,Neutral,real,19,0
503785,resources/real_fg_memory_images/orig7.jpg,Older,7,real,Pre,19,Scam,real,19,0
503785,resources/real_fg_memory_images/orig7.jpg,Older,0,real,Post,19,Scam,real,19,0
506315,resources/real_fg_memory_images/fg1.jpg,Older,5,artificial,Pre,21,Scam,artificial,21,0
506315,resources/real_fg_memory_images/fg1.jpg,Older,4,artificial,Post,21,Scam,artificial,21,0
506315,resources/real_fg_memory_images/fg7.jpg,Older,5,artificial,Pre,21,Neutral,artificial,21,0
506315,resources/real_fg_memory_images/fg7.jpg,Older,5,artificial,Post,21,Neutral,artificial,21,0
506315,resources/real_fg_memory_images/fg9.jpg,Older,4,artificial,Pre,21,Neutral,artificial,21,0
506315,resources/real_fg_memory_images/fg9.jpg,Older,5,artificial,Post,21,Neutral,artificial,21,0
508691,resources/real_fg_memory_images/fg12.jpg,Older,7,artificial,Pre,27,Neutral,artificial,27,0
508691,resources/real_fg_memory_images/fg12.jpg,Older,4,artificial,Post,27,Neutral,artificial,27,0
508691,resources/real_fg_memory_images/fg2.jpg,Older,8,artificial,Pre,27,Scam,artificial,27,0
508691,resources/real_fg_memory_images/fg2.jpg,Older,7,artificial,Post,27,Scam,artificial,27,0
508691,resources/real_fg_memory_images/fg4.jpg,Older,8,artificial,Post,27,Scam,artificial,27,0
508691,resources/real_fg_memory_images/fg4.jpg,Older,8,artificial,Pre,27,Scam,artificial,27,0
508691,resources/real_fg_memory_images/fg6.jpg,Older,8,artificial,Pre,27,Scam,artificial,27,0
508691,resources/real_fg_memory_images/fg6.jpg,Older,7,artificial,Post,27,Scam,artificial,27,0
508691,resources/real_fg_memory_images/fg7.jpg,Older,3,artificial,Post,27,Neutral,artificial,27,0
508691,resources/real_fg_memory_images/fg7.jpg,Older,6,artificial,Pre,27,Neutral,artificial,27,0
508691,resources/real_fg_memory_images/fg8.jpg,Older,3,artificial,Post,27,Neutral,artificial,27,0
508691,resources/real_fg_memory_images/fg8.jpg,Older,7,artificial,Pre,27,Neutral,artificial,27,0
508691,resources/real_fg_memory_images/fg9.jpg,Older,5,artificial,Pre,27,Neutral,artificial,27,0
508691,resources/real_fg_memory_images/fg9.jpg,Older,6,artificial,Post,27,Neutral,artificial,27,0
508691,resources/real_fg_memory_images/orig19.jpg,Older,4,real,Post,27,Scam,real,27,0
508691,resources/real_fg_memory_images/orig19.jpg,Older,6,real,Pre,27,Scam,real,27,0
508691,resources/real_fg_memory_images/orig20.jpg,Older,4,real,Post,27,Scam,real,27,0
508691,resources/real_fg_memory_images/orig20.jpg,Older,4,real,Pre,27,Scam,real,27,0
508691,resources/real_fg_memory_images/orig21.jpg,Older,6,real,Pre,27,Scam,real,27,0
508691,resources/real_fg_memory_images/orig21.jpg,Older,4,real,Post,27,Scam,real,27,0
508691,resources/real_fg_memory_images/orig22.jpg,Older,7,real,Pre,27,Scam,real,27,0
508691,resources/real_fg_memory_images/orig22.jpg,Older,4,real,Post,27,Scam,real,27,0
508691,resources/real_fg_memory_images/orig27.jpg,Older,5,real,Pre,27,Neutral,real,27,0
508691,resources/real_fg_memory_images/orig27.jpg,Older,7,real,Post,27,Neutral,real,27,0
509472,resources/real_fg_memory_images/fg20.jpg,Older,8,artificial,Pre,30,Neutral,artificial,30,0
509472,resources/real_fg_memory_images/fg20.jpg,Older,9,artificial,Post,30,Neutral,artificial,30,0
509472,resources/real_fg_memory_images/fg21.jpg,Older,6,artificial,Pre,30,Neutral,artificial,30,0
509472,resources/real_fg_memory_images/fg21.jpg,Older,7,artificial,Post,30,Neutral,artificial,30,0
509472,resources/real_fg_memory_images/fg22.jpg,Older,2,artificial,Post,30,Neutral,artificial,30,0
509472,resources/real_fg_memory_images/fg22.jpg,Older,1,artificial,Pre,30,Neutral,artificial,30,0
509472,resources/real_fg_memory_images/fg25.jpg,Older,6,artificial,Pre,30,Scam,artificial,30,0
509472,resources/real_fg_memory_images/fg25.jpg,Older,8,artificial,Post,30,Scam,artificial,30,0
509472,resources/real_fg_memory_images/fg26.jpg,Older,9,artificial,Post,30,Scam,artificial,30,0
509472,resources/real_fg_memory_images/fg26.jpg,Older,5,artificial,Pre,30,Scam,artificial,30,0
509472,resources/real_fg_memory_images/fg27.jpg,Older,8,artificial,Post,30,Scam,artificial,30,0
509472,resources/real_fg_memory_images/fg27.jpg,Older,2,artificial,Pre,30,Scam,artificial,30,0
509472,resources/real_fg_memory_images/fg28.jpg,Older,10,artificial,Post,30,Scam,artificial,30,0
509472,resources/real_fg_memory_images/fg28.jpg,Older,9,artificial,Pre,30,Scam,artificial,30,0
509472,resources/real_fg_memory_images/fg29.jpg,Older,9,artificial,Post,30,Scam,artificial,30,0
509472,resources/real_fg_memory_images/fg29.jpg,Older,5,artificial,Pre,30,Scam,artificial,30,0
509472,resources/real_fg_memory_images/fg30.jpg,Older,8,artificial,Pre,30,Scam,artificial,30,0
509472,resources/real_fg_memory_images/fg30.jpg,Older,9,artificial,Post,30,Scam,artificial,30,0
509472,resources/real_fg_memory_images/orig1.jpg,Older,5,real,Post,30,Neutral,real,30,0
509472,resources/real_fg_memory_images/orig1.jpg,Older,4,real,Pre,30,Neutral,real,30,0
509472,resources/real_fg_memory_images/orig11.jpg,Older,8,real,Post,30,Scam,real,30,0
509472,resources/real_fg_memory_images/orig11.jpg,Older,8,real,Pre,30,Scam,real,30,0
509472,resources/real_fg_memory_images/orig3.jpg,Older,3,real,Post,30,Neutral,real,30,0
509472,resources/real_fg_memory_images/orig3.jpg,Older,2,real,Pre,30,Neutral,real,30,0
509472,resources/real_fg_memory_images/orig4.jpg,Older,8,real,Post,30,Neutral,real,30,0
509472,resources/real_fg_memory_images/orig4.jpg,Older,7,real,Pre,30,Neutral,real,30,0
509472,resources/real_fg_memory_images/orig5.jpg,Older,4,real,Pre,30,Neutral,real,30,0
509472,resources/real_fg_memory_images/orig5.jpg,Older,2,real,Post,30,Neutral,real,30,0
509472,resources/real_fg_memory_images/orig6.jpg,Older,7,real,Post,30,Neutral,real,30,0
509472,resources/real_fg_memory_images/orig6.jpg,Older,5,real,Pre,30,Neutral,real,30,0
523872,resources/real_fg_memory_images/fg10.jpg,Older,8,artificial,Post,22,Neutral,artificial,22,0
523872,resources/real_fg_memory_images/fg10.jpg,Older,7,artificial,Pre,22,Neutral,artificial,22,0
523872,resources/real_fg_memory_images/fg11.jpg,Older,6,artificial,Post,22,Neutral,artificial,22,0
523872,resources/real_fg_memory_images/fg11.jpg,Older,7,artificial,Pre,22,Neutral,artificial,22,0
523872,resources/real_fg_memory_images/fg12.jpg,Older,8,artificial,Post,22,Neutral,artificial,22,0
523872,resources/real_fg_memory_images/fg12.jpg,Older,7,artificial,Pre,22,Neutral,artificial,22,0
523872,resources/real_fg_memory_images/fg2.jpg,Older,7,artificial,Post,22,Scam,artificial,22,0
523872,resources/real_fg_memory_images/fg2.jpg,Older,8,artificial,Pre,22,Scam,artificial,22,0
523872,resources/real_fg_memory_images/fg7.jpg,Older,7,artificial,Pre,22,Neutral,artificial,22,0
523872,resources/real_fg_memory_images/fg7.jpg,Older,7,artificial,Post,22,Neutral,artificial,22,0
523872,resources/real_fg_memory_images/fg9.jpg,Older,6,artificial,Pre,22,Neutral,artificial,22,0
523872,resources/real_fg_memory_images/fg9.jpg,Older,7,artificial,Post,22,Neutral,artificial,22,0
523872,resources/real_fg_memory_images/orig21.jpg,Older,6,real,Pre,22,Scam,real,22,0
523872,resources/real_fg_memory_images/orig21.jpg,Older,6,real,Post,22,Scam,real,22,0
523872,resources/real_fg_memory_images/orig24.jpg,Older,8,real,Pre,22,Scam,real,22,0
523872,resources/real_fg_memory_images/orig24.jpg,Older,8,real,Post,22,Scam,real,22,0
523872,resources/real_fg_memory_images/orig25.jpg,Older,7,real,Pre,22,Neutral,real,22,0
523872,resources/real_fg_memory_images/orig25.jpg,Older,8,real,Post,22,Neutral,real,22,0
523872,resources/real_fg_memory_images/orig26.jpg,Older,6,real,Post,22,Neutral,real,22,0
523872,resources/real_fg_memory_images/orig26.jpg,Older,8,real,Pre,22,Neutral,real,22,0
523872,resources/real_fg_memory_images/orig28.jpg,Older,8,real,Post,22,Neutral,real,22,0
523872,resources/real_fg_memory_images/orig28.jpg,Older,6,real,Pre,22,Neutral,real,22,0
523872,resources/real_fg_memory_images/orig29.jpg,Older,7,real,Pre,22,Neutral,real,22,0
523872,resources/real_fg_memory_images/orig29.jpg,Older,8,real,Post,22,Neutral,real,22,0
523872,resources/real_fg_memory_images/orig30.jpg,Older,8,real,Pre,22,Neutral,real,22,0
523872,resources/real_fg_memory_images/orig30.jpg,Older,7,real,Post,22,Neutral,real,22,0
535499,resources/real_fg_memory_images/fg28.jpg,Older,5,artificial,Pre,20,Scam,artificial,20,0
535499,resources/real_fg_memory_images/fg28.jpg,Older,7,artificial,Post,20,Scam,artificial,20,0
535499,resources/real_fg_memory_images/orig1.jpg,Older,3,real,Post,20,Neutral,real,20,0
535499,resources/real_fg_memory_images/orig1.jpg,Older,3,real,Pre,20,Neutral,real,20,0
535499,resources/real_fg_memory_images/orig11.jpg,Older,6,real,Pre,20,Scam,real,20,0
535499,resources/real_fg_memory_images/orig11.jpg,Older,2,real,Post,20,Scam,real,20,0
535499,resources/real_fg_memory_images/orig4.jpg,Older,3,real,Pre,20,Neutral,real,20,0
535499,resources/real_fg_memory_images/orig4.jpg,Older,7,real,Post,20,Neutral,real,20,0
535499,resources/real_fg_memory_images/orig5.jpg,Older,3,real,Pre,20,Neutral,real,20,0
535499,resources/real_fg_memory_images/orig5.jpg,Older,4,real,Post,20,Neutral,real,20,0
535499,resources/real_fg_memory_images/orig7.jpg,Older,3,real,Post,20,Scam,real,20,0
535499,resources/real_fg_memory_images/orig7.jpg,Older,6,real,Pre,20,Scam,real,20,0
552126,resources/real_fg_memory_images/fg20.jpg,Older,0,artificial,Pre,29,Neutral,artificial,29,0
552126,resources/real_fg_memory_images/fg20.jpg,Older,2,artificial,Post,29,Neutral,artificial,29,0
552126,resources/real_fg_memory_images/fg21.jpg,Older,1,artificial,Post,29,Neutral,artificial,29,0
552126,resources/real_fg_memory_images/fg21.jpg,Older,2,artificial,Pre,29,Neutral,artificial,29,0
552126,resources/real_fg_memory_images/fg25.jpg,Older,4,artificial,Post,29,Scam,artificial,29,0
552126,resources/real_fg_memory_images/fg25.jpg,Older,4,artificial,Pre,29,Scam,artificial,29,0
552126,resources/real_fg_memory_images/fg28.jpg,Older,9,artificial,Post,29,Scam,artificial,29,0
552126,resources/real_fg_memory_images/fg28.jpg,Older,8,artificial,Pre,29,Scam,artificial,29,0
552126,resources/real_fg_memory_images/orig10.jpg,Older,1,real,Post,29,Scam,real,29,0
552126,resources/real_fg_memory_images/orig10.jpg,Older,3,real,Pre,29,Scam,real,29,0
552126,resources/real_fg_memory_images/orig12.jpg,Older,0,real,Pre,29,Scam,real,29,0
552126,resources/real_fg_memory_images/orig12.jpg,Older,1,real,Post,29,Scam,real,29,0
552126,resources/real_fg_memory_images/orig2.jpg,Older,1,real,Post,29,Neutral,real,29,0
552126,resources/real_fg_memory_images/orig2.jpg,Older,4,real,Pre,29,Neutral,real,29,0
552126,resources/real_fg_memory_images/orig7.jpg,Older,0,real,Post,29,Scam,real,29,0
552126,resources/real_fg_memory_images/orig7.jpg,Older,0,real,Pre,29,Scam,real,29,0
552126,resources/real_fg_memory_images/orig9.jpg,Older,0,real,Pre,29,Scam,real,29,0
552126,resources/real_fg_memory_images/orig9.jpg,Older,0,real,Post,29,Scam,real,29,0
569229,resources/real_fg_memory_images/fg12.jpg,Older,6,artificial,Pre,22,Scam,artificial,22,0
569229,resources/real_fg_memory_images/fg12.jpg,Older,2,artificial,Post,22,Scam,artificial,22,0
569229,resources/real_fg_memory_images/fg4.jpg,Older,7,artificial,Pre,22,Neutral,artificial,22,0
569229,resources/real_fg_memory_images/fg4.jpg,Older,10,artificial,Post,22,Neutral,artificial,22,0
569229,resources/real_fg_memory_images/fg7.jpg,Older,4,artificial,Post,22,Scam,artificial,22,0
569229,resources/real_fg_memory_images/fg7.jpg,Older,4,artificial,Pre,22,Scam,artificial,22,0
569229,resources/real_fg_memory_images/fg9.jpg,Older,4,artificial,Post,22,Scam,artificial,22,0
569229,resources/real_fg_memory_images/fg9.jpg,Older,7,artificial,Pre,22,Scam,artificial,22,0
569229,resources/real_fg_memory_images/orig19.jpg,Older,6,real,Pre,22,Neutral,real,22,0
569229,resources/real_fg_memory_images/orig19.jpg,Older,7,real,Post,22,Neutral,real,22,0
624497,resources/real_fg_memory_images/fg12.jpg,Older,4,artificial,Pre,29,Scam,artificial,29,0
624497,resources/real_fg_memory_images/fg12.jpg,Older,4,artificial,Post,29,Scam,artificial,29,0
624497,resources/real_fg_memory_images/fg2.jpg,Older,4,artificial,Pre,29,Neutral,artificial,29,0
624497,resources/real_fg_memory_images/fg2.jpg,Older,6,artificial,Post,29,Neutral,artificial,29,0
624497,resources/real_fg_memory_images/fg3.jpg,Older,6,artificial,Pre,29,Neutral,artificial,29,0
624497,resources/real_fg_memory_images/fg3.jpg,Older,7,artificial,Post,29,Neutral,artificial,29,0
624497,resources/real_fg_memory_images/fg6.jpg,Older,7,artificial,Post,29,Neutral,artificial,29,0
624497,resources/real_fg_memory_images/fg6.jpg,Older,8,artificial,Pre,29,Neutral,artificial,29,0
624497,resources/real_fg_memory_images/fg7.jpg,Older,5,artificial,Pre,29,Scam,artificial,29,0
624497,resources/real_fg_memory_images/fg7.jpg,Older,7,artificial,Post,29,Scam,artificial,29,0
624497,resources/real_fg_memory_images/orig19.jpg,Older,5,real,Pre,29,Neutral,real,29,0
624497,resources/real_fg_memory_images/orig19.jpg,Older,6,real,Post,29,Neutral,real,29,0
624497,resources/real_fg_memory_images/orig20.jpg,Older,6,real,Post,29,Neutral,real,29,0
624497,resources/real_fg_memory_images/orig20.jpg,Older,4,real,Pre,29,Neutral,real,29,0
624497,resources/real_fg_memory_images/orig21.jpg,Older,3,real,Post,29,Neutral,real,29,0
624497,resources/real_fg_memory_images/orig21.jpg,Older,5,real,Pre,29,Neutral,real,29,0
624497,resources/real_fg_memory_images/orig23.jpg,Older,4,real,Post,29,Neutral,real,29,0
624497,resources/real_fg_memory_images/orig23.jpg,Older,6,real,Pre,29,Neutral,real,29,0
624497,resources/real_fg_memory_images/orig25.jpg,Older,3,real,Post,29,Scam,real,29,0
624497,resources/real_fg_memory_images/orig25.jpg,Older,5,real,Pre,29,Scam,real,29,0
630358,resources/real_fg_memory_images/fg19.jpg,Older,4,artificial,Post,30,Scam,artificial,30,0
630358,resources/real_fg_memory_images/fg19.jpg,Older,4,artificial,Pre,30,Scam,artificial,30,0
630358,resources/real_fg_memory_images/fg20.jpg,Older,4,artificial,Pre,30,Scam,artificial,30,0
630358,resources/real_fg_memory_images/fg20.jpg,Older,4,artificial,Post,30,Scam,artificial,30,0
630358,resources/real_fg_memory_images/fg24.jpg,Older,6,artificial,Post,30,Scam,artificial,30,0
630358,resources/real_fg_memory_images/fg24.jpg,Older,7,artificial,Pre,30,Scam,artificial,30,0
630358,resources/real_fg_memory_images/orig10.jpg,Older,3,real,Post,30,Neutral,real,30,0
630358,resources/real_fg_memory_images/orig10.jpg,Older,3,real,Pre,30,Neutral,real,30,0
630358,resources/real_fg_memory_images/orig12.jpg,Older,4,real,Post,30,Neutral,real,30,0
630358,resources/real_fg_memory_images/orig12.jpg,Older,5,real,Pre,30,Neutral,real,30,0
630358,resources/real_fg_memory_images/orig2.jpg,Older,7,real,Pre,30,Scam,real,30,0
630358,resources/real_fg_memory_images/orig2.jpg,Older,4,real,Post,30,Scam,real,30,0
630358,resources/real_fg_memory_images/orig4.jpg,Older,7,real,Post,30,Scam,real,30,0
630358,resources/real_fg_memory_images/orig4.jpg,Older,6,real,Pre,30,Scam,real,30,0
630358,resources/real_fg_memory_images/orig6.jpg,Older,7,real,Pre,30,Scam,real,30,0
630358,resources/real_fg_memory_images/orig6.jpg,Older,6,real,Post,30,Scam,real,30,0
630358,resources/real_fg_memory_images/orig9.jpg,Older,3,real,Pre,30,Neutral,real,30,0
630358,resources/real_fg_memory_images/orig9.jpg,Older,3,real,Post,30,Neutral,real,30,0
682144,resources/real_fg_memory_images/fg19.jpg,Older,7,artificial,Pre,23,Scam,artificial,23,0
682144,resources/real_fg_memory_images/fg19.jpg,Older,8,artificial,Post,23,Scam,artificial,23,0
682144,resources/real_fg_memory_images/fg20.jpg,Older,3,artificial,Post,23,Scam,artificial,23,0
682144,resources/real_fg_memory_images/fg20.jpg,Older,7,artificial,Pre,23,Scam,artificial,23,0
682144,resources/real_fg_memory_images/fg21.jpg,Older,3,artificial,Post,23,Scam,artificial,23,0
682144,resources/real_fg_memory_images/fg21.jpg,Older,6,artificial,Pre,23,Scam,artificial,23,0
682144,resources/real_fg_memory_images/fg22.jpg,Older,6,artificial,Pre,23,Scam,artificial,23,0
682144,resources/real_fg_memory_images/fg22.jpg,Older,9,artificial,Post,23,Scam,artificial,23,0
682144,resources/real_fg_memory_images/fg24.jpg,Older,9,artificial,Pre,23,Scam,artificial,23,0
682144,resources/real_fg_memory_images/fg24.jpg,Older,5,artificial,Post,23,Scam,artificial,23,0
682144,resources/real_fg_memory_images/fg25.jpg,Older,7,artificial,Post,23,Neutral,artificial,23,0
682144,resources/real_fg_memory_images/fg25.jpg,Older,6,artificial,Pre,23,Neutral,artificial,23,0
682144,resources/real_fg_memory_images/fg26.jpg,Older,5,artificial,Post,23,Neutral,artificial,23,0
682144,resources/real_fg_memory_images/fg26.jpg,Older,5,artificial,Pre,23,Neutral,artificial,23,0
682144,resources/real_fg_memory_images/orig2.jpg,Older,8,real,Post,23,Scam,real,23,0
682144,resources/real_fg_memory_images/orig2.jpg,Older,8,real,Pre,23,Scam,real,23,0
682144,resources/real_fg_memory_images/orig5.jpg,Older,6,real,Pre,23,Scam,real,23,0
682144,resources/real_fg_memory_images/orig5.jpg,Older,6,real,Post,23,Scam,real,23,0
682144,resources/real_fg_memory_images/orig9.jpg,Older,7,real,Pre,23,Neutral,real,23,0
682144,resources/real_fg_memory_images/orig9.jpg,Older,7,real,Post,23,Neutral,real,23,0
685613,resources/real_fg_memory_images/fg21.jpg,Older,3,artificial,Post,28,Neutral,artificial,28,0
685613,resources/real_fg_memory_images/fg21.jpg,Older,6,artificial,Pre,28,Neutral,artificial,28,0
697612,resources/real_fg_memory_images/orig11.jpg,Older,7,real,Pre,19,Scam,real,19,0
697612,resources/real_fg_memory_images/orig11.jpg,Older,6,real,Post,19,Scam,real,19,0
708309,resources/real_fg_memory_images/fg1.jpg,Older,7,artificial,Post,24,Neutral,artificial,24,0
708309,resources/real_fg_memory_images/fg1.jpg,Older,9,artificial,Pre,24,Neutral,artificial,24,0
708309,resources/real_fg_memory_images/fg2.jpg,Older,8,artificial,Post,24,Neutral,artificial,24,0
708309,resources/real_fg_memory_images/fg2.jpg,Older,7,artificial,Pre,24,Neutral,artificial,24,0
708309,resources/real_fg_memory_images/fg3.jpg,Older,5,artificial,Pre,24,Neutral,artificial,24,0
708309,resources/real_fg_memory_images/fg3.jpg,Older,6,artificial,Post,24,Neutral,artificial,24,0
708309,resources/real_fg_memory_images/fg4.jpg,Older,7,artificial,Post,24,Neutral,artificial,24,0
708309,resources/real_fg_memory_images/fg4.jpg,Older,8,artificial,Pre,24,Neutral,artificial,24,0
708309,resources/real_fg_memory_images/fg5.jpg,Older,5,artificial,Pre,24,Neutral,artificial,24,0
708309,resources/real_fg_memory_images/fg5.jpg,Older,9,artificial,Post,24,Neutral,artificial,24,0
708309,resources/real_fg_memory_images/fg6.jpg,Older,9,artificial,Pre,24,Neutral,artificial,24,0
708309,resources/real_fg_memory_images/fg6.jpg,Older,5,artificial,Post,24,Neutral,artificial,24,0
708309,resources/real_fg_memory_images/fg7.jpg,Older,9,artificial,Post,24,Scam,artificial,24,0
708309,resources/real_fg_memory_images/fg7.jpg,Older,7,artificial,Pre,24,Scam,artificial,24,0
708309,resources/real_fg_memory_images/orig19.jpg,Older,9,real,Post,24,Neutral,real,24,0
708309,resources/real_fg_memory_images/orig19.jpg,Older,6,real,Pre,24,Neutral,real,24,0
708309,resources/real_fg_memory_images/orig21.jpg,Older,7,real,Post,24,Neutral,real,24,0
708309,resources/real_fg_memory_images/orig21.jpg,Older,8,real,Pre,24,Neutral,real,24,0
708309,resources/real_fg_memory_images/orig22.jpg,Older,9,real,Pre,24,Neutral,real,24,0
708309,resources/real_fg_memory_images/orig22.jpg,Older,8,real,Post,24,Neutral,real,24,0
708309,resources/real_fg_memory_images/orig23.jpg,Older,7,real,Post,24,Neutral,real,24,0
708309,resources/real_fg_memory_images/orig23.jpg,Older,8,real,Pre,24,Neutral,real,24,0
708309,resources/real_fg_memory_images/orig24.jpg,Older,8,real,Post,24,Neutral,real,24,0
708309,resources/real_fg_memory_images/orig24.jpg,Older,7,real,Pre,24,Neutral,real,24,0
708983,resources/real_fg_memory_images/fg1.jpg,Older,1,artificial,Post,30,Neutral,artificial,30,0
708983,resources/real_fg_memory_images/fg1.jpg,Older,1,artificial,Pre,30,Neutral,artificial,30,0
708983,resources/real_fg_memory_images/fg10.jpg,Older,1,artificial,Pre,30,Scam,artificial,30,0
708983,resources/real_fg_memory_images/fg10.jpg,Older,2,artificial,Post,30,Scam,artificial,30,0
708983,resources/real_fg_memory_images/fg12.jpg,Older,3,artificial,Post,30,Scam,artificial,30,0
708983,resources/real_fg_memory_images/fg12.jpg,Older,3,artificial,Pre,30,Scam,artificial,30,0
708983,resources/real_fg_memory_images/fg5.jpg,Older,2,artificial,Post,30,Neutral,artificial,30,0
708983,resources/real_fg_memory_images/fg5.jpg,Older,1,artificial,Pre,30,Neutral,artificial,30,0
708983,resources/real_fg_memory_images/fg7.jpg,Older,2,artificial,Pre,30,Scam,artificial,30,0
708983,resources/real_fg_memory_images/fg7.jpg,Older,3,artificial,Post,30,Scam,artificial,30,0
708983,resources/real_fg_memory_images/fg9.jpg,Older,2,artificial,Post,30,Scam,artificial,30,0
708983,resources/real_fg_memory_images/fg9.jpg,Older,2,artificial,Pre,30,Scam,artificial,30,0
708983,resources/real_fg_memory_images/orig21.jpg,Older,2,real,Post,30,Neutral,real,30,0
708983,resources/real_fg_memory_images/orig21.jpg,Older,5,real,Pre,30,Neutral,real,30,0
722296,resources/real_fg_memory_images/fg19.jpg,Older,0,artificial,Pre,28,Scam,artificial,28,0
722296,resources/real_fg_memory_images/fg19.jpg,Older,10,artificial,Post,28,Scam,artificial,28,0
722296,resources/real_fg_memory_images/fg22.jpg,Older,0,artificial,Pre,28,Scam,artificial,28,0
722296,resources/real_fg_memory_images/fg22.jpg,Older,10,artificial,Post,28,Scam,artificial,28,0
722296,resources/real_fg_memory_images/fg23.jpg,Older,0,artificial,Post,28,Scam,artificial,28,0
722296,resources/real_fg_memory_images/fg23.jpg,Older,0,artificial,Pre,28,Scam,artificial,28,0
722296,resources/real_fg_memory_images/fg24.jpg,Older,10,artificial,Post,28,Scam,artificial,28,0
722296,resources/real_fg_memory_images/fg24.jpg,Older,0,artificial,Pre,28,Scam,artificial,28,0
722296,resources/real_fg_memory_images/fg25.jpg,Older,0,artificial,Post,28,Neutral,artificial,28,0
722296,resources/real_fg_memory_images/fg25.jpg,Older,1,artificial,Pre,28,Neutral,artificial,28,0
722296,resources/real_fg_memory_images/orig10.jpg,Older,0,real,Pre,28,Neutral,real,28,0
722296,resources/real_fg_memory_images/orig10.jpg,Older,0,real,Post,28,Neutral,real,28,0
722296,resources/real_fg_memory_images/orig11.jpg,Older,10,real,Pre,28,Neutral,real,28,0
722296,resources/real_fg_memory_images/orig11.jpg,Older,10,real,Post,28,Neutral,real,28,0
722296,resources/real_fg_memory_images/orig2.jpg,Older,10,real,Pre,28,Scam,real,28,0
722296,resources/real_fg_memory_images/orig2.jpg,Older,0,real,Post,28,Scam,real,28,0
722296,resources/real_fg_memory_images/orig3.jpg,Older,10,real,Pre,28,Scam,real,28,0
722296,resources/real_fg_memory_images/orig3.jpg,Older,0,real,Post,28,Scam,real,28,0
722296,resources/real_fg_memory_images/orig5.jpg,Older,0,real,Pre,28,Scam,real,28,0
722296,resources/real_fg_memory_images/orig5.jpg,Older,0,real,Post,28,Scam,real,28,0
722296,resources/real_fg_memory_images/orig9.jpg,Older,0,real,Pre,28,Neutral,real,28,0
722296,resources/real_fg_memory_images/orig9.jpg,Older,10,real,Post,28,Neutral,real,28,0
730953,resources/real_fg_memory_images/fg19.jpg,Older,4,artificial,Post,27,Neutral,artificial,27,0
730953,resources/real_fg_memory_images/fg19.jpg,Older,5,artificial,Pre,27,Neutral,artificial,27,0
730953,resources/real_fg_memory_images/fg20.jpg,Older,4,artificial,Pre,27,Neutral,artificial,27,0
730953,resources/real_fg_memory_images/fg20.jpg,Older,3,artificial,Post,27,Neutral,artificial,27,0
730953,resources/real_fg_memory_images/fg21.jpg,Older,4,artificial,Post,27,Neutral,artificial,27,0
730953,resources/real_fg_memory_images/fg21.jpg,Older,6,artificial,Pre,27,Neutral,artificial,27,0
730953,resources/real_fg_memory_images/fg23.jpg,Older,4,artificial,Post,27,Neutral,artificial,27,0
730953,resources/real_fg_memory_images/fg23.jpg,Older,5,artificial,Pre,27,Neutral,artificial,27,0
730953,resources/real_fg_memory_images/fg24.jpg,Older,3,artificial,Post,27,Neutral,artificial,27,0
730953,resources/real_fg_memory_images/fg24.jpg,Older,6,artificial,Pre,27,Neutral,artificial,27,0
730953,resources/real_fg_memory_images/fg25.jpg,Older,5,artificial,Post,27,Scam,artificial,27,0
730953,resources/real_fg_memory_images/fg25.jpg,Older,4,artificial,Pre,27,Scam,artificial,27,0
730953,resources/real_fg_memory_images/fg27.jpg,Older,6,artificial,Post,27,Scam,artificial,27,0
730953,resources/real_fg_memory_images/fg27.jpg,Older,6,artificial,Pre,27,Scam,artificial,27,0
730953,resources/real_fg_memory_images/orig4.jpg,Older,4,real,Post,27,Neutral,real,27,0
730953,resources/real_fg_memory_images/orig4.jpg,Older,6,real,Pre,27,Neutral,real,27,0
730953,resources/real_fg_memory_images/orig7.jpg,Older,6,real,Post,27,Scam,real,27,0
730953,resources/real_fg_memory_images/orig7.jpg,Older,6,real,Pre,27,Scam,real,27,0
733839,resources/real_fg_memory_images/fg10.jpg,Older,7,artificial,Post,27,Neutral,artificial,27,0
733839,resources/real_fg_memory_images/fg10.jpg,Older,2,artificial,Pre,27,Neutral,artificial,27,0
733839,resources/real_fg_memory_images/fg6.jpg,Older,3,artificial,Pre,27,Scam,artificial,27,0
733839,resources/real_fg_memory_images/fg6.jpg,Older,6,artificial,Post,27,Scam,artificial,27,0
733839,resources/real_fg_memory_images/orig25.jpg,Older,6,real,Pre,27,Neutral,real,27,0
733839,resources/real_fg_memory_images/orig25.jpg,Older,7,real,Post,27,Neutral,real,27,0
733839,resources/real_fg_memory_images/orig28.jpg,Older,7,real,Pre,27,Neutral,real,27,0
733839,resources/real_fg_memory_images/orig28.jpg,Older,8,real,Post,27,Neutral,real,27,0
735788,resources/real_fg_memory_images/fg23.jpg,Older,5,artificial,Post,30,Scam,artificial,30,0
735788,resources/real_fg_memory_images/fg23.jpg,Older,4,artificial,Pre,30,Scam,artificial,30,0
735788,resources/real_fg_memory_images/fg25.jpg,Older,5,artificial,Pre,30,Neutral,artificial,30,0
735788,resources/real_fg_memory_images/fg25.jpg,Older,2,artificial,Post,30,Neutral,artificial,30,0
735788,resources/real_fg_memory_images/fg28.jpg,Older,3,artificial,Post,30,Neutral,artificial,30,0
735788,resources/real_fg_memory_images/fg28.jpg,Older,6,artificial,Pre,30,Neutral,artificial,30,0
735788,resources/real_fg_memory_images/orig1.jpg,Older,1,real,Pre,30,Scam,real,30,0
735788,resources/real_fg_memory_images/orig1.jpg,Older,7,real,Post,30,Scam,real,30,0
735788,resources/real_fg_memory_images/orig12.jpg,Older,6,real,Post,30,Neutral,real,30,0
735788,resources/real_fg_memory_images/orig12.jpg,Older,3,real,Pre,30,Neutral,real,30,0
735788,resources/real_fg_memory_images/orig6.jpg,Older,2,real,Post,30,Scam,real,30,0
735788,resources/real_fg_memory_images/orig6.jpg,Older,5,real,Pre,30,Scam,real,30,0
757918,resources/real_fg_memory_images/fg2.jpg,Older,4,artificial,Pre,28,Scam,artificial,28,0
757918,resources/real_fg_memory_images/fg2.jpg,Older,5,artificial,Post,28,Scam,artificial,28,0
757918,resources/real_fg_memory_images/fg4.jpg,Older,7,artificial,Post,28,Scam,artificial,28,0
757918,resources/real_fg_memory_images/fg4.jpg,Older,7,artificial,Pre,28,Scam,artificial,28,0
757918,resources/real_fg_memory_images/fg6.jpg,Older,6,artificial,Pre,28,Scam,artificial,28,0
757918,resources/real_fg_memory_images/fg6.jpg,Older,6,artificial,Post,28,Scam,artificial,28,0
757918,resources/real_fg_memory_images/fg7.jpg,Older,5,artificial,Post,28,Neutral,artificial,28,0
757918,resources/real_fg_memory_images/fg7.jpg,Older,3,artificial,Pre,28,Neutral,artificial,28,0
757918,resources/real_fg_memory_images/orig19.jpg,Older,5,real,Post,28,Scam,real,28,0
757918,resources/real_fg_memory_images/orig19.jpg,Older,4,real,Pre,28,Scam,real,28,0
757918,resources/real_fg_memory_images/orig20.jpg,Older,3,real,Pre,28,Scam,real,28,0
757918,resources/real_fg_memory_images/orig20.jpg,Older,5,real,Post,28,Scam,real,28,0
757918,resources/real_fg_memory_images/orig21.jpg,Older,5,real,Post,28,Scam,real,28,0
757918,resources/real_fg_memory_images/orig21.jpg,Older,3,real,Pre,28,Scam,real,28,0
757918,resources/real_fg_memory_images/orig22.jpg,Older,6,real,Post,28,Scam,real,28,0
757918,resources/real_fg_memory_images/orig22.jpg,Older,3,real,Pre,28,Scam,real,28,0
757918,resources/real_fg_memory_images/orig23.jpg,Older,4,real,Pre,28,Scam,real,28,0
757918,resources/real_fg_memory_images/orig23.jpg,Older,6,real,Post,28,Scam,real,28,0
757918,resources/real_fg_memory_images/orig27.jpg,Older,4,real,Pre,28,Neutral,real,28,0
757918,resources/real_fg_memory_images/orig27.jpg,Older,4,real,Post,28,Neutral,real,28,0
773358,resources/real_fg_memory_images/fg23.jpg,Older,7,artificial,Post,15,Scam,artificial,15,0
773358,resources/real_fg_memory_images/fg23.jpg,Older,4,artificial,Pre,15,Scam,artificial,15,0
773358,resources/real_fg_memory_images/fg26.jpg,Older,6,artificial,Post,15,Neutral,artificial,15,0
773358,resources/real_fg_memory_images/fg26.jpg,Older,4,artificial,Pre,15,Neutral,artificial,15,0
773358,resources/real_fg_memory_images/orig10.jpg,Older,3,real,Pre,15,Neutral,real,15,0
773358,resources/real_fg_memory_images/orig10.jpg,Older,7,real,Post,15,Neutral,real,15,0
773358,resources/real_fg_memory_images/orig6.jpg,Older,7,real,Pre,15,Scam,real,15,0
773358,resources/real_fg_memory_images/orig6.jpg,Older,4,real,Post,15,Scam,real,15,0
773358,resources/real_fg_memory_images/orig7.jpg,Older,3,real,Pre,15,Neutral,real,15,0
773358,resources/real_fg_memory_images/orig7.jpg,Older,7,real,Post,15,Neutral,real,15,0
773358,resources/real_fg_memory_images/orig8.jpg,Older,4,real,Pre,15,Neutral,real,15,0
773358,resources/real_fg_memory_images/orig8.jpg,Older,7,real,Post,15,Neutral,real,15,0
773358,resources/real_fg_memory_images/orig9.jpg,Older,3,real,Pre,15,Neutral,real,15,0
773358,resources/real_fg_memory_images/orig9.jpg,Older,7,real,Post,15,Neutral,real,15,0
788109,resources/real_fg_memory_images/fg24.jpg,Older,4,artificial,Pre,26,Scam,artificial,26,0
788109,resources/real_fg_memory_images/fg24.jpg,Older,4,artificial,Post,26,Scam,artificial,26,0
788109,resources/real_fg_memory_images/fg25.jpg,Older,5,artificial,Pre,26,Neutral,artificial,26,0
788109,resources/real_fg_memory_images/fg25.jpg,Older,5,artificial,Post,26,Neutral,artificial,26,0
788109,resources/real_fg_memory_images/fg27.jpg,Older,3,artificial,Pre,26,Neutral,artificial,26,0
788109,resources/real_fg_memory_images/fg27.jpg,Older,3,artificial,Post,26,Neutral,artificial,26,0
788109,resources/real_fg_memory_images/fg30.jpg,Older,3,artificial,Post,26,Neutral,artificial,26,0
788109,resources/real_fg_memory_images/fg30.jpg,Older,5,artificial,Pre,26,Neutral,artificial,26,0
788109,resources/real_fg_memory_images/orig10.jpg,Older,5,real,Pre,26,Neutral,real,26,0
788109,resources/real_fg_memory_images/orig10.jpg,Older,3,real,Post,26,Neutral,real,26,0
788109,resources/real_fg_memory_images/orig12.jpg,Older,3,real,Post,26,Neutral,real,26,0
788109,resources/real_fg_memory_images/orig12.jpg,Older,5,real,Pre,26,Neutral,real,26,0
788109,resources/real_fg_memory_images/orig2.jpg,Older,5,real,Post,26,Scam,real,26,0
788109,resources/real_fg_memory_images/orig2.jpg,Older,8,real,Pre,26,Scam,real,26,0
788109,resources/real_fg_memory_images/orig4.jpg,Older,1,real,Post,26,Scam,real,26,0
788109,resources/real_fg_memory_images/orig4.jpg,Older,5,real,Pre,26,Scam,real,26,0
788109,resources/real_fg_memory_images/orig7.jpg,Older,4,real,Pre,26,Neutral,real,26,0
788109,resources/real_fg_memory_images/orig7.jpg,Older,3,real,Post,26,Neutral,real,26,0
800151,resources/real_fg_memory_images/fg20.jpg,Older,3,artificial,Pre,23,Neutral,artificial,23,0
800151,resources/real_fg_memory_images/fg20.jpg,Older,4,artificial,Post,23,Neutral,artificial,23,0
800151,resources/real_fg_memory_images/fg23.jpg,Older,5,artificial,Post,23,Neutral,artificial,23,0
800151,resources/real_fg_memory_images/fg23.jpg,Older,6,artificial,Pre,23,Neutral,artificial,23,0
800151,resources/real_fg_memory_images/fg25.jpg,Older,4,artificial,Pre,23,Scam,artificial,23,0
800151,resources/real_fg_memory_images/fg25.jpg,Older,7,artificial,Post,23,Scam,artificial,23,0
800151,resources/real_fg_memory_images/fg27.jpg,Older,4,artificial,Post,23,Scam,artificial,23,0
800151,resources/real_fg_memory_images/fg27.jpg,Older,7,artificial,Pre,23,Scam,artificial,23,0
800151,resources/real_fg_memory_images/fg28.jpg,Older,7,artificial,Post,23,Scam,artificial,23,0
800151,resources/real_fg_memory_images/fg28.jpg,Older,8,artificial,Pre,23,Scam,artificial,23,0
800151,resources/real_fg_memory_images/orig10.jpg,Older,4,real,Pre,23,Scam,real,23,0
800151,resources/real_fg_memory_images/orig10.jpg,Older,6,real,Post,23,Scam,real,23,0
800151,resources/real_fg_memory_images/orig11.jpg,Older,8,real,Pre,23,Scam,real,23,0
800151,resources/real_fg_memory_images/orig11.jpg,Older,8,real,Post,23,Scam,real,23,0
800151,resources/real_fg_memory_images/orig12.jpg,Older,6,real,Post,23,Scam,real,23,0
800151,resources/real_fg_memory_images/orig12.jpg,Older,7,real,Pre,23,Scam,real,23,0
800151,resources/real_fg_memory_images/orig3.jpg,Older,6,real,Pre,23,Neutral,real,23,0
800151,resources/real_fg_memory_images/orig3.jpg,Older,7,real,Post,23,Neutral,real,23,0
800151,resources/real_fg_memory_images/orig5.jpg,Older,6,real,Pre,23,Neutral,real,23,0
800151,resources/real_fg_memory_images/orig5.jpg,Older,6,real,Post,23,Neutral,real,23,0
814543,resources/real_fg_memory_images/fg12.jpg,Older,4,artificial,Post,30,Scam,artificial,30,0
814543,resources/real_fg_memory_images/fg12.jpg,Older,7,artificial,Pre,30,Scam,artificial,30,0
814543,resources/real_fg_memory_images/orig20.jpg,Older,5,real,Post,30,Neutral,real,30,0
814543,resources/real_fg_memory_images/orig20.jpg,Older,6,real,Pre,30,Neutral,real,30,0
814543,resources/real_fg_memory_images/orig21.jpg,Older,4,real,Pre,30,Neutral,real,30,0
814543,resources/real_fg_memory_images/orig21.jpg,Older,3,real,Post,30,Neutral,real,30,0
814543,resources/real_fg_memory_images/orig23.jpg,Older,4,real,Pre,30,Neutral,real,30,0
814543,resources/real_fg_memory_images/orig23.jpg,Older,4,real,Post,30,Neutral,real,30,0
814543,resources/real_fg_memory_images/orig30.jpg,Older,7,real,Post,30,Scam,real,30,0
814543,resources/real_fg_memory_images/orig30.jpg,Older,8,real,Pre,30,Scam,real,30,0
840605,resources/real_fg_memory_images/fg22.jpg,Older,6,artificial,Pre,25,Scam,artificial,25,0
840605,resources/real_fg_memory_images/fg22.jpg,Older,0,artificial,Post,25,Scam,artificial,25,0
840605,resources/real_fg_memory_images/fg23.jpg,Older,2,artificial,Post,25,Scam,artificial,25,0
840605,resources/real_fg_memory_images/fg23.jpg,Older,5,artificial,Pre,25,Scam,artificial,25,0
840605,resources/real_fg_memory_images/fg25.jpg,Older,2,artificial,Post,25,Neutral,artificial,25,0
840605,resources/real_fg_memory_images/fg25.jpg,Older,6,artificial,Pre,25,Neutral,artificial,25,0
840605,resources/real_fg_memory_images/orig10.jpg,Older,3,real,Post,25,Neutral,real,25,0
840605,resources/real_fg_memory_images/orig10.jpg,Older,4,real,Pre,25,Neutral,real,25,0
840605,resources/real_fg_memory_images/orig6.jpg,Older,0,real,Post,25,Scam,real,25,0
840605,resources/real_fg_memory_images/orig6.jpg,Older,6,real,Pre,25,Scam,real,25,0
840605,resources/real_fg_memory_images/orig7.jpg,Older,4,real,Pre,25,Neutral,real,25,0
840605,resources/real_fg_memory_images/orig7.jpg,Older,7,real,Post,25,Neutral,real,25,0
840987,resources/real_fg_memory_images/fg12.jpg,Older,4,artificial,Post,27,Neutral,artificial,27,0
840987,resources/real_fg_memory_images/fg12.jpg,Older,7,artificial,Pre,27,Neutral,artificial,27,0
840987,resources/real_fg_memory_images/fg2.jpg,Older,9,artificial,Pre,27,Scam,artificial,27,0
840987,resources/real_fg_memory_images/fg2.jpg,Older,8,artificial,Post,27,Scam,artificial,27,0
840987,resources/real_fg_memory_images/fg6.jpg,Older,6,artificial,Post,27,Scam,artificial,27,0
840987,resources/real_fg_memory_images/fg6.jpg,Older,5,artificial,Pre,27,Scam,artificial,27,0
840987,resources/real_fg_memory_images/orig19.jpg,Older,6,real,Post,27,Scam,real,27,0
840987,resources/real_fg_memory_images/orig19.jpg,Older,7,real,Pre,27,Scam,real,27,0
840987,resources/real_fg_memory_images/orig21.jpg,Older,8,real,Post,27,Scam,real,27,0
840987,resources/real_fg_memory_images/orig21.jpg,Older,4,real,Pre,27,Scam,real,27,0
840987,resources/real_fg_memory_images/orig29.jpg,Older,9,real,Post,27,Neutral,real,27,0
840987,resources/real_fg_memory_images/orig29.jpg,Older,7,real,Pre,27,Neutral,real,27,0
855924,resources/real_fg_memory_images/fg10.jpg,Older,7,artificial,Pre,21,Scam,artificial,21,0
855924,resources/real_fg_memory_images/fg10.jpg,Older,7,artificial,Post,21,Scam,artificial,21,0
855924,resources/real_fg_memory_images/fg2.jpg,Older,9,artificial,Pre,21,Neutral,artificial,21,0
855924,resources/real_fg_memory_images/fg2.jpg,Older,9,artificial,Post,21,Neutral,artificial,21,0
855924,resources/real_fg_memory_images/fg4.jpg,Older,9,artificial,Pre,21,Neutral,artificial,21,0
855924,resources/real_fg_memory_images/fg4.jpg,Older,9,artificial,Post,21,Neutral,artificial,21,0
855924,resources/real_fg_memory_images/fg6.jpg,Older,9,artificial,Pre,21,Neutral,artificial,21,0
855924,resources/real_fg_memory_images/fg6.jpg,Older,9,artificial,Post,21,Neutral,artificial,21,0
855924,resources/real_fg_memory_images/fg7.jpg,Older,6,artificial,Pre,21,Scam,artificial,21,0
855924,resources/real_fg_memory_images/fg7.jpg,Older,7,artificial,Post,21,Scam,artificial,21,0
855924,resources/real_fg_memory_images/fg8.jpg,Older,7,artificial,Pre,21,Scam,artificial,21,0
855924,resources/real_fg_memory_images/fg8.jpg,Older,9,artificial,Post,21,Scam,artificial,21,0
855924,resources/real_fg_memory_images/orig22.jpg,Older,7,real,Pre,21,Neutral,real,21,0
855924,resources/real_fg_memory_images/orig22.jpg,Older,6,real,Post,21,Neutral,real,21,0
855924,resources/real_fg_memory_images/orig28.jpg,Older,10,real,Pre,21,Scam,real,21,0
855924,resources/real_fg_memory_images/orig28.jpg,Older,9,real,Post,21,Scam,real,21,0
860349,resources/real_fg_memory_images/fg20.jpg,Older,7,artificial,Pre,27,Scam,artificial,27,0
860349,resources/real_fg_memory_images/fg20.jpg,Older,7,artificial,Post,27,Scam,artificial,27,0
860349,resources/real_fg_memory_images/fg22.jpg,Older,7,artificial,Pre,27,Scam,artificial,27,0
860349,resources/real_fg_memory_images/fg22.jpg,Older,7,artificial,Post,27,Scam,artificial,27,0
860349,resources/real_fg_memory_images/fg24.jpg,Older,7,artificial,Pre,27,Scam,artificial,27,0
860349,resources/real_fg_memory_images/fg24.jpg,Older,7,artificial,Post,27,Scam,artificial,27,0
860349,resources/real_fg_memory_images/orig10.jpg,Older,7,real,Post,27,Neutral,real,27,0
860349,resources/real_fg_memory_images/orig10.jpg,Older,5,real,Pre,27,Neutral,real,27,0
860349,resources/real_fg_memory_images/orig12.jpg,Older,6,real,Post,27,Neutral,real,27,0
860349,resources/real_fg_memory_images/orig12.jpg,Older,6,real,Pre,27,Neutral,real,27,0
860349,resources/real_fg_memory_images/orig4.jpg,Older,6,real,Pre,27,Scam,real,27,0
860349,resources/real_fg_memory_images/orig4.jpg,Older,6,real,Post,27,Scam,real,27,0
860349,resources/real_fg_memory_images/orig6.jpg,Older,8,real,Post,27,Scam,real,27,0
860349,resources/real_fg_memory_images/orig6.jpg,Older,7,real,Pre,27,Scam,real,27,0
860349,resources/real_fg_memory_images/orig7.jpg,Older,6,real,Post,27,Neutral,real,27,0
860349,resources/real_fg_memory_images/orig7.jpg,Older,4,real,Pre,27,Neutral,real,27,0
864771,resources/real_fg_memory_images/fg2.jpg,Older,4,artificial,Pre,21,Scam,artificial,21,0
864771,resources/real_fg_memory_images/fg2.jpg,Older,5,artificial,Post,21,Scam,artificial,21,0
864771,resources/real_fg_memory_images/fg4.jpg,Older,1,artificial,Post,21,Scam,artificial,21,0
864771,resources/real_fg_memory_images/fg4.jpg,Older,4,artificial,Pre,21,Scam,artificial,21,0
864771,resources/real_fg_memory_images/fg5.jpg,Older,1,artificial,Post,21,Scam,artificial,21,0
864771,resources/real_fg_memory_images/fg5.jpg,Older,4,artificial,Pre,21,Scam,artificial,21,0
864771,resources/real_fg_memory_images/fg6.jpg,Older,8,artificial,Post,21,Scam,artificial,21,0
864771,resources/real_fg_memory_images/fg6.jpg,Older,5,artificial,Pre,21,Scam,artificial,21,0
864771,resources/real_fg_memory_images/fg8.jpg,Older,4,artificial,Post,21,Neutral,artificial,21,0
864771,resources/real_fg_memory_images/fg8.jpg,Older,5,artificial,Pre,21,Neutral,artificial,21,0
864771,resources/real_fg_memory_images/fg9.jpg,Older,6,artificial,Post,21,Neutral,artificial,21,0
864771,resources/real_fg_memory_images/fg9.jpg,Older,5,artificial,Pre,21,Neutral,artificial,21,0
864771,resources/real_fg_memory_images/orig21.jpg,Older,1,real,Post,21,Scam,real,21,0
864771,resources/real_fg_memory_images/orig21.jpg,Older,5,real,Pre,21,Scam,real,21,0
864771,resources/real_fg_memory_images/orig22.jpg,Older,9,real,Post,21,Scam,real,21,0
864771,resources/real_fg_memory_images/orig22.jpg,Older,5,real,Pre,21,Scam,real,21,0
864771,resources/real_fg_memory_images/orig24.jpg,Older,7,real,Pre,21,Scam,real,21,0
864771,resources/real_fg_memory_images/orig24.jpg,Older,1,real,Post,21,Scam,real,21,0
864771,resources/real_fg_memory_images/orig28.jpg,Older,5,real,Pre,21,Neutral,real,21,0
864771,resources/real_fg_memory_images/orig28.jpg,Older,10,real,Post,21,Neutral,real,21,0
864828,resources/real_fg_memory_images/fg20.jpg,Older,3,artificial,Pre,21,Neutral,artificial,21,0
864828,resources/real_fg_memory_images/fg20.jpg,Older,8,artificial,Post,21,Neutral,artificial,21,0
864828,resources/real_fg_memory_images/fg21.jpg,Older,5,artificial,Post,21,Neutral,artificial,21,0
864828,resources/real_fg_memory_images/fg21.jpg,Older,5,artificial,Pre,21,Neutral,artificial,21,0
864828,resources/real_fg_memory_images/fg23.jpg,Older,5,artificial,Pre,21,Neutral,artificial,21,0
864828,resources/real_fg_memory_images/fg23.jpg,Older,4,artificial,Post,21,Neutral,artificial,21,0
864828,resources/real_fg_memory_images/fg24.jpg,Older,3,artificial,Pre,21,Neutral,artificial,21,0
864828,resources/real_fg_memory_images/fg24.jpg,Older,7,artificial,Post,21,Neutral,artificial,21,0
864828,resources/real_fg_memory_images/fg28.jpg,Older,7,artificial,Pre,21,Scam,artificial,21,0
864828,resources/real_fg_memory_images/fg28.jpg,Older,9,artificial,Post,21,Scam,artificial,21,0
864828,resources/real_fg_memory_images/fg30.jpg,Older,5,artificial,Pre,21,Scam,artificial,21,0
864828,resources/real_fg_memory_images/fg30.jpg,Older,8,artificial,Post,21,Scam,artificial,21,0
864828,resources/real_fg_memory_images/orig1.jpg,Older,5,real,Post,21,Neutral,real,21,0
864828,resources/real_fg_memory_images/orig1.jpg,Older,4,real,Pre,21,Neutral,real,21,0
864828,resources/real_fg_memory_images/orig12.jpg,Older,8,real,Post,21,Scam,real,21,0
864828,resources/real_fg_memory_images/orig12.jpg,Older,6,real,Pre,21,Scam,real,21,0
864828,resources/real_fg_memory_images/orig2.jpg,Older,6,real,Pre,21,Neutral,real,21,0
864828,resources/real_fg_memory_images/orig2.jpg,Older,9,real,Post,21,Neutral,real,21,0
864828,resources/real_fg_memory_images/orig3.jpg,Older,6,real,Pre,21,Neutral,real,21,0
864828,resources/real_fg_memory_images/orig3.jpg,Older,4,real,Post,21,Neutral,real,21,0
864828,resources/real_fg_memory_images/orig4.jpg,Older,6,real,Pre,21,Neutral,real,21,0
864828,resources/real_fg_memory_images/orig4.jpg,Older,7,real,Post,21,Neutral,real,21,0
864828,resources/real_fg_memory_images/orig5.jpg,Older,3,real,Post,21,Neutral,real,21,0
864828,resources/real_fg_memory_images/orig5.jpg,Older,4,real,Pre,21,Neutral,real,21,0
864828,resources/real_fg_memory_images/orig6.jpg,Older,7,real,Post,21,Neutral,real,21,0
864828,resources/real_fg_memory_images/orig6.jpg,Older,7,real,Pre,21,Neutral,real,21,0
870665,resources/real_fg_memory_images/fg1.jpg,Older,0,artificial,Pre,21,Neutral,artificial,21,0
870665,resources/real_fg_memory_images/fg1.jpg,Older,0,artificial,Post,21,Neutral,artificial,21,0
870665,resources/real_fg_memory_images/fg4.jpg,Older,7,artificial,Pre,21,Neutral,artificial,21,0
870665,resources/real_fg_memory_images/fg4.jpg,Older,3,artificial,Post,21,Neutral,artificial,21,0
870665,resources/real_fg_memory_images/fg5.jpg,Older,0,artificial,Pre,21,Neutral,artificial,21,0
870665,resources/real_fg_memory_images/fg5.jpg,Older,3,artificial,Post,21,Neutral,artificial,21,0
870665,resources/real_fg_memory_images/fg6.jpg,Older,5,artificial,Pre,21,Neutral,artificial,21,0
870665,resources/real_fg_memory_images/fg6.jpg,Older,4,artificial,Post,21,Neutral,artificial,21,0
870665,resources/real_fg_memory_images/orig21.jpg,Older,6,real,Pre,21,Neutral,real,21,0
870665,resources/real_fg_memory_images/orig21.jpg,Older,6,real,Post,21,Neutral,real,21,0
870665,resources/real_fg_memory_images/orig24.jpg,Older,6,real,Pre,21,Neutral,real,21,0
870665,resources/real_fg_memory_images/orig24.jpg,Older,3,real,Post,21,Neutral,real,21,0
877791,resources/real_fg_memory_images/fg1.jpg,Older,4,artificial,Pre,28,Scam,artificial,28,0
877791,resources/real_fg_memory_images/fg1.jpg,Older,7,artificial,Post,28,Scam,artificial,28,0
877791,resources/real_fg_memory_images/fg11.jpg,Older,4,artificial,Post,28,Neutral,artificial,28,0
877791,resources/real_fg_memory_images/fg11.jpg,Older,6,artificial,Pre,28,Neutral,artificial,28,0
877791,resources/real_fg_memory_images/fg6.jpg,Older,6,artificial,Post,28,Scam,artificial,28,0
877791,resources/real_fg_memory_images/fg6.jpg,Older,6,artificial,Pre,28,Scam,artificial,28,0
877791,resources/real_fg_memory_images/fg7.jpg,Older,5,artificial,Pre,28,Neutral,artificial,28,0
877791,resources/real_fg_memory_images/fg7.jpg,Older,6,artificial,Post,28,Neutral,artificial,28,0
877791,resources/real_fg_memory_images/orig24.jpg,Older,5,real,Pre,28,Scam,real,28,0
877791,resources/real_fg_memory_images/orig24.jpg,Older,5,real,Post,28,Scam,real,28,0
877791,resources/real_fg_memory_images/orig25.jpg,Older,3,real,Post,28,Neutral,real,28,0
877791,resources/real_fg_memory_images/orig25.jpg,Older,5,real,Pre,28,Neutral,real,28,0
877791,resources/real_fg_memory_images/orig29.jpg,Older,4,real,Post,28,Neutral,real,28,0
877791,resources/real_fg_memory_images/orig29.jpg,Older,6,real,Pre,28,Neutral,real,28,0
883897,resources/real_fg_memory_images/fg19.jpg,Older,6,artificial,Post,23,Neutral,artificial,23,0
883897,resources/real_fg_memory_images/fg19.jpg,Older,8,artificial,Pre,23,Neutral,artificial,23,0
883897,resources/real_fg_memory_images/fg20.jpg,Older,7,artificial,Pre,23,Neutral,artificial,23,0
883897,resources/real_fg_memory_images/fg20.jpg,Older,6,artificial,Post,23,Neutral,artificial,23,0
883897,resources/real_fg_memory_images/fg22.jpg,Older,4,artificial,Pre,23,Neutral,artificial,23,0
883897,resources/real_fg_memory_images/fg22.jpg,Older,8,artificial,Post,23,Neutral,artificial,23,0
883897,resources/real_fg_memory_images/fg23.jpg,Older,1,artificial,Post,23,Neutral,artificial,23,0
883897,resources/real_fg_memory_images/fg23.jpg,Older,6,artificial,Pre,23,Neutral,artificial,23,0
883897,resources/real_fg_memory_images/fg24.jpg,Older,7,artificial,Post,23,Neutral,artificial,23,0
883897,resources/real_fg_memory_images/fg24.jpg,Older,8,artificial,Pre,23,Neutral,artificial,23,0
883897,resources/real_fg_memory_images/fg25.jpg,Older,7,artificial,Post,23,Scam,artificial,23,0
883897,resources/real_fg_memory_images/fg25.jpg,Older,3,artificial,Pre,23,Scam,artificial,23,0
883897,resources/real_fg_memory_images/fg27.jpg,Older,1,artificial,Post,23,Scam,artificial,23,0
883897,resources/real_fg_memory_images/fg27.jpg,Older,4,artificial,Pre,23,Scam,artificial,23,0
883897,resources/real_fg_memory_images/fg30.jpg,Older,9,artificial,Pre,23,Scam,artificial,23,0
883897,resources/real_fg_memory_images/fg30.jpg,Older,3,artificial,Post,23,Scam,artificial,23,0
883897,resources/real_fg_memory_images/orig11.jpg,Older,6,real,Post,23,Scam,real,23,0
883897,resources/real_fg_memory_images/orig11.jpg,Older,8,real,Pre,23,Scam,real,23,0
883897,resources/real_fg_memory_images/orig3.jpg,Older,7,real,Post,23,Neutral,real,23,0
883897,resources/real_fg_memory_images/orig3.jpg,Older,8,real,Pre,23,Neutral,real,23,0
883897,resources/real_fg_memory_images/orig8.jpg,Older,7,real,Pre,23,Scam,real,23,0
883897,resources/real_fg_memory_images/orig8.jpg,Older,7,real,Post,23,Scam,real,23,0
883897,resources/real_fg_memory_images/orig9.jpg,Older,7,real,Pre,23,Scam,real,23,0
883897,resources/real_fg_memory_images/orig9.jpg,Older,9,real,Post,23,Scam,real,23,0
891997,resources/real_fg_memory_images/fg22.jpg,Older,5,artificial,Post,24,Scam,artificial,24,0
891997,resources/real_fg_memory_images/fg22.jpg,Older,3,artificial,Pre,24,Scam,artificial,24,0
891997,resources/real_fg_memory_images/fg26.jpg,Older,3,artificial,Pre,24,Neutral,artificial,24,0
891997,resources/real_fg_memory_images/fg26.jpg,Older,5,artificial,Post,24,Neutral,artificial,24,0
891997,resources/real_fg_memory_images/fg28.jpg,Older,2,artificial,Pre,24,Neutral,artificial,24,0
891997,resources/real_fg_memory_images/fg28.jpg,Older,1,artificial,Post,24,Neutral,artificial,24,0
891997,resources/real_fg_memory_images/orig11.jpg,Older,2,real,Post,24,Neutral,real,24,0
891997,resources/real_fg_memory_images/orig11.jpg,Older,7,real,Pre,24,Neutral,real,24,0
891997,resources/real_fg_memory_images/orig12.jpg,Older,6,real,Pre,24,Neutral,real,24,0
891997,resources/real_fg_memory_images/orig12.jpg,Older,1,real,Post,24,Neutral,real,24,0
891997,resources/real_fg_memory_images/orig5.jpg,Older,2,real,Pre,24,Scam,real,24,0
891997,resources/real_fg_memory_images/orig5.jpg,Older,7,real,Post,24,Scam,real,24,0
895545,resources/real_fg_memory_images/fg2.jpg,Older,2,artificial,Post,31,Scam,artificial,31,0
895545,resources/real_fg_memory_images/fg2.jpg,Older,2,artificial,Pre,31,Scam,artificial,31,0
895545,resources/real_fg_memory_images/fg4.jpg,Older,4,artificial,Pre,31,Scam,artificial,31,0
895545,resources/real_fg_memory_images/fg4.jpg,Older,4,artificial,Post,31,Scam,artificial,31,0
895545,resources/real_fg_memory_images/fg5.jpg,Older,4,artificial,Post,31,Scam,artificial,31,0
895545,resources/real_fg_memory_images/fg5.jpg,Older,2,artificial,Pre,31,Scam,artificial,31,0
895545,resources/real_fg_memory_images/fg8.jpg,Older,1,artificial,Pre,31,Neutral,artificial,31,0
895545,resources/real_fg_memory_images/fg8.jpg,Older,2,artificial,Post,31,Neutral,artificial,31,0
895545,resources/real_fg_memory_images/orig23.jpg,Older,6,real,Post,31,Scam,real,31,0
895545,resources/real_fg_memory_images/orig23.jpg,Older,4,real,Pre,31,Scam,real,31,0
895545,resources/real_fg_memory_images/orig25.jpg,Older,4,real,Post,31,Neutral,real,31,0
895545,resources/real_fg_memory_images/orig25.jpg,Older,7,real,Pre,31,Neutral,real,31,0
895545,resources/real_fg_memory_images/orig30.jpg,Older,7,real,Post,31,Neutral,real,31,0
895545,resources/real_fg_memory_images/orig30.jpg,Older,6,real,Pre,31,Neutral,real,31,0
899929,resources/real_fg_memory_images/fg20.jpg,Older,4,artificial,Pre,27,Scam,artificial,27,0
899929,resources/real_fg_memory_images/fg20.jpg,Older,4,artificial,Post,27,Scam,artificial,27,0
899929,resources/real_fg_memory_images/fg21.jpg,Older,6,artificial,Pre,27,Scam,artificial,27,0
899929,resources/real_fg_memory_images/fg21.jpg,Older,3,artificial,Post,27,Scam,artificial,27,0
899929,resources/real_fg_memory_images/fg23.jpg,Older,4,artificial,Post,27,Scam,artificial,27,0
899929,resources/real_fg_memory_images/fg23.jpg,Older,4,artificial,Pre,27,Scam,artificial,27,0
899929,resources/real_fg_memory_images/orig12.jpg,Older,5,real,Pre,27,Neutral,real,27,0
899929,resources/real_fg_memory_images/orig12.jpg,Older,3,real,Post,27,Neutral,real,27,0
899929,resources/real_fg_memory_images/orig4.jpg,Older,9,real,Pre,27,Scam,real,27,0
899929,resources/real_fg_memory_images/orig4.jpg,Older,4,real,Post,27,Scam,real,27,0
899929,resources/real_fg_memory_images/orig7.jpg,Older,2,real,Post,27,Neutral,real,27,0
899929,resources/real_fg_memory_images/orig7.jpg,Older,6,real,Pre,27,Neutral,real,27,0
909530,resources/real_fg_memory_images/fg5.jpg,Older,4,artificial,Pre,20,Neutral,artificial,20,0
909530,resources/real_fg_memory_images/fg5.jpg,Older,6,artificial,Post,20,Neutral,artificial,20,0
909530,resources/real_fg_memory_images/fg6.jpg,Older,5,artificial,Pre,20,Neutral,artificial,20,0
909530,resources/real_fg_memory_images/fg6.jpg,Older,7,artificial,Post,20,Neutral,artificial,20,0
909530,resources/real_fg_memory_images/fg7.jpg,Older,4,artificial,Post,20,Scam,artificial,20,0
909530,resources/real_fg_memory_images/fg7.jpg,Older,5,artificial,Pre,20,Scam,artificial,20,0
909530,resources/real_fg_memory_images/orig20.jpg,Older,6,real,Pre,20,Neutral,real,20,0
909530,resources/real_fg_memory_images/orig20.jpg,Older,6,real,Post,20,Neutral,real,20,0
909530,resources/real_fg_memory_images/orig25.jpg,Older,7,real,Post,20,Scam,real,20,0
909530,resources/real_fg_memory_images/orig25.jpg,Older,6,real,Pre,20,Scam,real,20,0
910668,resources/real_fg_memory_images/fg12.jpg,Older,4,artificial,Pre,27,Neutral,artificial,27,0
910668,resources/real_fg_memory_images/fg12.jpg,Older,4,artificial,Post,27,Neutral,artificial,27,0
910668,resources/real_fg_memory_images/fg4.jpg,Older,4,artificial,Pre,27,Scam,artificial,27,0
910668,resources/real_fg_memory_images/fg4.jpg,Older,9,artificial,Post,27,Scam,artificial,27,0
910668,resources/real_fg_memory_images/fg6.jpg,Older,4,artificial,Post,27,Scam,artificial,27,0
910668,resources/real_fg_memory_images/fg6.jpg,Older,9,artificial,Pre,27,Scam,artificial,27,0
910668,resources/real_fg_memory_images/fg7.jpg,Older,6,artificial,Pre,27,Neutral,artificial,27,0
910668,resources/real_fg_memory_images/fg7.jpg,Older,5,artificial,Post,27,Neutral,artificial,27,0
910668,resources/real_fg_memory_images/fg8.jpg,Older,7,artificial,Post,27,Neutral,artificial,27,0
910668,resources/real_fg_memory_images/fg8.jpg,Older,2,artificial,Pre,27,Neutral,artificial,27,0
910668,resources/real_fg_memory_images/fg9.jpg,Older,4,artificial,Post,27,Neutral,artificial,27,0
910668,resources/real_fg_memory_images/fg9.jpg,Older,3,artificial,Pre,27,Neutral,artificial,27,0
910668,resources/real_fg_memory_images/orig20.jpg,Older,6,real,Pre,27,Scam,real,27,0
910668,resources/real_fg_memory_images/orig20.jpg,Older,3,real,Post,27,Scam,real,27,0
910668,resources/real_fg_memory_images/orig24.jpg,Older,0,real,Pre,27,Scam,real,27,0
910668,resources/real_fg_memory_images/orig24.jpg,Older,6,real,Post,27,Scam,real,27,0
910668,resources/real_fg_memory_images/orig30.jpg,Older,7,real,Pre,27,Neutral,real,27,0
910668,resources/real_fg_memory_images/orig30.jpg,Older,7,real,Post,27,Neutral,real,27,0
912499,resources/real_fg_memory_images/fg12.jpg,Older,2,artificial,Pre,28,Neutral,artificial,28,0
912499,resources/real_fg_memory_images/fg12.jpg,Older,4,artificial,Post,28,Neutral,artificial,28,0
912499,resources/real_fg_memory_images/fg8.jpg,Older,3,artificial,Post,28,Neutral,artificial,28,0
912499,resources/real_fg_memory_images/fg8.jpg,Older,3,artificial,Pre,28,Neutral,artificial,28,0
912499,resources/real_fg_memory_images/orig21.jpg,Older,6,real,Post,28,Scam,real,28,0
912499,resources/real_fg_memory_images/orig21.jpg,Older,5,real,Pre,28,Scam,real,28,0
912499,resources/real_fg_memory_images/orig22.jpg,Older,4,real,Post,28,Scam,real,28,0
912499,resources/real_fg_memory_images/orig22.jpg,Older,5,real,Pre,28,Scam,real,28,0
912499,resources/real_fg_memory_images/orig25.jpg,Older,6,real,Pre,28,Neutral,real,28,0
912499,resources/real_fg_memory_images/orig25.jpg,Older,4,real,Post,28,Neutral,real,28,0
912499,resources/real_fg_memory_images/orig29.jpg,Older,5,real,Post,28,Neutral,real,28,0
912499,resources/real_fg_memory_images/orig29.jpg,Older,5,real,Pre,28,Neutral,real,28,0
927764,resources/real_fg_memory_images/fg20.jpg,Older,7,artificial,Pre,31,Scam,artificial,31,0
927764,resources/real_fg_memory_images/fg20.jpg,Older,5,artificial,Post,31,Scam,artificial,31,0
927764,resources/real_fg_memory_images/fg21.jpg,Older,9,artificial,Post,31,Scam,artificial,31,0
927764,resources/real_fg_memory_images/fg21.jpg,Older,5,artificial,Pre,31,Scam,artificial,31,0
927764,resources/real_fg_memory_images/fg22.jpg,Older,9,artificial,Pre,31,Scam,artificial,31,0
927764,resources/real_fg_memory_images/fg22.jpg,Older,1,artificial,Post,31,Scam,artificial,31,0
927764,resources/real_fg_memory_images/fg24.jpg,Older,9,artificial,Pre,31,Scam,artificial,31,0
927764,resources/real_fg_memory_images/fg24.jpg,Older,10,artificial,Post,31,Scam,artificial,31,0
927764,resources/real_fg_memory_images/fg29.jpg,Older,7,artificial,Post,31,Neutral,artificial,31,0
927764,resources/real_fg_memory_images/fg29.jpg,Older,8,artificial,Pre,31,Neutral,artificial,31,0
927764,resources/real_fg_memory_images/orig10.jpg,Older,2,real,Post,31,Neutral,real,31,0
927764,resources/real_fg_memory_images/orig10.jpg,Older,6,real,Pre,31,Neutral,real,31,0
927764,resources/real_fg_memory_images/orig12.jpg,Older,2,real,Post,31,Neutral,real,31,0
927764,resources/real_fg_memory_images/orig12.jpg,Older,5,real,Pre,31,Neutral,real,31,0
927764,resources/real_fg_memory_images/orig2.jpg,Older,5,real,Post,31,Scam,real,31,0
927764,resources/real_fg_memory_images/orig2.jpg,Older,6,real,Pre,31,Scam,real,31,0
927764,resources/real_fg_memory_images/orig7.jpg,Older,3,real,Post,31,Neutral,real,31,0
927764,resources/real_fg_memory_images/orig7.jpg,Older,5,real,Pre,31,Neutral,real,31,0
927764,resources/real_fg_memory_images/orig8.jpg,Older,2,real,Post,31,Neutral,real,31,0
927764,resources/real_fg_memory_images/orig8.jpg,Older,3,real,Pre,31,Neutral,real,31,0
927764,resources/real_fg_memory_images/orig9.jpg,Older,3,real,Pre,31,Neutral,real,31,0
927764,resources/real_fg_memory_images/orig9.jpg,Older,1,real,Post,31,Neutral,real,31,0
943767,resources/real_fg_memory_images/fg22.jpg,Older,5,artificial,Pre,27,Scam,artificial,27,0
943767,resources/real_fg_memory_images/fg22.jpg,Older,1,artificial,Post,27,Scam,artificial,27,0
943767,resources/real_fg_memory_images/fg25.jpg,Older,3,artificial,Pre,27,Neutral,artificial,27,0
943767,resources/real_fg_memory_images/fg25.jpg,Older,1,artificial,Post,27,Neutral,artificial,27,0
943767,resources/real_fg_memory_images/fg26.jpg,Older,7,artificial,Pre,27,Neutral,artificial,27,0
943767,resources/real_fg_memory_images/fg26.jpg,Older,1,artificial,Post,27,Neutral,artificial,27,0
943767,resources/real_fg_memory_images/fg27.jpg,Older,1,artificial,Post,27,Neutral,artificial,27,0
943767,resources/real_fg_memory_images/fg27.jpg,Older,5,artificial,Pre,27,Neutral,artificial,27,0
943767,resources/real_fg_memory_images/fg30.jpg,Older,4,artificial,Pre,27,Neutral,artificial,27,0
943767,resources/real_fg_memory_images/fg30.jpg,Older,1,artificial,Post,27,Neutral,artificial,27,0
943767,resources/real_fg_memory_images/orig10.jpg,Older,6,real,Post,27,Neutral,real,27,0
943767,resources/real_fg_memory_images/orig10.jpg,Older,6,real,Pre,27,Neutral,real,27,0
943767,resources/real_fg_memory_images/orig12.jpg,Older,5,real,Pre,27,Neutral,real,27,0
943767,resources/real_fg_memory_images/orig12.jpg,Older,1,real,Post,27,Neutral,real,27,0
943767,resources/real_fg_memory_images/orig2.jpg,Older,6,real,Pre,27,Scam,real,27,0
943767,resources/real_fg_memory_images/orig2.jpg,Older,6,real,Post,27,Scam,real,27,0
943767,resources/real_fg_memory_images/orig4.jpg,Older,6,real,Post,27,Scam,real,27,0
943767,resources/real_fg_memory_images/orig4.jpg,Older,1,real,Pre,27,Scam,real,27,0
943767,resources/real_fg_memory_images/orig5.jpg,Older,2,real,Pre,27,Scam,real,27,0
943767,resources/real_fg_memory_images/orig5.jpg,Older,1,real,Post,27,Scam,real,27,0
943767,resources/real_fg_memory_images/orig6.jpg,Older,4,real,Post,27,Scam,real,27,0
943767,resources/real_fg_memory_images/orig6.jpg,Older,3,real,Pre,27,Scam,real,27,0
943767,resources/real_fg_memory_images/orig8.jpg,Older,4,real,Pre,27,Neutral,real,27,0
943767,resources/real_fg_memory_images/orig8.jpg,Older,3,real,Post,27,Neutral,real,27,0
966235,resources/real_fg_memory_images/fg10.jpg,Older,6,artificial,Pre,23,Scam,artificial,23,0
966235,resources/real_fg_memory_images/fg10.jpg,Older,5,artificial,Post,23,Scam,artificial,23,0
966235,resources/real_fg_memory_images/fg12.jpg,Older,7,artificial,Pre,23,Scam,artificial,23,0
966235,resources/real_fg_memory_images/fg12.jpg,Older,6,artificial,Post,23,Scam,artificial,23,0
966235,resources/real_fg_memory_images/fg2.jpg,Older,2,artificial,Post,23,Neutral,artificial,23,0
966235,resources/real_fg_memory_images/fg2.jpg,Older,3,artificial,Pre,23,Neutral,artificial,23,0
966235,resources/real_fg_memory_images/fg4.jpg,Older,7,artificial,Pre,23,Neutral,artificial,23,0
966235,resources/real_fg_memory_images/fg4.jpg,Older,1,artificial,Post,23,Neutral,artificial,23,0
966235,resources/real_fg_memory_images/fg7.jpg,Older,6,artificial,Pre,23,Scam,artificial,23,0
966235,resources/real_fg_memory_images/fg7.jpg,Older,4,artificial,Post,23,Scam,artificial,23,0
966235,resources/real_fg_memory_images/fg8.jpg,Older,3,artificial,Post,23,Scam,artificial,23,0
966235,resources/real_fg_memory_images/fg8.jpg,Older,4,artificial,Pre,23,Scam,artificial,23,0
966235,resources/real_fg_memory_images/fg9.jpg,Older,6,artificial,Post,23,Scam,artificial,23,0
966235,resources/real_fg_memory_images/fg9.jpg,Older,5,artificial,Pre,23,Scam,artificial,23,0
966235,resources/real_fg_memory_images/orig19.jpg,Older,6,real,Pre,23,Neutral,real,23,0
966235,resources/real_fg_memory_images/orig19.jpg,Older,5,real,Post,23,Neutral,real,23,0
966235,resources/real_fg_memory_images/orig20.jpg,Older,6,real,Post,23,Neutral,real,23,0
966235,resources/real_fg_memory_images/orig20.jpg,Older,4,real,Pre,23,Neutral,real,23,0
966235,resources/real_fg_memory_images/orig22.jpg,Older,6,real,Post,23,Neutral,real,23,0
966235,resources/real_fg_memory_images/orig22.jpg,Older,2,real,Pre,23,Neutral,real,23,0
966235,resources/real_fg_memory_images/orig23.jpg,Older,5,real,Post,23,Neutral,real,23,0
966235,resources/real_fg_memory_images/orig23.jpg,Older,4,real,Pre,23,Neutral,real,23,0
966235,resources/real_fg_memory_images/orig25.jpg,Older,4,real,Post,23,Scam,real,23,0
966235,resources/real_fg_memory_images/orig25.jpg,Older,5,real,Pre,23,Scam,real,23,0
966235,resources/real_fg_memory_images/orig28.jpg,Older,6,real,Pre,23,Scam,real,23,0
966235,resources/real_fg_memory_images/orig28.jpg,Older,7,real,Post,23,Scam,real,23,0
966235,resources/real_fg_memory_images/orig29.jpg,Older,2,real,Pre,23,Scam,real,23,0
966235,resources/real_fg_memory_images/orig29.jpg,Older,5,real,Post,23,Scam,real,23,0
974601,resources/real_fg_memory_images/fg4.jpg,Older,9,artificial,Post,26,Scam,artificial,26,0
974601,resources/real_fg_memory_images/fg4.jpg,Older,5,artificial,Pre,26,Scam,artificial,26,0
974601,resources/real_fg_memory_images/fg6.jpg,Older,9,artificial,Pre,26,Scam,artificial,26,0
974601,resources/real_fg_memory_images/fg6.jpg,Older,10,artificial,Post,26,Scam,artificial,26,0
974601,resources/real_fg_memory_images/fg9.jpg,Older,3,artificial,Post,26,Neutral,artificial,26,0
974601,resources/real_fg_memory_images/fg9.jpg,Older,4,artificial,Pre,26,Neutral,artificial,26,0
974601,resources/real_fg_memory_images/orig20.jpg,Older,4,real,Pre,26,Scam,real,26,0
974601,resources/real_fg_memory_images/orig20.jpg,Older,5,real,Post,26,Scam,real,26,0
974601,resources/real_fg_memory_images/orig21.jpg,Older,3,real,Pre,26,Scam,real,26,0
974601,resources/real_fg_memory_images/orig21.jpg,Older,4,real,Post,26,Scam,real,26,0
974601,resources/real_fg_memory_images/orig22.jpg,Older,1,real,Post,26,Scam,real,26,0
974601,resources/real_fg_memory_images/orig22.jpg,Older,2,real,Pre,26,Scam,real,26,0
974601,resources/real_fg_memory_images/orig23.jpg,Older,4,real,Pre,26,Scam,real,26,0
974601,resources/real_fg_memory_images/orig23.jpg,Older,5,real,Post,26,Scam,real,26,0
974601,resources/real_fg_memory_images/orig27.jpg,Older,3,real,Pre,26,Neutral,real,26,0
974601,resources/real_fg_memory_images/orig27.jpg,Older,2,real,Post,26,Neutral,real,26,0
974705,resources/real_fg_memory_images/fg19.jpg,Older,6,artificial,Post,25,Neutral,artificial,25,0
974705,resources/real_fg_memory_images/fg19.jpg,Older,4,artificial,Pre,25,Neutral,artificial,25,0
974705,resources/real_fg_memory_images/fg20.jpg,Older,7,artificial,Post,25,Neutral,artificial,25,0
974705,resources/real_fg_memory_images/fg20.jpg,Older,3,artificial,Pre,25,Neutral,artificial,25,0
974705,resources/real_fg_memory_images/fg21.jpg,Older,4,artificial,Post,25,Neutral,artificial,25,0
974705,resources/real_fg_memory_images/fg21.jpg,Older,3,artificial,Pre,25,Neutral,artificial,25,0
974705,resources/real_fg_memory_images/fg23.jpg,Older,5,artificial,Post,25,Neutral,artificial,25,0
974705,resources/real_fg_memory_images/fg23.jpg,Older,4,artificial,Pre,25,Neutral,artificial,25,0
974705,resources/real_fg_memory_images/fg25.jpg,Older,4,artificial,Pre,25,Scam,artificial,25,0
974705,resources/real_fg_memory_images/fg25.jpg,Older,4,artificial,Post,25,Scam,artificial,25,0
974705,resources/real_fg_memory_images/fg26.jpg,Older,4,artificial,Post,25,Scam,artificial,25,0
974705,resources/real_fg_memory_images/fg26.jpg,Older,5,artificial,Pre,25,Scam,artificial,25,0
974705,resources/real_fg_memory_images/fg28.jpg,Older,7,artificial,Post,25,Scam,artificial,25,0
974705,resources/real_fg_memory_images/fg28.jpg,Older,5,artificial,Pre,25,Scam,artificial,25,0
974705,resources/real_fg_memory_images/fg30.jpg,Older,7,artificial,Post,25,Scam,artificial,25,0
974705,resources/real_fg_memory_images/fg30.jpg,Older,4,artificial,Pre,25,Scam,artificial,25,0
974705,resources/real_fg_memory_images/orig1.jpg,Older,3,real,Pre,25,Neutral,real,25,0
974705,resources/real_fg_memory_images/orig1.jpg,Older,3,real,Post,25,Neutral,real,25,0
974705,resources/real_fg_memory_images/orig10.jpg,Older,2,real,Pre,25,Scam,real,25,0
974705,resources/real_fg_memory_images/orig10.jpg,Older,4,real,Post,25,Scam,real,25,0
974705,resources/real_fg_memory_images/orig11.jpg,Older,7,real,Post,25,Scam,real,25,0
974705,resources/real_fg_memory_images/orig11.jpg,Older,5,real,Pre,25,Scam,real,25,0
974705,resources/real_fg_memory_images/orig12.jpg,Older,3,real,Pre,25,Scam,real,25,0
974705,resources/real_fg_memory_images/orig12.jpg,Older,5,real,Post,25,Scam,real,25,0
974705,resources/real_fg_memory_images/orig3.jpg,Older,3,real,Post,25,Neutral,real,25,0
974705,resources/real_fg_memory_images/orig3.jpg,Older,3,real,Pre,25,Neutral,real,25,0
974705,resources/real_fg_memory_images/orig5.jpg,Older,2,real,Pre,25,Neutral,real,25,0
974705,resources/real_fg_memory_images/orig5.jpg,Older,3,real,Post,25,Neutral,real,25,0
974705,resources/real_fg_memory_images/orig7.jpg,Older,4,real,Post,25,Scam,real,25,0
974705,resources/real_fg_memory_images/orig7.jpg,Older,4,real,Pre,25,Scam,real,25,0
983001,resources/real_fg_memory_images/fg21.jpg,Older,0,artificial,Post,31,Neutral,artificial,31,0
983001,resources/real_fg_memory_images/fg21.jpg,Older,3,artificial,Pre,31,Neutral,artificial,31,0
983001,resources/real_fg_memory_images/fg22.jpg,Older,8,artificial,Pre,31,Neutral,artificial,31,0
983001,resources/real_fg_memory_images/fg22.jpg,Older,2,artificial,Post,31,Neutral,artificial,31,0
983001,resources/real_fg_memory_images/fg25.jpg,Older,8,artificial,Post,31,Scam,artificial,31,0
983001,resources/real_fg_memory_images/fg25.jpg,Older,3,artificial,Pre,31,Scam,artificial,31,0
983001,resources/real_fg_memory_images/fg30.jpg,Older,0,artificial,Post,31,Scam,artificial,31,0
983001,resources/real_fg_memory_images/fg30.jpg,Older,9,artificial,Pre,31,Scam,artificial,31,0
983001,resources/real_fg_memory_images/orig12.jpg,Older,6,real,Pre,31,Scam,real,31,0
983001,resources/real_fg_memory_images/orig12.jpg,Older,10,real,Post,31,Scam,real,31,0
983001,resources/real_fg_memory_images/orig3.jpg,Older,4,real,Pre,31,Neutral,real,31,0
983001,resources/real_fg_memory_images/orig3.jpg,Older,0,real,Post,31,Neutral,real,31,0
983001,resources/real_fg_memory_images/orig9.jpg,Older,4,real,Pre,31,Scam,real,31,0
983001,resources/real_fg_memory_images/orig9.jpg,Older,8,real,Post,31,Scam,real,31,0
