"","participant","textbox_comp.text","figure2","Type","type","label2","button_selections_test","textbox_comp_2.text","slider1.response","ss_question","Gender","textboxAge.text"
"1","011861",NA,NA,NA,NA,NA,NA,NA,NA,NA,NA,NA
"2","011861",NA,NA,NA,NA,NA,NA,NA,NA,NA,NA,NA
"3","011861",NA,NA,NA,NA,NA,NA,NA,NA,NA,NA,NA
"4","011861",NA,NA,NA,NA,NA,NA,NA,NA,NA,NA,NA
"5","011861",6,"resources/real_fg_memory_images/fg29.jpg","artificial",NA,NA,NA,NA,NA,NA,NA,NA
"6","011861",5,"resources/real_fg_memory_images/fg31.jpg","artificial",NA,NA,NA,NA,NA,NA,NA,NA
"7","011861",4,"resources/real_fg_memory_images/fg25.jpg","artificial",NA,NA,NA,NA,NA,NA,NA,NA
"8","011861",5,"resources/real_fg_memory_images/fg23.jpg","artificial",NA,NA,NA,NA,NA,NA,NA,NA
"9","011861",2,"resources/real_fg_memory_images/fg32.jpg","artificial",NA,NA,NA,NA,NA,NA,NA,NA
"10","011861",1,"resources/real_fg_memory_images/orig4.jpg","real",NA,NA,NA,NA,NA,NA,NA,NA
"11","011861",4,"resources/real_fg_memory_images/fg20.jpg","artificial",NA,NA,NA,NA,NA,NA,NA,NA
"12","011861",4,"resources/real_fg_memory_images/orig18.jpg","real",NA,NA,NA,NA,NA,NA,NA,NA
"13","011861",5,"resources/real_fg_memory_images/orig1.jpg","real",NA,NA,NA,NA,NA,NA,NA,NA
"14","011861",6,"resources/real_fg_memory_images/fg27.jpg","artificial",NA,NA,NA,NA,NA,NA,NA,NA
"15","011861",8,"resources/real_fg_memory_images/orig6.jpg","real",NA,NA,NA,NA,NA,NA,NA,NA
"16","011861",6,"resources/real_fg_memory_images/orig14.jpg","real",NA,NA,NA,NA,NA,NA,NA,NA
"17","011861",1,"resources/real_fg_memory_images/orig8.jpg","real",NA,NA,NA,NA,NA,NA,NA,NA
"18","011861",7,"resources/real_fg_memory_images/fg36.jpg","artificial",NA,NA,NA,NA,NA,NA,NA,NA
"19","011861",4,"resources/real_fg_memory_images/orig15.jpg","real",NA,NA,NA,NA,NA,NA,NA,NA
"20","011861",2,"resources/real_fg_memory_images/orig12.jpg","real",NA,NA,NA,NA,NA,NA,NA,NA
"21","011861",7,"resources/real_fg_memory_images/fg28.jpg","artificial",NA,NA,NA,NA,NA,NA,NA,NA
"22","011861",6,"resources/real_fg_memory_images/fg19.jpg","artificial",NA,NA,NA,NA,NA,NA,NA,NA
"23","011861",7,"resources/real_fg_memory_images/orig5.jpg","real",NA,NA,NA,NA,NA,NA,NA,NA
"24","011861",3,"resources/real_fg_memory_images/orig3.jpg","real",NA,NA,NA,NA,NA,NA,NA,NA
"25","011861",3,"resources/real_fg_memory_images/fg30.jpg","artificial",NA,NA,NA,NA,NA,NA,NA,NA
"26","011861",7,"resources/real_fg_memory_images/fg34.jpg","artificial",NA,NA,NA,NA,NA,NA,NA,NA
"27","011861",6,"resources/real_fg_memory_images/fg26.jpg","artificial",NA,NA,NA,NA,NA,NA,NA,NA
"28","011861",2,"resources/real_fg_memory_images/orig13.jpg","real",NA,NA,NA,NA,NA,NA,NA,NA
"29","011861",9,"resources/real_fg_memory_images/orig16.jpg","real",NA,NA,NA,NA,NA,NA,NA,NA
"30","011861",4,"resources/real_fg_memory_images/fg24.jpg","artificial",NA,NA,NA,NA,NA,NA,NA,NA
"31","011861",4,"resources/real_fg_memory_images/orig17.jpg","real",NA,NA,NA,NA,NA,NA,NA,NA
"32","011861",8,"resources/real_fg_memory_images/orig2.jpg","real",NA,NA,NA,NA,NA,NA,NA,NA
"33","011861",8,"resources/real_fg_memory_images/orig10.jpg","real",NA,NA,NA,NA,NA,NA,NA,NA
"34","011861",4,"resources/real_fg_memory_images/fg21.jpg","artificial",NA,NA,NA,NA,NA,NA,NA,NA
"35","011861",6,"resources/real_fg_memory_images/fg22.jpg","artificial",NA,NA,NA,NA,NA,NA,NA,NA
"36","011861",7,"resources/real_fg_memory_images/orig7.jpg","real",NA,NA,NA,NA,NA,NA,NA,NA
"37","011861",6,"resources/real_fg_memory_images/fg33.jpg","artificial",NA,NA,NA,NA,NA,NA,NA,NA
"38","011861",5,"resources/real_fg_memory_images/orig11.jpg","real",NA,NA,NA,NA,NA,NA,NA,NA
"39","011861",2,"resources/real_fg_memory_images/orig9.jpg","real",NA,NA,NA,NA,NA,NA,NA,NA
"40","011861",4,"resources/real_fg_memory_images/fg35.jpg","artificial",NA,NA,NA,NA,NA,NA,NA,NA
"41","011861",NA,NA,NA,NA,NA,NA,NA,NA,NA,NA,NA
"42","011861",NA,"resources/real_fg_memory_images/fg23.jpg",NA,"artificial","Neutral",NA,NA,NA,NA,NA,NA
"43","011861",NA,"resources/real_fg_memory_images/orig2.jpg",NA,"real","Neutral",NA,NA,NA,NA,NA,NA
"44","011861",NA,"resources/real_fg_memory_images/fg30.jpg",NA,"artificial","Scam",NA,NA,NA,NA,NA,NA
"45","011861",NA,"resources/real_fg_memory_images/orig6.jpg",NA,"real","Neutral",NA,NA,NA,NA,NA,NA
"46","011861",NA,"resources/real_fg_memory_images/fg25.jpg",NA,"artificial","Scam",NA,NA,NA,NA,NA,NA
"47","011861",NA,"resources/real_fg_memory_images/fg19.jpg",NA,"artificial","Neutral",NA,NA,NA,NA,NA,NA
"48","011861",NA,"resources/real_fg_memory_images/orig8.jpg",NA,"real","Scam",NA,NA,NA,NA,NA,NA
"49","011861",NA,"resources/real_fg_memory_images/orig10.jpg",NA,"real","Scam",NA,NA,NA,NA,NA,NA
"50","011861",NA,"resources/real_fg_memory_images/fg20.jpg",NA,"artificial","Neutral",NA,NA,NA,NA,NA,NA
"51","011861",NA,"resources/real_fg_memory_images/fg21.jpg",NA,"artificial","Neutral",NA,NA,NA,NA,NA,NA
"52","011861",NA,"resources/real_fg_memory_images/orig9.jpg",NA,"real","Scam",NA,NA,NA,NA,NA,NA
"53","011861",NA,"resources/real_fg_memory_images/orig3.jpg",NA,"real","Neutral",NA,NA,NA,NA,NA,NA
"54","011861",NA,"resources/real_fg_memory_images/orig1.jpg",NA,"real","Neurtal",NA,NA,NA,NA,NA,NA
"55","011861",NA,"resources/real_fg_memory_images/fg27.jpg",NA,"artificial","Scam",NA,NA,NA,NA,NA,NA
"56","011861",NA,"resources/real_fg_memory_images/fg28.jpg",NA,"artificial","Scam",NA,NA,NA,NA,NA,NA
"57","011861",NA,"resources/real_fg_memory_images/fg24.jpg",NA,"artificial","Neutral",NA,NA,NA,NA,NA,NA
"58","011861",NA,"resources/real_fg_memory_images/orig12.jpg",NA,"real","Scam",NA,NA,NA,NA,NA,NA
"59","011861",NA,"resources/real_fg_memory_images/fg26.jpg",NA,"artificial","Scam",NA,NA,NA,NA,NA,NA
"60","011861",NA,"resources/real_fg_memory_images/fg22.jpg",NA,"artificial","Neutral",NA,NA,NA,NA,NA,NA
"61","011861",NA,"resources/real_fg_memory_images/orig11.jpg",NA,"real","Scam",NA,NA,NA,NA,NA,NA
"62","011861",NA,"resources/real_fg_memory_images/orig7.jpg",NA,"real","Scam",NA,NA,NA,NA,NA,NA
"63","011861",NA,"resources/real_fg_memory_images/fg29.jpg",NA,"artificial","Scam",NA,NA,NA,NA,NA,NA
"64","011861",NA,"resources/real_fg_memory_images/orig5.jpg",NA,"real","Neutral",NA,NA,NA,NA,NA,NA
"65","011861",NA,"resources/real_fg_memory_images/orig4.jpg",NA,"real","Neutral",NA,NA,NA,NA,NA,NA
"66","011861",NA,NA,NA,NA,NA,NA,NA,NA,NA,NA,NA
"67","011861",NA,"resources/real_fg_memory_images/fg19.jpg",NA,"artificial","Neutral","[""scam_button""]","8",NA,NA,NA,NA
"68","011861",NA,"resources/real_fg_memory_images/orig6.jpg",NA,"real","Neutral","[""neutral_button""]","8",NA,NA,NA,NA
"69","011861",NA,"resources/real_fg_memory_images/orig2.jpg",NA,"real","Neutral","[""scam_button""]","9",NA,NA,NA,NA
"70","011861",NA,"resources/real_fg_memory_images/fg27.jpg",NA,"artificial","Scam","[""neutral_button""]","9",NA,NA,NA,NA
"71","011861",NA,"resources/real_fg_memory_images/orig10.jpg",NA,"real","Scam","[""scam_button""]","10",NA,NA,NA,NA
"72","011861",NA,"resources/real_fg_memory_images/fg20.jpg",NA,"artificial","Neutral","[""neutral_button""]","10",NA,NA,NA,NA
"73","011861",NA,"resources/real_fg_memory_images/orig12.jpg",NA,"real","Scam","[""scam_button""]","9",NA,NA,NA,NA
"74","011861",NA,"resources/real_fg_memory_images/fg26.jpg",NA,"artificial","Scam","[""scam_button""]","9",NA,NA,NA,NA
"75","011861",NA,"resources/real_fg_memory_images/orig5.jpg",NA,"real","Neutral","[""scam_button""]","9",NA,NA,NA,NA
"76","011861",NA,"resources/real_fg_memory_images/orig1.jpg",NA,"real","Neurtal","[""neutral_button""]","8",NA,NA,NA,NA
"77","011861",NA,"resources/real_fg_memory_images/orig11.jpg",NA,"real","Scam","[""neutral_button""]","9",NA,NA,NA,NA
"78","011861",NA,"resources/real_fg_memory_images/fg29.jpg",NA,"artificial","Scam","[""neutral_button""]","8",NA,NA,NA,NA
"79","011861",NA,"resources/real_fg_memory_images/orig7.jpg",NA,"real","Scam","[""neutral_button""]","9",NA,NA,NA,NA
"80","011861",NA,"resources/real_fg_memory_images/fg22.jpg",NA,"artificial","Neutral","[""neutral_button""]","10",NA,NA,NA,NA
"81","011861",NA,"resources/real_fg_memory_images/orig9.jpg",NA,"real","Scam","[""scam_button""]","9",NA,NA,NA,NA
"82","011861",NA,"resources/real_fg_memory_images/fg30.jpg",NA,"artificial","Scam","[""neutral_button""]","10",NA,NA,NA,NA
"83","011861",NA,"resources/real_fg_memory_images/fg28.jpg",NA,"artificial","Scam","[""neutral_button""]","10",NA,NA,NA,NA
"84","011861",NA,"resources/real_fg_memory_images/fg23.jpg",NA,"artificial","Neutral","[""scam_button""]","10",NA,NA,NA,NA
"85","011861",NA,"resources/real_fg_memory_images/fg25.jpg",NA,"artificial","Scam","[""neutral_button""]","9",NA,NA,NA,NA
"86","011861",NA,"resources/real_fg_memory_images/fg21.jpg",NA,"artificial","Neutral","[""scam_button""]","8",NA,NA,NA,NA
"87","011861",NA,"resources/real_fg_memory_images/orig4.jpg",NA,"real","Neutral","[""neutral_button""]","8",NA,NA,NA,NA
"88","011861",NA,"resources/real_fg_memory_images/orig3.jpg",NA,"real","Neutral","[""neutral_button""]","10",NA,NA,NA,NA
"89","011861",NA,"resources/real_fg_memory_images/orig8.jpg",NA,"real","Scam","[""scam_button""]","10",NA,NA,NA,NA
"90","011861",NA,"resources/real_fg_memory_images/fg24.jpg",NA,"artificial","Neutral","[""neutral_button""]","8",NA,NA,NA,NA
"91","011861",NA,NA,NA,NA,NA,NA,NA,NA,NA,NA,NA
"92","011861",8,"resources/real_fg_memory_images/fg25.jpg","artificial",NA,NA,NA,NA,NA,NA,NA,NA
"93","011861",7,"resources/real_fg_memory_images/orig9.jpg","real",NA,NA,NA,NA,NA,NA,NA,NA
"94","011861",1,"resources/real_fg_memory_images/orig8.jpg","real",NA,NA,NA,NA,NA,NA,NA,NA
"95","011861",7,"resources/real_fg_memory_images/orig7.jpg","real",NA,NA,NA,NA,NA,NA,NA,NA
"96","011861",8,"resources/real_fg_memory_images/fg28.jpg","artificial",NA,NA,NA,NA,NA,NA,NA,NA
"97","011861",3,"resources/real_fg_memory_images/fg23.jpg","artificial",NA,NA,NA,NA,NA,NA,NA,NA
"98","011861",5,"resources/real_fg_memory_images/fg30.jpg","artificial",NA,NA,NA,NA,NA,NA,NA,NA
"99","011861",5,"resources/real_fg_memory_images/fg27.jpg","artificial",NA,NA,NA,NA,NA,NA,NA,NA
"100","011861",4,"resources/real_fg_memory_images/orig6.jpg","real",NA,NA,NA,NA,NA,NA,NA,NA
"101","011861",2,"resources/real_fg_memory_images/orig1.jpg","real",NA,NA,NA,NA,NA,NA,NA,NA
"102","011861",10,"resources/real_fg_memory_images/orig10.jpg","real",NA,NA,NA,NA,NA,NA,NA,NA
"103","011861",6,"resources/real_fg_memory_images/fg36.jpg","artificial",NA,NA,NA,NA,NA,NA,NA,NA
"104","011861",1,"resources/real_fg_memory_images/fg34.jpg","artificial",NA,NA,NA,NA,NA,NA,NA,NA
"105","011861",3,"resources/real_fg_memory_images/fg35.jpg","artificial",NA,NA,NA,NA,NA,NA,NA,NA
"106","011861",8,"resources/real_fg_memory_images/orig2.jpg","real",NA,NA,NA,NA,NA,NA,NA,NA
"107","011861",2,"resources/real_fg_memory_images/fg31.jpg","artificial",NA,NA,NA,NA,NA,NA,NA,NA
"108","011861",5,"resources/real_fg_memory_images/orig16.jpg","real",NA,NA,NA,NA,NA,NA,NA,NA
"109","011861",6,"resources/real_fg_memory_images/fg33.jpg","artificial",NA,NA,NA,NA,NA,NA,NA,NA
"110","011861",7,"resources/real_fg_memory_images/orig17.jpg","real",NA,NA,NA,NA,NA,NA,NA,NA
"111","011861",3,"resources/real_fg_memory_images/orig18.jpg","real",NA,NA,NA,NA,NA,NA,NA,NA
"112","011861",9,"resources/real_fg_memory_images/fg24.jpg","artificial",NA,NA,NA,NA,NA,NA,NA,NA
"113","011861",6,"resources/real_fg_memory_images/fg22.jpg","artificial",NA,NA,NA,NA,NA,NA,NA,NA
"114","011861",3,"resources/real_fg_memory_images/fg21.jpg","artificial",NA,NA,NA,NA,NA,NA,NA,NA
"115","011861",3,"resources/real_fg_memory_images/fg32.jpg","artificial",NA,NA,NA,NA,NA,NA,NA,NA
"116","011861",6,"resources/real_fg_memory_images/orig3.jpg","real",NA,NA,NA,NA,NA,NA,NA,NA
"117","011861",2,"resources/real_fg_memory_images/orig13.jpg","real",NA,NA,NA,NA,NA,NA,NA,NA
"118","011861",6,"resources/real_fg_memory_images/fg29.jpg","artificial",NA,NA,NA,NA,NA,NA,NA,NA
"119","011861",7,"resources/real_fg_memory_images/orig5.jpg","real",NA,NA,NA,NA,NA,NA,NA,NA
"120","011861",4,"resources/real_fg_memory_images/fg19.jpg","artificial",NA,NA,NA,NA,NA,NA,NA,NA
"121","011861",2,"resources/real_fg_memory_images/fg26.jpg","artificial",NA,NA,NA,NA,NA,NA,NA,NA
"122","011861",8,"resources/real_fg_memory_images/orig15.jpg","real",NA,NA,NA,NA,NA,NA,NA,NA
"123","011861",5,"resources/real_fg_memory_images/fg20.jpg","artificial",NA,NA,NA,NA,NA,NA,NA,NA
"124","011861",5,"resources/real_fg_memory_images/orig14.jpg","real",NA,NA,NA,NA,NA,NA,NA,NA
"125","011861",7,"resources/real_fg_memory_images/orig11.jpg","real",NA,NA,NA,NA,NA,NA,NA,NA
"126","011861",7,"resources/real_fg_memory_images/orig4.jpg","real",NA,NA,NA,NA,NA,NA,NA,NA
"127","011861",1,"resources/real_fg_memory_images/orig12.jpg","real",NA,NA,NA,NA,NA,NA,NA,NA
"128","011861",NA,NA,NA,NA,NA,NA,NA,NA,NA,NA,NA
"129","011861",NA,NA,NA,NA,NA,NA,NA,4,"If a telemarketer calls me, I usually listen to what they have to say",NA,NA
"130","011861",NA,NA,NA,NA,NA,NA,NA,5,"I answer the phone whenever it rings, even if I do not know who is calling",NA,NA
"131","011861",NA,NA,NA,NA,NA,NA,NA,2,"I have difficulty ending a phone call, even if the caller is a telemarketer, someone I do not know, or someone I do not wish to call me",NA,NA
"132","011861",NA,NA,NA,NA,NA,NA,NA,3,"Persons over the age of 65 are often targeted by con-artists",NA,NA
"133","011861",NA,NA,NA,NA,NA,NA,NA,4,"If something sounds too good to be true, it usually is",NA,NA
"134","011861",NA,NA,NA,NA,NA,NA,NA,NA,NA,NA,NA
"135","011861",NA,NA,NA,NA,NA,NA,NA,NA,NA,"[""male_option""]",NA
"136","011861",NA,NA,NA,NA,NA,NA,NA,NA,NA,NA,67
"137","011861",NA,NA,NA,NA,NA,NA,NA,NA,NA,NA,NA
"138","011861",NA,NA,NA,NA,NA,NA,NA,NA,NA,NA,NA
"139","011861",NA,NA,NA,NA,NA,NA,NA,NA,NA,NA,NA
"140","011861",NA,NA,NA,NA,NA,NA,NA,NA,NA,NA,NA
"141","011861",NA,NA,NA,NA,NA,NA,NA,NA,NA,NA,NA
"142","011861",NA,NA,NA,NA,NA,NA,NA,NA,NA,NA,NA
"143","011861",NA,NA,NA,NA,NA,NA,NA,NA,NA,NA,NA
"144","011861",NA,NA,NA,NA,NA,NA,NA,NA,NA,NA,NA
"145","011861",NA,NA,NA,NA,NA,NA,NA,NA,NA,NA,NA
"146","011861",NA,NA,NA,NA,NA,NA,NA,NA,NA,NA,NA
"147","044533",NA,NA,NA,NA,NA,NA,NA,NA,NA,NA,NA
"148","044533",NA,NA,NA,NA,NA,NA,NA,NA,NA,NA,NA
"149","044533",NA,NA,NA,NA,NA,NA,NA,NA,NA,NA,NA
"150","044533",NA,NA,NA,NA,NA,NA,NA,NA,NA,NA,NA
"151","044533",4,"resources/real_fg_memory_images/orig1.jpg","real",NA,NA,NA,NA,NA,NA,NA,NA
"152","044533",2,"resources/real_fg_memory_images/fg23.jpg","artificial",NA,NA,NA,NA,NA,NA,NA,NA
"153","044533",7,"resources/real_fg_memory_images/fg19.jpg","artificial",NA,NA,NA,NA,NA,NA,NA,NA
"154","044533",9,"resources/real_fg_memory_images/fg33.jpg","artificial",NA,NA,NA,NA,NA,NA,NA,NA
"155","044533",10,"resources/real_fg_memory_images/orig3.jpg","real",NA,NA,NA,NA,NA,NA,NA,NA
"156","044533",7,"resources/real_fg_memory_images/orig5.jpg","real",NA,NA,NA,NA,NA,NA,NA,NA
"157","044533",6,"resources/real_fg_memory_images/orig8.jpg","real",NA,NA,NA,NA,NA,NA,NA,NA
"158","044533",8,"resources/real_fg_memory_images/orig11.jpg","real",NA,NA,NA,NA,NA,NA,NA,NA
"159","044533",6,"resources/real_fg_memory_images/fg27.jpg","artificial",NA,NA,NA,NA,NA,NA,NA,NA
"160","044533",9,"resources/real_fg_memory_images/fg34.jpg","artificial",NA,NA,NA,NA,NA,NA,NA,NA
"161","044533",7,"resources/real_fg_memory_images/fg32.jpg","artificial",NA,NA,NA,NA,NA,NA,NA,NA
"162","044533",4,"resources/real_fg_memory_images/orig9.jpg","real",NA,NA,NA,NA,NA,NA,NA,NA
"163","044533",8,"resources/real_fg_memory_images/fg22.jpg","artificial",NA,NA,NA,NA,NA,NA,NA,NA
"164","044533",7,"resources/real_fg_memory_images/orig12.jpg","real",NA,NA,NA,NA,NA,NA,NA,NA
"165","044533",4,"resources/real_fg_memory_images/fg25.jpg","artificial",NA,NA,NA,NA,NA,NA,NA,NA
"166","044533",8,"resources/real_fg_memory_images/orig4.jpg","real",NA,NA,NA,NA,NA,NA,NA,NA
"167","044533",5,"resources/real_fg_memory_images/fg21.jpg","artificial",NA,NA,NA,NA,NA,NA,NA,NA
"168","044533",3,"resources/real_fg_memory_images/orig13.jpg","real",NA,NA,NA,NA,NA,NA,NA,NA
"169","044533",6,"resources/real_fg_memory_images/orig10.jpg","real",NA,NA,NA,NA,NA,NA,NA,NA
"170","044533",3,"resources/real_fg_memory_images/fg36.jpg","artificial",NA,NA,NA,NA,NA,NA,NA,NA
"171","044533",2,"resources/real_fg_memory_images/orig2.jpg","real",NA,NA,NA,NA,NA,NA,NA,NA
"172","044533",7,"resources/real_fg_memory_images/fg24.jpg","artificial",NA,NA,NA,NA,NA,NA,NA,NA
"173","044533",5,"resources/real_fg_memory_images/fg30.jpg","artificial",NA,NA,NA,NA,NA,NA,NA,NA
"174","044533",3,"resources/real_fg_memory_images/orig18.jpg","real",NA,NA,NA,NA,NA,NA,NA,NA
"175","044533",2,"resources/real_fg_memory_images/fg26.jpg","artificial",NA,NA,NA,NA,NA,NA,NA,NA
"176","044533",2,"resources/real_fg_memory_images/fg35.jpg","artificial",NA,NA,NA,NA,NA,NA,NA,NA
"177","044533",8,"resources/real_fg_memory_images/orig17.jpg","real",NA,NA,NA,NA,NA,NA,NA,NA
"178","044533",3,"resources/real_fg_memory_images/fg28.jpg","artificial",NA,NA,NA,NA,NA,NA,NA,NA
"179","044533",3,"resources/real_fg_memory_images/orig14.jpg","real",NA,NA,NA,NA,NA,NA,NA,NA
"180","044533",6,"resources/real_fg_memory_images/orig7.jpg","real",NA,NA,NA,NA,NA,NA,NA,NA
"181","044533",7,"resources/real_fg_memory_images/orig6.jpg","real",NA,NA,NA,NA,NA,NA,NA,NA
"182","044533",4,"resources/real_fg_memory_images/orig15.jpg","real",NA,NA,NA,NA,NA,NA,NA,NA
"183","044533",9,"resources/real_fg_memory_images/orig16.jpg","real",NA,NA,NA,NA,NA,NA,NA,NA
"184","044533",6,"resources/real_fg_memory_images/fg31.jpg","artificial",NA,NA,NA,NA,NA,NA,NA,NA
"185","044533",7,"resources/real_fg_memory_images/fg29.jpg","artificial",NA,NA,NA,NA,NA,NA,NA,NA
"186","044533",4,"resources/real_fg_memory_images/fg20.jpg","artificial",NA,NA,NA,NA,NA,NA,NA,NA
"187","044533",NA,NA,NA,NA,NA,NA,NA,NA,NA,NA,NA
"188","044533",NA,"resources/real_fg_memory_images/fg28.jpg",NA,"artificial","Scam",NA,NA,NA,NA,NA,NA
"189","044533",NA,"resources/real_fg_memory_images/orig7.jpg",NA,"real","Scam",NA,NA,NA,NA,NA,NA
"190","044533",NA,"resources/real_fg_memory_images/orig11.jpg",NA,"real","Scam",NA,NA,NA,NA,NA,NA
"191","044533",NA,"resources/real_fg_memory_images/fg25.jpg",NA,"artificial","Scam",NA,NA,NA,NA,NA,NA
"192","044533",NA,"resources/real_fg_memory_images/orig2.jpg",NA,"real","Neutral",NA,NA,NA,NA,NA,NA
"193","044533",NA,"resources/real_fg_memory_images/fg21.jpg",NA,"artificial","Neutral",NA,NA,NA,NA,NA,NA
"194","044533",NA,"resources/real_fg_memory_images/fg30.jpg",NA,"artificial","Scam",NA,NA,NA,NA,NA,NA
"195","044533",NA,"resources/real_fg_memory_images/fg24.jpg",NA,"artificial","Neutral",NA,NA,NA,NA,NA,NA
"196","044533",NA,"resources/real_fg_memory_images/fg22.jpg",NA,"artificial","Neutral",NA,NA,NA,NA,NA,NA
"197","044533",NA,"resources/real_fg_memory_images/orig9.jpg",NA,"real","Scam",NA,NA,NA,NA,NA,NA
"198","044533",NA,"resources/real_fg_memory_images/orig1.jpg",NA,"real","Neurtal",NA,NA,NA,NA,NA,NA
"199","044533",NA,"resources/real_fg_memory_images/orig8.jpg",NA,"real","Scam",NA,NA,NA,NA,NA,NA
"200","044533",NA,"resources/real_fg_memory_images/fg19.jpg",NA,"artificial","Neutral",NA,NA,NA,NA,NA,NA
"201","044533",NA,"resources/real_fg_memory_images/orig12.jpg",NA,"real","Scam",NA,NA,NA,NA,NA,NA
"202","044533",NA,"resources/real_fg_memory_images/fg27.jpg",NA,"artificial","Scam",NA,NA,NA,NA,NA,NA
"203","044533",NA,"resources/real_fg_memory_images/orig10.jpg",NA,"real","Scam",NA,NA,NA,NA,NA,NA
"204","044533",NA,"resources/real_fg_memory_images/orig3.jpg",NA,"real","Neutral",NA,NA,NA,NA,NA,NA
"205","044533",NA,"resources/real_fg_memory_images/fg23.jpg",NA,"artificial","Neutral",NA,NA,NA,NA,NA,NA
"206","044533",NA,"resources/real_fg_memory_images/orig6.jpg",NA,"real","Neutral",NA,NA,NA,NA,NA,NA
"207","044533",NA,"resources/real_fg_memory_images/fg29.jpg",NA,"artificial","Scam",NA,NA,NA,NA,NA,NA
"208","044533",NA,"resources/real_fg_memory_images/fg26.jpg",NA,"artificial","Scam",NA,NA,NA,NA,NA,NA
"209","044533",NA,"resources/real_fg_memory_images/fg20.jpg",NA,"artificial","Neutral",NA,NA,NA,NA,NA,NA
"210","044533",NA,"resources/real_fg_memory_images/orig4.jpg",NA,"real","Neutral",NA,NA,NA,NA,NA,NA
"211","044533",NA,"resources/real_fg_memory_images/orig5.jpg",NA,"real","Neutral",NA,NA,NA,NA,NA,NA
"212","044533",NA,NA,NA,NA,NA,NA,NA,NA,NA,NA,NA
"213","044533",NA,"resources/real_fg_memory_images/orig4.jpg",NA,"real","Neutral","[""neutral_button""]","8",NA,NA,NA,NA
"214","044533",NA,"resources/real_fg_memory_images/orig12.jpg",NA,"real","Scam","[""neutral_button""]","7",NA,NA,NA,NA
"215","044533",NA,"resources/real_fg_memory_images/fg22.jpg",NA,"artificial","Neutral","[""scam_button""]","8",NA,NA,NA,NA
"216","044533",NA,"resources/real_fg_memory_images/orig6.jpg",NA,"real","Neutral","[""neutral_button""]","6",NA,NA,NA,NA
"217","044533",NA,"resources/real_fg_memory_images/orig5.jpg",NA,"real","Neutral","[""scam_button""]","7",NA,NA,NA,NA
"218","044533",NA,"resources/real_fg_memory_images/orig7.jpg",NA,"real","Scam","[""scam_button""]","8",NA,NA,NA,NA
"219","044533",NA,"resources/real_fg_memory_images/fg25.jpg",NA,"artificial","Scam","[""scam_button""]","10",NA,NA,NA,NA
"220","044533",NA,"resources/real_fg_memory_images/fg20.jpg",NA,"artificial","Neutral","[""scam_button""]","9",NA,NA,NA,NA
"221","044533",NA,"resources/real_fg_memory_images/fg21.jpg",NA,"artificial","Neutral","[""neutral_button""]","7",NA,NA,NA,NA
"222","044533",NA,"resources/real_fg_memory_images/orig3.jpg",NA,"real","Neutral","[""neutral_button""]","10",NA,NA,NA,NA
"223","044533",NA,"resources/real_fg_memory_images/orig10.jpg",NA,"real","Scam","[""scam_button""]","6",NA,NA,NA,NA
"224","044533",NA,"resources/real_fg_memory_images/orig2.jpg",NA,"real","Neutral","[""neutral_button""]","7",NA,NA,NA,NA
"225","044533",NA,"resources/real_fg_memory_images/orig11.jpg",NA,"real","Scam","[""scam_button""]","9",NA,NA,NA,NA
"226","044533",NA,"resources/real_fg_memory_images/fg19.jpg",NA,"artificial","Neutral","[""neutral_button""]","7",NA,NA,NA,NA
"227","044533",NA,"resources/real_fg_memory_images/orig8.jpg",NA,"real","Scam","[""scam_button""]","9",NA,NA,NA,NA
"228","044533",NA,"resources/real_fg_memory_images/fg26.jpg",NA,"artificial","Scam","[""scam_button""]","9",NA,NA,NA,NA
"229","044533",NA,"resources/real_fg_memory_images/fg24.jpg",NA,"artificial","Neutral","[""scam_button""]","6",NA,NA,NA,NA
"230","044533",NA,"resources/real_fg_memory_images/orig9.jpg",NA,"real","Scam","[""scam_button""]","7",NA,NA,NA,NA
"231","044533",NA,"resources/real_fg_memory_images/fg30.jpg",NA,"artificial","Scam","[""scam_button""]","8",NA,NA,NA,NA
"232","044533",NA,"resources/real_fg_memory_images/fg27.jpg",NA,"artificial","Scam","[""scam_button""]","9",NA,NA,NA,NA
"233","044533",NA,"resources/real_fg_memory_images/fg23.jpg",NA,"artificial","Neutral","[""scam_button""]","7",NA,NA,NA,NA
"234","044533",NA,"resources/real_fg_memory_images/fg29.jpg",NA,"artificial","Scam","[""scam_button""]","9",NA,NA,NA,NA
"235","044533",NA,"resources/real_fg_memory_images/fg28.jpg",NA,"artificial","Scam","[""scam_button""]","9",NA,NA,NA,NA
"236","044533",NA,"resources/real_fg_memory_images/orig1.jpg",NA,"real","Neurtal","[""neutral_button""]","6",NA,NA,NA,NA
"237","044533",NA,NA,NA,NA,NA,NA,NA,NA,NA,NA,NA
"238","044533",3,"resources/real_fg_memory_images/fg22.jpg","artificial",NA,NA,NA,NA,NA,NA,NA,NA
"239","044533",6,"resources/real_fg_memory_images/orig2.jpg","real",NA,NA,NA,NA,NA,NA,NA,NA
"240","044533",7,"resources/real_fg_memory_images/orig17.jpg","real",NA,NA,NA,NA,NA,NA,NA,NA
"241","044533",7,"resources/real_fg_memory_images/orig9.jpg","real",NA,NA,NA,NA,NA,NA,NA,NA
"242","044533",8,"resources/real_fg_memory_images/fg24.jpg","artificial",NA,NA,NA,NA,NA,NA,NA,NA
"243","044533",10,"resources/real_fg_memory_images/orig3.jpg","real",NA,NA,NA,NA,NA,NA,NA,NA
"244","044533",5,"resources/real_fg_memory_images/fg25.jpg","artificial",NA,NA,NA,NA,NA,NA,NA,NA
"245","044533",1,"resources/real_fg_memory_images/orig8.jpg","real",NA,NA,NA,NA,NA,NA,NA,NA
"246","044533",2,"resources/real_fg_memory_images/orig11.jpg","real",NA,NA,NA,NA,NA,NA,NA,NA
"247","044533",7,"resources/real_fg_memory_images/orig10.jpg","real",NA,NA,NA,NA,NA,NA,NA,NA
"248","044533",1,"resources/real_fg_memory_images/fg27.jpg","artificial",NA,NA,NA,NA,NA,NA,NA,NA
"249","044533",3,"resources/real_fg_memory_images/fg23.jpg","artificial",NA,NA,NA,NA,NA,NA,NA,NA
"250","044533",8,"resources/real_fg_memory_images/orig12.jpg","real",NA,NA,NA,NA,NA,NA,NA,NA
"251","044533",6,"resources/real_fg_memory_images/orig15.jpg","real",NA,NA,NA,NA,NA,NA,NA,NA
"252","044533",9,"resources/real_fg_memory_images/fg34.jpg","artificial",NA,NA,NA,NA,NA,NA,NA,NA
"253","044533",6,"resources/real_fg_memory_images/orig5.jpg","real",NA,NA,NA,NA,NA,NA,NA,NA
"254","044533",8,"resources/real_fg_memory_images/orig14.jpg","real",NA,NA,NA,NA,NA,NA,NA,NA
"255","044533",7,"resources/real_fg_memory_images/orig4.jpg","real",NA,NA,NA,NA,NA,NA,NA,NA
"256","044533",9,"resources/real_fg_memory_images/fg36.jpg","artificial",NA,NA,NA,NA,NA,NA,NA,NA
"257","044533",4,"resources/real_fg_memory_images/fg29.jpg","artificial",NA,NA,NA,NA,NA,NA,NA,NA
"258","044533",9,"resources/real_fg_memory_images/orig7.jpg","real",NA,NA,NA,NA,NA,NA,NA,NA
"259","044533",7,"resources/real_fg_memory_images/orig1.jpg","real",NA,NA,NA,NA,NA,NA,NA,NA
"260","044533",9,"resources/real_fg_memory_images/fg21.jpg","artificial",NA,NA,NA,NA,NA,NA,NA,NA
"261","044533",6,"resources/real_fg_memory_images/fg35.jpg","artificial",NA,NA,NA,NA,NA,NA,NA,NA
"262","044533",6,"resources/real_fg_memory_images/fg30.jpg","artificial",NA,NA,NA,NA,NA,NA,NA,NA
"263","044533",9,"resources/real_fg_memory_images/fg33.jpg","artificial",NA,NA,NA,NA,NA,NA,NA,NA
"264","044533",7,"resources/real_fg_memory_images/orig18.jpg","real",NA,NA,NA,NA,NA,NA,NA,NA
"265","044533",2,"resources/real_fg_memory_images/fg26.jpg","artificial",NA,NA,NA,NA,NA,NA,NA,NA
"266","044533",8,"resources/real_fg_memory_images/fg32.jpg","artificial",NA,NA,NA,NA,NA,NA,NA,NA
"267","044533",1,"resources/real_fg_memory_images/fg31.jpg","artificial",NA,NA,NA,NA,NA,NA,NA,NA
"268","044533",9,"resources/real_fg_memory_images/orig16.jpg","real",NA,NA,NA,NA,NA,NA,NA,NA
"269","044533",7,"resources/real_fg_memory_images/fg20.jpg","artificial",NA,NA,NA,NA,NA,NA,NA,NA
"270","044533",5,"resources/real_fg_memory_images/orig13.jpg","real",NA,NA,NA,NA,NA,NA,NA,NA
"271","044533",4,"resources/real_fg_memory_images/fg28.jpg","artificial",NA,NA,NA,NA,NA,NA,NA,NA
"272","044533",6,"resources/real_fg_memory_images/orig6.jpg","real",NA,NA,NA,NA,NA,NA,NA,NA
"273","044533",7,"resources/real_fg_memory_images/fg19.jpg","artificial",NA,NA,NA,NA,NA,NA,NA,NA
"274","044533",NA,NA,NA,NA,NA,NA,NA,NA,NA,NA,NA
"275","044533",NA,NA,NA,NA,NA,NA,NA,4,"If a telemarketer calls me, I usually listen to what they have to say",NA,NA
"276","044533",NA,NA,NA,NA,NA,NA,NA,4,"If something sounds too good to be true, it usually is",NA,NA
"277","044533",NA,NA,NA,NA,NA,NA,NA,1,"I answer the phone whenever it rings, even if I do not know who is calling",NA,NA
"278","044533",NA,NA,NA,NA,NA,NA,NA,5,"Persons over the age of 65 are often targeted by con-artists",NA,NA
"279","044533",NA,NA,NA,NA,NA,NA,NA,2,"I have difficulty ending a phone call, even if the caller is a telemarketer, someone I do not know, or someone I do not wish to call me",NA,NA
"280","044533",NA,NA,NA,NA,NA,NA,NA,NA,NA,NA,NA
"281","044533",NA,NA,NA,NA,NA,NA,NA,NA,NA,"[""female_option""]",NA
"282","044533",NA,NA,NA,NA,NA,NA,NA,NA,NA,NA,74
"283","044533",NA,NA,NA,NA,NA,NA,NA,NA,NA,NA,NA
"284","044533",NA,NA,NA,NA,NA,NA,NA,NA,NA,NA,NA
"285","044533",NA,NA,NA,NA,NA,NA,NA,NA,NA,NA,NA
"286","044533",NA,NA,NA,NA,NA,NA,NA,NA,NA,NA,NA
"287","044533",NA,NA,NA,NA,NA,NA,NA,NA,NA,NA,NA
"288","044533",NA,NA,NA,NA,NA,NA,NA,NA,NA,NA,NA
"289","044533",NA,NA,NA,NA,NA,NA,NA,NA,NA,NA,NA
"290","044533",NA,NA,NA,NA,NA,NA,NA,NA,NA,NA,NA
"291","044533",NA,NA,NA,NA,NA,NA,NA,NA,NA,NA,NA
"292","044533",NA,NA,NA,NA,NA,NA,NA,NA,NA,NA,NA
"293","059179",NA,NA,NA,NA,NA,NA,NA,NA,NA,NA,NA
"294","059179",NA,NA,NA,NA,NA,NA,NA,NA,NA,NA,NA
"295","059179",NA,NA,NA,NA,NA,NA,NA,NA,NA,NA,NA
"296","059179",NA,NA,NA,NA,NA,NA,NA,NA,NA,NA,NA
"297","059179",8,"resources/real_fg_memory_images/orig4.jpg","real",NA,NA,NA,NA,NA,NA,NA,NA
"298","059179",7,"resources/real_fg_memory_images/orig13.jpg","real",NA,NA,NA,NA,NA,NA,NA,NA
"299","059179",7,"resources/real_fg_memory_images/orig8.jpg","real",NA,NA,NA,NA,NA,NA,NA,NA
"300","059179",5,"resources/real_fg_memory_images/fg22.jpg","artificial",NA,NA,NA,NA,NA,NA,NA,NA
"301","059179",7,"resources/real_fg_memory_images/orig15.jpg","real",NA,NA,NA,NA,NA,NA,NA,NA
"302","059179",7,"resources/real_fg_memory_images/fg30.jpg","artificial",NA,NA,NA,NA,NA,NA,NA,NA
"303","059179",6,"resources/real_fg_memory_images/orig3.jpg","real",NA,NA,NA,NA,NA,NA,NA,NA
"304","059179",8,"resources/real_fg_memory_images/orig16.jpg","real",NA,NA,NA,NA,NA,NA,NA,NA
"305","059179",6,"resources/real_fg_memory_images/fg21.jpg","artificial",NA,NA,NA,NA,NA,NA,NA,NA
"306","059179",5,"resources/real_fg_memory_images/orig9.jpg","real",NA,NA,NA,NA,NA,NA,NA,NA
"307","059179",6,"resources/real_fg_memory_images/fg29.jpg","artificial",NA,NA,NA,NA,NA,NA,NA,NA
"308","059179",6,"resources/real_fg_memory_images/orig12.jpg","real",NA,NA,NA,NA,NA,NA,NA,NA
"309","059179",6,"resources/real_fg_memory_images/orig10.jpg","real",NA,NA,NA,NA,NA,NA,NA,NA
"310","059179",4,"resources/real_fg_memory_images/fg35.jpg","artificial",NA,NA,NA,NA,NA,NA,NA,NA
"311","059179",5,"resources/real_fg_memory_images/fg31.jpg","artificial",NA,NA,NA,NA,NA,NA,NA,NA
"312","059179",6,"resources/real_fg_memory_images/orig17.jpg","real",NA,NA,NA,NA,NA,NA,NA,NA
"313","059179",8,"resources/real_fg_memory_images/fg36.jpg","artificial",NA,NA,NA,NA,NA,NA,NA,NA
"314","059179",8,"resources/real_fg_memory_images/orig11.jpg","real",NA,NA,NA,NA,NA,NA,NA,NA
"315","059179",7,"resources/real_fg_memory_images/fg26.jpg","artificial",NA,NA,NA,NA,NA,NA,NA,NA
"316","059179",8,"resources/real_fg_memory_images/fg24.jpg","artificial",NA,NA,NA,NA,NA,NA,NA,NA
"317","059179",4,"resources/real_fg_memory_images/orig5.jpg","real",NA,NA,NA,NA,NA,NA,NA,NA
"318","059179",5,"resources/real_fg_memory_images/orig7.jpg","real",NA,NA,NA,NA,NA,NA,NA,NA
"319","059179",8,"resources/real_fg_memory_images/orig18.jpg","real",NA,NA,NA,NA,NA,NA,NA,NA
"320","059179",6,"resources/real_fg_memory_images/fg25.jpg","artificial",NA,NA,NA,NA,NA,NA,NA,NA
"321","059179",7,"resources/real_fg_memory_images/fg23.jpg","artificial",NA,NA,NA,NA,NA,NA,NA,NA
"322","059179",5,"resources/real_fg_memory_images/fg20.jpg","artificial",NA,NA,NA,NA,NA,NA,NA,NA
"323","059179",6,"resources/real_fg_memory_images/orig1.jpg","real",NA,NA,NA,NA,NA,NA,NA,NA
"324","059179",8,"resources/real_fg_memory_images/fg34.jpg","artificial",NA,NA,NA,NA,NA,NA,NA,NA
"325","059179",8,"resources/real_fg_memory_images/orig14.jpg","real",NA,NA,NA,NA,NA,NA,NA,NA
"326","059179",8,"resources/real_fg_memory_images/fg19.jpg","artificial",NA,NA,NA,NA,NA,NA,NA,NA
"327","059179",8,"resources/real_fg_memory_images/orig6.jpg","real",NA,NA,NA,NA,NA,NA,NA,NA
"328","059179",8,"resources/real_fg_memory_images/fg32.jpg","artificial",NA,NA,NA,NA,NA,NA,NA,NA
"329","059179",7,"resources/real_fg_memory_images/fg33.jpg","artificial",NA,NA,NA,NA,NA,NA,NA,NA
"330","059179",5,"resources/real_fg_memory_images/fg27.jpg","artificial",NA,NA,NA,NA,NA,NA,NA,NA
"331","059179",7,"resources/real_fg_memory_images/orig2.jpg","real",NA,NA,NA,NA,NA,NA,NA,NA
"332","059179",8,"resources/real_fg_memory_images/fg28.jpg","artificial",NA,NA,NA,NA,NA,NA,NA,NA
"333","059179",NA,NA,NA,NA,NA,NA,NA,NA,NA,NA,NA
"334","059179",NA,"resources/real_fg_memory_images/orig12.jpg",NA,"real","Scam",NA,NA,NA,NA,NA,NA
"335","059179",NA,"resources/real_fg_memory_images/orig1.jpg",NA,"real","Neurtal",NA,NA,NA,NA,NA,NA
"336","059179",NA,"resources/real_fg_memory_images/orig5.jpg",NA,"real","Neutral",NA,NA,NA,NA,NA,NA
"337","059179",NA,"resources/real_fg_memory_images/orig6.jpg",NA,"real","Neutral",NA,NA,NA,NA,NA,NA
"338","059179",NA,"resources/real_fg_memory_images/orig2.jpg",NA,"real","Neutral",NA,NA,NA,NA,NA,NA
"339","059179",NA,"resources/real_fg_memory_images/orig9.jpg",NA,"real","Scam",NA,NA,NA,NA,NA,NA
"340","059179",NA,"resources/real_fg_memory_images/orig4.jpg",NA,"real","Neutral",NA,NA,NA,NA,NA,NA
"341","059179",NA,"resources/real_fg_memory_images/fg30.jpg",NA,"artificial","Scam",NA,NA,NA,NA,NA,NA
"342","059179",NA,"resources/real_fg_memory_images/fg21.jpg",NA,"artificial","Neutral",NA,NA,NA,NA,NA,NA
"343","059179",NA,"resources/real_fg_memory_images/fg24.jpg",NA,"artificial","Neutral",NA,NA,NA,NA,NA,NA
"344","059179",NA,"resources/real_fg_memory_images/fg27.jpg",NA,"artificial","Scam",NA,NA,NA,NA,NA,NA
"345","059179",NA,"resources/real_fg_memory_images/fg20.jpg",NA,"artificial","Neutral",NA,NA,NA,NA,NA,NA
"346","059179",NA,"resources/real_fg_memory_images/fg23.jpg",NA,"artificial","Neutral",NA,NA,NA,NA,NA,NA
"347","059179",NA,"resources/real_fg_memory_images/orig11.jpg",NA,"real","Scam",NA,NA,NA,NA,NA,NA
"348","059179",NA,"resources/real_fg_memory_images/fg22.jpg",NA,"artificial","Neutral",NA,NA,NA,NA,NA,NA
"349","059179",NA,"resources/real_fg_memory_images/fg25.jpg",NA,"artificial","Scam",NA,NA,NA,NA,NA,NA
"350","059179",NA,"resources/real_fg_memory_images/fg19.jpg",NA,"artificial","Neutral",NA,NA,NA,NA,NA,NA
"351","059179",NA,"resources/real_fg_memory_images/fg29.jpg",NA,"artificial","Scam",NA,NA,NA,NA,NA,NA
"352","059179",NA,"resources/real_fg_memory_images/orig10.jpg",NA,"real","Scam",NA,NA,NA,NA,NA,NA
"353","059179",NA,"resources/real_fg_memory_images/orig7.jpg",NA,"real","Scam",NA,NA,NA,NA,NA,NA
"354","059179",NA,"resources/real_fg_memory_images/orig8.jpg",NA,"real","Scam",NA,NA,NA,NA,NA,NA
"355","059179",NA,"resources/real_fg_memory_images/orig3.jpg",NA,"real","Neutral",NA,NA,NA,NA,NA,NA
"356","059179",NA,"resources/real_fg_memory_images/fg26.jpg",NA,"artificial","Scam",NA,NA,NA,NA,NA,NA
"357","059179",NA,"resources/real_fg_memory_images/fg28.jpg",NA,"artificial","Scam",NA,NA,NA,NA,NA,NA
"358","059179",NA,NA,NA,NA,NA,NA,NA,NA,NA,NA,NA
"359","059179",NA,"resources/real_fg_memory_images/fg26.jpg",NA,"artificial","Scam","[""scam_button""]","10",NA,NA,NA,NA
"360","059179",NA,"resources/real_fg_memory_images/orig4.jpg",NA,"real","Neutral","[""scam_button""]","5",NA,NA,NA,NA
"361","059179",NA,"resources/real_fg_memory_images/orig11.jpg",NA,"real","Scam","[""neutral_button""]","6",NA,NA,NA,NA
"362","059179",NA,"resources/real_fg_memory_images/fg21.jpg",NA,"artificial","Neutral","[""neutral_button""]","8",NA,NA,NA,NA
"363","059179",NA,"resources/real_fg_memory_images/fg22.jpg",NA,"artificial","Neutral","[""scam_button""]","5",NA,NA,NA,NA
"364","059179",NA,"resources/real_fg_memory_images/fg24.jpg",NA,"artificial","Neutral","[""neutral_button""]","6",NA,NA,NA,NA
"365","059179",NA,"resources/real_fg_memory_images/fg20.jpg",NA,"artificial","Neutral","[""neutral_button""]","6",NA,NA,NA,NA
"366","059179",NA,"resources/real_fg_memory_images/orig7.jpg",NA,"real","Scam","[""scam_button""]","10",NA,NA,NA,NA
"367","059179",NA,"resources/real_fg_memory_images/orig8.jpg",NA,"real","Scam","[""scam_button""]","10",NA,NA,NA,NA
"368","059179",NA,"resources/real_fg_memory_images/fg23.jpg",NA,"artificial","Neutral","[""neutral_button""]","9",NA,NA,NA,NA
"369","059179",NA,"resources/real_fg_memory_images/orig3.jpg",NA,"real","Neutral","[""neutral_button""]","10",NA,NA,NA,NA
"370","059179",NA,"resources/real_fg_memory_images/fg30.jpg",NA,"artificial","Scam","[""scam_button""]","9",NA,NA,NA,NA
"371","059179",NA,"resources/real_fg_memory_images/orig12.jpg",NA,"real","Scam","[""scam_button""]","10",NA,NA,NA,NA
"372","059179",NA,"resources/real_fg_memory_images/orig1.jpg",NA,"real","Neurtal","[""neutral_button""]","7",NA,NA,NA,NA
"373","059179",NA,"resources/real_fg_memory_images/orig10.jpg",NA,"real","Scam","[""scam_button""]","10",NA,NA,NA,NA
"374","059179",NA,"resources/real_fg_memory_images/orig2.jpg",NA,"real","Neutral","[""scam_button""]","7",NA,NA,NA,NA
"375","059179",NA,"resources/real_fg_memory_images/fg19.jpg",NA,"artificial","Neutral","[""scam_button""]","5",NA,NA,NA,NA
"376","059179",NA,"resources/real_fg_memory_images/fg29.jpg",NA,"artificial","Scam","[""scam_button""]","9",NA,NA,NA,NA
"377","059179",NA,"resources/real_fg_memory_images/fg25.jpg",NA,"artificial","Scam","[""scam_button""]","9",NA,NA,NA,NA
"378","059179",NA,"resources/real_fg_memory_images/orig5.jpg",NA,"real","Neutral","[""scam_button""]","10",NA,NA,NA,NA
"379","059179",NA,"resources/real_fg_memory_images/fg28.jpg",NA,"artificial","Scam","[""neutral_button""]","6",NA,NA,NA,NA
"380","059179",NA,"resources/real_fg_memory_images/orig9.jpg",NA,"real","Scam","[""scam_button""]","9",NA,NA,NA,NA
"381","059179",NA,"resources/real_fg_memory_images/orig6.jpg",NA,"real","Neutral","[""neutral_button""]","10",NA,NA,NA,NA
"382","059179",NA,"resources/real_fg_memory_images/fg27.jpg",NA,"artificial","Scam","[""scam_button""]","10",NA,NA,NA,NA
"383","059179",NA,NA,NA,NA,NA,NA,NA,NA,NA,NA,NA
"384","059179",4,"resources/real_fg_memory_images/fg25.jpg","artificial",NA,NA,NA,NA,NA,NA,NA,NA
"385","059179",6,"resources/real_fg_memory_images/orig11.jpg","real",NA,NA,NA,NA,NA,NA,NA,NA
"386","059179",6,"resources/real_fg_memory_images/fg21.jpg","artificial",NA,NA,NA,NA,NA,NA,NA,NA
"387","059179",4,"resources/real_fg_memory_images/orig13.jpg","real",NA,NA,NA,NA,NA,NA,NA,NA
"388","059179",7,"resources/real_fg_memory_images/fg34.jpg","artificial",NA,NA,NA,NA,NA,NA,NA,NA
"389","059179",4,"resources/real_fg_memory_images/fg29.jpg","artificial",NA,NA,NA,NA,NA,NA,NA,NA
"390","059179",3,"resources/real_fg_memory_images/orig12.jpg","real",NA,NA,NA,NA,NA,NA,NA,NA
"391","059179",8,"resources/real_fg_memory_images/orig6.jpg","real",NA,NA,NA,NA,NA,NA,NA,NA
"392","059179",5,"resources/real_fg_memory_images/orig4.jpg","real",NA,NA,NA,NA,NA,NA,NA,NA
"393","059179",6,"resources/real_fg_memory_images/orig9.jpg","real",NA,NA,NA,NA,NA,NA,NA,NA
"394","059179",6,"resources/real_fg_memory_images/orig14.jpg","real",NA,NA,NA,NA,NA,NA,NA,NA
"395","059179",3,"resources/real_fg_memory_images/orig7.jpg","real",NA,NA,NA,NA,NA,NA,NA,NA
"396","059179",7,"resources/real_fg_memory_images/orig15.jpg","real",NA,NA,NA,NA,NA,NA,NA,NA
"397","059179",3,"resources/real_fg_memory_images/orig5.jpg","real",NA,NA,NA,NA,NA,NA,NA,NA
"398","059179",4,"resources/real_fg_memory_images/fg22.jpg","artificial",NA,NA,NA,NA,NA,NA,NA,NA
"399","059179",2,"resources/real_fg_memory_images/orig8.jpg","real",NA,NA,NA,NA,NA,NA,NA,NA
"400","059179",6,"resources/real_fg_memory_images/orig17.jpg","real",NA,NA,NA,NA,NA,NA,NA,NA
"401","059179",4,"resources/real_fg_memory_images/fg30.jpg","artificial",NA,NA,NA,NA,NA,NA,NA,NA
"402","059179",7,"resources/real_fg_memory_images/fg32.jpg","artificial",NA,NA,NA,NA,NA,NA,NA,NA
"403","059179",8,"resources/real_fg_memory_images/orig3.jpg","real",NA,NA,NA,NA,NA,NA,NA,NA
"404","059179",2,"resources/real_fg_memory_images/orig10.jpg","real",NA,NA,NA,NA,NA,NA,NA,NA
"405","059179",4,"resources/real_fg_memory_images/fg33.jpg","artificial",NA,NA,NA,NA,NA,NA,NA,NA
"406","059179",3,"resources/real_fg_memory_images/fg20.jpg","artificial",NA,NA,NA,NA,NA,NA,NA,NA
"407","059179",2,"resources/real_fg_memory_images/fg26.jpg","artificial",NA,NA,NA,NA,NA,NA,NA,NA
"408","059179",3,"resources/real_fg_memory_images/fg19.jpg","artificial",NA,NA,NA,NA,NA,NA,NA,NA
"409","059179",2,"resources/real_fg_memory_images/fg35.jpg","artificial",NA,NA,NA,NA,NA,NA,NA,NA
"410","059179",8,"resources/real_fg_memory_images/orig18.jpg","real",NA,NA,NA,NA,NA,NA,NA,NA
"411","059179",2,"resources/real_fg_memory_images/fg31.jpg","artificial",NA,NA,NA,NA,NA,NA,NA,NA
"412","059179",2,"resources/real_fg_memory_images/fg27.jpg","artificial",NA,NA,NA,NA,NA,NA,NA,NA
"413","059179",4,"resources/real_fg_memory_images/fg36.jpg","artificial",NA,NA,NA,NA,NA,NA,NA,NA
"414","059179",6,"resources/real_fg_memory_images/fg23.jpg","artificial",NA,NA,NA,NA,NA,NA,NA,NA
"415","059179",5,"resources/real_fg_memory_images/orig2.jpg","real",NA,NA,NA,NA,NA,NA,NA,NA
"416","059179",7,"resources/real_fg_memory_images/orig16.jpg","real",NA,NA,NA,NA,NA,NA,NA,NA
"417","059179",6,"resources/real_fg_memory_images/fg24.jpg","artificial",NA,NA,NA,NA,NA,NA,NA,NA
"418","059179",6,"resources/real_fg_memory_images/fg28.jpg","artificial",NA,NA,NA,NA,NA,NA,NA,NA
"419","059179",3,"resources/real_fg_memory_images/orig1.jpg","real",NA,NA,NA,NA,NA,NA,NA,NA
"420","059179",NA,NA,NA,NA,NA,NA,NA,NA,NA,NA,NA
"421","059179",NA,NA,NA,NA,NA,NA,NA,1,"I answer the phone whenever it rings, even if I do not know who is calling",NA,NA
"422","059179",NA,NA,NA,NA,NA,NA,NA,1,"I have difficulty ending a phone call, even if the caller is a telemarketer, someone I do not know, or someone I do not wish to call me",NA,NA
"423","059179",NA,NA,NA,NA,NA,NA,NA,5,"If something sounds too good to be true, it usually is",NA,NA
"424","059179",NA,NA,NA,NA,NA,NA,NA,5,"Persons over the age of 65 are often targeted by con-artists",NA,NA
"425","059179",NA,NA,NA,NA,NA,NA,NA,1,"If a telemarketer calls me, I usually listen to what they have to say",NA,NA
"426","059179",NA,NA,NA,NA,NA,NA,NA,NA,NA,NA,NA
"427","059179",NA,NA,NA,NA,NA,NA,NA,NA,NA,"[""female_option""]",NA
"428","059179",NA,NA,NA,NA,NA,NA,NA,NA,NA,NA,66
"429","059179",NA,NA,NA,NA,NA,NA,NA,NA,NA,NA,NA
"430","059179",NA,NA,NA,NA,NA,NA,NA,NA,NA,NA,NA
"431","059179",NA,NA,NA,NA,NA,NA,NA,NA,NA,NA,NA
"432","059179",NA,NA,NA,NA,NA,NA,NA,NA,NA,NA,NA
"433","059179",NA,NA,NA,NA,NA,NA,NA,NA,NA,NA,NA
"434","059179",NA,NA,NA,NA,NA,NA,NA,NA,NA,NA,NA
"435","059179",NA,NA,NA,NA,NA,NA,NA,NA,NA,NA,NA
"436","059179",NA,NA,NA,NA,NA,NA,NA,NA,NA,NA,NA
"437","059179",NA,NA,NA,NA,NA,NA,NA,NA,NA,NA,NA
"438","059179",NA,NA,NA,NA,NA,NA,NA,NA,NA,NA,NA
"439","080628",NA,NA,NA,NA,NA,NA,NA,NA,NA,NA,NA
"440","080628",NA,NA,NA,NA,NA,NA,NA,NA,NA,NA,NA
"441","080628",NA,NA,NA,NA,NA,NA,NA,NA,NA,NA,NA
"442","080628",NA,NA,NA,NA,NA,NA,NA,NA,NA,NA,NA
"443","080628",5,"resources/real_fg_memory_images/orig17.jpg","real",NA,NA,NA,NA,NA,NA,NA,NA
"444","080628",4,"resources/real_fg_memory_images/fg31.jpg","artificial",NA,NA,NA,NA,NA,NA,NA,NA
"445","080628",6,"resources/real_fg_memory_images/fg28.jpg","artificial",NA,NA,NA,NA,NA,NA,NA,NA
"446","080628",4,"resources/real_fg_memory_images/fg22.jpg","artificial",NA,NA,NA,NA,NA,NA,NA,NA
"447","080628",3,"resources/real_fg_memory_images/orig10.jpg","real",NA,NA,NA,NA,NA,NA,NA,NA
"448","080628",7,"resources/real_fg_memory_images/orig18.jpg","real",NA,NA,NA,NA,NA,NA,NA,NA
"449","080628",5,"resources/real_fg_memory_images/orig9.jpg","real",NA,NA,NA,NA,NA,NA,NA,NA
"450","080628",6,"resources/real_fg_memory_images/fg26.jpg","artificial",NA,NA,NA,NA,NA,NA,NA,NA
"451","080628",5,"resources/real_fg_memory_images/fg24.jpg","artificial",NA,NA,NA,NA,NA,NA,NA,NA
"452","080628",8,"resources/real_fg_memory_images/orig11.jpg","real",NA,NA,NA,NA,NA,NA,NA,NA
"453","080628",4,"resources/real_fg_memory_images/fg30.jpg","artificial",NA,NA,NA,NA,NA,NA,NA,NA
"454","080628",5,"resources/real_fg_memory_images/orig2.jpg","real",NA,NA,NA,NA,NA,NA,NA,NA
"455","080628",6,"resources/real_fg_memory_images/orig12.jpg","real",NA,NA,NA,NA,NA,NA,NA,NA
"456","080628",6,"resources/real_fg_memory_images/orig15.jpg","real",NA,NA,NA,NA,NA,NA,NA,NA
"457","080628",6,"resources/real_fg_memory_images/fg20.jpg","artificial",NA,NA,NA,NA,NA,NA,NA,NA
"458","080628",5,"resources/real_fg_memory_images/orig16.jpg","real",NA,NA,NA,NA,NA,NA,NA,NA
"459","080628",6,"resources/real_fg_memory_images/fg19.jpg","artificial",NA,NA,NA,NA,NA,NA,NA,NA
"460","080628",5,"resources/real_fg_memory_images/fg27.jpg","artificial",NA,NA,NA,NA,NA,NA,NA,NA
"461","080628",5,"resources/real_fg_memory_images/fg35.jpg","artificial",NA,NA,NA,NA,NA,NA,NA,NA
"462","080628",5,"resources/real_fg_memory_images/fg34.jpg","artificial",NA,NA,NA,NA,NA,NA,NA,NA
"463","080628",6,"resources/real_fg_memory_images/fg23.jpg","artificial",NA,NA,NA,NA,NA,NA,NA,NA
"464","080628",5,"resources/real_fg_memory_images/orig6.jpg","real",NA,NA,NA,NA,NA,NA,NA,NA
"465","080628",6,"resources/real_fg_memory_images/orig4.jpg","real",NA,NA,NA,NA,NA,NA,NA,NA
"466","080628",4,"resources/real_fg_memory_images/orig7.jpg","real",NA,NA,NA,NA,NA,NA,NA,NA
"467","080628",3,"resources/real_fg_memory_images/orig1.jpg","real",NA,NA,NA,NA,NA,NA,NA,NA
"468","080628",5,"resources/real_fg_memory_images/fg25.jpg","artificial",NA,NA,NA,NA,NA,NA,NA,NA
"469","080628",5,"resources/real_fg_memory_images/orig5.jpg","real",NA,NA,NA,NA,NA,NA,NA,NA
"470","080628",5,"resources/real_fg_memory_images/orig8.jpg","real",NA,NA,NA,NA,NA,NA,NA,NA
"471","080628",6,"resources/real_fg_memory_images/fg21.jpg","artificial",NA,NA,NA,NA,NA,NA,NA,NA
"472","080628",4,"resources/real_fg_memory_images/fg29.jpg","artificial",NA,NA,NA,NA,NA,NA,NA,NA
"473","080628",6,"resources/real_fg_memory_images/orig13.jpg","real",NA,NA,NA,NA,NA,NA,NA,NA
"474","080628",5,"resources/real_fg_memory_images/orig14.jpg","real",NA,NA,NA,NA,NA,NA,NA,NA
"475","080628",4,"resources/real_fg_memory_images/orig3.jpg","real",NA,NA,NA,NA,NA,NA,NA,NA
"476","080628",4,"resources/real_fg_memory_images/fg33.jpg","artificial",NA,NA,NA,NA,NA,NA,NA,NA
"477","080628",5,"resources/real_fg_memory_images/fg32.jpg","artificial",NA,NA,NA,NA,NA,NA,NA,NA
"478","080628",4,"resources/real_fg_memory_images/fg36.jpg","artificial",NA,NA,NA,NA,NA,NA,NA,NA
"479","080628",NA,NA,NA,NA,NA,NA,NA,NA,NA,NA,NA
"480","080628",NA,"resources/real_fg_memory_images/orig7.jpg",NA,"real","Scam",NA,NA,NA,NA,NA,NA
"481","080628",NA,"resources/real_fg_memory_images/fg23.jpg",NA,"artificial","Neutral",NA,NA,NA,NA,NA,NA
"482","080628",NA,"resources/real_fg_memory_images/orig10.jpg",NA,"real","Scam",NA,NA,NA,NA,NA,NA
"483","080628",NA,"resources/real_fg_memory_images/fg28.jpg",NA,"artificial","Scam",NA,NA,NA,NA,NA,NA
"484","080628",NA,"resources/real_fg_memory_images/fg22.jpg",NA,"artificial","Neutral",NA,NA,NA,NA,NA,NA
"485","080628",NA,"resources/real_fg_memory_images/orig1.jpg",NA,"real","Neurtal",NA,NA,NA,NA,NA,NA
"486","080628",NA,"resources/real_fg_memory_images/fg26.jpg",NA,"artificial","Scam",NA,NA,NA,NA,NA,NA
"487","080628",NA,"resources/real_fg_memory_images/fg24.jpg",NA,"artificial","Neutral",NA,NA,NA,NA,NA,NA
"488","080628",NA,"resources/real_fg_memory_images/orig2.jpg",NA,"real","Neutral",NA,NA,NA,NA,NA,NA
"489","080628",NA,"resources/real_fg_memory_images/fg25.jpg",NA,"artificial","Scam",NA,NA,NA,NA,NA,NA
"490","080628",NA,"resources/real_fg_memory_images/orig6.jpg",NA,"real","Neutral",NA,NA,NA,NA,NA,NA
"491","080628",NA,"resources/real_fg_memory_images/orig3.jpg",NA,"real","Neutral",NA,NA,NA,NA,NA,NA
"492","080628",NA,"resources/real_fg_memory_images/fg19.jpg",NA,"artificial","Neutral",NA,NA,NA,NA,NA,NA
"493","080628",NA,"resources/real_fg_memory_images/orig4.jpg",NA,"real","Neutral",NA,NA,NA,NA,NA,NA
"494","080628",NA,"resources/real_fg_memory_images/fg29.jpg",NA,"artificial","Scam",NA,NA,NA,NA,NA,NA
"495","080628",NA,"resources/real_fg_memory_images/fg21.jpg",NA,"artificial","Neutral",NA,NA,NA,NA,NA,NA
"496","080628",NA,"resources/real_fg_memory_images/orig5.jpg",NA,"real","Neutral",NA,NA,NA,NA,NA,NA
"497","080628",NA,"resources/real_fg_memory_images/orig9.jpg",NA,"real","Scam",NA,NA,NA,NA,NA,NA
"498","080628",NA,"resources/real_fg_memory_images/fg30.jpg",NA,"artificial","Scam",NA,NA,NA,NA,NA,NA
"499","080628",NA,"resources/real_fg_memory_images/orig12.jpg",NA,"real","Scam",NA,NA,NA,NA,NA,NA
"500","080628",NA,"resources/real_fg_memory_images/orig8.jpg",NA,"real","Scam",NA,NA,NA,NA,NA,NA
"501","080628",NA,"resources/real_fg_memory_images/fg27.jpg",NA,"artificial","Scam",NA,NA,NA,NA,NA,NA
"502","080628",NA,"resources/real_fg_memory_images/orig11.jpg",NA,"real","Scam",NA,NA,NA,NA,NA,NA
"503","080628",NA,"resources/real_fg_memory_images/fg20.jpg",NA,"artificial","Neutral",NA,NA,NA,NA,NA,NA
"504","080628",NA,NA,NA,NA,NA,NA,NA,NA,NA,NA,NA
"505","080628",NA,"resources/real_fg_memory_images/orig6.jpg",NA,"real","Neutral","[""neutral_button""]","7",NA,NA,NA,NA
"506","080628",NA,"resources/real_fg_memory_images/fg28.jpg",NA,"artificial","Scam","[""scam_button""]","6",NA,NA,NA,NA
"507","080628",NA,"resources/real_fg_memory_images/fg23.jpg",NA,"artificial","Neutral","[""scam_button""]","3",NA,NA,NA,NA
"508","080628",NA,"resources/real_fg_memory_images/fg26.jpg",NA,"artificial","Scam","[""scam_button""]","7",NA,NA,NA,NA
"509","080628",NA,"resources/real_fg_memory_images/orig1.jpg",NA,"real","Neurtal","[""neutral_button""]","9",NA,NA,NA,NA
"510","080628",NA,"resources/real_fg_memory_images/fg21.jpg",NA,"artificial","Neutral","[""neutral_button""]","2",NA,NA,NA,NA
"511","080628",NA,"resources/real_fg_memory_images/orig7.jpg",NA,"real","Scam","[""scam_button""]","2",NA,NA,NA,NA
"512","080628",NA,"resources/real_fg_memory_images/fg24.jpg",NA,"artificial","Neutral","[""neutral_button""]","1",NA,NA,NA,NA
"513","080628",NA,"resources/real_fg_memory_images/fg20.jpg",NA,"artificial","Neutral","[""neutral_button""]","3",NA,NA,NA,NA
"514","080628",NA,"resources/real_fg_memory_images/orig12.jpg",NA,"real","Scam","[""scam_button""]","4",NA,NA,NA,NA
"515","080628",NA,"resources/real_fg_memory_images/fg29.jpg",NA,"artificial","Scam","[""scam_button""]","2",NA,NA,NA,NA
"516","080628",NA,"resources/real_fg_memory_images/orig4.jpg",NA,"real","Neutral","[""neutral_button""]","8",NA,NA,NA,NA
"517","080628",NA,"resources/real_fg_memory_images/fg30.jpg",NA,"artificial","Scam","[""scam_button""]","7",NA,NA,NA,NA
"518","080628",NA,"resources/real_fg_memory_images/orig11.jpg",NA,"real","Scam","[""scam_button""]","8",NA,NA,NA,NA
"519","080628",NA,"resources/real_fg_memory_images/fg25.jpg",NA,"artificial","Scam","[""neutral_button""]","3",NA,NA,NA,NA
"520","080628",NA,"resources/real_fg_memory_images/fg27.jpg",NA,"artificial","Scam","[""scam_button""]","2",NA,NA,NA,NA
"521","080628",NA,"resources/real_fg_memory_images/fg19.jpg",NA,"artificial","Neutral","[""neutral_button""]","4",NA,NA,NA,NA
"522","080628",NA,"resources/real_fg_memory_images/orig5.jpg",NA,"real","Neutral","[""scam_button""]","2",NA,NA,NA,NA
"523","080628",NA,"resources/real_fg_memory_images/orig10.jpg",NA,"real","Scam","[""scam_button""]","9",NA,NA,NA,NA
"524","080628",NA,"resources/real_fg_memory_images/orig8.jpg",NA,"real","Scam","[""scam_button""]","8",NA,NA,NA,NA
"525","080628",NA,"resources/real_fg_memory_images/orig9.jpg",NA,"real","Scam","[""neutral_button""]","5",NA,NA,NA,NA
"526","080628",NA,"resources/real_fg_memory_images/fg22.jpg",NA,"artificial","Neutral","[""neutral_button""]","9",NA,NA,NA,NA
"527","080628",NA,"resources/real_fg_memory_images/orig3.jpg",NA,"real","Neutral","[""neutral_button""]","9",NA,NA,NA,NA
"528","080628",NA,"resources/real_fg_memory_images/orig2.jpg",NA,"real","Neutral","[""neutral_button""]","7",NA,NA,NA,NA
"529","080628",NA,NA,NA,NA,NA,NA,NA,NA,NA,NA,NA
"530","080628",7,"resources/real_fg_memory_images/fg30.jpg","artificial",NA,NA,NA,NA,NA,NA,NA,NA
"531","080628",3,"resources/real_fg_memory_images/orig10.jpg","real",NA,NA,NA,NA,NA,NA,NA,NA
"532","080628",4,"resources/real_fg_memory_images/fg27.jpg","artificial",NA,NA,NA,NA,NA,NA,NA,NA
"533","080628",4,"resources/real_fg_memory_images/orig17.jpg","real",NA,NA,NA,NA,NA,NA,NA,NA
"534","080628",7,"resources/real_fg_memory_images/fg24.jpg","artificial",NA,NA,NA,NA,NA,NA,NA,NA
"535","080628",5,"resources/real_fg_memory_images/fg28.jpg","artificial",NA,NA,NA,NA,NA,NA,NA,NA
"536","080628",6,"resources/real_fg_memory_images/orig5.jpg","real",NA,NA,NA,NA,NA,NA,NA,NA
"537","080628",4,"resources/real_fg_memory_images/fg34.jpg","artificial",NA,NA,NA,NA,NA,NA,NA,NA
"538","080628",4,"resources/real_fg_memory_images/orig8.jpg","real",NA,NA,NA,NA,NA,NA,NA,NA
"539","080628",6,"resources/real_fg_memory_images/orig4.jpg","real",NA,NA,NA,NA,NA,NA,NA,NA
"540","080628",3,"resources/real_fg_memory_images/orig6.jpg","real",NA,NA,NA,NA,NA,NA,NA,NA
"541","080628",5,"resources/real_fg_memory_images/fg33.jpg","artificial",NA,NA,NA,NA,NA,NA,NA,NA
"542","080628",4,"resources/real_fg_memory_images/orig13.jpg","real",NA,NA,NA,NA,NA,NA,NA,NA
"543","080628",6,"resources/real_fg_memory_images/fg19.jpg","artificial",NA,NA,NA,NA,NA,NA,NA,NA
"544","080628",6,"resources/real_fg_memory_images/fg21.jpg","artificial",NA,NA,NA,NA,NA,NA,NA,NA
"545","080628",6,"resources/real_fg_memory_images/orig9.jpg","real",NA,NA,NA,NA,NA,NA,NA,NA
"546","080628",8,"resources/real_fg_memory_images/orig14.jpg","real",NA,NA,NA,NA,NA,NA,NA,NA
"547","080628",5,"resources/real_fg_memory_images/orig18.jpg","real",NA,NA,NA,NA,NA,NA,NA,NA
"548","080628",4,"resources/real_fg_memory_images/fg36.jpg","artificial",NA,NA,NA,NA,NA,NA,NA,NA
"549","080628",5,"resources/real_fg_memory_images/fg25.jpg","artificial",NA,NA,NA,NA,NA,NA,NA,NA
"550","080628",5,"resources/real_fg_memory_images/orig7.jpg","real",NA,NA,NA,NA,NA,NA,NA,NA
"551","080628",2,"resources/real_fg_memory_images/orig15.jpg","real",NA,NA,NA,NA,NA,NA,NA,NA
"552","080628",5,"resources/real_fg_memory_images/orig1.jpg","real",NA,NA,NA,NA,NA,NA,NA,NA
"553","080628",6,"resources/real_fg_memory_images/fg35.jpg","artificial",NA,NA,NA,NA,NA,NA,NA,NA
"554","080628",4,"resources/real_fg_memory_images/orig11.jpg","real",NA,NA,NA,NA,NA,NA,NA,NA
"555","080628",6,"resources/real_fg_memory_images/orig12.jpg","real",NA,NA,NA,NA,NA,NA,NA,NA
"556","080628",4,"resources/real_fg_memory_images/fg29.jpg","artificial",NA,NA,NA,NA,NA,NA,NA,NA
"557","080628",5,"resources/real_fg_memory_images/fg22.jpg","artificial",NA,NA,NA,NA,NA,NA,NA,NA
"558","080628",6,"resources/real_fg_memory_images/fg31.jpg","artificial",NA,NA,NA,NA,NA,NA,NA,NA
"559","080628",4,"resources/real_fg_memory_images/orig16.jpg","real",NA,NA,NA,NA,NA,NA,NA,NA
"560","080628",4,"resources/real_fg_memory_images/fg23.jpg","artificial",NA,NA,NA,NA,NA,NA,NA,NA
"561","080628",6,"resources/real_fg_memory_images/fg26.jpg","artificial",NA,NA,NA,NA,NA,NA,NA,NA
"562","080628",4,"resources/real_fg_memory_images/fg20.jpg","artificial",NA,NA,NA,NA,NA,NA,NA,NA
"563","080628",6,"resources/real_fg_memory_images/orig2.jpg","real",NA,NA,NA,NA,NA,NA,NA,NA
"564","080628",7,"resources/real_fg_memory_images/fg32.jpg","artificial",NA,NA,NA,NA,NA,NA,NA,NA
"565","080628",8,"resources/real_fg_memory_images/orig3.jpg","real",NA,NA,NA,NA,NA,NA,NA,NA
"566","080628",NA,NA,NA,NA,NA,NA,NA,NA,NA,NA,NA
"567","080628",NA,NA,NA,NA,NA,NA,NA,4,"If a telemarketer calls me, I usually listen to what they have to say",NA,NA
"568","080628",NA,NA,NA,NA,NA,NA,NA,5,"Persons over the age of 65 are often targeted by con-artists",NA,NA
"569","080628",NA,NA,NA,NA,NA,NA,NA,2,"I have difficulty ending a phone call, even if the caller is a telemarketer, someone I do not know, or someone I do not wish to call me",NA,NA
"570","080628",NA,NA,NA,NA,NA,NA,NA,1,"I answer the phone whenever it rings, even if I do not know who is calling",NA,NA
"571","080628",NA,NA,NA,NA,NA,NA,NA,1,"If something sounds too good to be true, it usually is",NA,NA
"572","080628",NA,NA,NA,NA,NA,NA,NA,NA,NA,NA,NA
"573","080628",NA,NA,NA,NA,NA,NA,NA,NA,NA,"[""female_option""]",NA
"574","080628",NA,NA,NA,NA,NA,NA,NA,NA,NA,NA,68
"575","080628",NA,NA,NA,NA,NA,NA,NA,NA,NA,NA,NA
"576","080628",NA,NA,NA,NA,NA,NA,NA,NA,NA,NA,NA
"577","080628",NA,NA,NA,NA,NA,NA,NA,NA,NA,NA,NA
"578","080628",NA,NA,NA,NA,NA,NA,NA,NA,NA,NA,NA
"579","080628",NA,NA,NA,NA,NA,NA,NA,NA,NA,NA,NA
"580","080628",NA,NA,NA,NA,NA,NA,NA,NA,NA,NA,NA
"581","080628",NA,NA,NA,NA,NA,NA,NA,NA,NA,NA,NA
"582","080628",NA,NA,NA,NA,NA,NA,NA,NA,NA,NA,NA
"583","080628",NA,NA,NA,NA,NA,NA,NA,NA,NA,NA,NA
"584","080628",NA,NA,NA,NA,NA,NA,NA,NA,NA,NA,NA
"585","154362",NA,NA,NA,NA,NA,NA,NA,NA,NA,NA,NA
"586","154362",NA,NA,NA,NA,NA,NA,NA,NA,NA,NA,NA
"587","154362",NA,NA,NA,NA,NA,NA,NA,NA,NA,NA,NA
"588","154362",NA,NA,NA,NA,NA,NA,NA,NA,NA,NA,NA
"589","154362",2,"resources/real_fg_memory_images/fg22.jpg","artificial",NA,NA,NA,NA,NA,NA,NA,NA
"590","154362",6,"resources/real_fg_memory_images/fg23.jpg","artificial",NA,NA,NA,NA,NA,NA,NA,NA
"591","154362",4,"resources/real_fg_memory_images/fg36.jpg","artificial",NA,NA,NA,NA,NA,NA,NA,NA
"592","154362",1,"resources/real_fg_memory_images/orig11.jpg","real",NA,NA,NA,NA,NA,NA,NA,NA
"593","154362",0,"resources/real_fg_memory_images/fg29.jpg","artificial",NA,NA,NA,NA,NA,NA,NA,NA
"594","154362",6,"resources/real_fg_memory_images/orig4.jpg","real",NA,NA,NA,NA,NA,NA,NA,NA
"595","154362",2,"resources/real_fg_memory_images/orig12.jpg","real",NA,NA,NA,NA,NA,NA,NA,NA
"596","154362",3,"resources/real_fg_memory_images/orig2.jpg","real",NA,NA,NA,NA,NA,NA,NA,NA
"597","154362",9,"resources/real_fg_memory_images/fg34.jpg","artificial",NA,NA,NA,NA,NA,NA,NA,NA
"598","154362",7,"resources/real_fg_memory_images/fg30.jpg","artificial",NA,NA,NA,NA,NA,NA,NA,NA
"599","154362",3,"resources/real_fg_memory_images/orig1.jpg","real",NA,NA,NA,NA,NA,NA,NA,NA
"600","154362",1,"resources/real_fg_memory_images/orig9.jpg","real",NA,NA,NA,NA,NA,NA,NA,NA
"601","154362",0,"resources/real_fg_memory_images/orig5.jpg","real",NA,NA,NA,NA,NA,NA,NA,NA
"602","154362",6,"resources/real_fg_memory_images/fg28.jpg","artificial",NA,NA,NA,NA,NA,NA,NA,NA
"603","154362",4,"resources/real_fg_memory_images/fg19.jpg","artificial",NA,NA,NA,NA,NA,NA,NA,NA
"604","154362",1,"resources/real_fg_memory_images/fg27.jpg","artificial",NA,NA,NA,NA,NA,NA,NA,NA
"605","154362",7,"resources/real_fg_memory_images/fg32.jpg","artificial",NA,NA,NA,NA,NA,NA,NA,NA
"606","154362",0,"resources/real_fg_memory_images/orig8.jpg","real",NA,NA,NA,NA,NA,NA,NA,NA
"607","154362",0,"resources/real_fg_memory_images/fg31.jpg","artificial",NA,NA,NA,NA,NA,NA,NA,NA
"608","154362",5,"resources/real_fg_memory_images/orig13.jpg","real",NA,NA,NA,NA,NA,NA,NA,NA
"609","154362",7,"resources/real_fg_memory_images/orig3.jpg","real",NA,NA,NA,NA,NA,NA,NA,NA
"610","154362",2,"resources/real_fg_memory_images/orig7.jpg","real",NA,NA,NA,NA,NA,NA,NA,NA
"611","154362",4,"resources/real_fg_memory_images/fg24.jpg","artificial",NA,NA,NA,NA,NA,NA,NA,NA
"612","154362",1,"resources/real_fg_memory_images/fg21.jpg","artificial",NA,NA,NA,NA,NA,NA,NA,NA
"613","154362",5,"resources/real_fg_memory_images/orig10.jpg","real",NA,NA,NA,NA,NA,NA,NA,NA
"614","154362",6,"resources/real_fg_memory_images/fg35.jpg","artificial",NA,NA,NA,NA,NA,NA,NA,NA
"615","154362",2,"resources/real_fg_memory_images/fg20.jpg","artificial",NA,NA,NA,NA,NA,NA,NA,NA
"616","154362",7,"resources/real_fg_memory_images/fg33.jpg","artificial",NA,NA,NA,NA,NA,NA,NA,NA
"617","154362",3,"resources/real_fg_memory_images/orig17.jpg","real",NA,NA,NA,NA,NA,NA,NA,NA
"618","154362",6,"resources/real_fg_memory_images/orig16.jpg","real",NA,NA,NA,NA,NA,NA,NA,NA
"619","154362",3,"resources/real_fg_memory_images/orig15.jpg","real",NA,NA,NA,NA,NA,NA,NA,NA
"620","154362",6,"resources/real_fg_memory_images/fg25.jpg","artificial",NA,NA,NA,NA,NA,NA,NA,NA
"621","154362",2,"resources/real_fg_memory_images/fg26.jpg","artificial",NA,NA,NA,NA,NA,NA,NA,NA
"622","154362",7,"resources/real_fg_memory_images/orig6.jpg","real",NA,NA,NA,NA,NA,NA,NA,NA
"623","154362",8,"resources/real_fg_memory_images/orig18.jpg","real",NA,NA,NA,NA,NA,NA,NA,NA
"624","154362",5,"resources/real_fg_memory_images/orig14.jpg","real",NA,NA,NA,NA,NA,NA,NA,NA
"625","154362",NA,NA,NA,NA,NA,NA,NA,NA,NA,NA,NA
"626","154362",NA,"resources/real_fg_memory_images/fg22.jpg",NA,"artificial","Neutral",NA,NA,NA,NA,NA,NA
"627","154362",NA,"resources/real_fg_memory_images/orig1.jpg",NA,"real","Neurtal",NA,NA,NA,NA,NA,NA
"628","154362",NA,"resources/real_fg_memory_images/fg25.jpg",NA,"artificial","Scam",NA,NA,NA,NA,NA,NA
"629","154362",NA,"resources/real_fg_memory_images/orig2.jpg",NA,"real","Neutral",NA,NA,NA,NA,NA,NA
"630","154362",NA,"resources/real_fg_memory_images/orig8.jpg",NA,"real","Scam",NA,NA,NA,NA,NA,NA
"631","154362",NA,"resources/real_fg_memory_images/fg29.jpg",NA,"artificial","Scam",NA,NA,NA,NA,NA,NA
"632","154362",NA,"resources/real_fg_memory_images/orig6.jpg",NA,"real","Neutral",NA,NA,NA,NA,NA,NA
"633","154362",NA,"resources/real_fg_memory_images/orig4.jpg",NA,"real","Neutral",NA,NA,NA,NA,NA,NA
"634","154362",NA,"resources/real_fg_memory_images/orig3.jpg",NA,"real","Neutral",NA,NA,NA,NA,NA,NA
"635","154362",NA,"resources/real_fg_memory_images/fg24.jpg",NA,"artificial","Neutral",NA,NA,NA,NA,NA,NA
"636","154362",NA,"resources/real_fg_memory_images/fg30.jpg",NA,"artificial","Scam",NA,NA,NA,NA,NA,NA
"637","154362",NA,"resources/real_fg_memory_images/orig7.jpg",NA,"real","Scam",NA,NA,NA,NA,NA,NA
"638","154362",NA,"resources/real_fg_memory_images/fg19.jpg",NA,"artificial","Neutral",NA,NA,NA,NA,NA,NA
"639","154362",NA,"resources/real_fg_memory_images/fg26.jpg",NA,"artificial","Scam",NA,NA,NA,NA,NA,NA
"640","154362",NA,"resources/real_fg_memory_images/orig11.jpg",NA,"real","Scam",NA,NA,NA,NA,NA,NA
"641","154362",NA,"resources/real_fg_memory_images/fg27.jpg",NA,"artificial","Scam",NA,NA,NA,NA,NA,NA
"642","154362",NA,"resources/real_fg_memory_images/fg20.jpg",NA,"artificial","Neutral",NA,NA,NA,NA,NA,NA
"643","154362",NA,"resources/real_fg_memory_images/orig12.jpg",NA,"real","Scam",NA,NA,NA,NA,NA,NA
"644","154362",NA,"resources/real_fg_memory_images/fg21.jpg",NA,"artificial","Neutral",NA,NA,NA,NA,NA,NA
"645","154362",NA,"resources/real_fg_memory_images/orig5.jpg",NA,"real","Neutral",NA,NA,NA,NA,NA,NA
"646","154362",NA,"resources/real_fg_memory_images/fg28.jpg",NA,"artificial","Scam",NA,NA,NA,NA,NA,NA
"647","154362",NA,"resources/real_fg_memory_images/fg23.jpg",NA,"artificial","Neutral",NA,NA,NA,NA,NA,NA
"648","154362",NA,"resources/real_fg_memory_images/orig9.jpg",NA,"real","Scam",NA,NA,NA,NA,NA,NA
"649","154362",NA,"resources/real_fg_memory_images/orig10.jpg",NA,"real","Scam",NA,NA,NA,NA,NA,NA
"650","154362",NA,NA,NA,NA,NA,NA,NA,NA,NA,NA,NA
"651","154362",NA,"resources/real_fg_memory_images/orig7.jpg",NA,"real","Scam","[""scam_button""]","10",NA,NA,NA,NA
"652","154362",NA,"resources/real_fg_memory_images/orig2.jpg",NA,"real","Neutral","[""scam_button""]","6",NA,NA,NA,NA
"653","154362",NA,"resources/real_fg_memory_images/orig4.jpg",NA,"real","Neutral","[""neutral_button""]","9",NA,NA,NA,NA
"654","154362",NA,"resources/real_fg_memory_images/orig12.jpg",NA,"real","Scam","[""scam_button""]","10",NA,NA,NA,NA
"655","154362",NA,"resources/real_fg_memory_images/orig5.jpg",NA,"real","Neutral","[""neutral_button""]","9",NA,NA,NA,NA
"656","154362",NA,"resources/real_fg_memory_images/orig8.jpg",NA,"real","Scam","[""scam_button""]","10",NA,NA,NA,NA
"657","154362",NA,"resources/real_fg_memory_images/orig9.jpg",NA,"real","Scam","[""scam_button""]","9",NA,NA,NA,NA
"658","154362",NA,"resources/real_fg_memory_images/orig11.jpg",NA,"real","Scam","[""scam_button""]","10",NA,NA,NA,NA
"659","154362",NA,"resources/real_fg_memory_images/fg30.jpg",NA,"artificial","Scam","[""scam_button""]","10",NA,NA,NA,NA
"660","154362",NA,"resources/real_fg_memory_images/orig1.jpg",NA,"real","Neurtal","[""scam_button""]","8",NA,NA,NA,NA
"661","154362",NA,"resources/real_fg_memory_images/orig10.jpg",NA,"real","Scam","[""scam_button""]","10",NA,NA,NA,NA
"662","154362",NA,"resources/real_fg_memory_images/fg25.jpg",NA,"artificial","Scam","[""neutral_button""]","10",NA,NA,NA,NA
"663","154362",NA,"resources/real_fg_memory_images/fg27.jpg",NA,"artificial","Scam","[""scam_button""]","10",NA,NA,NA,NA
"664","154362",NA,"resources/real_fg_memory_images/fg28.jpg",NA,"artificial","Scam","[""scam_button""]","10",NA,NA,NA,NA
"665","154362",NA,"resources/real_fg_memory_images/orig6.jpg",NA,"real","Neutral","[""neutral_button""]","10",NA,NA,NA,NA
"666","154362",NA,"resources/real_fg_memory_images/fg24.jpg",NA,"artificial","Neutral","[""neutral_button""]","10",NA,NA,NA,NA
"667","154362",NA,"resources/real_fg_memory_images/fg21.jpg",NA,"artificial","Neutral","[""scam_button""]","9",NA,NA,NA,NA
"668","154362",NA,"resources/real_fg_memory_images/fg29.jpg",NA,"artificial","Scam","[""scam_button""]","10",NA,NA,NA,NA
"669","154362",NA,"resources/real_fg_memory_images/fg26.jpg",NA,"artificial","Scam","[""scam_button""]","10",NA,NA,NA,NA
"670","154362",NA,"resources/real_fg_memory_images/fg20.jpg",NA,"artificial","Neutral","[""neutral_button""]","10",NA,NA,NA,NA
"671","154362",NA,"resources/real_fg_memory_images/fg23.jpg",NA,"artificial","Neutral","[""neutral_button""]","10",NA,NA,NA,NA
"672","154362",NA,"resources/real_fg_memory_images/fg22.jpg",NA,"artificial","Neutral","[""neutral_button""]","10",NA,NA,NA,NA
"673","154362",NA,"resources/real_fg_memory_images/orig3.jpg",NA,"real","Neutral","[""neutral_button""]","10",NA,NA,NA,NA
"674","154362",NA,"resources/real_fg_memory_images/fg19.jpg",NA,"artificial","Neutral","[""neutral_button""]","10",NA,NA,NA,NA
"675","154362",NA,NA,NA,NA,NA,NA,NA,NA,NA,NA,NA
"676","154362",8,"resources/real_fg_memory_images/orig16.jpg","real",NA,NA,NA,NA,NA,NA,NA,NA
"677","154362",7,"resources/real_fg_memory_images/orig3.jpg","real",NA,NA,NA,NA,NA,NA,NA,NA
"678","154362",2,"resources/real_fg_memory_images/fg30.jpg","artificial",NA,NA,NA,NA,NA,NA,NA,NA
"679","154362",0,"resources/real_fg_memory_images/orig7.jpg","real",NA,NA,NA,NA,NA,NA,NA,NA
"680","154362",1,"resources/real_fg_memory_images/orig12.jpg","real",NA,NA,NA,NA,NA,NA,NA,NA
"681","154362",1,"resources/real_fg_memory_images/orig5.jpg","real",NA,NA,NA,NA,NA,NA,NA,NA
"682","154362",10,"resources/real_fg_memory_images/orig14.jpg","real",NA,NA,NA,NA,NA,NA,NA,NA
"683","154362",8,"resources/real_fg_memory_images/fg20.jpg","artificial",NA,NA,NA,NA,NA,NA,NA,NA
"684","154362",10,"resources/real_fg_memory_images/orig9.jpg","real",NA,NA,NA,NA,NA,NA,NA,NA
"685","154362",10,"resources/real_fg_memory_images/fg34.jpg","artificial",NA,NA,NA,NA,NA,NA,NA,NA
"686","154362",10,"resources/real_fg_memory_images/fg35.jpg","artificial",NA,NA,NA,NA,NA,NA,NA,NA
"687","154362",9,"resources/real_fg_memory_images/fg19.jpg","artificial",NA,NA,NA,NA,NA,NA,NA,NA
"688","154362",3,"resources/real_fg_memory_images/fg28.jpg","artificial",NA,NA,NA,NA,NA,NA,NA,NA
"689","154362",8,"resources/real_fg_memory_images/fg23.jpg","artificial",NA,NA,NA,NA,NA,NA,NA,NA
"690","154362",0,"resources/real_fg_memory_images/fg26.jpg","artificial",NA,NA,NA,NA,NA,NA,NA,NA
"691","154362",0,"resources/real_fg_memory_images/orig1.jpg","real",NA,NA,NA,NA,NA,NA,NA,NA
"692","154362",1,"resources/real_fg_memory_images/orig13.jpg","real",NA,NA,NA,NA,NA,NA,NA,NA
"693","154362",10,"resources/real_fg_memory_images/fg33.jpg","artificial",NA,NA,NA,NA,NA,NA,NA,NA
"694","154362",0,"resources/real_fg_memory_images/fg29.jpg","artificial",NA,NA,NA,NA,NA,NA,NA,NA
"695","154362",10,"resources/real_fg_memory_images/fg25.jpg","artificial",NA,NA,NA,NA,NA,NA,NA,NA
"696","154362",0,"resources/real_fg_memory_images/orig8.jpg","real",NA,NA,NA,NA,NA,NA,NA,NA
"697","154362",0,"resources/real_fg_memory_images/orig17.jpg","real",NA,NA,NA,NA,NA,NA,NA,NA
"698","154362",4,"resources/real_fg_memory_images/fg27.jpg","artificial",NA,NA,NA,NA,NA,NA,NA,NA
"699","154362",3,"resources/real_fg_memory_images/orig6.jpg","real",NA,NA,NA,NA,NA,NA,NA,NA
"700","154362",7,"resources/real_fg_memory_images/fg36.jpg","artificial",NA,NA,NA,NA,NA,NA,NA,NA
"701","154362",0,"resources/real_fg_memory_images/orig2.jpg","real",NA,NA,NA,NA,NA,NA,NA,NA
"702","154362",0,"resources/real_fg_memory_images/fg21.jpg","artificial",NA,NA,NA,NA,NA,NA,NA,NA
"703","154362",1,"resources/real_fg_memory_images/fg32.jpg","artificial",NA,NA,NA,NA,NA,NA,NA,NA
"704","154362",3,"resources/real_fg_memory_images/fg31.jpg","artificial",NA,NA,NA,NA,NA,NA,NA,NA
"705","154362",8,"resources/real_fg_memory_images/fg24.jpg","artificial",NA,NA,NA,NA,NA,NA,NA,NA
"706","154362",0,"resources/real_fg_memory_images/orig4.jpg","real",NA,NA,NA,NA,NA,NA,NA,NA
"707","154362",4,"resources/real_fg_memory_images/fg22.jpg","artificial",NA,NA,NA,NA,NA,NA,NA,NA
"708","154362",6,"resources/real_fg_memory_images/orig18.jpg","real",NA,NA,NA,NA,NA,NA,NA,NA
"709","154362",3,"resources/real_fg_memory_images/orig10.jpg","real",NA,NA,NA,NA,NA,NA,NA,NA
"710","154362",0,"resources/real_fg_memory_images/orig11.jpg","real",NA,NA,NA,NA,NA,NA,NA,NA
"711","154362",0,"resources/real_fg_memory_images/orig15.jpg","real",NA,NA,NA,NA,NA,NA,NA,NA
"712","154362",NA,NA,NA,NA,NA,NA,NA,NA,NA,NA,NA
"713","154362",NA,NA,NA,NA,NA,NA,NA,5,"Persons over the age of 65 are often targeted by con-artists",NA,NA
"714","154362",NA,NA,NA,NA,NA,NA,NA,1,"I answer the phone whenever it rings, even if I do not know who is calling",NA,NA
"715","154362",NA,NA,NA,NA,NA,NA,NA,1,"If a telemarketer calls me, I usually listen to what they have to say",NA,NA
"716","154362",NA,NA,NA,NA,NA,NA,NA,5,"If something sounds too good to be true, it usually is",NA,NA
"717","154362",NA,NA,NA,NA,NA,NA,NA,1,"I have difficulty ending a phone call, even if the caller is a telemarketer, someone I do not know, or someone I do not wish to call me",NA,NA
"718","154362",NA,NA,NA,NA,NA,NA,NA,NA,NA,NA,NA
"719","154362",NA,NA,NA,NA,NA,NA,NA,NA,NA,"[""female_option""]",NA
"720","154362",NA,NA,NA,NA,NA,NA,NA,NA,NA,NA,67
"721","154362",NA,NA,NA,NA,NA,NA,NA,NA,NA,NA,NA
"722","154362",NA,NA,NA,NA,NA,NA,NA,NA,NA,NA,NA
"723","154362",NA,NA,NA,NA,NA,NA,NA,NA,NA,NA,NA
"724","154362",NA,NA,NA,NA,NA,NA,NA,NA,NA,NA,NA
"725","154362",NA,NA,NA,NA,NA,NA,NA,NA,NA,NA,NA
"726","154362",NA,NA,NA,NA,NA,NA,NA,NA,NA,NA,NA
"727","154362",NA,NA,NA,NA,NA,NA,NA,NA,NA,NA,NA
"728","154362",NA,NA,NA,NA,NA,NA,NA,NA,NA,NA,NA
"729","154362",NA,NA,NA,NA,NA,NA,NA,NA,NA,NA,NA
"730","154362",NA,NA,NA,NA,NA,NA,NA,NA,NA,NA,NA
"731","202198",NA,NA,NA,NA,NA,NA,NA,NA,NA,NA,NA
"732","202198",NA,NA,NA,NA,NA,NA,NA,NA,NA,NA,NA
"733","202198",NA,NA,NA,NA,NA,NA,NA,NA,NA,NA,NA
"734","202198",NA,NA,NA,NA,NA,NA,NA,NA,NA,NA,NA
"735","202198",5,"resources/real_fg_memory_images/fg20.jpg","artificial",NA,NA,NA,NA,NA,NA,NA,NA
"736","202198",5,"resources/real_fg_memory_images/fg22.jpg","artificial",NA,NA,NA,NA,NA,NA,NA,NA
"737","202198",8,"resources/real_fg_memory_images/orig14.jpg","real",NA,NA,NA,NA,NA,NA,NA,NA
"738","202198",8,"resources/real_fg_memory_images/orig6.jpg","real",NA,NA,NA,NA,NA,NA,NA,NA
"739","202198",8,"resources/real_fg_memory_images/orig9.jpg","real",NA,NA,NA,NA,NA,NA,NA,NA
"740","202198",7,"resources/real_fg_memory_images/fg28.jpg","artificial",NA,NA,NA,NA,NA,NA,NA,NA
"741","202198",7,"resources/real_fg_memory_images/orig13.jpg","real",NA,NA,NA,NA,NA,NA,NA,NA
"742","202198",8,"resources/real_fg_memory_images/fg30.jpg","artificial",NA,NA,NA,NA,NA,NA,NA,NA
"743","202198",7,"resources/real_fg_memory_images/orig8.jpg","real",NA,NA,NA,NA,NA,NA,NA,NA
"744","202198",7,"resources/real_fg_memory_images/fg23.jpg","artificial",NA,NA,NA,NA,NA,NA,NA,NA
"745","202198",6,"resources/real_fg_memory_images/orig3.jpg","real",NA,NA,NA,NA,NA,NA,NA,NA
"746","202198",6,"resources/real_fg_memory_images/fg25.jpg","artificial",NA,NA,NA,NA,NA,NA,NA,NA
"747","202198",8,"resources/real_fg_memory_images/fg34.jpg","artificial",NA,NA,NA,NA,NA,NA,NA,NA
"748","202198",8,"resources/real_fg_memory_images/fg24.jpg","artificial",NA,NA,NA,NA,NA,NA,NA,NA
"749","202198",6,"resources/real_fg_memory_images/orig5.jpg","real",NA,NA,NA,NA,NA,NA,NA,NA
"750","202198",7,"resources/real_fg_memory_images/fg26.jpg","artificial",NA,NA,NA,NA,NA,NA,NA,NA
"751","202198",7,"resources/real_fg_memory_images/fg29.jpg","artificial",NA,NA,NA,NA,NA,NA,NA,NA
"752","202198",8,"resources/real_fg_memory_images/orig15.jpg","real",NA,NA,NA,NA,NA,NA,NA,NA
"753","202198",8,"resources/real_fg_memory_images/fg32.jpg","artificial",NA,NA,NA,NA,NA,NA,NA,NA
"754","202198",8,"resources/real_fg_memory_images/orig17.jpg","real",NA,NA,NA,NA,NA,NA,NA,NA
"755","202198",7,"resources/real_fg_memory_images/fg21.jpg","artificial",NA,NA,NA,NA,NA,NA,NA,NA
"756","202198",9,"resources/real_fg_memory_images/orig18.jpg","real",NA,NA,NA,NA,NA,NA,NA,NA
"757","202198",9,"resources/real_fg_memory_images/orig16.jpg","real",NA,NA,NA,NA,NA,NA,NA,NA
"758","202198",8,"resources/real_fg_memory_images/fg36.jpg","artificial",NA,NA,NA,NA,NA,NA,NA,NA
"759","202198",7,"resources/real_fg_memory_images/fg33.jpg","artificial",NA,NA,NA,NA,NA,NA,NA,NA
"760","202198",6,"resources/real_fg_memory_images/fg19.jpg","artificial",NA,NA,NA,NA,NA,NA,NA,NA
"761","202198",8,"resources/real_fg_memory_images/orig1.jpg","real",NA,NA,NA,NA,NA,NA,NA,NA
"762","202198",7,"resources/real_fg_memory_images/orig2.jpg","real",NA,NA,NA,NA,NA,NA,NA,NA
"763","202198",5,"resources/real_fg_memory_images/fg31.jpg","artificial",NA,NA,NA,NA,NA,NA,NA,NA
"764","202198",9,"resources/real_fg_memory_images/orig4.jpg","real",NA,NA,NA,NA,NA,NA,NA,NA
"765","202198",7,"resources/real_fg_memory_images/fg35.jpg","artificial",NA,NA,NA,NA,NA,NA,NA,NA
"766","202198",7,"resources/real_fg_memory_images/orig7.jpg","real",NA,NA,NA,NA,NA,NA,NA,NA
"767","202198",7,"resources/real_fg_memory_images/orig12.jpg","real",NA,NA,NA,NA,NA,NA,NA,NA
"768","202198",5,"resources/real_fg_memory_images/orig10.jpg","real",NA,NA,NA,NA,NA,NA,NA,NA
"769","202198",7,"resources/real_fg_memory_images/orig11.jpg","real",NA,NA,NA,NA,NA,NA,NA,NA
"770","202198",6,"resources/real_fg_memory_images/fg27.jpg","artificial",NA,NA,NA,NA,NA,NA,NA,NA
"771","202198",NA,NA,NA,NA,NA,NA,NA,NA,NA,NA,NA
"772","202198",NA,"resources/real_fg_memory_images/fg20.jpg",NA,"artificial","Neutral",NA,NA,NA,NA,NA,NA
"773","202198",NA,"resources/real_fg_memory_images/orig10.jpg",NA,"real","Scam",NA,NA,NA,NA,NA,NA
"774","202198",NA,"resources/real_fg_memory_images/fg25.jpg",NA,"artificial","Scam",NA,NA,NA,NA,NA,NA
"775","202198",NA,"resources/real_fg_memory_images/fg19.jpg",NA,"artificial","Neutral",NA,NA,NA,NA,NA,NA
"776","202198",NA,"resources/real_fg_memory_images/fg29.jpg",NA,"artificial","Scam",NA,NA,NA,NA,NA,NA
"777","202198",NA,"resources/real_fg_memory_images/fg23.jpg",NA,"artificial","Neutral",NA,NA,NA,NA,NA,NA
"778","202198",NA,"resources/real_fg_memory_images/orig4.jpg",NA,"real","Neutral",NA,NA,NA,NA,NA,NA
"779","202198",NA,"resources/real_fg_memory_images/fg28.jpg",NA,"artificial","Scam",NA,NA,NA,NA,NA,NA
"780","202198",NA,"resources/real_fg_memory_images/orig5.jpg",NA,"real","Neutral",NA,NA,NA,NA,NA,NA
"781","202198",NA,"resources/real_fg_memory_images/orig2.jpg",NA,"real","Neutral",NA,NA,NA,NA,NA,NA
"782","202198",NA,"resources/real_fg_memory_images/orig12.jpg",NA,"real","Scam",NA,NA,NA,NA,NA,NA
"783","202198",NA,"resources/real_fg_memory_images/orig6.jpg",NA,"real","Neutral",NA,NA,NA,NA,NA,NA
"784","202198",NA,"resources/real_fg_memory_images/fg26.jpg",NA,"artificial","Scam",NA,NA,NA,NA,NA,NA
"785","202198",NA,"resources/real_fg_memory_images/fg24.jpg",NA,"artificial","Neutral",NA,NA,NA,NA,NA,NA
"786","202198",NA,"resources/real_fg_memory_images/orig1.jpg",NA,"real","Neurtal",NA,NA,NA,NA,NA,NA
"787","202198",NA,"resources/real_fg_memory_images/orig9.jpg",NA,"real","Scam",NA,NA,NA,NA,NA,NA
"788","202198",NA,"resources/real_fg_memory_images/orig7.jpg",NA,"real","Scam",NA,NA,NA,NA,NA,NA
"789","202198",NA,"resources/real_fg_memory_images/fg21.jpg",NA,"artificial","Neutral",NA,NA,NA,NA,NA,NA
"790","202198",NA,"resources/real_fg_memory_images/fg22.jpg",NA,"artificial","Neutral",NA,NA,NA,NA,NA,NA
"791","202198",NA,"resources/real_fg_memory_images/orig11.jpg",NA,"real","Scam",NA,NA,NA,NA,NA,NA
"792","202198",NA,"resources/real_fg_memory_images/orig8.jpg",NA,"real","Scam",NA,NA,NA,NA,NA,NA
"793","202198",NA,"resources/real_fg_memory_images/fg30.jpg",NA,"artificial","Scam",NA,NA,NA,NA,NA,NA
"794","202198",NA,"resources/real_fg_memory_images/fg27.jpg",NA,"artificial","Scam",NA,NA,NA,NA,NA,NA
"795","202198",NA,"resources/real_fg_memory_images/orig3.jpg",NA,"real","Neutral",NA,NA,NA,NA,NA,NA
"796","202198",NA,NA,NA,NA,NA,NA,NA,NA,NA,NA,NA
"797","202198",NA,"resources/real_fg_memory_images/orig11.jpg",NA,"real","Scam","[""neutral_button""]","10",NA,NA,NA,NA
"798","202198",NA,"resources/real_fg_memory_images/fg19.jpg",NA,"artificial","Neutral","[""neutral_button""]","10",NA,NA,NA,NA
"799","202198",NA,"resources/real_fg_memory_images/fg25.jpg",NA,"artificial","Scam","[""neutral_button""]","5",NA,NA,NA,NA
"800","202198",NA,"resources/real_fg_memory_images/orig4.jpg",NA,"real","Neutral","[""neutral_button""]","10",NA,NA,NA,NA
"801","202198",NA,"resources/real_fg_memory_images/fg23.jpg",NA,"artificial","Neutral","[""neutral_button""]","5",NA,NA,NA,NA
"802","202198",NA,"resources/real_fg_memory_images/orig1.jpg",NA,"real","Neurtal","[""scam_button""]","6",NA,NA,NA,NA
"803","202198",NA,"resources/real_fg_memory_images/orig9.jpg",NA,"real","Scam","[""scam_button""]","7",NA,NA,NA,NA
"804","202198",NA,"resources/real_fg_memory_images/fg21.jpg",NA,"artificial","Neutral","[""neutral_button""]","5",NA,NA,NA,NA
"805","202198",NA,"resources/real_fg_memory_images/fg26.jpg",NA,"artificial","Scam","[""neutral_button""]","5",NA,NA,NA,NA
"806","202198",NA,"resources/real_fg_memory_images/orig8.jpg",NA,"real","Scam","[""scam_button""]","10",NA,NA,NA,NA
"807","202198",NA,"resources/real_fg_memory_images/fg29.jpg",NA,"artificial","Scam","[""scam_button""]","7",NA,NA,NA,NA
"808","202198",NA,"resources/real_fg_memory_images/orig3.jpg",NA,"real","Neutral","[""neutral_button""]","10",NA,NA,NA,NA
"809","202198",NA,"resources/real_fg_memory_images/orig10.jpg",NA,"real","Scam","[""scam_button""]","8",NA,NA,NA,NA
"810","202198",NA,"resources/real_fg_memory_images/fg20.jpg",NA,"artificial","Neutral","[""neutral_button""]","5",NA,NA,NA,NA
"811","202198",NA,"resources/real_fg_memory_images/orig2.jpg",NA,"real","Neutral","[""neutral_button""]","10",NA,NA,NA,NA
"812","202198",NA,"resources/real_fg_memory_images/fg22.jpg",NA,"artificial","Neutral","[""neutral_button""]","10",NA,NA,NA,NA
"813","202198",NA,"resources/real_fg_memory_images/orig7.jpg",NA,"real","Scam","[""scam_button""]","9",NA,NA,NA,NA
"814","202198",NA,"resources/real_fg_memory_images/fg27.jpg",NA,"artificial","Scam","[""scam_button""]","9",NA,NA,NA,NA
"815","202198",NA,"resources/real_fg_memory_images/fg24.jpg",NA,"artificial","Neutral","[""neutral_button""]","8",NA,NA,NA,NA
"816","202198",NA,"resources/real_fg_memory_images/fg30.jpg",NA,"artificial","Scam","[""neutral_button""]","10",NA,NA,NA,NA
"817","202198",NA,"resources/real_fg_memory_images/fg28.jpg",NA,"artificial","Scam","[""scam_button""]","10",NA,NA,NA,NA
"818","202198",NA,"resources/real_fg_memory_images/orig5.jpg",NA,"real","Neutral","[""scam_button""]","10",NA,NA,NA,NA
"819","202198",NA,"resources/real_fg_memory_images/orig12.jpg",NA,"real","Scam","[""neutral_button""]","5",NA,NA,NA,NA
"820","202198",NA,"resources/real_fg_memory_images/orig6.jpg",NA,"real","Neutral","[""neutral_button""]","8",NA,NA,NA,NA
"821","202198",NA,NA,NA,NA,NA,NA,NA,NA,NA,NA,NA
"822","202198",9,"resources/real_fg_memory_images/orig16.jpg","real",NA,NA,NA,NA,NA,NA,NA,NA
"823","202198",9,"resources/real_fg_memory_images/fg28.jpg","artificial",NA,NA,NA,NA,NA,NA,NA,NA
"824","202198",7,"resources/real_fg_memory_images/fg20.jpg","artificial",NA,NA,NA,NA,NA,NA,NA,NA
"825","202198",8,"resources/real_fg_memory_images/fg33.jpg","artificial",NA,NA,NA,NA,NA,NA,NA,NA
"826","202198",5,"resources/real_fg_memory_images/orig8.jpg","real",NA,NA,NA,NA,NA,NA,NA,NA
"827","202198",7,"resources/real_fg_memory_images/orig13.jpg","real",NA,NA,NA,NA,NA,NA,NA,NA
"828","202198",4,"resources/real_fg_memory_images/fg27.jpg","artificial",NA,NA,NA,NA,NA,NA,NA,NA
"829","202198",5,"resources/real_fg_memory_images/orig5.jpg","real",NA,NA,NA,NA,NA,NA,NA,NA
"830","202198",5,"resources/real_fg_memory_images/fg29.jpg","artificial",NA,NA,NA,NA,NA,NA,NA,NA
"831","202198",4,"resources/real_fg_memory_images/orig7.jpg","real",NA,NA,NA,NA,NA,NA,NA,NA
"832","202198",6,"resources/real_fg_memory_images/fg30.jpg","artificial",NA,NA,NA,NA,NA,NA,NA,NA
"833","202198",6,"resources/real_fg_memory_images/orig3.jpg","real",NA,NA,NA,NA,NA,NA,NA,NA
"834","202198",6,"resources/real_fg_memory_images/orig12.jpg","real",NA,NA,NA,NA,NA,NA,NA,NA
"835","202198",5,"resources/real_fg_memory_images/fg24.jpg","artificial",NA,NA,NA,NA,NA,NA,NA,NA
"836","202198",7,"resources/real_fg_memory_images/orig17.jpg","real",NA,NA,NA,NA,NA,NA,NA,NA
"837","202198",7,"resources/real_fg_memory_images/fg36.jpg","artificial",NA,NA,NA,NA,NA,NA,NA,NA
"838","202198",5,"resources/real_fg_memory_images/fg22.jpg","artificial",NA,NA,NA,NA,NA,NA,NA,NA
"839","202198",4,"resources/real_fg_memory_images/orig10.jpg","real",NA,NA,NA,NA,NA,NA,NA,NA
"840","202198",6,"resources/real_fg_memory_images/orig15.jpg","real",NA,NA,NA,NA,NA,NA,NA,NA
"841","202198",5,"resources/real_fg_memory_images/fg23.jpg","artificial",NA,NA,NA,NA,NA,NA,NA,NA
"842","202198",6,"resources/real_fg_memory_images/fg26.jpg","artificial",NA,NA,NA,NA,NA,NA,NA,NA
"843","202198",7,"resources/real_fg_memory_images/orig2.jpg","real",NA,NA,NA,NA,NA,NA,NA,NA
"844","202198",5,"resources/real_fg_memory_images/fg31.jpg","artificial",NA,NA,NA,NA,NA,NA,NA,NA
"845","202198",8,"resources/real_fg_memory_images/orig4.jpg","real",NA,NA,NA,NA,NA,NA,NA,NA
"846","202198",8,"resources/real_fg_memory_images/fg34.jpg","artificial",NA,NA,NA,NA,NA,NA,NA,NA
"847","202198",7,"resources/real_fg_memory_images/orig11.jpg","real",NA,NA,NA,NA,NA,NA,NA,NA
"848","202198",7,"resources/real_fg_memory_images/orig1.jpg","real",NA,NA,NA,NA,NA,NA,NA,NA
"849","202198",7,"resources/real_fg_memory_images/fg32.jpg","artificial",NA,NA,NA,NA,NA,NA,NA,NA
"850","202198",6,"resources/real_fg_memory_images/orig9.jpg","real",NA,NA,NA,NA,NA,NA,NA,NA
"851","202198",6,"resources/real_fg_memory_images/fg25.jpg","artificial",NA,NA,NA,NA,NA,NA,NA,NA
"852","202198",6,"resources/real_fg_memory_images/fg35.jpg","artificial",NA,NA,NA,NA,NA,NA,NA,NA
"853","202198",6,"resources/real_fg_memory_images/fg19.jpg","artificial",NA,NA,NA,NA,NA,NA,NA,NA
"854","202198",7,"resources/real_fg_memory_images/orig14.jpg","real",NA,NA,NA,NA,NA,NA,NA,NA
"855","202198",8,"resources/real_fg_memory_images/orig6.jpg","real",NA,NA,NA,NA,NA,NA,NA,NA
"856","202198",9,"resources/real_fg_memory_images/orig18.jpg","real",NA,NA,NA,NA,NA,NA,NA,NA
"857","202198",6,"resources/real_fg_memory_images/fg21.jpg","artificial",NA,NA,NA,NA,NA,NA,NA,NA
"858","202198",NA,NA,NA,NA,NA,NA,NA,NA,NA,NA,NA
"859","202198",NA,NA,NA,NA,NA,NA,NA,1,"If a telemarketer calls me, I usually listen to what they have to say",NA,NA
"860","202198",NA,NA,NA,NA,NA,NA,NA,5,"If something sounds too good to be true, it usually is",NA,NA
"861","202198",NA,NA,NA,NA,NA,NA,NA,5,"Persons over the age of 65 are often targeted by con-artists",NA,NA
"862","202198",NA,NA,NA,NA,NA,NA,NA,1,"I have difficulty ending a phone call, even if the caller is a telemarketer, someone I do not know, or someone I do not wish to call me",NA,NA
"863","202198",NA,NA,NA,NA,NA,NA,NA,1,"I answer the phone whenever it rings, even if I do not know who is calling",NA,NA
"864","202198",NA,NA,NA,NA,NA,NA,NA,NA,NA,NA,NA
"865","202198",NA,NA,NA,NA,NA,NA,NA,NA,NA,"[""male_option""]",NA
"866","202198",NA,NA,NA,NA,NA,NA,NA,NA,NA,NA,70
"867","202198",NA,NA,NA,NA,NA,NA,NA,NA,NA,NA,NA
"868","202198",NA,NA,NA,NA,NA,NA,NA,NA,NA,NA,NA
"869","202198",NA,NA,NA,NA,NA,NA,NA,NA,NA,NA,NA
"870","202198",NA,NA,NA,NA,NA,NA,NA,NA,NA,NA,NA
"871","202198",NA,NA,NA,NA,NA,NA,NA,NA,NA,NA,NA
"872","202198",NA,NA,NA,NA,NA,NA,NA,NA,NA,NA,NA
"873","202198",NA,NA,NA,NA,NA,NA,NA,NA,NA,NA,NA
"874","202198",NA,NA,NA,NA,NA,NA,NA,NA,NA,NA,NA
"875","202198",NA,NA,NA,NA,NA,NA,NA,NA,NA,NA,NA
"876","202198",NA,NA,NA,NA,NA,NA,NA,NA,NA,NA,NA
"877","248915",NA,NA,NA,NA,NA,NA,NA,NA,NA,NA,NA
"878","248915",NA,NA,NA,NA,NA,NA,NA,NA,NA,NA,NA
"879","248915",NA,NA,NA,NA,NA,NA,NA,NA,NA,NA,NA
"880","248915",NA,NA,NA,NA,NA,NA,NA,NA,NA,NA,NA
"881","248915",NA,"resources/real_fg_memory_images/fg30.jpg","artificial",NA,NA,NA,NA,NA,NA,NA,NA
"882","248915",NA,"resources/real_fg_memory_images/fg36.jpg","artificial",NA,NA,NA,NA,NA,NA,NA,NA
"883","248915",NA,"resources/real_fg_memory_images/orig10.jpg","real",NA,NA,NA,NA,NA,NA,NA,NA
"884","248915",NA,"resources/real_fg_memory_images/orig8.jpg","real",NA,NA,NA,NA,NA,NA,NA,NA
"885","248915",0,"resources/real_fg_memory_images/fg21.jpg","artificial",NA,NA,NA,NA,NA,NA,NA,NA
"886","248915",10,"resources/real_fg_memory_images/orig6.jpg","real",NA,NA,NA,NA,NA,NA,NA,NA
"887","248915",NA,"resources/real_fg_memory_images/fg29.jpg","artificial",NA,NA,NA,NA,NA,NA,NA,NA
"888","248915",0,"resources/real_fg_memory_images/orig2.jpg","real",NA,NA,NA,NA,NA,NA,NA,NA
"889","248915",NA,"resources/real_fg_memory_images/fg19.jpg","artificial",NA,NA,NA,NA,NA,NA,NA,NA
"890","248915",NA,"resources/real_fg_memory_images/fg22.jpg","artificial",NA,NA,NA,NA,NA,NA,NA,NA
"891","248915",0,"resources/real_fg_memory_images/orig13.jpg","real",NA,NA,NA,NA,NA,NA,NA,NA
"892","248915",10,"resources/real_fg_memory_images/orig7.jpg","real",NA,NA,NA,NA,NA,NA,NA,NA
"893","248915",0,"resources/real_fg_memory_images/orig16.jpg","real",NA,NA,NA,NA,NA,NA,NA,NA
"894","248915",0,"resources/real_fg_memory_images/fg31.jpg","artificial",NA,NA,NA,NA,NA,NA,NA,NA
"895","248915",0,"resources/real_fg_memory_images/orig18.jpg","real",NA,NA,NA,NA,NA,NA,NA,NA
"896","248915",10,"resources/real_fg_memory_images/orig5.jpg","real",NA,NA,NA,NA,NA,NA,NA,NA
"897","248915",10,"resources/real_fg_memory_images/orig14.jpg","real",NA,NA,NA,NA,NA,NA,NA,NA
"898","248915",0,"resources/real_fg_memory_images/orig11.jpg","real",NA,NA,NA,NA,NA,NA,NA,NA
"899","248915",0,"resources/real_fg_memory_images/orig9.jpg","real",NA,NA,NA,NA,NA,NA,NA,NA
"900","248915",0,"resources/real_fg_memory_images/fg32.jpg","artificial",NA,NA,NA,NA,NA,NA,NA,NA
"901","248915",0,"resources/real_fg_memory_images/fg25.jpg","artificial",NA,NA,NA,NA,NA,NA,NA,NA
"902","248915",10,"resources/real_fg_memory_images/orig1.jpg","real",NA,NA,NA,NA,NA,NA,NA,NA
"903","248915",10,"resources/real_fg_memory_images/orig12.jpg","real",NA,NA,NA,NA,NA,NA,NA,NA
"904","248915",0,"resources/real_fg_memory_images/fg20.jpg","artificial",NA,NA,NA,NA,NA,NA,NA,NA
"905","248915",0,"resources/real_fg_memory_images/orig17.jpg","real",NA,NA,NA,NA,NA,NA,NA,NA
"906","248915",0,"resources/real_fg_memory_images/fg27.jpg","artificial",NA,NA,NA,NA,NA,NA,NA,NA
"907","248915",0,"resources/real_fg_memory_images/fg33.jpg","artificial",NA,NA,NA,NA,NA,NA,NA,NA
"908","248915",10,"resources/real_fg_memory_images/orig15.jpg","real",NA,NA,NA,NA,NA,NA,NA,NA
"909","248915",0,"resources/real_fg_memory_images/orig3.jpg","real",NA,NA,NA,NA,NA,NA,NA,NA
"910","248915",0,"resources/real_fg_memory_images/fg24.jpg","artificial",NA,NA,NA,NA,NA,NA,NA,NA
"911","248915",0,"resources/real_fg_memory_images/fg26.jpg","artificial",NA,NA,NA,NA,NA,NA,NA,NA
"912","248915",0,"resources/real_fg_memory_images/fg23.jpg","artificial",NA,NA,NA,NA,NA,NA,NA,NA
"913","248915",10,"resources/real_fg_memory_images/fg34.jpg","artificial",NA,NA,NA,NA,NA,NA,NA,NA
"914","248915",0,"resources/real_fg_memory_images/fg35.jpg","artificial",NA,NA,NA,NA,NA,NA,NA,NA
"915","248915",10,"resources/real_fg_memory_images/orig4.jpg","real",NA,NA,NA,NA,NA,NA,NA,NA
"916","248915",0,"resources/real_fg_memory_images/fg28.jpg","artificial",NA,NA,NA,NA,NA,NA,NA,NA
"917","248915",NA,NA,NA,NA,NA,NA,NA,NA,NA,NA,NA
"918","248915",NA,"resources/real_fg_memory_images/orig6.jpg",NA,"real","Neutral",NA,NA,NA,NA,NA,NA
"919","248915",NA,"resources/real_fg_memory_images/fg21.jpg",NA,"artificial","Neutral",NA,NA,NA,NA,NA,NA
"920","248915",NA,"resources/real_fg_memory_images/orig8.jpg",NA,"real","Scam",NA,NA,NA,NA,NA,NA
"921","248915",NA,"resources/real_fg_memory_images/fg28.jpg",NA,"artificial","Scam",NA,NA,NA,NA,NA,NA
"922","248915",NA,"resources/real_fg_memory_images/fg20.jpg",NA,"artificial","Neutral",NA,NA,NA,NA,NA,NA
"923","248915",NA,"resources/real_fg_memory_images/fg29.jpg",NA,"artificial","Scam",NA,NA,NA,NA,NA,NA
"924","248915",NA,"resources/real_fg_memory_images/fg23.jpg",NA,"artificial","Neutral",NA,NA,NA,NA,NA,NA
"925","248915",NA,"resources/real_fg_memory_images/orig2.jpg",NA,"real","Neutral",NA,NA,NA,NA,NA,NA
"926","248915",NA,"resources/real_fg_memory_images/orig11.jpg",NA,"real","Scam",NA,NA,NA,NA,NA,NA
"927","248915",NA,"resources/real_fg_memory_images/orig1.jpg",NA,"real","Neurtal",NA,NA,NA,NA,NA,NA
"928","248915",NA,"resources/real_fg_memory_images/orig4.jpg",NA,"real","Neutral",NA,NA,NA,NA,NA,NA
"929","248915",NA,"resources/real_fg_memory_images/orig10.jpg",NA,"real","Scam",NA,NA,NA,NA,NA,NA
"930","248915",NA,"resources/real_fg_memory_images/fg24.jpg",NA,"artificial","Neutral",NA,NA,NA,NA,NA,NA
"931","248915",NA,"resources/real_fg_memory_images/fg19.jpg",NA,"artificial","Neutral",NA,NA,NA,NA,NA,NA
"932","248915",NA,"resources/real_fg_memory_images/orig7.jpg",NA,"real","Scam",NA,NA,NA,NA,NA,NA
"933","248915",NA,"resources/real_fg_memory_images/orig3.jpg",NA,"real","Neutral",NA,NA,NA,NA,NA,NA
"934","248915",NA,"resources/real_fg_memory_images/fg26.jpg",NA,"artificial","Scam",NA,NA,NA,NA,NA,NA
"935","248915",NA,"resources/real_fg_memory_images/orig9.jpg",NA,"real","Scam",NA,NA,NA,NA,NA,NA
"936","248915",NA,"resources/real_fg_memory_images/fg27.jpg",NA,"artificial","Scam",NA,NA,NA,NA,NA,NA
"937","248915",NA,"resources/real_fg_memory_images/orig12.jpg",NA,"real","Scam",NA,NA,NA,NA,NA,NA
"938","248915",NA,"resources/real_fg_memory_images/fg25.jpg",NA,"artificial","Scam",NA,NA,NA,NA,NA,NA
"939","248915",NA,"resources/real_fg_memory_images/fg30.jpg",NA,"artificial","Scam",NA,NA,NA,NA,NA,NA
"940","248915",NA,"resources/real_fg_memory_images/fg22.jpg",NA,"artificial","Neutral",NA,NA,NA,NA,NA,NA
"941","248915",NA,"resources/real_fg_memory_images/orig5.jpg",NA,"real","Neutral",NA,NA,NA,NA,NA,NA
"942","248915",NA,NA,NA,NA,NA,NA,NA,NA,NA,NA,NA
"943","248915",NA,"resources/real_fg_memory_images/orig6.jpg",NA,"real","Neutral","[""neutral_button""]"," 10",NA,NA,NA,NA
"944","248915",NA,"resources/real_fg_memory_images/orig12.jpg",NA,"real","Scam","[""neutral_button"",""scam_button""]"," 0",NA,NA,NA,NA
"945","248915",NA,"resources/real_fg_memory_images/fg26.jpg",NA,"artificial","Scam","[""scam_button""]","10",NA,NA,NA,NA
"946","248915",NA,"resources/real_fg_memory_images/fg20.jpg",NA,"artificial","Neutral","[""neutral_button""]","0",NA,NA,NA,NA
"947","248915",NA,"resources/real_fg_memory_images/fg22.jpg",NA,"artificial","Neutral","[""neutral_button""]"," 10",NA,NA,NA,NA
"948","248915",NA,"resources/real_fg_memory_images/orig8.jpg",NA,"real","Scam","[""neutral_button""]"," 10",NA,NA,NA,NA
"949","248915",NA,"resources/real_fg_memory_images/fg21.jpg",NA,"artificial","Neutral","[""neutral_button""]","10",NA,NA,NA,NA
"950","248915",NA,"resources/real_fg_memory_images/orig9.jpg",NA,"real","Scam","[""scam_button""]","0",NA,NA,NA,NA
"951","248915",NA,"resources/real_fg_memory_images/orig3.jpg",NA,"real","Neutral","[""neutral_button""]"," 0",NA,NA,NA,NA
"952","248915",NA,"resources/real_fg_memory_images/orig7.jpg",NA,"real","Scam","[""scam_button""]"," 10",NA,NA,NA,NA
"953","248915",NA,"resources/real_fg_memory_images/orig10.jpg",NA,"real","Scam","[""neutral_button""]","0",NA,NA,NA,NA
"954","248915",NA,"resources/real_fg_memory_images/fg19.jpg",NA,"artificial","Neutral","[""neutral_button""]"," 10",NA,NA,NA,NA
"955","248915",NA,"resources/real_fg_memory_images/orig4.jpg",NA,"real","Neutral","[""neutral_button"",""scam_button""]","0",NA,NA,NA,NA
"956","248915",NA,"resources/real_fg_memory_images/fg23.jpg",NA,"artificial","Neutral","[""neutral_button""]","10",NA,NA,NA,NA
"957","248915",NA,"resources/real_fg_memory_images/orig5.jpg",NA,"real","Neutral","[""neutral_button"",""scam_button""]","0",NA,NA,NA,NA
"958","248915",NA,"resources/real_fg_memory_images/fg29.jpg",NA,"artificial","Scam","[""neutral_button""]","10",NA,NA,NA,NA
"959","248915",NA,"resources/real_fg_memory_images/fg24.jpg",NA,"artificial","Neutral","[""neutral_button""]","0",NA,NA,NA,NA
"960","248915",NA,"resources/real_fg_memory_images/fg30.jpg",NA,"artificial","Scam","[""neutral_button""]"," 0",NA,NA,NA,NA
"961","248915",NA,"resources/real_fg_memory_images/fg27.jpg",NA,"artificial","Scam","[""neutral_button"",""scam_button""]","0",NA,NA,NA,NA
"962","248915",NA,"resources/real_fg_memory_images/fg25.jpg",NA,"artificial","Scam","[""neutral_button""]","10",NA,NA,NA,NA
"963","248915",NA,"resources/real_fg_memory_images/orig11.jpg",NA,"real","Scam","[""neutral_button"",""scam_button""]","10",NA,NA,NA,NA
"964","248915",NA,"resources/real_fg_memory_images/fg28.jpg",NA,"artificial","Scam","[""neutral_button""]"," 0",NA,NA,NA,NA
"965","248915",NA,"resources/real_fg_memory_images/orig1.jpg",NA,"real","Neurtal","[""scam_button""]","10",NA,NA,NA,NA
"966","248915",NA,"resources/real_fg_memory_images/orig2.jpg",NA,"real","Neutral","[""neutral_button""]"," 10",NA,NA,NA,NA
"967","248915",NA,NA,NA,NA,NA,NA,NA,NA,NA,NA,NA
"968","248915",10,"resources/real_fg_memory_images/orig3.jpg","real",NA,NA,NA,NA,NA,NA,NA,NA
"969","248915",0,"resources/real_fg_memory_images/orig9.jpg","real",NA,NA,NA,NA,NA,NA,NA,NA
"970","248915",10,"resources/real_fg_memory_images/orig17.jpg","real",NA,NA,NA,NA,NA,NA,NA,NA
"971","248915",0,"resources/real_fg_memory_images/fg20.jpg","artificial",NA,NA,NA,NA,NA,NA,NA,NA
"972","248915",0,"resources/real_fg_memory_images/fg25.jpg","artificial",NA,NA,NA,NA,NA,NA,NA,NA
"973","248915",10,"resources/real_fg_memory_images/orig6.jpg","real",NA,NA,NA,NA,NA,NA,NA,NA
"974","248915",10,"resources/real_fg_memory_images/fg19.jpg","artificial",NA,NA,NA,NA,NA,NA,NA,NA
"975","248915",0,"resources/real_fg_memory_images/fg28.jpg","artificial",NA,NA,NA,NA,NA,NA,NA,NA
"976","248915",0,"resources/real_fg_memory_images/orig1.jpg","real",NA,NA,NA,NA,NA,NA,NA,NA
"977","248915",0,"resources/real_fg_memory_images/orig18.jpg","real",NA,NA,NA,NA,NA,NA,NA,NA
"978","248915",0,"resources/real_fg_memory_images/orig5.jpg","real",NA,NA,NA,NA,NA,NA,NA,NA
"979","248915",10,"resources/real_fg_memory_images/orig14.jpg","real",NA,NA,NA,NA,NA,NA,NA,NA
"980","248915",0,"resources/real_fg_memory_images/fg23.jpg","artificial",NA,NA,NA,NA,NA,NA,NA,NA
"981","248915",0,"resources/real_fg_memory_images/fg33.jpg","artificial",NA,NA,NA,NA,NA,NA,NA,NA
"982","248915",0,"resources/real_fg_memory_images/fg24.jpg","artificial",NA,NA,NA,NA,NA,NA,NA,NA
"983","248915",10,"resources/real_fg_memory_images/fg22.jpg","artificial",NA,NA,NA,NA,NA,NA,NA,NA
"984","248915",0,"resources/real_fg_memory_images/fg27.jpg","artificial",NA,NA,NA,NA,NA,NA,NA,NA
"985","248915",0,"resources/real_fg_memory_images/fg31.jpg","artificial",NA,NA,NA,NA,NA,NA,NA,NA
"986","248915",10,"resources/real_fg_memory_images/orig11.jpg","real",NA,NA,NA,NA,NA,NA,NA,NA
"987","248915",10,"resources/real_fg_memory_images/orig16.jpg","real",NA,NA,NA,NA,NA,NA,NA,NA
"988","248915",0,"resources/real_fg_memory_images/fg29.jpg","artificial",NA,NA,NA,NA,NA,NA,NA,NA
"989","248915",0,"resources/real_fg_memory_images/orig12.jpg","real",NA,NA,NA,NA,NA,NA,NA,NA
"990","248915",0,"resources/real_fg_memory_images/orig13.jpg","real",NA,NA,NA,NA,NA,NA,NA,NA
"991","248915",0,"resources/real_fg_memory_images/orig8.jpg","real",NA,NA,NA,NA,NA,NA,NA,NA
"992","248915",10,"resources/real_fg_memory_images/orig10.jpg","real",NA,NA,NA,NA,NA,NA,NA,NA
"993","248915",10,"resources/real_fg_memory_images/fg34.jpg","artificial",NA,NA,NA,NA,NA,NA,NA,NA
"994","248915",0,"resources/real_fg_memory_images/fg21.jpg","artificial",NA,NA,NA,NA,NA,NA,NA,NA
"995","248915",0,"resources/real_fg_memory_images/orig7.jpg","real",NA,NA,NA,NA,NA,NA,NA,NA
"996","248915",0,"resources/real_fg_memory_images/fg32.jpg","artificial",NA,NA,NA,NA,NA,NA,NA,NA
"997","248915",0,"resources/real_fg_memory_images/orig2.jpg","real",NA,NA,NA,NA,NA,NA,NA,NA
"998","248915",0,"resources/real_fg_memory_images/fg35.jpg","artificial",NA,NA,NA,NA,NA,NA,NA,NA
"999","248915",0,"resources/real_fg_memory_images/fg26.jpg","artificial",NA,NA,NA,NA,NA,NA,NA,NA
"1000","248915",10,"resources/real_fg_memory_images/orig4.jpg","real",NA,NA,NA,NA,NA,NA,NA,NA
"1001","248915",10,"resources/real_fg_memory_images/fg36.jpg","artificial",NA,NA,NA,NA,NA,NA,NA,NA
"1002","248915",0,"resources/real_fg_memory_images/fg30.jpg","artificial",NA,NA,NA,NA,NA,NA,NA,NA
"1003","248915",0,"resources/real_fg_memory_images/orig15.jpg","real",NA,NA,NA,NA,NA,NA,NA,NA
"1004","248915",NA,NA,NA,NA,NA,NA,NA,NA,NA,NA,NA
"1005","248915",NA,NA,NA,NA,NA,NA,NA,5,"Persons over the age of 65 are often targeted by con-artists",NA,NA
"1006","248915",NA,NA,NA,NA,NA,NA,NA,1,"I have difficulty ending a phone call, even if the caller is a telemarketer, someone I do not know, or someone I do not wish to call me",NA,NA
"1007","248915",NA,NA,NA,NA,NA,NA,NA,5,"If something sounds too good to be true, it usually is",NA,NA
"1008","248915",NA,NA,NA,NA,NA,NA,NA,1,"If a telemarketer calls me, I usually listen to what they have to say",NA,NA
"1009","248915",NA,NA,NA,NA,NA,NA,NA,1,"I answer the phone whenever it rings, even if I do not know who is calling",NA,NA
"1010","248915",NA,NA,NA,NA,NA,NA,NA,NA,NA,NA,NA
"1011","248915",NA,NA,NA,NA,NA,NA,NA,NA,NA,"[""female_option""]",NA
"1012","248915",NA,NA,NA,NA,NA,NA,NA,NA,NA,NA,NA
"1013","248915",NA,NA,NA,NA,NA,NA,NA,NA,NA,NA,NA
"1014","248915",NA,NA,NA,NA,NA,NA,NA,NA,NA,NA,NA
"1015","248915",NA,NA,NA,NA,NA,NA,NA,NA,NA,NA,NA
"1016","248915",NA,NA,NA,NA,NA,NA,NA,NA,NA,NA,NA
"1017","248915",NA,NA,NA,NA,NA,NA,NA,NA,NA,NA,NA
"1018","248915",NA,NA,NA,NA,NA,NA,NA,NA,NA,NA,NA
"1019","248915",NA,NA,NA,NA,NA,NA,NA,NA,NA,NA,NA
"1020","248915",NA,NA,NA,NA,NA,NA,NA,NA,NA,NA,NA
"1021","248915",NA,NA,NA,NA,NA,NA,NA,NA,NA,NA,NA
"1022","248915",NA,NA,NA,NA,NA,NA,NA,NA,NA,NA,NA
"1023","259943",NA,NA,NA,NA,NA,NA,NA,NA,NA,NA,NA
"1024","259943",NA,NA,NA,NA,NA,NA,NA,NA,NA,NA,NA
"1025","259943",NA,NA,NA,NA,NA,NA,NA,NA,NA,NA,NA
"1026","259943",NA,NA,NA,NA,NA,NA,NA,NA,NA,NA,NA
"1027","259943",7,"resources/real_fg_memory_images/fg28.jpg","artificial",NA,NA,NA,NA,NA,NA,NA,NA
"1028","259943",6,"resources/real_fg_memory_images/fg33.jpg","artificial",NA,NA,NA,NA,NA,NA,NA,NA
"1029","259943",2,"resources/real_fg_memory_images/orig3.jpg","real",NA,NA,NA,NA,NA,NA,NA,NA
"1030","259943",6,"resources/real_fg_memory_images/orig2.jpg","real",NA,NA,NA,NA,NA,NA,NA,NA
"1031","259943",4,"resources/real_fg_memory_images/fg35.jpg","artificial",NA,NA,NA,NA,NA,NA,NA,NA
"1032","259943",5,"resources/real_fg_memory_images/fg24.jpg","artificial",NA,NA,NA,NA,NA,NA,NA,NA
"1033","259943",8,"resources/real_fg_memory_images/fg29.jpg","artificial",NA,NA,NA,NA,NA,NA,NA,NA
"1034","259943",8,"resources/real_fg_memory_images/fg27.jpg","artificial",NA,NA,NA,NA,NA,NA,NA,NA
"1035","259943",4,"resources/real_fg_memory_images/fg31.jpg","artificial",NA,NA,NA,NA,NA,NA,NA,NA
"1036","259943",4,"resources/real_fg_memory_images/fg19.jpg","artificial",NA,NA,NA,NA,NA,NA,NA,NA
"1037","259943",6,"resources/real_fg_memory_images/orig5.jpg","real",NA,NA,NA,NA,NA,NA,NA,NA
"1038","259943",7,"resources/real_fg_memory_images/fg23.jpg","artificial",NA,NA,NA,NA,NA,NA,NA,NA
"1039","259943",5,"resources/real_fg_memory_images/fg26.jpg","artificial",NA,NA,NA,NA,NA,NA,NA,NA
"1040","259943",6,"resources/real_fg_memory_images/fg21.jpg","artificial",NA,NA,NA,NA,NA,NA,NA,NA
"1041","259943",4,"resources/real_fg_memory_images/orig4.jpg","real",NA,NA,NA,NA,NA,NA,NA,NA
"1042","259943",8,"resources/real_fg_memory_images/orig14.jpg","real",NA,NA,NA,NA,NA,NA,NA,NA
"1043","259943",7,"resources/real_fg_memory_images/orig13.jpg","real",NA,NA,NA,NA,NA,NA,NA,NA
"1044","259943",7,"resources/real_fg_memory_images/orig10.jpg","real",NA,NA,NA,NA,NA,NA,NA,NA
"1045","259943",8,"resources/real_fg_memory_images/orig16.jpg","real",NA,NA,NA,NA,NA,NA,NA,NA
"1046","259943",6,"resources/real_fg_memory_images/orig6.jpg","real",NA,NA,NA,NA,NA,NA,NA,NA
"1047","259943",6,"resources/real_fg_memory_images/orig1.jpg","real",NA,NA,NA,NA,NA,NA,NA,NA
"1048","259943",4,"resources/real_fg_memory_images/orig15.jpg","real",NA,NA,NA,NA,NA,NA,NA,NA
"1049","259943",5,"resources/real_fg_memory_images/fg25.jpg","artificial",NA,NA,NA,NA,NA,NA,NA,NA
"1050","259943",1,"resources/real_fg_memory_images/orig8.jpg","real",NA,NA,NA,NA,NA,NA,NA,NA
"1051","259943",7,"resources/real_fg_memory_images/fg30.jpg","artificial",NA,NA,NA,NA,NA,NA,NA,NA
"1052","259943",5,"resources/real_fg_memory_images/fg20.jpg","artificial",NA,NA,NA,NA,NA,NA,NA,NA
"1053","259943",7,"resources/real_fg_memory_images/fg22.jpg","artificial",NA,NA,NA,NA,NA,NA,NA,NA
"1054","259943",4,"resources/real_fg_memory_images/fg34.jpg","artificial",NA,NA,NA,NA,NA,NA,NA,NA
"1055","259943",6,"resources/real_fg_memory_images/fg32.jpg","artificial",NA,NA,NA,NA,NA,NA,NA,NA
"1056","259943",7,"resources/real_fg_memory_images/orig9.jpg","real",NA,NA,NA,NA,NA,NA,NA,NA
"1057","259943",7,"resources/real_fg_memory_images/orig12.jpg","real",NA,NA,NA,NA,NA,NA,NA,NA
"1058","259943",4,"resources/real_fg_memory_images/orig17.jpg","real",NA,NA,NA,NA,NA,NA,NA,NA
"1059","259943",3,"resources/real_fg_memory_images/fg36.jpg","artificial",NA,NA,NA,NA,NA,NA,NA,NA
"1060","259943",6,"resources/real_fg_memory_images/orig7.jpg","real",NA,NA,NA,NA,NA,NA,NA,NA
"1061","259943",4,"resources/real_fg_memory_images/orig18.jpg","real",NA,NA,NA,NA,NA,NA,NA,NA
"1062","259943",5,"resources/real_fg_memory_images/orig11.jpg","real",NA,NA,NA,NA,NA,NA,NA,NA
"1063","259943",NA,NA,NA,NA,NA,NA,NA,NA,NA,NA,NA
"1064","259943",NA,"resources/real_fg_memory_images/orig7.jpg",NA,"real","Scam",NA,NA,NA,NA,NA,NA
"1065","259943",NA,"resources/real_fg_memory_images/orig8.jpg",NA,"real","Scam",NA,NA,NA,NA,NA,NA
"1066","259943",NA,"resources/real_fg_memory_images/fg25.jpg",NA,"artificial","Scam",NA,NA,NA,NA,NA,NA
"1067","259943",NA,"resources/real_fg_memory_images/orig12.jpg",NA,"real","Scam",NA,NA,NA,NA,NA,NA
"1068","259943",NA,"resources/real_fg_memory_images/orig11.jpg",NA,"real","Scam",NA,NA,NA,NA,NA,NA
"1069","259943",NA,"resources/real_fg_memory_images/fg27.jpg",NA,"artificial","Scam",NA,NA,NA,NA,NA,NA
"1070","259943",NA,"resources/real_fg_memory_images/orig1.jpg",NA,"real","Neurtal",NA,NA,NA,NA,NA,NA
"1071","259943",NA,"resources/real_fg_memory_images/fg21.jpg",NA,"artificial","Neutral",NA,NA,NA,NA,NA,NA
"1072","259943",NA,"resources/real_fg_memory_images/orig10.jpg",NA,"real","Scam",NA,NA,NA,NA,NA,NA
"1073","259943",NA,"resources/real_fg_memory_images/fg22.jpg",NA,"artificial","Neutral",NA,NA,NA,NA,NA,NA
"1074","259943",NA,"resources/real_fg_memory_images/fg19.jpg",NA,"artificial","Neutral",NA,NA,NA,NA,NA,NA
"1075","259943",NA,"resources/real_fg_memory_images/fg28.jpg",NA,"artificial","Scam",NA,NA,NA,NA,NA,NA
"1076","259943",NA,"resources/real_fg_memory_images/orig9.jpg",NA,"real","Scam",NA,NA,NA,NA,NA,NA
"1077","259943",NA,"resources/real_fg_memory_images/fg24.jpg",NA,"artificial","Neutral",NA,NA,NA,NA,NA,NA
"1078","259943",NA,"resources/real_fg_memory_images/orig4.jpg",NA,"real","Neutral",NA,NA,NA,NA,NA,NA
"1079","259943",NA,"resources/real_fg_memory_images/orig2.jpg",NA,"real","Neutral",NA,NA,NA,NA,NA,NA
"1080","259943",NA,"resources/real_fg_memory_images/orig3.jpg",NA,"real","Neutral",NA,NA,NA,NA,NA,NA
"1081","259943",NA,"resources/real_fg_memory_images/orig5.jpg",NA,"real","Neutral",NA,NA,NA,NA,NA,NA
"1082","259943",NA,"resources/real_fg_memory_images/fg20.jpg",NA,"artificial","Neutral",NA,NA,NA,NA,NA,NA
"1083","259943",NA,"resources/real_fg_memory_images/fg30.jpg",NA,"artificial","Scam",NA,NA,NA,NA,NA,NA
"1084","259943",NA,"resources/real_fg_memory_images/fg23.jpg",NA,"artificial","Neutral",NA,NA,NA,NA,NA,NA
"1085","259943",NA,"resources/real_fg_memory_images/fg26.jpg",NA,"artificial","Scam",NA,NA,NA,NA,NA,NA
"1086","259943",NA,"resources/real_fg_memory_images/orig6.jpg",NA,"real","Neutral",NA,NA,NA,NA,NA,NA
"1087","259943",NA,"resources/real_fg_memory_images/fg29.jpg",NA,"artificial","Scam",NA,NA,NA,NA,NA,NA
"1088","259943",NA,NA,NA,NA,NA,NA,NA,NA,NA,NA,NA
"1089","259943",NA,"resources/real_fg_memory_images/fg30.jpg",NA,"artificial","Scam","[""scam_button""]","10",NA,NA,NA,NA
"1090","259943",NA,"resources/real_fg_memory_images/orig7.jpg",NA,"real","Scam","[""neutral_button""]","10",NA,NA,NA,NA
"1091","259943",NA,"resources/real_fg_memory_images/fg29.jpg",NA,"artificial","Scam","[""neutral_button""]","9",NA,NA,NA,NA
"1092","259943",NA,"resources/real_fg_memory_images/orig10.jpg",NA,"real","Scam","[""scam_button""]","10",NA,NA,NA,NA
"1093","259943",NA,"resources/real_fg_memory_images/orig11.jpg",NA,"real","Scam","[""neutral_button""]","8",NA,NA,NA,NA
"1094","259943",NA,"resources/real_fg_memory_images/orig12.jpg",NA,"real","Scam","[""scam_button""]","10",NA,NA,NA,NA
"1095","259943",NA,"resources/real_fg_memory_images/orig6.jpg",NA,"real","Neutral","[""neutral_button""]","10",NA,NA,NA,NA
"1096","259943",NA,"resources/real_fg_memory_images/fg23.jpg",NA,"artificial","Neutral","[""scam_button""]","9",NA,NA,NA,NA
"1097","259943",NA,"resources/real_fg_memory_images/orig4.jpg",NA,"real","Neutral","[""scam_button""]","8",NA,NA,NA,NA
"1098","259943",NA,"resources/real_fg_memory_images/fg26.jpg",NA,"artificial","Scam","[""scam_button""]","9",NA,NA,NA,NA
"1099","259943",NA,"resources/real_fg_memory_images/orig9.jpg",NA,"real","Scam","[""scam_button""]","8",NA,NA,NA,NA
"1100","259943",NA,"resources/real_fg_memory_images/fg25.jpg",NA,"artificial","Scam","[""neutral_button""]","8",NA,NA,NA,NA
"1101","259943",NA,"resources/real_fg_memory_images/orig8.jpg",NA,"real","Scam","[""scam_button""]","10",NA,NA,NA,NA
"1102","259943",NA,"resources/real_fg_memory_images/orig1.jpg",NA,"real","Neurtal","[""scam_button""]","9",NA,NA,NA,NA
"1103","259943",NA,"resources/real_fg_memory_images/fg19.jpg",NA,"artificial","Neutral","[""neutral_button""]","8",NA,NA,NA,NA
"1104","259943",NA,"resources/real_fg_memory_images/orig2.jpg",NA,"real","Neutral","[""neutral_button""]","9",NA,NA,NA,NA
"1105","259943",NA,"resources/real_fg_memory_images/fg28.jpg",NA,"artificial","Scam","[""neutral_button""]","10",NA,NA,NA,NA
"1106","259943",NA,"resources/real_fg_memory_images/fg22.jpg",NA,"artificial","Neutral","[""neutral_button""]","9",NA,NA,NA,NA
"1107","259943",NA,"resources/real_fg_memory_images/fg21.jpg",NA,"artificial","Neutral","[""scam_button""]","8",NA,NA,NA,NA
"1108","259943",NA,"resources/real_fg_memory_images/fg24.jpg",NA,"artificial","Neutral","[""scam_button""]","9",NA,NA,NA,NA
"1109","259943",NA,"resources/real_fg_memory_images/fg20.jpg",NA,"artificial","Neutral","[""neutral_button""]","10",NA,NA,NA,NA
"1110","259943",NA,"resources/real_fg_memory_images/orig5.jpg",NA,"real","Neutral","[""scam_button""]","9",NA,NA,NA,NA
"1111","259943",NA,"resources/real_fg_memory_images/fg27.jpg",NA,"artificial","Scam","[""neutral_button""]","7",NA,NA,NA,NA
"1112","259943",NA,"resources/real_fg_memory_images/orig3.jpg",NA,"real","Neutral","[""neutral_button""]","10",NA,NA,NA,NA
"1113","259943",NA,NA,NA,NA,NA,NA,NA,NA,NA,NA,NA
"1114","259943",7,"resources/real_fg_memory_images/orig16.jpg","real",NA,NA,NA,NA,NA,NA,NA,NA
"1115","259943",8,"resources/real_fg_memory_images/orig15.jpg","real",NA,NA,NA,NA,NA,NA,NA,NA
"1116","259943",0,"resources/real_fg_memory_images/orig8.jpg","real",NA,NA,NA,NA,NA,NA,NA,NA
"1117","259943",7,"resources/real_fg_memory_images/orig2.jpg","real",NA,NA,NA,NA,NA,NA,NA,NA
"1118","259943",5,"resources/real_fg_memory_images/fg24.jpg","artificial",NA,NA,NA,NA,NA,NA,NA,NA
"1119","259943",5,"resources/real_fg_memory_images/fg21.jpg","artificial",NA,NA,NA,NA,NA,NA,NA,NA
"1120","259943",6,"resources/real_fg_memory_images/fg25.jpg","artificial",NA,NA,NA,NA,NA,NA,NA,NA
"1121","259943",6,"resources/real_fg_memory_images/orig14.jpg","real",NA,NA,NA,NA,NA,NA,NA,NA
"1122","259943",6,"resources/real_fg_memory_images/fg30.jpg","artificial",NA,NA,NA,NA,NA,NA,NA,NA
"1123","259943",8,"resources/real_fg_memory_images/fg23.jpg","artificial",NA,NA,NA,NA,NA,NA,NA,NA
"1124","259943",6,"resources/real_fg_memory_images/fg29.jpg","artificial",NA,NA,NA,NA,NA,NA,NA,NA
"1125","259943",9,"resources/real_fg_memory_images/orig11.jpg","real",NA,NA,NA,NA,NA,NA,NA,NA
"1126","259943",2,"resources/real_fg_memory_images/fg34.jpg","artificial",NA,NA,NA,NA,NA,NA,NA,NA
"1127","259943",8,"resources/real_fg_memory_images/orig10.jpg","real",NA,NA,NA,NA,NA,NA,NA,NA
"1128","259943",3,"resources/real_fg_memory_images/orig3.jpg","real",NA,NA,NA,NA,NA,NA,NA,NA
"1129","259943",4,"resources/real_fg_memory_images/fg26.jpg","artificial",NA,NA,NA,NA,NA,NA,NA,NA
"1130","259943",7,"resources/real_fg_memory_images/fg36.jpg","artificial",NA,NA,NA,NA,NA,NA,NA,NA
"1131","259943",6,"resources/real_fg_memory_images/orig4.jpg","real",NA,NA,NA,NA,NA,NA,NA,NA
"1132","259943",9,"resources/real_fg_memory_images/fg27.jpg","artificial",NA,NA,NA,NA,NA,NA,NA,NA
"1133","259943",3,"resources/real_fg_memory_images/fg35.jpg","artificial",NA,NA,NA,NA,NA,NA,NA,NA
"1134","259943",5,"resources/real_fg_memory_images/fg32.jpg","artificial",NA,NA,NA,NA,NA,NA,NA,NA
"1135","259943",4,"resources/real_fg_memory_images/orig13.jpg","real",NA,NA,NA,NA,NA,NA,NA,NA
"1136","259943",5,"resources/real_fg_memory_images/fg20.jpg","artificial",NA,NA,NA,NA,NA,NA,NA,NA
"1137","259943",3,"resources/real_fg_memory_images/fg19.jpg","artificial",NA,NA,NA,NA,NA,NA,NA,NA
"1138","259943",8,"resources/real_fg_memory_images/orig7.jpg","real",NA,NA,NA,NA,NA,NA,NA,NA
"1139","259943",4,"resources/real_fg_memory_images/orig1.jpg","real",NA,NA,NA,NA,NA,NA,NA,NA
"1140","259943",8,"resources/real_fg_memory_images/fg22.jpg","artificial",NA,NA,NA,NA,NA,NA,NA,NA
"1141","259943",6,"resources/real_fg_memory_images/fg28.jpg","artificial",NA,NA,NA,NA,NA,NA,NA,NA
"1142","259943",4,"resources/real_fg_memory_images/orig17.jpg","real",NA,NA,NA,NA,NA,NA,NA,NA
"1143","259943",4,"resources/real_fg_memory_images/orig18.jpg","real",NA,NA,NA,NA,NA,NA,NA,NA
"1144","259943",4,"resources/real_fg_memory_images/orig9.jpg","real",NA,NA,NA,NA,NA,NA,NA,NA
"1145","259943",3,"resources/real_fg_memory_images/fg33.jpg","artificial",NA,NA,NA,NA,NA,NA,NA,NA
"1146","259943",5,"resources/real_fg_memory_images/orig6.jpg","real",NA,NA,NA,NA,NA,NA,NA,NA
"1147","259943",5,"resources/real_fg_memory_images/orig12.jpg","real",NA,NA,NA,NA,NA,NA,NA,NA
"1148","259943",3,"resources/real_fg_memory_images/orig5.jpg","real",NA,NA,NA,NA,NA,NA,NA,NA
"1149","259943",5,"resources/real_fg_memory_images/fg31.jpg","artificial",NA,NA,NA,NA,NA,NA,NA,NA
"1150","259943",NA,NA,NA,NA,NA,NA,NA,NA,NA,NA,NA
"1151","259943",NA,NA,NA,NA,NA,NA,NA,2,"I have difficulty ending a phone call, even if the caller is a telemarketer, someone I do not know, or someone I do not wish to call me",NA,NA
"1152","259943",NA,NA,NA,NA,NA,NA,NA,5,"If something sounds too good to be true, it usually is",NA,NA
"1153","259943",NA,NA,NA,NA,NA,NA,NA,4,"Persons over the age of 65 are often targeted by con-artists",NA,NA
"1154","259943",NA,NA,NA,NA,NA,NA,NA,5,"If a telemarketer calls me, I usually listen to what they have to say",NA,NA
"1155","259943",NA,NA,NA,NA,NA,NA,NA,5,"I answer the phone whenever it rings, even if I do not know who is calling",NA,NA
"1156","259943",NA,NA,NA,NA,NA,NA,NA,NA,NA,NA,NA
"1157","259943",NA,NA,NA,NA,NA,NA,NA,NA,NA,"[""female_option""]",NA
"1158","259943",NA,NA,NA,NA,NA,NA,NA,NA,NA,NA,74
"1159","259943",NA,NA,NA,NA,NA,NA,NA,NA,NA,NA,NA
"1160","259943",NA,NA,NA,NA,NA,NA,NA,NA,NA,NA,NA
"1161","259943",NA,NA,NA,NA,NA,NA,NA,NA,NA,NA,NA
"1162","259943",NA,NA,NA,NA,NA,NA,NA,NA,NA,NA,NA
"1163","259943",NA,NA,NA,NA,NA,NA,NA,NA,NA,NA,NA
"1164","259943",NA,NA,NA,NA,NA,NA,NA,NA,NA,NA,NA
"1165","259943",NA,NA,NA,NA,NA,NA,NA,NA,NA,NA,NA
"1166","259943",NA,NA,NA,NA,NA,NA,NA,NA,NA,NA,NA
"1167","259943",NA,NA,NA,NA,NA,NA,NA,NA,NA,NA,NA
"1168","259943",NA,NA,NA,NA,NA,NA,NA,NA,NA,NA,NA
"1169","362267",NA,NA,NA,NA,NA,NA,NA,NA,NA,NA,NA
"1170","362267",NA,NA,NA,NA,NA,NA,NA,NA,NA,NA,NA
"1171","362267",NA,NA,NA,NA,NA,NA,NA,NA,NA,NA,NA
"1172","362267",NA,NA,NA,NA,NA,NA,NA,NA,NA,NA,NA
"1173","362267",8,"resources/real_fg_memory_images/fg31.jpg","artificial",NA,NA,NA,NA,NA,NA,NA,NA
"1174","362267",8,"resources/real_fg_memory_images/fg34.jpg","artificial",NA,NA,NA,NA,NA,NA,NA,NA
"1175","362267",6,"resources/real_fg_memory_images/fg29.jpg","artificial",NA,NA,NA,NA,NA,NA,NA,NA
"1176","362267",4,"resources/real_fg_memory_images/orig9.jpg","real",NA,NA,NA,NA,NA,NA,NA,NA
"1177","362267",5,"resources/real_fg_memory_images/fg28.jpg","artificial",NA,NA,NA,NA,NA,NA,NA,NA
"1178","362267",3,"resources/real_fg_memory_images/orig13.jpg","real",NA,NA,NA,NA,NA,NA,NA,NA
"1179","362267",3,"resources/real_fg_memory_images/fg20.jpg","artificial",NA,NA,NA,NA,NA,NA,NA,NA
"1180","362267",4,"resources/real_fg_memory_images/orig8.jpg","real",NA,NA,NA,NA,NA,NA,NA,NA
"1181","362267",5,"resources/real_fg_memory_images/fg23.jpg","artificial",NA,NA,NA,NA,NA,NA,NA,NA
"1182","362267",7,"resources/real_fg_memory_images/orig4.jpg","real",NA,NA,NA,NA,NA,NA,NA,NA
"1183","362267",6,"resources/real_fg_memory_images/fg25.jpg","artificial",NA,NA,NA,NA,NA,NA,NA,NA
"1184","362267",6,"resources/real_fg_memory_images/fg30.jpg","artificial",NA,NA,NA,NA,NA,NA,NA,NA
"1185","362267",7,"resources/real_fg_memory_images/orig16.jpg","real",NA,NA,NA,NA,NA,NA,NA,NA
"1186","362267",7,"resources/real_fg_memory_images/orig2.jpg","real",NA,NA,NA,NA,NA,NA,NA,NA
"1187","362267",6,"resources/real_fg_memory_images/orig3.jpg","real",NA,NA,NA,NA,NA,NA,NA,NA
"1188","362267",5,"resources/real_fg_memory_images/fg21.jpg","artificial",NA,NA,NA,NA,NA,NA,NA,NA
"1189","362267",7,"resources/real_fg_memory_images/orig15.jpg","real",NA,NA,NA,NA,NA,NA,NA,NA
"1190","362267",6,"resources/real_fg_memory_images/orig14.jpg","real",NA,NA,NA,NA,NA,NA,NA,NA
"1191","362267",6,"resources/real_fg_memory_images/orig18.jpg","real",NA,NA,NA,NA,NA,NA,NA,NA
"1192","362267",5,"resources/real_fg_memory_images/orig10.jpg","real",NA,NA,NA,NA,NA,NA,NA,NA
"1193","362267",6,"resources/real_fg_memory_images/fg26.jpg","artificial",NA,NA,NA,NA,NA,NA,NA,NA
"1194","362267",7,"resources/real_fg_memory_images/fg35.jpg","artificial",NA,NA,NA,NA,NA,NA,NA,NA
"1195","362267",6,"resources/real_fg_memory_images/fg24.jpg","artificial",NA,NA,NA,NA,NA,NA,NA,NA
"1196","362267",7,"resources/real_fg_memory_images/orig17.jpg","real",NA,NA,NA,NA,NA,NA,NA,NA
"1197","362267",4,"resources/real_fg_memory_images/orig1.jpg","real",NA,NA,NA,NA,NA,NA,NA,NA
"1198","362267",4,"resources/real_fg_memory_images/fg22.jpg","artificial",NA,NA,NA,NA,NA,NA,NA,NA
"1199","362267",5,"resources/real_fg_memory_images/fg27.jpg","artificial",NA,NA,NA,NA,NA,NA,NA,NA
"1200","362267",3,"resources/real_fg_memory_images/orig5.jpg","real",NA,NA,NA,NA,NA,NA,NA,NA
"1201","362267",5,"resources/real_fg_memory_images/orig11.jpg","real",NA,NA,NA,NA,NA,NA,NA,NA
"1202","362267",5,"resources/real_fg_memory_images/fg36.jpg","artificial",NA,NA,NA,NA,NA,NA,NA,NA
"1203","362267",6,"resources/real_fg_memory_images/fg33.jpg","artificial",NA,NA,NA,NA,NA,NA,NA,NA
"1204","362267",5,"resources/real_fg_memory_images/orig12.jpg","real",NA,NA,NA,NA,NA,NA,NA,NA
"1205","362267",6,"resources/real_fg_memory_images/fg32.jpg","artificial",NA,NA,NA,NA,NA,NA,NA,NA
"1206","362267",4,"resources/real_fg_memory_images/orig7.jpg","real",NA,NA,NA,NA,NA,NA,NA,NA
"1207","362267",5,"resources/real_fg_memory_images/fg19.jpg","artificial",NA,NA,NA,NA,NA,NA,NA,NA
"1208","362267",6,"resources/real_fg_memory_images/orig6.jpg","real",NA,NA,NA,NA,NA,NA,NA,NA
"1209","362267",NA,NA,NA,NA,NA,NA,NA,NA,NA,NA,NA
"1210","362267",NA,"resources/real_fg_memory_images/orig12.jpg",NA,"real","Scam",NA,NA,NA,NA,NA,NA
"1211","362267",NA,"resources/real_fg_memory_images/fg23.jpg",NA,"artificial","Neutral",NA,NA,NA,NA,NA,NA
"1212","362267",NA,"resources/real_fg_memory_images/orig5.jpg",NA,"real","Neutral",NA,NA,NA,NA,NA,NA
"1213","362267",NA,"resources/real_fg_memory_images/fg25.jpg",NA,"artificial","Scam",NA,NA,NA,NA,NA,NA
"1214","362267",NA,"resources/real_fg_memory_images/fg30.jpg",NA,"artificial","Scam",NA,NA,NA,NA,NA,NA
"1215","362267",NA,"resources/real_fg_memory_images/fg27.jpg",NA,"artificial","Scam",NA,NA,NA,NA,NA,NA
"1216","362267",NA,"resources/real_fg_memory_images/orig7.jpg",NA,"real","Scam",NA,NA,NA,NA,NA,NA
"1217","362267",NA,"resources/real_fg_memory_images/fg28.jpg",NA,"artificial","Scam",NA,NA,NA,NA,NA,NA
"1218","362267",NA,"resources/real_fg_memory_images/fg21.jpg",NA,"artificial","Neutral",NA,NA,NA,NA,NA,NA
"1219","362267",NA,"resources/real_fg_memory_images/orig3.jpg",NA,"real","Neutral",NA,NA,NA,NA,NA,NA
"1220","362267",NA,"resources/real_fg_memory_images/orig4.jpg",NA,"real","Neutral",NA,NA,NA,NA,NA,NA
"1221","362267",NA,"resources/real_fg_memory_images/orig6.jpg",NA,"real","Neutral",NA,NA,NA,NA,NA,NA
"1222","362267",NA,"resources/real_fg_memory_images/fg29.jpg",NA,"artificial","Scam",NA,NA,NA,NA,NA,NA
"1223","362267",NA,"resources/real_fg_memory_images/orig10.jpg",NA,"real","Scam",NA,NA,NA,NA,NA,NA
"1224","362267",NA,"resources/real_fg_memory_images/orig1.jpg",NA,"real","Neurtal",NA,NA,NA,NA,NA,NA
"1225","362267",NA,"resources/real_fg_memory_images/fg20.jpg",NA,"artificial","Neutral",NA,NA,NA,NA,NA,NA
"1226","362267",NA,"resources/real_fg_memory_images/orig9.jpg",NA,"real","Scam",NA,NA,NA,NA,NA,NA
"1227","362267",NA,"resources/real_fg_memory_images/orig8.jpg",NA,"real","Scam",NA,NA,NA,NA,NA,NA
"1228","362267",NA,"resources/real_fg_memory_images/orig2.jpg",NA,"real","Neutral",NA,NA,NA,NA,NA,NA
"1229","362267",NA,"resources/real_fg_memory_images/fg22.jpg",NA,"artificial","Neutral",NA,NA,NA,NA,NA,NA
"1230","362267",NA,"resources/real_fg_memory_images/fg26.jpg",NA,"artificial","Scam",NA,NA,NA,NA,NA,NA
"1231","362267",NA,"resources/real_fg_memory_images/orig11.jpg",NA,"real","Scam",NA,NA,NA,NA,NA,NA
"1232","362267",NA,"resources/real_fg_memory_images/fg24.jpg",NA,"artificial","Neutral",NA,NA,NA,NA,NA,NA
"1233","362267",NA,"resources/real_fg_memory_images/fg19.jpg",NA,"artificial","Neutral",NA,NA,NA,NA,NA,NA
"1234","362267",NA,NA,NA,NA,NA,NA,NA,NA,NA,NA,NA
"1235","362267",NA,"resources/real_fg_memory_images/orig6.jpg",NA,"real","Neutral","[""neutral_button""]","8",NA,NA,NA,NA
"1236","362267",NA,"resources/real_fg_memory_images/fg27.jpg",NA,"artificial","Scam","[""scam_button""]","9",NA,NA,NA,NA
"1237","362267",NA,"resources/real_fg_memory_images/orig12.jpg",NA,"real","Scam","[""neutral_button""]","7",NA,NA,NA,NA
"1238","362267",NA,"resources/real_fg_memory_images/orig2.jpg",NA,"real","Neutral","[""scam_button""]","8",NA,NA,NA,NA
"1239","362267",NA,"resources/real_fg_memory_images/fg21.jpg",NA,"artificial","Neutral","[""scam_button""]","8",NA,NA,NA,NA
"1240","362267",NA,"resources/real_fg_memory_images/fg28.jpg",NA,"artificial","Scam","[""neutral_button""]","4",NA,NA,NA,NA
"1241","362267",NA,"resources/real_fg_memory_images/fg30.jpg",NA,"artificial","Scam","[""neutral_button""]","7",NA,NA,NA,NA
"1242","362267",NA,"resources/real_fg_memory_images/orig9.jpg",NA,"real","Scam","[""scam_button""]","9",NA,NA,NA,NA
"1243","362267",NA,"resources/real_fg_memory_images/orig7.jpg",NA,"real","Scam","[""neutral_button""]","8",NA,NA,NA,NA
"1244","362267",NA,"resources/real_fg_memory_images/fg29.jpg",NA,"artificial","Scam","[""scam_button""]","6",NA,NA,NA,NA
"1245","362267",NA,"resources/real_fg_memory_images/orig1.jpg",NA,"real","Neurtal","[""scam_button""]","6",NA,NA,NA,NA
"1246","362267",NA,"resources/real_fg_memory_images/orig4.jpg",NA,"real","Neutral","[""neutral_button""]","7",NA,NA,NA,NA
"1247","362267",NA,"resources/real_fg_memory_images/fg22.jpg",NA,"artificial","Neutral","[""neutral_button""]","7",NA,NA,NA,NA
"1248","362267",NA,"resources/real_fg_memory_images/orig11.jpg",NA,"real","Scam","[""neutral_button""]","7",NA,NA,NA,NA
"1249","362267",NA,"resources/real_fg_memory_images/orig3.jpg",NA,"real","Neutral","[""neutral_button""]","8",NA,NA,NA,NA
"1250","362267",NA,"resources/real_fg_memory_images/orig10.jpg",NA,"real","Scam","[""neutral_button""]","7",NA,NA,NA,NA
"1251","362267",NA,"resources/real_fg_memory_images/fg20.jpg",NA,"artificial","Neutral","[""scam_button""]","8",NA,NA,NA,NA
"1252","362267",NA,"resources/real_fg_memory_images/fg19.jpg",NA,"artificial","Neutral","[""scam_button""]","7",NA,NA,NA,NA
"1253","362267",NA,"resources/real_fg_memory_images/orig5.jpg",NA,"real","Neutral","[""neutral_button""]","4",NA,NA,NA,NA
"1254","362267",NA,"resources/real_fg_memory_images/fg26.jpg",NA,"artificial","Scam","[""neutral_button""]","6.777",NA,NA,NA,NA
"1255","362267",NA,"resources/real_fg_memory_images/fg23.jpg",NA,"artificial","Neutral","[""scam_button""]","8",NA,NA,NA,NA
"1256","362267",NA,"resources/real_fg_memory_images/fg25.jpg",NA,"artificial","Scam","[""scam_button""]","6",NA,NA,NA,NA
"1257","362267",NA,"resources/real_fg_memory_images/fg24.jpg",NA,"artificial","Neutral","[""neutral_button""]","6",NA,NA,NA,NA
"1258","362267",NA,"resources/real_fg_memory_images/orig8.jpg",NA,"real","Scam","[""neutral_button""]","7",NA,NA,NA,NA
"1259","362267",NA,NA,NA,NA,NA,NA,NA,NA,NA,NA,NA
"1260","362267",8,"resources/real_fg_memory_images/fg34.jpg","artificial",NA,NA,NA,NA,NA,NA,NA,NA
"1261","362267",7,"resources/real_fg_memory_images/fg19.jpg","artificial",NA,NA,NA,NA,NA,NA,NA,NA
"1262","362267",4,"resources/real_fg_memory_images/orig10.jpg","real",NA,NA,NA,NA,NA,NA,NA,NA
"1263","362267",6,"resources/real_fg_memory_images/fg25.jpg","artificial",NA,NA,NA,NA,NA,NA,NA,NA
"1264","362267",7,"resources/real_fg_memory_images/orig6.jpg","real",NA,NA,NA,NA,NA,NA,NA,NA
"1265","362267",4,"resources/real_fg_memory_images/orig9.jpg","real",NA,NA,NA,NA,NA,NA,NA,NA
"1266","362267",5,"resources/real_fg_memory_images/fg28.jpg","artificial",NA,NA,NA,NA,NA,NA,NA,NA
"1267","362267",6,"resources/real_fg_memory_images/fg33.jpg","artificial",NA,NA,NA,NA,NA,NA,NA,NA
"1268","362267",5,"resources/real_fg_memory_images/fg23.jpg","artificial",NA,NA,NA,NA,NA,NA,NA,NA
"1269","362267",4,"resources/real_fg_memory_images/fg31.jpg","artificial",NA,NA,NA,NA,NA,NA,NA,NA
"1270","362267",6,"resources/real_fg_memory_images/fg20.jpg","artificial",NA,NA,NA,NA,NA,NA,NA,NA
"1271","362267",5,"resources/real_fg_memory_images/fg29.jpg","artificial",NA,NA,NA,NA,NA,NA,NA,NA
"1272","362267",8,"resources/real_fg_memory_images/fg30.jpg","artificial",NA,NA,NA,NA,NA,NA,NA,NA
"1273","362267",8,"resources/real_fg_memory_images/orig15.jpg","real",NA,NA,NA,NA,NA,NA,NA,NA
"1274","362267",4,"resources/real_fg_memory_images/orig7.jpg","real",NA,NA,NA,NA,NA,NA,NA,NA
"1275","362267",5,"resources/real_fg_memory_images/orig3.jpg","real",NA,NA,NA,NA,NA,NA,NA,NA
"1276","362267",3,"resources/real_fg_memory_images/orig11.jpg","real",NA,NA,NA,NA,NA,NA,NA,NA
"1277","362267",2,"resources/real_fg_memory_images/fg21.jpg","artificial",NA,NA,NA,NA,NA,NA,NA,NA
"1278","362267",5,"resources/real_fg_memory_images/fg22.jpg","artificial",NA,NA,NA,NA,NA,NA,NA,NA
"1279","362267",2,"resources/real_fg_memory_images/orig13.jpg","real",NA,NA,NA,NA,NA,NA,NA,NA
"1280","362267",5,"resources/real_fg_memory_images/orig16.jpg","real",NA,NA,NA,NA,NA,NA,NA,NA
"1281","362267",7,"resources/real_fg_memory_images/orig1.jpg","real",NA,NA,NA,NA,NA,NA,NA,NA
"1282","362267",3,"resources/real_fg_memory_images/orig2.jpg","real",NA,NA,NA,NA,NA,NA,NA,NA
"1283","362267",2,"resources/real_fg_memory_images/fg27.jpg","artificial",NA,NA,NA,NA,NA,NA,NA,NA
"1284","362267",4,"resources/real_fg_memory_images/orig12.jpg","real",NA,NA,NA,NA,NA,NA,NA,NA
"1285","362267",6,"resources/real_fg_memory_images/orig17.jpg","real",NA,NA,NA,NA,NA,NA,NA,NA
"1286","362267",8,"resources/real_fg_memory_images/fg24.jpg","artificial",NA,NA,NA,NA,NA,NA,NA,NA
"1287","362267",3,"resources/real_fg_memory_images/fg32.jpg","artificial",NA,NA,NA,NA,NA,NA,NA,NA
"1288","362267",5,"resources/real_fg_memory_images/orig8.jpg","real",NA,NA,NA,NA,NA,NA,NA,NA
"1289","362267",6,"resources/real_fg_memory_images/orig5.jpg","real",NA,NA,NA,NA,NA,NA,NA,NA
"1290","362267",8,"resources/real_fg_memory_images/fg36.jpg","artificial",NA,NA,NA,NA,NA,NA,NA,NA
"1291","362267",7,"resources/real_fg_memory_images/fg26.jpg","artificial",NA,NA,NA,NA,NA,NA,NA,NA
"1292","362267",6,"resources/real_fg_memory_images/orig14.jpg","real",NA,NA,NA,NA,NA,NA,NA,NA
"1293","362267",5,"resources/real_fg_memory_images/fg35.jpg","artificial",NA,NA,NA,NA,NA,NA,NA,NA
"1294","362267",8,"resources/real_fg_memory_images/orig4.jpg","real",NA,NA,NA,NA,NA,NA,NA,NA
"1295","362267",3,"resources/real_fg_memory_images/orig18.jpg","real",NA,NA,NA,NA,NA,NA,NA,NA
"1296","362267",NA,NA,NA,NA,NA,NA,NA,NA,NA,NA,NA
"1297","362267",NA,NA,NA,NA,NA,NA,NA,3,"I have difficulty ending a phone call, even if the caller is a telemarketer, someone I do not know, or someone I do not wish to call me",NA,NA
"1298","362267",NA,NA,NA,NA,NA,NA,NA,1,"If a telemarketer calls me, I usually listen to what they have to say",NA,NA
"1299","362267",NA,NA,NA,NA,NA,NA,NA,2,"If something sounds too good to be true, it usually is",NA,NA
"1300","362267",NA,NA,NA,NA,NA,NA,NA,1,"I answer the phone whenever it rings, even if I do not know who is calling",NA,NA
"1301","362267",NA,NA,NA,NA,NA,NA,NA,1,"Persons over the age of 65 are often targeted by con-artists",NA,NA
"1302","362267",NA,NA,NA,NA,NA,NA,NA,NA,NA,NA,NA
"1303","362267",NA,NA,NA,NA,NA,NA,NA,NA,NA,"[""male_option""]",NA
"1304","362267",NA,NA,NA,NA,NA,NA,NA,NA,NA,NA,67
"1305","362267",NA,NA,NA,NA,NA,NA,NA,NA,NA,NA,NA
"1306","362267",NA,NA,NA,NA,NA,NA,NA,NA,NA,NA,NA
"1307","362267",NA,NA,NA,NA,NA,NA,NA,NA,NA,NA,NA
"1308","362267",NA,NA,NA,NA,NA,NA,NA,NA,NA,NA,NA
"1309","362267",NA,NA,NA,NA,NA,NA,NA,NA,NA,NA,NA
"1310","362267",NA,NA,NA,NA,NA,NA,NA,NA,NA,NA,NA
"1311","362267",NA,NA,NA,NA,NA,NA,NA,NA,NA,NA,NA
"1312","362267",NA,NA,NA,NA,NA,NA,NA,NA,NA,NA,NA
"1313","362267",NA,NA,NA,NA,NA,NA,NA,NA,NA,NA,NA
"1314","362267",NA,NA,NA,NA,NA,NA,NA,NA,NA,NA,NA
"1315","372802",NA,NA,NA,NA,NA,NA,NA,NA,NA,NA,NA
"1316","372802",NA,NA,NA,NA,NA,NA,NA,NA,NA,NA,NA
"1317","372802",NA,NA,NA,NA,NA,NA,NA,NA,NA,NA,NA
"1318","372802",NA,NA,NA,NA,NA,NA,NA,NA,NA,NA,NA
"1319","372802",4,"resources/real_fg_memory_images/orig13.jpg","real",NA,NA,NA,NA,NA,NA,NA,NA
"1320","372802",6,"resources/real_fg_memory_images/fg25.jpg","artificial",NA,NA,NA,NA,NA,NA,NA,NA
"1321","372802",3,"resources/real_fg_memory_images/orig9.jpg","real",NA,NA,NA,NA,NA,NA,NA,NA
"1322","372802",1,"resources/real_fg_memory_images/fg28.jpg","artificial",NA,NA,NA,NA,NA,NA,NA,NA
"1323","372802",6,"resources/real_fg_memory_images/fg24.jpg","artificial",NA,NA,NA,NA,NA,NA,NA,NA
"1324","372802",4,"resources/real_fg_memory_images/fg33.jpg","artificial",NA,NA,NA,NA,NA,NA,NA,NA
"1325","372802",8,"resources/real_fg_memory_images/orig4.jpg","real",NA,NA,NA,NA,NA,NA,NA,NA
"1326","372802",4,"resources/real_fg_memory_images/fg19.jpg","artificial",NA,NA,NA,NA,NA,NA,NA,NA
"1327","372802",0,"resources/real_fg_memory_images/orig18.jpg","real",NA,NA,NA,NA,NA,NA,NA,NA
"1328","372802",5,"resources/real_fg_memory_images/orig2.jpg","real",NA,NA,NA,NA,NA,NA,NA,NA
"1329","372802",6,"resources/real_fg_memory_images/orig14.jpg","real",NA,NA,NA,NA,NA,NA,NA,NA
"1330","372802",9,"resources/real_fg_memory_images/orig7.jpg","real",NA,NA,NA,NA,NA,NA,NA,NA
"1331","372802",4,"resources/real_fg_memory_images/orig8.jpg","real",NA,NA,NA,NA,NA,NA,NA,NA
"1332","372802",5,"resources/real_fg_memory_images/fg23.jpg","artificial",NA,NA,NA,NA,NA,NA,NA,NA
"1333","372802",3,"resources/real_fg_memory_images/fg20.jpg","artificial",NA,NA,NA,NA,NA,NA,NA,NA
"1334","372802",7,"resources/real_fg_memory_images/orig17.jpg","real",NA,NA,NA,NA,NA,NA,NA,NA
"1335","372802",6,"resources/real_fg_memory_images/orig6.jpg","real",NA,NA,NA,NA,NA,NA,NA,NA
"1336","372802",7,"resources/real_fg_memory_images/orig5.jpg","real",NA,NA,NA,NA,NA,NA,NA,NA
"1337","372802",3,"resources/real_fg_memory_images/fg31.jpg","artificial",NA,NA,NA,NA,NA,NA,NA,NA
"1338","372802",0,"resources/real_fg_memory_images/fg35.jpg","artificial",NA,NA,NA,NA,NA,NA,NA,NA
"1339","372802",0,"resources/real_fg_memory_images/fg32.jpg","artificial",NA,NA,NA,NA,NA,NA,NA,NA
"1340","372802",8,"resources/real_fg_memory_images/fg29.jpg","artificial",NA,NA,NA,NA,NA,NA,NA,NA
"1341","372802",6,"resources/real_fg_memory_images/orig3.jpg","real",NA,NA,NA,NA,NA,NA,NA,NA
"1342","372802",7,"resources/real_fg_memory_images/orig15.jpg","real",NA,NA,NA,NA,NA,NA,NA,NA
"1343","372802",5,"resources/real_fg_memory_images/fg36.jpg","artificial",NA,NA,NA,NA,NA,NA,NA,NA
"1344","372802",2,"resources/real_fg_memory_images/fg30.jpg","artificial",NA,NA,NA,NA,NA,NA,NA,NA
"1345","372802",7,"resources/real_fg_memory_images/fg22.jpg","artificial",NA,NA,NA,NA,NA,NA,NA,NA
"1346","372802",8,"resources/real_fg_memory_images/orig11.jpg","real",NA,NA,NA,NA,NA,NA,NA,NA
"1347","372802",2,"resources/real_fg_memory_images/orig16.jpg","real",NA,NA,NA,NA,NA,NA,NA,NA
"1348","372802",9,"resources/real_fg_memory_images/orig10.jpg","real",NA,NA,NA,NA,NA,NA,NA,NA
"1349","372802",1,"resources/real_fg_memory_images/fg21.jpg","artificial",NA,NA,NA,NA,NA,NA,NA,NA
"1350","372802",1,"resources/real_fg_memory_images/fg26.jpg","artificial",NA,NA,NA,NA,NA,NA,NA,NA
"1351","372802",6,"resources/real_fg_memory_images/fg34.jpg","artificial",NA,NA,NA,NA,NA,NA,NA,NA
"1352","372802",3,"resources/real_fg_memory_images/orig12.jpg","real",NA,NA,NA,NA,NA,NA,NA,NA
"1353","372802",0,"resources/real_fg_memory_images/fg27.jpg","artificial",NA,NA,NA,NA,NA,NA,NA,NA
"1354","372802",8,"resources/real_fg_memory_images/orig1.jpg","real",NA,NA,NA,NA,NA,NA,NA,NA
"1355","372802",NA,NA,NA,NA,NA,NA,NA,NA,NA,NA,NA
"1356","372802",NA,"resources/real_fg_memory_images/orig11.jpg",NA,"real","Scam",NA,NA,NA,NA,NA,NA
"1357","372802",NA,"resources/real_fg_memory_images/fg20.jpg",NA,"artificial","Neutral",NA,NA,NA,NA,NA,NA
"1358","372802",NA,"resources/real_fg_memory_images/orig3.jpg",NA,"real","Neutral",NA,NA,NA,NA,NA,NA
"1359","372802",NA,"resources/real_fg_memory_images/fg24.jpg",NA,"artificial","Neutral",NA,NA,NA,NA,NA,NA
"1360","372802",NA,"resources/real_fg_memory_images/fg29.jpg",NA,"artificial","Scam",NA,NA,NA,NA,NA,NA
"1361","372802",NA,"resources/real_fg_memory_images/fg19.jpg",NA,"artificial","Neutral",NA,NA,NA,NA,NA,NA
"1362","372802",NA,"resources/real_fg_memory_images/orig4.jpg",NA,"real","Neutral",NA,NA,NA,NA,NA,NA
"1363","372802",NA,"resources/real_fg_memory_images/orig10.jpg",NA,"real","Scam",NA,NA,NA,NA,NA,NA
"1364","372802",NA,"resources/real_fg_memory_images/fg23.jpg",NA,"artificial","Neutral",NA,NA,NA,NA,NA,NA
"1365","372802",NA,"resources/real_fg_memory_images/fg28.jpg",NA,"artificial","Scam",NA,NA,NA,NA,NA,NA
"1366","372802",NA,"resources/real_fg_memory_images/orig6.jpg",NA,"real","Neutral",NA,NA,NA,NA,NA,NA
"1367","372802",NA,"resources/real_fg_memory_images/orig8.jpg",NA,"real","Scam",NA,NA,NA,NA,NA,NA
"1368","372802",NA,"resources/real_fg_memory_images/fg26.jpg",NA,"artificial","Scam",NA,NA,NA,NA,NA,NA
"1369","372802",NA,"resources/real_fg_memory_images/orig7.jpg",NA,"real","Scam",NA,NA,NA,NA,NA,NA
"1370","372802",NA,"resources/real_fg_memory_images/fg21.jpg",NA,"artificial","Neutral",NA,NA,NA,NA,NA,NA
"1371","372802",NA,"resources/real_fg_memory_images/orig2.jpg",NA,"real","Neutral",NA,NA,NA,NA,NA,NA
"1372","372802",NA,"resources/real_fg_memory_images/fg22.jpg",NA,"artificial","Neutral",NA,NA,NA,NA,NA,NA
"1373","372802",NA,"resources/real_fg_memory_images/orig12.jpg",NA,"real","Scam",NA,NA,NA,NA,NA,NA
"1374","372802",NA,"resources/real_fg_memory_images/fg27.jpg",NA,"artificial","Scam",NA,NA,NA,NA,NA,NA
"1375","372802",NA,"resources/real_fg_memory_images/orig9.jpg",NA,"real","Scam",NA,NA,NA,NA,NA,NA
"1376","372802",NA,"resources/real_fg_memory_images/orig5.jpg",NA,"real","Neutral",NA,NA,NA,NA,NA,NA
"1377","372802",NA,"resources/real_fg_memory_images/fg30.jpg",NA,"artificial","Scam",NA,NA,NA,NA,NA,NA
"1378","372802",NA,"resources/real_fg_memory_images/fg25.jpg",NA,"artificial","Scam",NA,NA,NA,NA,NA,NA
"1379","372802",NA,"resources/real_fg_memory_images/orig1.jpg",NA,"real","Neurtal",NA,NA,NA,NA,NA,NA
"1380","372802",NA,NA,NA,NA,NA,NA,NA,NA,NA,NA,NA
"1381","372802",NA,"resources/real_fg_memory_images/fg22.jpg",NA,"artificial","Neutral","[""scam_button""]","5",NA,NA,NA,NA
"1382","372802",NA,"resources/real_fg_memory_images/fg30.jpg",NA,"artificial","Scam","[""neutral_button""]","10",NA,NA,NA,NA
"1383","372802",NA,"resources/real_fg_memory_images/orig8.jpg",NA,"real","Scam","[""scam_button""]","10",NA,NA,NA,NA
"1384","372802",NA,"resources/real_fg_memory_images/orig3.jpg",NA,"real","Neutral","[""neutral_button""]","10",NA,NA,NA,NA
"1385","372802",NA,"resources/real_fg_memory_images/orig10.jpg",NA,"real","Scam","[""scam_button""]","4",NA,NA,NA,NA
"1386","372802",NA,"resources/real_fg_memory_images/fg28.jpg",NA,"artificial","Scam","[""scam_button""]","9",NA,NA,NA,NA
"1387","372802",NA,"resources/real_fg_memory_images/orig4.jpg",NA,"real","Neutral","[""neutral_button""]","10",NA,NA,NA,NA
"1388","372802",NA,"resources/real_fg_memory_images/fg29.jpg",NA,"artificial","Scam","[""neutral_button""]","5",NA,NA,NA,NA
"1389","372802",NA,"resources/real_fg_memory_images/fg20.jpg",NA,"artificial","Neutral","[""scam_button""]","3",NA,NA,NA,NA
"1390","372802",NA,"resources/real_fg_memory_images/orig9.jpg",NA,"real","Scam","[""scam_button""]","6",NA,NA,NA,NA
"1391","372802",NA,"resources/real_fg_memory_images/orig11.jpg",NA,"real","Scam","[""scam_button""]","7",NA,NA,NA,NA
"1392","372802",NA,"resources/real_fg_memory_images/orig12.jpg",NA,"real","Scam","[""neutral_button""]","10",NA,NA,NA,NA
"1393","372802",NA,"resources/real_fg_memory_images/fg23.jpg",NA,"artificial","Neutral","[""neutral_button""]","6",NA,NA,NA,NA
"1394","372802",NA,"resources/real_fg_memory_images/fg24.jpg",NA,"artificial","Neutral","[""scam_button""]","3",NA,NA,NA,NA
"1395","372802",NA,"resources/real_fg_memory_images/fg26.jpg",NA,"artificial","Scam","[""scam_button""]","9",NA,NA,NA,NA
"1396","372802",NA,"resources/real_fg_memory_images/fg19.jpg",NA,"artificial","Neutral","[""neutral_button""]","8",NA,NA,NA,NA
"1397","372802",NA,"resources/real_fg_memory_images/fg21.jpg",NA,"artificial","Neutral","[""scam_button""]","1",NA,NA,NA,NA
"1398","372802",NA,"resources/real_fg_memory_images/orig1.jpg",NA,"real","Neurtal","[""neutral_button""]","10",NA,NA,NA,NA
"1399","372802",NA,"resources/real_fg_memory_images/orig7.jpg",NA,"real","Scam","[""neutral_button""]","9",NA,NA,NA,NA
"1400","372802",NA,"resources/real_fg_memory_images/orig6.jpg",NA,"real","Neutral","[""neutral_button""]","10",NA,NA,NA,NA
"1401","372802",NA,"resources/real_fg_memory_images/fg25.jpg",NA,"artificial","Scam","[""neutral_button""]","9",NA,NA,NA,NA
"1402","372802",NA,"resources/real_fg_memory_images/fg27.jpg",NA,"artificial","Scam","[""scam_button""]","10",NA,NA,NA,NA
"1403","372802",NA,"resources/real_fg_memory_images/orig5.jpg",NA,"real","Neutral","[""neutral_button""]","10",NA,NA,NA,NA
"1404","372802",NA,"resources/real_fg_memory_images/orig2.jpg",NA,"real","Neutral","[""scam_button""]","9",NA,NA,NA,NA
"1405","372802",NA,NA,NA,NA,NA,NA,NA,NA,NA,NA,NA
"1406","372802",0,"resources/real_fg_memory_images/fg20.jpg","artificial",NA,NA,NA,NA,NA,NA,NA,NA
"1407","372802",3,"resources/real_fg_memory_images/fg27.jpg","artificial",NA,NA,NA,NA,NA,NA,NA,NA
"1408","372802",0,"resources/real_fg_memory_images/fg28.jpg","artificial",NA,NA,NA,NA,NA,NA,NA,NA
"1409","372802",8,"resources/real_fg_memory_images/orig14.jpg","real",NA,NA,NA,NA,NA,NA,NA,NA
"1410","372802",5,"resources/real_fg_memory_images/fg30.jpg","artificial",NA,NA,NA,NA,NA,NA,NA,NA
"1411","372802",8,"resources/real_fg_memory_images/orig16.jpg","real",NA,NA,NA,NA,NA,NA,NA,NA
"1412","372802",0,"resources/real_fg_memory_images/orig8.jpg","real",NA,NA,NA,NA,NA,NA,NA,NA
"1413","372802",9,"resources/real_fg_memory_images/fg23.jpg","artificial",NA,NA,NA,NA,NA,NA,NA,NA
"1414","372802",9,"resources/real_fg_memory_images/orig2.jpg","real",NA,NA,NA,NA,NA,NA,NA,NA
"1415","372802",10,"resources/real_fg_memory_images/orig9.jpg","real",NA,NA,NA,NA,NA,NA,NA,NA
"1416","372802",10,"resources/real_fg_memory_images/orig3.jpg","real",NA,NA,NA,NA,NA,NA,NA,NA
"1417","372802",6,"resources/real_fg_memory_images/orig10.jpg","real",NA,NA,NA,NA,NA,NA,NA,NA
"1418","372802",2,"resources/real_fg_memory_images/orig13.jpg","real",NA,NA,NA,NA,NA,NA,NA,NA
"1419","372802",4,"resources/real_fg_memory_images/orig7.jpg","real",NA,NA,NA,NA,NA,NA,NA,NA
"1420","372802",7,"resources/real_fg_memory_images/fg25.jpg","artificial",NA,NA,NA,NA,NA,NA,NA,NA
"1421","372802",4,"resources/real_fg_memory_images/fg29.jpg","artificial",NA,NA,NA,NA,NA,NA,NA,NA
"1422","372802",8,"resources/real_fg_memory_images/fg31.jpg","artificial",NA,NA,NA,NA,NA,NA,NA,NA
"1423","372802",3,"resources/real_fg_memory_images/fg21.jpg","artificial",NA,NA,NA,NA,NA,NA,NA,NA
"1424","372802",9,"resources/real_fg_memory_images/orig6.jpg","real",NA,NA,NA,NA,NA,NA,NA,NA
"1425","372802",6,"resources/real_fg_memory_images/fg33.jpg","artificial",NA,NA,NA,NA,NA,NA,NA,NA
"1426","372802",5,"resources/real_fg_memory_images/orig11.jpg","real",NA,NA,NA,NA,NA,NA,NA,NA
"1427","372802",7,"resources/real_fg_memory_images/fg34.jpg","artificial",NA,NA,NA,NA,NA,NA,NA,NA
"1428","372802",8,"resources/real_fg_memory_images/fg36.jpg","artificial",NA,NA,NA,NA,NA,NA,NA,NA
"1429","372802",4,"resources/real_fg_memory_images/fg35.jpg","artificial",NA,NA,NA,NA,NA,NA,NA,NA
"1430","372802",9,"resources/real_fg_memory_images/orig18.jpg","real",NA,NA,NA,NA,NA,NA,NA,NA
"1431","372802",9,"resources/real_fg_memory_images/orig1.jpg","real",NA,NA,NA,NA,NA,NA,NA,NA
"1432","372802",4,"resources/real_fg_memory_images/fg24.jpg","artificial",NA,NA,NA,NA,NA,NA,NA,NA
"1433","372802",3,"resources/real_fg_memory_images/orig15.jpg","real",NA,NA,NA,NA,NA,NA,NA,NA
"1434","372802",8,"resources/real_fg_memory_images/orig5.jpg","real",NA,NA,NA,NA,NA,NA,NA,NA
"1435","372802",3,"resources/real_fg_memory_images/orig12.jpg","real",NA,NA,NA,NA,NA,NA,NA,NA
"1436","372802",6,"resources/real_fg_memory_images/fg32.jpg","artificial",NA,NA,NA,NA,NA,NA,NA,NA
"1437","372802",5,"resources/real_fg_memory_images/fg26.jpg","artificial",NA,NA,NA,NA,NA,NA,NA,NA
"1438","372802",4,"resources/real_fg_memory_images/orig17.jpg","real",NA,NA,NA,NA,NA,NA,NA,NA
"1439","372802",3,"resources/real_fg_memory_images/fg22.jpg","artificial",NA,NA,NA,NA,NA,NA,NA,NA
"1440","372802",8,"resources/real_fg_memory_images/fg19.jpg","artificial",NA,NA,NA,NA,NA,NA,NA,NA
"1441","372802",9,"resources/real_fg_memory_images/orig4.jpg","real",NA,NA,NA,NA,NA,NA,NA,NA
"1442","372802",NA,NA,NA,NA,NA,NA,NA,NA,NA,NA,NA
"1443","372802",NA,NA,NA,NA,NA,NA,NA,5,"Persons over the age of 65 are often targeted by con-artists",NA,NA
"1444","372802",NA,NA,NA,NA,NA,NA,NA,5,"I answer the phone whenever it rings, even if I do not know who is calling",NA,NA
"1445","372802",NA,NA,NA,NA,NA,NA,NA,3,"If a telemarketer calls me, I usually listen to what they have to say",NA,NA
"1446","372802",NA,NA,NA,NA,NA,NA,NA,1,"If something sounds too good to be true, it usually is",NA,NA
"1447","372802",NA,NA,NA,NA,NA,NA,NA,1,"I have difficulty ending a phone call, even if the caller is a telemarketer, someone I do not know, or someone I do not wish to call me",NA,NA
"1448","372802",NA,NA,NA,NA,NA,NA,NA,NA,NA,NA,NA
"1449","372802",NA,NA,NA,NA,NA,NA,NA,NA,NA,"[""male_option""]",NA
"1450","372802",NA,NA,NA,NA,NA,NA,NA,NA,NA,NA,75
"1451","372802",NA,NA,NA,NA,NA,NA,NA,NA,NA,NA,NA
"1452","372802",NA,NA,NA,NA,NA,NA,NA,NA,NA,NA,NA
"1453","372802",NA,NA,NA,NA,NA,NA,NA,NA,NA,NA,NA
"1454","372802",NA,NA,NA,NA,NA,NA,NA,NA,NA,NA,NA
"1455","372802",NA,NA,NA,NA,NA,NA,NA,NA,NA,NA,NA
"1456","372802",NA,NA,NA,NA,NA,NA,NA,NA,NA,NA,NA
"1457","372802",NA,NA,NA,NA,NA,NA,NA,NA,NA,NA,NA
"1458","372802",NA,NA,NA,NA,NA,NA,NA,NA,NA,NA,NA
"1459","372802",NA,NA,NA,NA,NA,NA,NA,NA,NA,NA,NA
"1460","372802",NA,NA,NA,NA,NA,NA,NA,NA,NA,NA,NA
"1461","489782",NA,NA,NA,NA,NA,NA,NA,NA,NA,NA,NA
"1462","489782",NA,NA,NA,NA,NA,NA,NA,NA,NA,NA,NA
"1463","489782",NA,NA,NA,NA,NA,NA,NA,NA,NA,NA,NA
"1464","489782",NA,NA,NA,NA,NA,NA,NA,NA,NA,NA,NA
"1465","489782",5,"resources/real_fg_memory_images/fg25.jpg","artificial",NA,NA,NA,NA,NA,NA,NA,NA
"1466","489782",5,"resources/real_fg_memory_images/fg30.jpg","artificial",NA,NA,NA,NA,NA,NA,NA,NA
"1467","489782",5,"resources/real_fg_memory_images/fg26.jpg","artificial",NA,NA,NA,NA,NA,NA,NA,NA
"1468","489782",4,"resources/real_fg_memory_images/orig5.jpg","real",NA,NA,NA,NA,NA,NA,NA,NA
"1469","489782",5,"resources/real_fg_memory_images/fg29.jpg","artificial",NA,NA,NA,NA,NA,NA,NA,NA
"1470","489782",5,"resources/real_fg_memory_images/fg24.jpg","artificial",NA,NA,NA,NA,NA,NA,NA,NA
"1471","489782",3,"resources/real_fg_memory_images/orig1.jpg","real",NA,NA,NA,NA,NA,NA,NA,NA
"1472","489782",3,"resources/real_fg_memory_images/orig12.jpg","real",NA,NA,NA,NA,NA,NA,NA,NA
"1473","489782",5,"resources/real_fg_memory_images/fg35.jpg","artificial",NA,NA,NA,NA,NA,NA,NA,NA
"1474","489782",3,"resources/real_fg_memory_images/fg20.jpg","artificial",NA,NA,NA,NA,NA,NA,NA,NA
"1475","489782",4,"resources/real_fg_memory_images/fg27.jpg","artificial",NA,NA,NA,NA,NA,NA,NA,NA
"1476","489782",5,"resources/real_fg_memory_images/orig15.jpg","real",NA,NA,NA,NA,NA,NA,NA,NA
"1477","489782",6,"resources/real_fg_memory_images/fg21.jpg","artificial",NA,NA,NA,NA,NA,NA,NA,NA
"1478","489782",6,"resources/real_fg_memory_images/fg22.jpg","artificial",NA,NA,NA,NA,NA,NA,NA,NA
"1479","489782",5,"resources/real_fg_memory_images/fg36.jpg","artificial",NA,NA,NA,NA,NA,NA,NA,NA
"1480","489782",7,"resources/real_fg_memory_images/fg19.jpg","artificial",NA,NA,NA,NA,NA,NA,NA,NA
"1481","489782",4,"resources/real_fg_memory_images/orig9.jpg","real",NA,NA,NA,NA,NA,NA,NA,NA
"1482","489782",6,"resources/real_fg_memory_images/fg34.jpg","artificial",NA,NA,NA,NA,NA,NA,NA,NA
"1483","489782",6,"resources/real_fg_memory_images/fg32.jpg","artificial",NA,NA,NA,NA,NA,NA,NA,NA
"1484","489782",5,"resources/real_fg_memory_images/orig7.jpg","real",NA,NA,NA,NA,NA,NA,NA,NA
"1485","489782",3,"resources/real_fg_memory_images/orig3.jpg","real",NA,NA,NA,NA,NA,NA,NA,NA
"1486","489782",4,"resources/real_fg_memory_images/orig11.jpg","real",NA,NA,NA,NA,NA,NA,NA,NA
"1487","489782",6,"resources/real_fg_memory_images/orig4.jpg","real",NA,NA,NA,NA,NA,NA,NA,NA
"1488","489782",6,"resources/real_fg_memory_images/fg23.jpg","artificial",NA,NA,NA,NA,NA,NA,NA,NA
"1489","489782",6,"resources/real_fg_memory_images/fg33.jpg","artificial",NA,NA,NA,NA,NA,NA,NA,NA
"1490","489782",5,"resources/real_fg_memory_images/fg31.jpg","artificial",NA,NA,NA,NA,NA,NA,NA,NA
"1491","489782",5,"resources/real_fg_memory_images/fg28.jpg","artificial",NA,NA,NA,NA,NA,NA,NA,NA
"1492","489782",5,"resources/real_fg_memory_images/orig13.jpg","real",NA,NA,NA,NA,NA,NA,NA,NA
"1493","489782",7,"resources/real_fg_memory_images/orig2.jpg","real",NA,NA,NA,NA,NA,NA,NA,NA
"1494","489782",3,"resources/real_fg_memory_images/orig8.jpg","real",NA,NA,NA,NA,NA,NA,NA,NA
"1495","489782",6,"resources/real_fg_memory_images/orig16.jpg","real",NA,NA,NA,NA,NA,NA,NA,NA
"1496","489782",6,"resources/real_fg_memory_images/orig6.jpg","real",NA,NA,NA,NA,NA,NA,NA,NA
"1497","489782",5,"resources/real_fg_memory_images/orig17.jpg","real",NA,NA,NA,NA,NA,NA,NA,NA
"1498","489782",5,"resources/real_fg_memory_images/orig10.jpg","real",NA,NA,NA,NA,NA,NA,NA,NA
"1499","489782",6,"resources/real_fg_memory_images/orig14.jpg","real",NA,NA,NA,NA,NA,NA,NA,NA
"1500","489782",7,"resources/real_fg_memory_images/orig18.jpg","real",NA,NA,NA,NA,NA,NA,NA,NA
"1501","489782",NA,NA,NA,NA,NA,NA,NA,NA,NA,NA,NA
"1502","489782",NA,"resources/real_fg_memory_images/fg23.jpg",NA,"artificial","Neutral",NA,NA,NA,NA,NA,NA
"1503","489782",NA,"resources/real_fg_memory_images/fg26.jpg",NA,"artificial","Scam",NA,NA,NA,NA,NA,NA
"1504","489782",NA,"resources/real_fg_memory_images/orig7.jpg",NA,"real","Scam",NA,NA,NA,NA,NA,NA
"1505","489782",NA,"resources/real_fg_memory_images/orig1.jpg",NA,"real","Neurtal",NA,NA,NA,NA,NA,NA
"1506","489782",NA,"resources/real_fg_memory_images/orig10.jpg",NA,"real","Scam",NA,NA,NA,NA,NA,NA
"1507","489782",NA,"resources/real_fg_memory_images/fg24.jpg",NA,"artificial","Neutral",NA,NA,NA,NA,NA,NA
"1508","489782",NA,"resources/real_fg_memory_images/orig9.jpg",NA,"real","Scam",NA,NA,NA,NA,NA,NA
"1509","489782",NA,"resources/real_fg_memory_images/orig11.jpg",NA,"real","Scam",NA,NA,NA,NA,NA,NA
"1510","489782",NA,"resources/real_fg_memory_images/fg28.jpg",NA,"artificial","Scam",NA,NA,NA,NA,NA,NA
"1511","489782",NA,"resources/real_fg_memory_images/fg21.jpg",NA,"artificial","Neutral",NA,NA,NA,NA,NA,NA
"1512","489782",NA,"resources/real_fg_memory_images/fg29.jpg",NA,"artificial","Scam",NA,NA,NA,NA,NA,NA
"1513","489782",NA,"resources/real_fg_memory_images/orig3.jpg",NA,"real","Neutral",NA,NA,NA,NA,NA,NA
"1514","489782",NA,"resources/real_fg_memory_images/orig5.jpg",NA,"real","Neutral",NA,NA,NA,NA,NA,NA
"1515","489782",NA,"resources/real_fg_memory_images/fg22.jpg",NA,"artificial","Neutral",NA,NA,NA,NA,NA,NA
"1516","489782",NA,"resources/real_fg_memory_images/fg30.jpg",NA,"artificial","Scam",NA,NA,NA,NA,NA,NA
"1517","489782",NA,"resources/real_fg_memory_images/fg25.jpg",NA,"artificial","Scam",NA,NA,NA,NA,NA,NA
"1518","489782",NA,"resources/real_fg_memory_images/fg20.jpg",NA,"artificial","Neutral",NA,NA,NA,NA,NA,NA
"1519","489782",NA,"resources/real_fg_memory_images/fg19.jpg",NA,"artificial","Neutral",NA,NA,NA,NA,NA,NA
"1520","489782",NA,"resources/real_fg_memory_images/orig2.jpg",NA,"real","Neutral",NA,NA,NA,NA,NA,NA
"1521","489782",NA,"resources/real_fg_memory_images/fg27.jpg",NA,"artificial","Scam",NA,NA,NA,NA,NA,NA
"1522","489782",NA,"resources/real_fg_memory_images/orig8.jpg",NA,"real","Scam",NA,NA,NA,NA,NA,NA
"1523","489782",NA,"resources/real_fg_memory_images/orig4.jpg",NA,"real","Neutral",NA,NA,NA,NA,NA,NA
"1524","489782",NA,"resources/real_fg_memory_images/orig6.jpg",NA,"real","Neutral",NA,NA,NA,NA,NA,NA
"1525","489782",NA,"resources/real_fg_memory_images/orig12.jpg",NA,"real","Scam",NA,NA,NA,NA,NA,NA
"1526","489782",NA,NA,NA,NA,NA,NA,NA,NA,NA,NA,NA
"1527","489782",NA,"resources/real_fg_memory_images/fg20.jpg",NA,"artificial","Neutral","[""neutral_button""]","2",NA,NA,NA,NA
"1528","489782",NA,"resources/real_fg_memory_images/orig11.jpg",NA,"real","Scam","[""neutral_button"",""scam_button""]","6",NA,NA,NA,NA
"1529","489782",NA,"resources/real_fg_memory_images/orig9.jpg",NA,"real","Scam","[""scam_button"",""neutral_button""]","9",NA,NA,NA,NA
"1530","489782",NA,"resources/real_fg_memory_images/fg26.jpg",NA,"artificial","Scam","[""neutral_button"",""scam_button""]","y",NA,NA,NA,NA
"1531","489782",NA,"resources/real_fg_memory_images/orig8.jpg",NA,"real","Scam","[""scam_button""]","6",NA,NA,NA,NA
"1532","489782",NA,"resources/real_fg_memory_images/fg21.jpg",NA,"artificial","Neutral","[""scam_button""]","6",NA,NA,NA,NA
"1533","489782",NA,"resources/real_fg_memory_images/orig4.jpg",NA,"real","Neutral","[""scam_button"",""neutral_button""]","9",NA,NA,NA,NA
"1534","489782",NA,"resources/real_fg_memory_images/fg22.jpg",NA,"artificial","Neutral","[""neutral_button""]","6",NA,NA,NA,NA
"1535","489782",NA,"resources/real_fg_memory_images/fg28.jpg",NA,"artificial","Scam","[""neutral_button""]","6",NA,NA,NA,NA
"1536","489782",NA,"resources/real_fg_memory_images/fg23.jpg",NA,"artificial","Neutral","[""scam_button""]","6",NA,NA,NA,NA
"1537","489782",NA,"resources/real_fg_memory_images/fg19.jpg",NA,"artificial","Neutral","[""scam_button""]","7",NA,NA,NA,NA
"1538","489782",NA,"resources/real_fg_memory_images/fg29.jpg",NA,"artificial","Scam","[""scam_button""]","8",NA,NA,NA,NA
"1539","489782",NA,"resources/real_fg_memory_images/orig10.jpg",NA,"real","Scam","[""scam_button""]","8",NA,NA,NA,NA
"1540","489782",NA,"resources/real_fg_memory_images/fg24.jpg",NA,"artificial","Neutral","[""scam_button""]","8",NA,NA,NA,NA
"1541","489782",NA,"resources/real_fg_memory_images/orig1.jpg",NA,"real","Neurtal","[""neutral_button""]","9",NA,NA,NA,NA
"1542","489782",NA,"resources/real_fg_memory_images/fg30.jpg",NA,"artificial","Scam","[""scam_button""]","8",NA,NA,NA,NA
"1543","489782",NA,"resources/real_fg_memory_images/fg27.jpg",NA,"artificial","Scam","[""scam_button""]","8",NA,NA,NA,NA
"1544","489782",NA,"resources/real_fg_memory_images/fg25.jpg",NA,"artificial","Scam","[""neutral_button""]","6",NA,NA,NA,NA
"1545","489782",NA,"resources/real_fg_memory_images/orig7.jpg",NA,"real","Scam","[""neutral_button"",""scam_button""]","8",NA,NA,NA,NA
"1546","489782",NA,"resources/real_fg_memory_images/orig6.jpg",NA,"real","Neutral","[""scam_button"",""neutral_button""]","8",NA,NA,NA,NA
"1547","489782",NA,"resources/real_fg_memory_images/orig5.jpg",NA,"real","Neutral","[""neutral_button""]","7",NA,NA,NA,NA
"1548","489782",NA,"resources/real_fg_memory_images/orig3.jpg",NA,"real","Neutral","[""neutral_button""]","89",NA,NA,NA,NA
"1549","489782",NA,"resources/real_fg_memory_images/orig12.jpg",NA,"real","Scam","[""neutral_button""]","9",NA,NA,NA,NA
"1550","489782",NA,"resources/real_fg_memory_images/orig2.jpg",NA,"real","Neutral","[""neutral_button""]","6",NA,NA,NA,NA
"1551","489782",NA,NA,NA,NA,NA,NA,NA,NA,NA,NA,NA
"1552","489782",6,"resources/real_fg_memory_images/fg23.jpg","artificial",NA,NA,NA,NA,NA,NA,NA,NA
"1553","489782",6,"resources/real_fg_memory_images/orig1.jpg","real",NA,NA,NA,NA,NA,NA,NA,NA
"1554","489782",5,"resources/real_fg_memory_images/fg33.jpg","artificial",NA,NA,NA,NA,NA,NA,NA,NA
"1555","489782",5,"resources/real_fg_memory_images/fg32.jpg","artificial",NA,NA,NA,NA,NA,NA,NA,NA
"1556","489782",8,"resources/real_fg_memory_images/orig16.jpg","real",NA,NA,NA,NA,NA,NA,NA,NA
"1557","489782",6,"resources/real_fg_memory_images/fg28.jpg","artificial",NA,NA,NA,NA,NA,NA,NA,NA
"1558","489782",5,"resources/real_fg_memory_images/fg34.jpg","artificial",NA,NA,NA,NA,NA,NA,NA,NA
"1559","489782",7,"resources/real_fg_memory_images/orig17.jpg","real",NA,NA,NA,NA,NA,NA,NA,NA
"1560","489782",6,"resources/real_fg_memory_images/orig10.jpg","real",NA,NA,NA,NA,NA,NA,NA,NA
"1561","489782",6,"resources/real_fg_memory_images/fg25.jpg","artificial",NA,NA,NA,NA,NA,NA,NA,NA
"1562","489782",6,"resources/real_fg_memory_images/orig7.jpg","real",NA,NA,NA,NA,NA,NA,NA,NA
"1563","489782",6,"resources/real_fg_memory_images/orig9.jpg","real",NA,NA,NA,NA,NA,NA,NA,NA
"1564","489782",5,"resources/real_fg_memory_images/fg22.jpg","artificial",NA,NA,NA,NA,NA,NA,NA,NA
"1565","489782",8,"resources/real_fg_memory_images/orig2.jpg","real",NA,NA,NA,NA,NA,NA,NA,NA
"1566","489782",6,"resources/real_fg_memory_images/fg36.jpg","artificial",NA,NA,NA,NA,NA,NA,NA,NA
"1567","489782",7,"resources/real_fg_memory_images/fg35.jpg","artificial",NA,NA,NA,NA,NA,NA,NA,NA
"1568","489782",5,"resources/real_fg_memory_images/fg21.jpg","artificial",NA,NA,NA,NA,NA,NA,NA,NA
"1569","489782",7,"resources/real_fg_memory_images/orig18.jpg","real",NA,NA,NA,NA,NA,NA,NA,NA
"1570","489782",5,"resources/real_fg_memory_images/orig8.jpg","real",NA,NA,NA,NA,NA,NA,NA,NA
"1571","489782",8,"resources/real_fg_memory_images/orig4.jpg","real",NA,NA,NA,NA,NA,NA,NA,NA
"1572","489782",7,"resources/real_fg_memory_images/orig5.jpg","real",NA,NA,NA,NA,NA,NA,NA,NA
"1573","489782",6,"resources/real_fg_memory_images/fg19.jpg","artificial",NA,NA,NA,NA,NA,NA,NA,NA
"1574","489782",5,"resources/real_fg_memory_images/fg27.jpg","artificial",NA,NA,NA,NA,NA,NA,NA,NA
"1575","489782",6,"resources/real_fg_memory_images/fg24.jpg","artificial",NA,NA,NA,NA,NA,NA,NA,NA
"1576","489782",7,"resources/real_fg_memory_images/orig6.jpg","real",NA,NA,NA,NA,NA,NA,NA,NA
"1577","489782",8,"resources/real_fg_memory_images/orig14.jpg","real",NA,NA,NA,NA,NA,NA,NA,NA
"1578","489782",5,"resources/real_fg_memory_images/fg20.jpg","artificial",NA,NA,NA,NA,NA,NA,NA,NA
"1579","489782",5,"resources/real_fg_memory_images/orig3.jpg","real",NA,NA,NA,NA,NA,NA,NA,NA
"1580","489782",6,"resources/real_fg_memory_images/orig15.jpg","real",NA,NA,NA,NA,NA,NA,NA,NA
"1581","489782",6,"resources/real_fg_memory_images/fg29.jpg","artificial",NA,NA,NA,NA,NA,NA,NA,NA
"1582","489782",5,"resources/real_fg_memory_images/orig12.jpg","real",NA,NA,NA,NA,NA,NA,NA,NA
"1583","489782",6,"resources/real_fg_memory_images/fg31.jpg","artificial",NA,NA,NA,NA,NA,NA,NA,NA
"1584","489782",5,"resources/real_fg_memory_images/orig13.jpg","real",NA,NA,NA,NA,NA,NA,NA,NA
"1585","489782",6,"resources/real_fg_memory_images/fg26.jpg","artificial",NA,NA,NA,NA,NA,NA,NA,NA
"1586","489782",5,"resources/real_fg_memory_images/orig11.jpg","real",NA,NA,NA,NA,NA,NA,NA,NA
"1587","489782",4,"resources/real_fg_memory_images/fg30.jpg","artificial",NA,NA,NA,NA,NA,NA,NA,NA
"1588","489782",NA,NA,NA,NA,NA,NA,NA,NA,NA,NA,NA
"1589","489782",NA,NA,NA,NA,NA,NA,NA,5,"Persons over the age of 65 are often targeted by con-artists",NA,NA
"1590","489782",NA,NA,NA,NA,NA,NA,NA,4,"If something sounds too good to be true, it usually is",NA,NA
"1591","489782",NA,NA,NA,NA,NA,NA,NA,3,"I have difficulty ending a phone call, even if the caller is a telemarketer, someone I do not know, or someone I do not wish to call me",NA,NA
"1592","489782",NA,NA,NA,NA,NA,NA,NA,2,"If a telemarketer calls me, I usually listen to what they have to say",NA,NA
"1593","489782",NA,NA,NA,NA,NA,NA,NA,2,"I answer the phone whenever it rings, even if I do not know who is calling",NA,NA
"1594","489782",NA,NA,NA,NA,NA,NA,NA,NA,NA,NA,NA
"1595","489782",NA,NA,NA,NA,NA,NA,NA,NA,NA,"[""other_option""]",NA
"1596","489782",NA,NA,NA,NA,NA,NA,NA,NA,NA,NA,72
"1597","489782",NA,NA,NA,NA,NA,NA,NA,NA,NA,NA,NA
"1598","489782",NA,NA,NA,NA,NA,NA,NA,NA,NA,NA,NA
"1599","489782",NA,NA,NA,NA,NA,NA,NA,NA,NA,NA,NA
"1600","489782",NA,NA,NA,NA,NA,NA,NA,NA,NA,NA,NA
"1601","489782",NA,NA,NA,NA,NA,NA,NA,NA,NA,NA,NA
"1602","489782",NA,NA,NA,NA,NA,NA,NA,NA,NA,NA,NA
"1603","489782",NA,NA,NA,NA,NA,NA,NA,NA,NA,NA,NA
"1604","489782",NA,NA,NA,NA,NA,NA,NA,NA,NA,NA,NA
"1605","489782",NA,NA,NA,NA,NA,NA,NA,NA,NA,NA,NA
"1606","489782",NA,NA,NA,NA,NA,NA,NA,NA,NA,NA,NA
"1607","501069",NA,NA,NA,NA,NA,NA,NA,NA,NA,NA,NA
"1608","501069",NA,NA,NA,NA,NA,NA,NA,NA,NA,NA,NA
"1609","501069",NA,NA,NA,NA,NA,NA,NA,NA,NA,NA,NA
"1610","501069",NA,NA,NA,NA,NA,NA,NA,NA,NA,NA,NA
"1611","501069",7,"resources/real_fg_memory_images/orig5.jpg","real",NA,NA,NA,NA,NA,NA,NA,NA
"1612","501069",2,"resources/real_fg_memory_images/orig13.jpg","real",NA,NA,NA,NA,NA,NA,NA,NA
"1613","501069",4,"resources/real_fg_memory_images/orig17.jpg","real",NA,NA,NA,NA,NA,NA,NA,NA
"1614","501069",1,"resources/real_fg_memory_images/fg25.jpg","artificial",NA,NA,NA,NA,NA,NA,NA,NA
"1615","501069",7,"resources/real_fg_memory_images/orig15.jpg","real",NA,NA,NA,NA,NA,NA,NA,NA
"1616","501069",7,"resources/real_fg_memory_images/fg21.jpg","artificial",NA,NA,NA,NA,NA,NA,NA,NA
"1617","501069",4,"resources/real_fg_memory_images/fg29.jpg","artificial",NA,NA,NA,NA,NA,NA,NA,NA
"1618","501069",8,"resources/real_fg_memory_images/orig1.jpg","real",NA,NA,NA,NA,NA,NA,NA,NA
"1619","501069",8,"resources/real_fg_memory_images/fg22.jpg","artificial",NA,NA,NA,NA,NA,NA,NA,NA
"1620","501069",5,"resources/real_fg_memory_images/fg28.jpg","artificial",NA,NA,NA,NA,NA,NA,NA,NA
"1621","501069",3,"resources/real_fg_memory_images/orig18.jpg","real",NA,NA,NA,NA,NA,NA,NA,NA
"1622","501069",7,"resources/real_fg_memory_images/orig7.jpg","real",NA,NA,NA,NA,NA,NA,NA,NA
"1623","501069",7,"resources/real_fg_memory_images/orig16.jpg","real",NA,NA,NA,NA,NA,NA,NA,NA
"1624","501069",7,"resources/real_fg_memory_images/orig9.jpg","real",NA,NA,NA,NA,NA,NA,NA,NA
"1625","501069",7,"resources/real_fg_memory_images/orig2.jpg","real",NA,NA,NA,NA,NA,NA,NA,NA
"1626","501069",7,"resources/real_fg_memory_images/orig12.jpg","real",NA,NA,NA,NA,NA,NA,NA,NA
"1627","501069",7,"resources/real_fg_memory_images/orig4.jpg","real",NA,NA,NA,NA,NA,NA,NA,NA
"1628","501069",2,"resources/real_fg_memory_images/fg33.jpg","artificial",NA,NA,NA,NA,NA,NA,NA,NA
"1629","501069",1,"resources/real_fg_memory_images/fg30.jpg","artificial",NA,NA,NA,NA,NA,NA,NA,NA
"1630","501069",1,"resources/real_fg_memory_images/fg32.jpg","artificial",NA,NA,NA,NA,NA,NA,NA,NA
"1631","501069",1,"resources/real_fg_memory_images/fg34.jpg","artificial",NA,NA,NA,NA,NA,NA,NA,NA
"1632","501069",1,"resources/real_fg_memory_images/fg36.jpg","artificial",NA,NA,NA,NA,NA,NA,NA,NA
"1633","501069",1,"resources/real_fg_memory_images/orig11.jpg","real",NA,NA,NA,NA,NA,NA,NA,NA
"1634","501069",4,"resources/real_fg_memory_images/orig3.jpg","real",NA,NA,NA,NA,NA,NA,NA,NA
"1635","501069",7,"resources/real_fg_memory_images/orig8.jpg","real",NA,NA,NA,NA,NA,NA,NA,NA
"1636","501069",7,"resources/real_fg_memory_images/orig6.jpg","real",NA,NA,NA,NA,NA,NA,NA,NA
"1637","501069",1,"resources/real_fg_memory_images/fg35.jpg","artificial",NA,NA,NA,NA,NA,NA,NA,NA
"1638","501069",6,"resources/real_fg_memory_images/orig10.jpg","real",NA,NA,NA,NA,NA,NA,NA,NA
"1639","501069",6,"resources/real_fg_memory_images/fg24.jpg","artificial",NA,NA,NA,NA,NA,NA,NA,NA
"1640","501069",7,"resources/real_fg_memory_images/fg20.jpg","artificial",NA,NA,NA,NA,NA,NA,NA,NA
"1641","501069",2,"resources/real_fg_memory_images/fg23.jpg","artificial",NA,NA,NA,NA,NA,NA,NA,NA
"1642","501069",1,"resources/real_fg_memory_images/fg26.jpg","artificial",NA,NA,NA,NA,NA,NA,NA,NA
"1643","501069",1,"resources/real_fg_memory_images/fg31.jpg","artificial",NA,NA,NA,NA,NA,NA,NA,NA
"1644","501069",1,"resources/real_fg_memory_images/fg27.jpg","artificial",NA,NA,NA,NA,NA,NA,NA,NA
"1645","501069",7,"resources/real_fg_memory_images/orig14.jpg","real",NA,NA,NA,NA,NA,NA,NA,NA
"1646","501069",2,"resources/real_fg_memory_images/fg19.jpg","artificial",NA,NA,NA,NA,NA,NA,NA,NA
"1647","501069",NA,NA,NA,NA,NA,NA,NA,NA,NA,NA,NA
"1648","501069",NA,"resources/real_fg_memory_images/fg22.jpg",NA,"artificial","Neutral",NA,NA,NA,NA,NA,NA
"1649","501069",NA,"resources/real_fg_memory_images/fg21.jpg",NA,"artificial","Neutral",NA,NA,NA,NA,NA,NA
"1650","501069",NA,"resources/real_fg_memory_images/fg27.jpg",NA,"artificial","Scam",NA,NA,NA,NA,NA,NA
"1651","501069",NA,"resources/real_fg_memory_images/orig8.jpg",NA,"real","Scam",NA,NA,NA,NA,NA,NA
"1652","501069",NA,"resources/real_fg_memory_images/fg20.jpg",NA,"artificial","Neutral",NA,NA,NA,NA,NA,NA
"1653","501069",NA,"resources/real_fg_memory_images/fg25.jpg",NA,"artificial","Scam",NA,NA,NA,NA,NA,NA
"1654","501069",NA,"resources/real_fg_memory_images/orig11.jpg",NA,"real","Scam",NA,NA,NA,NA,NA,NA
"1655","501069",NA,"resources/real_fg_memory_images/fg28.jpg",NA,"artificial","Scam",NA,NA,NA,NA,NA,NA
"1656","501069",NA,"resources/real_fg_memory_images/fg29.jpg",NA,"artificial","Scam",NA,NA,NA,NA,NA,NA
"1657","501069",NA,"resources/real_fg_memory_images/fg30.jpg",NA,"artificial","Scam",NA,NA,NA,NA,NA,NA
"1658","501069",NA,"resources/real_fg_memory_images/orig1.jpg",NA,"real","Neurtal",NA,NA,NA,NA,NA,NA
"1659","501069",NA,"resources/real_fg_memory_images/orig7.jpg",NA,"real","Scam",NA,NA,NA,NA,NA,NA
"1660","501069",NA,"resources/real_fg_memory_images/orig6.jpg",NA,"real","Neutral",NA,NA,NA,NA,NA,NA
"1661","501069",NA,"resources/real_fg_memory_images/fg26.jpg",NA,"artificial","Scam",NA,NA,NA,NA,NA,NA
"1662","501069",NA,"resources/real_fg_memory_images/fg23.jpg",NA,"artificial","Neutral",NA,NA,NA,NA,NA,NA
"1663","501069",NA,"resources/real_fg_memory_images/fg19.jpg",NA,"artificial","Neutral",NA,NA,NA,NA,NA,NA
"1664","501069",NA,"resources/real_fg_memory_images/orig4.jpg",NA,"real","Neutral",NA,NA,NA,NA,NA,NA
"1665","501069",NA,"resources/real_fg_memory_images/orig10.jpg",NA,"real","Scam",NA,NA,NA,NA,NA,NA
"1666","501069",NA,"resources/real_fg_memory_images/orig5.jpg",NA,"real","Neutral",NA,NA,NA,NA,NA,NA
"1667","501069",NA,"resources/real_fg_memory_images/orig9.jpg",NA,"real","Scam",NA,NA,NA,NA,NA,NA
"1668","501069",NA,"resources/real_fg_memory_images/orig3.jpg",NA,"real","Neutral",NA,NA,NA,NA,NA,NA
"1669","501069",NA,"resources/real_fg_memory_images/orig12.jpg",NA,"real","Scam",NA,NA,NA,NA,NA,NA
"1670","501069",NA,"resources/real_fg_memory_images/fg24.jpg",NA,"artificial","Neutral",NA,NA,NA,NA,NA,NA
"1671","501069",NA,"resources/real_fg_memory_images/orig2.jpg",NA,"real","Neutral",NA,NA,NA,NA,NA,NA
"1672","501069",NA,NA,NA,NA,NA,NA,NA,NA,NA,NA,NA
"1673","501069",NA,"resources/real_fg_memory_images/fg30.jpg",NA,"artificial","Scam","[""scam_button""]","6",NA,NA,NA,NA
"1674","501069",NA,"resources/real_fg_memory_images/fg22.jpg",NA,"artificial","Neutral","[""scam_button""]","9",NA,NA,NA,NA
"1675","501069",NA,"resources/real_fg_memory_images/fg19.jpg",NA,"artificial","Neutral","[""neutral_button""]","9",NA,NA,NA,NA
"1676","501069",NA,"resources/real_fg_memory_images/orig7.jpg",NA,"real","Scam","[""neutral_button""]","10",NA,NA,NA,NA
"1677","501069",NA,"resources/real_fg_memory_images/orig10.jpg",NA,"real","Scam","[""neutral_button""]","10",NA,NA,NA,NA
"1678","501069",NA,"resources/real_fg_memory_images/fg25.jpg",NA,"artificial","Scam","[""scam_button""]","10",NA,NA,NA,NA
"1679","501069",NA,"resources/real_fg_memory_images/orig12.jpg",NA,"real","Scam","[""neutral_button""]","6",NA,NA,NA,NA
"1680","501069",NA,"resources/real_fg_memory_images/fg26.jpg",NA,"artificial","Scam","[""scam_button""]","7",NA,NA,NA,NA
"1681","501069",NA,"resources/real_fg_memory_images/orig2.jpg",NA,"real","Neutral","[""scam_button""]","10",NA,NA,NA,NA
"1682","501069",NA,"resources/real_fg_memory_images/fg21.jpg",NA,"artificial","Neutral","[""scam_button""]","10",NA,NA,NA,NA
"1683","501069",NA,"resources/real_fg_memory_images/fg24.jpg",NA,"artificial","Neutral","[""neutral_button""]","8",NA,NA,NA,NA
"1684","501069",NA,"resources/real_fg_memory_images/fg29.jpg",NA,"artificial","Scam","[""scam_button""]","10",NA,NA,NA,NA
"1685","501069",NA,"resources/real_fg_memory_images/orig3.jpg",NA,"real","Neutral","[""neutral_button""]","9",NA,NA,NA,NA
"1686","501069",NA,"resources/real_fg_memory_images/orig11.jpg",NA,"real","Scam","[""scam_button""]","10",NA,NA,NA,NA
"1687","501069",NA,"resources/real_fg_memory_images/fg23.jpg",NA,"artificial","Neutral","[""neutral_button""]","8",NA,NA,NA,NA
"1688","501069",NA,"resources/real_fg_memory_images/fg28.jpg",NA,"artificial","Scam","[""scam_button""]","8",NA,NA,NA,NA
"1689","501069",NA,"resources/real_fg_memory_images/orig1.jpg",NA,"real","Neurtal","[""scam_button""]","9",NA,NA,NA,NA
"1690","501069",NA,"resources/real_fg_memory_images/fg20.jpg",NA,"artificial","Neutral","[""neutral_button""]","4",NA,NA,NA,NA
"1691","501069",NA,"resources/real_fg_memory_images/orig9.jpg",NA,"real","Scam","[""neutral_button""]","6",NA,NA,NA,NA
"1692","501069",NA,"resources/real_fg_memory_images/orig4.jpg",NA,"real","Neutral","[""neutral_button""]","9",NA,NA,NA,NA
"1693","501069",NA,"resources/real_fg_memory_images/orig5.jpg",NA,"real","Neutral","[""scam_button""]","5",NA,NA,NA,NA
"1694","501069",NA,"resources/real_fg_memory_images/orig6.jpg",NA,"real","Neutral","[""scam_button""]","9",NA,NA,NA,NA
"1695","501069",NA,"resources/real_fg_memory_images/orig8.jpg",NA,"real","Scam","[""scam_button""]","10",NA,NA,NA,NA
"1696","501069",NA,"resources/real_fg_memory_images/fg27.jpg",NA,"artificial","Scam","[""scam_button""]","8",NA,NA,NA,NA
"1697","501069",NA,NA,NA,NA,NA,NA,NA,NA,NA,NA,NA
"1698","501069",3,"resources/real_fg_memory_images/fg19.jpg","artificial",NA,NA,NA,NA,NA,NA,NA,NA
"1699","501069",7,"resources/real_fg_memory_images/orig3.jpg","real",NA,NA,NA,NA,NA,NA,NA,NA
"1700","501069",7,"resources/real_fg_memory_images/fg23.jpg","artificial",NA,NA,NA,NA,NA,NA,NA,NA
"1701","501069",2,"resources/real_fg_memory_images/orig6.jpg","real",NA,NA,NA,NA,NA,NA,NA,NA
"1702","501069",2,"resources/real_fg_memory_images/orig17.jpg","real",NA,NA,NA,NA,NA,NA,NA,NA
"1703","501069",1,"resources/real_fg_memory_images/fg28.jpg","artificial",NA,NA,NA,NA,NA,NA,NA,NA
"1704","501069",1,"resources/real_fg_memory_images/fg27.jpg","artificial",NA,NA,NA,NA,NA,NA,NA,NA
"1705","501069",2,"resources/real_fg_memory_images/fg31.jpg","artificial",NA,NA,NA,NA,NA,NA,NA,NA
"1706","501069",2,"resources/real_fg_memory_images/orig1.jpg","real",NA,NA,NA,NA,NA,NA,NA,NA
"1707","501069",7,"resources/real_fg_memory_images/orig13.jpg","real",NA,NA,NA,NA,NA,NA,NA,NA
"1708","501069",7,"resources/real_fg_memory_images/orig7.jpg","real",NA,NA,NA,NA,NA,NA,NA,NA
"1709","501069",3,"resources/real_fg_memory_images/orig10.jpg","real",NA,NA,NA,NA,NA,NA,NA,NA
"1710","501069",8,"resources/real_fg_memory_images/fg20.jpg","artificial",NA,NA,NA,NA,NA,NA,NA,NA
"1711","501069",2,"resources/real_fg_memory_images/fg35.jpg","artificial",NA,NA,NA,NA,NA,NA,NA,NA
"1712","501069",7,"resources/real_fg_memory_images/fg25.jpg","artificial",NA,NA,NA,NA,NA,NA,NA,NA
"1713","501069",9,"resources/real_fg_memory_images/orig11.jpg","real",NA,NA,NA,NA,NA,NA,NA,NA
"1714","501069",2,"resources/real_fg_memory_images/fg32.jpg","artificial",NA,NA,NA,NA,NA,NA,NA,NA
"1715","501069",9,"resources/real_fg_memory_images/orig5.jpg","real",NA,NA,NA,NA,NA,NA,NA,NA
"1716","501069",8,"resources/real_fg_memory_images/fg36.jpg","artificial",NA,NA,NA,NA,NA,NA,NA,NA
"1717","501069",7,"resources/real_fg_memory_images/fg33.jpg","artificial",NA,NA,NA,NA,NA,NA,NA,NA
"1718","501069",4,"resources/real_fg_memory_images/fg22.jpg","artificial",NA,NA,NA,NA,NA,NA,NA,NA
"1719","501069",4,"resources/real_fg_memory_images/orig12.jpg","real",NA,NA,NA,NA,NA,NA,NA,NA
"1720","501069",4,"resources/real_fg_memory_images/orig16.jpg","real",NA,NA,NA,NA,NA,NA,NA,NA
"1721","501069",4,"resources/real_fg_memory_images/orig2.jpg","real",NA,NA,NA,NA,NA,NA,NA,NA
"1722","501069",8,"resources/real_fg_memory_images/orig4.jpg","real",NA,NA,NA,NA,NA,NA,NA,NA
"1723","501069",7,"resources/real_fg_memory_images/fg29.jpg","artificial",NA,NA,NA,NA,NA,NA,NA,NA
"1724","501069",8,"resources/real_fg_memory_images/fg24.jpg","artificial",NA,NA,NA,NA,NA,NA,NA,NA
"1725","501069",8,"resources/real_fg_memory_images/orig14.jpg","real",NA,NA,NA,NA,NA,NA,NA,NA
"1726","501069",2,"resources/real_fg_memory_images/fg26.jpg","artificial",NA,NA,NA,NA,NA,NA,NA,NA
"1727","501069",7,"resources/real_fg_memory_images/fg30.jpg","artificial",NA,NA,NA,NA,NA,NA,NA,NA
"1728","501069",7,"resources/real_fg_memory_images/fg21.jpg","artificial",NA,NA,NA,NA,NA,NA,NA,NA
"1729","501069",7,"resources/real_fg_memory_images/orig9.jpg","real",NA,NA,NA,NA,NA,NA,NA,NA
"1730","501069",7,"resources/real_fg_memory_images/orig15.jpg","real",NA,NA,NA,NA,NA,NA,NA,NA
"1731","501069",3,"resources/real_fg_memory_images/orig18.jpg","real",NA,NA,NA,NA,NA,NA,NA,NA
"1732","501069",3,"resources/real_fg_memory_images/fg34.jpg","artificial",NA,NA,NA,NA,NA,NA,NA,NA
"1733","501069",3,"resources/real_fg_memory_images/orig8.jpg","real",NA,NA,NA,NA,NA,NA,NA,NA
"1734","501069",NA,NA,NA,NA,NA,NA,NA,NA,NA,NA,NA
"1735","501069",NA,NA,NA,NA,NA,NA,NA,5,"If something sounds too good to be true, it usually is",NA,NA
"1736","501069",NA,NA,NA,NA,NA,NA,NA,5,"I answer the phone whenever it rings, even if I do not know who is calling",NA,NA
"1737","501069",NA,NA,NA,NA,NA,NA,NA,1,"I have difficulty ending a phone call, even if the caller is a telemarketer, someone I do not know, or someone I do not wish to call me",NA,NA
"1738","501069",NA,NA,NA,NA,NA,NA,NA,5,"Persons over the age of 65 are often targeted by con-artists",NA,NA
"1739","501069",NA,NA,NA,NA,NA,NA,NA,1,"If a telemarketer calls me, I usually listen to what they have to say",NA,NA
"1740","501069",NA,NA,NA,NA,NA,NA,NA,NA,NA,NA,NA
"1741","501069",NA,NA,NA,NA,NA,NA,NA,NA,NA,"[""other_option""]",NA
"1742","501069",NA,NA,NA,NA,NA,NA,NA,NA,NA,NA,68
"1743","501069",NA,NA,NA,NA,NA,NA,NA,NA,NA,NA,NA
"1744","501069",NA,NA,NA,NA,NA,NA,NA,NA,NA,NA,NA
"1745","501069",NA,NA,NA,NA,NA,NA,NA,NA,NA,NA,NA
"1746","501069",NA,NA,NA,NA,NA,NA,NA,NA,NA,NA,NA
"1747","501069",NA,NA,NA,NA,NA,NA,NA,NA,NA,NA,NA
"1748","501069",NA,NA,NA,NA,NA,NA,NA,NA,NA,NA,NA
"1749","501069",NA,NA,NA,NA,NA,NA,NA,NA,NA,NA,NA
"1750","501069",NA,NA,NA,NA,NA,NA,NA,NA,NA,NA,NA
"1751","501069",NA,NA,NA,NA,NA,NA,NA,NA,NA,NA,NA
"1752","501069",NA,NA,NA,NA,NA,NA,NA,NA,NA,NA,NA
"1753","503785",NA,NA,NA,NA,NA,NA,NA,NA,NA,NA,NA
"1754","503785",NA,NA,NA,NA,NA,NA,NA,NA,NA,NA,NA
"1755","503785",NA,NA,NA,NA,NA,NA,NA,NA,NA,NA,NA
"1756","503785",NA,NA,NA,NA,NA,NA,NA,NA,NA,NA,NA
"1757","503785",7,"resources/real_fg_memory_images/orig18.jpg","real",NA,NA,NA,NA,NA,NA,NA,NA
"1758","503785",4,"resources/real_fg_memory_images/orig5.jpg","real",NA,NA,NA,NA,NA,NA,NA,NA
"1759","503785",7,"resources/real_fg_memory_images/orig7.jpg","real",NA,NA,NA,NA,NA,NA,NA,NA
"1760","503785",3,"resources/real_fg_memory_images/fg31.jpg","artificial",NA,NA,NA,NA,NA,NA,NA,NA
"1761","503785",4,"resources/real_fg_memory_images/fg36.jpg","artificial",NA,NA,NA,NA,NA,NA,NA,NA
"1762","503785",5,"resources/real_fg_memory_images/fg22.jpg","artificial",NA,NA,NA,NA,NA,NA,NA,NA
"1763","503785",4,"resources/real_fg_memory_images/fg27.jpg","artificial",NA,NA,NA,NA,NA,NA,NA,NA
"1764","503785",8,"resources/real_fg_memory_images/orig16.jpg","real",NA,NA,NA,NA,NA,NA,NA,NA
"1765","503785",6,"resources/real_fg_memory_images/orig10.jpg","real",NA,NA,NA,NA,NA,NA,NA,NA
"1766","503785",3,"resources/real_fg_memory_images/fg23.jpg","artificial",NA,NA,NA,NA,NA,NA,NA,NA
"1767","503785",4,"resources/real_fg_memory_images/fg21.jpg","artificial",NA,NA,NA,NA,NA,NA,NA,NA
"1768","503785",2,"resources/real_fg_memory_images/orig9.jpg","real",NA,NA,NA,NA,NA,NA,NA,NA
"1769","503785",7,"resources/real_fg_memory_images/fg30.jpg","artificial",NA,NA,NA,NA,NA,NA,NA,NA
"1770","503785",6,"resources/real_fg_memory_images/orig1.jpg","real",NA,NA,NA,NA,NA,NA,NA,NA
"1771","503785",5,"resources/real_fg_memory_images/fg28.jpg","artificial",NA,NA,NA,NA,NA,NA,NA,NA
"1772","503785",9,"resources/real_fg_memory_images/orig6.jpg","real",NA,NA,NA,NA,NA,NA,NA,NA
"1773","503785",7,"resources/real_fg_memory_images/orig15.jpg","real",NA,NA,NA,NA,NA,NA,NA,NA
"1774","503785",3,"resources/real_fg_memory_images/fg24.jpg","artificial",NA,NA,NA,NA,NA,NA,NA,NA
"1775","503785",5,"resources/real_fg_memory_images/fg33.jpg","artificial",NA,NA,NA,NA,NA,NA,NA,NA
"1776","503785",3,"resources/real_fg_memory_images/orig4.jpg","real",NA,NA,NA,NA,NA,NA,NA,NA
"1777","503785",3,"resources/real_fg_memory_images/fg25.jpg","artificial",NA,NA,NA,NA,NA,NA,NA,NA
"1778","503785",3,"resources/real_fg_memory_images/fg20.jpg","artificial",NA,NA,NA,NA,NA,NA,NA,NA
"1779","503785",2,"resources/real_fg_memory_images/fg19.jpg","artificial",NA,NA,NA,NA,NA,NA,NA,NA
"1780","503785",7,"resources/real_fg_memory_images/orig13.jpg","real",NA,NA,NA,NA,NA,NA,NA,NA
"1781","503785",7,"resources/real_fg_memory_images/orig3.jpg","real",NA,NA,NA,NA,NA,NA,NA,NA
"1782","503785",2,"resources/real_fg_memory_images/fg29.jpg","artificial",NA,NA,NA,NA,NA,NA,NA,NA
"1783","503785",3,"resources/real_fg_memory_images/fg34.jpg","artificial",NA,NA,NA,NA,NA,NA,NA,NA
"1784","503785",1,"resources/real_fg_memory_images/fg26.jpg","artificial",NA,NA,NA,NA,NA,NA,NA,NA
"1785","503785",7,"resources/real_fg_memory_images/orig14.jpg","real",NA,NA,NA,NA,NA,NA,NA,NA
"1786","503785",8,"resources/real_fg_memory_images/orig17.jpg","real",NA,NA,NA,NA,NA,NA,NA,NA
"1787","503785",7,"resources/real_fg_memory_images/orig2.jpg","real",NA,NA,NA,NA,NA,NA,NA,NA
"1788","503785",2,"resources/real_fg_memory_images/fg32.jpg","artificial",NA,NA,NA,NA,NA,NA,NA,NA
"1789","503785",5,"resources/real_fg_memory_images/orig12.jpg","real",NA,NA,NA,NA,NA,NA,NA,NA
"1790","503785",9,"resources/real_fg_memory_images/orig11.jpg","real",NA,NA,NA,NA,NA,NA,NA,NA
"1791","503785",3,"resources/real_fg_memory_images/orig8.jpg","real",NA,NA,NA,NA,NA,NA,NA,NA
"1792","503785",2,"resources/real_fg_memory_images/fg35.jpg","artificial",NA,NA,NA,NA,NA,NA,NA,NA
"1793","503785",NA,NA,NA,NA,NA,NA,NA,NA,NA,NA,NA
"1794","503785",NA,"resources/real_fg_memory_images/fg23.jpg",NA,"artificial","Neutral",NA,NA,NA,NA,NA,NA
"1795","503785",NA,"resources/real_fg_memory_images/fg20.jpg",NA,"artificial","Neutral",NA,NA,NA,NA,NA,NA
"1796","503785",NA,"resources/real_fg_memory_images/fg28.jpg",NA,"artificial","Scam",NA,NA,NA,NA,NA,NA
"1797","503785",NA,"resources/real_fg_memory_images/orig8.jpg",NA,"real","Scam",NA,NA,NA,NA,NA,NA
"1798","503785",NA,"resources/real_fg_memory_images/fg26.jpg",NA,"artificial","Scam",NA,NA,NA,NA,NA,NA
"1799","503785",NA,"resources/real_fg_memory_images/fg22.jpg",NA,"artificial","Neutral",NA,NA,NA,NA,NA,NA
"1800","503785",NA,"resources/real_fg_memory_images/fg25.jpg",NA,"artificial","Scam",NA,NA,NA,NA,NA,NA
"1801","503785",NA,"resources/real_fg_memory_images/orig4.jpg",NA,"real","Neutral",NA,NA,NA,NA,NA,NA
"1802","503785",NA,"resources/real_fg_memory_images/orig5.jpg",NA,"real","Neutral",NA,NA,NA,NA,NA,NA
"1803","503785",NA,"resources/real_fg_memory_images/orig9.jpg",NA,"real","Scam",NA,NA,NA,NA,NA,NA
"1804","503785",NA,"resources/real_fg_memory_images/orig6.jpg",NA,"real","Neutral",NA,NA,NA,NA,NA,NA
"1805","503785",NA,"resources/real_fg_memory_images/fg19.jpg",NA,"artificial","Neutral",NA,NA,NA,NA,NA,NA
"1806","503785",NA,"resources/real_fg_memory_images/fg27.jpg",NA,"artificial","Scam",NA,NA,NA,NA,NA,NA
"1807","503785",NA,"resources/real_fg_memory_images/fg21.jpg",NA,"artificial","Neutral",NA,NA,NA,NA,NA,NA
"1808","503785",NA,"resources/real_fg_memory_images/orig2.jpg",NA,"real","Neutral",NA,NA,NA,NA,NA,NA
"1809","503785",NA,"resources/real_fg_memory_images/orig7.jpg",NA,"real","Scam",NA,NA,NA,NA,NA,NA
"1810","503785",NA,"resources/real_fg_memory_images/fg24.jpg",NA,"artificial","Neutral",NA,NA,NA,NA,NA,NA
"1811","503785",NA,"resources/real_fg_memory_images/orig3.jpg",NA,"real","Neutral",NA,NA,NA,NA,NA,NA
"1812","503785",NA,"resources/real_fg_memory_images/fg30.jpg",NA,"artificial","Scam",NA,NA,NA,NA,NA,NA
"1813","503785",NA,"resources/real_fg_memory_images/orig1.jpg",NA,"real","Neurtal",NA,NA,NA,NA,NA,NA
"1814","503785",NA,"resources/real_fg_memory_images/orig12.jpg",NA,"real","Scam",NA,NA,NA,NA,NA,NA
"1815","503785",NA,"resources/real_fg_memory_images/orig10.jpg",NA,"real","Scam",NA,NA,NA,NA,NA,NA
"1816","503785",NA,"resources/real_fg_memory_images/orig11.jpg",NA,"real","Scam",NA,NA,NA,NA,NA,NA
"1817","503785",NA,"resources/real_fg_memory_images/fg29.jpg",NA,"artificial","Scam",NA,NA,NA,NA,NA,NA
"1818","503785",NA,NA,NA,NA,NA,NA,NA,NA,NA,NA,NA
"1819","503785",NA,"resources/real_fg_memory_images/orig1.jpg",NA,"real","Neurtal","[""neutral_button""]","10",NA,NA,NA,NA
"1820","503785",NA,"resources/real_fg_memory_images/orig3.jpg",NA,"real","Neutral","[""neutral_button""]","10",NA,NA,NA,NA
"1821","503785",NA,"resources/real_fg_memory_images/orig2.jpg",NA,"real","Neutral","[""neutral_button""]","10",NA,NA,NA,NA
"1822","503785",NA,"resources/real_fg_memory_images/fg24.jpg",NA,"artificial","Neutral","[""scam_button""]","6",NA,NA,NA,NA
"1823","503785",NA,"resources/real_fg_memory_images/fg27.jpg",NA,"artificial","Scam","[""scam_button""]","10",NA,NA,NA,NA
"1824","503785",NA,"resources/real_fg_memory_images/fg19.jpg",NA,"artificial","Neutral","[""scam_button""]","7",NA,NA,NA,NA
"1825","503785",NA,"resources/real_fg_memory_images/orig5.jpg",NA,"real","Neutral","[""scam_button""]","10",NA,NA,NA,NA
"1826","503785",NA,"resources/real_fg_memory_images/fg25.jpg",NA,"artificial","Scam","[""scam_button""]","10",NA,NA,NA,NA
"1827","503785",NA,"resources/real_fg_memory_images/fg30.jpg",NA,"artificial","Scam","[""scam_button""]","10",NA,NA,NA,NA
"1828","503785",NA,"resources/real_fg_memory_images/orig11.jpg",NA,"real","Scam","[""neutral_button""]","10",NA,NA,NA,NA
"1829","503785",NA,"resources/real_fg_memory_images/fg20.jpg",NA,"artificial","Neutral","[""scam_button""]","10",NA,NA,NA,NA
"1830","503785",NA,"resources/real_fg_memory_images/orig6.jpg",NA,"real","Neutral","[""scam_button""]","10",NA,NA,NA,NA
"1831","503785",NA,"resources/real_fg_memory_images/orig10.jpg",NA,"real","Scam","[""scam_button""]","10",NA,NA,NA,NA
"1832","503785",NA,"resources/real_fg_memory_images/fg22.jpg",NA,"artificial","Neutral","[""neutral_button""]","10",NA,NA,NA,NA
"1833","503785",NA,"resources/real_fg_memory_images/orig7.jpg",NA,"real","Scam","[""neutral_button""]","10",NA,NA,NA,NA
"1834","503785",NA,"resources/real_fg_memory_images/orig12.jpg",NA,"real","Scam","[""neutral_button""]","9",NA,NA,NA,NA
"1835","503785",NA,"resources/real_fg_memory_images/fg23.jpg",NA,"artificial","Neutral","[""neutral_button""]","6",NA,NA,NA,NA
"1836","503785",NA,"resources/real_fg_memory_images/fg29.jpg",NA,"artificial","Scam","[""scam_button""]","10",NA,NA,NA,NA
"1837","503785",NA,"resources/real_fg_memory_images/orig9.jpg",NA,"real","Scam","[""scam_button""]","10",NA,NA,NA,NA
"1838","503785",NA,"resources/real_fg_memory_images/orig8.jpg",NA,"real","Scam","[""scam_button""]","10",NA,NA,NA,NA
"1839","503785",NA,"resources/real_fg_memory_images/fg28.jpg",NA,"artificial","Scam","[""neutral_button""]","9",NA,NA,NA,NA
"1840","503785",NA,"resources/real_fg_memory_images/fg21.jpg",NA,"artificial","Neutral","[""scam_button""]","4",NA,NA,NA,NA
"1841","503785",NA,"resources/real_fg_memory_images/fg26.jpg",NA,"artificial","Scam","[""scam_button""]","10",NA,NA,NA,NA
"1842","503785",NA,"resources/real_fg_memory_images/orig4.jpg",NA,"real","Neutral","[""scam_button""]","9",NA,NA,NA,NA
"1843","503785",NA,NA,NA,NA,NA,NA,NA,NA,NA,NA,NA
"1844","503785",0,"resources/real_fg_memory_images/orig9.jpg","real",NA,NA,NA,NA,NA,NA,NA,NA
"1845","503785",0,"resources/real_fg_memory_images/fg35.jpg","artificial",NA,NA,NA,NA,NA,NA,NA,NA
"1846","503785",10,"resources/real_fg_memory_images/orig16.jpg","real",NA,NA,NA,NA,NA,NA,NA,NA
"1847","503785",2,"resources/real_fg_memory_images/fg19.jpg","artificial",NA,NA,NA,NA,NA,NA,NA,NA
"1848","503785",1,"resources/real_fg_memory_images/fg24.jpg","artificial",NA,NA,NA,NA,NA,NA,NA,NA
"1849","503785",3,"resources/real_fg_memory_images/fg26.jpg","artificial",NA,NA,NA,NA,NA,NA,NA,NA
"1850","503785",2,"resources/real_fg_memory_images/fg25.jpg","artificial",NA,NA,NA,NA,NA,NA,NA,NA
"1851","503785",5,"resources/real_fg_memory_images/fg36.jpg","artificial",NA,NA,NA,NA,NA,NA,NA,NA
"1852","503785",1,"resources/real_fg_memory_images/fg29.jpg","artificial",NA,NA,NA,NA,NA,NA,NA,NA
"1853","503785",7,"resources/real_fg_memory_images/fg28.jpg","artificial",NA,NA,NA,NA,NA,NA,NA,NA
"1854","503785",8,"resources/real_fg_memory_images/orig15.jpg","real",NA,NA,NA,NA,NA,NA,NA,NA
"1855","503785",10,"resources/real_fg_memory_images/orig2.jpg","real",NA,NA,NA,NA,NA,NA,NA,NA
"1856","503785",0,"resources/real_fg_memory_images/orig8.jpg","real",NA,NA,NA,NA,NA,NA,NA,NA
"1857","503785",10,"resources/real_fg_memory_images/fg22.jpg","artificial",NA,NA,NA,NA,NA,NA,NA,NA
"1858","503785",7,"resources/real_fg_memory_images/orig14.jpg","real",NA,NA,NA,NA,NA,NA,NA,NA
"1859","503785",0,"resources/real_fg_memory_images/orig5.jpg","real",NA,NA,NA,NA,NA,NA,NA,NA
"1860","503785",7,"resources/real_fg_memory_images/orig18.jpg","real",NA,NA,NA,NA,NA,NA,NA,NA
"1861","503785",2,"resources/real_fg_memory_images/fg33.jpg","artificial",NA,NA,NA,NA,NA,NA,NA,NA
"1862","503785",5,"resources/real_fg_memory_images/orig17.jpg","real",NA,NA,NA,NA,NA,NA,NA,NA
"1863","503785",8,"resources/real_fg_memory_images/orig12.jpg","real",NA,NA,NA,NA,NA,NA,NA,NA
"1864","503785",9,"resources/real_fg_memory_images/orig1.jpg","real",NA,NA,NA,NA,NA,NA,NA,NA
"1865","503785",2,"resources/real_fg_memory_images/fg34.jpg","artificial",NA,NA,NA,NA,NA,NA,NA,NA
"1866","503785",7,"resources/real_fg_memory_images/orig4.jpg","real",NA,NA,NA,NA,NA,NA,NA,NA
"1867","503785",2,"resources/real_fg_memory_images/fg31.jpg","artificial",NA,NA,NA,NA,NA,NA,NA,NA
"1868","503785",1,"resources/real_fg_memory_images/fg32.jpg","artificial",NA,NA,NA,NA,NA,NA,NA,NA
"1869","503785",10,"resources/real_fg_memory_images/orig3.jpg","real",NA,NA,NA,NA,NA,NA,NA,NA
"1870","503785",7,"resources/real_fg_memory_images/orig10.jpg","real",NA,NA,NA,NA,NA,NA,NA,NA
"1871","503785",9,"resources/real_fg_memory_images/orig6.jpg","real",NA,NA,NA,NA,NA,NA,NA,NA
"1872","503785",3,"resources/real_fg_memory_images/fg21.jpg","artificial",NA,NA,NA,NA,NA,NA,NA,NA
"1873","503785",0,"resources/real_fg_memory_images/orig7.jpg","real",NA,NA,NA,NA,NA,NA,NA,NA
"1874","503785",2,"resources/real_fg_memory_images/fg27.jpg","artificial",NA,NA,NA,NA,NA,NA,NA,NA
"1875","503785",3,"resources/real_fg_memory_images/fg23.jpg","artificial",NA,NA,NA,NA,NA,NA,NA,NA
"1876","503785",6,"resources/real_fg_memory_images/fg20.jpg","artificial",NA,NA,NA,NA,NA,NA,NA,NA
"1877","503785",7,"resources/real_fg_memory_images/orig13.jpg","real",NA,NA,NA,NA,NA,NA,NA,NA
"1878","503785",3,"resources/real_fg_memory_images/fg30.jpg","artificial",NA,NA,NA,NA,NA,NA,NA,NA
"1879","503785",3,"resources/real_fg_memory_images/orig11.jpg","real",NA,NA,NA,NA,NA,NA,NA,NA
"1880","503785",NA,NA,NA,NA,NA,NA,NA,NA,NA,NA,NA
"1881","503785",NA,NA,NA,NA,NA,NA,NA,1,"If something sounds too good to be true, it usually is",NA,NA
"1882","503785",NA,NA,NA,NA,NA,NA,NA,1,"I have difficulty ending a phone call, even if the caller is a telemarketer, someone I do not know, or someone I do not wish to call me",NA,NA
"1883","503785",NA,NA,NA,NA,NA,NA,NA,4,"Persons over the age of 65 are often targeted by con-artists",NA,NA
"1884","503785",NA,NA,NA,NA,NA,NA,NA,4,"If a telemarketer calls me, I usually listen to what they have to say",NA,NA
"1885","503785",NA,NA,NA,NA,NA,NA,NA,5,"I answer the phone whenever it rings, even if I do not know who is calling",NA,NA
"1886","503785",NA,NA,NA,NA,NA,NA,NA,NA,NA,NA,NA
"1887","503785",NA,NA,NA,NA,NA,NA,NA,NA,NA,"[""female_option""]",NA
"1888","503785",NA,NA,NA,NA,NA,NA,NA,NA,NA,NA,73
"1889","503785",NA,NA,NA,NA,NA,NA,NA,NA,NA,NA,NA
"1890","503785",NA,NA,NA,NA,NA,NA,NA,NA,NA,NA,NA
"1891","503785",NA,NA,NA,NA,NA,NA,NA,NA,NA,NA,NA
"1892","503785",NA,NA,NA,NA,NA,NA,NA,NA,NA,NA,NA
"1893","503785",NA,NA,NA,NA,NA,NA,NA,NA,NA,NA,NA
"1894","503785",NA,NA,NA,NA,NA,NA,NA,NA,NA,NA,NA
"1895","503785",NA,NA,NA,NA,NA,NA,NA,NA,NA,NA,NA
"1896","503785",NA,NA,NA,NA,NA,NA,NA,NA,NA,NA,NA
"1897","503785",NA,NA,NA,NA,NA,NA,NA,NA,NA,NA,NA
"1898","503785",NA,NA,NA,NA,NA,NA,NA,NA,NA,NA,NA
"1899","509472",NA,NA,NA,NA,NA,NA,NA,NA,NA,NA,NA
"1900","509472",NA,NA,NA,NA,NA,NA,NA,NA,NA,NA,NA
"1901","509472",NA,NA,NA,NA,NA,NA,NA,NA,NA,NA,NA
"1902","509472",NA,NA,NA,NA,NA,NA,NA,NA,NA,NA,NA
"1903","509472",3,"resources/real_fg_memory_images/orig12.jpg","real",NA,NA,NA,NA,NA,NA,NA,NA
"1904","509472",2,"resources/real_fg_memory_images/orig15.jpg","real",NA,NA,NA,NA,NA,NA,NA,NA
"1905","509472",6,"resources/real_fg_memory_images/fg24.jpg","artificial",NA,NA,NA,NA,NA,NA,NA,NA
"1906","509472",5,"resources/real_fg_memory_images/fg29.jpg","artificial",NA,NA,NA,NA,NA,NA,NA,NA
"1907","509472",5,"resources/real_fg_memory_images/fg26.jpg","artificial",NA,NA,NA,NA,NA,NA,NA,NA
"1908","509472",4,"resources/real_fg_memory_images/fg19.jpg","artificial",NA,NA,NA,NA,NA,NA,NA,NA
"1909","509472",5,"resources/real_fg_memory_images/orig6.jpg","real",NA,NA,NA,NA,NA,NA,NA,NA
"1910","509472",6,"resources/real_fg_memory_images/fg34.jpg","artificial",NA,NA,NA,NA,NA,NA,NA,NA
"1911","509472",2,"resources/real_fg_memory_images/fg31.jpg","artificial",NA,NA,NA,NA,NA,NA,NA,NA
"1912","509472",6,"resources/real_fg_memory_images/fg36.jpg","artificial",NA,NA,NA,NA,NA,NA,NA,NA
"1913","509472",4,"resources/real_fg_memory_images/orig16.jpg","real",NA,NA,NA,NA,NA,NA,NA,NA
"1914","509472",3,"resources/real_fg_memory_images/orig9.jpg","real",NA,NA,NA,NA,NA,NA,NA,NA
"1915","509472",6,"resources/real_fg_memory_images/orig2.jpg","real",NA,NA,NA,NA,NA,NA,NA,NA
"1916","509472",2,"resources/real_fg_memory_images/orig3.jpg","real",NA,NA,NA,NA,NA,NA,NA,NA
"1917","509472",6,"resources/real_fg_memory_images/orig14.jpg","real",NA,NA,NA,NA,NA,NA,NA,NA
"1918","509472",6,"resources/real_fg_memory_images/orig7.jpg","real",NA,NA,NA,NA,NA,NA,NA,NA
"1919","509472",7,"resources/real_fg_memory_images/orig13.jpg","real",NA,NA,NA,NA,NA,NA,NA,NA
"1920","509472",4,"resources/real_fg_memory_images/fg35.jpg","artificial",NA,NA,NA,NA,NA,NA,NA,NA
"1921","509472",6,"resources/real_fg_memory_images/fg21.jpg","artificial",NA,NA,NA,NA,NA,NA,NA,NA
"1922","509472",7,"resources/real_fg_memory_images/fg23.jpg","artificial",NA,NA,NA,NA,NA,NA,NA,NA
"1923","509472",1,"resources/real_fg_memory_images/fg22.jpg","artificial",NA,NA,NA,NA,NA,NA,NA,NA
"1924","509472",6,"resources/real_fg_memory_images/orig17.jpg","real",NA,NA,NA,NA,NA,NA,NA,NA
"1925","509472",8,"resources/real_fg_memory_images/fg20.jpg","artificial",NA,NA,NA,NA,NA,NA,NA,NA
"1926","509472",8,"resources/real_fg_memory_images/orig11.jpg","real",NA,NA,NA,NA,NA,NA,NA,NA
"1927","509472",1,"resources/real_fg_memory_images/orig8.jpg","real",NA,NA,NA,NA,NA,NA,NA,NA
"1928","509472",9,"resources/real_fg_memory_images/fg28.jpg","artificial",NA,NA,NA,NA,NA,NA,NA,NA
"1929","509472",9,"resources/real_fg_memory_images/fg32.jpg","artificial",NA,NA,NA,NA,NA,NA,NA,NA
"1930","509472",4,"resources/real_fg_memory_images/orig5.jpg","real",NA,NA,NA,NA,NA,NA,NA,NA
"1931","509472",8,"resources/real_fg_memory_images/fg30.jpg","artificial",NA,NA,NA,NA,NA,NA,NA,NA
"1932","509472",7,"resources/real_fg_memory_images/fg33.jpg","artificial",NA,NA,NA,NA,NA,NA,NA,NA
"1933","509472",9,"resources/real_fg_memory_images/orig18.jpg","real",NA,NA,NA,NA,NA,NA,NA,NA
"1934","509472",7,"resources/real_fg_memory_images/orig4.jpg","real",NA,NA,NA,NA,NA,NA,NA,NA
"1935","509472",4,"resources/real_fg_memory_images/orig1.jpg","real",NA,NA,NA,NA,NA,NA,NA,NA
"1936","509472",2,"resources/real_fg_memory_images/fg27.jpg","artificial",NA,NA,NA,NA,NA,NA,NA,NA
"1937","509472",6,"resources/real_fg_memory_images/fg25.jpg","artificial",NA,NA,NA,NA,NA,NA,NA,NA
"1938","509472",2,"resources/real_fg_memory_images/orig10.jpg","real",NA,NA,NA,NA,NA,NA,NA,NA
"1939","509472",NA,NA,NA,NA,NA,NA,NA,NA,NA,NA,NA
"1940","509472",NA,"resources/real_fg_memory_images/orig4.jpg",NA,"real","Neutral",NA,NA,NA,NA,NA,NA
"1941","509472",NA,"resources/real_fg_memory_images/fg24.jpg",NA,"artificial","Neutral",NA,NA,NA,NA,NA,NA
"1942","509472",NA,"resources/real_fg_memory_images/orig6.jpg",NA,"real","Neutral",NA,NA,NA,NA,NA,NA
"1943","509472",NA,"resources/real_fg_memory_images/orig11.jpg",NA,"real","Scam",NA,NA,NA,NA,NA,NA
"1944","509472",NA,"resources/real_fg_memory_images/fg29.jpg",NA,"artificial","Scam",NA,NA,NA,NA,NA,NA
"1945","509472",NA,"resources/real_fg_memory_images/fg20.jpg",NA,"artificial","Neutral",NA,NA,NA,NA,NA,NA
"1946","509472",NA,"resources/real_fg_memory_images/orig2.jpg",NA,"real","Neutral",NA,NA,NA,NA,NA,NA
"1947","509472",NA,"resources/real_fg_memory_images/fg21.jpg",NA,"artificial","Neutral",NA,NA,NA,NA,NA,NA
"1948","509472",NA,"resources/real_fg_memory_images/orig10.jpg",NA,"real","Scam",NA,NA,NA,NA,NA,NA
"1949","509472",NA,"resources/real_fg_memory_images/fg27.jpg",NA,"artificial","Scam",NA,NA,NA,NA,NA,NA
"1950","509472",NA,"resources/real_fg_memory_images/orig5.jpg",NA,"real","Neutral",NA,NA,NA,NA,NA,NA
"1951","509472",NA,"resources/real_fg_memory_images/orig12.jpg",NA,"real","Scam",NA,NA,NA,NA,NA,NA
"1952","509472",NA,"resources/real_fg_memory_images/orig3.jpg",NA,"real","Neutral",NA,NA,NA,NA,NA,NA
"1953","509472",NA,"resources/real_fg_memory_images/fg28.jpg",NA,"artificial","Scam",NA,NA,NA,NA,NA,NA
"1954","509472",NA,"resources/real_fg_memory_images/orig1.jpg",NA,"real","Neurtal",NA,NA,NA,NA,NA,NA
"1955","509472",NA,"resources/real_fg_memory_images/orig9.jpg",NA,"real","Scam",NA,NA,NA,NA,NA,NA
"1956","509472",NA,"resources/real_fg_memory_images/orig8.jpg",NA,"real","Scam",NA,NA,NA,NA,NA,NA
"1957","509472",NA,"resources/real_fg_memory_images/fg25.jpg",NA,"artificial","Scam",NA,NA,NA,NA,NA,NA
"1958","509472",NA,"resources/real_fg_memory_images/fg22.jpg",NA,"artificial","Neutral",NA,NA,NA,NA,NA,NA
"1959","509472",NA,"resources/real_fg_memory_images/fg19.jpg",NA,"artificial","Neutral",NA,NA,NA,NA,NA,NA
"1960","509472",NA,"resources/real_fg_memory_images/fg26.jpg",NA,"artificial","Scam",NA,NA,NA,NA,NA,NA
"1961","509472",NA,"resources/real_fg_memory_images/orig7.jpg",NA,"real","Scam",NA,NA,NA,NA,NA,NA
"1962","509472",NA,"resources/real_fg_memory_images/fg23.jpg",NA,"artificial","Neutral",NA,NA,NA,NA,NA,NA
"1963","509472",NA,"resources/real_fg_memory_images/fg30.jpg",NA,"artificial","Scam",NA,NA,NA,NA,NA,NA
"1964","509472",NA,NA,NA,NA,NA,NA,NA,NA,NA,NA,NA
"1965","509472",NA,"resources/real_fg_memory_images/fg28.jpg",NA,"artificial","Scam","[""neutral_button""]","8",NA,NA,NA,NA
"1966","509472",NA,"resources/real_fg_memory_images/fg19.jpg",NA,"artificial","Neutral","[""neutral_button""]","9",NA,NA,NA,NA
"1967","509472",NA,"resources/real_fg_memory_images/orig11.jpg",NA,"real","Scam","[""neutral_button""]","9",NA,NA,NA,NA
"1968","509472",NA,"resources/real_fg_memory_images/orig1.jpg",NA,"real","Neurtal","[""scam_button""]","9",NA,NA,NA,NA
"1969","509472",NA,"resources/real_fg_memory_images/orig5.jpg",NA,"real","Neutral","[""scam_button""]","10",NA,NA,NA,NA
"1970","509472",NA,"resources/real_fg_memory_images/orig3.jpg",NA,"real","Neutral","[""scam_button""]","10",NA,NA,NA,NA
"1971","509472",NA,"resources/real_fg_memory_images/fg25.jpg",NA,"artificial","Scam","[""neutral_button""]","8",NA,NA,NA,NA
"1972","509472",NA,"resources/real_fg_memory_images/fg20.jpg",NA,"artificial","Neutral","[""scam_button""]","9",NA,NA,NA,NA
"1973","509472",NA,"resources/real_fg_memory_images/fg30.jpg",NA,"artificial","Scam","[""neutral_button""]","8",NA,NA,NA,NA
"1974","509472",NA,"resources/real_fg_memory_images/fg24.jpg",NA,"artificial","Neutral","[""neutral_button""]","8",NA,NA,NA,NA
"1975","509472",NA,"resources/real_fg_memory_images/fg29.jpg",NA,"artificial","Scam","[""neutral_button""]","9",NA,NA,NA,NA
"1976","509472",NA,"resources/real_fg_memory_images/orig4.jpg",NA,"real","Neutral","[""scam_button""]","7",NA,NA,NA,NA
"1977","509472",NA,"resources/real_fg_memory_images/orig7.jpg",NA,"real","Scam","[""scam_button""]","8",NA,NA,NA,NA
"1978","509472",NA,"resources/real_fg_memory_images/orig10.jpg",NA,"real","Scam","[""scam_button""]","9",NA,NA,NA,NA
"1979","509472",NA,"resources/real_fg_memory_images/orig8.jpg",NA,"real","Scam","[""scam_button""]","10",NA,NA,NA,NA
"1980","509472",NA,"resources/real_fg_memory_images/fg23.jpg",NA,"artificial","Neutral","[""neutral_button""]","7",NA,NA,NA,NA
"1981","509472",NA,"resources/real_fg_memory_images/orig6.jpg",NA,"real","Neutral","[""scam_button""]","9",NA,NA,NA,NA
"1982","509472",NA,"resources/real_fg_memory_images/orig9.jpg",NA,"real","Scam","[""scam_button""]","8",NA,NA,NA,NA
"1983","509472",NA,"resources/real_fg_memory_images/fg21.jpg",NA,"artificial","Neutral","[""scam_button""]","6",NA,NA,NA,NA
"1984","509472",NA,"resources/real_fg_memory_images/fg22.jpg",NA,"artificial","Neutral","[""scam_button""]","9",NA,NA,NA,NA
"1985","509472",NA,"resources/real_fg_memory_images/orig12.jpg",NA,"real","Scam","[""scam_button""]","10",NA,NA,NA,NA
"1986","509472",NA,"resources/real_fg_memory_images/fg27.jpg",NA,"artificial","Scam","[""neutral_button""]","5",NA,NA,NA,NA
"1987","509472",NA,"resources/real_fg_memory_images/orig2.jpg",NA,"real","Neutral","[""neutral_button""]","8",NA,NA,NA,NA
"1988","509472",NA,"resources/real_fg_memory_images/fg26.jpg",NA,"artificial","Scam","[""neutral_button""]","10",NA,NA,NA,NA
"1989","509472",NA,NA,NA,NA,NA,NA,NA,NA,NA,NA,NA
"1990","509472",8,"resources/real_fg_memory_images/fg23.jpg","artificial",NA,NA,NA,NA,NA,NA,NA,NA
"1991","509472",9,"resources/real_fg_memory_images/fg30.jpg","artificial",NA,NA,NA,NA,NA,NA,NA,NA
"1992","509472",2,"resources/real_fg_memory_images/fg22.jpg","artificial",NA,NA,NA,NA,NA,NA,NA,NA
"1993","509472",3,"resources/real_fg_memory_images/orig12.jpg","real",NA,NA,NA,NA,NA,NA,NA,NA
"1994","509472",5,"resources/real_fg_memory_images/orig1.jpg","real",NA,NA,NA,NA,NA,NA,NA,NA
"1995","509472",8,"resources/real_fg_memory_images/orig16.jpg","real",NA,NA,NA,NA,NA,NA,NA,NA
"1996","509472",9,"resources/real_fg_memory_images/fg29.jpg","artificial",NA,NA,NA,NA,NA,NA,NA,NA
"1997","509472",9,"resources/real_fg_memory_images/fg26.jpg","artificial",NA,NA,NA,NA,NA,NA,NA,NA
"1998","509472",8,"resources/real_fg_memory_images/fg25.jpg","artificial",NA,NA,NA,NA,NA,NA,NA,NA
"1999","509472",9,"resources/real_fg_memory_images/orig15.jpg","real",NA,NA,NA,NA,NA,NA,NA,NA
"2000","509472",8,"resources/real_fg_memory_images/orig4.jpg","real",NA,NA,NA,NA,NA,NA,NA,NA
"2001","509472",9,"resources/real_fg_memory_images/orig17.jpg","real",NA,NA,NA,NA,NA,NA,NA,NA
"2002","509472",10,"resources/real_fg_memory_images/orig14.jpg","real",NA,NA,NA,NA,NA,NA,NA,NA
"2003","509472",8,"resources/real_fg_memory_images/orig13.jpg","real",NA,NA,NA,NA,NA,NA,NA,NA
"2004","509472",10,"resources/real_fg_memory_images/fg28.jpg","artificial",NA,NA,NA,NA,NA,NA,NA,NA
"2005","509472",2,"resources/real_fg_memory_images/orig5.jpg","real",NA,NA,NA,NA,NA,NA,NA,NA
"2006","509472",6,"resources/real_fg_memory_images/fg33.jpg","artificial",NA,NA,NA,NA,NA,NA,NA,NA
"2007","509472",8,"resources/real_fg_memory_images/orig7.jpg","real",NA,NA,NA,NA,NA,NA,NA,NA
"2008","509472",9,"resources/real_fg_memory_images/fg36.jpg","artificial",NA,NA,NA,NA,NA,NA,NA,NA
"2009","509472",7,"resources/real_fg_memory_images/fg21.jpg","artificial",NA,NA,NA,NA,NA,NA,NA,NA
"2010","509472",9,"resources/real_fg_memory_images/orig18.jpg","real",NA,NA,NA,NA,NA,NA,NA,NA
"2011","509472",8,"resources/real_fg_memory_images/orig11.jpg","real",NA,NA,NA,NA,NA,NA,NA,NA
"2012","509472",5,"resources/real_fg_memory_images/orig10.jpg","real",NA,NA,NA,NA,NA,NA,NA,NA
"2013","509472",6,"resources/real_fg_memory_images/fg35.jpg","artificial",NA,NA,NA,NA,NA,NA,NA,NA
"2014","509472",3,"resources/real_fg_memory_images/fg31.jpg","artificial",NA,NA,NA,NA,NA,NA,NA,NA
"2015","509472",9,"resources/real_fg_memory_images/fg19.jpg","artificial",NA,NA,NA,NA,NA,NA,NA,NA
"2016","509472",8,"resources/real_fg_memory_images/orig2.jpg","real",NA,NA,NA,NA,NA,NA,NA,NA
"2017","509472",9,"resources/real_fg_memory_images/fg20.jpg","artificial",NA,NA,NA,NA,NA,NA,NA,NA
"2018","509472",4,"resources/real_fg_memory_images/orig9.jpg","real",NA,NA,NA,NA,NA,NA,NA,NA
"2019","509472",3,"resources/real_fg_memory_images/orig3.jpg","real",NA,NA,NA,NA,NA,NA,NA,NA
"2020","509472",7,"resources/real_fg_memory_images/orig6.jpg","real",NA,NA,NA,NA,NA,NA,NA,NA
"2021","509472",8,"resources/real_fg_memory_images/fg27.jpg","artificial",NA,NA,NA,NA,NA,NA,NA,NA
"2022","509472",9,"resources/real_fg_memory_images/fg34.jpg","artificial",NA,NA,NA,NA,NA,NA,NA,NA
"2023","509472",1,"resources/real_fg_memory_images/orig8.jpg","real",NA,NA,NA,NA,NA,NA,NA,NA
"2024","509472",8,"resources/real_fg_memory_images/fg32.jpg","artificial",NA,NA,NA,NA,NA,NA,NA,NA
"2025","509472",9,"resources/real_fg_memory_images/fg24.jpg","artificial",NA,NA,NA,NA,NA,NA,NA,NA
"2026","509472",NA,NA,NA,NA,NA,NA,NA,NA,NA,NA,NA
"2027","509472",NA,NA,NA,NA,NA,NA,NA,1,"If a telemarketer calls me, I usually listen to what they have to say",NA,NA
"2028","509472",NA,NA,NA,NA,NA,NA,NA,5,"Persons over the age of 65 are often targeted by con-artists",NA,NA
"2029","509472",NA,NA,NA,NA,NA,NA,NA,5,"If something sounds too good to be true, it usually is",NA,NA
"2030","509472",NA,NA,NA,NA,NA,NA,NA,2,"I have difficulty ending a phone call, even if the caller is a telemarketer, someone I do not know, or someone I do not wish to call me",NA,NA
"2031","509472",NA,NA,NA,NA,NA,NA,NA,1,"I answer the phone whenever it rings, even if I do not know who is calling",NA,NA
"2032","509472",NA,NA,NA,NA,NA,NA,NA,NA,NA,NA,NA
"2033","509472",NA,NA,NA,NA,NA,NA,NA,NA,NA,"[""male_option""]",NA
"2034","509472",NA,NA,NA,NA,NA,NA,NA,NA,NA,NA,68
"2035","509472",NA,NA,NA,NA,NA,NA,NA,NA,NA,NA,NA
"2036","509472",NA,NA,NA,NA,NA,NA,NA,NA,NA,NA,NA
"2037","509472",NA,NA,NA,NA,NA,NA,NA,NA,NA,NA,NA
"2038","509472",NA,NA,NA,NA,NA,NA,NA,NA,NA,NA,NA
"2039","509472",NA,NA,NA,NA,NA,NA,NA,NA,NA,NA,NA
"2040","509472",NA,NA,NA,NA,NA,NA,NA,NA,NA,NA,NA
"2041","509472",NA,NA,NA,NA,NA,NA,NA,NA,NA,NA,NA
"2042","509472",NA,NA,NA,NA,NA,NA,NA,NA,NA,NA,NA
"2043","509472",NA,NA,NA,NA,NA,NA,NA,NA,NA,NA,NA
"2044","509472",NA,NA,NA,NA,NA,NA,NA,NA,NA,NA,NA
"2045","535499",NA,NA,NA,NA,NA,NA,NA,NA,NA,NA,NA
"2046","535499",NA,NA,NA,NA,NA,NA,NA,NA,NA,NA,NA
"2047","535499",NA,NA,NA,NA,NA,NA,NA,NA,NA,NA,NA
"2048","535499",NA,NA,NA,NA,NA,NA,NA,NA,NA,NA,NA
"2049","535499",7,"resources/real_fg_memory_images/fg31.jpg","artificial",NA,NA,NA,NA,NA,NA,NA,NA
"2050","535499",3,"resources/real_fg_memory_images/orig5.jpg","real",NA,NA,NA,NA,NA,NA,NA,NA
"2051","535499",6,"resources/real_fg_memory_images/fg24.jpg","artificial",NA,NA,NA,NA,NA,NA,NA,NA
"2052","535499",3,"resources/real_fg_memory_images/orig4.jpg","real",NA,NA,NA,NA,NA,NA,NA,NA
"2053","535499",8,"resources/real_fg_memory_images/fg34.jpg","artificial",NA,NA,NA,NA,NA,NA,NA,NA
"2054","535499",6,"resources/real_fg_memory_images/orig6.jpg","real",NA,NA,NA,NA,NA,NA,NA,NA
"2055","535499",4,"resources/real_fg_memory_images/fg35.jpg","artificial",NA,NA,NA,NA,NA,NA,NA,NA
"2056","535499",9,"resources/real_fg_memory_images/fg22.jpg","artificial",NA,NA,NA,NA,NA,NA,NA,NA
"2057","535499",5,"resources/real_fg_memory_images/fg29.jpg","artificial",NA,NA,NA,NA,NA,NA,NA,NA
"2058","535499",7,"resources/real_fg_memory_images/fg19.jpg","artificial",NA,NA,NA,NA,NA,NA,NA,NA
"2059","535499",3,"resources/real_fg_memory_images/orig1.jpg","real",NA,NA,NA,NA,NA,NA,NA,NA
"2060","535499",3,"resources/real_fg_memory_images/fg32.jpg","artificial",NA,NA,NA,NA,NA,NA,NA,NA
"2061","535499",8,"resources/real_fg_memory_images/fg36.jpg","artificial",NA,NA,NA,NA,NA,NA,NA,NA
"2062","535499",5,"resources/real_fg_memory_images/fg23.jpg","artificial",NA,NA,NA,NA,NA,NA,NA,NA
"2063","535499",9,"resources/real_fg_memory_images/orig18.jpg","real",NA,NA,NA,NA,NA,NA,NA,NA
"2064","535499",8,"resources/real_fg_memory_images/orig14.jpg","real",NA,NA,NA,NA,NA,NA,NA,NA
"2065","535499",6,"resources/real_fg_memory_images/fg21.jpg","artificial",NA,NA,NA,NA,NA,NA,NA,NA
"2066","535499",5,"resources/real_fg_memory_images/orig15.jpg","real",NA,NA,NA,NA,NA,NA,NA,NA
"2067","535499",6,"resources/real_fg_memory_images/orig10.jpg","real",NA,NA,NA,NA,NA,NA,NA,NA
"2068","535499",2,"resources/real_fg_memory_images/fg33.jpg","artificial",NA,NA,NA,NA,NA,NA,NA,NA
"2069","535499",4,"resources/real_fg_memory_images/fg27.jpg","artificial",NA,NA,NA,NA,NA,NA,NA,NA
"2070","535499",2,"resources/real_fg_memory_images/orig3.jpg","real",NA,NA,NA,NA,NA,NA,NA,NA
"2071","535499",7,"resources/real_fg_memory_images/fg25.jpg","artificial",NA,NA,NA,NA,NA,NA,NA,NA
"2072","535499",6,"resources/real_fg_memory_images/orig9.jpg","real",NA,NA,NA,NA,NA,NA,NA,NA
"2073","535499",6,"resources/real_fg_memory_images/orig8.jpg","real",NA,NA,NA,NA,NA,NA,NA,NA
"2074","535499",6,"resources/real_fg_memory_images/orig7.jpg","real",NA,NA,NA,NA,NA,NA,NA,NA
"2075","535499",6,"resources/real_fg_memory_images/orig11.jpg","real",NA,NA,NA,NA,NA,NA,NA,NA
"2076","535499",8,"resources/real_fg_memory_images/orig17.jpg","real",NA,NA,NA,NA,NA,NA,NA,NA
"2077","535499",8,"resources/real_fg_memory_images/orig2.jpg","real",NA,NA,NA,NA,NA,NA,NA,NA
"2078","535499",5,"resources/real_fg_memory_images/orig13.jpg","real",NA,NA,NA,NA,NA,NA,NA,NA
"2079","535499",3,"resources/real_fg_memory_images/orig12.jpg","real",NA,NA,NA,NA,NA,NA,NA,NA
"2080","535499",3,"resources/real_fg_memory_images/fg26.jpg","artificial",NA,NA,NA,NA,NA,NA,NA,NA
"2081","535499",5,"resources/real_fg_memory_images/fg28.jpg","artificial",NA,NA,NA,NA,NA,NA,NA,NA
"2082","535499",9,"resources/real_fg_memory_images/orig16.jpg","real",NA,NA,NA,NA,NA,NA,NA,NA
"2083","535499",4,"resources/real_fg_memory_images/fg20.jpg","artificial",NA,NA,NA,NA,NA,NA,NA,NA
"2084","535499",5,"resources/real_fg_memory_images/fg30.jpg","artificial",NA,NA,NA,NA,NA,NA,NA,NA
"2085","535499",NA,NA,NA,NA,NA,NA,NA,NA,NA,NA,NA
"2086","535499",NA,"resources/real_fg_memory_images/orig11.jpg",NA,"real","Scam",NA,NA,NA,NA,NA,NA
"2087","535499",NA,"resources/real_fg_memory_images/fg30.jpg",NA,"artificial","Scam",NA,NA,NA,NA,NA,NA
"2088","535499",NA,"resources/real_fg_memory_images/orig9.jpg",NA,"real","Scam",NA,NA,NA,NA,NA,NA
"2089","535499",NA,"resources/real_fg_memory_images/fg21.jpg",NA,"artificial","Neutral",NA,NA,NA,NA,NA,NA
"2090","535499",NA,"resources/real_fg_memory_images/fg29.jpg",NA,"artificial","Scam",NA,NA,NA,NA,NA,NA
"2091","535499",NA,"resources/real_fg_memory_images/orig6.jpg",NA,"real","Neutral",NA,NA,NA,NA,NA,NA
"2092","535499",NA,"resources/real_fg_memory_images/fg23.jpg",NA,"artificial","Neutral",NA,NA,NA,NA,NA,NA
"2093","535499",NA,"resources/real_fg_memory_images/orig7.jpg",NA,"real","Scam",NA,NA,NA,NA,NA,NA
"2094","535499",NA,"resources/real_fg_memory_images/fg26.jpg",NA,"artificial","Scam",NA,NA,NA,NA,NA,NA
"2095","535499",NA,"resources/real_fg_memory_images/orig3.jpg",NA,"real","Neutral",NA,NA,NA,NA,NA,NA
"2096","535499",NA,"resources/real_fg_memory_images/fg24.jpg",NA,"artificial","Neutral",NA,NA,NA,NA,NA,NA
"2097","535499",NA,"resources/real_fg_memory_images/fg19.jpg",NA,"artificial","Neutral",NA,NA,NA,NA,NA,NA
"2098","535499",NA,"resources/real_fg_memory_images/fg20.jpg",NA,"artificial","Neutral",NA,NA,NA,NA,NA,NA
"2099","535499",NA,"resources/real_fg_memory_images/orig5.jpg",NA,"real","Neutral",NA,NA,NA,NA,NA,NA
"2100","535499",NA,"resources/real_fg_memory_images/orig8.jpg",NA,"real","Scam",NA,NA,NA,NA,NA,NA
"2101","535499",NA,"resources/real_fg_memory_images/fg25.jpg",NA,"artificial","Scam",NA,NA,NA,NA,NA,NA
"2102","535499",NA,"resources/real_fg_memory_images/fg28.jpg",NA,"artificial","Scam",NA,NA,NA,NA,NA,NA
"2103","535499",NA,"resources/real_fg_memory_images/orig4.jpg",NA,"real","Neutral",NA,NA,NA,NA,NA,NA
"2104","535499",NA,"resources/real_fg_memory_images/orig1.jpg",NA,"real","Neurtal",NA,NA,NA,NA,NA,NA
"2105","535499",NA,"resources/real_fg_memory_images/orig2.jpg",NA,"real","Neutral",NA,NA,NA,NA,NA,NA
"2106","535499",NA,"resources/real_fg_memory_images/fg27.jpg",NA,"artificial","Scam",NA,NA,NA,NA,NA,NA
"2107","535499",NA,"resources/real_fg_memory_images/orig10.jpg",NA,"real","Scam",NA,NA,NA,NA,NA,NA
"2108","535499",NA,"resources/real_fg_memory_images/orig12.jpg",NA,"real","Scam",NA,NA,NA,NA,NA,NA
"2109","535499",NA,"resources/real_fg_memory_images/fg22.jpg",NA,"artificial","Neutral",NA,NA,NA,NA,NA,NA
"2110","535499",NA,NA,NA,NA,NA,NA,NA,NA,NA,NA,NA
"2111","535499",NA,"resources/real_fg_memory_images/fg23.jpg",NA,"artificial","Neutral","[""neutral_button""]","8",NA,NA,NA,NA
"2112","535499",NA,"resources/real_fg_memory_images/fg20.jpg",NA,"artificial","Neutral","[""neutral_button""]","7",NA,NA,NA,NA
"2113","535499",NA,"resources/real_fg_memory_images/fg27.jpg",NA,"artificial","Scam","[""scam_button""]","9",NA,NA,NA,NA
"2114","535499",NA,"resources/real_fg_memory_images/fg24.jpg",NA,"artificial","Neutral","[""neutral_button""]","9",NA,NA,NA,NA
"2115","535499",NA,"resources/real_fg_memory_images/orig12.jpg",NA,"real","Scam","[""scam_button""]","8",NA,NA,NA,NA
"2116","535499",NA,"resources/real_fg_memory_images/orig2.jpg",NA,"real","Neutral","[""neutral_button""]","10",NA,NA,NA,NA
"2117","535499",NA,"resources/real_fg_memory_images/orig11.jpg",NA,"real","Scam","[""neutral_button""]","6",NA,NA,NA,NA
"2118","535499",NA,"resources/real_fg_memory_images/fg25.jpg",NA,"artificial","Scam","[""scam_button""]","7",NA,NA,NA,NA
"2119","535499",NA,"resources/real_fg_memory_images/orig4.jpg",NA,"real","Neutral","[""scam_button""]","7",NA,NA,NA,NA
"2120","535499",NA,"resources/real_fg_memory_images/fg26.jpg",NA,"artificial","Scam","[""scam_button""]","7",NA,NA,NA,NA
"2121","535499",NA,"resources/real_fg_memory_images/orig8.jpg",NA,"real","Scam","[""scam_button""]","9",NA,NA,NA,NA
"2122","535499",NA,"resources/real_fg_memory_images/fg29.jpg",NA,"artificial","Scam","[""scam_button""]","7",NA,NA,NA,NA
"2123","535499",NA,"resources/real_fg_memory_images/orig7.jpg",NA,"real","Scam","[""neutral_button""]","7",NA,NA,NA,NA
"2124","535499",NA,"resources/real_fg_memory_images/fg19.jpg",NA,"artificial","Neutral","[""neutral_button""]","6",NA,NA,NA,NA
"2125","535499",NA,"resources/real_fg_memory_images/orig10.jpg",NA,"real","Scam","[""scam_button""]","9",NA,NA,NA,NA
"2126","535499",NA,"resources/real_fg_memory_images/fg21.jpg",NA,"artificial","Neutral","[""neutral_button""]","7",NA,NA,NA,NA
"2127","535499",NA,"resources/real_fg_memory_images/fg30.jpg",NA,"artificial","Scam","[""scam_button""]","6",NA,NA,NA,NA
"2128","535499",NA,"resources/real_fg_memory_images/orig9.jpg",NA,"real","Scam","[""scam_button""]","7",NA,NA,NA,NA
"2129","535499",NA,"resources/real_fg_memory_images/orig5.jpg",NA,"real","Neutral","[""scam_button""]","4",NA,NA,NA,NA
"2130","535499",NA,"resources/real_fg_memory_images/fg28.jpg",NA,"artificial","Scam","[""neutral_button""]","9",NA,NA,NA,NA
"2131","535499",NA,"resources/real_fg_memory_images/fg22.jpg",NA,"artificial","Neutral","[""neutral_button""]","10",NA,NA,NA,NA
"2132","535499",NA,"resources/real_fg_memory_images/orig3.jpg",NA,"real","Neutral","[""neutral_button""]","10",NA,NA,NA,NA
"2133","535499",NA,"resources/real_fg_memory_images/orig1.jpg",NA,"real","Neurtal","[""scam_button""]","8",NA,NA,NA,NA
"2134","535499",NA,"resources/real_fg_memory_images/orig6.jpg",NA,"real","Neutral","[""neutral_button""]","6",NA,NA,NA,NA
"2135","535499",NA,NA,NA,NA,NA,NA,NA,NA,NA,NA,NA
"2136","535499",8,"resources/real_fg_memory_images/fg34.jpg","artificial",NA,NA,NA,NA,NA,NA,NA,NA
"2137","535499",7,"resources/real_fg_memory_images/orig15.jpg","real",NA,NA,NA,NA,NA,NA,NA,NA
"2138","535499",4,"resources/real_fg_memory_images/fg32.jpg","artificial",NA,NA,NA,NA,NA,NA,NA,NA
"2139","535499",8,"resources/real_fg_memory_images/fg19.jpg","artificial",NA,NA,NA,NA,NA,NA,NA,NA
"2140","535499",8,"resources/real_fg_memory_images/orig2.jpg","real",NA,NA,NA,NA,NA,NA,NA,NA
"2141","535499",10,"resources/real_fg_memory_images/fg33.jpg","artificial",NA,NA,NA,NA,NA,NA,NA,NA
"2142","535499",2,"resources/real_fg_memory_images/orig12.jpg","real",NA,NA,NA,NA,NA,NA,NA,NA
"2143","535499",4,"resources/real_fg_memory_images/fg30.jpg","artificial",NA,NA,NA,NA,NA,NA,NA,NA
"2144","535499",4,"resources/real_fg_memory_images/orig9.jpg","real",NA,NA,NA,NA,NA,NA,NA,NA
"2145","535499",5,"resources/real_fg_memory_images/fg22.jpg","artificial",NA,NA,NA,NA,NA,NA,NA,NA
"2146","535499",4,"resources/real_fg_memory_images/fg23.jpg","artificial",NA,NA,NA,NA,NA,NA,NA,NA
"2147","535499",6,"resources/real_fg_memory_images/fg20.jpg","artificial",NA,NA,NA,NA,NA,NA,NA,NA
"2148","535499",7,"resources/real_fg_memory_images/fg35.jpg","artificial",NA,NA,NA,NA,NA,NA,NA,NA
"2149","535499",8,"resources/real_fg_memory_images/orig18.jpg","real",NA,NA,NA,NA,NA,NA,NA,NA
"2150","535499",5,"resources/real_fg_memory_images/fg31.jpg","artificial",NA,NA,NA,NA,NA,NA,NA,NA
"2151","535499",5,"resources/real_fg_memory_images/fg24.jpg","artificial",NA,NA,NA,NA,NA,NA,NA,NA
"2152","535499",6,"resources/real_fg_memory_images/orig8.jpg","real",NA,NA,NA,NA,NA,NA,NA,NA
"2153","535499",5,"resources/real_fg_memory_images/fg21.jpg","artificial",NA,NA,NA,NA,NA,NA,NA,NA
"2154","535499",3,"resources/real_fg_memory_images/orig7.jpg","real",NA,NA,NA,NA,NA,NA,NA,NA
"2155","535499",7,"resources/real_fg_memory_images/fg29.jpg","artificial",NA,NA,NA,NA,NA,NA,NA,NA
"2156","535499",4,"resources/real_fg_memory_images/fg26.jpg","artificial",NA,NA,NA,NA,NA,NA,NA,NA
"2157","535499",5,"resources/real_fg_memory_images/fg25.jpg","artificial",NA,NA,NA,NA,NA,NA,NA,NA
"2158","535499",7,"resources/real_fg_memory_images/orig4.jpg","real",NA,NA,NA,NA,NA,NA,NA,NA
"2159","535499",7,"resources/real_fg_memory_images/orig3.jpg","real",NA,NA,NA,NA,NA,NA,NA,NA
"2160","535499",7,"resources/real_fg_memory_images/fg36.jpg","artificial",NA,NA,NA,NA,NA,NA,NA,NA
"2161","535499",5,"resources/real_fg_memory_images/orig10.jpg","real",NA,NA,NA,NA,NA,NA,NA,NA
"2162","535499",3,"resources/real_fg_memory_images/orig1.jpg","real",NA,NA,NA,NA,NA,NA,NA,NA
"2163","535499",4,"resources/real_fg_memory_images/orig5.jpg","real",NA,NA,NA,NA,NA,NA,NA,NA
"2164","535499",9,"resources/real_fg_memory_images/orig16.jpg","real",NA,NA,NA,NA,NA,NA,NA,NA
"2165","535499",8,"resources/real_fg_memory_images/orig14.jpg","real",NA,NA,NA,NA,NA,NA,NA,NA
"2166","535499",2,"resources/real_fg_memory_images/fg27.jpg","artificial",NA,NA,NA,NA,NA,NA,NA,NA
"2167","535499",3,"resources/real_fg_memory_images/orig17.jpg","real",NA,NA,NA,NA,NA,NA,NA,NA
"2168","535499",2,"resources/real_fg_memory_images/orig11.jpg","real",NA,NA,NA,NA,NA,NA,NA,NA
"2169","535499",7,"resources/real_fg_memory_images/fg28.jpg","artificial",NA,NA,NA,NA,NA,NA,NA,NA
"2170","535499",6,"resources/real_fg_memory_images/orig6.jpg","real",NA,NA,NA,NA,NA,NA,NA,NA
"2171","535499",4,"resources/real_fg_memory_images/orig13.jpg","real",NA,NA,NA,NA,NA,NA,NA,NA
"2172","535499",NA,NA,NA,NA,NA,NA,NA,NA,NA,NA,NA
"2173","535499",NA,NA,NA,NA,NA,NA,NA,3,"I have difficulty ending a phone call, even if the caller is a telemarketer, someone I do not know, or someone I do not wish to call me",NA,NA
"2174","535499",NA,NA,NA,NA,NA,NA,NA,2,"If something sounds too good to be true, it usually is",NA,NA
"2175","535499",NA,NA,NA,NA,NA,NA,NA,4,"If a telemarketer calls me, I usually listen to what they have to say",NA,NA
"2176","535499",NA,NA,NA,NA,NA,NA,NA,2,"I answer the phone whenever it rings, even if I do not know who is calling",NA,NA
"2177","535499",NA,NA,NA,NA,NA,NA,NA,3,"Persons over the age of 65 are often targeted by con-artists",NA,NA
"2178","535499",NA,NA,NA,NA,NA,NA,NA,NA,NA,NA,NA
"2179","535499",NA,NA,NA,NA,NA,NA,NA,NA,NA,"[""female_option""]",NA
"2180","535499",NA,NA,NA,NA,NA,NA,NA,NA,NA,NA,74
"2181","535499",NA,NA,NA,NA,NA,NA,NA,NA,NA,NA,NA
"2182","535499",NA,NA,NA,NA,NA,NA,NA,NA,NA,NA,NA
"2183","535499",NA,NA,NA,NA,NA,NA,NA,NA,NA,NA,NA
"2184","535499",NA,NA,NA,NA,NA,NA,NA,NA,NA,NA,NA
"2185","535499",NA,NA,NA,NA,NA,NA,NA,NA,NA,NA,NA
"2186","535499",NA,NA,NA,NA,NA,NA,NA,NA,NA,NA,NA
"2187","535499",NA,NA,NA,NA,NA,NA,NA,NA,NA,NA,NA
"2188","535499",NA,NA,NA,NA,NA,NA,NA,NA,NA,NA,NA
"2189","535499",NA,NA,NA,NA,NA,NA,NA,NA,NA,NA,NA
"2190","535499",NA,NA,NA,NA,NA,NA,NA,NA,NA,NA,NA
"2191","552126",NA,NA,NA,NA,NA,NA,NA,NA,NA,NA,NA
"2192","552126",NA,NA,NA,NA,NA,NA,NA,NA,NA,NA,NA
"2193","552126",NA,NA,NA,NA,NA,NA,NA,NA,NA,NA,NA
"2194","552126",NA,NA,NA,NA,NA,NA,NA,NA,NA,NA,NA
"2195","552126",4,"resources/real_fg_memory_images/orig2.jpg","real",NA,NA,NA,NA,NA,NA,NA,NA
"2196","552126",5,"resources/real_fg_memory_images/fg32.jpg","artificial",NA,NA,NA,NA,NA,NA,NA,NA
"2197","552126",9,"resources/real_fg_memory_images/fg30.jpg","artificial",NA,NA,NA,NA,NA,NA,NA,NA
"2198","552126",2,"resources/real_fg_memory_images/orig13.jpg","real",NA,NA,NA,NA,NA,NA,NA,NA
"2199","552126",2,"resources/real_fg_memory_images/orig11.jpg","real",NA,NA,NA,NA,NA,NA,NA,NA
"2200","552126",1,"resources/real_fg_memory_images/fg23.jpg","artificial",NA,NA,NA,NA,NA,NA,NA,NA
"2201","552126",3,"resources/real_fg_memory_images/orig4.jpg","real",NA,NA,NA,NA,NA,NA,NA,NA
"2202","552126",7,"resources/real_fg_memory_images/fg33.jpg","artificial",NA,NA,NA,NA,NA,NA,NA,NA
"2203","552126",1,"resources/real_fg_memory_images/orig15.jpg","real",NA,NA,NA,NA,NA,NA,NA,NA
"2204","552126",8,"resources/real_fg_memory_images/orig16.jpg","real",NA,NA,NA,NA,NA,NA,NA,NA
"2205","552126",0,"resources/real_fg_memory_images/fg19.jpg","artificial",NA,NA,NA,NA,NA,NA,NA,NA
"2206","552126",5,"resources/real_fg_memory_images/fg22.jpg","artificial",NA,NA,NA,NA,NA,NA,NA,NA
"2207","552126",7,"resources/real_fg_memory_images/orig18.jpg","real",NA,NA,NA,NA,NA,NA,NA,NA
"2208","552126",0,"resources/real_fg_memory_images/orig3.jpg","real",NA,NA,NA,NA,NA,NA,NA,NA
"2209","552126",3,"resources/real_fg_memory_images/fg29.jpg","artificial",NA,NA,NA,NA,NA,NA,NA,NA
"2210","552126",0,"resources/real_fg_memory_images/orig12.jpg","real",NA,NA,NA,NA,NA,NA,NA,NA
"2211","552126",0,"resources/real_fg_memory_images/orig5.jpg","real",NA,NA,NA,NA,NA,NA,NA,NA
"2212","552126",1,"resources/real_fg_memory_images/fg27.jpg","artificial",NA,NA,NA,NA,NA,NA,NA,NA
"2213","552126",4,"resources/real_fg_memory_images/fg26.jpg","artificial",NA,NA,NA,NA,NA,NA,NA,NA
"2214","552126",8,"resources/real_fg_memory_images/fg28.jpg","artificial",NA,NA,NA,NA,NA,NA,NA,NA
"2215","552126",9,"resources/real_fg_memory_images/orig6.jpg","real",NA,NA,NA,NA,NA,NA,NA,NA
"2216","552126",0,"resources/real_fg_memory_images/orig7.jpg","real",NA,NA,NA,NA,NA,NA,NA,NA
"2217","552126",4,"resources/real_fg_memory_images/fg25.jpg","artificial",NA,NA,NA,NA,NA,NA,NA,NA
"2218","552126",0,"resources/real_fg_memory_images/orig9.jpg","real",NA,NA,NA,NA,NA,NA,NA,NA
"2219","552126",3,"resources/real_fg_memory_images/orig17.jpg","real",NA,NA,NA,NA,NA,NA,NA,NA
"2220","552126",7,"resources/real_fg_memory_images/orig14.jpg","real",NA,NA,NA,NA,NA,NA,NA,NA
"2221","552126",1,"resources/real_fg_memory_images/orig8.jpg","real",NA,NA,NA,NA,NA,NA,NA,NA
"2222","552126",0,"resources/real_fg_memory_images/fg20.jpg","artificial",NA,NA,NA,NA,NA,NA,NA,NA
"2223","552126",2,"resources/real_fg_memory_images/fg36.jpg","artificial",NA,NA,NA,NA,NA,NA,NA,NA
"2224","552126",2,"resources/real_fg_memory_images/fg35.jpg","artificial",NA,NA,NA,NA,NA,NA,NA,NA
"2225","552126",8,"resources/real_fg_memory_images/fg24.jpg","artificial",NA,NA,NA,NA,NA,NA,NA,NA
"2226","552126",3,"resources/real_fg_memory_images/fg31.jpg","artificial",NA,NA,NA,NA,NA,NA,NA,NA
"2227","552126",2,"resources/real_fg_memory_images/fg21.jpg","artificial",NA,NA,NA,NA,NA,NA,NA,NA
"2228","552126",9,"resources/real_fg_memory_images/fg34.jpg","artificial",NA,NA,NA,NA,NA,NA,NA,NA
"2229","552126",3,"resources/real_fg_memory_images/orig10.jpg","real",NA,NA,NA,NA,NA,NA,NA,NA
"2230","552126",0,"resources/real_fg_memory_images/orig1.jpg","real",NA,NA,NA,NA,NA,NA,NA,NA
"2231","552126",NA,NA,NA,NA,NA,NA,NA,NA,NA,NA,NA
"2232","552126",NA,"resources/real_fg_memory_images/fg27.jpg",NA,"artificial","Scam",NA,NA,NA,NA,NA,NA
"2233","552126",NA,"resources/real_fg_memory_images/orig7.jpg",NA,"real","Scam",NA,NA,NA,NA,NA,NA
"2234","552126",NA,"resources/real_fg_memory_images/fg19.jpg",NA,"artificial","Neutral",NA,NA,NA,NA,NA,NA
"2235","552126",NA,"resources/real_fg_memory_images/fg30.jpg",NA,"artificial","Scam",NA,NA,NA,NA,NA,NA
"2236","552126",NA,"resources/real_fg_memory_images/orig1.jpg",NA,"real","Neurtal",NA,NA,NA,NA,NA,NA
"2237","552126",NA,"resources/real_fg_memory_images/fg24.jpg",NA,"artificial","Neutral",NA,NA,NA,NA,NA,NA
"2238","552126",NA,"resources/real_fg_memory_images/fg25.jpg",NA,"artificial","Scam",NA,NA,NA,NA,NA,NA
"2239","552126",NA,"resources/real_fg_memory_images/fg22.jpg",NA,"artificial","Neutral",NA,NA,NA,NA,NA,NA
"2240","552126",NA,"resources/real_fg_memory_images/fg26.jpg",NA,"artificial","Scam",NA,NA,NA,NA,NA,NA
"2241","552126",NA,"resources/real_fg_memory_images/orig6.jpg",NA,"real","Neutral",NA,NA,NA,NA,NA,NA
"2242","552126",NA,"resources/real_fg_memory_images/orig4.jpg",NA,"real","Neutral",NA,NA,NA,NA,NA,NA
"2243","552126",NA,"resources/real_fg_memory_images/orig2.jpg",NA,"real","Neutral",NA,NA,NA,NA,NA,NA
"2244","552126",NA,"resources/real_fg_memory_images/fg20.jpg",NA,"artificial","Neutral",NA,NA,NA,NA,NA,NA
"2245","552126",NA,"resources/real_fg_memory_images/orig9.jpg",NA,"real","Scam",NA,NA,NA,NA,NA,NA
"2246","552126",NA,"resources/real_fg_memory_images/orig3.jpg",NA,"real","Neutral",NA,NA,NA,NA,NA,NA
"2247","552126",NA,"resources/real_fg_memory_images/orig8.jpg",NA,"real","Scam",NA,NA,NA,NA,NA,NA
"2248","552126",NA,"resources/real_fg_memory_images/orig10.jpg",NA,"real","Scam",NA,NA,NA,NA,NA,NA
"2249","552126",NA,"resources/real_fg_memory_images/fg28.jpg",NA,"artificial","Scam",NA,NA,NA,NA,NA,NA
"2250","552126",NA,"resources/real_fg_memory_images/fg23.jpg",NA,"artificial","Neutral",NA,NA,NA,NA,NA,NA
"2251","552126",NA,"resources/real_fg_memory_images/fg29.jpg",NA,"artificial","Scam",NA,NA,NA,NA,NA,NA
"2252","552126",NA,"resources/real_fg_memory_images/orig11.jpg",NA,"real","Scam",NA,NA,NA,NA,NA,NA
"2253","552126",NA,"resources/real_fg_memory_images/orig5.jpg",NA,"real","Neutral",NA,NA,NA,NA,NA,NA
"2254","552126",NA,"resources/real_fg_memory_images/fg21.jpg",NA,"artificial","Neutral",NA,NA,NA,NA,NA,NA
"2255","552126",NA,"resources/real_fg_memory_images/orig12.jpg",NA,"real","Scam",NA,NA,NA,NA,NA,NA
"2256","552126",NA,NA,NA,NA,NA,NA,NA,NA,NA,NA,NA
"2257","552126",NA,"resources/real_fg_memory_images/orig3.jpg",NA,"real","Neutral","[""neutral_button""]","8",NA,NA,NA,NA
"2258","552126",NA,"resources/real_fg_memory_images/fg26.jpg",NA,"artificial","Scam","[""scam_button""]","7",NA,NA,NA,NA
"2259","552126",NA,"resources/real_fg_memory_images/fg24.jpg",NA,"artificial","Neutral","[""neutral_button""]","5",NA,NA,NA,NA
"2260","552126",NA,"resources/real_fg_memory_images/fg25.jpg",NA,"artificial","Scam","[""neutral_button""]","7",NA,NA,NA,NA
"2261","552126",NA,"resources/real_fg_memory_images/fg29.jpg",NA,"artificial","Scam","[""scam_button""]","3",NA,NA,NA,NA
"2262","552126",NA,"resources/real_fg_memory_images/orig10.jpg",NA,"real","Scam","[""neutral_button""]","4",NA,NA,NA,NA
"2263","552126",NA,"resources/real_fg_memory_images/orig11.jpg",NA,"real","Scam","[""scam_button""]","7",NA,NA,NA,NA
"2264","552126",NA,"resources/real_fg_memory_images/orig4.jpg",NA,"real","Neutral","[""neutral_button""]","7",NA,NA,NA,NA
"2265","552126",NA,"resources/real_fg_memory_images/orig6.jpg",NA,"real","Neutral","[""neutral_button""]","6",NA,NA,NA,NA
"2266","552126",NA,"resources/real_fg_memory_images/orig12.jpg",NA,"real","Scam","[""neutral_button""]","7",NA,NA,NA,NA
"2267","552126",NA,"resources/real_fg_memory_images/fg30.jpg",NA,"artificial","Scam","[""scam_button""]","6",NA,NA,NA,NA
"2268","552126",NA,"resources/real_fg_memory_images/orig5.jpg",NA,"real","Neutral","[""neutral_button""]","5",NA,NA,NA,NA
"2269","552126",NA,"resources/real_fg_memory_images/fg20.jpg",NA,"artificial","Neutral","[""scam_button""]","7",NA,NA,NA,NA
"2270","552126",NA,"resources/real_fg_memory_images/fg23.jpg",NA,"artificial","Neutral","[""neutral_button""]","3",NA,NA,NA,NA
"2271","552126",NA,"resources/real_fg_memory_images/orig1.jpg",NA,"real","Neurtal","[""neutral_button""]","9",NA,NA,NA,NA
"2272","552126",NA,"resources/real_fg_memory_images/orig2.jpg",NA,"real","Neutral","[""scam_button""]","2",NA,NA,NA,NA
"2273","552126",NA,"resources/real_fg_memory_images/fg22.jpg",NA,"artificial","Neutral","[""neutral_button""]","7",NA,NA,NA,NA
"2274","552126",NA,"resources/real_fg_memory_images/orig7.jpg",NA,"real","Scam","[""neutral_button""]","5",NA,NA,NA,NA
"2275","552126",NA,"resources/real_fg_memory_images/fg28.jpg",NA,"artificial","Scam","[""neutral_button""]","9",NA,NA,NA,NA
"2276","552126",NA,"resources/real_fg_memory_images/orig8.jpg",NA,"real","Scam","[""scam_button""]","10",NA,NA,NA,NA
"2277","552126",NA,"resources/real_fg_memory_images/fg27.jpg",NA,"artificial","Scam","[""scam_button""]","5",NA,NA,NA,NA
"2278","552126",NA,"resources/real_fg_memory_images/orig9.jpg",NA,"real","Scam","[""neutral_button""]","6",NA,NA,NA,NA
"2279","552126",NA,"resources/real_fg_memory_images/fg21.jpg",NA,"artificial","Neutral","[""scam_button""]","6",NA,NA,NA,NA
"2280","552126",NA,"resources/real_fg_memory_images/fg19.jpg",NA,"artificial","Neutral","[""neutral_button""]","5",NA,NA,NA,NA
"2281","552126",NA,NA,NA,NA,NA,NA,NA,NA,NA,NA,NA
"2282","552126",3,"resources/real_fg_memory_images/fg27.jpg","artificial",NA,NA,NA,NA,NA,NA,NA,NA
"2283","552126",8,"resources/real_fg_memory_images/orig18.jpg","real",NA,NA,NA,NA,NA,NA,NA,NA
"2284","552126",0,"resources/real_fg_memory_images/fg31.jpg","artificial",NA,NA,NA,NA,NA,NA,NA,NA
"2285","552126",6,"resources/real_fg_memory_images/orig16.jpg","real",NA,NA,NA,NA,NA,NA,NA,NA
"2286","552126",0,"resources/real_fg_memory_images/orig7.jpg","real",NA,NA,NA,NA,NA,NA,NA,NA
"2287","552126",3,"resources/real_fg_memory_images/fg24.jpg","artificial",NA,NA,NA,NA,NA,NA,NA,NA
"2288","552126",4,"resources/real_fg_memory_images/fg25.jpg","artificial",NA,NA,NA,NA,NA,NA,NA,NA
"2289","552126",1,"resources/real_fg_memory_images/orig10.jpg","real",NA,NA,NA,NA,NA,NA,NA,NA
"2290","552126",0,"resources/real_fg_memory_images/orig15.jpg","real",NA,NA,NA,NA,NA,NA,NA,NA
"2291","552126",6,"resources/real_fg_memory_images/fg26.jpg","artificial",NA,NA,NA,NA,NA,NA,NA,NA
"2292","552126",3,"resources/real_fg_memory_images/fg34.jpg","artificial",NA,NA,NA,NA,NA,NA,NA,NA
"2293","552126",5,"resources/real_fg_memory_images/orig3.jpg","real",NA,NA,NA,NA,NA,NA,NA,NA
"2294","552126",3,"resources/real_fg_memory_images/orig6.jpg","real",NA,NA,NA,NA,NA,NA,NA,NA
"2295","552126",2,"resources/real_fg_memory_images/orig11.jpg","real",NA,NA,NA,NA,NA,NA,NA,NA
"2296","552126",5,"resources/real_fg_memory_images/orig4.jpg","real",NA,NA,NA,NA,NA,NA,NA,NA
"2297","552126",4,"resources/real_fg_memory_images/fg32.jpg","artificial",NA,NA,NA,NA,NA,NA,NA,NA
"2298","552126",0,"resources/real_fg_memory_images/orig8.jpg","real",NA,NA,NA,NA,NA,NA,NA,NA
"2299","552126",3,"resources/real_fg_memory_images/fg29.jpg","artificial",NA,NA,NA,NA,NA,NA,NA,NA
"2300","552126",4,"resources/real_fg_memory_images/fg33.jpg","artificial",NA,NA,NA,NA,NA,NA,NA,NA
"2301","552126",1,"resources/real_fg_memory_images/orig2.jpg","real",NA,NA,NA,NA,NA,NA,NA,NA
"2302","552126",0,"resources/real_fg_memory_images/orig13.jpg","real",NA,NA,NA,NA,NA,NA,NA,NA
"2303","552126",1,"resources/real_fg_memory_images/orig12.jpg","real",NA,NA,NA,NA,NA,NA,NA,NA
"2304","552126",5,"resources/real_fg_memory_images/fg36.jpg","artificial",NA,NA,NA,NA,NA,NA,NA,NA
"2305","552126",7,"resources/real_fg_memory_images/orig14.jpg","real",NA,NA,NA,NA,NA,NA,NA,NA
"2306","552126",1,"resources/real_fg_memory_images/orig5.jpg","real",NA,NA,NA,NA,NA,NA,NA,NA
"2307","552126",8,"resources/real_fg_memory_images/fg30.jpg","artificial",NA,NA,NA,NA,NA,NA,NA,NA
"2308","552126",4,"resources/real_fg_memory_images/orig17.jpg","real",NA,NA,NA,NA,NA,NA,NA,NA
"2309","552126",7,"resources/real_fg_memory_images/fg35.jpg","artificial",NA,NA,NA,NA,NA,NA,NA,NA
"2310","552126",1,"resources/real_fg_memory_images/fg21.jpg","artificial",NA,NA,NA,NA,NA,NA,NA,NA
"2311","552126",5,"resources/real_fg_memory_images/fg19.jpg","artificial",NA,NA,NA,NA,NA,NA,NA,NA
"2312","552126",0,"resources/real_fg_memory_images/orig9.jpg","real",NA,NA,NA,NA,NA,NA,NA,NA
"2313","552126",6,"resources/real_fg_memory_images/fg22.jpg","artificial",NA,NA,NA,NA,NA,NA,NA,NA
"2314","552126",2,"resources/real_fg_memory_images/fg20.jpg","artificial",NA,NA,NA,NA,NA,NA,NA,NA
"2315","552126",2,"resources/real_fg_memory_images/orig1.jpg","real",NA,NA,NA,NA,NA,NA,NA,NA
"2316","552126",7,"resources/real_fg_memory_images/fg23.jpg","artificial",NA,NA,NA,NA,NA,NA,NA,NA
"2317","552126",9,"resources/real_fg_memory_images/fg28.jpg","artificial",NA,NA,NA,NA,NA,NA,NA,NA
"2318","552126",NA,NA,NA,NA,NA,NA,NA,NA,NA,NA,NA
"2319","552126",NA,NA,NA,NA,NA,NA,NA,5,"If something sounds too good to be true, it usually is",NA,NA
"2320","552126",NA,NA,NA,NA,NA,NA,NA,2,"If a telemarketer calls me, I usually listen to what they have to say",NA,NA
"2321","552126",NA,NA,NA,NA,NA,NA,NA,1,"I answer the phone whenever it rings, even if I do not know who is calling",NA,NA
"2322","552126",NA,NA,NA,NA,NA,NA,NA,4,"Persons over the age of 65 are often targeted by con-artists",NA,NA
"2323","552126",NA,NA,NA,NA,NA,NA,NA,1,"I have difficulty ending a phone call, even if the caller is a telemarketer, someone I do not know, or someone I do not wish to call me",NA,NA
"2324","552126",NA,NA,NA,NA,NA,NA,NA,NA,NA,NA,NA
"2325","552126",NA,NA,NA,NA,NA,NA,NA,NA,NA,"[""male_option""]",NA
"2326","552126",NA,NA,NA,NA,NA,NA,NA,NA,NA,NA,65
"2327","552126",NA,NA,NA,NA,NA,NA,NA,NA,NA,NA,NA
"2328","552126",NA,NA,NA,NA,NA,NA,NA,NA,NA,NA,NA
"2329","552126",NA,NA,NA,NA,NA,NA,NA,NA,NA,NA,NA
"2330","552126",NA,NA,NA,NA,NA,NA,NA,NA,NA,NA,NA
"2331","552126",NA,NA,NA,NA,NA,NA,NA,NA,NA,NA,NA
"2332","552126",NA,NA,NA,NA,NA,NA,NA,NA,NA,NA,NA
"2333","552126",NA,NA,NA,NA,NA,NA,NA,NA,NA,NA,NA
"2334","552126",NA,NA,NA,NA,NA,NA,NA,NA,NA,NA,NA
"2335","552126",NA,NA,NA,NA,NA,NA,NA,NA,NA,NA,NA
"2336","552126",NA,NA,NA,NA,NA,NA,NA,NA,NA,NA,NA
"2337","685613",NA,NA,NA,NA,NA,NA,NA,NA,NA,NA,NA
"2338","685613",NA,NA,NA,NA,NA,NA,NA,NA,NA,NA,NA
"2339","685613",NA,NA,NA,NA,NA,NA,NA,NA,NA,NA,NA
"2340","685613",NA,NA,NA,NA,NA,NA,NA,NA,NA,NA,NA
"2341","685613",7,"resources/real_fg_memory_images/orig18.jpg","real",NA,NA,NA,NA,NA,NA,NA,NA
"2342","685613",5,"resources/real_fg_memory_images/fg31.jpg","artificial",NA,NA,NA,NA,NA,NA,NA,NA
"2343","685613",8,"resources/real_fg_memory_images/orig10.jpg","real",NA,NA,NA,NA,NA,NA,NA,NA
"2344","685613",6,"resources/real_fg_memory_images/fg26.jpg","artificial",NA,NA,NA,NA,NA,NA,NA,NA
"2345","685613",7,"resources/real_fg_memory_images/orig14.jpg","real",NA,NA,NA,NA,NA,NA,NA,NA
"2346","685613",7,"resources/real_fg_memory_images/fg34.jpg","artificial",NA,NA,NA,NA,NA,NA,NA,NA
"2347","685613",6,"resources/real_fg_memory_images/orig9.jpg","real",NA,NA,NA,NA,NA,NA,NA,NA
"2348","685613",5,"resources/real_fg_memory_images/orig11.jpg","real",NA,NA,NA,NA,NA,NA,NA,NA
"2349","685613",6,"resources/real_fg_memory_images/fg22.jpg","artificial",NA,NA,NA,NA,NA,NA,NA,NA
"2350","685613",6,"resources/real_fg_memory_images/fg30.jpg","artificial",NA,NA,NA,NA,NA,NA,NA,NA
"2351","685613",7,"resources/real_fg_memory_images/orig1.jpg","real",NA,NA,NA,NA,NA,NA,NA,NA
"2352","685613",6,"resources/real_fg_memory_images/fg25.jpg","artificial",NA,NA,NA,NA,NA,NA,NA,NA
"2353","685613",6,"resources/real_fg_memory_images/fg24.jpg","artificial",NA,NA,NA,NA,NA,NA,NA,NA
"2354","685613",7,"resources/real_fg_memory_images/orig7.jpg","real",NA,NA,NA,NA,NA,NA,NA,NA
"2355","685613",7,"resources/real_fg_memory_images/orig15.jpg","real",NA,NA,NA,NA,NA,NA,NA,NA
"2356","685613",4,"resources/real_fg_memory_images/fg33.jpg","artificial",NA,NA,NA,NA,NA,NA,NA,NA
"2357","685613",4,"resources/real_fg_memory_images/fg35.jpg","artificial",NA,NA,NA,NA,NA,NA,NA,NA
"2358","685613",7,"resources/real_fg_memory_images/fg28.jpg","artificial",NA,NA,NA,NA,NA,NA,NA,NA
"2359","685613",3,"resources/real_fg_memory_images/fg20.jpg","artificial",NA,NA,NA,NA,NA,NA,NA,NA
"2360","685613",6,"resources/real_fg_memory_images/fg21.jpg","artificial",NA,NA,NA,NA,NA,NA,NA,NA
"2361","685613",7,"resources/real_fg_memory_images/fg36.jpg","artificial",NA,NA,NA,NA,NA,NA,NA,NA
"2362","685613",7,"resources/real_fg_memory_images/orig6.jpg","real",NA,NA,NA,NA,NA,NA,NA,NA
"2363","685613",7,"resources/real_fg_memory_images/orig13.jpg","real",NA,NA,NA,NA,NA,NA,NA,NA
"2364","685613",6,"resources/real_fg_memory_images/fg27.jpg","artificial",NA,NA,NA,NA,NA,NA,NA,NA
"2365","685613",7,"resources/real_fg_memory_images/orig8.jpg","real",NA,NA,NA,NA,NA,NA,NA,NA
"2366","685613",6,"resources/real_fg_memory_images/orig16.jpg","real",NA,NA,NA,NA,NA,NA,NA,NA
"2367","685613",8,"resources/real_fg_memory_images/fg32.jpg","artificial",NA,NA,NA,NA,NA,NA,NA,NA
"2368","685613",7,"resources/real_fg_memory_images/orig2.jpg","real",NA,NA,NA,NA,NA,NA,NA,NA
"2369","685613",6,"resources/real_fg_memory_images/orig3.jpg","real",NA,NA,NA,NA,NA,NA,NA,NA
"2370","685613",7,"resources/real_fg_memory_images/fg29.jpg","artificial",NA,NA,NA,NA,NA,NA,NA,NA
"2371","685613",6,"resources/real_fg_memory_images/fg19.jpg","artificial",NA,NA,NA,NA,NA,NA,NA,NA
"2372","685613",6,"resources/real_fg_memory_images/fg23.jpg","artificial",NA,NA,NA,NA,NA,NA,NA,NA
"2373","685613",7,"resources/real_fg_memory_images/orig12.jpg","real",NA,NA,NA,NA,NA,NA,NA,NA
"2374","685613",8,"resources/real_fg_memory_images/orig17.jpg","real",NA,NA,NA,NA,NA,NA,NA,NA
"2375","685613",6,"resources/real_fg_memory_images/orig5.jpg","real",NA,NA,NA,NA,NA,NA,NA,NA
"2376","685613",6,"resources/real_fg_memory_images/orig4.jpg","real",NA,NA,NA,NA,NA,NA,NA,NA
"2377","685613",NA,NA,NA,NA,NA,NA,NA,NA,NA,NA,NA
"2378","685613",NA,"resources/real_fg_memory_images/fg29.jpg",NA,"artificial","Scam",NA,NA,NA,NA,NA,NA
"2379","685613",NA,"resources/real_fg_memory_images/fg30.jpg",NA,"artificial","Scam",NA,NA,NA,NA,NA,NA
"2380","685613",NA,"resources/real_fg_memory_images/orig1.jpg",NA,"real","Neurtal",NA,NA,NA,NA,NA,NA
"2381","685613",NA,"resources/real_fg_memory_images/orig11.jpg",NA,"real","Scam",NA,NA,NA,NA,NA,NA
"2382","685613",NA,"resources/real_fg_memory_images/orig2.jpg",NA,"real","Neutral",NA,NA,NA,NA,NA,NA
"2383","685613",NA,"resources/real_fg_memory_images/orig6.jpg",NA,"real","Neutral",NA,NA,NA,NA,NA,NA
"2384","685613",NA,"resources/real_fg_memory_images/orig8.jpg",NA,"real","Scam",NA,NA,NA,NA,NA,NA
"2385","685613",NA,"resources/real_fg_memory_images/orig9.jpg",NA,"real","Scam",NA,NA,NA,NA,NA,NA
"2386","685613",NA,"resources/real_fg_memory_images/orig3.jpg",NA,"real","Neutral",NA,NA,NA,NA,NA,NA
"2387","685613",NA,"resources/real_fg_memory_images/fg28.jpg",NA,"artificial","Scam",NA,NA,NA,NA,NA,NA
"2388","685613",NA,"resources/real_fg_memory_images/orig4.jpg",NA,"real","Neutral",NA,NA,NA,NA,NA,NA
"2389","685613",NA,"resources/real_fg_memory_images/orig10.jpg",NA,"real","Scam",NA,NA,NA,NA,NA,NA
"2390","685613",NA,"resources/real_fg_memory_images/fg21.jpg",NA,"artificial","Neutral",NA,NA,NA,NA,NA,NA
"2391","685613",NA,"resources/real_fg_memory_images/orig12.jpg",NA,"real","Scam",NA,NA,NA,NA,NA,NA
"2392","685613",NA,"resources/real_fg_memory_images/fg23.jpg",NA,"artificial","Neutral",NA,NA,NA,NA,NA,NA
"2393","685613",NA,"resources/real_fg_memory_images/orig7.jpg",NA,"real","Scam",NA,NA,NA,NA,NA,NA
"2394","685613",NA,"resources/real_fg_memory_images/fg26.jpg",NA,"artificial","Scam",NA,NA,NA,NA,NA,NA
"2395","685613",NA,"resources/real_fg_memory_images/fg27.jpg",NA,"artificial","Scam",NA,NA,NA,NA,NA,NA
"2396","685613",NA,"resources/real_fg_memory_images/fg24.jpg",NA,"artificial","Neutral",NA,NA,NA,NA,NA,NA
"2397","685613",NA,"resources/real_fg_memory_images/fg20.jpg",NA,"artificial","Neutral",NA,NA,NA,NA,NA,NA
"2398","685613",NA,"resources/real_fg_memory_images/fg25.jpg",NA,"artificial","Scam",NA,NA,NA,NA,NA,NA
"2399","685613",NA,"resources/real_fg_memory_images/fg19.jpg",NA,"artificial","Neutral",NA,NA,NA,NA,NA,NA
"2400","685613",NA,"resources/real_fg_memory_images/orig5.jpg",NA,"real","Neutral",NA,NA,NA,NA,NA,NA
"2401","685613",NA,"resources/real_fg_memory_images/fg22.jpg",NA,"artificial","Neutral",NA,NA,NA,NA,NA,NA
"2402","685613",NA,NA,NA,NA,NA,NA,NA,NA,NA,NA,NA
"2403","685613",NA,"resources/real_fg_memory_images/fg29.jpg",NA,"artificial","Scam","[""scam_button""]","10",NA,NA,NA,NA
"2404","685613",NA,"resources/real_fg_memory_images/fg28.jpg",NA,"artificial","Scam","[""scam_button""]","10",NA,NA,NA,NA
"2405","685613",NA,"resources/real_fg_memory_images/fg23.jpg",NA,"artificial","Neutral","[""neutral_button""]","10",NA,NA,NA,NA
"2406","685613",NA,"resources/real_fg_memory_images/orig2.jpg",NA,"real","Neutral","[""neutral_button""]","10",NA,NA,NA,NA
"2407","685613",NA,"resources/real_fg_memory_images/orig7.jpg",NA,"real","Scam","[""scam_button""]","10",NA,NA,NA,NA
"2408","685613",NA,"resources/real_fg_memory_images/orig8.jpg",NA,"real","Scam","[""scam_button""]","10",NA,NA,NA,NA
"2409","685613",NA,"resources/real_fg_memory_images/orig9.jpg",NA,"real","Scam","[""scam_button""]","10",NA,NA,NA,NA
"2410","685613",NA,"resources/real_fg_memory_images/orig12.jpg",NA,"real","Scam","[""scam_button""]","10",NA,NA,NA,NA
"2411","685613",NA,"resources/real_fg_memory_images/orig3.jpg",NA,"real","Neutral","[""neutral_button""]","10",NA,NA,NA,NA
"2412","685613",NA,"resources/real_fg_memory_images/orig1.jpg",NA,"real","Neurtal","[""neutral_button""]","10",NA,NA,NA,NA
"2413","685613",NA,"resources/real_fg_memory_images/orig11.jpg",NA,"real","Scam","[""scam_button""]","10",NA,NA,NA,NA
"2414","685613",NA,"resources/real_fg_memory_images/fg26.jpg",NA,"artificial","Scam","[""scam_button""]","10",NA,NA,NA,NA
"2415","685613",NA,"resources/real_fg_memory_images/fg20.jpg",NA,"artificial","Neutral","[""neutral_button""]","10",NA,NA,NA,NA
"2416","685613",NA,"resources/real_fg_memory_images/fg27.jpg",NA,"artificial","Scam","[""scam_button""]","10",NA,NA,NA,NA
"2417","685613",NA,"resources/real_fg_memory_images/fg24.jpg",NA,"artificial","Neutral","[""neutral_button""]","10",NA,NA,NA,NA
"2418","685613",NA,"resources/real_fg_memory_images/orig6.jpg",NA,"real","Neutral","[""neutral_button""]","10",NA,NA,NA,NA
"2419","685613",NA,"resources/real_fg_memory_images/fg25.jpg",NA,"artificial","Scam","[""scam_button""]","10",NA,NA,NA,NA
"2420","685613",NA,"resources/real_fg_memory_images/orig10.jpg",NA,"real","Scam","[""scam_button""]","10",NA,NA,NA,NA
"2421","685613",NA,"resources/real_fg_memory_images/fg21.jpg",NA,"artificial","Neutral","[""scam_button""]","7",NA,NA,NA,NA
"2422","685613",NA,"resources/real_fg_memory_images/fg19.jpg",NA,"artificial","Neutral","[""neutral_button""]","10",NA,NA,NA,NA
"2423","685613",NA,"resources/real_fg_memory_images/orig4.jpg",NA,"real","Neutral","[""neutral_button""]","10",NA,NA,NA,NA
"2424","685613",NA,"resources/real_fg_memory_images/orig5.jpg",NA,"real","Neutral","[""neutral_button""]","10",NA,NA,NA,NA
"2425","685613",NA,"resources/real_fg_memory_images/fg22.jpg",NA,"artificial","Neutral","[""neutral_button""]","10",NA,NA,NA,NA
"2426","685613",NA,"resources/real_fg_memory_images/fg30.jpg",NA,"artificial","Scam","[""scam_button""]","10",NA,NA,NA,NA
"2427","685613",NA,NA,NA,NA,NA,NA,NA,NA,NA,NA,NA
"2428","685613",4,"resources/real_fg_memory_images/fg23.jpg","artificial",NA,NA,NA,NA,NA,NA,NA,NA
"2429","685613",2,"resources/real_fg_memory_images/orig7.jpg","real",NA,NA,NA,NA,NA,NA,NA,NA
"2430","685613",3,"resources/real_fg_memory_images/fg21.jpg","artificial",NA,NA,NA,NA,NA,NA,NA,NA
"2431","685613",3,"resources/real_fg_memory_images/fg20.jpg","artificial",NA,NA,NA,NA,NA,NA,NA,NA
"2432","685613",3,"resources/real_fg_memory_images/fg29.jpg","artificial",NA,NA,NA,NA,NA,NA,NA,NA
"2433","685613",6,"resources/real_fg_memory_images/orig17.jpg","real",NA,NA,NA,NA,NA,NA,NA,NA
"2434","685613",6,"resources/real_fg_memory_images/orig5.jpg","real",NA,NA,NA,NA,NA,NA,NA,NA
"2435","685613",1,"resources/real_fg_memory_images/orig3.jpg","real",NA,NA,NA,NA,NA,NA,NA,NA
"2436","685613",6,"resources/real_fg_memory_images/fg33.jpg","artificial",NA,NA,NA,NA,NA,NA,NA,NA
"2437","685613",6,"resources/real_fg_memory_images/orig12.jpg","real",NA,NA,NA,NA,NA,NA,NA,NA
"2438","685613",7,"resources/real_fg_memory_images/orig15.jpg","real",NA,NA,NA,NA,NA,NA,NA,NA
"2439","685613",10,"resources/real_fg_memory_images/orig6.jpg","real",NA,NA,NA,NA,NA,NA,NA,NA
"2440","685613",6,"resources/real_fg_memory_images/orig11.jpg","real",NA,NA,NA,NA,NA,NA,NA,NA
"2441","685613",1,"resources/real_fg_memory_images/fg22.jpg","artificial",NA,NA,NA,NA,NA,NA,NA,NA
"2442","685613",6,"resources/real_fg_memory_images/fg35.jpg","artificial",NA,NA,NA,NA,NA,NA,NA,NA
"2443","685613",7,"resources/real_fg_memory_images/fg19.jpg","artificial",NA,NA,NA,NA,NA,NA,NA,NA
"2444","685613",8,"resources/real_fg_memory_images/fg27.jpg","artificial",NA,NA,NA,NA,NA,NA,NA,NA
"2445","685613",8,"resources/real_fg_memory_images/orig10.jpg","real",NA,NA,NA,NA,NA,NA,NA,NA
"2446","685613",7,"resources/real_fg_memory_images/fg24.jpg","artificial",NA,NA,NA,NA,NA,NA,NA,NA
"2447","685613",5,"resources/real_fg_memory_images/orig18.jpg","real",NA,NA,NA,NA,NA,NA,NA,NA
"2448","685613",6,"resources/real_fg_memory_images/orig13.jpg","real",NA,NA,NA,NA,NA,NA,NA,NA
"2449","685613",4,"resources/real_fg_memory_images/orig8.jpg","real",NA,NA,NA,NA,NA,NA,NA,NA
"2450","685613",3,"resources/real_fg_memory_images/orig9.jpg","real",NA,NA,NA,NA,NA,NA,NA,NA
"2451","685613",4,"resources/real_fg_memory_images/fg31.jpg","artificial",NA,NA,NA,NA,NA,NA,NA,NA
"2452","685613",5,"resources/real_fg_memory_images/orig14.jpg","real",NA,NA,NA,NA,NA,NA,NA,NA
"2453","685613",6,"resources/real_fg_memory_images/fg34.jpg","artificial",NA,NA,NA,NA,NA,NA,NA,NA
"2454","685613",7,"resources/real_fg_memory_images/fg32.jpg","artificial",NA,NA,NA,NA,NA,NA,NA,NA
"2455","685613",4,"resources/real_fg_memory_images/fg25.jpg","artificial",NA,NA,NA,NA,NA,NA,NA,NA
"2456","685613",6,"resources/real_fg_memory_images/fg28.jpg","artificial",NA,NA,NA,NA,NA,NA,NA,NA
"2457","685613",6,"resources/real_fg_memory_images/fg26.jpg","artificial",NA,NA,NA,NA,NA,NA,NA,NA
"2458","685613",7,"resources/real_fg_memory_images/orig16.jpg","real",NA,NA,NA,NA,NA,NA,NA,NA
"2459","685613",8,"resources/real_fg_memory_images/orig1.jpg","real",NA,NA,NA,NA,NA,NA,NA,NA
"2460","685613",7,"resources/real_fg_memory_images/orig2.jpg","real",NA,NA,NA,NA,NA,NA,NA,NA
"2461","685613",6,"resources/real_fg_memory_images/fg36.jpg","artificial",NA,NA,NA,NA,NA,NA,NA,NA
"2462","685613",7,"resources/real_fg_memory_images/fg30.jpg","artificial",NA,NA,NA,NA,NA,NA,NA,NA
"2463","685613",8,"resources/real_fg_memory_images/orig4.jpg","real",NA,NA,NA,NA,NA,NA,NA,NA
"2464","685613",NA,NA,NA,NA,NA,NA,NA,NA,NA,NA,NA
"2465","685613",NA,NA,NA,NA,NA,NA,NA,5,"If something sounds too good to be true, it usually is",NA,NA
"2466","685613",NA,NA,NA,NA,NA,NA,NA,2,"I answer the phone whenever it rings, even if I do not know who is calling",NA,NA
"2467","685613",NA,NA,NA,NA,NA,NA,NA,5,"Persons over the age of 65 are often targeted by con-artists",NA,NA
"2468","685613",NA,NA,NA,NA,NA,NA,NA,2,"If a telemarketer calls me, I usually listen to what they have to say",NA,NA
"2469","685613",NA,NA,NA,NA,NA,NA,NA,2,"I have difficulty ending a phone call, even if the caller is a telemarketer, someone I do not know, or someone I do not wish to call me",NA,NA
"2470","685613",NA,NA,NA,NA,NA,NA,NA,NA,NA,NA,NA
"2471","685613",NA,NA,NA,NA,NA,NA,NA,NA,NA,"[""male_option""]",NA
"2472","685613",NA,NA,NA,NA,NA,NA,NA,NA,NA,NA,67
"2473","685613",NA,NA,NA,NA,NA,NA,NA,NA,NA,NA,NA
"2474","685613",NA,NA,NA,NA,NA,NA,NA,NA,NA,NA,NA
"2475","685613",NA,NA,NA,NA,NA,NA,NA,NA,NA,NA,NA
"2476","685613",NA,NA,NA,NA,NA,NA,NA,NA,NA,NA,NA
"2477","685613",NA,NA,NA,NA,NA,NA,NA,NA,NA,NA,NA
"2478","685613",NA,NA,NA,NA,NA,NA,NA,NA,NA,NA,NA
"2479","685613",NA,NA,NA,NA,NA,NA,NA,NA,NA,NA,NA
"2480","685613",NA,NA,NA,NA,NA,NA,NA,NA,NA,NA,NA
"2481","685613",NA,NA,NA,NA,NA,NA,NA,NA,NA,NA,NA
"2482","685613",NA,NA,NA,NA,NA,NA,NA,NA,NA,NA,NA
"2483","697612",NA,NA,NA,NA,NA,NA,NA,NA,NA,NA,NA
"2484","697612",NA,NA,NA,NA,NA,NA,NA,NA,NA,NA,NA
"2485","697612",NA,NA,NA,NA,NA,NA,NA,NA,NA,NA,NA
"2486","697612",NA,NA,NA,NA,NA,NA,NA,NA,NA,NA,NA
"2487","697612",5,"resources/real_fg_memory_images/orig13.jpg","real",NA,NA,NA,NA,NA,NA,NA,NA
"2488","697612",6,"resources/real_fg_memory_images/orig17.jpg","real",NA,NA,NA,NA,NA,NA,NA,NA
"2489","697612",7,"resources/real_fg_memory_images/orig18.jpg","real",NA,NA,NA,NA,NA,NA,NA,NA
"2490","697612",3,"resources/real_fg_memory_images/orig5.jpg","real",NA,NA,NA,NA,NA,NA,NA,NA
"2491","697612",4,"resources/real_fg_memory_images/orig3.jpg","real",NA,NA,NA,NA,NA,NA,NA,NA
"2492","697612",5,"resources/real_fg_memory_images/fg33.jpg","artificial",NA,NA,NA,NA,NA,NA,NA,NA
"2493","697612",5,"resources/real_fg_memory_images/fg35.jpg","artificial",NA,NA,NA,NA,NA,NA,NA,NA
"2494","697612",6,"resources/real_fg_memory_images/fg28.jpg","artificial",NA,NA,NA,NA,NA,NA,NA,NA
"2495","697612",6,"resources/real_fg_memory_images/orig12.jpg","real",NA,NA,NA,NA,NA,NA,NA,NA
"2496","697612",5,"resources/real_fg_memory_images/fg24.jpg","artificial",NA,NA,NA,NA,NA,NA,NA,NA
"2497","697612",5,"resources/real_fg_memory_images/fg25.jpg","artificial",NA,NA,NA,NA,NA,NA,NA,NA
"2498","697612",5,"resources/real_fg_memory_images/fg27.jpg","artificial",NA,NA,NA,NA,NA,NA,NA,NA
"2499","697612",7,"resources/real_fg_memory_images/fg19.jpg","artificial",NA,NA,NA,NA,NA,NA,NA,NA
"2500","697612",4,"resources/real_fg_memory_images/fg31.jpg","artificial",NA,NA,NA,NA,NA,NA,NA,NA
"2501","697612",4,"resources/real_fg_memory_images/orig8.jpg","real",NA,NA,NA,NA,NA,NA,NA,NA
"2502","697612",6,"resources/real_fg_memory_images/fg30.jpg","artificial",NA,NA,NA,NA,NA,NA,NA,NA
"2503","697612",6,"resources/real_fg_memory_images/orig14.jpg","real",NA,NA,NA,NA,NA,NA,NA,NA
"2504","697612",6,"resources/real_fg_memory_images/orig1.jpg","real",NA,NA,NA,NA,NA,NA,NA,NA
"2505","697612",5,"resources/real_fg_memory_images/fg20.jpg","artificial",NA,NA,NA,NA,NA,NA,NA,NA
"2506","697612",6,"resources/real_fg_memory_images/orig15.jpg","real",NA,NA,NA,NA,NA,NA,NA,NA
"2507","697612",5,"resources/real_fg_memory_images/fg21.jpg","artificial",NA,NA,NA,NA,NA,NA,NA,NA
"2508","697612",6,"resources/real_fg_memory_images/fg23.jpg","artificial",NA,NA,NA,NA,NA,NA,NA,NA
"2509","697612",7,"resources/real_fg_memory_images/fg34.jpg","artificial",NA,NA,NA,NA,NA,NA,NA,NA
"2510","697612",7,"resources/real_fg_memory_images/orig11.jpg","real",NA,NA,NA,NA,NA,NA,NA,NA
"2511","697612",8,"resources/real_fg_memory_images/orig16.jpg","real",NA,NA,NA,NA,NA,NA,NA,NA
"2512","697612",5,"resources/real_fg_memory_images/fg29.jpg","artificial",NA,NA,NA,NA,NA,NA,NA,NA
"2513","697612",5,"resources/real_fg_memory_images/orig2.jpg","real",NA,NA,NA,NA,NA,NA,NA,NA
"2514","697612",5,"resources/real_fg_memory_images/orig9.jpg","real",NA,NA,NA,NA,NA,NA,NA,NA
"2515","697612",6,"resources/real_fg_memory_images/fg32.jpg","artificial",NA,NA,NA,NA,NA,NA,NA,NA
"2516","697612",5,"resources/real_fg_memory_images/orig7.jpg","real",NA,NA,NA,NA,NA,NA,NA,NA
"2517","697612",5,"resources/real_fg_memory_images/fg26.jpg","artificial",NA,NA,NA,NA,NA,NA,NA,NA
"2518","697612",6,"resources/real_fg_memory_images/fg36.jpg","artificial",NA,NA,NA,NA,NA,NA,NA,NA
"2519","697612",3,"resources/real_fg_memory_images/orig4.jpg","real",NA,NA,NA,NA,NA,NA,NA,NA
"2520","697612",6,"resources/real_fg_memory_images/fg22.jpg","artificial",NA,NA,NA,NA,NA,NA,NA,NA
"2521","697612",6,"resources/real_fg_memory_images/orig10.jpg","real",NA,NA,NA,NA,NA,NA,NA,NA
"2522","697612",5,"resources/real_fg_memory_images/orig6.jpg","real",NA,NA,NA,NA,NA,NA,NA,NA
"2523","697612",NA,NA,NA,NA,NA,NA,NA,NA,NA,NA,NA
"2524","697612",NA,"resources/real_fg_memory_images/orig11.jpg",NA,"real","Scam",NA,NA,NA,NA,NA,NA
"2525","697612",NA,"resources/real_fg_memory_images/orig6.jpg",NA,"real","Neutral",NA,NA,NA,NA,NA,NA
"2526","697612",NA,"resources/real_fg_memory_images/fg26.jpg",NA,"artificial","Scam",NA,NA,NA,NA,NA,NA
"2527","697612",NA,"resources/real_fg_memory_images/orig1.jpg",NA,"real","Neurtal",NA,NA,NA,NA,NA,NA
"2528","697612",NA,"resources/real_fg_memory_images/fg22.jpg",NA,"artificial","Neutral",NA,NA,NA,NA,NA,NA
"2529","697612",NA,"resources/real_fg_memory_images/orig5.jpg",NA,"real","Neutral",NA,NA,NA,NA,NA,NA
"2530","697612",NA,"resources/real_fg_memory_images/fg28.jpg",NA,"artificial","Scam",NA,NA,NA,NA,NA,NA
"2531","697612",NA,"resources/real_fg_memory_images/fg21.jpg",NA,"artificial","Neutral",NA,NA,NA,NA,NA,NA
"2532","697612",NA,"resources/real_fg_memory_images/fg30.jpg",NA,"artificial","Scam",NA,NA,NA,NA,NA,NA
"2533","697612",NA,"resources/real_fg_memory_images/orig12.jpg",NA,"real","Scam",NA,NA,NA,NA,NA,NA
"2534","697612",NA,"resources/real_fg_memory_images/fg29.jpg",NA,"artificial","Scam",NA,NA,NA,NA,NA,NA
"2535","697612",NA,"resources/real_fg_memory_images/fg25.jpg",NA,"artificial","Scam",NA,NA,NA,NA,NA,NA
"2536","697612",NA,"resources/real_fg_memory_images/fg19.jpg",NA,"artificial","Neutral",NA,NA,NA,NA,NA,NA
"2537","697612",NA,"resources/real_fg_memory_images/fg24.jpg",NA,"artificial","Neutral",NA,NA,NA,NA,NA,NA
"2538","697612",NA,"resources/real_fg_memory_images/fg23.jpg",NA,"artificial","Neutral",NA,NA,NA,NA,NA,NA
"2539","697612",NA,"resources/real_fg_memory_images/orig2.jpg",NA,"real","Neutral",NA,NA,NA,NA,NA,NA
"2540","697612",NA,"resources/real_fg_memory_images/orig10.jpg",NA,"real","Scam",NA,NA,NA,NA,NA,NA
"2541","697612",NA,"resources/real_fg_memory_images/fg27.jpg",NA,"artificial","Scam",NA,NA,NA,NA,NA,NA
"2542","697612",NA,"resources/real_fg_memory_images/orig8.jpg",NA,"real","Scam",NA,NA,NA,NA,NA,NA
"2543","697612",NA,"resources/real_fg_memory_images/orig7.jpg",NA,"real","Scam",NA,NA,NA,NA,NA,NA
"2544","697612",NA,"resources/real_fg_memory_images/orig4.jpg",NA,"real","Neutral",NA,NA,NA,NA,NA,NA
"2545","697612",NA,"resources/real_fg_memory_images/orig3.jpg",NA,"real","Neutral",NA,NA,NA,NA,NA,NA
"2546","697612",NA,"resources/real_fg_memory_images/orig9.jpg",NA,"real","Scam",NA,NA,NA,NA,NA,NA
"2547","697612",NA,"resources/real_fg_memory_images/fg20.jpg",NA,"artificial","Neutral",NA,NA,NA,NA,NA,NA
"2548","697612",NA,NA,NA,NA,NA,NA,NA,NA,NA,NA,NA
"2549","697612",NA,"resources/real_fg_memory_images/orig6.jpg",NA,"real","Neutral","[""neutral_button""]","8",NA,NA,NA,NA
"2550","697612",NA,"resources/real_fg_memory_images/orig1.jpg",NA,"real","Neurtal","[""neutral_button""]","8",NA,NA,NA,NA
"2551","697612",NA,"resources/real_fg_memory_images/orig10.jpg",NA,"real","Scam","[""scam_button""]","8",NA,NA,NA,NA
"2552","697612",NA,"resources/real_fg_memory_images/fg23.jpg",NA,"artificial","Neutral","[""neutral_button""]","9",NA,NA,NA,NA
"2553","697612",NA,"resources/real_fg_memory_images/fg22.jpg",NA,"artificial","Neutral","[""neutral_button""]","9",NA,NA,NA,NA
"2554","697612",NA,"resources/real_fg_memory_images/orig7.jpg",NA,"real","Scam","[""scam_button""]","8",NA,NA,NA,NA
"2555","697612",NA,"resources/real_fg_memory_images/orig8.jpg",NA,"real","Scam","[""scam_button""]","9",NA,NA,NA,NA
"2556","697612",NA,"resources/real_fg_memory_images/fg29.jpg",NA,"artificial","Scam","[""scam_button""]","6",NA,NA,NA,NA
"2557","697612",NA,"resources/real_fg_memory_images/fg30.jpg",NA,"artificial","Scam","[""scam_button""]","6",NA,NA,NA,NA
"2558","697612",NA,"resources/real_fg_memory_images/fg21.jpg",NA,"artificial","Neutral","[""neutral_button""]","7",NA,NA,NA,NA
"2559","697612",NA,"resources/real_fg_memory_images/orig9.jpg",NA,"real","Scam","[""scam_button""]","8",NA,NA,NA,NA
"2560","697612",NA,"resources/real_fg_memory_images/fg20.jpg",NA,"artificial","Neutral","[""neutral_button""]","7",NA,NA,NA,NA
"2561","697612",NA,"resources/real_fg_memory_images/orig3.jpg",NA,"real","Neutral","[""neutral_button""]","8",NA,NA,NA,NA
"2562","697612",NA,"resources/real_fg_memory_images/orig11.jpg",NA,"real","Scam","[""neutral_button""]","4",NA,NA,NA,NA
"2563","697612",NA,"resources/real_fg_memory_images/fg28.jpg",NA,"artificial","Scam","[""scam_button""]","7",NA,NA,NA,NA
"2564","697612",NA,"resources/real_fg_memory_images/orig12.jpg",NA,"real","Scam","[""scam_button""]","7",NA,NA,NA,NA
"2565","697612",NA,"resources/real_fg_memory_images/fg26.jpg",NA,"artificial","Scam","[""scam_button""]","8",NA,NA,NA,NA
"2566","697612",NA,"resources/real_fg_memory_images/orig5.jpg",NA,"real","Neutral","[""neutral_button""]","9",NA,NA,NA,NA
"2567","697612",NA,"resources/real_fg_memory_images/fg25.jpg",NA,"artificial","Scam","[""scam_button""]","7",NA,NA,NA,NA
"2568","697612",NA,"resources/real_fg_memory_images/fg27.jpg",NA,"artificial","Scam","[""scam_button""]","8",NA,NA,NA,NA
"2569","697612",NA,"resources/real_fg_memory_images/fg19.jpg",NA,"artificial","Neutral","[""neutral_button""]","8",NA,NA,NA,NA
"2570","697612",NA,"resources/real_fg_memory_images/orig2.jpg",NA,"real","Neutral","[""neutral_button""]","7",NA,NA,NA,NA
"2571","697612",NA,"resources/real_fg_memory_images/orig4.jpg",NA,"real","Neutral","[""neutral_button""]","8",NA,NA,NA,NA
"2572","697612",NA,"resources/real_fg_memory_images/fg24.jpg",NA,"artificial","Neutral","[""neutral_button""]","8",NA,NA,NA,NA
"2573","697612",NA,NA,NA,NA,NA,NA,NA,NA,NA,NA,NA
"2574","697612",0,"resources/real_fg_memory_images/orig8.jpg","real",NA,NA,NA,NA,NA,NA,NA,NA
"2575","697612",9,"resources/real_fg_memory_images/fg19.jpg","artificial",NA,NA,NA,NA,NA,NA,NA,NA
"2576","697612",0,"resources/real_fg_memory_images/orig12.jpg","real",NA,NA,NA,NA,NA,NA,NA,NA
"2577","697612",4,"resources/real_fg_memory_images/fg34.jpg","artificial",NA,NA,NA,NA,NA,NA,NA,NA
"2578","697612",5,"resources/real_fg_memory_images/fg36.jpg","artificial",NA,NA,NA,NA,NA,NA,NA,NA
"2579","697612",0,"resources/real_fg_memory_images/orig10.jpg","real",NA,NA,NA,NA,NA,NA,NA,NA
"2580","697612",8,"resources/real_fg_memory_images/orig6.jpg","real",NA,NA,NA,NA,NA,NA,NA,NA
"2581","697612",8,"resources/real_fg_memory_images/fg24.jpg","artificial",NA,NA,NA,NA,NA,NA,NA,NA
"2582","697612",9,"resources/real_fg_memory_images/fg20.jpg","artificial",NA,NA,NA,NA,NA,NA,NA,NA
"2583","697612",2,"resources/real_fg_memory_images/fg29.jpg","artificial",NA,NA,NA,NA,NA,NA,NA,NA
"2584","697612",1,"resources/real_fg_memory_images/fg25.jpg","artificial",NA,NA,NA,NA,NA,NA,NA,NA
"2585","697612",9,"resources/real_fg_memory_images/orig1.jpg","real",NA,NA,NA,NA,NA,NA,NA,NA
"2586","697612",6,"resources/real_fg_memory_images/orig18.jpg","real",NA,NA,NA,NA,NA,NA,NA,NA
"2587","697612",7,"resources/real_fg_memory_images/orig7.jpg","real",NA,NA,NA,NA,NA,NA,NA,NA
"2588","697612",7,"resources/real_fg_memory_images/orig17.jpg","real",NA,NA,NA,NA,NA,NA,NA,NA
"2589","697612",3,"resources/real_fg_memory_images/fg33.jpg","artificial",NA,NA,NA,NA,NA,NA,NA,NA
"2590","697612",8,"resources/real_fg_memory_images/orig3.jpg","real",NA,NA,NA,NA,NA,NA,NA,NA
"2591","697612",9,"resources/real_fg_memory_images/fg22.jpg","artificial",NA,NA,NA,NA,NA,NA,NA,NA
"2592","697612",9,"resources/real_fg_memory_images/orig2.jpg","real",NA,NA,NA,NA,NA,NA,NA,NA
"2593","697612",1,"resources/real_fg_memory_images/fg27.jpg","artificial",NA,NA,NA,NA,NA,NA,NA,NA
"2594","697612",1,"resources/real_fg_memory_images/fg31.jpg","artificial",NA,NA,NA,NA,NA,NA,NA,NA
"2595","697612",6,"resources/real_fg_memory_images/orig11.jpg","real",NA,NA,NA,NA,NA,NA,NA,NA
"2596","697612",3,"resources/real_fg_memory_images/fg35.jpg","artificial",NA,NA,NA,NA,NA,NA,NA,NA
"2597","697612",7,"resources/real_fg_memory_images/fg26.jpg","artificial",NA,NA,NA,NA,NA,NA,NA,NA
"2598","697612",9,"resources/real_fg_memory_images/orig5.jpg","real",NA,NA,NA,NA,NA,NA,NA,NA
"2599","697612",3,"resources/real_fg_memory_images/orig9.jpg","real",NA,NA,NA,NA,NA,NA,NA,NA
"2600","697612",8,"resources/real_fg_memory_images/fg30.jpg","artificial",NA,NA,NA,NA,NA,NA,NA,NA
"2601","697612",6,"resources/real_fg_memory_images/orig13.jpg","real",NA,NA,NA,NA,NA,NA,NA,NA
"2602","697612",6,"resources/real_fg_memory_images/fg21.jpg","artificial",NA,NA,NA,NA,NA,NA,NA,NA
"2603","697612",4,"resources/real_fg_memory_images/fg32.jpg","artificial",NA,NA,NA,NA,NA,NA,NA,NA
"2604","697612",7,"resources/real_fg_memory_images/orig15.jpg","real",NA,NA,NA,NA,NA,NA,NA,NA
"2605","697612",2,"resources/real_fg_memory_images/orig4.jpg","real",NA,NA,NA,NA,NA,NA,NA,NA
"2606","697612",9,"resources/real_fg_memory_images/fg28.jpg","artificial",NA,NA,NA,NA,NA,NA,NA,NA
"2607","697612",8,"resources/real_fg_memory_images/orig14.jpg","real",NA,NA,NA,NA,NA,NA,NA,NA
"2608","697612",9,"resources/real_fg_memory_images/orig16.jpg","real",NA,NA,NA,NA,NA,NA,NA,NA
"2609","697612",2,"resources/real_fg_memory_images/fg23.jpg","artificial",NA,NA,NA,NA,NA,NA,NA,NA
"2610","697612",NA,NA,NA,NA,NA,NA,NA,NA,NA,NA,NA
"2611","697612",NA,NA,NA,NA,NA,NA,NA,1,"If something sounds too good to be true, it usually is",NA,NA
"2612","697612",NA,NA,NA,NA,NA,NA,NA,5,"I answer the phone whenever it rings, even if I do not know who is calling",NA,NA
"2613","697612",NA,NA,NA,NA,NA,NA,NA,5,"Persons over the age of 65 are often targeted by con-artists",NA,NA
"2614","697612",NA,NA,NA,NA,NA,NA,NA,5,"If a telemarketer calls me, I usually listen to what they have to say",NA,NA
"2615","697612",NA,NA,NA,NA,NA,NA,NA,1,"I have difficulty ending a phone call, even if the caller is a telemarketer, someone I do not know, or someone I do not wish to call me",NA,NA
"2616","697612",NA,NA,NA,NA,NA,NA,NA,NA,NA,NA,NA
"2617","697612",NA,NA,NA,NA,NA,NA,NA,NA,NA,"[""female_option""]",NA
"2618","697612",NA,NA,NA,NA,NA,NA,NA,NA,NA,NA,72
"2619","697612",NA,NA,NA,NA,NA,NA,NA,NA,NA,NA,NA
"2620","697612",NA,NA,NA,NA,NA,NA,NA,NA,NA,NA,NA
"2621","697612",NA,NA,NA,NA,NA,NA,NA,NA,NA,NA,NA
"2622","697612",NA,NA,NA,NA,NA,NA,NA,NA,NA,NA,NA
"2623","697612",NA,NA,NA,NA,NA,NA,NA,NA,NA,NA,NA
"2624","697612",NA,NA,NA,NA,NA,NA,NA,NA,NA,NA,NA
"2625","697612",NA,NA,NA,NA,NA,NA,NA,NA,NA,NA,NA
"2626","697612",NA,NA,NA,NA,NA,NA,NA,NA,NA,NA,NA
"2627","697612",NA,NA,NA,NA,NA,NA,NA,NA,NA,NA,NA
"2628","697612",NA,NA,NA,NA,NA,NA,NA,NA,NA,NA,NA
"2629","730953",NA,NA,NA,NA,NA,NA,NA,NA,NA,NA,NA
"2630","730953",NA,NA,NA,NA,NA,NA,NA,NA,NA,NA,NA
"2631","730953",NA,NA,NA,NA,NA,NA,NA,NA,NA,NA,NA
"2632","730953",NA,NA,NA,NA,NA,NA,NA,NA,NA,NA,NA
"2633","730953",8,"resources/real_fg_memory_images/fg30.jpg","artificial",NA,NA,NA,NA,NA,NA,NA,NA
"2634","730953",6,"resources/real_fg_memory_images/orig4.jpg","real",NA,NA,NA,NA,NA,NA,NA,NA
"2635","730953",7,"resources/real_fg_memory_images/orig11.jpg","real",NA,NA,NA,NA,NA,NA,NA,NA
"2636","730953",8,"resources/real_fg_memory_images/fg28.jpg","artificial",NA,NA,NA,NA,NA,NA,NA,NA
"2637","730953",5,"resources/real_fg_memory_images/orig12.jpg","real",NA,NA,NA,NA,NA,NA,NA,NA
"2638","730953",4,"resources/real_fg_memory_images/fg25.jpg","artificial",NA,NA,NA,NA,NA,NA,NA,NA
"2639","730953",5,"resources/real_fg_memory_images/orig10.jpg","real",NA,NA,NA,NA,NA,NA,NA,NA
"2640","730953",6,"resources/real_fg_memory_images/orig17.jpg","real",NA,NA,NA,NA,NA,NA,NA,NA
"2641","730953",6,"resources/real_fg_memory_images/orig9.jpg","real",NA,NA,NA,NA,NA,NA,NA,NA
"2642","730953",8,"resources/real_fg_memory_images/orig16.jpg","real",NA,NA,NA,NA,NA,NA,NA,NA
"2643","730953",6,"resources/real_fg_memory_images/orig15.jpg","real",NA,NA,NA,NA,NA,NA,NA,NA
"2644","730953",6,"resources/real_fg_memory_images/fg32.jpg","artificial",NA,NA,NA,NA,NA,NA,NA,NA
"2645","730953",7,"resources/real_fg_memory_images/fg29.jpg","artificial",NA,NA,NA,NA,NA,NA,NA,NA
"2646","730953",8,"resources/real_fg_memory_images/orig2.jpg","real",NA,NA,NA,NA,NA,NA,NA,NA
"2647","730953",7,"resources/real_fg_memory_images/fg22.jpg","artificial",NA,NA,NA,NA,NA,NA,NA,NA
"2648","730953",5,"resources/real_fg_memory_images/orig3.jpg","real",NA,NA,NA,NA,NA,NA,NA,NA
"2649","730953",4,"resources/real_fg_memory_images/fg20.jpg","artificial",NA,NA,NA,NA,NA,NA,NA,NA
"2650","730953",5,"resources/real_fg_memory_images/fg19.jpg","artificial",NA,NA,NA,NA,NA,NA,NA,NA
"2651","730953",6,"resources/real_fg_memory_images/orig7.jpg","real",NA,NA,NA,NA,NA,NA,NA,NA
"2652","730953",6,"resources/real_fg_memory_images/fg24.jpg","artificial",NA,NA,NA,NA,NA,NA,NA,NA
"2653","730953",6,"resources/real_fg_memory_images/fg33.jpg","artificial",NA,NA,NA,NA,NA,NA,NA,NA
"2654","730953",6,"resources/real_fg_memory_images/fg31.jpg","artificial",NA,NA,NA,NA,NA,NA,NA,NA
"2655","730953",6,"resources/real_fg_memory_images/orig18.jpg","real",NA,NA,NA,NA,NA,NA,NA,NA
"2656","730953",5,"resources/real_fg_memory_images/orig6.jpg","real",NA,NA,NA,NA,NA,NA,NA,NA
"2657","730953",6,"resources/real_fg_memory_images/fg26.jpg","artificial",NA,NA,NA,NA,NA,NA,NA,NA
"2658","730953",6,"resources/real_fg_memory_images/fg34.jpg","artificial",NA,NA,NA,NA,NA,NA,NA,NA
"2659","730953",4,"resources/real_fg_memory_images/orig13.jpg","real",NA,NA,NA,NA,NA,NA,NA,NA
"2660","730953",5,"resources/real_fg_memory_images/fg23.jpg","artificial",NA,NA,NA,NA,NA,NA,NA,NA
"2661","730953",6,"resources/real_fg_memory_images/orig14.jpg","real",NA,NA,NA,NA,NA,NA,NA,NA
"2662","730953",6,"resources/real_fg_memory_images/fg35.jpg","artificial",NA,NA,NA,NA,NA,NA,NA,NA
"2663","730953",5,"resources/real_fg_memory_images/orig8.jpg","real",NA,NA,NA,NA,NA,NA,NA,NA
"2664","730953",6,"resources/real_fg_memory_images/fg21.jpg","artificial",NA,NA,NA,NA,NA,NA,NA,NA
"2665","730953",5,"resources/real_fg_memory_images/orig1.jpg","real",NA,NA,NA,NA,NA,NA,NA,NA
"2666","730953",6,"resources/real_fg_memory_images/orig5.jpg","real",NA,NA,NA,NA,NA,NA,NA,NA
"2667","730953",7,"resources/real_fg_memory_images/fg36.jpg","artificial",NA,NA,NA,NA,NA,NA,NA,NA
"2668","730953",6,"resources/real_fg_memory_images/fg27.jpg","artificial",NA,NA,NA,NA,NA,NA,NA,NA
"2669","730953",NA,NA,NA,NA,NA,NA,NA,NA,NA,NA,NA
"2670","730953",NA,"resources/real_fg_memory_images/fg27.jpg",NA,"artificial","Scam",NA,NA,NA,NA,NA,NA
"2671","730953",NA,"resources/real_fg_memory_images/fg29.jpg",NA,"artificial","Scam",NA,NA,NA,NA,NA,NA
"2672","730953",NA,"resources/real_fg_memory_images/fg22.jpg",NA,"artificial","Neutral",NA,NA,NA,NA,NA,NA
"2673","730953",NA,"resources/real_fg_memory_images/fg20.jpg",NA,"artificial","Neutral",NA,NA,NA,NA,NA,NA
"2674","730953",NA,"resources/real_fg_memory_images/orig8.jpg",NA,"real","Scam",NA,NA,NA,NA,NA,NA
"2675","730953",NA,"resources/real_fg_memory_images/fg26.jpg",NA,"artificial","Scam",NA,NA,NA,NA,NA,NA
"2676","730953",NA,"resources/real_fg_memory_images/fg25.jpg",NA,"artificial","Scam",NA,NA,NA,NA,NA,NA
"2677","730953",NA,"resources/real_fg_memory_images/fg28.jpg",NA,"artificial","Scam",NA,NA,NA,NA,NA,NA
"2678","730953",NA,"resources/real_fg_memory_images/orig10.jpg",NA,"real","Scam",NA,NA,NA,NA,NA,NA
"2679","730953",NA,"resources/real_fg_memory_images/orig9.jpg",NA,"real","Scam",NA,NA,NA,NA,NA,NA
"2680","730953",NA,"resources/real_fg_memory_images/orig2.jpg",NA,"real","Neutral",NA,NA,NA,NA,NA,NA
"2681","730953",NA,"resources/real_fg_memory_images/fg24.jpg",NA,"artificial","Neutral",NA,NA,NA,NA,NA,NA
"2682","730953",NA,"resources/real_fg_memory_images/orig6.jpg",NA,"real","Neutral",NA,NA,NA,NA,NA,NA
"2683","730953",NA,"resources/real_fg_memory_images/orig7.jpg",NA,"real","Scam",NA,NA,NA,NA,NA,NA
"2684","730953",NA,"resources/real_fg_memory_images/fg19.jpg",NA,"artificial","Neutral",NA,NA,NA,NA,NA,NA
"2685","730953",NA,"resources/real_fg_memory_images/fg21.jpg",NA,"artificial","Neutral",NA,NA,NA,NA,NA,NA
"2686","730953",NA,"resources/real_fg_memory_images/fg23.jpg",NA,"artificial","Neutral",NA,NA,NA,NA,NA,NA
"2687","730953",NA,"resources/real_fg_memory_images/orig4.jpg",NA,"real","Neutral",NA,NA,NA,NA,NA,NA
"2688","730953",NA,"resources/real_fg_memory_images/orig5.jpg",NA,"real","Neutral",NA,NA,NA,NA,NA,NA
"2689","730953",NA,"resources/real_fg_memory_images/orig3.jpg",NA,"real","Neutral",NA,NA,NA,NA,NA,NA
"2690","730953",NA,"resources/real_fg_memory_images/fg30.jpg",NA,"artificial","Scam",NA,NA,NA,NA,NA,NA
"2691","730953",NA,"resources/real_fg_memory_images/orig11.jpg",NA,"real","Scam",NA,NA,NA,NA,NA,NA
"2692","730953",NA,"resources/real_fg_memory_images/orig1.jpg",NA,"real","Neurtal",NA,NA,NA,NA,NA,NA
"2693","730953",NA,"resources/real_fg_memory_images/orig12.jpg",NA,"real","Scam",NA,NA,NA,NA,NA,NA
"2694","730953",NA,NA,NA,NA,NA,NA,NA,NA,NA,NA,NA
"2695","730953",NA,"resources/real_fg_memory_images/orig1.jpg",NA,"real","Neurtal","[""neutral_button""]","7",NA,NA,NA,NA
"2696","730953",NA,"resources/real_fg_memory_images/orig3.jpg",NA,"real","Neutral","[""neutral_button""]","3",NA,NA,NA,NA
"2697","730953",NA,"resources/real_fg_memory_images/fg29.jpg",NA,"artificial","Scam","[""scam_button""]","5",NA,NA,NA,NA
"2698","730953",NA,"resources/real_fg_memory_images/orig8.jpg",NA,"real","Scam","[""scam_button""]","9",NA,NA,NA,NA
"2699","730953",NA,"resources/real_fg_memory_images/fg20.jpg",NA,"artificial","Neutral","[""scam_button""]","4",NA,NA,NA,NA
"2700","730953",NA,"resources/real_fg_memory_images/orig2.jpg",NA,"real","Neutral","[""neutral_button""]","4",NA,NA,NA,NA
"2701","730953",NA,"resources/real_fg_memory_images/orig6.jpg",NA,"real","Neutral","[""neutral_button""]","5",NA,NA,NA,NA
"2702","730953",NA,"resources/real_fg_memory_images/fg21.jpg",NA,"artificial","Neutral","[""scam_button""]","3",NA,NA,NA,NA
"2703","730953",NA,"resources/real_fg_memory_images/orig5.jpg",NA,"real","Neutral","[""neutral_button""]","6",NA,NA,NA,NA
"2704","730953",NA,"resources/real_fg_memory_images/fg23.jpg",NA,"artificial","Neutral","[""scam_button""]","5",NA,NA,NA,NA
"2705","730953",NA,"resources/real_fg_memory_images/fg25.jpg",NA,"artificial","Scam","[""neutral_button""]","4",NA,NA,NA,NA
"2706","730953",NA,"resources/real_fg_memory_images/fg19.jpg",NA,"artificial","Neutral","[""scam_button""]","6",NA,NA,NA,NA
"2707","730953",NA,"resources/real_fg_memory_images/fg30.jpg",NA,"artificial","Scam","[""scam_button""]","2",NA,NA,NA,NA
"2708","730953",NA,"resources/real_fg_memory_images/fg28.jpg",NA,"artificial","Scam","[""scam_button""]","7",NA,NA,NA,NA
"2709","730953",NA,"resources/real_fg_memory_images/orig11.jpg",NA,"real","Scam","[""scam_button""]","6",NA,NA,NA,NA
"2710","730953",NA,"resources/real_fg_memory_images/fg26.jpg",NA,"artificial","Scam","[""scam_button""]","6",NA,NA,NA,NA
"2711","730953",NA,"resources/real_fg_memory_images/fg27.jpg",NA,"artificial","Scam","[""neutral_button""]","3",NA,NA,NA,NA
"2712","730953",NA,"resources/real_fg_memory_images/fg22.jpg",NA,"artificial","Neutral","[""neutral_button""]","5",NA,NA,NA,NA
"2713","730953",NA,"resources/real_fg_memory_images/orig10.jpg",NA,"real","Scam","[""scam_button""]","4",NA,NA,NA,NA
"2714","730953",NA,"resources/real_fg_memory_images/orig9.jpg",NA,"real","Scam","[""scam_button""]","6",NA,NA,NA,NA
"2715","730953",NA,"resources/real_fg_memory_images/orig12.jpg",NA,"real","Scam","[""scam_button""]","4",NA,NA,NA,NA
"2716","730953",NA,"resources/real_fg_memory_images/fg24.jpg",NA,"artificial","Neutral","[""scam_button""]","4",NA,NA,NA,NA
"2717","730953",NA,"resources/real_fg_memory_images/orig4.jpg",NA,"real","Neutral","[""scam_button""]","2",NA,NA,NA,NA
"2718","730953",NA,"resources/real_fg_memory_images/orig7.jpg",NA,"real","Scam","[""neutral_button""]","1",NA,NA,NA,NA
"2719","730953",NA,NA,NA,NA,NA,NA,NA,NA,NA,NA,NA
"2720","730953",5,"resources/real_fg_memory_images/orig13.jpg","real",NA,NA,NA,NA,NA,NA,NA,NA
"2721","730953",4,"resources/real_fg_memory_images/fg19.jpg","artificial",NA,NA,NA,NA,NA,NA,NA,NA
"2722","730953",6,"resources/real_fg_memory_images/orig6.jpg","real",NA,NA,NA,NA,NA,NA,NA,NA
"2723","730953",4,"resources/real_fg_memory_images/fg29.jpg","artificial",NA,NA,NA,NA,NA,NA,NA,NA
"2724","730953",5,"resources/real_fg_memory_images/fg32.jpg","artificial",NA,NA,NA,NA,NA,NA,NA,NA
"2725","730953",6,"resources/real_fg_memory_images/orig3.jpg","real",NA,NA,NA,NA,NA,NA,NA,NA
"2726","730953",3,"resources/real_fg_memory_images/fg24.jpg","artificial",NA,NA,NA,NA,NA,NA,NA,NA
"2727","730953",7,"resources/real_fg_memory_images/orig8.jpg","real",NA,NA,NA,NA,NA,NA,NA,NA
"2728","730953",3,"resources/real_fg_memory_images/fg35.jpg","artificial",NA,NA,NA,NA,NA,NA,NA,NA
"2729","730953",5,"resources/real_fg_memory_images/fg25.jpg","artificial",NA,NA,NA,NA,NA,NA,NA,NA
"2730","730953",4,"resources/real_fg_memory_images/orig4.jpg","real",NA,NA,NA,NA,NA,NA,NA,NA
"2731","730953",3,"resources/real_fg_memory_images/orig2.jpg","real",NA,NA,NA,NA,NA,NA,NA,NA
"2732","730953",1,"resources/real_fg_memory_images/fg26.jpg","artificial",NA,NA,NA,NA,NA,NA,NA,NA
"2733","730953",5,"resources/real_fg_memory_images/orig1.jpg","real",NA,NA,NA,NA,NA,NA,NA,NA
"2734","730953",6,"resources/real_fg_memory_images/orig5.jpg","real",NA,NA,NA,NA,NA,NA,NA,NA
"2735","730953",4,"resources/real_fg_memory_images/orig9.jpg","real",NA,NA,NA,NA,NA,NA,NA,NA
"2736","730953",6,"resources/real_fg_memory_images/fg27.jpg","artificial",NA,NA,NA,NA,NA,NA,NA,NA
"2737","730953",4,"resources/real_fg_memory_images/orig17.jpg","real",NA,NA,NA,NA,NA,NA,NA,NA
"2738","730953",3,"resources/real_fg_memory_images/fg20.jpg","artificial",NA,NA,NA,NA,NA,NA,NA,NA
"2739","730953",4,"resources/real_fg_memory_images/fg23.jpg","artificial",NA,NA,NA,NA,NA,NA,NA,NA
"2740","730953",3,"resources/real_fg_memory_images/fg33.jpg","artificial",NA,NA,NA,NA,NA,NA,NA,NA
"2741","730953",4,"resources/real_fg_memory_images/orig14.jpg","real",NA,NA,NA,NA,NA,NA,NA,NA
"2742","730953",6,"resources/real_fg_memory_images/orig7.jpg","real",NA,NA,NA,NA,NA,NA,NA,NA
"2743","730953",7,"resources/real_fg_memory_images/fg28.jpg","artificial",NA,NA,NA,NA,NA,NA,NA,NA
"2744","730953",4,"resources/real_fg_memory_images/fg21.jpg","artificial",NA,NA,NA,NA,NA,NA,NA,NA
"2745","730953",6,"resources/real_fg_memory_images/orig18.jpg","real",NA,NA,NA,NA,NA,NA,NA,NA
"2746","730953",6,"resources/real_fg_memory_images/orig10.jpg","real",NA,NA,NA,NA,NA,NA,NA,NA
"2747","730953",4,"resources/real_fg_memory_images/fg31.jpg","artificial",NA,NA,NA,NA,NA,NA,NA,NA
"2748","730953",3,"resources/real_fg_memory_images/fg30.jpg","artificial",NA,NA,NA,NA,NA,NA,NA,NA
"2749","730953",7,"resources/real_fg_memory_images/orig16.jpg","real",NA,NA,NA,NA,NA,NA,NA,NA
"2750","730953",6,"resources/real_fg_memory_images/orig15.jpg","real",NA,NA,NA,NA,NA,NA,NA,NA
"2751","730953",4,"resources/real_fg_memory_images/orig12.jpg","real",NA,NA,NA,NA,NA,NA,NA,NA
"2752","730953",4,"resources/real_fg_memory_images/fg36.jpg","artificial",NA,NA,NA,NA,NA,NA,NA,NA
"2753","730953",6,"resources/real_fg_memory_images/orig11.jpg","real",NA,NA,NA,NA,NA,NA,NA,NA
"2754","730953",5,"resources/real_fg_memory_images/fg22.jpg","artificial",NA,NA,NA,NA,NA,NA,NA,NA
"2755","730953",7,"resources/real_fg_memory_images/fg34.jpg","artificial",NA,NA,NA,NA,NA,NA,NA,NA
"2756","730953",NA,NA,NA,NA,NA,NA,NA,NA,NA,NA,NA
"2757","730953",NA,NA,NA,NA,NA,NA,NA,2,"I have difficulty ending a phone call, even if the caller is a telemarketer, someone I do not know, or someone I do not wish to call me",NA,NA
"2758","730953",NA,NA,NA,NA,NA,NA,NA,3,"If something sounds too good to be true, it usually is",NA,NA
"2759","730953",NA,NA,NA,NA,NA,NA,NA,1,"If a telemarketer calls me, I usually listen to what they have to say",NA,NA
"2760","730953",NA,NA,NA,NA,NA,NA,NA,4,"Persons over the age of 65 are often targeted by con-artists",NA,NA
"2761","730953",NA,NA,NA,NA,NA,NA,NA,1,"I answer the phone whenever it rings, even if I do not know who is calling",NA,NA
"2762","730953",NA,NA,NA,NA,NA,NA,NA,NA,NA,NA,NA
"2763","730953",NA,NA,NA,NA,NA,NA,NA,NA,NA,"[""male_option""]",NA
"2764","730953",NA,NA,NA,NA,NA,NA,NA,NA,NA,NA,71
"2765","730953",NA,NA,NA,NA,NA,NA,NA,NA,NA,NA,NA
"2766","730953",NA,NA,NA,NA,NA,NA,NA,NA,NA,NA,NA
"2767","730953",NA,NA,NA,NA,NA,NA,NA,NA,NA,NA,NA
"2768","730953",NA,NA,NA,NA,NA,NA,NA,NA,NA,NA,NA
"2769","730953",NA,NA,NA,NA,NA,NA,NA,NA,NA,NA,NA
"2770","730953",NA,NA,NA,NA,NA,NA,NA,NA,NA,NA,NA
"2771","730953",NA,NA,NA,NA,NA,NA,NA,NA,NA,NA,NA
"2772","730953",NA,NA,NA,NA,NA,NA,NA,NA,NA,NA,NA
"2773","730953",NA,NA,NA,NA,NA,NA,NA,NA,NA,NA,NA
"2774","730953",NA,NA,NA,NA,NA,NA,NA,NA,NA,NA,NA
"2775","800151",NA,NA,NA,NA,NA,NA,NA,NA,NA,NA,NA
"2776","800151",NA,NA,NA,NA,NA,NA,NA,NA,NA,NA,NA
"2777","800151",NA,NA,NA,NA,NA,NA,NA,NA,NA,NA,NA
"2778","800151",NA,NA,NA,NA,NA,NA,NA,NA,NA,NA,NA
"2779","800151",7,"resources/real_fg_memory_images/fg27.jpg","artificial",NA,NA,NA,NA,NA,NA,NA,NA
"2780","800151",9,"resources/real_fg_memory_images/orig18.jpg","real",NA,NA,NA,NA,NA,NA,NA,NA
"2781","800151",6,"resources/real_fg_memory_images/fg23.jpg","artificial",NA,NA,NA,NA,NA,NA,NA,NA
"2782","800151",7,"resources/real_fg_memory_images/fg32.jpg","artificial",NA,NA,NA,NA,NA,NA,NA,NA
"2783","800151",5,"resources/real_fg_memory_images/orig8.jpg","real",NA,NA,NA,NA,NA,NA,NA,NA
"2784","800151",7,"resources/real_fg_memory_images/fg22.jpg","artificial",NA,NA,NA,NA,NA,NA,NA,NA
"2785","800151",10,"resources/real_fg_memory_images/orig16.jpg","real",NA,NA,NA,NA,NA,NA,NA,NA
"2786","800151",7,"resources/real_fg_memory_images/fg36.jpg","artificial",NA,NA,NA,NA,NA,NA,NA,NA
"2787","800151",7,"resources/real_fg_memory_images/orig13.jpg","real",NA,NA,NA,NA,NA,NA,NA,NA
"2788","800151",6,"resources/real_fg_memory_images/fg26.jpg","artificial",NA,NA,NA,NA,NA,NA,NA,NA
"2789","800151",8,"resources/real_fg_memory_images/orig4.jpg","real",NA,NA,NA,NA,NA,NA,NA,NA
"2790","800151",8,"resources/real_fg_memory_images/orig2.jpg","real",NA,NA,NA,NA,NA,NA,NA,NA
"2791","800151",8,"resources/real_fg_memory_images/orig14.jpg","real",NA,NA,NA,NA,NA,NA,NA,NA
"2792","800151",7,"resources/real_fg_memory_images/fg34.jpg","artificial",NA,NA,NA,NA,NA,NA,NA,NA
"2793","800151",8,"resources/real_fg_memory_images/orig11.jpg","real",NA,NA,NA,NA,NA,NA,NA,NA
"2794","800151",5,"resources/real_fg_memory_images/fg35.jpg","artificial",NA,NA,NA,NA,NA,NA,NA,NA
"2795","800151",5,"resources/real_fg_memory_images/fg19.jpg","artificial",NA,NA,NA,NA,NA,NA,NA,NA
"2796","800151",7,"resources/real_fg_memory_images/fg21.jpg","artificial",NA,NA,NA,NA,NA,NA,NA,NA
"2797","800151",7,"resources/real_fg_memory_images/fg29.jpg","artificial",NA,NA,NA,NA,NA,NA,NA,NA
"2798","800151",3,"resources/real_fg_memory_images/fg20.jpg","artificial",NA,NA,NA,NA,NA,NA,NA,NA
"2799","800151",4,"resources/real_fg_memory_images/orig10.jpg","real",NA,NA,NA,NA,NA,NA,NA,NA
"2800","800151",8,"resources/real_fg_memory_images/fg28.jpg","artificial",NA,NA,NA,NA,NA,NA,NA,NA
"2801","800151",7,"resources/real_fg_memory_images/orig12.jpg","real",NA,NA,NA,NA,NA,NA,NA,NA
"2802","800151",5,"resources/real_fg_memory_images/fg30.jpg","artificial",NA,NA,NA,NA,NA,NA,NA,NA
"2803","800151",6,"resources/real_fg_memory_images/orig6.jpg","real",NA,NA,NA,NA,NA,NA,NA,NA
"2804","800151",6,"resources/real_fg_memory_images/fg33.jpg","artificial",NA,NA,NA,NA,NA,NA,NA,NA
"2805","800151",4,"resources/real_fg_memory_images/orig1.jpg","real",NA,NA,NA,NA,NA,NA,NA,NA
"2806","800151",9,"resources/real_fg_memory_images/orig7.jpg","real",NA,NA,NA,NA,NA,NA,NA,NA
"2807","800151",6,"resources/real_fg_memory_images/orig15.jpg","real",NA,NA,NA,NA,NA,NA,NA,NA
"2808","800151",6,"resources/real_fg_memory_images/orig3.jpg","real",NA,NA,NA,NA,NA,NA,NA,NA
"2809","800151",3,"resources/real_fg_memory_images/orig9.jpg","real",NA,NA,NA,NA,NA,NA,NA,NA
"2810","800151",6,"resources/real_fg_memory_images/orig5.jpg","real",NA,NA,NA,NA,NA,NA,NA,NA
"2811","800151",4,"resources/real_fg_memory_images/fg25.jpg","artificial",NA,NA,NA,NA,NA,NA,NA,NA
"2812","800151",6,"resources/real_fg_memory_images/fg31.jpg","artificial",NA,NA,NA,NA,NA,NA,NA,NA
"2813","800151",7,"resources/real_fg_memory_images/orig17.jpg","real",NA,NA,NA,NA,NA,NA,NA,NA
"2814","800151",8,"resources/real_fg_memory_images/fg24.jpg","artificial",NA,NA,NA,NA,NA,NA,NA,NA
"2815","800151",NA,NA,NA,NA,NA,NA,NA,NA,NA,NA,NA
"2816","800151",NA,"resources/real_fg_memory_images/fg26.jpg",NA,"artificial","Scam",NA,NA,NA,NA,NA,NA
"2817","800151",NA,"resources/real_fg_memory_images/orig6.jpg",NA,"real","Neutral",NA,NA,NA,NA,NA,NA
"2818","800151",NA,"resources/real_fg_memory_images/orig11.jpg",NA,"real","Scam",NA,NA,NA,NA,NA,NA
"2819","800151",NA,"resources/real_fg_memory_images/orig10.jpg",NA,"real","Scam",NA,NA,NA,NA,NA,NA
"2820","800151",NA,"resources/real_fg_memory_images/fg28.jpg",NA,"artificial","Scam",NA,NA,NA,NA,NA,NA
"2821","800151",NA,"resources/real_fg_memory_images/fg27.jpg",NA,"artificial","Scam",NA,NA,NA,NA,NA,NA
"2822","800151",NA,"resources/real_fg_memory_images/orig1.jpg",NA,"real","Neurtal",NA,NA,NA,NA,NA,NA
"2823","800151",NA,"resources/real_fg_memory_images/orig8.jpg",NA,"real","Scam",NA,NA,NA,NA,NA,NA
"2824","800151",NA,"resources/real_fg_memory_images/fg23.jpg",NA,"artificial","Neutral",NA,NA,NA,NA,NA,NA
"2825","800151",NA,"resources/real_fg_memory_images/fg19.jpg",NA,"artificial","Neutral",NA,NA,NA,NA,NA,NA
"2826","800151",NA,"resources/real_fg_memory_images/orig5.jpg",NA,"real","Neutral",NA,NA,NA,NA,NA,NA
"2827","800151",NA,"resources/real_fg_memory_images/orig2.jpg",NA,"real","Neutral",NA,NA,NA,NA,NA,NA
"2828","800151",NA,"resources/real_fg_memory_images/fg29.jpg",NA,"artificial","Scam",NA,NA,NA,NA,NA,NA
"2829","800151",NA,"resources/real_fg_memory_images/fg24.jpg",NA,"artificial","Neutral",NA,NA,NA,NA,NA,NA
"2830","800151",NA,"resources/real_fg_memory_images/fg20.jpg",NA,"artificial","Neutral",NA,NA,NA,NA,NA,NA
"2831","800151",NA,"resources/real_fg_memory_images/orig9.jpg",NA,"real","Scam",NA,NA,NA,NA,NA,NA
"2832","800151",NA,"resources/real_fg_memory_images/orig4.jpg",NA,"real","Neutral",NA,NA,NA,NA,NA,NA
"2833","800151",NA,"resources/real_fg_memory_images/orig3.jpg",NA,"real","Neutral",NA,NA,NA,NA,NA,NA
"2834","800151",NA,"resources/real_fg_memory_images/fg21.jpg",NA,"artificial","Neutral",NA,NA,NA,NA,NA,NA
"2835","800151",NA,"resources/real_fg_memory_images/orig12.jpg",NA,"real","Scam",NA,NA,NA,NA,NA,NA
"2836","800151",NA,"resources/real_fg_memory_images/fg25.jpg",NA,"artificial","Scam",NA,NA,NA,NA,NA,NA
"2837","800151",NA,"resources/real_fg_memory_images/fg22.jpg",NA,"artificial","Neutral",NA,NA,NA,NA,NA,NA
"2838","800151",NA,"resources/real_fg_memory_images/fg30.jpg",NA,"artificial","Scam",NA,NA,NA,NA,NA,NA
"2839","800151",NA,"resources/real_fg_memory_images/orig7.jpg",NA,"real","Scam",NA,NA,NA,NA,NA,NA
"2840","800151",NA,NA,NA,NA,NA,NA,NA,NA,NA,NA,NA
"2841","800151",NA,"resources/real_fg_memory_images/orig1.jpg",NA,"real","Neurtal","[""neutral_button""]","10",NA,NA,NA,NA
"2842","800151",NA,"resources/real_fg_memory_images/orig4.jpg",NA,"real","Neutral","[""neutral_button""]","10",NA,NA,NA,NA
"2843","800151",NA,"resources/real_fg_memory_images/fg28.jpg",NA,"artificial","Scam","[""neutral_button""]","10",NA,NA,NA,NA
"2844","800151",NA,"resources/real_fg_memory_images/orig5.jpg",NA,"real","Neutral","[""scam_button""]","10",NA,NA,NA,NA
"2845","800151",NA,"resources/real_fg_memory_images/orig12.jpg",NA,"real","Scam","[""neutral_button""]","10",NA,NA,NA,NA
"2846","800151",NA,"resources/real_fg_memory_images/fg21.jpg",NA,"artificial","Neutral","[""neutral_button""]","10",NA,NA,NA,NA
"2847","800151",NA,"resources/real_fg_memory_images/fg29.jpg",NA,"artificial","Scam","[""scam_button""]","10",NA,NA,NA,NA
"2848","800151",NA,"resources/real_fg_memory_images/fg25.jpg",NA,"artificial","Scam","[""neutral_button""]","10",NA,NA,NA,NA
"2849","800151",NA,"resources/real_fg_memory_images/fg22.jpg",NA,"artificial","Neutral","[""neutral_button""]","10",NA,NA,NA,NA
"2850","800151",NA,"resources/real_fg_memory_images/orig2.jpg",NA,"real","Neutral","[""neutral_button""]","10",NA,NA,NA,NA
"2851","800151",NA,"resources/real_fg_memory_images/orig9.jpg",NA,"real","Scam","[""scam_button""]","10",NA,NA,NA,NA
"2852","800151",NA,"resources/real_fg_memory_images/fg30.jpg",NA,"artificial","Scam","[""scam_button""]","10",NA,NA,NA,NA
"2853","800151",NA,"resources/real_fg_memory_images/fg27.jpg",NA,"artificial","Scam","[""neutral_button""]","10",NA,NA,NA,NA
"2854","800151",NA,"resources/real_fg_memory_images/orig6.jpg",NA,"real","Neutral","[""neutral_button""]","10",NA,NA,NA,NA
"2855","800151",NA,"resources/real_fg_memory_images/orig7.jpg",NA,"real","Scam","[""scam_button""]","10",NA,NA,NA,NA
"2856","800151",NA,"resources/real_fg_memory_images/orig3.jpg",NA,"real","Neutral","[""scam_button""]","10",NA,NA,NA,NA
"2857","800151",NA,"resources/real_fg_memory_images/orig10.jpg",NA,"real","Scam","[""neutral_button""]","10",NA,NA,NA,NA
"2858","800151",NA,"resources/real_fg_memory_images/fg26.jpg",NA,"artificial","Scam","[""scam_button""]","10",NA,NA,NA,NA
"2859","800151",NA,"resources/real_fg_memory_images/fg24.jpg",NA,"artificial","Neutral","[""neutral_button""]","10",NA,NA,NA,NA
"2860","800151",NA,"resources/real_fg_memory_images/fg23.jpg",NA,"artificial","Neutral","[""scam_button""]","10",NA,NA,NA,NA
"2861","800151",NA,"resources/real_fg_memory_images/orig11.jpg",NA,"real","Scam","[""neutral_button""]","10",NA,NA,NA,NA
"2862","800151",NA,"resources/real_fg_memory_images/fg20.jpg",NA,"artificial","Neutral","[""scam_button""]","10",NA,NA,NA,NA
"2863","800151",NA,"resources/real_fg_memory_images/fg19.jpg",NA,"artificial","Neutral","[""neutral_button""]","10",NA,NA,NA,NA
"2864","800151",NA,"resources/real_fg_memory_images/orig8.jpg",NA,"real","Scam","[""scam_button""]","10",NA,NA,NA,NA
"2865","800151",NA,NA,NA,NA,NA,NA,NA,NA,NA,NA,NA
"2866","800151",8,"resources/real_fg_memory_images/fg24.jpg","artificial",NA,NA,NA,NA,NA,NA,NA,NA
"2867","800151",8,"resources/real_fg_memory_images/orig11.jpg","real",NA,NA,NA,NA,NA,NA,NA,NA
"2868","800151",8,"resources/real_fg_memory_images/fg22.jpg","artificial",NA,NA,NA,NA,NA,NA,NA,NA
"2869","800151",8,"resources/real_fg_memory_images/orig2.jpg","real",NA,NA,NA,NA,NA,NA,NA,NA
"2870","800151",8,"resources/real_fg_memory_images/orig9.jpg","real",NA,NA,NA,NA,NA,NA,NA,NA
"2871","800151",4,"resources/real_fg_memory_images/fg27.jpg","artificial",NA,NA,NA,NA,NA,NA,NA,NA
"2872","800151",8,"resources/real_fg_memory_images/orig16.jpg","real",NA,NA,NA,NA,NA,NA,NA,NA
"2873","800151",9,"resources/real_fg_memory_images/orig4.jpg","real",NA,NA,NA,NA,NA,NA,NA,NA
"2874","800151",9,"resources/real_fg_memory_images/fg26.jpg","artificial",NA,NA,NA,NA,NA,NA,NA,NA
"2875","800151",5,"resources/real_fg_memory_images/orig8.jpg","real",NA,NA,NA,NA,NA,NA,NA,NA
"2876","800151",7,"resources/real_fg_memory_images/orig17.jpg","real",NA,NA,NA,NA,NA,NA,NA,NA
"2877","800151",7,"resources/real_fg_memory_images/fg29.jpg","artificial",NA,NA,NA,NA,NA,NA,NA,NA
"2878","800151",7,"resources/real_fg_memory_images/orig18.jpg","real",NA,NA,NA,NA,NA,NA,NA,NA
"2879","800151",7,"resources/real_fg_memory_images/fg30.jpg","artificial",NA,NA,NA,NA,NA,NA,NA,NA
"2880","800151",6,"resources/real_fg_memory_images/orig12.jpg","real",NA,NA,NA,NA,NA,NA,NA,NA
"2881","800151",8,"resources/real_fg_memory_images/fg32.jpg","artificial",NA,NA,NA,NA,NA,NA,NA,NA
"2882","800151",7,"resources/real_fg_memory_images/orig3.jpg","real",NA,NA,NA,NA,NA,NA,NA,NA
"2883","800151",6,"resources/real_fg_memory_images/fg19.jpg","artificial",NA,NA,NA,NA,NA,NA,NA,NA
"2884","800151",7,"resources/real_fg_memory_images/fg33.jpg","artificial",NA,NA,NA,NA,NA,NA,NA,NA
"2885","800151",7,"resources/real_fg_memory_images/fg34.jpg","artificial",NA,NA,NA,NA,NA,NA,NA,NA
"2886","800151",5,"resources/real_fg_memory_images/fg31.jpg","artificial",NA,NA,NA,NA,NA,NA,NA,NA
"2887","800151",5,"resources/real_fg_memory_images/fg35.jpg","artificial",NA,NA,NA,NA,NA,NA,NA,NA
"2888","800151",5,"resources/real_fg_memory_images/fg23.jpg","artificial",NA,NA,NA,NA,NA,NA,NA,NA
"2889","800151",7,"resources/real_fg_memory_images/fg28.jpg","artificial",NA,NA,NA,NA,NA,NA,NA,NA
"2890","800151",7,"resources/real_fg_memory_images/orig15.jpg","real",NA,NA,NA,NA,NA,NA,NA,NA
"2891","800151",6,"resources/real_fg_memory_images/orig5.jpg","real",NA,NA,NA,NA,NA,NA,NA,NA
"2892","800151",7,"resources/real_fg_memory_images/orig13.jpg","real",NA,NA,NA,NA,NA,NA,NA,NA
"2893","800151",7,"resources/real_fg_memory_images/orig6.jpg","real",NA,NA,NA,NA,NA,NA,NA,NA
"2894","800151",7,"resources/real_fg_memory_images/orig7.jpg","real",NA,NA,NA,NA,NA,NA,NA,NA
"2895","800151",7,"resources/real_fg_memory_images/fg25.jpg","artificial",NA,NA,NA,NA,NA,NA,NA,NA
"2896","800151",8,"resources/real_fg_memory_images/fg36.jpg","artificial",NA,NA,NA,NA,NA,NA,NA,NA
"2897","800151",8,"resources/real_fg_memory_images/orig14.jpg","real",NA,NA,NA,NA,NA,NA,NA,NA
"2898","800151",4,"resources/real_fg_memory_images/fg20.jpg","artificial",NA,NA,NA,NA,NA,NA,NA,NA
"2899","800151",5,"resources/real_fg_memory_images/fg21.jpg","artificial",NA,NA,NA,NA,NA,NA,NA,NA
"2900","800151",7,"resources/real_fg_memory_images/orig1.jpg","real",NA,NA,NA,NA,NA,NA,NA,NA
"2901","800151",6,"resources/real_fg_memory_images/orig10.jpg","real",NA,NA,NA,NA,NA,NA,NA,NA
"2902","800151",NA,NA,NA,NA,NA,NA,NA,NA,NA,NA,NA
"2903","800151",NA,NA,NA,NA,NA,NA,NA,5,"If a telemarketer calls me, I usually listen to what they have to say",NA,NA
"2904","800151",NA,NA,NA,NA,NA,NA,NA,1,"I have difficulty ending a phone call, even if the caller is a telemarketer, someone I do not know, or someone I do not wish to call me",NA,NA
"2905","800151",NA,NA,NA,NA,NA,NA,NA,3,"I answer the phone whenever it rings, even if I do not know who is calling",NA,NA
"2906","800151",NA,NA,NA,NA,NA,NA,NA,5,"If something sounds too good to be true, it usually is",NA,NA
"2907","800151",NA,NA,NA,NA,NA,NA,NA,3,"Persons over the age of 65 are often targeted by con-artists",NA,NA
"2908","800151",NA,NA,NA,NA,NA,NA,NA,NA,NA,NA,NA
"2909","800151",NA,NA,NA,NA,NA,NA,NA,NA,NA,"[""male_option""]",NA
"2910","800151",NA,NA,NA,NA,NA,NA,NA,NA,NA,NA,NA
"2911","800151",NA,NA,NA,NA,NA,NA,NA,NA,NA,NA,NA
"2912","800151",NA,NA,NA,NA,NA,NA,NA,NA,NA,NA,NA
"2913","800151",NA,NA,NA,NA,NA,NA,NA,NA,NA,NA,NA
"2914","800151",NA,NA,NA,NA,NA,NA,NA,NA,NA,NA,NA
"2915","800151",NA,NA,NA,NA,NA,NA,NA,NA,NA,NA,NA
"2916","800151",NA,NA,NA,NA,NA,NA,NA,NA,NA,NA,NA
"2917","800151",NA,NA,NA,NA,NA,NA,NA,NA,NA,NA,NA
"2918","800151",NA,NA,NA,NA,NA,NA,NA,NA,NA,NA,NA
"2919","800151",NA,NA,NA,NA,NA,NA,NA,NA,NA,NA,NA
"2920","800151",NA,NA,NA,NA,NA,NA,NA,NA,NA,NA,NA
"2921","864828",NA,NA,NA,NA,NA,NA,NA,NA,NA,NA,NA
"2922","864828",NA,NA,NA,NA,NA,NA,NA,NA,NA,NA,NA
"2923","864828",NA,NA,NA,NA,NA,NA,NA,NA,NA,NA,NA
"2924","864828",NA,NA,NA,NA,NA,NA,NA,NA,NA,NA,NA
"2925","864828",5,"resources/real_fg_memory_images/fg35.jpg","artificial",NA,NA,NA,NA,NA,NA,NA,NA
"2926","864828",9,"resources/real_fg_memory_images/orig11.jpg","real",NA,NA,NA,NA,NA,NA,NA,NA
"2927","864828",6,"resources/real_fg_memory_images/fg25.jpg","artificial",NA,NA,NA,NA,NA,NA,NA,NA
"2928","864828",6,"resources/real_fg_memory_images/orig12.jpg","real",NA,NA,NA,NA,NA,NA,NA,NA
"2929","864828",5,"resources/real_fg_memory_images/fg23.jpg","artificial",NA,NA,NA,NA,NA,NA,NA,NA
"2930","864828",9,"resources/real_fg_memory_images/orig18.jpg","real",NA,NA,NA,NA,NA,NA,NA,NA
"2931","864828",6,"resources/real_fg_memory_images/orig9.jpg","real",NA,NA,NA,NA,NA,NA,NA,NA
"2932","864828",4,"resources/real_fg_memory_images/fg31.jpg","artificial",NA,NA,NA,NA,NA,NA,NA,NA
"2933","864828",4,"resources/real_fg_memory_images/orig7.jpg","real",NA,NA,NA,NA,NA,NA,NA,NA
"2934","864828",4,"resources/real_fg_memory_images/fg22.jpg","artificial",NA,NA,NA,NA,NA,NA,NA,NA
"2935","864828",5,"resources/real_fg_memory_images/fg34.jpg","artificial",NA,NA,NA,NA,NA,NA,NA,NA
"2936","864828",6,"resources/real_fg_memory_images/orig4.jpg","real",NA,NA,NA,NA,NA,NA,NA,NA
"2937","864828",5,"resources/real_fg_memory_images/fg30.jpg","artificial",NA,NA,NA,NA,NA,NA,NA,NA
"2938","864828",4,"resources/real_fg_memory_images/fg19.jpg","artificial",NA,NA,NA,NA,NA,NA,NA,NA
"2939","864828",5,"resources/real_fg_memory_images/orig15.jpg","real",NA,NA,NA,NA,NA,NA,NA,NA
"2940","864828",4,"resources/real_fg_memory_images/orig1.jpg","real",NA,NA,NA,NA,NA,NA,NA,NA
"2941","864828",3,"resources/real_fg_memory_images/fg24.jpg","artificial",NA,NA,NA,NA,NA,NA,NA,NA
"2942","864828",2,"resources/real_fg_memory_images/orig8.jpg","real",NA,NA,NA,NA,NA,NA,NA,NA
"2943","864828",3,"resources/real_fg_memory_images/fg29.jpg","artificial",NA,NA,NA,NA,NA,NA,NA,NA
"2944","864828",5,"resources/real_fg_memory_images/fg33.jpg","artificial",NA,NA,NA,NA,NA,NA,NA,NA
"2945","864828",5,"resources/real_fg_memory_images/orig17.jpg","real",NA,NA,NA,NA,NA,NA,NA,NA
"2946","864828",6,"resources/real_fg_memory_images/orig10.jpg","real",NA,NA,NA,NA,NA,NA,NA,NA
"2947","864828",4,"resources/real_fg_memory_images/fg27.jpg","artificial",NA,NA,NA,NA,NA,NA,NA,NA
"2948","864828",8,"resources/real_fg_memory_images/orig16.jpg","real",NA,NA,NA,NA,NA,NA,NA,NA
"2949","864828",6,"resources/real_fg_memory_images/fg32.jpg","artificial",NA,NA,NA,NA,NA,NA,NA,NA
"2950","864828",4,"resources/real_fg_memory_images/orig5.jpg","real",NA,NA,NA,NA,NA,NA,NA,NA
"2951","864828",7,"resources/real_fg_memory_images/fg28.jpg","artificial",NA,NA,NA,NA,NA,NA,NA,NA
"2952","864828",6,"resources/real_fg_memory_images/fg26.jpg","artificial",NA,NA,NA,NA,NA,NA,NA,NA
"2953","864828",4,"resources/real_fg_memory_images/orig13.jpg","real",NA,NA,NA,NA,NA,NA,NA,NA
"2954","864828",6,"resources/real_fg_memory_images/orig2.jpg","real",NA,NA,NA,NA,NA,NA,NA,NA
"2955","864828",3,"resources/real_fg_memory_images/fg20.jpg","artificial",NA,NA,NA,NA,NA,NA,NA,NA
"2956","864828",7,"resources/real_fg_memory_images/orig6.jpg","real",NA,NA,NA,NA,NA,NA,NA,NA
"2957","864828",6,"resources/real_fg_memory_images/orig14.jpg","real",NA,NA,NA,NA,NA,NA,NA,NA
"2958","864828",5,"resources/real_fg_memory_images/fg21.jpg","artificial",NA,NA,NA,NA,NA,NA,NA,NA
"2959","864828",4,"resources/real_fg_memory_images/fg36.jpg","artificial",NA,NA,NA,NA,NA,NA,NA,NA
"2960","864828",6,"resources/real_fg_memory_images/orig3.jpg","real",NA,NA,NA,NA,NA,NA,NA,NA
"2961","864828",NA,NA,NA,NA,NA,NA,NA,NA,NA,NA,NA
"2962","864828",NA,"resources/real_fg_memory_images/fg20.jpg",NA,"artificial","Neutral",NA,NA,NA,NA,NA,NA
"2963","864828",NA,"resources/real_fg_memory_images/fg29.jpg",NA,"artificial","Scam",NA,NA,NA,NA,NA,NA
"2964","864828",NA,"resources/real_fg_memory_images/orig5.jpg",NA,"real","Neutral",NA,NA,NA,NA,NA,NA
"2965","864828",NA,"resources/real_fg_memory_images/orig11.jpg",NA,"real","Scam",NA,NA,NA,NA,NA,NA
"2966","864828",NA,"resources/real_fg_memory_images/fg24.jpg",NA,"artificial","Neutral",NA,NA,NA,NA,NA,NA
"2967","864828",NA,"resources/real_fg_memory_images/orig7.jpg",NA,"real","Scam",NA,NA,NA,NA,NA,NA
"2968","864828",NA,"resources/real_fg_memory_images/fg21.jpg",NA,"artificial","Neutral",NA,NA,NA,NA,NA,NA
"2969","864828",NA,"resources/real_fg_memory_images/orig1.jpg",NA,"real","Neurtal",NA,NA,NA,NA,NA,NA
"2970","864828",NA,"resources/real_fg_memory_images/fg26.jpg",NA,"artificial","Scam",NA,NA,NA,NA,NA,NA
"2971","864828",NA,"resources/real_fg_memory_images/fg23.jpg",NA,"artificial","Neutral",NA,NA,NA,NA,NA,NA
"2972","864828",NA,"resources/real_fg_memory_images/orig10.jpg",NA,"real","Scam",NA,NA,NA,NA,NA,NA
"2973","864828",NA,"resources/real_fg_memory_images/fg27.jpg",NA,"artificial","Scam",NA,NA,NA,NA,NA,NA
"2974","864828",NA,"resources/real_fg_memory_images/orig12.jpg",NA,"real","Scam",NA,NA,NA,NA,NA,NA
"2975","864828",NA,"resources/real_fg_memory_images/orig9.jpg",NA,"real","Scam",NA,NA,NA,NA,NA,NA
"2976","864828",NA,"resources/real_fg_memory_images/fg28.jpg",NA,"artificial","Scam",NA,NA,NA,NA,NA,NA
"2977","864828",NA,"resources/real_fg_memory_images/fg19.jpg",NA,"artificial","Neutral",NA,NA,NA,NA,NA,NA
"2978","864828",NA,"resources/real_fg_memory_images/orig4.jpg",NA,"real","Neutral",NA,NA,NA,NA,NA,NA
"2979","864828",NA,"resources/real_fg_memory_images/orig6.jpg",NA,"real","Neutral",NA,NA,NA,NA,NA,NA
"2980","864828",NA,"resources/real_fg_memory_images/orig8.jpg",NA,"real","Scam",NA,NA,NA,NA,NA,NA
"2981","864828",NA,"resources/real_fg_memory_images/fg30.jpg",NA,"artificial","Scam",NA,NA,NA,NA,NA,NA
"2982","864828",NA,"resources/real_fg_memory_images/orig2.jpg",NA,"real","Neutral",NA,NA,NA,NA,NA,NA
"2983","864828",NA,"resources/real_fg_memory_images/fg22.jpg",NA,"artificial","Neutral",NA,NA,NA,NA,NA,NA
"2984","864828",NA,"resources/real_fg_memory_images/fg25.jpg",NA,"artificial","Scam",NA,NA,NA,NA,NA,NA
"2985","864828",NA,"resources/real_fg_memory_images/orig3.jpg",NA,"real","Neutral",NA,NA,NA,NA,NA,NA
"2986","864828",NA,NA,NA,NA,NA,NA,NA,NA,NA,NA,NA
"2987","864828",NA,"resources/real_fg_memory_images/orig5.jpg",NA,"real","Neutral","[""scam_button""]","6",NA,NA,NA,NA
"2988","864828",NA,"resources/real_fg_memory_images/orig12.jpg",NA,"real","Scam","[""neutral_button""]","10",NA,NA,NA,NA
"2989","864828",NA,"resources/real_fg_memory_images/orig4.jpg",NA,"real","Neutral","[""scam_button""]","8",NA,NA,NA,NA
"2990","864828",NA,"resources/real_fg_memory_images/fg25.jpg",NA,"artificial","Scam","[""scam_button""]","3",NA,NA,NA,NA
"2991","864828",NA,"resources/real_fg_memory_images/fg30.jpg",NA,"artificial","Scam","[""neutral_button""]","6",NA,NA,NA,NA
"2992","864828",NA,"resources/real_fg_memory_images/fg24.jpg",NA,"artificial","Neutral","[""scam_button""]","10",NA,NA,NA,NA
"2993","864828",NA,"resources/real_fg_memory_images/fg23.jpg",NA,"artificial","Neutral","[""scam_button""]","10",NA,NA,NA,NA
"2994","864828",NA,"resources/real_fg_memory_images/orig10.jpg",NA,"real","Scam","[""scam_button""]","10",NA,NA,NA,NA
"2995","864828",NA,"resources/real_fg_memory_images/orig1.jpg",NA,"real","Neurtal","[""scam_button""]","10",NA,NA,NA,NA
"2996","864828",NA,"resources/real_fg_memory_images/orig9.jpg",NA,"real","Scam","[""scam_button""]","10",NA,NA,NA,NA
"2997","864828",NA,"resources/real_fg_memory_images/fg27.jpg",NA,"artificial","Scam","[""scam_button""]","10",NA,NA,NA,NA
"2998","864828",NA,"resources/real_fg_memory_images/fg22.jpg",NA,"artificial","Neutral","[""neutral_button""]","5",NA,NA,NA,NA
"2999","864828",NA,"resources/real_fg_memory_images/fg19.jpg",NA,"artificial","Neutral","[""neutral_button""]","7",NA,NA,NA,NA
"3000","864828",NA,"resources/real_fg_memory_images/orig11.jpg",NA,"real","Scam","[""scam_button""]","10",NA,NA,NA,NA
"3001","864828",NA,"resources/real_fg_memory_images/orig8.jpg",NA,"real","Scam","[""scam_button""]","10",NA,NA,NA,NA
"3002","864828",NA,"resources/real_fg_memory_images/orig2.jpg",NA,"real","Neutral","[""scam_button""]","7",NA,NA,NA,NA
"3003","864828",NA,"resources/real_fg_memory_images/fg20.jpg",NA,"artificial","Neutral","[""scam_button""]","4",NA,NA,NA,NA
"3004","864828",NA,"resources/real_fg_memory_images/orig7.jpg",NA,"real","Scam","[""scam_button""]","10",NA,NA,NA,NA
"3005","864828",NA,"resources/real_fg_memory_images/fg21.jpg",NA,"artificial","Neutral","[""scam_button""]","8",NA,NA,NA,NA
"3006","864828",NA,"resources/real_fg_memory_images/fg26.jpg",NA,"artificial","Scam","[""scam_button""]","7",NA,NA,NA,NA
"3007","864828",NA,"resources/real_fg_memory_images/fg28.jpg",NA,"artificial","Scam","[""neutral_button""]","10",NA,NA,NA,NA
"3008","864828",NA,"resources/real_fg_memory_images/orig3.jpg",NA,"real","Neutral","[""scam_button""]","10",NA,NA,NA,NA
"3009","864828",NA,"resources/real_fg_memory_images/orig6.jpg",NA,"real","Neutral","[""scam_button""]","6",NA,NA,NA,NA
"3010","864828",NA,"resources/real_fg_memory_images/fg29.jpg",NA,"artificial","Scam","[""scam_button""]","4",NA,NA,NA,NA
"3011","864828",NA,NA,NA,NA,NA,NA,NA,NA,NA,NA,NA
"3012","864828",9,"resources/real_fg_memory_images/orig2.jpg","real",NA,NA,NA,NA,NA,NA,NA,NA
"3013","864828",8,"resources/real_fg_memory_images/fg20.jpg","artificial",NA,NA,NA,NA,NA,NA,NA,NA
"3014","864828",8,"resources/real_fg_memory_images/fg30.jpg","artificial",NA,NA,NA,NA,NA,NA,NA,NA
"3015","864828",7,"resources/real_fg_memory_images/fg27.jpg","artificial",NA,NA,NA,NA,NA,NA,NA,NA
"3016","864828",4,"resources/real_fg_memory_images/orig3.jpg","real",NA,NA,NA,NA,NA,NA,NA,NA
"3017","864828",5,"resources/real_fg_memory_images/orig10.jpg","real",NA,NA,NA,NA,NA,NA,NA,NA
"3018","864828",6,"resources/real_fg_memory_images/orig9.jpg","real",NA,NA,NA,NA,NA,NA,NA,NA
"3019","864828",5,"resources/real_fg_memory_images/orig1.jpg","real",NA,NA,NA,NA,NA,NA,NA,NA
"3020","864828",3,"resources/real_fg_memory_images/fg35.jpg","artificial",NA,NA,NA,NA,NA,NA,NA,NA
"3021","864828",5,"resources/real_fg_memory_images/fg26.jpg","artificial",NA,NA,NA,NA,NA,NA,NA,NA
"3022","864828",4,"resources/real_fg_memory_images/fg33.jpg","artificial",NA,NA,NA,NA,NA,NA,NA,NA
"3023","864828",9,"resources/real_fg_memory_images/orig16.jpg","real",NA,NA,NA,NA,NA,NA,NA,NA
"3024","864828",6,"resources/real_fg_memory_images/fg31.jpg","artificial",NA,NA,NA,NA,NA,NA,NA,NA
"3025","864828",8,"resources/real_fg_memory_images/orig11.jpg","real",NA,NA,NA,NA,NA,NA,NA,NA
"3026","864828",7,"resources/real_fg_memory_images/fg24.jpg","artificial",NA,NA,NA,NA,NA,NA,NA,NA
"3027","864828",10,"resources/real_fg_memory_images/orig18.jpg","real",NA,NA,NA,NA,NA,NA,NA,NA
"3028","864828",4,"resources/real_fg_memory_images/fg25.jpg","artificial",NA,NA,NA,NA,NA,NA,NA,NA
"3029","864828",7,"resources/real_fg_memory_images/fg19.jpg","artificial",NA,NA,NA,NA,NA,NA,NA,NA
"3030","864828",7,"resources/real_fg_memory_images/orig4.jpg","real",NA,NA,NA,NA,NA,NA,NA,NA
"3031","864828",6,"resources/real_fg_memory_images/orig15.jpg","real",NA,NA,NA,NA,NA,NA,NA,NA
"3032","864828",8,"resources/real_fg_memory_images/orig7.jpg","real",NA,NA,NA,NA,NA,NA,NA,NA
"3033","864828",5,"resources/real_fg_memory_images/fg32.jpg","artificial",NA,NA,NA,NA,NA,NA,NA,NA
"3034","864828",5,"resources/real_fg_memory_images/fg21.jpg","artificial",NA,NA,NA,NA,NA,NA,NA,NA
"3035","864828",7,"resources/real_fg_memory_images/fg34.jpg","artificial",NA,NA,NA,NA,NA,NA,NA,NA
"3036","864828",8,"resources/real_fg_memory_images/orig12.jpg","real",NA,NA,NA,NA,NA,NA,NA,NA
"3037","864828",7,"resources/real_fg_memory_images/orig6.jpg","real",NA,NA,NA,NA,NA,NA,NA,NA
"3038","864828",2,"resources/real_fg_memory_images/orig8.jpg","real",NA,NA,NA,NA,NA,NA,NA,NA
"3039","864828",3,"resources/real_fg_memory_images/fg29.jpg","artificial",NA,NA,NA,NA,NA,NA,NA,NA
"3040","864828",7,"resources/real_fg_memory_images/orig14.jpg","real",NA,NA,NA,NA,NA,NA,NA,NA
"3041","864828",6,"resources/real_fg_memory_images/orig17.jpg","real",NA,NA,NA,NA,NA,NA,NA,NA
"3042","864828",4,"resources/real_fg_memory_images/fg23.jpg","artificial",NA,NA,NA,NA,NA,NA,NA,NA
"3043","864828",4,"resources/real_fg_memory_images/fg22.jpg","artificial",NA,NA,NA,NA,NA,NA,NA,NA
"3044","864828",5,"resources/real_fg_memory_images/orig13.jpg","real",NA,NA,NA,NA,NA,NA,NA,NA
"3045","864828",5,"resources/real_fg_memory_images/fg36.jpg","artificial",NA,NA,NA,NA,NA,NA,NA,NA
"3046","864828",3,"resources/real_fg_memory_images/orig5.jpg","real",NA,NA,NA,NA,NA,NA,NA,NA
"3047","864828",9,"resources/real_fg_memory_images/fg28.jpg","artificial",NA,NA,NA,NA,NA,NA,NA,NA
"3048","864828",NA,NA,NA,NA,NA,NA,NA,NA,NA,NA,NA
"3049","864828",NA,NA,NA,NA,NA,NA,NA,5,"I answer the phone whenever it rings, even if I do not know who is calling",NA,NA
"3050","864828",NA,NA,NA,NA,NA,NA,NA,2,"If something sounds too good to be true, it usually is",NA,NA
"3051","864828",NA,NA,NA,NA,NA,NA,NA,2,"If a telemarketer calls me, I usually listen to what they have to say",NA,NA
"3052","864828",NA,NA,NA,NA,NA,NA,NA,1,"I have difficulty ending a phone call, even if the caller is a telemarketer, someone I do not know, or someone I do not wish to call me",NA,NA
"3053","864828",NA,NA,NA,NA,NA,NA,NA,3,"Persons over the age of 65 are often targeted by con-artists",NA,NA
"3054","864828",NA,NA,NA,NA,NA,NA,NA,NA,NA,NA,NA
"3055","864828",NA,NA,NA,NA,NA,NA,NA,NA,NA,"[""male_option""]",NA
"3056","864828",NA,NA,NA,NA,NA,NA,NA,NA,NA,NA,81
"3057","864828",NA,NA,NA,NA,NA,NA,NA,NA,NA,NA,NA
"3058","864828",NA,NA,NA,NA,NA,NA,NA,NA,NA,NA,NA
"3059","864828",NA,NA,NA,NA,NA,NA,NA,NA,NA,NA,NA
"3060","864828",NA,NA,NA,NA,NA,NA,NA,NA,NA,NA,NA
"3061","864828",NA,NA,NA,NA,NA,NA,NA,NA,NA,NA,NA
"3062","864828",NA,NA,NA,NA,NA,NA,NA,NA,NA,NA,NA
"3063","864828",NA,NA,NA,NA,NA,NA,NA,NA,NA,NA,NA
"3064","864828",NA,NA,NA,NA,NA,NA,NA,NA,NA,NA,NA
"3065","864828",NA,NA,NA,NA,NA,NA,NA,NA,NA,NA,NA
"3066","864828",NA,NA,NA,NA,NA,NA,NA,NA,NA,NA,NA
"3067","883897",NA,NA,NA,NA,NA,NA,NA,NA,NA,NA,NA
"3068","883897",NA,NA,NA,NA,NA,NA,NA,NA,NA,NA,NA
"3069","883897",NA,NA,NA,NA,NA,NA,NA,NA,NA,NA,NA
"3070","883897",NA,NA,NA,NA,NA,NA,NA,NA,NA,NA,NA
"3071","883897",2,"resources/real_fg_memory_images/fg28.jpg","artificial",NA,NA,NA,NA,NA,NA,NA,NA
"3072","883897",8,"resources/real_fg_memory_images/fg29.jpg","artificial",NA,NA,NA,NA,NA,NA,NA,NA
"3073","883897",5,"resources/real_fg_memory_images/orig17.jpg","real",NA,NA,NA,NA,NA,NA,NA,NA
"3074","883897",3,"resources/real_fg_memory_images/fg25.jpg","artificial",NA,NA,NA,NA,NA,NA,NA,NA
"3075","883897",8,"resources/real_fg_memory_images/fg31.jpg","artificial",NA,NA,NA,NA,NA,NA,NA,NA
"3076","883897",8,"resources/real_fg_memory_images/orig5.jpg","real",NA,NA,NA,NA,NA,NA,NA,NA
"3077","883897",9,"resources/real_fg_memory_images/fg30.jpg","artificial",NA,NA,NA,NA,NA,NA,NA,NA
"3078","883897",4,"resources/real_fg_memory_images/fg22.jpg","artificial",NA,NA,NA,NA,NA,NA,NA,NA
"3079","883897",8,"resources/real_fg_memory_images/orig11.jpg","real",NA,NA,NA,NA,NA,NA,NA,NA
"3080","883897",6,"resources/real_fg_memory_images/fg23.jpg","artificial",NA,NA,NA,NA,NA,NA,NA,NA
"3081","883897",8,"resources/real_fg_memory_images/fg34.jpg","artificial",NA,NA,NA,NA,NA,NA,NA,NA
"3082","883897",8,"resources/real_fg_memory_images/orig15.jpg","real",NA,NA,NA,NA,NA,NA,NA,NA
"3083","883897",5,"resources/real_fg_memory_images/orig10.jpg","real",NA,NA,NA,NA,NA,NA,NA,NA
"3084","883897",4,"resources/real_fg_memory_images/fg27.jpg","artificial",NA,NA,NA,NA,NA,NA,NA,NA
"3085","883897",4,"resources/real_fg_memory_images/orig6.jpg","real",NA,NA,NA,NA,NA,NA,NA,NA
"3086","883897",8,"resources/real_fg_memory_images/fg33.jpg","artificial",NA,NA,NA,NA,NA,NA,NA,NA
"3087","883897",7,"resources/real_fg_memory_images/orig9.jpg","real",NA,NA,NA,NA,NA,NA,NA,NA
"3088","883897",7,"resources/real_fg_memory_images/fg35.jpg","artificial",NA,NA,NA,NA,NA,NA,NA,NA
"3089","883897",6,"resources/real_fg_memory_images/orig13.jpg","real",NA,NA,NA,NA,NA,NA,NA,NA
"3090","883897",8,"resources/real_fg_memory_images/orig3.jpg","real",NA,NA,NA,NA,NA,NA,NA,NA
"3091","883897",7,"resources/real_fg_memory_images/orig4.jpg","real",NA,NA,NA,NA,NA,NA,NA,NA
"3092","883897",9,"resources/real_fg_memory_images/orig12.jpg","real",NA,NA,NA,NA,NA,NA,NA,NA
"3093","883897",8,"resources/real_fg_memory_images/orig2.jpg","real",NA,NA,NA,NA,NA,NA,NA,NA
"3094","883897",7,"resources/real_fg_memory_images/orig7.jpg","real",NA,NA,NA,NA,NA,NA,NA,NA
"3095","883897",7,"resources/real_fg_memory_images/fg21.jpg","artificial",NA,NA,NA,NA,NA,NA,NA,NA
"3096","883897",8,"resources/real_fg_memory_images/fg19.jpg","artificial",NA,NA,NA,NA,NA,NA,NA,NA
"3097","883897",7,"resources/real_fg_memory_images/orig1.jpg","real",NA,NA,NA,NA,NA,NA,NA,NA
"3098","883897",6,"resources/real_fg_memory_images/fg26.jpg","artificial",NA,NA,NA,NA,NA,NA,NA,NA
"3099","883897",7,"resources/real_fg_memory_images/fg20.jpg","artificial",NA,NA,NA,NA,NA,NA,NA,NA
"3100","883897",8,"resources/real_fg_memory_images/fg24.jpg","artificial",NA,NA,NA,NA,NA,NA,NA,NA
"3101","883897",7,"resources/real_fg_memory_images/orig8.jpg","real",NA,NA,NA,NA,NA,NA,NA,NA
"3102","883897",7,"resources/real_fg_memory_images/orig16.jpg","real",NA,NA,NA,NA,NA,NA,NA,NA
"3103","883897",4,"resources/real_fg_memory_images/orig14.jpg","real",NA,NA,NA,NA,NA,NA,NA,NA
"3104","883897",1,"resources/real_fg_memory_images/fg32.jpg","artificial",NA,NA,NA,NA,NA,NA,NA,NA
"3105","883897",7,"resources/real_fg_memory_images/fg36.jpg","artificial",NA,NA,NA,NA,NA,NA,NA,NA
"3106","883897",4,"resources/real_fg_memory_images/orig18.jpg","real",NA,NA,NA,NA,NA,NA,NA,NA
"3107","883897",NA,NA,NA,NA,NA,NA,NA,NA,NA,NA,NA
"3108","883897",NA,"resources/real_fg_memory_images/orig2.jpg",NA,"real","Neutral",NA,NA,NA,NA,NA,NA
"3109","883897",NA,"resources/real_fg_memory_images/orig9.jpg",NA,"real","Scam",NA,NA,NA,NA,NA,NA
"3110","883897",NA,"resources/real_fg_memory_images/fg21.jpg",NA,"artificial","Neutral",NA,NA,NA,NA,NA,NA
"3111","883897",NA,"resources/real_fg_memory_images/orig5.jpg",NA,"real","Neutral",NA,NA,NA,NA,NA,NA
"3112","883897",NA,"resources/real_fg_memory_images/fg28.jpg",NA,"artificial","Scam",NA,NA,NA,NA,NA,NA
"3113","883897",NA,"resources/real_fg_memory_images/orig12.jpg",NA,"real","Scam",NA,NA,NA,NA,NA,NA
"3114","883897",NA,"resources/real_fg_memory_images/fg25.jpg",NA,"artificial","Scam",NA,NA,NA,NA,NA,NA
"3115","883897",NA,"resources/real_fg_memory_images/fg23.jpg",NA,"artificial","Neutral",NA,NA,NA,NA,NA,NA
"3116","883897",NA,"resources/real_fg_memory_images/orig6.jpg",NA,"real","Neutral",NA,NA,NA,NA,NA,NA
"3117","883897",NA,"resources/real_fg_memory_images/orig3.jpg",NA,"real","Neutral",NA,NA,NA,NA,NA,NA
"3118","883897",NA,"resources/real_fg_memory_images/fg22.jpg",NA,"artificial","Neutral",NA,NA,NA,NA,NA,NA
"3119","883897",NA,"resources/real_fg_memory_images/fg27.jpg",NA,"artificial","Scam",NA,NA,NA,NA,NA,NA
"3120","883897",NA,"resources/real_fg_memory_images/orig10.jpg",NA,"real","Scam",NA,NA,NA,NA,NA,NA
"3121","883897",NA,"resources/real_fg_memory_images/orig1.jpg",NA,"real","Neurtal",NA,NA,NA,NA,NA,NA
"3122","883897",NA,"resources/real_fg_memory_images/fg20.jpg",NA,"artificial","Neutral",NA,NA,NA,NA,NA,NA
"3123","883897",NA,"resources/real_fg_memory_images/fg29.jpg",NA,"artificial","Scam",NA,NA,NA,NA,NA,NA
"3124","883897",NA,"resources/real_fg_memory_images/fg24.jpg",NA,"artificial","Neutral",NA,NA,NA,NA,NA,NA
"3125","883897",NA,"resources/real_fg_memory_images/orig4.jpg",NA,"real","Neutral",NA,NA,NA,NA,NA,NA
"3126","883897",NA,"resources/real_fg_memory_images/fg26.jpg",NA,"artificial","Scam",NA,NA,NA,NA,NA,NA
"3127","883897",NA,"resources/real_fg_memory_images/orig7.jpg",NA,"real","Scam",NA,NA,NA,NA,NA,NA
"3128","883897",NA,"resources/real_fg_memory_images/orig11.jpg",NA,"real","Scam",NA,NA,NA,NA,NA,NA
"3129","883897",NA,"resources/real_fg_memory_images/fg30.jpg",NA,"artificial","Scam",NA,NA,NA,NA,NA,NA
"3130","883897",NA,"resources/real_fg_memory_images/fg19.jpg",NA,"artificial","Neutral",NA,NA,NA,NA,NA,NA
"3131","883897",NA,"resources/real_fg_memory_images/orig8.jpg",NA,"real","Scam",NA,NA,NA,NA,NA,NA
"3132","883897",NA,NA,NA,NA,NA,NA,NA,NA,NA,NA,NA
"3133","883897",NA,"resources/real_fg_memory_images/orig12.jpg",NA,"real","Scam","[""scam_button""]","7",NA,NA,NA,NA
"3134","883897",NA,"resources/real_fg_memory_images/fg23.jpg",NA,"artificial","Neutral","[""scam_button""]","10",NA,NA,NA,NA
"3135","883897",NA,"resources/real_fg_memory_images/fg24.jpg",NA,"artificial","Neutral","[""scam_button""]","10",NA,NA,NA,NA
"3136","883897",NA,"resources/real_fg_memory_images/orig2.jpg",NA,"real","Neutral","[""neutral_button""]","10",NA,NA,NA,NA
"3137","883897",NA,"resources/real_fg_memory_images/orig10.jpg",NA,"real","Scam","[""scam_button""]","10",NA,NA,NA,NA
"3138","883897",NA,"resources/real_fg_memory_images/orig6.jpg",NA,"real","Neutral","[""neutral_button""]","8",NA,NA,NA,NA
"3139","883897",NA,"resources/real_fg_memory_images/fg29.jpg",NA,"artificial","Scam","[""scam_button""]","10",NA,NA,NA,NA
"3140","883897",NA,"resources/real_fg_memory_images/orig3.jpg",NA,"real","Neutral","[""scam_button""]","7",NA,NA,NA,NA
"3141","883897",NA,"resources/real_fg_memory_images/orig8.jpg",NA,"real","Scam","[""neutral_button""]","10",NA,NA,NA,NA
"3142","883897",NA,"resources/real_fg_memory_images/fg26.jpg",NA,"artificial","Scam","[""scam_button""]","10",NA,NA,NA,NA
"3143","883897",NA,"resources/real_fg_memory_images/fg27.jpg",NA,"artificial","Scam","[""neutral_button""]","8",NA,NA,NA,NA
"3144","883897",NA,"resources/real_fg_memory_images/orig11.jpg",NA,"real","Scam","[""neutral_button""]","9",NA,NA,NA,NA
"3145","883897",NA,"resources/real_fg_memory_images/orig9.jpg",NA,"real","Scam","[""neutral_button""]","9",NA,NA,NA,NA
"3146","883897",NA,"resources/real_fg_memory_images/fg19.jpg",NA,"artificial","Neutral","[""scam_button""]","9",NA,NA,NA,NA
"3147","883897",NA,"resources/real_fg_memory_images/orig7.jpg",NA,"real","Scam","[""scam_button""]","9",NA,NA,NA,NA
"3148","883897",NA,"resources/real_fg_memory_images/orig1.jpg",NA,"real","Neurtal","[""neutral_button""]","9",NA,NA,NA,NA
"3149","883897",NA,"resources/real_fg_memory_images/orig4.jpg",NA,"real","Neutral","[""neutral_button""]","8",NA,NA,NA,NA
"3150","883897",NA,"resources/real_fg_memory_images/fg30.jpg",NA,"artificial","Scam","[""neutral_button""]","8",NA,NA,NA,NA
"3151","883897",NA,"resources/real_fg_memory_images/fg25.jpg",NA,"artificial","Scam","[""neutral_button""]","9",NA,NA,NA,NA
"3152","883897",NA,"resources/real_fg_memory_images/orig5.jpg",NA,"real","Neutral","[""neutral_button""]","9",NA,NA,NA,NA
"3153","883897",NA,"resources/real_fg_memory_images/fg21.jpg",NA,"artificial","Neutral","[""neutral_button""]","8",NA,NA,NA,NA
"3154","883897",NA,"resources/real_fg_memory_images/fg22.jpg",NA,"artificial","Neutral","[""scam_button""]","8",NA,NA,NA,NA
"3155","883897",NA,"resources/real_fg_memory_images/fg28.jpg",NA,"artificial","Scam","[""scam_button""]","9",NA,NA,NA,NA
"3156","883897",NA,"resources/real_fg_memory_images/fg20.jpg",NA,"artificial","Neutral","[""scam_button""]","7",NA,NA,NA,NA
"3157","883897",NA,NA,NA,NA,NA,NA,NA,NA,NA,NA,NA
"3158","883897",3,"resources/real_fg_memory_images/fg30.jpg","artificial",NA,NA,NA,NA,NA,NA,NA,NA
"3159","883897",8,"resources/real_fg_memory_images/orig16.jpg","real",NA,NA,NA,NA,NA,NA,NA,NA
"3160","883897",8,"resources/real_fg_memory_images/orig6.jpg","real",NA,NA,NA,NA,NA,NA,NA,NA
"3161","883897",8,"resources/real_fg_memory_images/fg22.jpg","artificial",NA,NA,NA,NA,NA,NA,NA,NA
"3162","883897",9,"resources/real_fg_memory_images/orig9.jpg","real",NA,NA,NA,NA,NA,NA,NA,NA
"3163","883897",6,"resources/real_fg_memory_images/fg19.jpg","artificial",NA,NA,NA,NA,NA,NA,NA,NA
"3164","883897",2,"resources/real_fg_memory_images/fg35.jpg","artificial",NA,NA,NA,NA,NA,NA,NA,NA
"3165","883897",8,"resources/real_fg_memory_images/orig10.jpg","real",NA,NA,NA,NA,NA,NA,NA,NA
"3166","883897",1,"resources/real_fg_memory_images/fg23.jpg","artificial",NA,NA,NA,NA,NA,NA,NA,NA
"3167","883897",7,"resources/real_fg_memory_images/orig4.jpg","real",NA,NA,NA,NA,NA,NA,NA,NA
"3168","883897",9,"resources/real_fg_memory_images/orig15.jpg","real",NA,NA,NA,NA,NA,NA,NA,NA
"3169","883897",2,"resources/real_fg_memory_images/fg32.jpg","artificial",NA,NA,NA,NA,NA,NA,NA,NA
"3170","883897",4,"resources/real_fg_memory_images/fg21.jpg","artificial",NA,NA,NA,NA,NA,NA,NA,NA
"3171","883897",6,"resources/real_fg_memory_images/orig11.jpg","real",NA,NA,NA,NA,NA,NA,NA,NA
"3172","883897",7,"resources/real_fg_memory_images/fg36.jpg","artificial",NA,NA,NA,NA,NA,NA,NA,NA
"3173","883897",6,"resources/real_fg_memory_images/fg34.jpg","artificial",NA,NA,NA,NA,NA,NA,NA,NA
"3174","883897",7,"resources/real_fg_memory_images/fg33.jpg","artificial",NA,NA,NA,NA,NA,NA,NA,NA
"3175","883897",6,"resources/real_fg_memory_images/fg20.jpg","artificial",NA,NA,NA,NA,NA,NA,NA,NA
"3176","883897",7,"resources/real_fg_memory_images/fg24.jpg","artificial",NA,NA,NA,NA,NA,NA,NA,NA
"3177","883897",7,"resources/real_fg_memory_images/orig5.jpg","real",NA,NA,NA,NA,NA,NA,NA,NA
"3178","883897",7,"resources/real_fg_memory_images/fg25.jpg","artificial",NA,NA,NA,NA,NA,NA,NA,NA
"3179","883897",7,"resources/real_fg_memory_images/fg31.jpg","artificial",NA,NA,NA,NA,NA,NA,NA,NA
"3180","883897",3,"resources/real_fg_memory_images/orig17.jpg","real",NA,NA,NA,NA,NA,NA,NA,NA
"3181","883897",8,"resources/real_fg_memory_images/orig12.jpg","real",NA,NA,NA,NA,NA,NA,NA,NA
"3182","883897",8,"resources/real_fg_memory_images/orig7.jpg","real",NA,NA,NA,NA,NA,NA,NA,NA
"3183","883897",7,"resources/real_fg_memory_images/fg29.jpg","artificial",NA,NA,NA,NA,NA,NA,NA,NA
"3184","883897",1,"resources/real_fg_memory_images/fg26.jpg","artificial",NA,NA,NA,NA,NA,NA,NA,NA
"3185","883897",3,"resources/real_fg_memory_images/orig2.jpg","real",NA,NA,NA,NA,NA,NA,NA,NA
"3186","883897",7,"resources/real_fg_memory_images/orig8.jpg","real",NA,NA,NA,NA,NA,NA,NA,NA
"3187","883897",3,"resources/real_fg_memory_images/orig1.jpg","real",NA,NA,NA,NA,NA,NA,NA,NA
"3188","883897",1,"resources/real_fg_memory_images/fg27.jpg","artificial",NA,NA,NA,NA,NA,NA,NA,NA
"3189","883897",3,"resources/real_fg_memory_images/orig14.jpg","real",NA,NA,NA,NA,NA,NA,NA,NA
"3190","883897",1,"resources/real_fg_memory_images/fg28.jpg","artificial",NA,NA,NA,NA,NA,NA,NA,NA
"3191","883897",7,"resources/real_fg_memory_images/orig3.jpg","real",NA,NA,NA,NA,NA,NA,NA,NA
"3192","883897",1,"resources/real_fg_memory_images/orig18.jpg","real",NA,NA,NA,NA,NA,NA,NA,NA
"3193","883897",3,"resources/real_fg_memory_images/orig13.jpg","real",NA,NA,NA,NA,NA,NA,NA,NA
"3194","883897",NA,NA,NA,NA,NA,NA,NA,NA,NA,NA,NA
"3195","883897",NA,NA,NA,NA,NA,NA,NA,4,"If a telemarketer calls me, I usually listen to what they have to say",NA,NA
"3196","883897",NA,NA,NA,NA,NA,NA,NA,2,"I have difficulty ending a phone call, even if the caller is a telemarketer, someone I do not know, or someone I do not wish to call me",NA,NA
"3197","883897",NA,NA,NA,NA,NA,NA,NA,5,"I answer the phone whenever it rings, even if I do not know who is calling",NA,NA
"3198","883897",NA,NA,NA,NA,NA,NA,NA,5,"If something sounds too good to be true, it usually is",NA,NA
"3199","883897",NA,NA,NA,NA,NA,NA,NA,5,"Persons over the age of 65 are often targeted by con-artists",NA,NA
"3200","883897",NA,NA,NA,NA,NA,NA,NA,NA,NA,NA,NA
"3201","883897",NA,NA,NA,NA,NA,NA,NA,NA,NA,"[""female_option""]",NA
"3202","883897",NA,NA,NA,NA,NA,NA,NA,NA,NA,NA,70
"3203","883897",NA,NA,NA,NA,NA,NA,NA,NA,NA,NA,NA
"3204","883897",NA,NA,NA,NA,NA,NA,NA,NA,NA,NA,NA
"3205","883897",NA,NA,NA,NA,NA,NA,NA,NA,NA,NA,NA
"3206","883897",NA,NA,NA,NA,NA,NA,NA,NA,NA,NA,NA
"3207","883897",NA,NA,NA,NA,NA,NA,NA,NA,NA,NA,NA
"3208","883897",NA,NA,NA,NA,NA,NA,NA,NA,NA,NA,NA
"3209","883897",NA,NA,NA,NA,NA,NA,NA,NA,NA,NA,NA
"3210","883897",NA,NA,NA,NA,NA,NA,NA,NA,NA,NA,NA
"3211","883897",NA,NA,NA,NA,NA,NA,NA,NA,NA,NA,NA
"3212","883897",NA,NA,NA,NA,NA,NA,NA,NA,NA,NA,NA
"3213","974705",NA,NA,NA,NA,NA,NA,NA,NA,NA,NA,NA
"3214","974705",NA,NA,NA,NA,NA,NA,NA,NA,NA,NA,NA
"3215","974705",NA,NA,NA,NA,NA,NA,NA,NA,NA,NA,NA
"3216","974705",NA,NA,NA,NA,NA,NA,NA,NA,NA,NA,NA
"3217","974705",6,"resources/real_fg_memory_images/fg32.jpg","artificial",NA,NA,NA,NA,NA,NA,NA,NA
"3218","974705",7,"resources/real_fg_memory_images/orig18.jpg","real",NA,NA,NA,NA,NA,NA,NA,NA
"3219","974705",4,"resources/real_fg_memory_images/orig13.jpg","real",NA,NA,NA,NA,NA,NA,NA,NA
"3220","974705",4,"resources/real_fg_memory_images/fg30.jpg","artificial",NA,NA,NA,NA,NA,NA,NA,NA
"3221","974705",3,"resources/real_fg_memory_images/fg35.jpg","artificial",NA,NA,NA,NA,NA,NA,NA,NA
"3222","974705",3,"resources/real_fg_memory_images/fg20.jpg","artificial",NA,NA,NA,NA,NA,NA,NA,NA
"3223","974705",2,"resources/real_fg_memory_images/orig10.jpg","real",NA,NA,NA,NA,NA,NA,NA,NA
"3224","974705",4,"resources/real_fg_memory_images/fg23.jpg","artificial",NA,NA,NA,NA,NA,NA,NA,NA
"3225","974705",4,"resources/real_fg_memory_images/fg25.jpg","artificial",NA,NA,NA,NA,NA,NA,NA,NA
"3226","974705",6,"resources/real_fg_memory_images/fg34.jpg","artificial",NA,NA,NA,NA,NA,NA,NA,NA
"3227","974705",3,"resources/real_fg_memory_images/orig1.jpg","real",NA,NA,NA,NA,NA,NA,NA,NA
"3228","974705",2,"resources/real_fg_memory_images/orig5.jpg","real",NA,NA,NA,NA,NA,NA,NA,NA
"3229","974705",4,"resources/real_fg_memory_images/orig17.jpg","real",NA,NA,NA,NA,NA,NA,NA,NA
"3230","974705",5,"resources/real_fg_memory_images/fg33.jpg","artificial",NA,NA,NA,NA,NA,NA,NA,NA
"3231","974705",5,"resources/real_fg_memory_images/fg27.jpg","artificial",NA,NA,NA,NA,NA,NA,NA,NA
"3232","974705",4,"resources/real_fg_memory_images/fg19.jpg","artificial",NA,NA,NA,NA,NA,NA,NA,NA
"3233","974705",5,"resources/real_fg_memory_images/orig14.jpg","real",NA,NA,NA,NA,NA,NA,NA,NA
"3234","974705",4,"resources/real_fg_memory_images/fg29.jpg","artificial",NA,NA,NA,NA,NA,NA,NA,NA
"3235","974705",4,"resources/real_fg_memory_images/fg24.jpg","artificial",NA,NA,NA,NA,NA,NA,NA,NA
"3236","974705",3,"resources/real_fg_memory_images/orig12.jpg","real",NA,NA,NA,NA,NA,NA,NA,NA
"3237","974705",3,"resources/real_fg_memory_images/orig8.jpg","real",NA,NA,NA,NA,NA,NA,NA,NA
"3238","974705",6,"resources/real_fg_memory_images/orig16.jpg","real",NA,NA,NA,NA,NA,NA,NA,NA
"3239","974705",4,"resources/real_fg_memory_images/orig7.jpg","real",NA,NA,NA,NA,NA,NA,NA,NA
"3240","974705",5,"resources/real_fg_memory_images/orig11.jpg","real",NA,NA,NA,NA,NA,NA,NA,NA
"3241","974705",4,"resources/real_fg_memory_images/fg31.jpg","artificial",NA,NA,NA,NA,NA,NA,NA,NA
"3242","974705",5,"resources/real_fg_memory_images/fg22.jpg","artificial",NA,NA,NA,NA,NA,NA,NA,NA
"3243","974705",5,"resources/real_fg_memory_images/fg26.jpg","artificial",NA,NA,NA,NA,NA,NA,NA,NA
"3244","974705",5,"resources/real_fg_memory_images/fg28.jpg","artificial",NA,NA,NA,NA,NA,NA,NA,NA
"3245","974705",3,"resources/real_fg_memory_images/fg21.jpg","artificial",NA,NA,NA,NA,NA,NA,NA,NA
"3246","974705",6,"resources/real_fg_memory_images/fg36.jpg","artificial",NA,NA,NA,NA,NA,NA,NA,NA
"3247","974705",4,"resources/real_fg_memory_images/orig9.jpg","real",NA,NA,NA,NA,NA,NA,NA,NA
"3248","974705",5,"resources/real_fg_memory_images/orig4.jpg","real",NA,NA,NA,NA,NA,NA,NA,NA
"3249","974705",3,"resources/real_fg_memory_images/orig3.jpg","real",NA,NA,NA,NA,NA,NA,NA,NA
"3250","974705",4,"resources/real_fg_memory_images/orig2.jpg","real",NA,NA,NA,NA,NA,NA,NA,NA
"3251","974705",5,"resources/real_fg_memory_images/orig6.jpg","real",NA,NA,NA,NA,NA,NA,NA,NA
"3252","974705",5,"resources/real_fg_memory_images/orig15.jpg","real",NA,NA,NA,NA,NA,NA,NA,NA
"3253","974705",NA,NA,NA,NA,NA,NA,NA,NA,NA,NA,NA
"3254","974705",NA,"resources/real_fg_memory_images/orig12.jpg",NA,"real","Scam",NA,NA,NA,NA,NA,NA
"3255","974705",NA,"resources/real_fg_memory_images/orig8.jpg",NA,"real","Scam",NA,NA,NA,NA,NA,NA
"3256","974705",NA,"resources/real_fg_memory_images/orig2.jpg",NA,"real","Neutral",NA,NA,NA,NA,NA,NA
"3257","974705",NA,"resources/real_fg_memory_images/fg21.jpg",NA,"artificial","Neutral",NA,NA,NA,NA,NA,NA
"3258","974705",NA,"resources/real_fg_memory_images/orig1.jpg",NA,"real","Neurtal",NA,NA,NA,NA,NA,NA
"3259","974705",NA,"resources/real_fg_memory_images/fg24.jpg",NA,"artificial","Neutral",NA,NA,NA,NA,NA,NA
"3260","974705",NA,"resources/real_fg_memory_images/fg19.jpg",NA,"artificial","Neutral",NA,NA,NA,NA,NA,NA
"3261","974705",NA,"resources/real_fg_memory_images/fg23.jpg",NA,"artificial","Neutral",NA,NA,NA,NA,NA,NA
"3262","974705",NA,"resources/real_fg_memory_images/orig7.jpg",NA,"real","Scam",NA,NA,NA,NA,NA,NA
"3263","974705",NA,"resources/real_fg_memory_images/orig3.jpg",NA,"real","Neutral",NA,NA,NA,NA,NA,NA
"3264","974705",NA,"resources/real_fg_memory_images/orig4.jpg",NA,"real","Neutral",NA,NA,NA,NA,NA,NA
"3265","974705",NA,"resources/real_fg_memory_images/orig11.jpg",NA,"real","Scam",NA,NA,NA,NA,NA,NA
"3266","974705",NA,"resources/real_fg_memory_images/orig9.jpg",NA,"real","Scam",NA,NA,NA,NA,NA,NA
"3267","974705",NA,"resources/real_fg_memory_images/orig5.jpg",NA,"real","Neutral",NA,NA,NA,NA,NA,NA
"3268","974705",NA,"resources/real_fg_memory_images/fg26.jpg",NA,"artificial","Scam",NA,NA,NA,NA,NA,NA
"3269","974705",NA,"resources/real_fg_memory_images/fg27.jpg",NA,"artificial","Scam",NA,NA,NA,NA,NA,NA
"3270","974705",NA,"resources/real_fg_memory_images/fg20.jpg",NA,"artificial","Neutral",NA,NA,NA,NA,NA,NA
"3271","974705",NA,"resources/real_fg_memory_images/orig10.jpg",NA,"real","Scam",NA,NA,NA,NA,NA,NA
"3272","974705",NA,"resources/real_fg_memory_images/fg22.jpg",NA,"artificial","Neutral",NA,NA,NA,NA,NA,NA
"3273","974705",NA,"resources/real_fg_memory_images/fg30.jpg",NA,"artificial","Scam",NA,NA,NA,NA,NA,NA
"3274","974705",NA,"resources/real_fg_memory_images/orig6.jpg",NA,"real","Neutral",NA,NA,NA,NA,NA,NA
"3275","974705",NA,"resources/real_fg_memory_images/fg29.jpg",NA,"artificial","Scam",NA,NA,NA,NA,NA,NA
"3276","974705",NA,"resources/real_fg_memory_images/fg25.jpg",NA,"artificial","Scam",NA,NA,NA,NA,NA,NA
"3277","974705",NA,"resources/real_fg_memory_images/fg28.jpg",NA,"artificial","Scam",NA,NA,NA,NA,NA,NA
"3278","974705",NA,NA,NA,NA,NA,NA,NA,NA,NA,NA,NA
"3279","974705",NA,"resources/real_fg_memory_images/orig7.jpg",NA,"real","Scam","[""neutral_button""]","6",NA,NA,NA,NA
"3280","974705",NA,"resources/real_fg_memory_images/orig11.jpg",NA,"real","Scam","[""neutral_button""]","6",NA,NA,NA,NA
"3281","974705",NA,"resources/real_fg_memory_images/fg28.jpg",NA,"artificial","Scam","[""neutral_button""]","6",NA,NA,NA,NA
"3282","974705",NA,"resources/real_fg_memory_images/fg23.jpg",NA,"artificial","Neutral","[""scam_button""]","7",NA,NA,NA,NA
"3283","974705",NA,"resources/real_fg_memory_images/orig10.jpg",NA,"real","Scam","[""neutral_button""]","5",NA,NA,NA,NA
"3284","974705",NA,"resources/real_fg_memory_images/fg21.jpg",NA,"artificial","Neutral","[""scam_button""]","7",NA,NA,NA,NA
"3285","974705",NA,"resources/real_fg_memory_images/orig3.jpg",NA,"real","Neutral","[""scam_button""]","7",NA,NA,NA,NA
"3286","974705",NA,"resources/real_fg_memory_images/orig5.jpg",NA,"real","Neutral","[""scam_button""]","7",NA,NA,NA,NA
"3287","974705",NA,"resources/real_fg_memory_images/fg29.jpg",NA,"artificial","Scam","[""scam_button""]","7",NA,NA,NA,NA
"3288","974705",NA,"resources/real_fg_memory_images/fg26.jpg",NA,"artificial","Scam","[""neutral_button""]","6",NA,NA,NA,NA
"3289","974705",NA,"resources/real_fg_memory_images/orig12.jpg",NA,"real","Scam","[""neutral_button""]","6",NA,NA,NA,NA
"3290","974705",NA,"resources/real_fg_memory_images/fg24.jpg",NA,"artificial","Neutral","[""neutral_button""]","7",NA,NA,NA,NA
"3291","974705",NA,"resources/real_fg_memory_images/fg27.jpg",NA,"artificial","Scam","[""scam_button""]","6",NA,NA,NA,NA
"3292","974705",NA,"resources/real_fg_memory_images/fg25.jpg",NA,"artificial","Scam","[""neutral_button""]","6",NA,NA,NA,NA
"3293","974705",NA,"resources/real_fg_memory_images/fg22.jpg",NA,"artificial","Neutral","[""neutral_button""]","5",NA,NA,NA,NA
"3294","974705",NA,"resources/real_fg_memory_images/fg20.jpg",NA,"artificial","Neutral","[""scam_button""]","5",NA,NA,NA,NA
"3295","974705",NA,"resources/real_fg_memory_images/orig8.jpg",NA,"real","Scam","[""scam_button""]","6",NA,NA,NA,NA
"3296","974705",NA,"resources/real_fg_memory_images/fg19.jpg",NA,"artificial","Neutral","[""scam_button""]","6",NA,NA,NA,NA
"3297","974705",NA,"resources/real_fg_memory_images/orig4.jpg",NA,"real","Neutral","[""neutral_button""]","6",NA,NA,NA,NA
"3298","974705",NA,"resources/real_fg_memory_images/orig6.jpg",NA,"real","Neutral","[""neutral_button""]","7",NA,NA,NA,NA
"3299","974705",NA,"resources/real_fg_memory_images/orig2.jpg",NA,"real","Neutral","[""neutral_button""]","7",NA,NA,NA,NA
"3300","974705",NA,"resources/real_fg_memory_images/orig1.jpg",NA,"real","Neurtal","[""scam_button""]","7",NA,NA,NA,NA
"3301","974705",NA,"resources/real_fg_memory_images/fg30.jpg",NA,"artificial","Scam","[""neutral_button""]","7",NA,NA,NA,NA
"3302","974705",NA,"resources/real_fg_memory_images/orig9.jpg",NA,"real","Scam","[""scam_button""]","6",NA,NA,NA,NA
"3303","974705",NA,NA,NA,NA,NA,NA,NA,NA,NA,NA,NA
"3304","974705",3,"resources/real_fg_memory_images/orig1.jpg","real",NA,NA,NA,NA,NA,NA,NA,NA
"3305","974705",4,"resources/real_fg_memory_images/orig15.jpg","real",NA,NA,NA,NA,NA,NA,NA,NA
"3306","974705",5,"resources/real_fg_memory_images/orig6.jpg","real",NA,NA,NA,NA,NA,NA,NA,NA
"3307","974705",6,"resources/real_fg_memory_images/orig2.jpg","real",NA,NA,NA,NA,NA,NA,NA,NA
"3308","974705",4,"resources/real_fg_memory_images/fg21.jpg","artificial",NA,NA,NA,NA,NA,NA,NA,NA
"3309","974705",4,"resources/real_fg_memory_images/fg25.jpg","artificial",NA,NA,NA,NA,NA,NA,NA,NA
"3310","974705",3,"resources/real_fg_memory_images/orig9.jpg","real",NA,NA,NA,NA,NA,NA,NA,NA
"3311","974705",7,"resources/real_fg_memory_images/orig16.jpg","real",NA,NA,NA,NA,NA,NA,NA,NA
"3312","974705",5,"resources/real_fg_memory_images/fg29.jpg","artificial",NA,NA,NA,NA,NA,NA,NA,NA
"3313","974705",3,"resources/real_fg_memory_images/fg27.jpg","artificial",NA,NA,NA,NA,NA,NA,NA,NA
"3314","974705",8,"resources/real_fg_memory_images/fg24.jpg","artificial",NA,NA,NA,NA,NA,NA,NA,NA
"3315","974705",7,"resources/real_fg_memory_images/orig11.jpg","real",NA,NA,NA,NA,NA,NA,NA,NA
"3316","974705",7,"resources/real_fg_memory_images/fg34.jpg","artificial",NA,NA,NA,NA,NA,NA,NA,NA
"3317","974705",6,"resources/real_fg_memory_images/fg19.jpg","artificial",NA,NA,NA,NA,NA,NA,NA,NA
"3318","974705",3,"resources/real_fg_memory_images/orig3.jpg","real",NA,NA,NA,NA,NA,NA,NA,NA
"3319","974705",3,"resources/real_fg_memory_images/fg31.jpg","artificial",NA,NA,NA,NA,NA,NA,NA,NA
"3320","974705",4,"resources/real_fg_memory_images/orig7.jpg","real",NA,NA,NA,NA,NA,NA,NA,NA
"3321","974705",4,"resources/real_fg_memory_images/fg26.jpg","artificial",NA,NA,NA,NA,NA,NA,NA,NA
"3322","974705",7,"resources/real_fg_memory_images/fg28.jpg","artificial",NA,NA,NA,NA,NA,NA,NA,NA
"3323","974705",7,"resources/real_fg_memory_images/orig14.jpg","real",NA,NA,NA,NA,NA,NA,NA,NA
"3324","974705",3,"resources/real_fg_memory_images/orig5.jpg","real",NA,NA,NA,NA,NA,NA,NA,NA
"3325","974705",6,"resources/real_fg_memory_images/orig8.jpg","real",NA,NA,NA,NA,NA,NA,NA,NA
"3326","974705",7,"resources/real_fg_memory_images/fg20.jpg","artificial",NA,NA,NA,NA,NA,NA,NA,NA
"3327","974705",6,"resources/real_fg_memory_images/orig13.jpg","real",NA,NA,NA,NA,NA,NA,NA,NA
"3328","974705",8,"resources/real_fg_memory_images/orig4.jpg","real",NA,NA,NA,NA,NA,NA,NA,NA
"3329","974705",8,"resources/real_fg_memory_images/fg32.jpg","artificial",NA,NA,NA,NA,NA,NA,NA,NA
"3330","974705",4,"resources/real_fg_memory_images/orig10.jpg","real",NA,NA,NA,NA,NA,NA,NA,NA
"3331","974705",6,"resources/real_fg_memory_images/orig17.jpg","real",NA,NA,NA,NA,NA,NA,NA,NA
"3332","974705",5,"resources/real_fg_memory_images/orig12.jpg","real",NA,NA,NA,NA,NA,NA,NA,NA
"3333","974705",5,"resources/real_fg_memory_images/fg36.jpg","artificial",NA,NA,NA,NA,NA,NA,NA,NA
"3334","974705",6,"resources/real_fg_memory_images/fg33.jpg","artificial",NA,NA,NA,NA,NA,NA,NA,NA
"3335","974705",7,"resources/real_fg_memory_images/fg22.jpg","artificial",NA,NA,NA,NA,NA,NA,NA,NA
"3336","974705",7,"resources/real_fg_memory_images/fg30.jpg","artificial",NA,NA,NA,NA,NA,NA,NA,NA
"3337","974705",7,"resources/real_fg_memory_images/orig18.jpg","real",NA,NA,NA,NA,NA,NA,NA,NA
"3338","974705",6,"resources/real_fg_memory_images/fg35.jpg","artificial",NA,NA,NA,NA,NA,NA,NA,NA
"3339","974705",5,"resources/real_fg_memory_images/fg23.jpg","artificial",NA,NA,NA,NA,NA,NA,NA,NA
"3340","974705",NA,NA,NA,NA,NA,NA,NA,NA,NA,NA,NA
"3341","974705",NA,NA,NA,NA,NA,NA,NA,4,"Persons over the age of 65 are often targeted by con-artists",NA,NA
"3342","974705",NA,NA,NA,NA,NA,NA,NA,3,"I have difficulty ending a phone call, even if the caller is a telemarketer, someone I do not know, or someone I do not wish to call me",NA,NA
"3343","974705",NA,NA,NA,NA,NA,NA,NA,2,"If a telemarketer calls me, I usually listen to what they have to say",NA,NA
"3344","974705",NA,NA,NA,NA,NA,NA,NA,2,"I answer the phone whenever it rings, even if I do not know who is calling",NA,NA
"3345","974705",NA,NA,NA,NA,NA,NA,NA,4,"If something sounds too good to be true, it usually is",NA,NA
"3346","974705",NA,NA,NA,NA,NA,NA,NA,NA,NA,NA,NA
"3347","974705",NA,NA,NA,NA,NA,NA,NA,NA,NA,"[""male_option""]",NA
"3348","974705",NA,NA,NA,NA,NA,NA,NA,NA,NA,NA,69
"3349","974705",NA,NA,NA,NA,NA,NA,NA,NA,NA,NA,NA
"3350","974705",NA,NA,NA,NA,NA,NA,NA,NA,NA,NA,NA
"3351","974705",NA,NA,NA,NA,NA,NA,NA,NA,NA,NA,NA
"3352","974705",NA,NA,NA,NA,NA,NA,NA,NA,NA,NA,NA
"3353","974705",NA,NA,NA,NA,NA,NA,NA,NA,NA,NA,NA
"3354","974705",NA,NA,NA,NA,NA,NA,NA,NA,NA,NA,NA
"3355","974705",NA,NA,NA,NA,NA,NA,NA,NA,NA,NA,NA
"3356","974705",NA,NA,NA,NA,NA,NA,NA,NA,NA,NA,NA
"3357","974705",NA,NA,NA,NA,NA,NA,NA,NA,NA,NA,NA
"3358","974705",NA,NA,NA,NA,NA,NA,NA,NA,NA,NA,NA
"3359","983001",NA,NA,NA,NA,NA,NA,NA,NA,NA,NA,NA
"3360","983001",NA,NA,NA,NA,NA,NA,NA,NA,NA,NA,NA
"3361","983001",NA,NA,NA,NA,NA,NA,NA,NA,NA,NA,NA
"3362","983001",NA,NA,NA,NA,NA,NA,NA,NA,NA,NA,NA
"3363","983001",9,"resources/real_fg_memory_images/orig15.jpg","real",NA,NA,NA,NA,NA,NA,NA,NA
"3364","983001",4,"resources/real_fg_memory_images/orig13.jpg","real",NA,NA,NA,NA,NA,NA,NA,NA
"3365","983001",8,"resources/real_fg_memory_images/orig16.jpg","real",NA,NA,NA,NA,NA,NA,NA,NA
"3366","983001",5,"resources/real_fg_memory_images/fg29.jpg","artificial",NA,NA,NA,NA,NA,NA,NA,NA
"3367","983001",6,"resources/real_fg_memory_images/fg32.jpg","artificial",NA,NA,NA,NA,NA,NA,NA,NA
"3368","983001",5,"resources/real_fg_memory_images/fg26.jpg","artificial",NA,NA,NA,NA,NA,NA,NA,NA
"3369","983001",3,"resources/real_fg_memory_images/orig1.jpg","real",NA,NA,NA,NA,NA,NA,NA,NA
"3370","983001",2,"resources/real_fg_memory_images/orig2.jpg","real",NA,NA,NA,NA,NA,NA,NA,NA
"3371","983001",8,"resources/real_fg_memory_images/fg33.jpg","artificial",NA,NA,NA,NA,NA,NA,NA,NA
"3372","983001",8,"resources/real_fg_memory_images/fg24.jpg","artificial",NA,NA,NA,NA,NA,NA,NA,NA
"3373","983001",4,"resources/real_fg_memory_images/fg27.jpg","artificial",NA,NA,NA,NA,NA,NA,NA,NA
"3374","983001",2,"resources/real_fg_memory_images/orig17.jpg","real",NA,NA,NA,NA,NA,NA,NA,NA
"3375","983001",5,"resources/real_fg_memory_images/orig14.jpg","real",NA,NA,NA,NA,NA,NA,NA,NA
"3376","983001",4,"resources/real_fg_memory_images/orig3.jpg","real",NA,NA,NA,NA,NA,NA,NA,NA
"3377","983001",6,"resources/real_fg_memory_images/fg31.jpg","artificial",NA,NA,NA,NA,NA,NA,NA,NA
"3378","983001",7,"resources/real_fg_memory_images/orig11.jpg","real",NA,NA,NA,NA,NA,NA,NA,NA
"3379","983001",3,"resources/real_fg_memory_images/orig8.jpg","real",NA,NA,NA,NA,NA,NA,NA,NA
"3380","983001",4,"resources/real_fg_memory_images/orig9.jpg","real",NA,NA,NA,NA,NA,NA,NA,NA
"3381","983001",7,"resources/real_fg_memory_images/fg36.jpg","artificial",NA,NA,NA,NA,NA,NA,NA,NA
"3382","983001",2,"resources/real_fg_memory_images/orig5.jpg","real",NA,NA,NA,NA,NA,NA,NA,NA
"3383","983001",3,"resources/real_fg_memory_images/orig7.jpg","real",NA,NA,NA,NA,NA,NA,NA,NA
"3384","983001",5,"resources/real_fg_memory_images/fg20.jpg","artificial",NA,NA,NA,NA,NA,NA,NA,NA
"3385","983001",3,"resources/real_fg_memory_images/fg21.jpg","artificial",NA,NA,NA,NA,NA,NA,NA,NA
"3386","983001",6,"resources/real_fg_memory_images/orig12.jpg","real",NA,NA,NA,NA,NA,NA,NA,NA
"3387","983001",1,"resources/real_fg_memory_images/fg35.jpg","artificial",NA,NA,NA,NA,NA,NA,NA,NA
"3388","983001",4,"resources/real_fg_memory_images/orig18.jpg","real",NA,NA,NA,NA,NA,NA,NA,NA
"3389","983001",8,"resources/real_fg_memory_images/orig4.jpg","real",NA,NA,NA,NA,NA,NA,NA,NA
"3390","983001",3,"resources/real_fg_memory_images/orig6.jpg","real",NA,NA,NA,NA,NA,NA,NA,NA
"3391","983001",3,"resources/real_fg_memory_images/fg25.jpg","artificial",NA,NA,NA,NA,NA,NA,NA,NA
"3392","983001",2,"resources/real_fg_memory_images/fg23.jpg","artificial",NA,NA,NA,NA,NA,NA,NA,NA
"3393","983001",7,"resources/real_fg_memory_images/fg34.jpg","artificial",NA,NA,NA,NA,NA,NA,NA,NA
"3394","983001",8,"resources/real_fg_memory_images/fg22.jpg","artificial",NA,NA,NA,NA,NA,NA,NA,NA
"3395","983001",9,"resources/real_fg_memory_images/fg30.jpg","artificial",NA,NA,NA,NA,NA,NA,NA,NA
"3396","983001",9,"resources/real_fg_memory_images/fg19.jpg","artificial",NA,NA,NA,NA,NA,NA,NA,NA
"3397","983001",1,"resources/real_fg_memory_images/orig10.jpg","real",NA,NA,NA,NA,NA,NA,NA,NA
"3398","983001",10,"resources/real_fg_memory_images/fg28.jpg","artificial",NA,NA,NA,NA,NA,NA,NA,NA
"3399","983001",NA,NA,NA,NA,NA,NA,NA,NA,NA,NA,NA
"3400","983001",NA,"resources/real_fg_memory_images/orig5.jpg",NA,"real","Neutral",NA,NA,NA,NA,NA,NA
"3401","983001",NA,"resources/real_fg_memory_images/orig10.jpg",NA,"real","Scam",NA,NA,NA,NA,NA,NA
"3402","983001",NA,"resources/real_fg_memory_images/fg19.jpg",NA,"artificial","Neutral",NA,NA,NA,NA,NA,NA
"3403","983001",NA,"resources/real_fg_memory_images/orig7.jpg",NA,"real","Scam",NA,NA,NA,NA,NA,NA
"3404","983001",NA,"resources/real_fg_memory_images/fg26.jpg",NA,"artificial","Scam",NA,NA,NA,NA,NA,NA
"3405","983001",NA,"resources/real_fg_memory_images/fg21.jpg",NA,"artificial","Neutral",NA,NA,NA,NA,NA,NA
"3406","983001",NA,"resources/real_fg_memory_images/orig4.jpg",NA,"real","Neutral",NA,NA,NA,NA,NA,NA
"3407","983001",NA,"resources/real_fg_memory_images/orig2.jpg",NA,"real","Neutral",NA,NA,NA,NA,NA,NA
"3408","983001",NA,"resources/real_fg_memory_images/orig1.jpg",NA,"real","Neurtal",NA,NA,NA,NA,NA,NA
"3409","983001",NA,"resources/real_fg_memory_images/orig6.jpg",NA,"real","Neutral",NA,NA,NA,NA,NA,NA
"3410","983001",NA,"resources/real_fg_memory_images/orig8.jpg",NA,"real","Scam",NA,NA,NA,NA,NA,NA
"3411","983001",NA,"resources/real_fg_memory_images/fg20.jpg",NA,"artificial","Neutral",NA,NA,NA,NA,NA,NA
"3412","983001",NA,"resources/real_fg_memory_images/fg23.jpg",NA,"artificial","Neutral",NA,NA,NA,NA,NA,NA
"3413","983001",NA,"resources/real_fg_memory_images/fg30.jpg",NA,"artificial","Scam",NA,NA,NA,NA,NA,NA
"3414","983001",NA,"resources/real_fg_memory_images/orig11.jpg",NA,"real","Scam",NA,NA,NA,NA,NA,NA
"3415","983001",NA,"resources/real_fg_memory_images/fg25.jpg",NA,"artificial","Scam",NA,NA,NA,NA,NA,NA
"3416","983001",NA,"resources/real_fg_memory_images/orig3.jpg",NA,"real","Neutral",NA,NA,NA,NA,NA,NA
"3417","983001",NA,"resources/real_fg_memory_images/fg22.jpg",NA,"artificial","Neutral",NA,NA,NA,NA,NA,NA
"3418","983001",NA,"resources/real_fg_memory_images/fg28.jpg",NA,"artificial","Scam",NA,NA,NA,NA,NA,NA
"3419","983001",NA,"resources/real_fg_memory_images/fg29.jpg",NA,"artificial","Scam",NA,NA,NA,NA,NA,NA
"3420","983001",NA,"resources/real_fg_memory_images/orig12.jpg",NA,"real","Scam",NA,NA,NA,NA,NA,NA
"3421","983001",NA,"resources/real_fg_memory_images/fg27.jpg",NA,"artificial","Scam",NA,NA,NA,NA,NA,NA
"3422","983001",NA,"resources/real_fg_memory_images/fg24.jpg",NA,"artificial","Neutral",NA,NA,NA,NA,NA,NA
"3423","983001",NA,"resources/real_fg_memory_images/orig9.jpg",NA,"real","Scam",NA,NA,NA,NA,NA,NA
"3424","983001",NA,NA,NA,NA,NA,NA,NA,NA,NA,NA,NA
"3425","983001",NA,"resources/real_fg_memory_images/orig1.jpg",NA,"real","Neurtal","[""neutral_button""]","8",NA,NA,NA,NA
"3426","983001",NA,"resources/real_fg_memory_images/fg20.jpg",NA,"artificial","Neutral","[""neutral_button""]","3",NA,NA,NA,NA
"3427","983001",NA,"resources/real_fg_memory_images/orig4.jpg",NA,"real","Neutral","[""neutral_button""]","8",NA,NA,NA,NA
"3428","983001",NA,"resources/real_fg_memory_images/fg22.jpg",NA,"artificial","Neutral","[""scam_button""]","3",NA,NA,NA,NA
"3429","983001",NA,"resources/real_fg_memory_images/orig8.jpg",NA,"real","Scam","[""scam_button""]","10",NA,NA,NA,NA
"3430","983001",NA,"resources/real_fg_memory_images/orig6.jpg",NA,"real","Neutral","[""neutral_button""]","3",NA,NA,NA,NA
"3431","983001",NA,"resources/real_fg_memory_images/orig11.jpg",NA,"real","Scam","[""scam_button""]","4",NA,NA,NA,NA
"3432","983001",NA,"resources/real_fg_memory_images/orig7.jpg",NA,"real","Scam","[""scam_button""]","4",NA,NA,NA,NA
"3433","983001",NA,"resources/real_fg_memory_images/fg29.jpg",NA,"artificial","Scam","[""scam_button""]","6",NA,NA,NA,NA
"3434","983001",NA,"resources/real_fg_memory_images/fg28.jpg",NA,"artificial","Scam","[""scam_button""]","2",NA,NA,NA,NA
"3435","983001",NA,"resources/real_fg_memory_images/fg26.jpg",NA,"artificial","Scam","[""scam_button""]","2",NA,NA,NA,NA
"3436","983001",NA,"resources/real_fg_memory_images/fg27.jpg",NA,"artificial","Scam","[""scam_button""]","4",NA,NA,NA,NA
"3437","983001",NA,"resources/real_fg_memory_images/orig2.jpg",NA,"real","Neutral","[""neutral_button""]","8",NA,NA,NA,NA
"3438","983001",NA,"resources/real_fg_memory_images/orig9.jpg",NA,"real","Scam","[""neutral_button""]","2",NA,NA,NA,NA
"3439","983001",NA,"resources/real_fg_memory_images/orig12.jpg",NA,"real","Scam","[""neutral_button""]","1",NA,NA,NA,NA
"3440","983001",NA,"resources/real_fg_memory_images/fg25.jpg",NA,"artificial","Scam","[""neutral_button""]","5",NA,NA,NA,NA
"3441","983001",NA,"resources/real_fg_memory_images/fg19.jpg",NA,"artificial","Neutral","[""neutral_button""]","8",NA,NA,NA,NA
"3442","983001",NA,"resources/real_fg_memory_images/fg24.jpg",NA,"artificial","Neutral","[""neutral_button""]","9",NA,NA,NA,NA
"3443","983001",NA,"resources/real_fg_memory_images/fg23.jpg",NA,"artificial","Neutral","[""neutral_button""]","7",NA,NA,NA,NA
"3444","983001",NA,"resources/real_fg_memory_images/fg30.jpg",NA,"artificial","Scam","[""neutral_button""]","1",NA,NA,NA,NA
"3445","983001",NA,"resources/real_fg_memory_images/orig10.jpg",NA,"real","Scam","[""scam_button""]","10",NA,NA,NA,NA
"3446","983001",NA,"resources/real_fg_memory_images/fg21.jpg",NA,"artificial","Neutral","[""scam_button""]","7",NA,NA,NA,NA
"3447","983001",NA,"resources/real_fg_memory_images/orig3.jpg",NA,"real","Neutral","[""scam_button""]","10",NA,NA,NA,NA
"3448","983001",NA,"resources/real_fg_memory_images/orig5.jpg",NA,"real","Neutral","[""neutral_button""]","7",NA,NA,NA,NA
"3449","983001",NA,NA,NA,NA,NA,NA,NA,NA,NA,NA,NA
"3450","983001",8,"resources/real_fg_memory_images/fg25.jpg","artificial",NA,NA,NA,NA,NA,NA,NA,NA
"3451","983001",8,"resources/real_fg_memory_images/orig15.jpg","real",NA,NA,NA,NA,NA,NA,NA,NA
"3452","983001",2,"resources/real_fg_memory_images/orig1.jpg","real",NA,NA,NA,NA,NA,NA,NA,NA
"3453","983001",2,"resources/real_fg_memory_images/fg22.jpg","artificial",NA,NA,NA,NA,NA,NA,NA,NA
"3454","983001",0,"resources/real_fg_memory_images/orig7.jpg","real",NA,NA,NA,NA,NA,NA,NA,NA
"3455","983001",0,"resources/real_fg_memory_images/orig3.jpg","real",NA,NA,NA,NA,NA,NA,NA,NA
"3456","983001",0,"resources/real_fg_memory_images/fg30.jpg","artificial",NA,NA,NA,NA,NA,NA,NA,NA
"3457","983001",0,"resources/real_fg_memory_images/fg31.jpg","artificial",NA,NA,NA,NA,NA,NA,NA,NA
"3458","983001",7,"resources/real_fg_memory_images/fg32.jpg","artificial",NA,NA,NA,NA,NA,NA,NA,NA
"3459","983001",2,"resources/real_fg_memory_images/fg20.jpg","artificial",NA,NA,NA,NA,NA,NA,NA,NA
"3460","983001",5,"resources/real_fg_memory_images/orig13.jpg","real",NA,NA,NA,NA,NA,NA,NA,NA
"3461","983001",0,"resources/real_fg_memory_images/orig8.jpg","real",NA,NA,NA,NA,NA,NA,NA,NA
"3462","983001",0,"resources/real_fg_memory_images/orig11.jpg","real",NA,NA,NA,NA,NA,NA,NA,NA
"3463","983001",8,"resources/real_fg_memory_images/orig4.jpg","real",NA,NA,NA,NA,NA,NA,NA,NA
"3464","983001",0,"resources/real_fg_memory_images/orig2.jpg","real",NA,NA,NA,NA,NA,NA,NA,NA
"3465","983001",10,"resources/real_fg_memory_images/orig5.jpg","real",NA,NA,NA,NA,NA,NA,NA,NA
"3466","983001",0,"resources/real_fg_memory_images/fg27.jpg","artificial",NA,NA,NA,NA,NA,NA,NA,NA
"3467","983001",10,"resources/real_fg_memory_images/fg19.jpg","artificial",NA,NA,NA,NA,NA,NA,NA,NA
"3468","983001",7,"resources/real_fg_memory_images/fg33.jpg","artificial",NA,NA,NA,NA,NA,NA,NA,NA
"3469","983001",0,"resources/real_fg_memory_images/fg24.jpg","artificial",NA,NA,NA,NA,NA,NA,NA,NA
"3470","983001",10,"resources/real_fg_memory_images/orig12.jpg","real",NA,NA,NA,NA,NA,NA,NA,NA
"3471","983001",10,"resources/real_fg_memory_images/orig6.jpg","real",NA,NA,NA,NA,NA,NA,NA,NA
"3472","983001",8,"resources/real_fg_memory_images/orig18.jpg","real",NA,NA,NA,NA,NA,NA,NA,NA
"3473","983001",0,"resources/real_fg_memory_images/orig10.jpg","real",NA,NA,NA,NA,NA,NA,NA,NA
"3474","983001",0,"resources/real_fg_memory_images/fg21.jpg","artificial",NA,NA,NA,NA,NA,NA,NA,NA
"3475","983001",10,"resources/real_fg_memory_images/orig14.jpg","real",NA,NA,NA,NA,NA,NA,NA,NA
"3476","983001",10,"resources/real_fg_memory_images/fg36.jpg","artificial",NA,NA,NA,NA,NA,NA,NA,NA
"3477","983001",0,"resources/real_fg_memory_images/orig16.jpg","real",NA,NA,NA,NA,NA,NA,NA,NA
"3478","983001",0,"resources/real_fg_memory_images/fg28.jpg","artificial",NA,NA,NA,NA,NA,NA,NA,NA
"3479","983001",0,"resources/real_fg_memory_images/fg29.jpg","artificial",NA,NA,NA,NA,NA,NA,NA,NA
"3480","983001",0,"resources/real_fg_memory_images/fg34.jpg","artificial",NA,NA,NA,NA,NA,NA,NA,NA
"3481","983001",0,"resources/real_fg_memory_images/fg26.jpg","artificial",NA,NA,NA,NA,NA,NA,NA,NA
"3482","983001",8,"resources/real_fg_memory_images/fg35.jpg","artificial",NA,NA,NA,NA,NA,NA,NA,NA
"3483","983001",8,"resources/real_fg_memory_images/orig9.jpg","real",NA,NA,NA,NA,NA,NA,NA,NA
"3484","983001",0,"resources/real_fg_memory_images/orig17.jpg","real",NA,NA,NA,NA,NA,NA,NA,NA
"3485","983001",0,"resources/real_fg_memory_images/fg23.jpg","artificial",NA,NA,NA,NA,NA,NA,NA,NA
"3486","983001",NA,NA,NA,NA,NA,NA,NA,NA,NA,NA,NA
"3487","983001",NA,NA,NA,NA,NA,NA,NA,1,"I have difficulty ending a phone call, even if the caller is a telemarketer, someone I do not know, or someone I do not wish to call me",NA,NA
"3488","983001",NA,NA,NA,NA,NA,NA,NA,1,"If a telemarketer calls me, I usually listen to what they have to say",NA,NA
"3489","983001",NA,NA,NA,NA,NA,NA,NA,5,"Persons over the age of 65 are often targeted by con-artists",NA,NA
"3490","983001",NA,NA,NA,NA,NA,NA,NA,5,"If something sounds too good to be true, it usually is",NA,NA
"3491","983001",NA,NA,NA,NA,NA,NA,NA,1,"I answer the phone whenever it rings, even if I do not know who is calling",NA,NA
"3492","983001",NA,NA,NA,NA,NA,NA,NA,NA,NA,NA,NA
"3493","983001",NA,NA,NA,NA,NA,NA,NA,NA,NA,"[""female_option""]",NA
"3494","983001",NA,NA,NA,NA,NA,NA,NA,NA,NA,NA,72
"3495","983001",NA,NA,NA,NA,NA,NA,NA,NA,NA,NA,NA
"3496","983001",NA,NA,NA,NA,NA,NA,NA,NA,NA,NA,NA
"3497","983001",NA,NA,NA,NA,NA,NA,NA,NA,NA,NA,NA
"3498","983001",NA,NA,NA,NA,NA,NA,NA,NA,NA,NA,NA
"3499","983001",NA,NA,NA,NA,NA,NA,NA,NA,NA,NA,NA
"3500","983001",NA,NA,NA,NA,NA,NA,NA,NA,NA,NA,NA
"3501","983001",NA,NA,NA,NA,NA,NA,NA,NA,NA,NA,NA
"3502","983001",NA,NA,NA,NA,NA,NA,NA,NA,NA,NA,NA
"3503","983001",NA,NA,NA,NA,NA,NA,NA,NA,NA,NA,NA
"3504","983001",NA,NA,NA,NA,NA,NA,NA,NA,NA,NA,NA
