"","participant","textbox_comp.text","figure2","Type","type","label2","button_selections_test","textbox_comp_2.text","slider1.response","ss_question","Gender","textboxAge.text"
"1","037351",NA,NA,NA,NA,NA,NA,NA,NA,NA,NA,NA
"2","037351",NA,NA,NA,NA,NA,NA,NA,NA,NA,NA,NA
"3","037351",NA,NA,NA,NA,NA,NA,NA,NA,NA,NA,NA
"4","037351",NA,NA,NA,NA,NA,NA,NA,NA,NA,NA,NA
"5","037351",7,"resources/real_fg_memory_images/fg18.jpg","artificial",NA,NA,NA,NA,NA,NA,NA,NA
"6","037351",3,"resources/real_fg_memory_images/orig26.jpg","real",NA,NA,NA,NA,NA,NA,NA,NA
"7","037351",4,"resources/real_fg_memory_images/fg17.jpg","artificial",NA,NA,NA,NA,NA,NA,NA,NA
"8","037351",4,"resources/real_fg_memory_images/fg11.jpg","artificial",NA,NA,NA,NA,NA,NA,NA,NA
"9","037351",2,"resources/real_fg_memory_images/fg2.jpg","artificial",NA,NA,NA,NA,NA,NA,NA,NA
"10","037351",6,"resources/real_fg_memory_images/orig25.jpg","real",NA,NA,NA,NA,NA,NA,NA,NA
"11","037351",2,"resources/real_fg_memory_images/orig27.jpg","real",NA,NA,NA,NA,NA,NA,NA,NA
"12","037351",8,"resources/real_fg_memory_images/orig23.jpg","real",NA,NA,NA,NA,NA,NA,NA,NA
"13","037351",3,"resources/real_fg_memory_images/fg7.jpg","artificial",NA,NA,NA,NA,NA,NA,NA,NA
"14","037351",8,"resources/real_fg_memory_images/fg16.jpg","artificial",NA,NA,NA,NA,NA,NA,NA,NA
"15","037351",1,"resources/real_fg_memory_images/orig21.jpg","real",NA,NA,NA,NA,NA,NA,NA,NA
"16","037351",2,"resources/real_fg_memory_images/fg1.jpg","artificial",NA,NA,NA,NA,NA,NA,NA,NA
"17","037351",2,"resources/real_fg_memory_images/fg8.jpg","artificial",NA,NA,NA,NA,NA,NA,NA,NA
"18","037351",6,"resources/real_fg_memory_images/orig35.jpg","real",NA,NA,NA,NA,NA,NA,NA,NA
"19","037351",2,"resources/real_fg_memory_images/fg3.jpg","artificial",NA,NA,NA,NA,NA,NA,NA,NA
"20","037351",5,"resources/real_fg_memory_images/orig31.jpg","real",NA,NA,NA,NA,NA,NA,NA,NA
"21","037351",8,"resources/real_fg_memory_images/orig36.jpg","real",NA,NA,NA,NA,NA,NA,NA,NA
"22","037351",8,"resources/real_fg_memory_images/orig28.jpg","real",NA,NA,NA,NA,NA,NA,NA,NA
"23","037351",7,"resources/real_fg_memory_images/fg15.jpg","artificial",NA,NA,NA,NA,NA,NA,NA,NA
"24","037351",5,"resources/real_fg_memory_images/orig24.jpg","real",NA,NA,NA,NA,NA,NA,NA,NA
"25","037351",7,"resources/real_fg_memory_images/fg14.jpg","artificial",NA,NA,NA,NA,NA,NA,NA,NA
"26","037351",6,"resources/real_fg_memory_images/fg6.jpg","artificial",NA,NA,NA,NA,NA,NA,NA,NA
"27","037351",5,"resources/real_fg_memory_images/fg13.jpg","artificial",NA,NA,NA,NA,NA,NA,NA,NA
"28","037351",6,"resources/real_fg_memory_images/orig32.jpg","real",NA,NA,NA,NA,NA,NA,NA,NA
"29","037351",7,"resources/real_fg_memory_images/orig29.jpg","real",NA,NA,NA,NA,NA,NA,NA,NA
"30","037351",3,"resources/real_fg_memory_images/orig22.jpg","real",NA,NA,NA,NA,NA,NA,NA,NA
"31","037351",2,"resources/real_fg_memory_images/fg9.jpg","artificial",NA,NA,NA,NA,NA,NA,NA,NA
"32","037351",2,"resources/real_fg_memory_images/orig33.jpg","real",NA,NA,NA,NA,NA,NA,NA,NA
"33","037351",3,"resources/real_fg_memory_images/fg12.jpg","artificial",NA,NA,NA,NA,NA,NA,NA,NA
"34","037351",3,"resources/real_fg_memory_images/orig34.jpg","real",NA,NA,NA,NA,NA,NA,NA,NA
"35","037351",2,"resources/real_fg_memory_images/fg4.jpg","artificial",NA,NA,NA,NA,NA,NA,NA,NA
"36","037351",9,"resources/real_fg_memory_images/orig30.jpg","real",NA,NA,NA,NA,NA,NA,NA,NA
"37","037351",7,"resources/real_fg_memory_images/fg5.jpg","artificial",NA,NA,NA,NA,NA,NA,NA,NA
"38","037351",6,"resources/real_fg_memory_images/orig19.jpg","real",NA,NA,NA,NA,NA,NA,NA,NA
"39","037351",2,"resources/real_fg_memory_images/orig20.jpg","real",NA,NA,NA,NA,NA,NA,NA,NA
"40","037351",2,"resources/real_fg_memory_images/fg10.jpg","artificial",NA,NA,NA,NA,NA,NA,NA,NA
"41","037351",NA,NA,NA,NA,NA,NA,NA,NA,NA,NA,NA
"42","037351",NA,"resources/real_fg_memory_images/fg8.jpg",NA,"artificial","Neutral",NA,NA,NA,NA,NA,NA
"43","037351",NA,"resources/real_fg_memory_images/orig28.jpg",NA,"real","Neutral",NA,NA,NA,NA,NA,NA
"44","037351",NA,"resources/real_fg_memory_images/orig29.jpg",NA,"real","Neutral",NA,NA,NA,NA,NA,NA
"45","037351",NA,"resources/real_fg_memory_images/orig19.jpg",NA,"real","Scam",NA,NA,NA,NA,NA,NA
"46","037351",NA,"resources/real_fg_memory_images/fg12.jpg",NA,"artificial","Neutral",NA,NA,NA,NA,NA,NA
"47","037351",NA,"resources/real_fg_memory_images/orig27.jpg",NA,"real","Neutral",NA,NA,NA,NA,NA,NA
"48","037351",NA,"resources/real_fg_memory_images/fg4.jpg",NA,"artificial","Scam",NA,NA,NA,NA,NA,NA
"49","037351",NA,"resources/real_fg_memory_images/orig20.jpg",NA,"real","Scam",NA,NA,NA,NA,NA,NA
"50","037351",NA,"resources/real_fg_memory_images/orig26.jpg",NA,"real","Neutral",NA,NA,NA,NA,NA,NA
"51","037351",NA,"resources/real_fg_memory_images/orig23.jpg",NA,"real","Scam",NA,NA,NA,NA,NA,NA
"52","037351",NA,"resources/real_fg_memory_images/fg1.jpg",NA,"artificial","Scam",NA,NA,NA,NA,NA,NA
"53","037351",NA,"resources/real_fg_memory_images/fg6.jpg",NA,"artificial","Scam",NA,NA,NA,NA,NA,NA
"54","037351",NA,"resources/real_fg_memory_images/fg3.jpg",NA,"artificial","Scam",NA,NA,NA,NA,NA,NA
"55","037351",NA,"resources/real_fg_memory_images/orig30.jpg",NA,"real","Neutral",NA,NA,NA,NA,NA,NA
"56","037351",NA,"resources/real_fg_memory_images/orig24.jpg",NA,"real","Scam",NA,NA,NA,NA,NA,NA
"57","037351",NA,"resources/real_fg_memory_images/fg2.jpg",NA,"artificial","Scam",NA,NA,NA,NA,NA,NA
"58","037351",NA,"resources/real_fg_memory_images/fg5.jpg",NA,"artificial","Scam",NA,NA,NA,NA,NA,NA
"59","037351",NA,"resources/real_fg_memory_images/fg11.jpg",NA,"artificial","Neutral",NA,NA,NA,NA,NA,NA
"60","037351",NA,"resources/real_fg_memory_images/orig22.jpg",NA,"real","Scam",NA,NA,NA,NA,NA,NA
"61","037351",NA,"resources/real_fg_memory_images/fg7.jpg",NA,"artificial","Neutral",NA,NA,NA,NA,NA,NA
"62","037351",NA,"resources/real_fg_memory_images/fg9.jpg",NA,"artificial","Neutral",NA,NA,NA,NA,NA,NA
"63","037351",NA,"resources/real_fg_memory_images/orig25.jpg",NA,"real","Neutral",NA,NA,NA,NA,NA,NA
"64","037351",NA,"resources/real_fg_memory_images/orig21.jpg",NA,"real","Scam",NA,NA,NA,NA,NA,NA
"65","037351",NA,"resources/real_fg_memory_images/fg10.jpg",NA,"artificial","Neutral",NA,NA,NA,NA,NA,NA
"66","037351",NA,NA,NA,NA,NA,NA,NA,NA,NA,NA,NA
"67","037351",NA,"resources/real_fg_memory_images/fg8.jpg",NA,"artificial","Neutral","[""neutral_button""]","5",NA,NA,NA,NA
"68","037351",NA,"resources/real_fg_memory_images/fg6.jpg",NA,"artificial","Scam","[""neutral_button""]","5",NA,NA,NA,NA
"69","037351",NA,"resources/real_fg_memory_images/orig30.jpg",NA,"real","Neutral","[""neutral_button""]","5",NA,NA,NA,NA
"70","037351",NA,"resources/real_fg_memory_images/orig23.jpg",NA,"real","Scam","[""scam_button""]","5",NA,NA,NA,NA
"71","037351",NA,"resources/real_fg_memory_images/orig22.jpg",NA,"real","Scam","[""scam_button""]","9",NA,NA,NA,NA
"72","037351",NA,"resources/real_fg_memory_images/orig26.jpg",NA,"real","Neutral","[""neutral_button""]","5",NA,NA,NA,NA
"73","037351",NA,"resources/real_fg_memory_images/fg9.jpg",NA,"artificial","Neutral","[""scam_button""]","7",NA,NA,NA,NA
"74","037351",NA,"resources/real_fg_memory_images/orig19.jpg",NA,"real","Scam","[""scam_button""]","8",NA,NA,NA,NA
"75","037351",NA,"resources/real_fg_memory_images/fg5.jpg",NA,"artificial","Scam","[""scam_button""]","7",NA,NA,NA,NA
"76","037351",NA,"resources/real_fg_memory_images/orig24.jpg",NA,"real","Scam","[""neutral_button""]","5",NA,NA,NA,NA
"77","037351",NA,"resources/real_fg_memory_images/orig20.jpg",NA,"real","Scam","[""scam_button""]","5",NA,NA,NA,NA
"78","037351",NA,"resources/real_fg_memory_images/fg10.jpg",NA,"artificial","Neutral","[""scam_button""]","5",NA,NA,NA,NA
"79","037351",NA,"resources/real_fg_memory_images/orig21.jpg",NA,"real","Scam","[""scam_button""]","5",NA,NA,NA,NA
"80","037351",NA,"resources/real_fg_memory_images/fg2.jpg",NA,"artificial","Scam","[""neutral_button""]","5",NA,NA,NA,NA
"81","037351",NA,"resources/real_fg_memory_images/orig25.jpg",NA,"real","Neutral","[""neutral_button""]","5",NA,NA,NA,NA
"82","037351",NA,"resources/real_fg_memory_images/fg12.jpg",NA,"artificial","Neutral","[""scam_button""]","5",NA,NA,NA,NA
"83","037351",NA,"resources/real_fg_memory_images/fg1.jpg",NA,"artificial","Scam","[""scam_button""]","5",NA,NA,NA,NA
"84","037351",NA,"resources/real_fg_memory_images/orig29.jpg",NA,"real","Neutral","[""neutral_button""]","5",NA,NA,NA,NA
"85","037351",NA,"resources/real_fg_memory_images/orig28.jpg",NA,"real","Neutral","[""neutral_button""]","9",NA,NA,NA,NA
"86","037351",NA,"resources/real_fg_memory_images/orig27.jpg",NA,"real","Neutral","[""neutral_button""]","5",NA,NA,NA,NA
"87","037351",NA,"resources/real_fg_memory_images/fg3.jpg",NA,"artificial","Scam","[""scam_button""]","5",NA,NA,NA,NA
"88","037351",NA,"resources/real_fg_memory_images/fg11.jpg",NA,"artificial","Neutral","[""neutral_button""]","9",NA,NA,NA,NA
"89","037351",NA,"resources/real_fg_memory_images/fg4.jpg",NA,"artificial","Scam","[""scam_button""]","5",NA,NA,NA,NA
"90","037351",NA,"resources/real_fg_memory_images/fg7.jpg",NA,"artificial","Neutral","[""neutral_button""]","9",NA,NA,NA,NA
"91","037351",NA,NA,NA,NA,NA,NA,NA,NA,NA,NA,NA
"92","037351",8,"resources/real_fg_memory_images/fg2.jpg","artificial",NA,NA,NA,NA,NA,NA,NA,NA
"93","037351",8,"resources/real_fg_memory_images/orig32.jpg","real",NA,NA,NA,NA,NA,NA,NA,NA
"94","037351",6,"resources/real_fg_memory_images/fg15.jpg","artificial",NA,NA,NA,NA,NA,NA,NA,NA
"95","037351",6,"resources/real_fg_memory_images/fg18.jpg","artificial",NA,NA,NA,NA,NA,NA,NA,NA
"96","037351",5,"resources/real_fg_memory_images/fg4.jpg","artificial",NA,NA,NA,NA,NA,NA,NA,NA
"97","037351",2,"resources/real_fg_memory_images/orig23.jpg","real",NA,NA,NA,NA,NA,NA,NA,NA
"98","037351",2,"resources/real_fg_memory_images/orig22.jpg","real",NA,NA,NA,NA,NA,NA,NA,NA
"99","037351",4,"resources/real_fg_memory_images/orig20.jpg","real",NA,NA,NA,NA,NA,NA,NA,NA
"100","037351",4,"resources/real_fg_memory_images/fg3.jpg","artificial",NA,NA,NA,NA,NA,NA,NA,NA
"101","037351",3,"resources/real_fg_memory_images/fg6.jpg","artificial",NA,NA,NA,NA,NA,NA,NA,NA
"102","037351",3,"resources/real_fg_memory_images/orig24.jpg","real",NA,NA,NA,NA,NA,NA,NA,NA
"103","037351",7,"resources/real_fg_memory_images/fg14.jpg","artificial",NA,NA,NA,NA,NA,NA,NA,NA
"104","037351",4,"resources/real_fg_memory_images/orig33.jpg","real",NA,NA,NA,NA,NA,NA,NA,NA
"105","037351",3,"resources/real_fg_memory_images/orig34.jpg","real",NA,NA,NA,NA,NA,NA,NA,NA
"106","037351",4,"resources/real_fg_memory_images/fg5.jpg","artificial",NA,NA,NA,NA,NA,NA,NA,NA
"107","037351",5,"resources/real_fg_memory_images/orig25.jpg","real",NA,NA,NA,NA,NA,NA,NA,NA
"108","037351",2,"resources/real_fg_memory_images/orig27.jpg","real",NA,NA,NA,NA,NA,NA,NA,NA
"109","037351",2,"resources/real_fg_memory_images/orig31.jpg","real",NA,NA,NA,NA,NA,NA,NA,NA
"110","037351",3,"resources/real_fg_memory_images/fg9.jpg","artificial",NA,NA,NA,NA,NA,NA,NA,NA
"111","037351",9,"resources/real_fg_memory_images/orig28.jpg","real",NA,NA,NA,NA,NA,NA,NA,NA
"112","037351",2,"resources/real_fg_memory_images/orig29.jpg","real",NA,NA,NA,NA,NA,NA,NA,NA
"113","037351",5,"resources/real_fg_memory_images/fg10.jpg","artificial",NA,NA,NA,NA,NA,NA,NA,NA
"114","037351",4,"resources/real_fg_memory_images/orig26.jpg","real",NA,NA,NA,NA,NA,NA,NA,NA
"115","037351",2,"resources/real_fg_memory_images/orig21.jpg","real",NA,NA,NA,NA,NA,NA,NA,NA
"116","037351",7,"resources/real_fg_memory_images/fg11.jpg","artificial",NA,NA,NA,NA,NA,NA,NA,NA
"117","037351",9,"resources/real_fg_memory_images/orig30.jpg","real",NA,NA,NA,NA,NA,NA,NA,NA
"118","037351",6,"resources/real_fg_memory_images/fg17.jpg","artificial",NA,NA,NA,NA,NA,NA,NA,NA
"119","037351",6,"resources/real_fg_memory_images/fg8.jpg","artificial",NA,NA,NA,NA,NA,NA,NA,NA
"120","037351",6,"resources/real_fg_memory_images/fg12.jpg","artificial",NA,NA,NA,NA,NA,NA,NA,NA
"121","037351",5,"resources/real_fg_memory_images/orig19.jpg","real",NA,NA,NA,NA,NA,NA,NA,NA
"122","037351",5,"resources/real_fg_memory_images/orig36.jpg","real",NA,NA,NA,NA,NA,NA,NA,NA
"123","037351",5,"resources/real_fg_memory_images/fg7.jpg","artificial",NA,NA,NA,NA,NA,NA,NA,NA
"124","037351",4,"resources/real_fg_memory_images/fg1.jpg","artificial",NA,NA,NA,NA,NA,NA,NA,NA
"125","037351",9,"resources/real_fg_memory_images/fg16.jpg","artificial",NA,NA,NA,NA,NA,NA,NA,NA
"126","037351",5,"resources/real_fg_memory_images/orig35.jpg","real",NA,NA,NA,NA,NA,NA,NA,NA
"127","037351",4,"resources/real_fg_memory_images/fg13.jpg","artificial",NA,NA,NA,NA,NA,NA,NA,NA
"128","037351",NA,NA,NA,NA,NA,NA,NA,NA,NA,NA,NA
"129","037351",NA,NA,NA,NA,NA,NA,NA,4,"I answer the phone whenever it rings, even if I do not know who is calling",NA,NA
"130","037351",NA,NA,NA,NA,NA,NA,NA,4,"If something sounds too good to be true, it usually is",NA,NA
"131","037351",NA,NA,NA,NA,NA,NA,NA,4,"Persons over the age of 65 are often targeted by con-artists",NA,NA
"132","037351",NA,NA,NA,NA,NA,NA,NA,4,"I have difficulty ending a phone call, even if the caller is a telemarketer, someone I do not know, or someone I do not wish to call me",NA,NA
"133","037351",NA,NA,NA,NA,NA,NA,NA,4,"If a telemarketer calls me, I usually listen to what they have to say",NA,NA
"134","037351",NA,NA,NA,NA,NA,NA,NA,NA,NA,NA,NA
"135","037351",NA,NA,NA,NA,NA,NA,NA,NA,NA,"[""male_option""]",NA
"136","037351",NA,NA,NA,NA,NA,NA,NA,NA,NA,NA,69
"137","037351",NA,NA,NA,NA,NA,NA,NA,NA,NA,NA,NA
"138","037351",NA,NA,NA,NA,NA,NA,NA,NA,NA,NA,NA
"139","037351",NA,NA,NA,NA,NA,NA,NA,NA,NA,NA,NA
"140","037351",NA,NA,NA,NA,NA,NA,NA,NA,NA,NA,NA
"141","037351",NA,NA,NA,NA,NA,NA,NA,NA,NA,NA,NA
"142","037351",NA,NA,NA,NA,NA,NA,NA,NA,NA,NA,NA
"143","037351",NA,NA,NA,NA,NA,NA,NA,NA,NA,NA,NA
"144","037351",NA,NA,NA,NA,NA,NA,NA,NA,NA,NA,NA
"145","037351",NA,NA,NA,NA,NA,NA,NA,NA,NA,NA,NA
"146","037351",NA,NA,NA,NA,NA,NA,NA,NA,NA,NA,NA
"147","151619",NA,NA,NA,NA,NA,NA,NA,NA,NA,NA,NA
"148","151619",NA,NA,NA,NA,NA,NA,NA,NA,NA,NA,NA
"149","151619",NA,NA,NA,NA,NA,NA,NA,NA,NA,NA,NA
"150","151619",NA,NA,NA,NA,NA,NA,NA,NA,NA,NA,NA
"151","151619",8,"resources/real_fg_memory_images/fg18.jpg","artificial",NA,NA,NA,NA,NA,NA,NA,NA
"152","151619",6,"resources/real_fg_memory_images/fg13.jpg","artificial",NA,NA,NA,NA,NA,NA,NA,NA
"153","151619",8,"resources/real_fg_memory_images/fg8.jpg","artificial",NA,NA,NA,NA,NA,NA,NA,NA
"154","151619",6,"resources/real_fg_memory_images/fg2.jpg","artificial",NA,NA,NA,NA,NA,NA,NA,NA
"155","151619",5,"resources/real_fg_memory_images/fg3.jpg","artificial",NA,NA,NA,NA,NA,NA,NA,NA
"156","151619",5,"resources/real_fg_memory_images/orig31.jpg","real",NA,NA,NA,NA,NA,NA,NA,NA
"157","151619",5,"resources/real_fg_memory_images/fg12.jpg","artificial",NA,NA,NA,NA,NA,NA,NA,NA
"158","151619",6,"resources/real_fg_memory_images/fg7.jpg","artificial",NA,NA,NA,NA,NA,NA,NA,NA
"159","151619",8,"resources/real_fg_memory_images/orig28.jpg","real",NA,NA,NA,NA,NA,NA,NA,NA
"160","151619",8,"resources/real_fg_memory_images/orig24.jpg","real",NA,NA,NA,NA,NA,NA,NA,NA
"161","151619",6,"resources/real_fg_memory_images/fg6.jpg","artificial",NA,NA,NA,NA,NA,NA,NA,NA
"162","151619",7,"resources/real_fg_memory_images/fg5.jpg","artificial",NA,NA,NA,NA,NA,NA,NA,NA
"163","151619",7,"resources/real_fg_memory_images/orig29.jpg","real",NA,NA,NA,NA,NA,NA,NA,NA
"164","151619",7,"resources/real_fg_memory_images/fg10.jpg","artificial",NA,NA,NA,NA,NA,NA,NA,NA
"165","151619",6,"resources/real_fg_memory_images/orig19.jpg","real",NA,NA,NA,NA,NA,NA,NA,NA
"166","151619",8,"resources/real_fg_memory_images/orig36.jpg","real",NA,NA,NA,NA,NA,NA,NA,NA
"167","151619",8,"resources/real_fg_memory_images/fg16.jpg","artificial",NA,NA,NA,NA,NA,NA,NA,NA
"168","151619",7,"resources/real_fg_memory_images/fg17.jpg","artificial",NA,NA,NA,NA,NA,NA,NA,NA
"169","151619",6,"resources/real_fg_memory_images/orig25.jpg","real",NA,NA,NA,NA,NA,NA,NA,NA
"170","151619",5,"resources/real_fg_memory_images/orig23.jpg","real",NA,NA,NA,NA,NA,NA,NA,NA
"171","151619",6,"resources/real_fg_memory_images/fg14.jpg","artificial",NA,NA,NA,NA,NA,NA,NA,NA
"172","151619",7,"resources/real_fg_memory_images/orig34.jpg","real",NA,NA,NA,NA,NA,NA,NA,NA
"173","151619",5,"resources/real_fg_memory_images/orig22.jpg","real",NA,NA,NA,NA,NA,NA,NA,NA
"174","151619",7,"resources/real_fg_memory_images/orig32.jpg","real",NA,NA,NA,NA,NA,NA,NA,NA
"175","151619",5,"resources/real_fg_memory_images/orig20.jpg","real",NA,NA,NA,NA,NA,NA,NA,NA
"176","151619",7,"resources/real_fg_memory_images/fg4.jpg","artificial",NA,NA,NA,NA,NA,NA,NA,NA
"177","151619",8,"resources/real_fg_memory_images/orig26.jpg","real",NA,NA,NA,NA,NA,NA,NA,NA
"178","151619",8,"resources/real_fg_memory_images/orig30.jpg","real",NA,NA,NA,NA,NA,NA,NA,NA
"179","151619",7,"resources/real_fg_memory_images/orig21.jpg","real",NA,NA,NA,NA,NA,NA,NA,NA
"180","151619",6,"resources/real_fg_memory_images/fg15.jpg","artificial",NA,NA,NA,NA,NA,NA,NA,NA
"181","151619",6,"resources/real_fg_memory_images/fg9.jpg","artificial",NA,NA,NA,NA,NA,NA,NA,NA
"182","151619",6,"resources/real_fg_memory_images/orig35.jpg","real",NA,NA,NA,NA,NA,NA,NA,NA
"183","151619",6,"resources/real_fg_memory_images/orig27.jpg","real",NA,NA,NA,NA,NA,NA,NA,NA
"184","151619",5,"resources/real_fg_memory_images/orig33.jpg","real",NA,NA,NA,NA,NA,NA,NA,NA
"185","151619",6,"resources/real_fg_memory_images/fg1.jpg","artificial",NA,NA,NA,NA,NA,NA,NA,NA
"186","151619",7,"resources/real_fg_memory_images/fg11.jpg","artificial",NA,NA,NA,NA,NA,NA,NA,NA
"187","151619",NA,NA,NA,NA,NA,NA,NA,NA,NA,NA,NA
"188","151619",NA,"resources/real_fg_memory_images/orig22.jpg",NA,"real","Scam",NA,NA,NA,NA,NA,NA
"189","151619",NA,"resources/real_fg_memory_images/fg6.jpg",NA,"artificial","Scam",NA,NA,NA,NA,NA,NA
"190","151619",NA,"resources/real_fg_memory_images/orig19.jpg",NA,"real","Scam",NA,NA,NA,NA,NA,NA
"191","151619",NA,"resources/real_fg_memory_images/orig21.jpg",NA,"real","Scam",NA,NA,NA,NA,NA,NA
"192","151619",NA,"resources/real_fg_memory_images/fg2.jpg",NA,"artificial","Scam",NA,NA,NA,NA,NA,NA
"193","151619",NA,"resources/real_fg_memory_images/orig26.jpg",NA,"real","Neutral",NA,NA,NA,NA,NA,NA
"194","151619",NA,"resources/real_fg_memory_images/orig25.jpg",NA,"real","Neutral",NA,NA,NA,NA,NA,NA
"195","151619",NA,"resources/real_fg_memory_images/orig30.jpg",NA,"real","Neutral",NA,NA,NA,NA,NA,NA
"196","151619",NA,"resources/real_fg_memory_images/fg4.jpg",NA,"artificial","Scam",NA,NA,NA,NA,NA,NA
"197","151619",NA,"resources/real_fg_memory_images/orig27.jpg",NA,"real","Neutral",NA,NA,NA,NA,NA,NA
"198","151619",NA,"resources/real_fg_memory_images/orig28.jpg",NA,"real","Neutral",NA,NA,NA,NA,NA,NA
"199","151619",NA,"resources/real_fg_memory_images/fg10.jpg",NA,"artificial","Neutral",NA,NA,NA,NA,NA,NA
"200","151619",NA,"resources/real_fg_memory_images/fg1.jpg",NA,"artificial","Scam",NA,NA,NA,NA,NA,NA
"201","151619",NA,"resources/real_fg_memory_images/fg9.jpg",NA,"artificial","Neutral",NA,NA,NA,NA,NA,NA
"202","151619",NA,"resources/real_fg_memory_images/orig24.jpg",NA,"real","Scam",NA,NA,NA,NA,NA,NA
"203","151619",NA,"resources/real_fg_memory_images/orig20.jpg",NA,"real","Scam",NA,NA,NA,NA,NA,NA
"204","151619",NA,"resources/real_fg_memory_images/orig23.jpg",NA,"real","Scam",NA,NA,NA,NA,NA,NA
"205","151619",NA,"resources/real_fg_memory_images/fg12.jpg",NA,"artificial","Neutral",NA,NA,NA,NA,NA,NA
"206","151619",NA,"resources/real_fg_memory_images/fg3.jpg",NA,"artificial","Scam",NA,NA,NA,NA,NA,NA
"207","151619",NA,"resources/real_fg_memory_images/orig29.jpg",NA,"real","Neutral",NA,NA,NA,NA,NA,NA
"208","151619",NA,"resources/real_fg_memory_images/fg8.jpg",NA,"artificial","Neutral",NA,NA,NA,NA,NA,NA
"209","151619",NA,"resources/real_fg_memory_images/fg5.jpg",NA,"artificial","Scam",NA,NA,NA,NA,NA,NA
"210","151619",NA,"resources/real_fg_memory_images/fg11.jpg",NA,"artificial","Neutral",NA,NA,NA,NA,NA,NA
"211","151619",NA,"resources/real_fg_memory_images/fg7.jpg",NA,"artificial","Neutral",NA,NA,NA,NA,NA,NA
"212","151619",NA,NA,NA,NA,NA,NA,NA,NA,NA,NA,NA
"213","151619",NA,"resources/real_fg_memory_images/fg2.jpg",NA,"artificial","Scam","[""neutral_button""]","9",NA,NA,NA,NA
"214","151619",NA,"resources/real_fg_memory_images/orig24.jpg",NA,"real","Scam","[""neutral_button""]","9",NA,NA,NA,NA
"215","151619",NA,"resources/real_fg_memory_images/orig22.jpg",NA,"real","Scam","[""scam_button""]","9",NA,NA,NA,NA
"216","151619",NA,"resources/real_fg_memory_images/fg6.jpg",NA,"artificial","Scam","[""neutral_button""]","6",NA,NA,NA,NA
"217","151619",NA,"resources/real_fg_memory_images/fg5.jpg",NA,"artificial","Scam","[""scam_button""]","9",NA,NA,NA,NA
"218","151619",NA,"resources/real_fg_memory_images/orig20.jpg",NA,"real","Scam","[""scam_button""]","9",NA,NA,NA,NA
"219","151619",NA,"resources/real_fg_memory_images/fg9.jpg",NA,"artificial","Neutral","[""scam_button""]","8",NA,NA,NA,NA
"220","151619",NA,"resources/real_fg_memory_images/orig30.jpg",NA,"real","Neutral","[""neutral_button""]","8",NA,NA,NA,NA
"221","151619",NA,"resources/real_fg_memory_images/orig25.jpg",NA,"real","Neutral","[""neutral_button""]","9",NA,NA,NA,NA
"222","151619",NA,"resources/real_fg_memory_images/orig26.jpg",NA,"real","Neutral","[""neutral_button""]","9",NA,NA,NA,NA
"223","151619",NA,"resources/real_fg_memory_images/fg3.jpg",NA,"artificial","Scam","[""scam_button""]","9",NA,NA,NA,NA
"224","151619",NA,"resources/real_fg_memory_images/orig28.jpg",NA,"real","Neutral","[""neutral_button""]","9",NA,NA,NA,NA
"225","151619",NA,"resources/real_fg_memory_images/orig21.jpg",NA,"real","Scam","[""scam_button""]","9",NA,NA,NA,NA
"226","151619",NA,"resources/real_fg_memory_images/fg12.jpg",NA,"artificial","Neutral","[""scam_button""]","6",NA,NA,NA,NA
"227","151619",NA,"resources/real_fg_memory_images/fg1.jpg",NA,"artificial","Scam","[""scam_button""]","6",NA,NA,NA,NA
"228","151619",NA,"resources/real_fg_memory_images/orig19.jpg",NA,"real","Scam","[""scam_button""]","8",NA,NA,NA,NA
"229","151619",NA,"resources/real_fg_memory_images/fg4.jpg",NA,"artificial","Scam","[""neutral_button""]","8",NA,NA,NA,NA
"230","151619",NA,"resources/real_fg_memory_images/orig29.jpg",NA,"real","Neutral","[""neutral_button""]","7",NA,NA,NA,NA
"231","151619",NA,"resources/real_fg_memory_images/fg7.jpg",NA,"artificial","Neutral","[""neutral_button""]","8",NA,NA,NA,NA
"232","151619",NA,"resources/real_fg_memory_images/fg8.jpg",NA,"artificial","Neutral","[""neutral_button""]","9",NA,NA,NA,NA
"233","151619",NA,"resources/real_fg_memory_images/orig27.jpg",NA,"real","Neutral","[""neutral_button""]","9",NA,NA,NA,NA
"234","151619",NA,"resources/real_fg_memory_images/orig23.jpg",NA,"real","Scam","[""scam_button""]","7",NA,NA,NA,NA
"235","151619",NA,"resources/real_fg_memory_images/fg10.jpg",NA,"artificial","Neutral","[""neutral_button""]","7",NA,NA,NA,NA
"236","151619",NA,"resources/real_fg_memory_images/fg11.jpg",NA,"artificial","Neutral","[""neutral_button""]","8",NA,NA,NA,NA
"237","151619",NA,NA,NA,NA,NA,NA,NA,NA,NA,NA,NA
"238","151619",6,"resources/real_fg_memory_images/orig29.jpg","real",NA,NA,NA,NA,NA,NA,NA,NA
"239","151619",7,"resources/real_fg_memory_images/orig24.jpg","real",NA,NA,NA,NA,NA,NA,NA,NA
"240","151619",7,"resources/real_fg_memory_images/fg18.jpg","artificial",NA,NA,NA,NA,NA,NA,NA,NA
"241","151619",4,"resources/real_fg_memory_images/orig19.jpg","real",NA,NA,NA,NA,NA,NA,NA,NA
"242","151619",6,"resources/real_fg_memory_images/orig27.jpg","real",NA,NA,NA,NA,NA,NA,NA,NA
"243","151619",6,"resources/real_fg_memory_images/fg13.jpg","artificial",NA,NA,NA,NA,NA,NA,NA,NA
"244","151619",3,"resources/real_fg_memory_images/fg3.jpg","artificial",NA,NA,NA,NA,NA,NA,NA,NA
"245","151619",8,"resources/real_fg_memory_images/fg2.jpg","artificial",NA,NA,NA,NA,NA,NA,NA,NA
"246","151619",4,"resources/real_fg_memory_images/orig21.jpg","real",NA,NA,NA,NA,NA,NA,NA,NA
"247","151619",9,"resources/real_fg_memory_images/orig26.jpg","real",NA,NA,NA,NA,NA,NA,NA,NA
"248","151619",8,"resources/real_fg_memory_images/fg16.jpg","artificial",NA,NA,NA,NA,NA,NA,NA,NA
"249","151619",6,"resources/real_fg_memory_images/orig34.jpg","real",NA,NA,NA,NA,NA,NA,NA,NA
"250","151619",7,"resources/real_fg_memory_images/orig36.jpg","real",NA,NA,NA,NA,NA,NA,NA,NA
"251","151619",3,"resources/real_fg_memory_images/orig23.jpg","real",NA,NA,NA,NA,NA,NA,NA,NA
"252","151619",6,"resources/real_fg_memory_images/fg11.jpg","artificial",NA,NA,NA,NA,NA,NA,NA,NA
"253","151619",2,"resources/real_fg_memory_images/orig20.jpg","real",NA,NA,NA,NA,NA,NA,NA,NA
"254","151619",7,"resources/real_fg_memory_images/orig28.jpg","real",NA,NA,NA,NA,NA,NA,NA,NA
"255","151619",6,"resources/real_fg_memory_images/fg5.jpg","artificial",NA,NA,NA,NA,NA,NA,NA,NA
"256","151619",3,"resources/real_fg_memory_images/orig33.jpg","real",NA,NA,NA,NA,NA,NA,NA,NA
"257","151619",4,"resources/real_fg_memory_images/orig25.jpg","real",NA,NA,NA,NA,NA,NA,NA,NA
"258","151619",7,"resources/real_fg_memory_images/orig30.jpg","real",NA,NA,NA,NA,NA,NA,NA,NA
"259","151619",7,"resources/real_fg_memory_images/fg4.jpg","artificial",NA,NA,NA,NA,NA,NA,NA,NA
"260","151619",2,"resources/real_fg_memory_images/orig31.jpg","real",NA,NA,NA,NA,NA,NA,NA,NA
"261","151619",6,"resources/real_fg_memory_images/fg8.jpg","artificial",NA,NA,NA,NA,NA,NA,NA,NA
"262","151619",6,"resources/real_fg_memory_images/orig35.jpg","real",NA,NA,NA,NA,NA,NA,NA,NA
"263","151619",6,"resources/real_fg_memory_images/fg15.jpg","artificial",NA,NA,NA,NA,NA,NA,NA,NA
"264","151619",4,"resources/real_fg_memory_images/fg7.jpg","artificial",NA,NA,NA,NA,NA,NA,NA,NA
"265","151619",4,"resources/real_fg_memory_images/fg1.jpg","artificial",NA,NA,NA,NA,NA,NA,NA,NA
"266","151619",7,"resources/real_fg_memory_images/orig32.jpg","real",NA,NA,NA,NA,NA,NA,NA,NA
"267","151619",5,"resources/real_fg_memory_images/fg12.jpg","artificial",NA,NA,NA,NA,NA,NA,NA,NA
"268","151619",1,"resources/real_fg_memory_images/orig22.jpg","real",NA,NA,NA,NA,NA,NA,NA,NA
"269","151619",6,"resources/real_fg_memory_images/fg14.jpg","artificial",NA,NA,NA,NA,NA,NA,NA,NA
"270","151619",6,"resources/real_fg_memory_images/fg6.jpg","artificial",NA,NA,NA,NA,NA,NA,NA,NA
"271","151619",4,"resources/real_fg_memory_images/fg9.jpg","artificial",NA,NA,NA,NA,NA,NA,NA,NA
"272","151619",6,"resources/real_fg_memory_images/fg10.jpg","artificial",NA,NA,NA,NA,NA,NA,NA,NA
"273","151619",7,"resources/real_fg_memory_images/fg17.jpg","artificial",NA,NA,NA,NA,NA,NA,NA,NA
"274","151619",NA,NA,NA,NA,NA,NA,NA,NA,NA,NA,NA
"275","151619",NA,NA,NA,NA,NA,NA,NA,5,"Persons over the age of 65 are often targeted by con-artists",NA,NA
"276","151619",NA,NA,NA,NA,NA,NA,NA,2,"I have difficulty ending a phone call, even if the caller is a telemarketer, someone I do not know, or someone I do not wish to call me",NA,NA
"277","151619",NA,NA,NA,NA,NA,NA,NA,1,"If something sounds too good to be true, it usually is",NA,NA
"278","151619",NA,NA,NA,NA,NA,NA,NA,1,"If a telemarketer calls me, I usually listen to what they have to say",NA,NA
"279","151619",NA,NA,NA,NA,NA,NA,NA,5,"I answer the phone whenever it rings, even if I do not know who is calling",NA,NA
"280","151619",NA,NA,NA,NA,NA,NA,NA,NA,NA,NA,NA
"281","151619",NA,NA,NA,NA,NA,NA,NA,NA,NA,"[""female_option""]",NA
"282","151619",NA,NA,NA,NA,NA,NA,NA,NA,NA,NA,67
"283","151619",NA,NA,NA,NA,NA,NA,NA,NA,NA,NA,NA
"284","151619",NA,NA,NA,NA,NA,NA,NA,NA,NA,NA,NA
"285","151619",NA,NA,NA,NA,NA,NA,NA,NA,NA,NA,NA
"286","151619",NA,NA,NA,NA,NA,NA,NA,NA,NA,NA,NA
"287","151619",NA,NA,NA,NA,NA,NA,NA,NA,NA,NA,NA
"288","151619",NA,NA,NA,NA,NA,NA,NA,NA,NA,NA,NA
"289","151619",NA,NA,NA,NA,NA,NA,NA,NA,NA,NA,NA
"290","151619",NA,NA,NA,NA,NA,NA,NA,NA,NA,NA,NA
"291","151619",NA,NA,NA,NA,NA,NA,NA,NA,NA,NA,NA
"292","151619",NA,NA,NA,NA,NA,NA,NA,NA,NA,NA,NA
"293","183377",NA,NA,NA,NA,NA,NA,NA,NA,NA,NA,NA
"294","183377",NA,NA,NA,NA,NA,NA,NA,NA,NA,NA,NA
"295","183377",NA,NA,NA,NA,NA,NA,NA,NA,NA,NA,NA
"296","183377",NA,NA,NA,NA,NA,NA,NA,NA,NA,NA,NA
"297","183377",6,"resources/real_fg_memory_images/fg11.jpg","artificial",NA,NA,NA,NA,NA,NA,NA,NA
"298","183377",8,"resources/real_fg_memory_images/orig34.jpg","real",NA,NA,NA,NA,NA,NA,NA,NA
"299","183377",7,"resources/real_fg_memory_images/fg18.jpg","artificial",NA,NA,NA,NA,NA,NA,NA,NA
"300","183377",5,"resources/real_fg_memory_images/orig23.jpg","real",NA,NA,NA,NA,NA,NA,NA,NA
"301","183377",2,"resources/real_fg_memory_images/fg3.jpg","artificial",NA,NA,NA,NA,NA,NA,NA,NA
"302","183377",2,"resources/real_fg_memory_images/orig20.jpg","real",NA,NA,NA,NA,NA,NA,NA,NA
"303","183377",5,"resources/real_fg_memory_images/orig30.jpg","real",NA,NA,NA,NA,NA,NA,NA,NA
"304","183377",2,"resources/real_fg_memory_images/orig22.jpg","real",NA,NA,NA,NA,NA,NA,NA,NA
"305","183377",6,"resources/real_fg_memory_images/orig25.jpg","real",NA,NA,NA,NA,NA,NA,NA,NA
"306","183377",3,"resources/real_fg_memory_images/fg13.jpg","artificial",NA,NA,NA,NA,NA,NA,NA,NA
"307","183377",6,"resources/real_fg_memory_images/orig28.jpg","real",NA,NA,NA,NA,NA,NA,NA,NA
"308","183377",1,"resources/real_fg_memory_images/fg8.jpg","artificial",NA,NA,NA,NA,NA,NA,NA,NA
"309","183377",5,"resources/real_fg_memory_images/orig33.jpg","real",NA,NA,NA,NA,NA,NA,NA,NA
"310","183377",5,"resources/real_fg_memory_images/orig19.jpg","real",NA,NA,NA,NA,NA,NA,NA,NA
"311","183377",4,"resources/real_fg_memory_images/fg9.jpg","artificial",NA,NA,NA,NA,NA,NA,NA,NA
"312","183377",5,"resources/real_fg_memory_images/fg14.jpg","artificial",NA,NA,NA,NA,NA,NA,NA,NA
"313","183377",7,"resources/real_fg_memory_images/fg16.jpg","artificial",NA,NA,NA,NA,NA,NA,NA,NA
"314","183377",4,"resources/real_fg_memory_images/orig24.jpg","real",NA,NA,NA,NA,NA,NA,NA,NA
"315","183377",7,"resources/real_fg_memory_images/orig32.jpg","real",NA,NA,NA,NA,NA,NA,NA,NA
"316","183377",5,"resources/real_fg_memory_images/fg6.jpg","artificial",NA,NA,NA,NA,NA,NA,NA,NA
"317","183377",5,"resources/real_fg_memory_images/orig21.jpg","real",NA,NA,NA,NA,NA,NA,NA,NA
"318","183377",5,"resources/real_fg_memory_images/fg17.jpg","artificial",NA,NA,NA,NA,NA,NA,NA,NA
"319","183377",3,"resources/real_fg_memory_images/fg10.jpg","artificial",NA,NA,NA,NA,NA,NA,NA,NA
"320","183377",3,"resources/real_fg_memory_images/fg12.jpg","artificial",NA,NA,NA,NA,NA,NA,NA,NA
"321","183377",5,"resources/real_fg_memory_images/orig35.jpg","real",NA,NA,NA,NA,NA,NA,NA,NA
"322","183377",5,"resources/real_fg_memory_images/orig26.jpg","real",NA,NA,NA,NA,NA,NA,NA,NA
"323","183377",4,"resources/real_fg_memory_images/orig29.jpg","real",NA,NA,NA,NA,NA,NA,NA,NA
"324","183377",5,"resources/real_fg_memory_images/fg2.jpg","artificial",NA,NA,NA,NA,NA,NA,NA,NA
"325","183377",1,"resources/real_fg_memory_images/fg1.jpg","artificial",NA,NA,NA,NA,NA,NA,NA,NA
"326","183377",3,"resources/real_fg_memory_images/fg4.jpg","artificial",NA,NA,NA,NA,NA,NA,NA,NA
"327","183377",5,"resources/real_fg_memory_images/fg5.jpg","artificial",NA,NA,NA,NA,NA,NA,NA,NA
"328","183377",2,"resources/real_fg_memory_images/orig27.jpg","real",NA,NA,NA,NA,NA,NA,NA,NA
"329","183377",2,"resources/real_fg_memory_images/orig31.jpg","real",NA,NA,NA,NA,NA,NA,NA,NA
"330","183377",6,"resources/real_fg_memory_images/orig36.jpg","real",NA,NA,NA,NA,NA,NA,NA,NA
"331","183377",6,"resources/real_fg_memory_images/fg7.jpg","artificial",NA,NA,NA,NA,NA,NA,NA,NA
"332","183377",6,"resources/real_fg_memory_images/fg15.jpg","artificial",NA,NA,NA,NA,NA,NA,NA,NA
"333","183377",NA,NA,NA,NA,NA,NA,NA,NA,NA,NA,NA
"334","183377",NA,"resources/real_fg_memory_images/orig29.jpg",NA,"real","Neutral",NA,NA,NA,NA,NA,NA
"335","183377",NA,"resources/real_fg_memory_images/fg5.jpg",NA,"artificial","Scam",NA,NA,NA,NA,NA,NA
"336","183377",NA,"resources/real_fg_memory_images/fg2.jpg",NA,"artificial","Scam",NA,NA,NA,NA,NA,NA
"337","183377",NA,"resources/real_fg_memory_images/fg11.jpg",NA,"artificial","Neutral",NA,NA,NA,NA,NA,NA
"338","183377",NA,"resources/real_fg_memory_images/fg6.jpg",NA,"artificial","Scam",NA,NA,NA,NA,NA,NA
"339","183377",NA,"resources/real_fg_memory_images/fg4.jpg",NA,"artificial","Scam",NA,NA,NA,NA,NA,NA
"340","183377",NA,"resources/real_fg_memory_images/orig21.jpg",NA,"real","Scam",NA,NA,NA,NA,NA,NA
"341","183377",NA,"resources/real_fg_memory_images/orig20.jpg",NA,"real","Scam",NA,NA,NA,NA,NA,NA
"342","183377",NA,"resources/real_fg_memory_images/fg10.jpg",NA,"artificial","Neutral",NA,NA,NA,NA,NA,NA
"343","183377",NA,"resources/real_fg_memory_images/orig28.jpg",NA,"real","Neutral",NA,NA,NA,NA,NA,NA
"344","183377",NA,"resources/real_fg_memory_images/fg1.jpg",NA,"artificial","Scam",NA,NA,NA,NA,NA,NA
"345","183377",NA,"resources/real_fg_memory_images/fg7.jpg",NA,"artificial","Neutral",NA,NA,NA,NA,NA,NA
"346","183377",NA,"resources/real_fg_memory_images/fg12.jpg",NA,"artificial","Neutral",NA,NA,NA,NA,NA,NA
"347","183377",NA,"resources/real_fg_memory_images/fg8.jpg",NA,"artificial","Neutral",NA,NA,NA,NA,NA,NA
"348","183377",NA,"resources/real_fg_memory_images/fg3.jpg",NA,"artificial","Scam",NA,NA,NA,NA,NA,NA
"349","183377",NA,"resources/real_fg_memory_images/orig19.jpg",NA,"real","Scam",NA,NA,NA,NA,NA,NA
"350","183377",NA,"resources/real_fg_memory_images/orig24.jpg",NA,"real","Scam",NA,NA,NA,NA,NA,NA
"351","183377",NA,"resources/real_fg_memory_images/orig26.jpg",NA,"real","Neutral",NA,NA,NA,NA,NA,NA
"352","183377",NA,"resources/real_fg_memory_images/orig30.jpg",NA,"real","Neutral",NA,NA,NA,NA,NA,NA
"353","183377",NA,"resources/real_fg_memory_images/orig25.jpg",NA,"real","Neutral",NA,NA,NA,NA,NA,NA
"354","183377",NA,"resources/real_fg_memory_images/fg9.jpg",NA,"artificial","Neutral",NA,NA,NA,NA,NA,NA
"355","183377",NA,"resources/real_fg_memory_images/orig23.jpg",NA,"real","Scam",NA,NA,NA,NA,NA,NA
"356","183377",NA,"resources/real_fg_memory_images/orig27.jpg",NA,"real","Neutral",NA,NA,NA,NA,NA,NA
"357","183377",NA,"resources/real_fg_memory_images/orig22.jpg",NA,"real","Scam",NA,NA,NA,NA,NA,NA
"358","183377",NA,NA,NA,NA,NA,NA,NA,NA,NA,NA,NA
"359","183377",NA,"resources/real_fg_memory_images/orig23.jpg",NA,"real","Scam","[""scam_button""]","10",NA,NA,NA,NA
"360","183377",NA,"resources/real_fg_memory_images/orig26.jpg",NA,"real","Neutral","[""neutral_button""]","10",NA,NA,NA,NA
"361","183377",NA,"resources/real_fg_memory_images/fg5.jpg",NA,"artificial","Scam","[""scam_button""]","10",NA,NA,NA,NA
"362","183377",NA,"resources/real_fg_memory_images/fg3.jpg",NA,"artificial","Scam","[""scam_button""]","10",NA,NA,NA,NA
"363","183377",NA,"resources/real_fg_memory_images/fg7.jpg",NA,"artificial","Neutral","[""scam_button""]","5",NA,NA,NA,NA
"364","183377",NA,"resources/real_fg_memory_images/fg12.jpg",NA,"artificial","Neutral","[""neutral_button""]","10",NA,NA,NA,NA
"365","183377",NA,"resources/real_fg_memory_images/orig25.jpg",NA,"real","Neutral","[""scam_button""]","8",NA,NA,NA,NA
"366","183377",NA,"resources/real_fg_memory_images/fg10.jpg",NA,"artificial","Neutral","[""scam_button""]","9",NA,NA,NA,NA
"367","183377",NA,"resources/real_fg_memory_images/fg9.jpg",NA,"artificial","Neutral","[""neutral_button""]","5",NA,NA,NA,NA
"368","183377",NA,"resources/real_fg_memory_images/orig19.jpg",NA,"real","Scam","[""scam_button""]","7",NA,NA,NA,NA
"369","183377",NA,"resources/real_fg_memory_images/orig24.jpg",NA,"real","Scam","[""neutral_button""]","5",NA,NA,NA,NA
"370","183377",NA,"resources/real_fg_memory_images/fg6.jpg",NA,"artificial","Scam","[""scam_button""]","8",NA,NA,NA,NA
"371","183377",NA,"resources/real_fg_memory_images/fg8.jpg",NA,"artificial","Neutral","[""neutral_button""]","7",NA,NA,NA,NA
"372","183377",NA,"resources/real_fg_memory_images/orig20.jpg",NA,"real","Scam","[""scam_button""]","8",NA,NA,NA,NA
"373","183377",NA,"resources/real_fg_memory_images/orig21.jpg",NA,"real","Scam","[""neutral_button""]","9",NA,NA,NA,NA
"374","183377",NA,"resources/real_fg_memory_images/orig28.jpg",NA,"real","Neutral","[""neutral_button""]","9",NA,NA,NA,NA
"375","183377",NA,"resources/real_fg_memory_images/orig30.jpg",NA,"real","Neutral","[""neutral_button""]","8",NA,NA,NA,NA
"376","183377",NA,"resources/real_fg_memory_images/orig27.jpg",NA,"real","Neutral","[""neutral_button""]","8",NA,NA,NA,NA
"377","183377",NA,"resources/real_fg_memory_images/fg1.jpg",NA,"artificial","Scam","[""scam_button""]","9",NA,NA,NA,NA
"378","183377",NA,"resources/real_fg_memory_images/orig22.jpg",NA,"real","Scam","[""scam_button""]","9",NA,NA,NA,NA
"379","183377",NA,"resources/real_fg_memory_images/fg2.jpg",NA,"artificial","Scam","[""neutral_button""]","8",NA,NA,NA,NA
"380","183377",NA,"resources/real_fg_memory_images/fg11.jpg",NA,"artificial","Neutral","[""neutral_button""]","8",NA,NA,NA,NA
"381","183377",NA,"resources/real_fg_memory_images/fg4.jpg",NA,"artificial","Scam","[""neutral_button""]","5",NA,NA,NA,NA
"382","183377",NA,"resources/real_fg_memory_images/orig29.jpg",NA,"real","Neutral","[""scam_button""]","5",NA,NA,NA,NA
"383","183377",NA,NA,NA,NA,NA,NA,NA,NA,NA,NA,NA
"384","183377",0,"resources/real_fg_memory_images/orig22.jpg","real",NA,NA,NA,NA,NA,NA,NA,NA
"385","183377",7,"resources/real_fg_memory_images/fg7.jpg","artificial",NA,NA,NA,NA,NA,NA,NA,NA
"386","183377",6,"resources/real_fg_memory_images/fg13.jpg","artificial",NA,NA,NA,NA,NA,NA,NA,NA
"387","183377",6,"resources/real_fg_memory_images/fg3.jpg","artificial",NA,NA,NA,NA,NA,NA,NA,NA
"388","183377",7,"resources/real_fg_memory_images/fg16.jpg","artificial",NA,NA,NA,NA,NA,NA,NA,NA
"389","183377",6,"resources/real_fg_memory_images/orig21.jpg","real",NA,NA,NA,NA,NA,NA,NA,NA
"390","183377",10,"resources/real_fg_memory_images/orig28.jpg","real",NA,NA,NA,NA,NA,NA,NA,NA
"391","183377",3,"resources/real_fg_memory_images/orig19.jpg","real",NA,NA,NA,NA,NA,NA,NA,NA
"392","183377",6,"resources/real_fg_memory_images/fg6.jpg","artificial",NA,NA,NA,NA,NA,NA,NA,NA
"393","183377",5,"resources/real_fg_memory_images/orig23.jpg","real",NA,NA,NA,NA,NA,NA,NA,NA
"394","183377",4,"resources/real_fg_memory_images/fg17.jpg","artificial",NA,NA,NA,NA,NA,NA,NA,NA
"395","183377",3,"resources/real_fg_memory_images/fg8.jpg","artificial",NA,NA,NA,NA,NA,NA,NA,NA
"396","183377",7,"resources/real_fg_memory_images/fg14.jpg","artificial",NA,NA,NA,NA,NA,NA,NA,NA
"397","183377",7,"resources/real_fg_memory_images/orig32.jpg","real",NA,NA,NA,NA,NA,NA,NA,NA
"398","183377",5,"resources/real_fg_memory_images/fg11.jpg","artificial",NA,NA,NA,NA,NA,NA,NA,NA
"399","183377",6,"resources/real_fg_memory_images/orig36.jpg","real",NA,NA,NA,NA,NA,NA,NA,NA
"400","183377",5,"resources/real_fg_memory_images/orig25.jpg","real",NA,NA,NA,NA,NA,NA,NA,NA
"401","183377",8,"resources/real_fg_memory_images/orig26.jpg","real",NA,NA,NA,NA,NA,NA,NA,NA
"402","183377",4,"resources/real_fg_memory_images/orig29.jpg","real",NA,NA,NA,NA,NA,NA,NA,NA
"403","183377",2,"resources/real_fg_memory_images/fg12.jpg","artificial",NA,NA,NA,NA,NA,NA,NA,NA
"404","183377",5,"resources/real_fg_memory_images/fg15.jpg","artificial",NA,NA,NA,NA,NA,NA,NA,NA
"405","183377",4,"resources/real_fg_memory_images/fg9.jpg","artificial",NA,NA,NA,NA,NA,NA,NA,NA
"406","183377",7,"resources/real_fg_memory_images/orig34.jpg","real",NA,NA,NA,NA,NA,NA,NA,NA
"407","183377",5,"resources/real_fg_memory_images/fg10.jpg","artificial",NA,NA,NA,NA,NA,NA,NA,NA
"408","183377",5,"resources/real_fg_memory_images/orig24.jpg","real",NA,NA,NA,NA,NA,NA,NA,NA
"409","183377",3,"resources/real_fg_memory_images/fg1.jpg","artificial",NA,NA,NA,NA,NA,NA,NA,NA
"410","183377",6,"resources/real_fg_memory_images/fg18.jpg","artificial",NA,NA,NA,NA,NA,NA,NA,NA
"411","183377",6,"resources/real_fg_memory_images/orig31.jpg","real",NA,NA,NA,NA,NA,NA,NA,NA
"412","183377",5,"resources/real_fg_memory_images/fg4.jpg","artificial",NA,NA,NA,NA,NA,NA,NA,NA
"413","183377",5,"resources/real_fg_memory_images/orig20.jpg","real",NA,NA,NA,NA,NA,NA,NA,NA
"414","183377",6,"resources/real_fg_memory_images/orig30.jpg","real",NA,NA,NA,NA,NA,NA,NA,NA
"415","183377",5,"resources/real_fg_memory_images/fg2.jpg","artificial",NA,NA,NA,NA,NA,NA,NA,NA
"416","183377",7,"resources/real_fg_memory_images/fg5.jpg","artificial",NA,NA,NA,NA,NA,NA,NA,NA
"417","183377",8,"resources/real_fg_memory_images/orig33.jpg","real",NA,NA,NA,NA,NA,NA,NA,NA
"418","183377",8,"resources/real_fg_memory_images/orig27.jpg","real",NA,NA,NA,NA,NA,NA,NA,NA
"419","183377",6,"resources/real_fg_memory_images/orig35.jpg","real",NA,NA,NA,NA,NA,NA,NA,NA
"420","183377",NA,NA,NA,NA,NA,NA,NA,NA,NA,NA,NA
"421","183377",NA,NA,NA,NA,NA,NA,NA,5,"If a telemarketer calls me, I usually listen to what they have to say",NA,NA
"422","183377",NA,NA,NA,NA,NA,NA,NA,1,"I answer the phone whenever it rings, even if I do not know who is calling",NA,NA
"423","183377",NA,NA,NA,NA,NA,NA,NA,1,"Persons over the age of 65 are often targeted by con-artists",NA,NA
"424","183377",NA,NA,NA,NA,NA,NA,NA,3,"I have difficulty ending a phone call, even if the caller is a telemarketer, someone I do not know, or someone I do not wish to call me",NA,NA
"425","183377",NA,NA,NA,NA,NA,NA,NA,3,"If something sounds too good to be true, it usually is",NA,NA
"426","183377",NA,NA,NA,NA,NA,NA,NA,NA,NA,NA,NA
"427","183377",NA,NA,NA,NA,NA,NA,NA,NA,NA,"[""male_option""]",NA
"428","183377",NA,NA,NA,NA,NA,NA,NA,NA,NA,NA,79
"429","183377",NA,NA,NA,NA,NA,NA,NA,NA,NA,NA,NA
"430","183377",NA,NA,NA,NA,NA,NA,NA,NA,NA,NA,NA
"431","183377",NA,NA,NA,NA,NA,NA,NA,NA,NA,NA,NA
"432","183377",NA,NA,NA,NA,NA,NA,NA,NA,NA,NA,NA
"433","183377",NA,NA,NA,NA,NA,NA,NA,NA,NA,NA,NA
"434","183377",NA,NA,NA,NA,NA,NA,NA,NA,NA,NA,NA
"435","183377",NA,NA,NA,NA,NA,NA,NA,NA,NA,NA,NA
"436","183377",NA,NA,NA,NA,NA,NA,NA,NA,NA,NA,NA
"437","183377",NA,NA,NA,NA,NA,NA,NA,NA,NA,NA,NA
"438","183377",NA,NA,NA,NA,NA,NA,NA,NA,NA,NA,NA
"439","215889",NA,NA,NA,NA,NA,NA,NA,NA,NA,NA,NA
"440","215889",NA,NA,NA,NA,NA,NA,NA,NA,NA,NA,NA
"441","215889",NA,NA,NA,NA,NA,NA,NA,NA,NA,NA,NA
"442","215889",NA,NA,NA,NA,NA,NA,NA,NA,NA,NA,NA
"443","215889",10,"resources/real_fg_memory_images/orig34.jpg","real",NA,NA,NA,NA,NA,NA,NA,NA
"444","215889",10,"resources/real_fg_memory_images/orig31.jpg","real",NA,NA,NA,NA,NA,NA,NA,NA
"445","215889",10,"resources/real_fg_memory_images/orig21.jpg","real",NA,NA,NA,NA,NA,NA,NA,NA
"446","215889",0,"resources/real_fg_memory_images/orig23.jpg","real",NA,NA,NA,NA,NA,NA,NA,NA
"447","215889",10,"resources/real_fg_memory_images/orig28.jpg","real",NA,NA,NA,NA,NA,NA,NA,NA
"448","215889",10,"resources/real_fg_memory_images/orig19.jpg","real",NA,NA,NA,NA,NA,NA,NA,NA
"449","215889",0,"resources/real_fg_memory_images/fg1.jpg","artificial",NA,NA,NA,NA,NA,NA,NA,NA
"450","215889",10,"resources/real_fg_memory_images/fg2.jpg","artificial",NA,NA,NA,NA,NA,NA,NA,NA
"451","215889",10,"resources/real_fg_memory_images/orig30.jpg","real",NA,NA,NA,NA,NA,NA,NA,NA
"452","215889",10,"resources/real_fg_memory_images/orig26.jpg","real",NA,NA,NA,NA,NA,NA,NA,NA
"453","215889",10,"resources/real_fg_memory_images/fg18.jpg","artificial",NA,NA,NA,NA,NA,NA,NA,NA
"454","215889",0,"resources/real_fg_memory_images/fg3.jpg","artificial",NA,NA,NA,NA,NA,NA,NA,NA
"455","215889",10,"resources/real_fg_memory_images/fg7.jpg","artificial",NA,NA,NA,NA,NA,NA,NA,NA
"456","215889",10,"resources/real_fg_memory_images/fg6.jpg","artificial",NA,NA,NA,NA,NA,NA,NA,NA
"457","215889",10,"resources/real_fg_memory_images/orig24.jpg","real",NA,NA,NA,NA,NA,NA,NA,NA
"458","215889",10,"resources/real_fg_memory_images/orig36.jpg","real",NA,NA,NA,NA,NA,NA,NA,NA
"459","215889",0,"resources/real_fg_memory_images/orig33.jpg","real",NA,NA,NA,NA,NA,NA,NA,NA
"460","215889",10,"resources/real_fg_memory_images/orig29.jpg","real",NA,NA,NA,NA,NA,NA,NA,NA
"461","215889",0,"resources/real_fg_memory_images/fg14.jpg","artificial",NA,NA,NA,NA,NA,NA,NA,NA
"462","215889",10,"resources/real_fg_memory_images/orig32.jpg","real",NA,NA,NA,NA,NA,NA,NA,NA
"463","215889",0,"resources/real_fg_memory_images/fg9.jpg","artificial",NA,NA,NA,NA,NA,NA,NA,NA
"464","215889",0,"resources/real_fg_memory_images/fg5.jpg","artificial",NA,NA,NA,NA,NA,NA,NA,NA
"465","215889",0,"resources/real_fg_memory_images/orig20.jpg","real",NA,NA,NA,NA,NA,NA,NA,NA
"466","215889",10,"resources/real_fg_memory_images/fg11.jpg","artificial",NA,NA,NA,NA,NA,NA,NA,NA
"467","215889",10,"resources/real_fg_memory_images/fg15.jpg","artificial",NA,NA,NA,NA,NA,NA,NA,NA
"468","215889",0,"resources/real_fg_memory_images/fg13.jpg","artificial",NA,NA,NA,NA,NA,NA,NA,NA
"469","215889",10,"resources/real_fg_memory_images/fg16.jpg","artificial",NA,NA,NA,NA,NA,NA,NA,NA
"470","215889",10,"resources/real_fg_memory_images/orig22.jpg","real",NA,NA,NA,NA,NA,NA,NA,NA
"471","215889",10,"resources/real_fg_memory_images/orig27.jpg","real",NA,NA,NA,NA,NA,NA,NA,NA
"472","215889",10,"resources/real_fg_memory_images/orig25.jpg","real",NA,NA,NA,NA,NA,NA,NA,NA
"473","215889",0,"resources/real_fg_memory_images/fg4.jpg","artificial",NA,NA,NA,NA,NA,NA,NA,NA
"474","215889",0,"resources/real_fg_memory_images/fg8.jpg","artificial",NA,NA,NA,NA,NA,NA,NA,NA
"475","215889",0,"resources/real_fg_memory_images/orig35.jpg","real",NA,NA,NA,NA,NA,NA,NA,NA
"476","215889",0,"resources/real_fg_memory_images/fg12.jpg","artificial",NA,NA,NA,NA,NA,NA,NA,NA
"477","215889",10,"resources/real_fg_memory_images/fg10.jpg","artificial",NA,NA,NA,NA,NA,NA,NA,NA
"478","215889",10,"resources/real_fg_memory_images/fg17.jpg","artificial",NA,NA,NA,NA,NA,NA,NA,NA
"479","215889",NA,NA,NA,NA,NA,NA,NA,NA,NA,NA,NA
"480","215889",NA,"resources/real_fg_memory_images/fg1.jpg",NA,"artificial","Scam",NA,NA,NA,NA,NA,NA
"481","215889",NA,"resources/real_fg_memory_images/orig21.jpg",NA,"real","Scam",NA,NA,NA,NA,NA,NA
"482","215889",NA,"resources/real_fg_memory_images/fg6.jpg",NA,"artificial","Scam",NA,NA,NA,NA,NA,NA
"483","215889",NA,"resources/real_fg_memory_images/fg4.jpg",NA,"artificial","Scam",NA,NA,NA,NA,NA,NA
"484","215889",NA,"resources/real_fg_memory_images/orig25.jpg",NA,"real","Neutral",NA,NA,NA,NA,NA,NA
"485","215889",NA,"resources/real_fg_memory_images/orig27.jpg",NA,"real","Neutral",NA,NA,NA,NA,NA,NA
"486","215889",NA,"resources/real_fg_memory_images/fg5.jpg",NA,"artificial","Scam",NA,NA,NA,NA,NA,NA
"487","215889",NA,"resources/real_fg_memory_images/orig22.jpg",NA,"real","Scam",NA,NA,NA,NA,NA,NA
"488","215889",NA,"resources/real_fg_memory_images/fg7.jpg",NA,"artificial","Neutral",NA,NA,NA,NA,NA,NA
"489","215889",NA,"resources/real_fg_memory_images/orig20.jpg",NA,"real","Scam",NA,NA,NA,NA,NA,NA
"490","215889",NA,"resources/real_fg_memory_images/orig29.jpg",NA,"real","Neutral",NA,NA,NA,NA,NA,NA
"491","215889",NA,"resources/real_fg_memory_images/fg9.jpg",NA,"artificial","Neutral",NA,NA,NA,NA,NA,NA
"492","215889",NA,"resources/real_fg_memory_images/fg12.jpg",NA,"artificial","Neutral",NA,NA,NA,NA,NA,NA
"493","215889",NA,"resources/real_fg_memory_images/orig23.jpg",NA,"real","Scam",NA,NA,NA,NA,NA,NA
"494","215889",NA,"resources/real_fg_memory_images/fg10.jpg",NA,"artificial","Neutral",NA,NA,NA,NA,NA,NA
"495","215889",NA,"resources/real_fg_memory_images/orig30.jpg",NA,"real","Neutral",NA,NA,NA,NA,NA,NA
"496","215889",NA,"resources/real_fg_memory_images/fg2.jpg",NA,"artificial","Scam",NA,NA,NA,NA,NA,NA
"497","215889",NA,"resources/real_fg_memory_images/fg3.jpg",NA,"artificial","Scam",NA,NA,NA,NA,NA,NA
"498","215889",NA,"resources/real_fg_memory_images/orig19.jpg",NA,"real","Scam",NA,NA,NA,NA,NA,NA
"499","215889",NA,"resources/real_fg_memory_images/fg11.jpg",NA,"artificial","Neutral",NA,NA,NA,NA,NA,NA
"500","215889",NA,"resources/real_fg_memory_images/orig26.jpg",NA,"real","Neutral",NA,NA,NA,NA,NA,NA
"501","215889",NA,"resources/real_fg_memory_images/fg8.jpg",NA,"artificial","Neutral",NA,NA,NA,NA,NA,NA
"502","215889",NA,"resources/real_fg_memory_images/orig24.jpg",NA,"real","Scam",NA,NA,NA,NA,NA,NA
"503","215889",NA,"resources/real_fg_memory_images/orig28.jpg",NA,"real","Neutral",NA,NA,NA,NA,NA,NA
"504","215889",NA,NA,NA,NA,NA,NA,NA,NA,NA,NA,NA
"505","215889",NA,"resources/real_fg_memory_images/orig19.jpg",NA,"real","Scam","[""neutral_button""]","10",NA,NA,NA,NA
"506","215889",NA,"resources/real_fg_memory_images/fg10.jpg",NA,"artificial","Neutral","[""scam_button""]","10",NA,NA,NA,NA
"507","215889",NA,"resources/real_fg_memory_images/fg8.jpg",NA,"artificial","Neutral","[""neutral_button""]","10",NA,NA,NA,NA
"508","215889",NA,"resources/real_fg_memory_images/orig20.jpg",NA,"real","Scam","[""scam_button""]","10",NA,NA,NA,NA
"509","215889",NA,"resources/real_fg_memory_images/fg4.jpg",NA,"artificial","Scam","[""scam_button""]","10",NA,NA,NA,NA
"510","215889",NA,"resources/real_fg_memory_images/orig30.jpg",NA,"real","Neutral","[""scam_button""]","10",NA,NA,NA,NA
"511","215889",NA,"resources/real_fg_memory_images/fg2.jpg",NA,"artificial","Scam","[""scam_button""]","10",NA,NA,NA,NA
"512","215889",NA,"resources/real_fg_memory_images/fg7.jpg",NA,"artificial","Neutral","[""neutral_button""]","10",NA,NA,NA,NA
"513","215889",NA,"resources/real_fg_memory_images/orig28.jpg",NA,"real","Neutral","[""neutral_button""]","10",NA,NA,NA,NA
"514","215889",NA,"resources/real_fg_memory_images/orig21.jpg",NA,"real","Scam","[""scam_button""]","10",NA,NA,NA,NA
"515","215889",NA,"resources/real_fg_memory_images/fg9.jpg",NA,"artificial","Neutral","[""scam_button""]","10",NA,NA,NA,NA
"516","215889",NA,"resources/real_fg_memory_images/orig22.jpg",NA,"real","Scam","[""scam_button""]","10",NA,NA,NA,NA
"517","215889",NA,"resources/real_fg_memory_images/orig24.jpg",NA,"real","Scam","[""neutral_button""]","10",NA,NA,NA,NA
"518","215889",NA,"resources/real_fg_memory_images/fg12.jpg",NA,"artificial","Neutral","[""scam_button""]","10",NA,NA,NA,NA
"519","215889",NA,"resources/real_fg_memory_images/orig25.jpg",NA,"real","Neutral","[""neutral_button""]","10",NA,NA,NA,NA
"520","215889",NA,"resources/real_fg_memory_images/fg11.jpg",NA,"artificial","Neutral","[""neutral_button""]","10",NA,NA,NA,NA
"521","215889",NA,"resources/real_fg_memory_images/orig23.jpg",NA,"real","Scam","[""scam_button""]","10",NA,NA,NA,NA
"522","215889",NA,"resources/real_fg_memory_images/orig27.jpg",NA,"real","Neutral","[""neutral_button""]","10",NA,NA,NA,NA
"523","215889",NA,"resources/real_fg_memory_images/fg3.jpg",NA,"artificial","Scam","[""scam_button""]","10",NA,NA,NA,NA
"524","215889",NA,"resources/real_fg_memory_images/orig29.jpg",NA,"real","Neutral","[""scam_button""]","10",NA,NA,NA,NA
"525","215889",NA,"resources/real_fg_memory_images/fg6.jpg",NA,"artificial","Scam","[""scam_button""]","10",NA,NA,NA,NA
"526","215889",NA,"resources/real_fg_memory_images/fg1.jpg",NA,"artificial","Scam","[""scam_button""]","10",NA,NA,NA,NA
"527","215889",NA,"resources/real_fg_memory_images/fg5.jpg",NA,"artificial","Scam","[""scam_button""]","10",NA,NA,NA,NA
"528","215889",NA,"resources/real_fg_memory_images/orig26.jpg",NA,"real","Neutral","[""neutral_button""]","10",NA,NA,NA,NA
"529","215889",NA,NA,NA,NA,NA,NA,NA,NA,NA,NA,NA
"530","215889",0,"resources/real_fg_memory_images/fg9.jpg","artificial",NA,NA,NA,NA,NA,NA,NA,NA
"531","215889",0,"resources/real_fg_memory_images/orig20.jpg","real",NA,NA,NA,NA,NA,NA,NA,NA
"532","215889",0,"resources/real_fg_memory_images/orig29.jpg","real",NA,NA,NA,NA,NA,NA,NA,NA
"533","215889",0,"resources/real_fg_memory_images/fg14.jpg","artificial",NA,NA,NA,NA,NA,NA,NA,NA
"534","215889",0,"resources/real_fg_memory_images/orig21.jpg","real",NA,NA,NA,NA,NA,NA,NA,NA
"535","215889",0,"resources/real_fg_memory_images/fg2.jpg","artificial",NA,NA,NA,NA,NA,NA,NA,NA
"536","215889",10,"resources/real_fg_memory_images/orig35.jpg","real",NA,NA,NA,NA,NA,NA,NA,NA
"537","215889",0,"resources/real_fg_memory_images/fg18.jpg","artificial",NA,NA,NA,NA,NA,NA,NA,NA
"538","215889",0,"resources/real_fg_memory_images/fg3.jpg","artificial",NA,NA,NA,NA,NA,NA,NA,NA
"539","215889",10,"resources/real_fg_memory_images/fg8.jpg","artificial",NA,NA,NA,NA,NA,NA,NA,NA
"540","215889",10,"resources/real_fg_memory_images/orig32.jpg","real",NA,NA,NA,NA,NA,NA,NA,NA
"541","215889",0,"resources/real_fg_memory_images/fg1.jpg","artificial",NA,NA,NA,NA,NA,NA,NA,NA
"542","215889",10,"resources/real_fg_memory_images/orig28.jpg","real",NA,NA,NA,NA,NA,NA,NA,NA
"543","215889",10,"resources/real_fg_memory_images/fg11.jpg","artificial",NA,NA,NA,NA,NA,NA,NA,NA
"544","215889",0,"resources/real_fg_memory_images/orig25.jpg","real",NA,NA,NA,NA,NA,NA,NA,NA
"545","215889",0,"resources/real_fg_memory_images/orig33.jpg","real",NA,NA,NA,NA,NA,NA,NA,NA
"546","215889",0,"resources/real_fg_memory_images/orig34.jpg","real",NA,NA,NA,NA,NA,NA,NA,NA
"547","215889",0,"resources/real_fg_memory_images/fg17.jpg","artificial",NA,NA,NA,NA,NA,NA,NA,NA
"548","215889",0,"resources/real_fg_memory_images/orig31.jpg","real",NA,NA,NA,NA,NA,NA,NA,NA
"549","215889",0,"resources/real_fg_memory_images/orig22.jpg","real",NA,NA,NA,NA,NA,NA,NA,NA
"550","215889",10,"resources/real_fg_memory_images/fg6.jpg","artificial",NA,NA,NA,NA,NA,NA,NA,NA
"551","215889",0,"resources/real_fg_memory_images/fg15.jpg","artificial",NA,NA,NA,NA,NA,NA,NA,NA
"552","215889",0,"resources/real_fg_memory_images/orig23.jpg","real",NA,NA,NA,NA,NA,NA,NA,NA
"553","215889",0,"resources/real_fg_memory_images/fg7.jpg","artificial",NA,NA,NA,NA,NA,NA,NA,NA
"554","215889",10,"resources/real_fg_memory_images/fg4.jpg","artificial",NA,NA,NA,NA,NA,NA,NA,NA
"555","215889",10,"resources/real_fg_memory_images/orig24.jpg","real",NA,NA,NA,NA,NA,NA,NA,NA
"556","215889",10,"resources/real_fg_memory_images/fg16.jpg","artificial",NA,NA,NA,NA,NA,NA,NA,NA
"557","215889",0,"resources/real_fg_memory_images/orig30.jpg","real",NA,NA,NA,NA,NA,NA,NA,NA
"558","215889",0,"resources/real_fg_memory_images/orig36.jpg","real",NA,NA,NA,NA,NA,NA,NA,NA
"559","215889",10,"resources/real_fg_memory_images/orig27.jpg","real",NA,NA,NA,NA,NA,NA,NA,NA
"560","215889",0,"resources/real_fg_memory_images/orig19.jpg","real",NA,NA,NA,NA,NA,NA,NA,NA
"561","215889",0,"resources/real_fg_memory_images/fg13.jpg","artificial",NA,NA,NA,NA,NA,NA,NA,NA
"562","215889",0,"resources/real_fg_memory_images/fg12.jpg","artificial",NA,NA,NA,NA,NA,NA,NA,NA
"563","215889",10,"resources/real_fg_memory_images/fg10.jpg","artificial",NA,NA,NA,NA,NA,NA,NA,NA
"564","215889",0,"resources/real_fg_memory_images/fg5.jpg","artificial",NA,NA,NA,NA,NA,NA,NA,NA
"565","215889",10,"resources/real_fg_memory_images/orig26.jpg","real",NA,NA,NA,NA,NA,NA,NA,NA
"566","215889",NA,NA,NA,NA,NA,NA,NA,NA,NA,NA,NA
"567","215889",NA,NA,NA,NA,NA,NA,NA,1,"If a telemarketer calls me, I usually listen to what they have to say",NA,NA
"568","215889",NA,NA,NA,NA,NA,NA,NA,2,"I have difficulty ending a phone call, even if the caller is a telemarketer, someone I do not know, or someone I do not wish to call me",NA,NA
"569","215889",NA,NA,NA,NA,NA,NA,NA,3,"Persons over the age of 65 are often targeted by con-artists",NA,NA
"570","215889",NA,NA,NA,NA,NA,NA,NA,4,"I answer the phone whenever it rings, even if I do not know who is calling",NA,NA
"571","215889",NA,NA,NA,NA,NA,NA,NA,4,"If something sounds too good to be true, it usually is",NA,NA
"572","215889",NA,NA,NA,NA,NA,NA,NA,NA,NA,NA,NA
"573","215889",NA,NA,NA,NA,NA,NA,NA,NA,NA,"[""male_option""]",NA
"574","215889",NA,NA,NA,NA,NA,NA,NA,NA,NA,NA,60
"575","215889",NA,NA,NA,NA,NA,NA,NA,NA,NA,NA,NA
"576","215889",NA,NA,NA,NA,NA,NA,NA,NA,NA,NA,NA
"577","215889",NA,NA,NA,NA,NA,NA,NA,NA,NA,NA,NA
"578","215889",NA,NA,NA,NA,NA,NA,NA,NA,NA,NA,NA
"579","215889",NA,NA,NA,NA,NA,NA,NA,NA,NA,NA,NA
"580","215889",NA,NA,NA,NA,NA,NA,NA,NA,NA,NA,NA
"581","215889",NA,NA,NA,NA,NA,NA,NA,NA,NA,NA,NA
"582","215889",NA,NA,NA,NA,NA,NA,NA,NA,NA,NA,NA
"583","215889",NA,NA,NA,NA,NA,NA,NA,NA,NA,NA,NA
"584","215889",NA,NA,NA,NA,NA,NA,NA,NA,NA,NA,NA
"585","237137",NA,NA,NA,NA,NA,NA,NA,NA,NA,NA,NA
"586","237137",NA,NA,NA,NA,NA,NA,NA,NA,NA,NA,NA
"587","237137",NA,NA,NA,NA,NA,NA,NA,NA,NA,NA,NA
"588","237137",NA,NA,NA,NA,NA,NA,NA,NA,NA,NA,NA
"589","237137",3,"resources/real_fg_memory_images/fg1.jpg","artificial",NA,NA,NA,NA,NA,NA,NA,NA
"590","237137",5,"resources/real_fg_memory_images/orig30.jpg","real",NA,NA,NA,NA,NA,NA,NA,NA
"591","237137",6,"resources/real_fg_memory_images/fg15.jpg","artificial",NA,NA,NA,NA,NA,NA,NA,NA
"592","237137",7,"resources/real_fg_memory_images/orig24.jpg","real",NA,NA,NA,NA,NA,NA,NA,NA
"593","237137",4,"resources/real_fg_memory_images/fg16.jpg","artificial",NA,NA,NA,NA,NA,NA,NA,NA
"594","237137",5,"resources/real_fg_memory_images/orig29.jpg","real",NA,NA,NA,NA,NA,NA,NA,NA
"595","237137",6,"resources/real_fg_memory_images/fg11.jpg","artificial",NA,NA,NA,NA,NA,NA,NA,NA
"596","237137",5,"resources/real_fg_memory_images/orig36.jpg","real",NA,NA,NA,NA,NA,NA,NA,NA
"597","237137",2,"resources/real_fg_memory_images/fg7.jpg","artificial",NA,NA,NA,NA,NA,NA,NA,NA
"598","237137",0,"resources/real_fg_memory_images/fg9.jpg","artificial",NA,NA,NA,NA,NA,NA,NA,NA
"599","237137",3,"resources/real_fg_memory_images/orig20.jpg","real",NA,NA,NA,NA,NA,NA,NA,NA
"600","237137",6,"resources/real_fg_memory_images/orig32.jpg","real",NA,NA,NA,NA,NA,NA,NA,NA
"601","237137",3,"resources/real_fg_memory_images/fg3.jpg","artificial",NA,NA,NA,NA,NA,NA,NA,NA
"602","237137",4,"resources/real_fg_memory_images/orig25.jpg","real",NA,NA,NA,NA,NA,NA,NA,NA
"603","237137",6,"resources/real_fg_memory_images/orig28.jpg","real",NA,NA,NA,NA,NA,NA,NA,NA
"604","237137",3,"resources/real_fg_memory_images/fg10.jpg","artificial",NA,NA,NA,NA,NA,NA,NA,NA
"605","237137",1,"resources/real_fg_memory_images/fg2.jpg","artificial",NA,NA,NA,NA,NA,NA,NA,NA
"606","237137",2,"resources/real_fg_memory_images/fg8.jpg","artificial",NA,NA,NA,NA,NA,NA,NA,NA
"607","237137",0,"resources/real_fg_memory_images/fg4.jpg","artificial",NA,NA,NA,NA,NA,NA,NA,NA
"608","237137",4,"resources/real_fg_memory_images/orig27.jpg","real",NA,NA,NA,NA,NA,NA,NA,NA
"609","237137",0,"resources/real_fg_memory_images/fg5.jpg","artificial",NA,NA,NA,NA,NA,NA,NA,NA
"610","237137",6,"resources/real_fg_memory_images/orig34.jpg","real",NA,NA,NA,NA,NA,NA,NA,NA
"611","237137",5,"resources/real_fg_memory_images/orig23.jpg","real",NA,NA,NA,NA,NA,NA,NA,NA
"612","237137",1,"resources/real_fg_memory_images/fg13.jpg","artificial",NA,NA,NA,NA,NA,NA,NA,NA
"613","237137",1,"resources/real_fg_memory_images/orig22.jpg","real",NA,NA,NA,NA,NA,NA,NA,NA
"614","237137",4,"resources/real_fg_memory_images/fg6.jpg","artificial",NA,NA,NA,NA,NA,NA,NA,NA
"615","237137",0,"resources/real_fg_memory_images/fg12.jpg","artificial",NA,NA,NA,NA,NA,NA,NA,NA
"616","237137",4,"resources/real_fg_memory_images/orig35.jpg","real",NA,NA,NA,NA,NA,NA,NA,NA
"617","237137",7,"resources/real_fg_memory_images/orig19.jpg","real",NA,NA,NA,NA,NA,NA,NA,NA
"618","237137",1,"resources/real_fg_memory_images/fg17.jpg","artificial",NA,NA,NA,NA,NA,NA,NA,NA
"619","237137",5,"resources/real_fg_memory_images/orig33.jpg","real",NA,NA,NA,NA,NA,NA,NA,NA
"620","237137",2,"resources/real_fg_memory_images/orig21.jpg","real",NA,NA,NA,NA,NA,NA,NA,NA
"621","237137",3,"resources/real_fg_memory_images/fg14.jpg","artificial",NA,NA,NA,NA,NA,NA,NA,NA
"622","237137",6,"resources/real_fg_memory_images/orig26.jpg","real",NA,NA,NA,NA,NA,NA,NA,NA
"623","237137",5,"resources/real_fg_memory_images/fg18.jpg","artificial",NA,NA,NA,NA,NA,NA,NA,NA
"624","237137",3,"resources/real_fg_memory_images/orig31.jpg","real",NA,NA,NA,NA,NA,NA,NA,NA
"625","237137",NA,NA,NA,NA,NA,NA,NA,NA,NA,NA,NA
"626","237137",NA,"resources/real_fg_memory_images/orig25.jpg",NA,"real","Neutral",NA,NA,NA,NA,NA,NA
"627","237137",NA,"resources/real_fg_memory_images/orig27.jpg",NA,"real","Neutral",NA,NA,NA,NA,NA,NA
"628","237137",NA,"resources/real_fg_memory_images/fg10.jpg",NA,"artificial","Neutral",NA,NA,NA,NA,NA,NA
"629","237137",NA,"resources/real_fg_memory_images/orig19.jpg",NA,"real","Scam",NA,NA,NA,NA,NA,NA
"630","237137",NA,"resources/real_fg_memory_images/orig24.jpg",NA,"real","Scam",NA,NA,NA,NA,NA,NA
"631","237137",NA,"resources/real_fg_memory_images/fg5.jpg",NA,"artificial","Scam",NA,NA,NA,NA,NA,NA
"632","237137",NA,"resources/real_fg_memory_images/fg8.jpg",NA,"artificial","Neutral",NA,NA,NA,NA,NA,NA
"633","237137",NA,"resources/real_fg_memory_images/fg9.jpg",NA,"artificial","Neutral",NA,NA,NA,NA,NA,NA
"634","237137",NA,"resources/real_fg_memory_images/fg12.jpg",NA,"artificial","Neutral",NA,NA,NA,NA,NA,NA
"635","237137",NA,"resources/real_fg_memory_images/orig21.jpg",NA,"real","Scam",NA,NA,NA,NA,NA,NA
"636","237137",NA,"resources/real_fg_memory_images/fg11.jpg",NA,"artificial","Neutral",NA,NA,NA,NA,NA,NA
"637","237137",NA,"resources/real_fg_memory_images/orig20.jpg",NA,"real","Scam",NA,NA,NA,NA,NA,NA
"638","237137",NA,"resources/real_fg_memory_images/orig29.jpg",NA,"real","Neutral",NA,NA,NA,NA,NA,NA
"639","237137",NA,"resources/real_fg_memory_images/fg1.jpg",NA,"artificial","Scam",NA,NA,NA,NA,NA,NA
"640","237137",NA,"resources/real_fg_memory_images/orig28.jpg",NA,"real","Neutral",NA,NA,NA,NA,NA,NA
"641","237137",NA,"resources/real_fg_memory_images/fg2.jpg",NA,"artificial","Scam",NA,NA,NA,NA,NA,NA
"642","237137",NA,"resources/real_fg_memory_images/orig23.jpg",NA,"real","Scam",NA,NA,NA,NA,NA,NA
"643","237137",NA,"resources/real_fg_memory_images/orig22.jpg",NA,"real","Scam",NA,NA,NA,NA,NA,NA
"644","237137",NA,"resources/real_fg_memory_images/fg4.jpg",NA,"artificial","Scam",NA,NA,NA,NA,NA,NA
"645","237137",NA,"resources/real_fg_memory_images/orig26.jpg",NA,"real","Neutral",NA,NA,NA,NA,NA,NA
"646","237137",NA,"resources/real_fg_memory_images/orig30.jpg",NA,"real","Neutral",NA,NA,NA,NA,NA,NA
"647","237137",NA,"resources/real_fg_memory_images/fg7.jpg",NA,"artificial","Neutral",NA,NA,NA,NA,NA,NA
"648","237137",NA,"resources/real_fg_memory_images/fg6.jpg",NA,"artificial","Scam",NA,NA,NA,NA,NA,NA
"649","237137",NA,"resources/real_fg_memory_images/fg3.jpg",NA,"artificial","Scam",NA,NA,NA,NA,NA,NA
"650","237137",NA,NA,NA,NA,NA,NA,NA,NA,NA,NA,NA
"651","237137",NA,"resources/real_fg_memory_images/fg6.jpg",NA,"artificial","Scam","[""scam_button""]","2",NA,NA,NA,NA
"652","237137",NA,"resources/real_fg_memory_images/fg8.jpg",NA,"artificial","Neutral","[""neutral_button""]","8",NA,NA,NA,NA
"653","237137",NA,"resources/real_fg_memory_images/orig21.jpg",NA,"real","Scam","[""scam_button""]","7",NA,NA,NA,NA
"654","237137",NA,"resources/real_fg_memory_images/fg11.jpg",NA,"artificial","Neutral","[""neutral_button""]","1",NA,NA,NA,NA
"655","237137",NA,"resources/real_fg_memory_images/orig30.jpg",NA,"real","Neutral","[""scam_button""]","5",NA,NA,NA,NA
"656","237137",NA,"resources/real_fg_memory_images/fg3.jpg",NA,"artificial","Scam","[""neutral_button""]","1",NA,NA,NA,NA
"657","237137",NA,"resources/real_fg_memory_images/fg5.jpg",NA,"artificial","Scam","[""scam_button""]","7",NA,NA,NA,NA
"658","237137",NA,"resources/real_fg_memory_images/orig26.jpg",NA,"real","Neutral","[""neutral_button""]","9",NA,NA,NA,NA
"659","237137",NA,"resources/real_fg_memory_images/orig23.jpg",NA,"real","Scam","[""scam_button""]","2",NA,NA,NA,NA
"660","237137",NA,"resources/real_fg_memory_images/fg7.jpg",NA,"artificial","Neutral","[""neutral_button""]","0",NA,NA,NA,NA
"661","237137",NA,"resources/real_fg_memory_images/fg1.jpg",NA,"artificial","Scam","[""scam_button""]","7",NA,NA,NA,NA
"662","237137",NA,"resources/real_fg_memory_images/orig22.jpg",NA,"real","Scam","[""scam_button""]","2",NA,NA,NA,NA
"663","237137",NA,"resources/real_fg_memory_images/fg2.jpg",NA,"artificial","Scam","[""scam_button""]","5",NA,NA,NA,NA
"664","237137",NA,"resources/real_fg_memory_images/orig25.jpg",NA,"real","Neutral","[""neutral_button""]","5",NA,NA,NA,NA
"665","237137",NA,"resources/real_fg_memory_images/orig29.jpg",NA,"real","Neutral","[""neutral_button""]","7",NA,NA,NA,NA
"666","237137",NA,"resources/real_fg_memory_images/fg12.jpg",NA,"artificial","Neutral","[""scam_button""]","3",NA,NA,NA,NA
"667","237137",NA,"resources/real_fg_memory_images/orig27.jpg",NA,"real","Neutral","[""neutral_button""]","2",NA,NA,NA,NA
"668","237137",NA,"resources/real_fg_memory_images/fg4.jpg",NA,"artificial","Scam","[""scam_button""]","6",NA,NA,NA,NA
"669","237137",NA,"resources/real_fg_memory_images/orig28.jpg",NA,"real","Neutral","[""neutral_button""]","1",NA,NA,NA,NA
"670","237137",NA,"resources/real_fg_memory_images/orig24.jpg",NA,"real","Scam","[""scam_button""]","7",NA,NA,NA,NA
"671","237137",NA,"resources/real_fg_memory_images/fg9.jpg",NA,"artificial","Neutral","[""scam_button""]","2",NA,NA,NA,NA
"672","237137",NA,"resources/real_fg_memory_images/fg10.jpg",NA,"artificial","Neutral","[""neutral_button""]","3",NA,NA,NA,NA
"673","237137",NA,"resources/real_fg_memory_images/orig19.jpg",NA,"real","Scam","[""scam_button""]","4",NA,NA,NA,NA
"674","237137",NA,"resources/real_fg_memory_images/orig20.jpg",NA,"real","Scam","[""scam_button""]","5",NA,NA,NA,NA
"675","237137",NA,NA,NA,NA,NA,NA,NA,NA,NA,NA,NA
"676","237137",2,"resources/real_fg_memory_images/fg13.jpg","artificial",NA,NA,NA,NA,NA,NA,NA,NA
"677","237137",4,"resources/real_fg_memory_images/orig32.jpg","real",NA,NA,NA,NA,NA,NA,NA,NA
"678","237137",1,"resources/real_fg_memory_images/fg10.jpg","artificial",NA,NA,NA,NA,NA,NA,NA,NA
"679","237137",5,"resources/real_fg_memory_images/orig29.jpg","real",NA,NA,NA,NA,NA,NA,NA,NA
"680","237137",1,"resources/real_fg_memory_images/fg17.jpg","artificial",NA,NA,NA,NA,NA,NA,NA,NA
"681","237137",3,"resources/real_fg_memory_images/fg14.jpg","artificial",NA,NA,NA,NA,NA,NA,NA,NA
"682","237137",1,"resources/real_fg_memory_images/fg7.jpg","artificial",NA,NA,NA,NA,NA,NA,NA,NA
"683","237137",6,"resources/real_fg_memory_images/orig19.jpg","real",NA,NA,NA,NA,NA,NA,NA,NA
"684","237137",5,"resources/real_fg_memory_images/orig35.jpg","real",NA,NA,NA,NA,NA,NA,NA,NA
"685","237137",0,"resources/real_fg_memory_images/fg1.jpg","artificial",NA,NA,NA,NA,NA,NA,NA,NA
"686","237137",6,"resources/real_fg_memory_images/orig33.jpg","real",NA,NA,NA,NA,NA,NA,NA,NA
"687","237137",3,"resources/real_fg_memory_images/orig27.jpg","real",NA,NA,NA,NA,NA,NA,NA,NA
"688","237137",2,"resources/real_fg_memory_images/fg4.jpg","artificial",NA,NA,NA,NA,NA,NA,NA,NA
"689","237137",1,"resources/real_fg_memory_images/fg3.jpg","artificial",NA,NA,NA,NA,NA,NA,NA,NA
"690","237137",2,"resources/real_fg_memory_images/orig20.jpg","real",NA,NA,NA,NA,NA,NA,NA,NA
"691","237137",3,"resources/real_fg_memory_images/fg2.jpg","artificial",NA,NA,NA,NA,NA,NA,NA,NA
"692","237137",2,"resources/real_fg_memory_images/orig22.jpg","real",NA,NA,NA,NA,NA,NA,NA,NA
"693","237137",6,"resources/real_fg_memory_images/fg15.jpg","artificial",NA,NA,NA,NA,NA,NA,NA,NA
"694","237137",5,"resources/real_fg_memory_images/orig30.jpg","real",NA,NA,NA,NA,NA,NA,NA,NA
"695","237137",6,"resources/real_fg_memory_images/orig23.jpg","real",NA,NA,NA,NA,NA,NA,NA,NA
"696","237137",7,"resources/real_fg_memory_images/orig24.jpg","real",NA,NA,NA,NA,NA,NA,NA,NA
"697","237137",3,"resources/real_fg_memory_images/orig36.jpg","real",NA,NA,NA,NA,NA,NA,NA,NA
"698","237137",7,"resources/real_fg_memory_images/orig28.jpg","real",NA,NA,NA,NA,NA,NA,NA,NA
"699","237137",4,"resources/real_fg_memory_images/fg16.jpg","artificial",NA,NA,NA,NA,NA,NA,NA,NA
"700","237137",7,"resources/real_fg_memory_images/orig26.jpg","real",NA,NA,NA,NA,NA,NA,NA,NA
"701","237137",2,"resources/real_fg_memory_images/fg8.jpg","artificial",NA,NA,NA,NA,NA,NA,NA,NA
"702","237137",6,"resources/real_fg_memory_images/fg11.jpg","artificial",NA,NA,NA,NA,NA,NA,NA,NA
"703","237137",5,"resources/real_fg_memory_images/orig25.jpg","real",NA,NA,NA,NA,NA,NA,NA,NA
"704","237137",3,"resources/real_fg_memory_images/orig21.jpg","real",NA,NA,NA,NA,NA,NA,NA,NA
"705","237137",2,"resources/real_fg_memory_images/orig31.jpg","real",NA,NA,NA,NA,NA,NA,NA,NA
"706","237137",5,"resources/real_fg_memory_images/fg6.jpg","artificial",NA,NA,NA,NA,NA,NA,NA,NA
"707","237137",3,"resources/real_fg_memory_images/fg9.jpg","artificial",NA,NA,NA,NA,NA,NA,NA,NA
"708","237137",0,"resources/real_fg_memory_images/fg12.jpg","artificial",NA,NA,NA,NA,NA,NA,NA,NA
"709","237137",6,"resources/real_fg_memory_images/orig34.jpg","real",NA,NA,NA,NA,NA,NA,NA,NA
"710","237137",4,"resources/real_fg_memory_images/fg18.jpg","artificial",NA,NA,NA,NA,NA,NA,NA,NA
"711","237137",2,"resources/real_fg_memory_images/fg5.jpg","artificial",NA,NA,NA,NA,NA,NA,NA,NA
"712","237137",NA,NA,NA,NA,NA,NA,NA,NA,NA,NA,NA
"713","237137",NA,NA,NA,NA,NA,NA,NA,1,"I answer the phone whenever it rings, even if I do not know who is calling",NA,NA
"714","237137",NA,NA,NA,NA,NA,NA,NA,2,"If a telemarketer calls me, I usually listen to what they have to say",NA,NA
"715","237137",NA,NA,NA,NA,NA,NA,NA,3,"I have difficulty ending a phone call, even if the caller is a telemarketer, someone I do not know, or someone I do not wish to call me",NA,NA
"716","237137",NA,NA,NA,NA,NA,NA,NA,5,"If something sounds too good to be true, it usually is",NA,NA
"717","237137",NA,NA,NA,NA,NA,NA,NA,5,"Persons over the age of 65 are often targeted by con-artists",NA,NA
"718","237137",NA,NA,NA,NA,NA,NA,NA,NA,NA,NA,NA
"719","237137",NA,NA,NA,NA,NA,NA,NA,NA,NA,"[""female_option""]",NA
"720","237137",NA,NA,NA,NA,NA,NA,NA,NA,NA,NA,65
"721","237137",NA,NA,NA,NA,NA,NA,NA,NA,NA,NA,NA
"722","237137",NA,NA,NA,NA,NA,NA,NA,NA,NA,NA,NA
"723","237137",NA,NA,NA,NA,NA,NA,NA,NA,NA,NA,NA
"724","237137",NA,NA,NA,NA,NA,NA,NA,NA,NA,NA,NA
"725","237137",NA,NA,NA,NA,NA,NA,NA,NA,NA,NA,NA
"726","237137",NA,NA,NA,NA,NA,NA,NA,NA,NA,NA,NA
"727","237137",NA,NA,NA,NA,NA,NA,NA,NA,NA,NA,NA
"728","237137",NA,NA,NA,NA,NA,NA,NA,NA,NA,NA,NA
"729","237137",NA,NA,NA,NA,NA,NA,NA,NA,NA,NA,NA
"730","237137",NA,NA,NA,NA,NA,NA,NA,NA,NA,NA,NA
"731","281816",NA,NA,NA,NA,NA,NA,NA,NA,NA,NA,NA
"732","281816",NA,NA,NA,NA,NA,NA,NA,NA,NA,NA,NA
"733","281816",NA,NA,NA,NA,NA,NA,NA,NA,NA,NA,NA
"734","281816",NA,NA,NA,NA,NA,NA,NA,NA,NA,NA,NA
"735","281816",7,"resources/real_fg_memory_images/fg11.jpg","artificial",NA,NA,NA,NA,NA,NA,NA,NA
"736","281816",8,"resources/real_fg_memory_images/fg17.jpg","artificial",NA,NA,NA,NA,NA,NA,NA,NA
"737","281816",1,"resources/real_fg_memory_images/fg10.jpg","artificial",NA,NA,NA,NA,NA,NA,NA,NA
"738","281816",1,"resources/real_fg_memory_images/orig22.jpg","real",NA,NA,NA,NA,NA,NA,NA,NA
"739","281816",5,"resources/real_fg_memory_images/orig24.jpg","real",NA,NA,NA,NA,NA,NA,NA,NA
"740","281816",3,"resources/real_fg_memory_images/orig21.jpg","real",NA,NA,NA,NA,NA,NA,NA,NA
"741","281816",1,"resources/real_fg_memory_images/fg5.jpg","artificial",NA,NA,NA,NA,NA,NA,NA,NA
"742","281816",6,"resources/real_fg_memory_images/fg18.jpg","artificial",NA,NA,NA,NA,NA,NA,NA,NA
"743","281816",1,"resources/real_fg_memory_images/fg13.jpg","artificial",NA,NA,NA,NA,NA,NA,NA,NA
"744","281816",8,"resources/real_fg_memory_images/orig28.jpg","real",NA,NA,NA,NA,NA,NA,NA,NA
"745","281816",6,"resources/real_fg_memory_images/fg14.jpg","artificial",NA,NA,NA,NA,NA,NA,NA,NA
"746","281816",1,"resources/real_fg_memory_images/fg1.jpg","artificial",NA,NA,NA,NA,NA,NA,NA,NA
"747","281816",0,"resources/real_fg_memory_images/orig27.jpg","real",NA,NA,NA,NA,NA,NA,NA,NA
"748","281816",0,"resources/real_fg_memory_images/fg8.jpg","artificial",NA,NA,NA,NA,NA,NA,NA,NA
"749","281816",3,"resources/real_fg_memory_images/orig33.jpg","real",NA,NA,NA,NA,NA,NA,NA,NA
"750","281816",1,"resources/real_fg_memory_images/orig20.jpg","real",NA,NA,NA,NA,NA,NA,NA,NA
"751","281816",2,"resources/real_fg_memory_images/fg7.jpg","artificial",NA,NA,NA,NA,NA,NA,NA,NA
"752","281816",2,"resources/real_fg_memory_images/fg3.jpg","artificial",NA,NA,NA,NA,NA,NA,NA,NA
"753","281816",5,"resources/real_fg_memory_images/orig34.jpg","real",NA,NA,NA,NA,NA,NA,NA,NA
"754","281816",3,"resources/real_fg_memory_images/fg9.jpg","artificial",NA,NA,NA,NA,NA,NA,NA,NA
"755","281816",1,"resources/real_fg_memory_images/fg12.jpg","artificial",NA,NA,NA,NA,NA,NA,NA,NA
"756","281816",4,"resources/real_fg_memory_images/fg2.jpg","artificial",NA,NA,NA,NA,NA,NA,NA,NA
"757","281816",5,"resources/real_fg_memory_images/orig36.jpg","real",NA,NA,NA,NA,NA,NA,NA,NA
"758","281816",4,"resources/real_fg_memory_images/orig25.jpg","real",NA,NA,NA,NA,NA,NA,NA,NA
"759","281816",8,"resources/real_fg_memory_images/orig32.jpg","real",NA,NA,NA,NA,NA,NA,NA,NA
"760","281816",6,"resources/real_fg_memory_images/fg4.jpg","artificial",NA,NA,NA,NA,NA,NA,NA,NA
"761","281816",4,"resources/real_fg_memory_images/orig23.jpg","real",NA,NA,NA,NA,NA,NA,NA,NA
"762","281816",2,"resources/real_fg_memory_images/fg15.jpg","artificial",NA,NA,NA,NA,NA,NA,NA,NA
"763","281816",0,"resources/real_fg_memory_images/orig31.jpg","real",NA,NA,NA,NA,NA,NA,NA,NA
"764","281816",8,"resources/real_fg_memory_images/orig30.jpg","real",NA,NA,NA,NA,NA,NA,NA,NA
"765","281816",5,"resources/real_fg_memory_images/orig19.jpg","real",NA,NA,NA,NA,NA,NA,NA,NA
"766","281816",5,"resources/real_fg_memory_images/fg6.jpg","artificial",NA,NA,NA,NA,NA,NA,NA,NA
"767","281816",3,"resources/real_fg_memory_images/orig35.jpg","real",NA,NA,NA,NA,NA,NA,NA,NA
"768","281816",7,"resources/real_fg_memory_images/fg16.jpg","artificial",NA,NA,NA,NA,NA,NA,NA,NA
"769","281816",7,"resources/real_fg_memory_images/orig26.jpg","real",NA,NA,NA,NA,NA,NA,NA,NA
"770","281816",2,"resources/real_fg_memory_images/orig29.jpg","real",NA,NA,NA,NA,NA,NA,NA,NA
"771","281816",NA,NA,NA,NA,NA,NA,NA,NA,NA,NA,NA
"772","281816",NA,"resources/real_fg_memory_images/fg8.jpg",NA,"artificial","Neutral",NA,NA,NA,NA,NA,NA
"773","281816",NA,"resources/real_fg_memory_images/orig19.jpg",NA,"real","Scam",NA,NA,NA,NA,NA,NA
"774","281816",NA,"resources/real_fg_memory_images/orig28.jpg",NA,"real","Neutral",NA,NA,NA,NA,NA,NA
"775","281816",NA,"resources/real_fg_memory_images/orig25.jpg",NA,"real","Neutral",NA,NA,NA,NA,NA,NA
"776","281816",NA,"resources/real_fg_memory_images/fg5.jpg",NA,"artificial","Scam",NA,NA,NA,NA,NA,NA
"777","281816",NA,"resources/real_fg_memory_images/fg6.jpg",NA,"artificial","Scam",NA,NA,NA,NA,NA,NA
"778","281816",NA,"resources/real_fg_memory_images/orig27.jpg",NA,"real","Neutral",NA,NA,NA,NA,NA,NA
"779","281816",NA,"resources/real_fg_memory_images/fg12.jpg",NA,"artificial","Neutral",NA,NA,NA,NA,NA,NA
"780","281816",NA,"resources/real_fg_memory_images/fg3.jpg",NA,"artificial","Scam",NA,NA,NA,NA,NA,NA
"781","281816",NA,"resources/real_fg_memory_images/orig20.jpg",NA,"real","Scam",NA,NA,NA,NA,NA,NA
"782","281816",NA,"resources/real_fg_memory_images/fg4.jpg",NA,"artificial","Scam",NA,NA,NA,NA,NA,NA
"783","281816",NA,"resources/real_fg_memory_images/orig29.jpg",NA,"real","Neutral",NA,NA,NA,NA,NA,NA
"784","281816",NA,"resources/real_fg_memory_images/orig24.jpg",NA,"real","Scam",NA,NA,NA,NA,NA,NA
"785","281816",NA,"resources/real_fg_memory_images/fg10.jpg",NA,"artificial","Neutral",NA,NA,NA,NA,NA,NA
"786","281816",NA,"resources/real_fg_memory_images/fg11.jpg",NA,"artificial","Neutral",NA,NA,NA,NA,NA,NA
"787","281816",NA,"resources/real_fg_memory_images/fg9.jpg",NA,"artificial","Neutral",NA,NA,NA,NA,NA,NA
"788","281816",NA,"resources/real_fg_memory_images/orig26.jpg",NA,"real","Neutral",NA,NA,NA,NA,NA,NA
"789","281816",NA,"resources/real_fg_memory_images/fg1.jpg",NA,"artificial","Scam",NA,NA,NA,NA,NA,NA
"790","281816",NA,"resources/real_fg_memory_images/orig21.jpg",NA,"real","Scam",NA,NA,NA,NA,NA,NA
"791","281816",NA,"resources/real_fg_memory_images/fg2.jpg",NA,"artificial","Scam",NA,NA,NA,NA,NA,NA
"792","281816",NA,"resources/real_fg_memory_images/fg7.jpg",NA,"artificial","Neutral",NA,NA,NA,NA,NA,NA
"793","281816",NA,"resources/real_fg_memory_images/orig23.jpg",NA,"real","Scam",NA,NA,NA,NA,NA,NA
"794","281816",NA,"resources/real_fg_memory_images/orig22.jpg",NA,"real","Scam",NA,NA,NA,NA,NA,NA
"795","281816",NA,"resources/real_fg_memory_images/orig30.jpg",NA,"real","Neutral",NA,NA,NA,NA,NA,NA
"796","281816",NA,NA,NA,NA,NA,NA,NA,NA,NA,NA,NA
"797","281816",NA,"resources/real_fg_memory_images/fg8.jpg",NA,"artificial","Neutral","[""scam_button""]","7",NA,NA,NA,NA
"798","281816",NA,"resources/real_fg_memory_images/orig19.jpg",NA,"real","Scam","[""scam_button""]","6",NA,NA,NA,NA
"799","281816",NA,"resources/real_fg_memory_images/orig27.jpg",NA,"real","Neutral","[""neutral_button""]","7",NA,NA,NA,NA
"800","281816",NA,"resources/real_fg_memory_images/orig28.jpg",NA,"real","Neutral","[""neutral_button""]","8",NA,NA,NA,NA
"801","281816",NA,"resources/real_fg_memory_images/orig22.jpg",NA,"real","Scam","[""scam_button""]","10",NA,NA,NA,NA
"802","281816",NA,"resources/real_fg_memory_images/fg9.jpg",NA,"artificial","Neutral","[""neutral_button""]","5",NA,NA,NA,NA
"803","281816",NA,"resources/real_fg_memory_images/orig24.jpg",NA,"real","Scam","[""neutral_button""]","5",NA,NA,NA,NA
"804","281816",NA,"resources/real_fg_memory_images/fg2.jpg",NA,"artificial","Scam","[""scam_button""]","4",NA,NA,NA,NA
"805","281816",NA,"resources/real_fg_memory_images/fg12.jpg",NA,"artificial","Neutral","[""scam_button""]","7",NA,NA,NA,NA
"806","281816",NA,"resources/real_fg_memory_images/orig20.jpg",NA,"real","Scam","[""scam_button""]","6",NA,NA,NA,NA
"807","281816",NA,"resources/real_fg_memory_images/fg3.jpg",NA,"artificial","Scam","[""scam_button""]","10",NA,NA,NA,NA
"808","281816",NA,"resources/real_fg_memory_images/fg4.jpg",NA,"artificial","Scam","[""scam_button""]","9",NA,NA,NA,NA
"809","281816",NA,"resources/real_fg_memory_images/orig23.jpg",NA,"real","Scam","[""scam_button""]","7",NA,NA,NA,NA
"810","281816",NA,"resources/real_fg_memory_images/orig30.jpg",NA,"real","Neutral","[""neutral_button""]","5",NA,NA,NA,NA
"811","281816",NA,"resources/real_fg_memory_images/orig21.jpg",NA,"real","Scam","[""scam_button""]","9",NA,NA,NA,NA
"812","281816",NA,"resources/real_fg_memory_images/fg11.jpg",NA,"artificial","Neutral","[""neutral_button""]","7",NA,NA,NA,NA
"813","281816",NA,"resources/real_fg_memory_images/fg6.jpg",NA,"artificial","Scam","[""scam_button""]","5",NA,NA,NA,NA
"814","281816",NA,"resources/real_fg_memory_images/fg7.jpg",NA,"artificial","Neutral","[""neutral_button""]","7",NA,NA,NA,NA
"815","281816",NA,"resources/real_fg_memory_images/orig25.jpg",NA,"real","Neutral","[""neutral_button""]","5",NA,NA,NA,NA
"816","281816",NA,"resources/real_fg_memory_images/orig29.jpg",NA,"real","Neutral","[""neutral_button""]","7",NA,NA,NA,NA
"817","281816",NA,"resources/real_fg_memory_images/fg5.jpg",NA,"artificial","Scam","[""scam_button""]","9",NA,NA,NA,NA
"818","281816",NA,"resources/real_fg_memory_images/fg1.jpg",NA,"artificial","Scam","[""scam_button""]","9",NA,NA,NA,NA
"819","281816",NA,"resources/real_fg_memory_images/fg10.jpg",NA,"artificial","Neutral","[""neutral_button""]","2",NA,NA,NA,NA
"820","281816",NA,"resources/real_fg_memory_images/orig26.jpg",NA,"real","Neutral","[""scam_button""]","4",NA,NA,NA,NA
"821","281816",NA,NA,NA,NA,NA,NA,NA,NA,NA,NA,NA
"822","281816",7,"resources/real_fg_memory_images/orig32.jpg","real",NA,NA,NA,NA,NA,NA,NA,NA
"823","281816",5,"resources/real_fg_memory_images/orig24.jpg","real",NA,NA,NA,NA,NA,NA,NA,NA
"824","281816",4,"resources/real_fg_memory_images/orig23.jpg","real",NA,NA,NA,NA,NA,NA,NA,NA
"825","281816",1,"resources/real_fg_memory_images/fg3.jpg","artificial",NA,NA,NA,NA,NA,NA,NA,NA
"826","281816",2,"resources/real_fg_memory_images/orig21.jpg","real",NA,NA,NA,NA,NA,NA,NA,NA
"827","281816",2,"resources/real_fg_memory_images/fg4.jpg","artificial",NA,NA,NA,NA,NA,NA,NA,NA
"828","281816",3,"resources/real_fg_memory_images/fg15.jpg","artificial",NA,NA,NA,NA,NA,NA,NA,NA
"829","281816",1,"resources/real_fg_memory_images/orig31.jpg","real",NA,NA,NA,NA,NA,NA,NA,NA
"830","281816",5,"resources/real_fg_memory_images/orig30.jpg","real",NA,NA,NA,NA,NA,NA,NA,NA
"831","281816",4,"resources/real_fg_memory_images/orig26.jpg","real",NA,NA,NA,NA,NA,NA,NA,NA
"832","281816",3,"resources/real_fg_memory_images/fg17.jpg","artificial",NA,NA,NA,NA,NA,NA,NA,NA
"833","281816",6,"resources/real_fg_memory_images/fg16.jpg","artificial",NA,NA,NA,NA,NA,NA,NA,NA
"834","281816",6,"resources/real_fg_memory_images/fg14.jpg","artificial",NA,NA,NA,NA,NA,NA,NA,NA
"835","281816",7,"resources/real_fg_memory_images/orig34.jpg","real",NA,NA,NA,NA,NA,NA,NA,NA
"836","281816",5,"resources/real_fg_memory_images/orig19.jpg","real",NA,NA,NA,NA,NA,NA,NA,NA
"837","281816",2,"resources/real_fg_memory_images/fg8.jpg","artificial",NA,NA,NA,NA,NA,NA,NA,NA
"838","281816",0,"resources/real_fg_memory_images/orig22.jpg","real",NA,NA,NA,NA,NA,NA,NA,NA
"839","281816",2,"resources/real_fg_memory_images/orig35.jpg","real",NA,NA,NA,NA,NA,NA,NA,NA
"840","281816",3,"resources/real_fg_memory_images/fg1.jpg","artificial",NA,NA,NA,NA,NA,NA,NA,NA
"841","281816",5,"resources/real_fg_memory_images/orig36.jpg","real",NA,NA,NA,NA,NA,NA,NA,NA
"842","281816",7,"resources/real_fg_memory_images/fg18.jpg","artificial",NA,NA,NA,NA,NA,NA,NA,NA
"843","281816",4,"resources/real_fg_memory_images/fg5.jpg","artificial",NA,NA,NA,NA,NA,NA,NA,NA
"844","281816",3,"resources/real_fg_memory_images/fg13.jpg","artificial",NA,NA,NA,NA,NA,NA,NA,NA
"845","281816",3,"resources/real_fg_memory_images/fg7.jpg","artificial",NA,NA,NA,NA,NA,NA,NA,NA
"846","281816",5,"resources/real_fg_memory_images/fg9.jpg","artificial",NA,NA,NA,NA,NA,NA,NA,NA
"847","281816",5,"resources/real_fg_memory_images/orig25.jpg","real",NA,NA,NA,NA,NA,NA,NA,NA
"848","281816",7,"resources/real_fg_memory_images/fg2.jpg","artificial",NA,NA,NA,NA,NA,NA,NA,NA
"849","281816",2,"resources/real_fg_memory_images/fg12.jpg","artificial",NA,NA,NA,NA,NA,NA,NA,NA
"850","281816",7,"resources/real_fg_memory_images/fg11.jpg","artificial",NA,NA,NA,NA,NA,NA,NA,NA
"851","281816",6,"resources/real_fg_memory_images/orig33.jpg","real",NA,NA,NA,NA,NA,NA,NA,NA
"852","281816",9,"resources/real_fg_memory_images/orig28.jpg","real",NA,NA,NA,NA,NA,NA,NA,NA
"853","281816",5,"resources/real_fg_memory_images/fg6.jpg","artificial",NA,NA,NA,NA,NA,NA,NA,NA
"854","281816",1,"resources/real_fg_memory_images/orig27.jpg","real",NA,NA,NA,NA,NA,NA,NA,NA
"855","281816",4,"resources/real_fg_memory_images/fg10.jpg","artificial",NA,NA,NA,NA,NA,NA,NA,NA
"856","281816",4,"resources/real_fg_memory_images/orig29.jpg","real",NA,NA,NA,NA,NA,NA,NA,NA
"857","281816",3,"resources/real_fg_memory_images/orig20.jpg","real",NA,NA,NA,NA,NA,NA,NA,NA
"858","281816",NA,NA,NA,NA,NA,NA,NA,NA,NA,NA,NA
"859","281816",NA,NA,NA,NA,NA,NA,NA,4,"If a telemarketer calls me, I usually listen to what they have to say",NA,NA
"860","281816",NA,NA,NA,NA,NA,NA,NA,4,"If something sounds too good to be true, it usually is",NA,NA
"861","281816",NA,NA,NA,NA,NA,NA,NA,5,"I answer the phone whenever it rings, even if I do not know who is calling",NA,NA
"862","281816",NA,NA,NA,NA,NA,NA,NA,2,"I have difficulty ending a phone call, even if the caller is a telemarketer, someone I do not know, or someone I do not wish to call me",NA,NA
"863","281816",NA,NA,NA,NA,NA,NA,NA,2,"Persons over the age of 65 are often targeted by con-artists",NA,NA
"864","281816",NA,NA,NA,NA,NA,NA,NA,NA,NA,NA,NA
"865","281816",NA,NA,NA,NA,NA,NA,NA,NA,NA,"[""female_option""]",NA
"866","281816",NA,NA,NA,NA,NA,NA,NA,NA,NA,NA,60
"867","281816",NA,NA,NA,NA,NA,NA,NA,NA,NA,NA,NA
"868","281816",NA,NA,NA,NA,NA,NA,NA,NA,NA,NA,NA
"869","281816",NA,NA,NA,NA,NA,NA,NA,NA,NA,NA,NA
"870","281816",NA,NA,NA,NA,NA,NA,NA,NA,NA,NA,NA
"871","281816",NA,NA,NA,NA,NA,NA,NA,NA,NA,NA,NA
"872","281816",NA,NA,NA,NA,NA,NA,NA,NA,NA,NA,NA
"873","281816",NA,NA,NA,NA,NA,NA,NA,NA,NA,NA,NA
"874","281816",NA,NA,NA,NA,NA,NA,NA,NA,NA,NA,NA
"875","281816",NA,NA,NA,NA,NA,NA,NA,NA,NA,NA,NA
"876","281816",NA,NA,NA,NA,NA,NA,NA,NA,NA,NA,NA
"877","301755",NA,NA,NA,NA,NA,NA,NA,NA,NA,NA,NA
"878","301755",NA,NA,NA,NA,NA,NA,NA,NA,NA,NA,NA
"879","301755",NA,NA,NA,NA,NA,NA,NA,NA,NA,NA,NA
"880","301755",NA,NA,NA,NA,NA,NA,NA,NA,NA,NA,NA
"881","301755",5,"resources/real_fg_memory_images/orig21.jpg","real",NA,NA,NA,NA,NA,NA,NA,NA
"882","301755",6,"resources/real_fg_memory_images/fg16.jpg","artificial",NA,NA,NA,NA,NA,NA,NA,NA
"883","301755",7,"resources/real_fg_memory_images/fg14.jpg","artificial",NA,NA,NA,NA,NA,NA,NA,NA
"884","301755",5,"resources/real_fg_memory_images/orig33.jpg","real",NA,NA,NA,NA,NA,NA,NA,NA
"885","301755",6,"resources/real_fg_memory_images/fg12.jpg","artificial",NA,NA,NA,NA,NA,NA,NA,NA
"886","301755",8,"resources/real_fg_memory_images/fg18.jpg","artificial",NA,NA,NA,NA,NA,NA,NA,NA
"887","301755",9,"resources/real_fg_memory_images/orig19.jpg","real",NA,NA,NA,NA,NA,NA,NA,NA
"888","301755",7,"resources/real_fg_memory_images/orig28.jpg","real",NA,NA,NA,NA,NA,NA,NA,NA
"889","301755",8,"resources/real_fg_memory_images/orig23.jpg","real",NA,NA,NA,NA,NA,NA,NA,NA
"890","301755",8,"resources/real_fg_memory_images/orig25.jpg","real",NA,NA,NA,NA,NA,NA,NA,NA
"891","301755",7,"resources/real_fg_memory_images/orig30.jpg","real",NA,NA,NA,NA,NA,NA,NA,NA
"892","301755",5,"resources/real_fg_memory_images/fg15.jpg","artificial",NA,NA,NA,NA,NA,NA,NA,NA
"893","301755",8,"resources/real_fg_memory_images/orig32.jpg","real",NA,NA,NA,NA,NA,NA,NA,NA
"894","301755",7,"resources/real_fg_memory_images/orig35.jpg","real",NA,NA,NA,NA,NA,NA,NA,NA
"895","301755",9,"resources/real_fg_memory_images/fg17.jpg","artificial",NA,NA,NA,NA,NA,NA,NA,NA
"896","301755",6,"resources/real_fg_memory_images/fg7.jpg","artificial",NA,NA,NA,NA,NA,NA,NA,NA
"897","301755",8,"resources/real_fg_memory_images/fg2.jpg","artificial",NA,NA,NA,NA,NA,NA,NA,NA
"898","301755",9,"resources/real_fg_memory_images/fg4.jpg","artificial",NA,NA,NA,NA,NA,NA,NA,NA
"899","301755",7,"resources/real_fg_memory_images/orig27.jpg","real",NA,NA,NA,NA,NA,NA,NA,NA
"900","301755",6,"resources/real_fg_memory_images/fg13.jpg","artificial",NA,NA,NA,NA,NA,NA,NA,NA
"901","301755",8,"resources/real_fg_memory_images/orig20.jpg","real",NA,NA,NA,NA,NA,NA,NA,NA
"902","301755",9,"resources/real_fg_memory_images/fg9.jpg","artificial",NA,NA,NA,NA,NA,NA,NA,NA
"903","301755",5,"resources/real_fg_memory_images/orig22.jpg","real",NA,NA,NA,NA,NA,NA,NA,NA
"904","301755",6,"resources/real_fg_memory_images/fg8.jpg","artificial",NA,NA,NA,NA,NA,NA,NA,NA
"905","301755",7,"resources/real_fg_memory_images/orig26.jpg","real",NA,NA,NA,NA,NA,NA,NA,NA
"906","301755",8,"resources/real_fg_memory_images/orig29.jpg","real",NA,NA,NA,NA,NA,NA,NA,NA
"907","301755",9,"resources/real_fg_memory_images/fg1.jpg","artificial",NA,NA,NA,NA,NA,NA,NA,NA
"908","301755",9,"resources/real_fg_memory_images/fg6.jpg","artificial",NA,NA,NA,NA,NA,NA,NA,NA
"909","301755",6,"resources/real_fg_memory_images/fg3.jpg","artificial",NA,NA,NA,NA,NA,NA,NA,NA
"910","301755",8,"resources/real_fg_memory_images/fg11.jpg","artificial",NA,NA,NA,NA,NA,NA,NA,NA
"911","301755",6,"resources/real_fg_memory_images/orig31.jpg","real",NA,NA,NA,NA,NA,NA,NA,NA
"912","301755",8,"resources/real_fg_memory_images/fg10.jpg","artificial",NA,NA,NA,NA,NA,NA,NA,NA
"913","301755",9,"resources/real_fg_memory_images/orig36.jpg","real",NA,NA,NA,NA,NA,NA,NA,NA
"914","301755",8,"resources/real_fg_memory_images/fg5.jpg","artificial",NA,NA,NA,NA,NA,NA,NA,NA
"915","301755",9,"resources/real_fg_memory_images/orig34.jpg","real",NA,NA,NA,NA,NA,NA,NA,NA
"916","301755",9,"resources/real_fg_memory_images/orig24.jpg","real",NA,NA,NA,NA,NA,NA,NA,NA
"917","301755",NA,NA,NA,NA,NA,NA,NA,NA,NA,NA,NA
"918","301755",NA,"resources/real_fg_memory_images/fg11.jpg",NA,"artificial","Neutral",NA,NA,NA,NA,NA,NA
"919","301755",NA,"resources/real_fg_memory_images/fg12.jpg",NA,"artificial","Neutral",NA,NA,NA,NA,NA,NA
"920","301755",NA,"resources/real_fg_memory_images/fg8.jpg",NA,"artificial","Neutral",NA,NA,NA,NA,NA,NA
"921","301755",NA,"resources/real_fg_memory_images/fg6.jpg",NA,"artificial","Scam",NA,NA,NA,NA,NA,NA
"922","301755",NA,"resources/real_fg_memory_images/orig19.jpg",NA,"real","Scam",NA,NA,NA,NA,NA,NA
"923","301755",NA,"resources/real_fg_memory_images/fg4.jpg",NA,"artificial","Scam",NA,NA,NA,NA,NA,NA
"924","301755",NA,"resources/real_fg_memory_images/orig27.jpg",NA,"real","Neutral",NA,NA,NA,NA,NA,NA
"925","301755",NA,"resources/real_fg_memory_images/orig23.jpg",NA,"real","Scam",NA,NA,NA,NA,NA,NA
"926","301755",NA,"resources/real_fg_memory_images/fg9.jpg",NA,"artificial","Neutral",NA,NA,NA,NA,NA,NA
"927","301755",NA,"resources/real_fg_memory_images/orig29.jpg",NA,"real","Neutral",NA,NA,NA,NA,NA,NA
"928","301755",NA,"resources/real_fg_memory_images/orig28.jpg",NA,"real","Neutral",NA,NA,NA,NA,NA,NA
"929","301755",NA,"resources/real_fg_memory_images/orig22.jpg",NA,"real","Scam",NA,NA,NA,NA,NA,NA
"930","301755",NA,"resources/real_fg_memory_images/orig21.jpg",NA,"real","Scam",NA,NA,NA,NA,NA,NA
"931","301755",NA,"resources/real_fg_memory_images/orig25.jpg",NA,"real","Neutral",NA,NA,NA,NA,NA,NA
"932","301755",NA,"resources/real_fg_memory_images/fg5.jpg",NA,"artificial","Scam",NA,NA,NA,NA,NA,NA
"933","301755",NA,"resources/real_fg_memory_images/orig24.jpg",NA,"real","Scam",NA,NA,NA,NA,NA,NA
"934","301755",NA,"resources/real_fg_memory_images/orig20.jpg",NA,"real","Scam",NA,NA,NA,NA,NA,NA
"935","301755",NA,"resources/real_fg_memory_images/fg10.jpg",NA,"artificial","Neutral",NA,NA,NA,NA,NA,NA
"936","301755",NA,"resources/real_fg_memory_images/orig26.jpg",NA,"real","Neutral",NA,NA,NA,NA,NA,NA
"937","301755",NA,"resources/real_fg_memory_images/fg1.jpg",NA,"artificial","Scam",NA,NA,NA,NA,NA,NA
"938","301755",NA,"resources/real_fg_memory_images/fg3.jpg",NA,"artificial","Scam",NA,NA,NA,NA,NA,NA
"939","301755",NA,"resources/real_fg_memory_images/fg7.jpg",NA,"artificial","Neutral",NA,NA,NA,NA,NA,NA
"940","301755",NA,"resources/real_fg_memory_images/fg2.jpg",NA,"artificial","Scam",NA,NA,NA,NA,NA,NA
"941","301755",NA,"resources/real_fg_memory_images/orig30.jpg",NA,"real","Neutral",NA,NA,NA,NA,NA,NA
"942","301755",NA,NA,NA,NA,NA,NA,NA,NA,NA,NA,NA
"943","301755",NA,"resources/real_fg_memory_images/orig19.jpg",NA,"real","Scam","[""neutral_button""]","5",NA,NA,NA,NA
"944","301755",NA,"resources/real_fg_memory_images/fg6.jpg",NA,"artificial","Scam","[""scam_button""]","7",NA,NA,NA,NA
"945","301755",NA,"resources/real_fg_memory_images/fg2.jpg",NA,"artificial","Scam","[""scam_button""]","6",NA,NA,NA,NA
"946","301755",NA,"resources/real_fg_memory_images/fg12.jpg",NA,"artificial","Neutral","[""scam_button""]","8",NA,NA,NA,NA
"947","301755",NA,"resources/real_fg_memory_images/fg8.jpg",NA,"artificial","Neutral","[""neutral_button""]","5",NA,NA,NA,NA
"948","301755",NA,"resources/real_fg_memory_images/orig28.jpg",NA,"real","Neutral","[""scam_button""]","6",NA,NA,NA,NA
"949","301755",NA,"resources/real_fg_memory_images/orig21.jpg",NA,"real","Scam","[""scam_button""]","7",NA,NA,NA,NA
"950","301755",NA,"resources/real_fg_memory_images/fg7.jpg",NA,"artificial","Neutral","[""scam_button""]","6",NA,NA,NA,NA
"951","301755",NA,"resources/real_fg_memory_images/orig23.jpg",NA,"real","Scam","[""neutral_button""]","4",NA,NA,NA,NA
"952","301755",NA,"resources/real_fg_memory_images/fg3.jpg",NA,"artificial","Scam","[""scam_button""]","8",NA,NA,NA,NA
"953","301755",NA,"resources/real_fg_memory_images/fg1.jpg",NA,"artificial","Scam","[""scam_button""]","7",NA,NA,NA,NA
"954","301755",NA,"resources/real_fg_memory_images/orig26.jpg",NA,"real","Neutral","[""neutral_button""]","6",NA,NA,NA,NA
"955","301755",NA,"resources/real_fg_memory_images/orig24.jpg",NA,"real","Scam","[""neutral_button""]","5",NA,NA,NA,NA
"956","301755",NA,"resources/real_fg_memory_images/fg4.jpg",NA,"artificial","Scam","[""scam_button""]","8",NA,NA,NA,NA
"957","301755",NA,"resources/real_fg_memory_images/orig25.jpg",NA,"real","Neutral","[""neutral_button""]","6",NA,NA,NA,NA
"958","301755",NA,"resources/real_fg_memory_images/fg11.jpg",NA,"artificial","Neutral","[""scam_button""]","7",NA,NA,NA,NA
"959","301755",NA,"resources/real_fg_memory_images/orig30.jpg",NA,"real","Neutral","[""neutral_button""]","4",NA,NA,NA,NA
"960","301755",NA,"resources/real_fg_memory_images/fg10.jpg",NA,"artificial","Neutral","[""neutral_button""]","8",NA,NA,NA,NA
"961","301755",NA,"resources/real_fg_memory_images/fg9.jpg",NA,"artificial","Neutral","[""neutral_button""]","7",NA,NA,NA,NA
"962","301755",NA,"resources/real_fg_memory_images/fg5.jpg",NA,"artificial","Scam","[""neutral_button""]","6",NA,NA,NA,NA
"963","301755",NA,"resources/real_fg_memory_images/orig20.jpg",NA,"real","Scam","[""scam_button""]","7",NA,NA,NA,NA
"964","301755",NA,"resources/real_fg_memory_images/orig27.jpg",NA,"real","Neutral","[""neutral_button""]","5",NA,NA,NA,NA
"965","301755",NA,"resources/real_fg_memory_images/orig29.jpg",NA,"real","Neutral","[""scam_button""]","6",NA,NA,NA,NA
"966","301755",NA,"resources/real_fg_memory_images/orig22.jpg",NA,"real","Scam","[""scam_button""]","8",NA,NA,NA,NA
"967","301755",NA,NA,NA,NA,NA,NA,NA,NA,NA,NA,NA
"968","301755",4,"resources/real_fg_memory_images/fg7.jpg","artificial",NA,NA,NA,NA,NA,NA,NA,NA
"969","301755",2,"resources/real_fg_memory_images/fg3.jpg","artificial",NA,NA,NA,NA,NA,NA,NA,NA
"970","301755",3,"resources/real_fg_memory_images/orig24.jpg","real",NA,NA,NA,NA,NA,NA,NA,NA
"971","301755",7,"resources/real_fg_memory_images/fg10.jpg","artificial",NA,NA,NA,NA,NA,NA,NA,NA
"972","301755",8,"resources/real_fg_memory_images/orig28.jpg","real",NA,NA,NA,NA,NA,NA,NA,NA
"973","301755",8,"resources/real_fg_memory_images/orig30.jpg","real",NA,NA,NA,NA,NA,NA,NA,NA
"974","301755",5,"resources/real_fg_memory_images/orig33.jpg","real",NA,NA,NA,NA,NA,NA,NA,NA
"975","301755",7,"resources/real_fg_memory_images/fg15.jpg","artificial",NA,NA,NA,NA,NA,NA,NA,NA
"976","301755",8,"resources/real_fg_memory_images/fg9.jpg","artificial",NA,NA,NA,NA,NA,NA,NA,NA
"977","301755",9,"resources/real_fg_memory_images/fg11.jpg","artificial",NA,NA,NA,NA,NA,NA,NA,NA
"978","301755",6,"resources/real_fg_memory_images/fg5.jpg","artificial",NA,NA,NA,NA,NA,NA,NA,NA
"979","301755",7,"resources/real_fg_memory_images/fg8.jpg","artificial",NA,NA,NA,NA,NA,NA,NA,NA
"980","301755",8,"resources/real_fg_memory_images/fg17.jpg","artificial",NA,NA,NA,NA,NA,NA,NA,NA
"981","301755",8,"resources/real_fg_memory_images/orig31.jpg","real",NA,NA,NA,NA,NA,NA,NA,NA
"982","301755",9,"resources/real_fg_memory_images/fg14.jpg","artificial",NA,NA,NA,NA,NA,NA,NA,NA
"983","301755",9,"resources/real_fg_memory_images/orig34.jpg","real",NA,NA,NA,NA,NA,NA,NA,NA
"984","301755",8,"resources/real_fg_memory_images/orig25.jpg","real",NA,NA,NA,NA,NA,NA,NA,NA
"985","301755",2,"resources/real_fg_memory_images/orig19.jpg","real",NA,NA,NA,NA,NA,NA,NA,NA
"986","301755",6,"resources/real_fg_memory_images/orig36.jpg","real",NA,NA,NA,NA,NA,NA,NA,NA
"987","301755",5,"resources/real_fg_memory_images/orig29.jpg","real",NA,NA,NA,NA,NA,NA,NA,NA
"988","301755",2,"resources/real_fg_memory_images/orig22.jpg","real",NA,NA,NA,NA,NA,NA,NA,NA
"989","301755",3,"resources/real_fg_memory_images/orig35.jpg","real",NA,NA,NA,NA,NA,NA,NA,NA
"990","301755",8,"resources/real_fg_memory_images/fg16.jpg","artificial",NA,NA,NA,NA,NA,NA,NA,NA
"991","301755",2,"resources/real_fg_memory_images/fg1.jpg","artificial",NA,NA,NA,NA,NA,NA,NA,NA
"992","301755",7,"resources/real_fg_memory_images/orig32.jpg","real",NA,NA,NA,NA,NA,NA,NA,NA
"993","301755",8,"resources/real_fg_memory_images/orig27.jpg","real",NA,NA,NA,NA,NA,NA,NA,NA
"994","301755",2,"resources/real_fg_memory_images/fg4.jpg","artificial",NA,NA,NA,NA,NA,NA,NA,NA
"995","301755",4,"resources/real_fg_memory_images/fg18.jpg","artificial",NA,NA,NA,NA,NA,NA,NA,NA
"996","301755",6,"resources/real_fg_memory_images/fg2.jpg","artificial",NA,NA,NA,NA,NA,NA,NA,NA
"997","301755",2,"resources/real_fg_memory_images/fg13.jpg","artificial",NA,NA,NA,NA,NA,NA,NA,NA
"998","301755",6,"resources/real_fg_memory_images/orig26.jpg","real",NA,NA,NA,NA,NA,NA,NA,NA
"999","301755",2,"resources/real_fg_memory_images/orig20.jpg","real",NA,NA,NA,NA,NA,NA,NA,NA
"1000","301755",2,"resources/real_fg_memory_images/orig23.jpg","real",NA,NA,NA,NA,NA,NA,NA,NA
"1001","301755",1,"resources/real_fg_memory_images/fg12.jpg","artificial",NA,NA,NA,NA,NA,NA,NA,NA
"1002","301755",1,"resources/real_fg_memory_images/fg6.jpg","artificial",NA,NA,NA,NA,NA,NA,NA,NA
"1003","301755",5,"resources/real_fg_memory_images/orig21.jpg","real",NA,NA,NA,NA,NA,NA,NA,NA
"1004","301755",NA,NA,NA,NA,NA,NA,NA,NA,NA,NA,NA
"1005","301755",NA,NA,NA,NA,NA,NA,NA,2,"I answer the phone whenever it rings, even if I do not know who is calling",NA,NA
"1006","301755",NA,NA,NA,NA,NA,NA,NA,4,"Persons over the age of 65 are often targeted by con-artists",NA,NA
"1007","301755",NA,NA,NA,NA,NA,NA,NA,5,"If something sounds too good to be true, it usually is",NA,NA
"1008","301755",NA,NA,NA,NA,NA,NA,NA,1,"If a telemarketer calls me, I usually listen to what they have to say",NA,NA
"1009","301755",NA,NA,NA,NA,NA,NA,NA,2,"I have difficulty ending a phone call, even if the caller is a telemarketer, someone I do not know, or someone I do not wish to call me",NA,NA
"1010","301755",NA,NA,NA,NA,NA,NA,NA,NA,NA,NA,NA
"1011","301755",NA,NA,NA,NA,NA,NA,NA,NA,NA,"[""female_option""]",NA
"1012","301755",NA,NA,NA,NA,NA,NA,NA,NA,NA,NA,73
"1013","301755",NA,NA,NA,NA,NA,NA,NA,NA,NA,NA,NA
"1014","301755",NA,NA,NA,NA,NA,NA,NA,NA,NA,NA,NA
"1015","301755",NA,NA,NA,NA,NA,NA,NA,NA,NA,NA,NA
"1016","301755",NA,NA,NA,NA,NA,NA,NA,NA,NA,NA,NA
"1017","301755",NA,NA,NA,NA,NA,NA,NA,NA,NA,NA,NA
"1018","301755",NA,NA,NA,NA,NA,NA,NA,NA,NA,NA,NA
"1019","301755",NA,NA,NA,NA,NA,NA,NA,NA,NA,NA,NA
"1020","301755",NA,NA,NA,NA,NA,NA,NA,NA,NA,NA,NA
"1021","301755",NA,NA,NA,NA,NA,NA,NA,NA,NA,NA,NA
"1022","301755",NA,NA,NA,NA,NA,NA,NA,NA,NA,NA,NA
"1023","337188",NA,NA,NA,NA,NA,NA,NA,NA,NA,NA,NA
"1024","337188",NA,NA,NA,NA,NA,NA,NA,NA,NA,NA,NA
"1025","337188",NA,NA,NA,NA,NA,NA,NA,NA,NA,NA,NA
"1026","337188",NA,NA,NA,NA,NA,NA,NA,NA,NA,NA,NA
"1027","337188",7,"resources/real_fg_memory_images/orig22.jpg","real",NA,NA,NA,NA,NA,NA,NA,NA
"1028","337188",8,"resources/real_fg_memory_images/orig28.jpg","real",NA,NA,NA,NA,NA,NA,NA,NA
"1029","337188",7,"resources/real_fg_memory_images/orig27.jpg","real",NA,NA,NA,NA,NA,NA,NA,NA
"1030","337188",6,"resources/real_fg_memory_images/fg15.jpg","artificial",NA,NA,NA,NA,NA,NA,NA,NA
"1031","337188",6,"resources/real_fg_memory_images/fg11.jpg","artificial",NA,NA,NA,NA,NA,NA,NA,NA
"1032","337188",6,"resources/real_fg_memory_images/fg5.jpg","artificial",NA,NA,NA,NA,NA,NA,NA,NA
"1033","337188",8,"resources/real_fg_memory_images/fg2.jpg","artificial",NA,NA,NA,NA,NA,NA,NA,NA
"1034","337188",7,"resources/real_fg_memory_images/orig29.jpg","real",NA,NA,NA,NA,NA,NA,NA,NA
"1035","337188",6,"resources/real_fg_memory_images/orig21.jpg","real",NA,NA,NA,NA,NA,NA,NA,NA
"1036","337188",7,"resources/real_fg_memory_images/orig32.jpg","real",NA,NA,NA,NA,NA,NA,NA,NA
"1037","337188",5,"resources/real_fg_memory_images/fg10.jpg","artificial",NA,NA,NA,NA,NA,NA,NA,NA
"1038","337188",6,"resources/real_fg_memory_images/orig33.jpg","real",NA,NA,NA,NA,NA,NA,NA,NA
"1039","337188",7,"resources/real_fg_memory_images/orig36.jpg","real",NA,NA,NA,NA,NA,NA,NA,NA
"1040","337188",6,"resources/real_fg_memory_images/orig34.jpg","real",NA,NA,NA,NA,NA,NA,NA,NA
"1041","337188",6,"resources/real_fg_memory_images/fg7.jpg","artificial",NA,NA,NA,NA,NA,NA,NA,NA
"1042","337188",6,"resources/real_fg_memory_images/orig20.jpg","real",NA,NA,NA,NA,NA,NA,NA,NA
"1043","337188",6,"resources/real_fg_memory_images/fg14.jpg","artificial",NA,NA,NA,NA,NA,NA,NA,NA
"1044","337188",6,"resources/real_fg_memory_images/orig26.jpg","real",NA,NA,NA,NA,NA,NA,NA,NA
"1045","337188",6,"resources/real_fg_memory_images/fg6.jpg","artificial",NA,NA,NA,NA,NA,NA,NA,NA
"1046","337188",7,"resources/real_fg_memory_images/orig25.jpg","real",NA,NA,NA,NA,NA,NA,NA,NA
"1047","337188",6,"resources/real_fg_memory_images/orig24.jpg","real",NA,NA,NA,NA,NA,NA,NA,NA
"1048","337188",6,"resources/real_fg_memory_images/fg1.jpg","artificial",NA,NA,NA,NA,NA,NA,NA,NA
"1049","337188",8,"resources/real_fg_memory_images/fg4.jpg","artificial",NA,NA,NA,NA,NA,NA,NA,NA
"1050","337188",6,"resources/real_fg_memory_images/orig19.jpg","real",NA,NA,NA,NA,NA,NA,NA,NA
"1051","337188",6,"resources/real_fg_memory_images/orig23.jpg","real",NA,NA,NA,NA,NA,NA,NA,NA
"1052","337188",6,"resources/real_fg_memory_images/fg12.jpg","artificial",NA,NA,NA,NA,NA,NA,NA,NA
"1053","337188",6,"resources/real_fg_memory_images/fg3.jpg","artificial",NA,NA,NA,NA,NA,NA,NA,NA
"1054","337188",6,"resources/real_fg_memory_images/orig30.jpg","real",NA,NA,NA,NA,NA,NA,NA,NA
"1055","337188",7,"resources/real_fg_memory_images/fg18.jpg","artificial",NA,NA,NA,NA,NA,NA,NA,NA
"1056","337188",7,"resources/real_fg_memory_images/fg9.jpg","artificial",NA,NA,NA,NA,NA,NA,NA,NA
"1057","337188",6,"resources/real_fg_memory_images/fg8.jpg","artificial",NA,NA,NA,NA,NA,NA,NA,NA
"1058","337188",7,"resources/real_fg_memory_images/fg17.jpg","artificial",NA,NA,NA,NA,NA,NA,NA,NA
"1059","337188",7,"resources/real_fg_memory_images/fg13.jpg","artificial",NA,NA,NA,NA,NA,NA,NA,NA
"1060","337188",6,"resources/real_fg_memory_images/orig35.jpg","real",NA,NA,NA,NA,NA,NA,NA,NA
"1061","337188",6,"resources/real_fg_memory_images/orig31.jpg","real",NA,NA,NA,NA,NA,NA,NA,NA
"1062","337188",8,"resources/real_fg_memory_images/fg16.jpg","artificial",NA,NA,NA,NA,NA,NA,NA,NA
"1063","337188",NA,NA,NA,NA,NA,NA,NA,NA,NA,NA,NA
"1064","337188",NA,"resources/real_fg_memory_images/orig29.jpg",NA,"real","Neutral",NA,NA,NA,NA,NA,NA
"1065","337188",NA,"resources/real_fg_memory_images/orig20.jpg",NA,"real","Scam",NA,NA,NA,NA,NA,NA
"1066","337188",NA,"resources/real_fg_memory_images/fg12.jpg",NA,"artificial","Neutral",NA,NA,NA,NA,NA,NA
"1067","337188",NA,"resources/real_fg_memory_images/orig28.jpg",NA,"real","Neutral",NA,NA,NA,NA,NA,NA
"1068","337188",NA,"resources/real_fg_memory_images/fg11.jpg",NA,"artificial","Neutral",NA,NA,NA,NA,NA,NA
"1069","337188",NA,"resources/real_fg_memory_images/orig19.jpg",NA,"real","Scam",NA,NA,NA,NA,NA,NA
"1070","337188",NA,"resources/real_fg_memory_images/orig25.jpg",NA,"real","Neutral",NA,NA,NA,NA,NA,NA
"1071","337188",NA,"resources/real_fg_memory_images/orig23.jpg",NA,"real","Scam",NA,NA,NA,NA,NA,NA
"1072","337188",NA,"resources/real_fg_memory_images/orig21.jpg",NA,"real","Scam",NA,NA,NA,NA,NA,NA
"1073","337188",NA,"resources/real_fg_memory_images/orig27.jpg",NA,"real","Neutral",NA,NA,NA,NA,NA,NA
"1074","337188",NA,"resources/real_fg_memory_images/orig24.jpg",NA,"real","Scam",NA,NA,NA,NA,NA,NA
"1075","337188",NA,"resources/real_fg_memory_images/orig26.jpg",NA,"real","Neutral",NA,NA,NA,NA,NA,NA
"1076","337188",NA,"resources/real_fg_memory_images/fg3.jpg",NA,"artificial","Scam",NA,NA,NA,NA,NA,NA
"1077","337188",NA,"resources/real_fg_memory_images/fg4.jpg",NA,"artificial","Scam",NA,NA,NA,NA,NA,NA
"1078","337188",NA,"resources/real_fg_memory_images/fg8.jpg",NA,"artificial","Neutral",NA,NA,NA,NA,NA,NA
"1079","337188",NA,"resources/real_fg_memory_images/orig22.jpg",NA,"real","Scam",NA,NA,NA,NA,NA,NA
"1080","337188",NA,"resources/real_fg_memory_images/fg9.jpg",NA,"artificial","Neutral",NA,NA,NA,NA,NA,NA
"1081","337188",NA,"resources/real_fg_memory_images/fg5.jpg",NA,"artificial","Scam",NA,NA,NA,NA,NA,NA
"1082","337188",NA,"resources/real_fg_memory_images/fg1.jpg",NA,"artificial","Scam",NA,NA,NA,NA,NA,NA
"1083","337188",NA,"resources/real_fg_memory_images/fg10.jpg",NA,"artificial","Neutral",NA,NA,NA,NA,NA,NA
"1084","337188",NA,"resources/real_fg_memory_images/fg2.jpg",NA,"artificial","Scam",NA,NA,NA,NA,NA,NA
"1085","337188",NA,"resources/real_fg_memory_images/fg7.jpg",NA,"artificial","Neutral",NA,NA,NA,NA,NA,NA
"1086","337188",NA,"resources/real_fg_memory_images/orig30.jpg",NA,"real","Neutral",NA,NA,NA,NA,NA,NA
"1087","337188",NA,"resources/real_fg_memory_images/fg6.jpg",NA,"artificial","Scam",NA,NA,NA,NA,NA,NA
"1088","337188",NA,NA,NA,NA,NA,NA,NA,NA,NA,NA,NA
"1089","337188",NA,"resources/real_fg_memory_images/orig23.jpg",NA,"real","Scam","[""scam_button""]","7",NA,NA,NA,NA
"1090","337188",NA,"resources/real_fg_memory_images/fg6.jpg",NA,"artificial","Scam","[""neutral_button""]","8",NA,NA,NA,NA
"1091","337188",NA,"resources/real_fg_memory_images/orig21.jpg",NA,"real","Scam","[""scam_button""]","8",NA,NA,NA,NA
"1092","337188",NA,"resources/real_fg_memory_images/fg5.jpg",NA,"artificial","Scam","[""neutral_button""]","8",NA,NA,NA,NA
"1093","337188",NA,"resources/real_fg_memory_images/orig22.jpg",NA,"real","Scam","[""scam_button""]","8",NA,NA,NA,NA
"1094","337188",NA,"resources/real_fg_memory_images/orig25.jpg",NA,"real","Neutral","[""neutral_button""]","8",NA,NA,NA,NA
"1095","337188",NA,"resources/real_fg_memory_images/orig29.jpg",NA,"real","Neutral","[""neutral_button""]","8",NA,NA,NA,NA
"1096","337188",NA,"resources/real_fg_memory_images/fg2.jpg",NA,"artificial","Scam","[""neutral_button""]","8",NA,NA,NA,NA
"1097","337188",NA,"resources/real_fg_memory_images/fg1.jpg",NA,"artificial","Scam","[""scam_button""]","8",NA,NA,NA,NA
"1098","337188",NA,"resources/real_fg_memory_images/orig26.jpg",NA,"real","Neutral","[""neutral_button""]","9",NA,NA,NA,NA
"1099","337188",NA,"resources/real_fg_memory_images/fg11.jpg",NA,"artificial","Neutral","[""neutral_button""]","9",NA,NA,NA,NA
"1100","337188",NA,"resources/real_fg_memory_images/fg4.jpg",NA,"artificial","Scam","[""neutral_button""]","9",NA,NA,NA,NA
"1101","337188",NA,"resources/real_fg_memory_images/orig19.jpg",NA,"real","Scam","[""scam_button""]","7",NA,NA,NA,NA
"1102","337188",NA,"resources/real_fg_memory_images/fg12.jpg",NA,"artificial","Neutral","[""neutral_button""]","7",NA,NA,NA,NA
"1103","337188",NA,"resources/real_fg_memory_images/orig20.jpg",NA,"real","Scam","[""scam_button""]","7",NA,NA,NA,NA
"1104","337188",NA,"resources/real_fg_memory_images/fg7.jpg",NA,"artificial","Neutral","[""neutral_button""]","7",NA,NA,NA,NA
"1105","337188",NA,"resources/real_fg_memory_images/orig24.jpg",NA,"real","Scam","[""neutral_button""]","8",NA,NA,NA,NA
"1106","337188",NA,"resources/real_fg_memory_images/fg3.jpg",NA,"artificial","Scam","[""scam_button""]","9",NA,NA,NA,NA
"1107","337188",NA,"resources/real_fg_memory_images/fg10.jpg",NA,"artificial","Neutral","[""scam_button""]","8",NA,NA,NA,NA
"1108","337188",NA,"resources/real_fg_memory_images/fg8.jpg",NA,"artificial","Neutral","[""neutral_button""]","9",NA,NA,NA,NA
"1109","337188",NA,"resources/real_fg_memory_images/fg9.jpg",NA,"artificial","Neutral","[""neutral_button""]","9",NA,NA,NA,NA
"1110","337188",NA,"resources/real_fg_memory_images/orig28.jpg",NA,"real","Neutral","[""neutral_button""]","9",NA,NA,NA,NA
"1111","337188",NA,"resources/real_fg_memory_images/orig30.jpg",NA,"real","Neutral","[""neutral_button""]","9",NA,NA,NA,NA
"1112","337188",NA,"resources/real_fg_memory_images/orig27.jpg",NA,"real","Neutral","[""neutral_button""]","9",NA,NA,NA,NA
"1113","337188",NA,NA,NA,NA,NA,NA,NA,NA,NA,NA,NA
"1114","337188",7,"resources/real_fg_memory_images/orig23.jpg","real",NA,NA,NA,NA,NA,NA,NA,NA
"1115","337188",6,"resources/real_fg_memory_images/orig35.jpg","real",NA,NA,NA,NA,NA,NA,NA,NA
"1116","337188",7,"resources/real_fg_memory_images/orig34.jpg","real",NA,NA,NA,NA,NA,NA,NA,NA
"1117","337188",8,"resources/real_fg_memory_images/orig32.jpg","real",NA,NA,NA,NA,NA,NA,NA,NA
"1118","337188",4,"resources/real_fg_memory_images/orig33.jpg","real",NA,NA,NA,NA,NA,NA,NA,NA
"1119","337188",3,"resources/real_fg_memory_images/orig20.jpg","real",NA,NA,NA,NA,NA,NA,NA,NA
"1120","337188",7,"resources/real_fg_memory_images/fg8.jpg","artificial",NA,NA,NA,NA,NA,NA,NA,NA
"1121","337188",5,"resources/real_fg_memory_images/orig21.jpg","real",NA,NA,NA,NA,NA,NA,NA,NA
"1122","337188",7,"resources/real_fg_memory_images/fg4.jpg","artificial",NA,NA,NA,NA,NA,NA,NA,NA
"1123","337188",8,"resources/real_fg_memory_images/orig30.jpg","real",NA,NA,NA,NA,NA,NA,NA,NA
"1124","337188",8,"resources/real_fg_memory_images/fg12.jpg","artificial",NA,NA,NA,NA,NA,NA,NA,NA
"1125","337188",8,"resources/real_fg_memory_images/orig28.jpg","real",NA,NA,NA,NA,NA,NA,NA,NA
"1126","337188",5,"resources/real_fg_memory_images/orig29.jpg","real",NA,NA,NA,NA,NA,NA,NA,NA
"1127","337188",3,"resources/real_fg_memory_images/fg10.jpg","artificial",NA,NA,NA,NA,NA,NA,NA,NA
"1128","337188",7,"resources/real_fg_memory_images/fg14.jpg","artificial",NA,NA,NA,NA,NA,NA,NA,NA
"1129","337188",7,"resources/real_fg_memory_images/orig25.jpg","real",NA,NA,NA,NA,NA,NA,NA,NA
"1130","337188",8,"resources/real_fg_memory_images/fg16.jpg","artificial",NA,NA,NA,NA,NA,NA,NA,NA
"1131","337188",6,"resources/real_fg_memory_images/orig19.jpg","real",NA,NA,NA,NA,NA,NA,NA,NA
"1132","337188",6,"resources/real_fg_memory_images/fg15.jpg","artificial",NA,NA,NA,NA,NA,NA,NA,NA
"1133","337188",6,"resources/real_fg_memory_images/fg1.jpg","artificial",NA,NA,NA,NA,NA,NA,NA,NA
"1134","337188",7,"resources/real_fg_memory_images/fg17.jpg","artificial",NA,NA,NA,NA,NA,NA,NA,NA
"1135","337188",4,"resources/real_fg_memory_images/orig31.jpg","real",NA,NA,NA,NA,NA,NA,NA,NA
"1136","337188",5,"resources/real_fg_memory_images/fg9.jpg","artificial",NA,NA,NA,NA,NA,NA,NA,NA
"1137","337188",2,"resources/real_fg_memory_images/fg3.jpg","artificial",NA,NA,NA,NA,NA,NA,NA,NA
"1138","337188",2,"resources/real_fg_memory_images/orig22.jpg","real",NA,NA,NA,NA,NA,NA,NA,NA
"1139","337188",6,"resources/real_fg_memory_images/fg6.jpg","artificial",NA,NA,NA,NA,NA,NA,NA,NA
"1140","337188",6,"resources/real_fg_memory_images/fg2.jpg","artificial",NA,NA,NA,NA,NA,NA,NA,NA
"1141","337188",6,"resources/real_fg_memory_images/fg7.jpg","artificial",NA,NA,NA,NA,NA,NA,NA,NA
"1142","337188",6,"resources/real_fg_memory_images/fg5.jpg","artificial",NA,NA,NA,NA,NA,NA,NA,NA
"1143","337188",6,"resources/real_fg_memory_images/orig36.jpg","real",NA,NA,NA,NA,NA,NA,NA,NA
"1144","337188",8,"resources/real_fg_memory_images/orig26.jpg","real",NA,NA,NA,NA,NA,NA,NA,NA
"1145","337188",7,"resources/real_fg_memory_images/orig24.jpg","real",NA,NA,NA,NA,NA,NA,NA,NA
"1146","337188",7,"resources/real_fg_memory_images/fg11.jpg","artificial",NA,NA,NA,NA,NA,NA,NA,NA
"1147","337188",6,"resources/real_fg_memory_images/orig27.jpg","real",NA,NA,NA,NA,NA,NA,NA,NA
"1148","337188",7,"resources/real_fg_memory_images/fg18.jpg","artificial",NA,NA,NA,NA,NA,NA,NA,NA
"1149","337188",6,"resources/real_fg_memory_images/fg13.jpg","artificial",NA,NA,NA,NA,NA,NA,NA,NA
"1150","337188",NA,NA,NA,NA,NA,NA,NA,NA,NA,NA,NA
"1151","337188",NA,NA,NA,NA,NA,NA,NA,4,"Persons over the age of 65 are often targeted by con-artists",NA,NA
"1152","337188",NA,NA,NA,NA,NA,NA,NA,2,"If something sounds too good to be true, it usually is",NA,NA
"1153","337188",NA,NA,NA,NA,NA,NA,NA,5,"I answer the phone whenever it rings, even if I do not know who is calling",NA,NA
"1154","337188",NA,NA,NA,NA,NA,NA,NA,1,"I have difficulty ending a phone call, even if the caller is a telemarketer, someone I do not know, or someone I do not wish to call me",NA,NA
"1155","337188",NA,NA,NA,NA,NA,NA,NA,1,"If a telemarketer calls me, I usually listen to what they have to say",NA,NA
"1156","337188",NA,NA,NA,NA,NA,NA,NA,NA,NA,NA,NA
"1157","337188",NA,NA,NA,NA,NA,NA,NA,NA,NA,"[""female_option""]",NA
"1158","337188",NA,NA,NA,NA,NA,NA,NA,NA,NA,NA,67
"1159","337188",NA,NA,NA,NA,NA,NA,NA,NA,NA,NA,NA
"1160","337188",NA,NA,NA,NA,NA,NA,NA,NA,NA,NA,NA
"1161","337188",NA,NA,NA,NA,NA,NA,NA,NA,NA,NA,NA
"1162","337188",NA,NA,NA,NA,NA,NA,NA,NA,NA,NA,NA
"1163","337188",NA,NA,NA,NA,NA,NA,NA,NA,NA,NA,NA
"1164","337188",NA,NA,NA,NA,NA,NA,NA,NA,NA,NA,NA
"1165","337188",NA,NA,NA,NA,NA,NA,NA,NA,NA,NA,NA
"1166","337188",NA,NA,NA,NA,NA,NA,NA,NA,NA,NA,NA
"1167","337188",NA,NA,NA,NA,NA,NA,NA,NA,NA,NA,NA
"1168","337188",NA,NA,NA,NA,NA,NA,NA,NA,NA,NA,NA
"1169","461165",NA,NA,NA,NA,NA,NA,NA,NA,NA,NA,NA
"1170","461165",NA,NA,NA,NA,NA,NA,NA,NA,NA,NA,NA
"1171","461165",NA,NA,NA,NA,NA,NA,NA,NA,NA,NA,NA
"1172","461165",NA,NA,NA,NA,NA,NA,NA,NA,NA,NA,NA
"1173","461165",9,"resources/real_fg_memory_images/orig32.jpg","real",NA,NA,NA,NA,NA,NA,NA,NA
"1174","461165",5,"resources/real_fg_memory_images/fg5.jpg","artificial",NA,NA,NA,NA,NA,NA,NA,NA
"1175","461165",7,"resources/real_fg_memory_images/orig27.jpg","real",NA,NA,NA,NA,NA,NA,NA,NA
"1176","461165",6,"resources/real_fg_memory_images/fg12.jpg","artificial",NA,NA,NA,NA,NA,NA,NA,NA
"1177","461165",8,"resources/real_fg_memory_images/fg15.jpg","artificial",NA,NA,NA,NA,NA,NA,NA,NA
"1178","461165",5,"resources/real_fg_memory_images/orig35.jpg","real",NA,NA,NA,NA,NA,NA,NA,NA
"1179","461165",9,"resources/real_fg_memory_images/orig36.jpg","real",NA,NA,NA,NA,NA,NA,NA,NA
"1180","461165",7,"resources/real_fg_memory_images/fg17.jpg","artificial",NA,NA,NA,NA,NA,NA,NA,NA
"1181","461165",8,"resources/real_fg_memory_images/fg16.jpg","artificial",NA,NA,NA,NA,NA,NA,NA,NA
"1182","461165",7,"resources/real_fg_memory_images/fg8.jpg","artificial",NA,NA,NA,NA,NA,NA,NA,NA
"1183","461165",10,"resources/real_fg_memory_images/orig34.jpg","real",NA,NA,NA,NA,NA,NA,NA,NA
"1184","461165",9,"resources/real_fg_memory_images/fg14.jpg","artificial",NA,NA,NA,NA,NA,NA,NA,NA
"1185","461165",5,"resources/real_fg_memory_images/fg4.jpg","artificial",NA,NA,NA,NA,NA,NA,NA,NA
"1186","461165",7,"resources/real_fg_memory_images/fg2.jpg","artificial",NA,NA,NA,NA,NA,NA,NA,NA
"1187","461165",4,"resources/real_fg_memory_images/orig21.jpg","real",NA,NA,NA,NA,NA,NA,NA,NA
"1188","461165",3,"resources/real_fg_memory_images/fg9.jpg","artificial",NA,NA,NA,NA,NA,NA,NA,NA
"1189","461165",6,"resources/real_fg_memory_images/orig29.jpg","real",NA,NA,NA,NA,NA,NA,NA,NA
"1190","461165",7,"resources/real_fg_memory_images/fg11.jpg","artificial",NA,NA,NA,NA,NA,NA,NA,NA
"1191","461165",6,"resources/real_fg_memory_images/fg6.jpg","artificial",NA,NA,NA,NA,NA,NA,NA,NA
"1192","461165",4,"resources/real_fg_memory_images/fg13.jpg","artificial",NA,NA,NA,NA,NA,NA,NA,NA
"1193","461165",3,"resources/real_fg_memory_images/fg3.jpg","artificial",NA,NA,NA,NA,NA,NA,NA,NA
"1194","461165",6,"resources/real_fg_memory_images/orig33.jpg","real",NA,NA,NA,NA,NA,NA,NA,NA
"1195","461165",3,"resources/real_fg_memory_images/fg1.jpg","artificial",NA,NA,NA,NA,NA,NA,NA,NA
"1196","461165",6,"resources/real_fg_memory_images/orig23.jpg","real",NA,NA,NA,NA,NA,NA,NA,NA
"1197","461165",8,"resources/real_fg_memory_images/fg18.jpg","artificial",NA,NA,NA,NA,NA,NA,NA,NA
"1198","461165",7,"resources/real_fg_memory_images/orig24.jpg","real",NA,NA,NA,NA,NA,NA,NA,NA
"1199","461165",6,"resources/real_fg_memory_images/fg7.jpg","artificial",NA,NA,NA,NA,NA,NA,NA,NA
"1200","461165",7,"resources/real_fg_memory_images/orig22.jpg","real",NA,NA,NA,NA,NA,NA,NA,NA
"1201","461165",8,"resources/real_fg_memory_images/orig28.jpg","real",NA,NA,NA,NA,NA,NA,NA,NA
"1202","461165",5,"resources/real_fg_memory_images/orig19.jpg","real",NA,NA,NA,NA,NA,NA,NA,NA
"1203","461165",7,"resources/real_fg_memory_images/orig30.jpg","real",NA,NA,NA,NA,NA,NA,NA,NA
"1204","461165",6,"resources/real_fg_memory_images/orig25.jpg","real",NA,NA,NA,NA,NA,NA,NA,NA
"1205","461165",3,"resources/real_fg_memory_images/orig31.jpg","real",NA,NA,NA,NA,NA,NA,NA,NA
"1206","461165",6,"resources/real_fg_memory_images/fg10.jpg","artificial",NA,NA,NA,NA,NA,NA,NA,NA
"1207","461165",7,"resources/real_fg_memory_images/orig20.jpg","real",NA,NA,NA,NA,NA,NA,NA,NA
"1208","461165",8,"resources/real_fg_memory_images/orig26.jpg","real",NA,NA,NA,NA,NA,NA,NA,NA
"1209","461165",NA,NA,NA,NA,NA,NA,NA,NA,NA,NA,NA
"1210","461165",NA,"resources/real_fg_memory_images/fg12.jpg",NA,"artificial","Neutral",NA,NA,NA,NA,NA,NA
"1211","461165",NA,"resources/real_fg_memory_images/orig20.jpg",NA,"real","Scam",NA,NA,NA,NA,NA,NA
"1212","461165",NA,"resources/real_fg_memory_images/fg10.jpg",NA,"artificial","Neutral",NA,NA,NA,NA,NA,NA
"1213","461165",NA,"resources/real_fg_memory_images/fg5.jpg",NA,"artificial","Scam",NA,NA,NA,NA,NA,NA
"1214","461165",NA,"resources/real_fg_memory_images/fg1.jpg",NA,"artificial","Scam",NA,NA,NA,NA,NA,NA
"1215","461165",NA,"resources/real_fg_memory_images/fg3.jpg",NA,"artificial","Scam",NA,NA,NA,NA,NA,NA
"1216","461165",NA,"resources/real_fg_memory_images/orig22.jpg",NA,"real","Scam",NA,NA,NA,NA,NA,NA
"1217","461165",NA,"resources/real_fg_memory_images/fg8.jpg",NA,"artificial","Neutral",NA,NA,NA,NA,NA,NA
"1218","461165",NA,"resources/real_fg_memory_images/fg9.jpg",NA,"artificial","Neutral",NA,NA,NA,NA,NA,NA
"1219","461165",NA,"resources/real_fg_memory_images/fg2.jpg",NA,"artificial","Scam",NA,NA,NA,NA,NA,NA
"1220","461165",NA,"resources/real_fg_memory_images/orig27.jpg",NA,"real","Neutral",NA,NA,NA,NA,NA,NA
"1221","461165",NA,"resources/real_fg_memory_images/orig24.jpg",NA,"real","Scam",NA,NA,NA,NA,NA,NA
"1222","461165",NA,"resources/real_fg_memory_images/orig21.jpg",NA,"real","Scam",NA,NA,NA,NA,NA,NA
"1223","461165",NA,"resources/real_fg_memory_images/orig19.jpg",NA,"real","Scam",NA,NA,NA,NA,NA,NA
"1224","461165",NA,"resources/real_fg_memory_images/fg7.jpg",NA,"artificial","Neutral",NA,NA,NA,NA,NA,NA
"1225","461165",NA,"resources/real_fg_memory_images/orig28.jpg",NA,"real","Neutral",NA,NA,NA,NA,NA,NA
"1226","461165",NA,"resources/real_fg_memory_images/fg6.jpg",NA,"artificial","Scam",NA,NA,NA,NA,NA,NA
"1227","461165",NA,"resources/real_fg_memory_images/orig25.jpg",NA,"real","Neutral",NA,NA,NA,NA,NA,NA
"1228","461165",NA,"resources/real_fg_memory_images/orig26.jpg",NA,"real","Neutral",NA,NA,NA,NA,NA,NA
"1229","461165",NA,"resources/real_fg_memory_images/orig29.jpg",NA,"real","Neutral",NA,NA,NA,NA,NA,NA
"1230","461165",NA,"resources/real_fg_memory_images/fg4.jpg",NA,"artificial","Scam",NA,NA,NA,NA,NA,NA
"1231","461165",NA,"resources/real_fg_memory_images/fg11.jpg",NA,"artificial","Neutral",NA,NA,NA,NA,NA,NA
"1232","461165",NA,"resources/real_fg_memory_images/orig23.jpg",NA,"real","Scam",NA,NA,NA,NA,NA,NA
"1233","461165",NA,"resources/real_fg_memory_images/orig30.jpg",NA,"real","Neutral",NA,NA,NA,NA,NA,NA
"1234","461165",NA,NA,NA,NA,NA,NA,NA,NA,NA,NA,NA
"1235","461165",NA,"resources/real_fg_memory_images/orig27.jpg",NA,"real","Neutral","[""scam_button""]","6",NA,NA,NA,NA
"1236","461165",NA,"resources/real_fg_memory_images/fg8.jpg",NA,"artificial","Neutral","[""scam_button""]","1",NA,NA,NA,NA
"1237","461165",NA,"resources/real_fg_memory_images/fg3.jpg",NA,"artificial","Scam","[""scam_button""]","5",NA,NA,NA,NA
"1238","461165",NA,"resources/real_fg_memory_images/fg4.jpg",NA,"artificial","Scam","[""neutral_button""]","6",NA,NA,NA,NA
"1239","461165",NA,"resources/real_fg_memory_images/orig23.jpg",NA,"real","Scam","[""scam_button""]","1",NA,NA,NA,NA
"1240","461165",NA,"resources/real_fg_memory_images/orig20.jpg",NA,"real","Scam","[""scam_button""]","4",NA,NA,NA,NA
"1241","461165",NA,"resources/real_fg_memory_images/orig30.jpg",NA,"real","Neutral","[""neutral_button""]","3",NA,NA,NA,NA
"1242","461165",NA,"resources/real_fg_memory_images/orig21.jpg",NA,"real","Scam","[""scam_button""]","6",NA,NA,NA,NA
"1243","461165",NA,"resources/real_fg_memory_images/fg9.jpg",NA,"artificial","Neutral","[""scam_button""]","7",NA,NA,NA,NA
"1244","461165",NA,"resources/real_fg_memory_images/fg6.jpg",NA,"artificial","Scam","[""neutral_button""]","0",NA,NA,NA,NA
"1245","461165",NA,"resources/real_fg_memory_images/orig24.jpg",NA,"real","Scam","[""neutral_button""]","4",NA,NA,NA,NA
"1246","461165",NA,"resources/real_fg_memory_images/orig19.jpg",NA,"real","Scam","[""scam_button""]","2",NA,NA,NA,NA
"1247","461165",NA,"resources/real_fg_memory_images/orig29.jpg",NA,"real","Neutral","[""neutral_button""]","1",NA,NA,NA,NA
"1248","461165",NA,"resources/real_fg_memory_images/orig26.jpg",NA,"real","Neutral","[""neutral_button""]","2",NA,NA,NA,NA
"1249","461165",NA,"resources/real_fg_memory_images/fg1.jpg",NA,"artificial","Scam","[""scam_button""]","5",NA,NA,NA,NA
"1250","461165",NA,"resources/real_fg_memory_images/fg5.jpg",NA,"artificial","Scam","[""scam_button""]","3",NA,NA,NA,NA
"1251","461165",NA,"resources/real_fg_memory_images/orig22.jpg",NA,"real","Scam","[""neutral_button""]","2",NA,NA,NA,NA
"1252","461165",NA,"resources/real_fg_memory_images/fg11.jpg",NA,"artificial","Neutral","[""scam_button""]","1",NA,NA,NA,NA
"1253","461165",NA,"resources/real_fg_memory_images/fg2.jpg",NA,"artificial","Scam","[""neutral_button""]","3",NA,NA,NA,NA
"1254","461165",NA,"resources/real_fg_memory_images/orig25.jpg",NA,"real","Neutral","[""neutral_button""]","2",NA,NA,NA,NA
"1255","461165",NA,"resources/real_fg_memory_images/fg10.jpg",NA,"artificial","Neutral","[""scam_button""]","3",NA,NA,NA,NA
"1256","461165",NA,"resources/real_fg_memory_images/fg12.jpg",NA,"artificial","Neutral","[""scam_button""]","6",NA,NA,NA,NA
"1257","461165",NA,"resources/real_fg_memory_images/fg7.jpg",NA,"artificial","Neutral","[""scam_button""]","2",NA,NA,NA,NA
"1258","461165",NA,"resources/real_fg_memory_images/orig28.jpg",NA,"real","Neutral","[""neutral_button""]","4",NA,NA,NA,NA
"1259","461165",NA,NA,NA,NA,NA,NA,NA,NA,NA,NA,NA
"1260","461165",6,"resources/real_fg_memory_images/fg10.jpg","artificial",NA,NA,NA,NA,NA,NA,NA,NA
"1261","461165",5,"resources/real_fg_memory_images/orig35.jpg","real",NA,NA,NA,NA,NA,NA,NA,NA
"1262","461165",9,"resources/real_fg_memory_images/orig32.jpg","real",NA,NA,NA,NA,NA,NA,NA,NA
"1263","461165",4,"resources/real_fg_memory_images/fg8.jpg","artificial",NA,NA,NA,NA,NA,NA,NA,NA
"1264","461165",3,"resources/real_fg_memory_images/fg9.jpg","artificial",NA,NA,NA,NA,NA,NA,NA,NA
"1265","461165",2,"resources/real_fg_memory_images/orig31.jpg","real",NA,NA,NA,NA,NA,NA,NA,NA
"1266","461165",7,"resources/real_fg_memory_images/orig33.jpg","real",NA,NA,NA,NA,NA,NA,NA,NA
"1267","461165",4,"resources/real_fg_memory_images/fg1.jpg","artificial",NA,NA,NA,NA,NA,NA,NA,NA
"1268","461165",9,"resources/real_fg_memory_images/fg18.jpg","artificial",NA,NA,NA,NA,NA,NA,NA,NA
"1269","461165",10,"resources/real_fg_memory_images/orig36.jpg","real",NA,NA,NA,NA,NA,NA,NA,NA
"1270","461165",7,"resources/real_fg_memory_images/fg6.jpg","artificial",NA,NA,NA,NA,NA,NA,NA,NA
"1271","461165",8,"resources/real_fg_memory_images/orig26.jpg","real",NA,NA,NA,NA,NA,NA,NA,NA
"1272","461165",6,"resources/real_fg_memory_images/orig19.jpg","real",NA,NA,NA,NA,NA,NA,NA,NA
"1273","461165",7,"resources/real_fg_memory_images/orig23.jpg","real",NA,NA,NA,NA,NA,NA,NA,NA
"1274","461165",9,"resources/real_fg_memory_images/fg14.jpg","artificial",NA,NA,NA,NA,NA,NA,NA,NA
"1275","461165",8,"resources/real_fg_memory_images/fg16.jpg","artificial",NA,NA,NA,NA,NA,NA,NA,NA
"1276","461165",7,"resources/real_fg_memory_images/orig29.jpg","real",NA,NA,NA,NA,NA,NA,NA,NA
"1277","461165",8,"resources/real_fg_memory_images/orig24.jpg","real",NA,NA,NA,NA,NA,NA,NA,NA
"1278","461165",8,"resources/real_fg_memory_images/orig28.jpg","real",NA,NA,NA,NA,NA,NA,NA,NA
"1279","461165",9,"resources/real_fg_memory_images/fg2.jpg","artificial",NA,NA,NA,NA,NA,NA,NA,NA
"1280","461165",7,"resources/real_fg_memory_images/fg13.jpg","artificial",NA,NA,NA,NA,NA,NA,NA,NA
"1281","461165",3,"resources/real_fg_memory_images/orig27.jpg","real",NA,NA,NA,NA,NA,NA,NA,NA
"1282","461165",6,"resources/real_fg_memory_images/orig20.jpg","real",NA,NA,NA,NA,NA,NA,NA,NA
"1283","461165",8,"resources/real_fg_memory_images/orig30.jpg","real",NA,NA,NA,NA,NA,NA,NA,NA
"1284","461165",7,"resources/real_fg_memory_images/orig22.jpg","real",NA,NA,NA,NA,NA,NA,NA,NA
"1285","461165",6,"resources/real_fg_memory_images/fg11.jpg","artificial",NA,NA,NA,NA,NA,NA,NA,NA
"1286","461165",4,"resources/real_fg_memory_images/fg3.jpg","artificial",NA,NA,NA,NA,NA,NA,NA,NA
"1287","461165",6,"resources/real_fg_memory_images/orig25.jpg","real",NA,NA,NA,NA,NA,NA,NA,NA
"1288","461165",7,"resources/real_fg_memory_images/fg17.jpg","artificial",NA,NA,NA,NA,NA,NA,NA,NA
"1289","461165",6,"resources/real_fg_memory_images/fg5.jpg","artificial",NA,NA,NA,NA,NA,NA,NA,NA
"1290","461165",6,"resources/real_fg_memory_images/fg15.jpg","artificial",NA,NA,NA,NA,NA,NA,NA,NA
"1291","461165",7,"resources/real_fg_memory_images/fg4.jpg","artificial",NA,NA,NA,NA,NA,NA,NA,NA
"1292","461165",6,"resources/real_fg_memory_images/fg7.jpg","artificial",NA,NA,NA,NA,NA,NA,NA,NA
"1293","461165",8,"resources/real_fg_memory_images/orig34.jpg","real",NA,NA,NA,NA,NA,NA,NA,NA
"1294","461165",5,"resources/real_fg_memory_images/fg12.jpg","artificial",NA,NA,NA,NA,NA,NA,NA,NA
"1295","461165",6,"resources/real_fg_memory_images/orig21.jpg","real",NA,NA,NA,NA,NA,NA,NA,NA
"1296","461165",NA,NA,NA,NA,NA,NA,NA,NA,NA,NA,NA
"1297","461165",NA,NA,NA,NA,NA,NA,NA,5,"Persons over the age of 65 are often targeted by con-artists",NA,NA
"1298","461165",NA,NA,NA,NA,NA,NA,NA,1,"I answer the phone whenever it rings, even if I do not know who is calling",NA,NA
"1299","461165",NA,NA,NA,NA,NA,NA,NA,5,"If something sounds too good to be true, it usually is",NA,NA
"1300","461165",NA,NA,NA,NA,NA,NA,NA,1,"I have difficulty ending a phone call, even if the caller is a telemarketer, someone I do not know, or someone I do not wish to call me",NA,NA
"1301","461165",NA,NA,NA,NA,NA,NA,NA,2,"If a telemarketer calls me, I usually listen to what they have to say",NA,NA
"1302","461165",NA,NA,NA,NA,NA,NA,NA,NA,NA,NA,NA
"1303","461165",NA,NA,NA,NA,NA,NA,NA,NA,NA,"[""female_option""]",NA
"1304","461165",NA,NA,NA,NA,NA,NA,NA,NA,NA,NA,66
"1305","461165",NA,NA,NA,NA,NA,NA,NA,NA,NA,NA,NA
"1306","461165",NA,NA,NA,NA,NA,NA,NA,NA,NA,NA,NA
"1307","461165",NA,NA,NA,NA,NA,NA,NA,NA,NA,NA,NA
"1308","461165",NA,NA,NA,NA,NA,NA,NA,NA,NA,NA,NA
"1309","461165",NA,NA,NA,NA,NA,NA,NA,NA,NA,NA,NA
"1310","461165",NA,NA,NA,NA,NA,NA,NA,NA,NA,NA,NA
"1311","461165",NA,NA,NA,NA,NA,NA,NA,NA,NA,NA,NA
"1312","461165",NA,NA,NA,NA,NA,NA,NA,NA,NA,NA,NA
"1313","461165",NA,NA,NA,NA,NA,NA,NA,NA,NA,NA,NA
"1314","461165",NA,NA,NA,NA,NA,NA,NA,NA,NA,NA,NA
"1315","463753",NA,NA,NA,NA,NA,NA,NA,NA,NA,NA,NA
"1316","463753",NA,NA,NA,NA,NA,NA,NA,NA,NA,NA,NA
"1317","463753",NA,NA,NA,NA,NA,NA,NA,NA,NA,NA,NA
"1318","463753",NA,NA,NA,NA,NA,NA,NA,NA,NA,NA,NA
"1319","463753",8,"resources/real_fg_memory_images/fg9.jpg","artificial",NA,NA,NA,NA,NA,NA,NA,NA
"1320","463753",6,"resources/real_fg_memory_images/orig22.jpg","real",NA,NA,NA,NA,NA,NA,NA,NA
"1321","463753",5,"resources/real_fg_memory_images/orig29.jpg","real",NA,NA,NA,NA,NA,NA,NA,NA
"1322","463753",8,"resources/real_fg_memory_images/orig32.jpg","real",NA,NA,NA,NA,NA,NA,NA,NA
"1323","463753",7,"resources/real_fg_memory_images/orig34.jpg","real",NA,NA,NA,NA,NA,NA,NA,NA
"1324","463753",6,"resources/real_fg_memory_images/fg15.jpg","artificial",NA,NA,NA,NA,NA,NA,NA,NA
"1325","463753",6,"resources/real_fg_memory_images/fg8.jpg","artificial",NA,NA,NA,NA,NA,NA,NA,NA
"1326","463753",8,"resources/real_fg_memory_images/fg5.jpg","artificial",NA,NA,NA,NA,NA,NA,NA,NA
"1327","463753",6,"resources/real_fg_memory_images/orig35.jpg","real",NA,NA,NA,NA,NA,NA,NA,NA
"1328","463753",9,"resources/real_fg_memory_images/orig28.jpg","real",NA,NA,NA,NA,NA,NA,NA,NA
"1329","463753",6,"resources/real_fg_memory_images/fg16.jpg","artificial",NA,NA,NA,NA,NA,NA,NA,NA
"1330","463753",7,"resources/real_fg_memory_images/orig20.jpg","real",NA,NA,NA,NA,NA,NA,NA,NA
"1331","463753",8,"resources/real_fg_memory_images/fg14.jpg","artificial",NA,NA,NA,NA,NA,NA,NA,NA
"1332","463753",7,"resources/real_fg_memory_images/fg7.jpg","artificial",NA,NA,NA,NA,NA,NA,NA,NA
"1333","463753",6,"resources/real_fg_memory_images/fg13.jpg","artificial",NA,NA,NA,NA,NA,NA,NA,NA
"1334","463753",5,"resources/real_fg_memory_images/orig19.jpg","real",NA,NA,NA,NA,NA,NA,NA,NA
"1335","463753",7,"resources/real_fg_memory_images/fg2.jpg","artificial",NA,NA,NA,NA,NA,NA,NA,NA
"1336","463753",6,"resources/real_fg_memory_images/fg12.jpg","artificial",NA,NA,NA,NA,NA,NA,NA,NA
"1337","463753",7,"resources/real_fg_memory_images/orig27.jpg","real",NA,NA,NA,NA,NA,NA,NA,NA
"1338","463753",5,"resources/real_fg_memory_images/fg4.jpg","artificial",NA,NA,NA,NA,NA,NA,NA,NA
"1339","463753",7,"resources/real_fg_memory_images/fg1.jpg","artificial",NA,NA,NA,NA,NA,NA,NA,NA
"1340","463753",4,"resources/real_fg_memory_images/fg3.jpg","artificial",NA,NA,NA,NA,NA,NA,NA,NA
"1341","463753",4,"resources/real_fg_memory_images/fg11.jpg","artificial",NA,NA,NA,NA,NA,NA,NA,NA
"1342","463753",7,"resources/real_fg_memory_images/orig36.jpg","real",NA,NA,NA,NA,NA,NA,NA,NA
"1343","463753",7,"resources/real_fg_memory_images/orig26.jpg","real",NA,NA,NA,NA,NA,NA,NA,NA
"1344","463753",6,"resources/real_fg_memory_images/orig30.jpg","real",NA,NA,NA,NA,NA,NA,NA,NA
"1345","463753",8,"resources/real_fg_memory_images/orig33.jpg","real",NA,NA,NA,NA,NA,NA,NA,NA
"1346","463753",9,"resources/real_fg_memory_images/orig23.jpg","real",NA,NA,NA,NA,NA,NA,NA,NA
"1347","463753",7,"resources/real_fg_memory_images/orig31.jpg","real",NA,NA,NA,NA,NA,NA,NA,NA
"1348","463753",8,"resources/real_fg_memory_images/orig21.jpg","real",NA,NA,NA,NA,NA,NA,NA,NA
"1349","463753",9,"resources/real_fg_memory_images/orig24.jpg","real",NA,NA,NA,NA,NA,NA,NA,NA
"1350","463753",10,"resources/real_fg_memory_images/fg18.jpg","artificial",NA,NA,NA,NA,NA,NA,NA,NA
"1351","463753",5,"resources/real_fg_memory_images/orig25.jpg","real",NA,NA,NA,NA,NA,NA,NA,NA
"1352","463753",6,"resources/real_fg_memory_images/fg17.jpg","artificial",NA,NA,NA,NA,NA,NA,NA,NA
"1353","463753",5,"resources/real_fg_memory_images/fg10.jpg","artificial",NA,NA,NA,NA,NA,NA,NA,NA
"1354","463753",6,"resources/real_fg_memory_images/fg6.jpg","artificial",NA,NA,NA,NA,NA,NA,NA,NA
"1355","463753",NA,NA,NA,NA,NA,NA,NA,NA,NA,NA,NA
"1356","463753",NA,"resources/real_fg_memory_images/fg10.jpg",NA,"artificial","Neutral",NA,NA,NA,NA,NA,NA
"1357","463753",NA,"resources/real_fg_memory_images/orig24.jpg",NA,"real","Scam",NA,NA,NA,NA,NA,NA
"1358","463753",NA,"resources/real_fg_memory_images/orig29.jpg",NA,"real","Neutral",NA,NA,NA,NA,NA,NA
"1359","463753",NA,"resources/real_fg_memory_images/orig20.jpg",NA,"real","Scam",NA,NA,NA,NA,NA,NA
"1360","463753",NA,"resources/real_fg_memory_images/orig21.jpg",NA,"real","Scam",NA,NA,NA,NA,NA,NA
"1361","463753",NA,"resources/real_fg_memory_images/fg12.jpg",NA,"artificial","Neutral",NA,NA,NA,NA,NA,NA
"1362","463753",NA,"resources/real_fg_memory_images/orig23.jpg",NA,"real","Scam",NA,NA,NA,NA,NA,NA
"1363","463753",NA,"resources/real_fg_memory_images/fg7.jpg",NA,"artificial","Neutral",NA,NA,NA,NA,NA,NA
"1364","463753",NA,"resources/real_fg_memory_images/fg1.jpg",NA,"artificial","Scam",NA,NA,NA,NA,NA,NA
"1365","463753",NA,"resources/real_fg_memory_images/fg2.jpg",NA,"artificial","Scam",NA,NA,NA,NA,NA,NA
"1366","463753",NA,"resources/real_fg_memory_images/fg9.jpg",NA,"artificial","Neutral",NA,NA,NA,NA,NA,NA
"1367","463753",NA,"resources/real_fg_memory_images/orig19.jpg",NA,"real","Scam",NA,NA,NA,NA,NA,NA
"1368","463753",NA,"resources/real_fg_memory_images/orig26.jpg",NA,"real","Neutral",NA,NA,NA,NA,NA,NA
"1369","463753",NA,"resources/real_fg_memory_images/orig22.jpg",NA,"real","Scam",NA,NA,NA,NA,NA,NA
"1370","463753",NA,"resources/real_fg_memory_images/fg8.jpg",NA,"artificial","Neutral",NA,NA,NA,NA,NA,NA
"1371","463753",NA,"resources/real_fg_memory_images/orig27.jpg",NA,"real","Neutral",NA,NA,NA,NA,NA,NA
"1372","463753",NA,"resources/real_fg_memory_images/orig30.jpg",NA,"real","Neutral",NA,NA,NA,NA,NA,NA
"1373","463753",NA,"resources/real_fg_memory_images/fg3.jpg",NA,"artificial","Scam",NA,NA,NA,NA,NA,NA
"1374","463753",NA,"resources/real_fg_memory_images/fg4.jpg",NA,"artificial","Scam",NA,NA,NA,NA,NA,NA
"1375","463753",NA,"resources/real_fg_memory_images/fg6.jpg",NA,"artificial","Scam",NA,NA,NA,NA,NA,NA
"1376","463753",NA,"resources/real_fg_memory_images/orig25.jpg",NA,"real","Neutral",NA,NA,NA,NA,NA,NA
"1377","463753",NA,"resources/real_fg_memory_images/orig28.jpg",NA,"real","Neutral",NA,NA,NA,NA,NA,NA
"1378","463753",NA,"resources/real_fg_memory_images/fg11.jpg",NA,"artificial","Neutral",NA,NA,NA,NA,NA,NA
"1379","463753",NA,"resources/real_fg_memory_images/fg5.jpg",NA,"artificial","Scam",NA,NA,NA,NA,NA,NA
"1380","463753",NA,NA,NA,NA,NA,NA,NA,NA,NA,NA,NA
"1381","463753",NA,"resources/real_fg_memory_images/orig29.jpg",NA,"real","Neutral","[""scam_button""]","8 ",NA,NA,NA,NA
"1382","463753",NA,"resources/real_fg_memory_images/fg12.jpg",NA,"artificial","Neutral","[""scam_button""]","10",NA,NA,NA,NA
"1383","463753",NA,"resources/real_fg_memory_images/fg6.jpg",NA,"artificial","Scam","[""neutral_button""]","6",NA,NA,NA,NA
"1384","463753",NA,"resources/real_fg_memory_images/fg7.jpg",NA,"artificial","Neutral","[""scam_button""]","10",NA,NA,NA,NA
"1385","463753",NA,"resources/real_fg_memory_images/fg1.jpg",NA,"artificial","Scam","[""scam_button""]","10",NA,NA,NA,NA
"1386","463753",NA,"resources/real_fg_memory_images/fg3.jpg",NA,"artificial","Scam","[""scam_button""]","10",NA,NA,NA,NA
"1387","463753",NA,"resources/real_fg_memory_images/fg10.jpg",NA,"artificial","Neutral","[""scam_button""]","10",NA,NA,NA,NA
"1388","463753",NA,"resources/real_fg_memory_images/orig22.jpg",NA,"real","Scam","[""scam_button""]","10",NA,NA,NA,NA
"1389","463753",NA,"resources/real_fg_memory_images/orig23.jpg",NA,"real","Scam","[""scam_button""]","10",NA,NA,NA,NA
"1390","463753",NA,"resources/real_fg_memory_images/fg8.jpg",NA,"artificial","Neutral","[""neutral_button""]","3",NA,NA,NA,NA
"1391","463753",NA,"resources/real_fg_memory_images/fg4.jpg",NA,"artificial","Scam","[""scam_button""]","5",NA,NA,NA,NA
"1392","463753",NA,"resources/real_fg_memory_images/orig25.jpg",NA,"real","Neutral","[""scam_button""]","10",NA,NA,NA,NA
"1393","463753",NA,"resources/real_fg_memory_images/orig21.jpg",NA,"real","Scam","[""neutral_button""]","8",NA,NA,NA,NA
"1394","463753",NA,"resources/real_fg_memory_images/orig30.jpg",NA,"real","Neutral","[""scam_button""]","10",NA,NA,NA,NA
"1395","463753",NA,"resources/real_fg_memory_images/orig24.jpg",NA,"real","Scam","[""scam_button""]","10",NA,NA,NA,NA
"1396","463753",NA,"resources/real_fg_memory_images/fg9.jpg",NA,"artificial","Neutral","[""scam_button""]","10",NA,NA,NA,NA
"1397","463753",NA,"resources/real_fg_memory_images/orig27.jpg",NA,"real","Neutral","[""scam_button""]","3",NA,NA,NA,NA
"1398","463753",NA,"resources/real_fg_memory_images/orig19.jpg",NA,"real","Scam","[""scam_button""]","8",NA,NA,NA,NA
"1399","463753",NA,"resources/real_fg_memory_images/orig20.jpg",NA,"real","Scam","[""neutral_button""]","6",NA,NA,NA,NA
"1400","463753",NA,"resources/real_fg_memory_images/orig26.jpg",NA,"real","Neutral","[""neutral_button""]","7",NA,NA,NA,NA
"1401","463753",NA,"resources/real_fg_memory_images/fg5.jpg",NA,"artificial","Scam","[""scam_button""]","2",NA,NA,NA,NA
"1402","463753",NA,"resources/real_fg_memory_images/fg11.jpg",NA,"artificial","Neutral","[""scam_button""]","10",NA,NA,NA,NA
"1403","463753",NA,"resources/real_fg_memory_images/orig28.jpg",NA,"real","Neutral","[""scam_button""]","10",NA,NA,NA,NA
"1404","463753",NA,"resources/real_fg_memory_images/fg2.jpg",NA,"artificial","Scam","[""neutral_button""]","10",NA,NA,NA,NA
"1405","463753",NA,NA,NA,NA,NA,NA,NA,NA,NA,NA,NA
"1406","463753",10,"resources/real_fg_memory_images/orig32.jpg","real",NA,NA,NA,NA,NA,NA,NA,NA
"1407","463753",7,"resources/real_fg_memory_images/fg8.jpg","artificial",NA,NA,NA,NA,NA,NA,NA,NA
"1408","463753",8,"resources/real_fg_memory_images/fg15.jpg","artificial",NA,NA,NA,NA,NA,NA,NA,NA
"1409","463753",5,"resources/real_fg_memory_images/fg6.jpg","artificial",NA,NA,NA,NA,NA,NA,NA,NA
"1410","463753",8,"resources/real_fg_memory_images/fg4.jpg","artificial",NA,NA,NA,NA,NA,NA,NA,NA
"1411","463753",0,"resources/real_fg_memory_images/orig31.jpg","real",NA,NA,NA,NA,NA,NA,NA,NA
"1412","463753",7,"resources/real_fg_memory_images/fg13.jpg","artificial",NA,NA,NA,NA,NA,NA,NA,NA
"1413","463753",8,"resources/real_fg_memory_images/orig25.jpg","real",NA,NA,NA,NA,NA,NA,NA,NA
"1414","463753",8,"resources/real_fg_memory_images/orig33.jpg","real",NA,NA,NA,NA,NA,NA,NA,NA
"1415","463753",4,"resources/real_fg_memory_images/orig22.jpg","real",NA,NA,NA,NA,NA,NA,NA,NA
"1416","463753",6,"resources/real_fg_memory_images/orig21.jpg","real",NA,NA,NA,NA,NA,NA,NA,NA
"1417","463753",4,"resources/real_fg_memory_images/fg18.jpg","artificial",NA,NA,NA,NA,NA,NA,NA,NA
"1418","463753",7,"resources/real_fg_memory_images/orig23.jpg","real",NA,NA,NA,NA,NA,NA,NA,NA
"1419","463753",8,"resources/real_fg_memory_images/fg17.jpg","artificial",NA,NA,NA,NA,NA,NA,NA,NA
"1420","463753",9,"resources/real_fg_memory_images/orig28.jpg","real",NA,NA,NA,NA,NA,NA,NA,NA
"1421","463753",7,"resources/real_fg_memory_images/orig26.jpg","real",NA,NA,NA,NA,NA,NA,NA,NA
"1422","463753",5,"resources/real_fg_memory_images/fg16.jpg","artificial",NA,NA,NA,NA,NA,NA,NA,NA
"1423","463753",6,"resources/real_fg_memory_images/orig27.jpg","real",NA,NA,NA,NA,NA,NA,NA,NA
"1424","463753",7,"resources/real_fg_memory_images/fg7.jpg","artificial",NA,NA,NA,NA,NA,NA,NA,NA
"1425","463753",9,"resources/real_fg_memory_images/orig35.jpg","real",NA,NA,NA,NA,NA,NA,NA,NA
"1426","463753",2,"resources/real_fg_memory_images/fg3.jpg","artificial",NA,NA,NA,NA,NA,NA,NA,NA
"1427","463753",6,"resources/real_fg_memory_images/orig24.jpg","real",NA,NA,NA,NA,NA,NA,NA,NA
"1428","463753",7,"resources/real_fg_memory_images/orig36.jpg","real",NA,NA,NA,NA,NA,NA,NA,NA
"1429","463753",4,"resources/real_fg_memory_images/orig20.jpg","real",NA,NA,NA,NA,NA,NA,NA,NA
"1430","463753",7,"resources/real_fg_memory_images/fg11.jpg","artificial",NA,NA,NA,NA,NA,NA,NA,NA
"1431","463753",8,"resources/real_fg_memory_images/fg14.jpg","artificial",NA,NA,NA,NA,NA,NA,NA,NA
"1432","463753",5,"resources/real_fg_memory_images/fg10.jpg","artificial",NA,NA,NA,NA,NA,NA,NA,NA
"1433","463753",6,"resources/real_fg_memory_images/fg2.jpg","artificial",NA,NA,NA,NA,NA,NA,NA,NA
"1434","463753",7,"resources/real_fg_memory_images/orig19.jpg","real",NA,NA,NA,NA,NA,NA,NA,NA
"1435","463753",5,"resources/real_fg_memory_images/orig29.jpg","real",NA,NA,NA,NA,NA,NA,NA,NA
"1436","463753",4,"resources/real_fg_memory_images/fg9.jpg","artificial",NA,NA,NA,NA,NA,NA,NA,NA
"1437","463753",5,"resources/real_fg_memory_images/fg12.jpg","artificial",NA,NA,NA,NA,NA,NA,NA,NA
"1438","463753",7,"resources/real_fg_memory_images/fg5.jpg","artificial",NA,NA,NA,NA,NA,NA,NA,NA
"1439","463753",6,"resources/real_fg_memory_images/orig30.jpg","real",NA,NA,NA,NA,NA,NA,NA,NA
"1440","463753",7,"resources/real_fg_memory_images/orig34.jpg","real",NA,NA,NA,NA,NA,NA,NA,NA
"1441","463753",10,"resources/real_fg_memory_images/fg1.jpg","artificial",NA,NA,NA,NA,NA,NA,NA,NA
"1442","463753",NA,NA,NA,NA,NA,NA,NA,NA,NA,NA,NA
"1443","463753",NA,NA,NA,NA,NA,NA,NA,1,"I have difficulty ending a phone call, even if the caller is a telemarketer, someone I do not know, or someone I do not wish to call me",NA,NA
"1444","463753",NA,NA,NA,NA,NA,NA,NA,4,"If a telemarketer calls me, I usually listen to what they have to say",NA,NA
"1445","463753",NA,NA,NA,NA,NA,NA,NA,5,"I answer the phone whenever it rings, even if I do not know who is calling",NA,NA
"1446","463753",NA,NA,NA,NA,NA,NA,NA,5,"Persons over the age of 65 are often targeted by con-artists",NA,NA
"1447","463753",NA,NA,NA,NA,NA,NA,NA,5,"If something sounds too good to be true, it usually is",NA,NA
"1448","463753",NA,NA,NA,NA,NA,NA,NA,NA,NA,NA,NA
"1449","463753",NA,NA,NA,NA,NA,NA,NA,NA,NA,"[""male_option""]",NA
"1450","463753",NA,NA,NA,NA,NA,NA,NA,NA,NA,NA,63
"1451","463753",NA,NA,NA,NA,NA,NA,NA,NA,NA,NA,NA
"1452","463753",NA,NA,NA,NA,NA,NA,NA,NA,NA,NA,NA
"1453","463753",NA,NA,NA,NA,NA,NA,NA,NA,NA,NA,NA
"1454","463753",NA,NA,NA,NA,NA,NA,NA,NA,NA,NA,NA
"1455","463753",NA,NA,NA,NA,NA,NA,NA,NA,NA,NA,NA
"1456","463753",NA,NA,NA,NA,NA,NA,NA,NA,NA,NA,NA
"1457","463753",NA,NA,NA,NA,NA,NA,NA,NA,NA,NA,NA
"1458","463753",NA,NA,NA,NA,NA,NA,NA,NA,NA,NA,NA
"1459","463753",NA,NA,NA,NA,NA,NA,NA,NA,NA,NA,NA
"1460","463753",NA,NA,NA,NA,NA,NA,NA,NA,NA,NA,NA
"1461","467472",NA,NA,NA,NA,NA,NA,NA,NA,NA,NA,NA
"1462","467472",NA,NA,NA,NA,NA,NA,NA,NA,NA,NA,NA
"1463","467472",NA,NA,NA,NA,NA,NA,NA,NA,NA,NA,NA
"1464","467472",NA,NA,NA,NA,NA,NA,NA,NA,NA,NA,NA
"1465","467472",4,"resources/real_fg_memory_images/fg13.jpg","artificial",NA,NA,NA,NA,NA,NA,NA,NA
"1466","467472",8,"resources/real_fg_memory_images/orig31.jpg","real",NA,NA,NA,NA,NA,NA,NA,NA
"1467","467472",5,"resources/real_fg_memory_images/orig33.jpg","real",NA,NA,NA,NA,NA,NA,NA,NA
"1468","467472",3,"resources/real_fg_memory_images/orig27.jpg","real",NA,NA,NA,NA,NA,NA,NA,NA
"1469","467472",6,"resources/real_fg_memory_images/fg10.jpg","artificial",NA,NA,NA,NA,NA,NA,NA,NA
"1470","467472",8,"resources/real_fg_memory_images/orig30.jpg","real",NA,NA,NA,NA,NA,NA,NA,NA
"1471","467472",9,"resources/real_fg_memory_images/fg9.jpg","artificial",NA,NA,NA,NA,NA,NA,NA,NA
"1472","467472",4,"resources/real_fg_memory_images/fg3.jpg","artificial",NA,NA,NA,NA,NA,NA,NA,NA
"1473","467472",7,"resources/real_fg_memory_images/orig25.jpg","real",NA,NA,NA,NA,NA,NA,NA,NA
"1474","467472",8,"resources/real_fg_memory_images/orig24.jpg","real",NA,NA,NA,NA,NA,NA,NA,NA
"1475","467472",3,"resources/real_fg_memory_images/fg4.jpg","artificial",NA,NA,NA,NA,NA,NA,NA,NA
"1476","467472",9,"resources/real_fg_memory_images/orig19.jpg","real",NA,NA,NA,NA,NA,NA,NA,NA
"1477","467472",5,"resources/real_fg_memory_images/orig36.jpg","real",NA,NA,NA,NA,NA,NA,NA,NA
"1478","467472",10,"resources/real_fg_memory_images/orig28.jpg","real",NA,NA,NA,NA,NA,NA,NA,NA
"1479","467472",4,"resources/real_fg_memory_images/fg15.jpg","artificial",NA,NA,NA,NA,NA,NA,NA,NA
"1480","467472",7,"resources/real_fg_memory_images/orig22.jpg","real",NA,NA,NA,NA,NA,NA,NA,NA
"1481","467472",6,"resources/real_fg_memory_images/orig20.jpg","real",NA,NA,NA,NA,NA,NA,NA,NA
"1482","467472",9,"resources/real_fg_memory_images/orig35.jpg","real",NA,NA,NA,NA,NA,NA,NA,NA
"1483","467472",9,"resources/real_fg_memory_images/fg16.jpg","artificial",NA,NA,NA,NA,NA,NA,NA,NA
"1484","467472",4,"resources/real_fg_memory_images/fg7.jpg","artificial",NA,NA,NA,NA,NA,NA,NA,NA
"1485","467472",7,"resources/real_fg_memory_images/orig34.jpg","real",NA,NA,NA,NA,NA,NA,NA,NA
"1486","467472",6,"resources/real_fg_memory_images/fg6.jpg","artificial",NA,NA,NA,NA,NA,NA,NA,NA
"1487","467472",7,"resources/real_fg_memory_images/fg14.jpg","artificial",NA,NA,NA,NA,NA,NA,NA,NA
"1488","467472",8,"resources/real_fg_memory_images/orig29.jpg","real",NA,NA,NA,NA,NA,NA,NA,NA
"1489","467472",5,"resources/real_fg_memory_images/fg11.jpg","artificial",NA,NA,NA,NA,NA,NA,NA,NA
"1490","467472",6,"resources/real_fg_memory_images/orig23.jpg","real",NA,NA,NA,NA,NA,NA,NA,NA
"1491","467472",8,"resources/real_fg_memory_images/fg5.jpg","artificial",NA,NA,NA,NA,NA,NA,NA,NA
"1492","467472",7,"resources/real_fg_memory_images/fg2.jpg","artificial",NA,NA,NA,NA,NA,NA,NA,NA
"1493","467472",8,"resources/real_fg_memory_images/orig21.jpg","real",NA,NA,NA,NA,NA,NA,NA,NA
"1494","467472",5,"resources/real_fg_memory_images/orig32.jpg","real",NA,NA,NA,NA,NA,NA,NA,NA
"1495","467472",6,"resources/real_fg_memory_images/fg18.jpg","artificial",NA,NA,NA,NA,NA,NA,NA,NA
"1496","467472",2,"resources/real_fg_memory_images/fg8.jpg","artificial",NA,NA,NA,NA,NA,NA,NA,NA
"1497","467472",4,"resources/real_fg_memory_images/fg12.jpg","artificial",NA,NA,NA,NA,NA,NA,NA,NA
"1498","467472",1,"resources/real_fg_memory_images/fg1.jpg","artificial",NA,NA,NA,NA,NA,NA,NA,NA
"1499","467472",6,"resources/real_fg_memory_images/orig26.jpg","real",NA,NA,NA,NA,NA,NA,NA,NA
"1500","467472",8,"resources/real_fg_memory_images/fg17.jpg","artificial",NA,NA,NA,NA,NA,NA,NA,NA
"1501","467472",NA,NA,NA,NA,NA,NA,NA,NA,NA,NA,NA
"1502","467472",NA,"resources/real_fg_memory_images/fg9.jpg",NA,"artificial","Neutral",NA,NA,NA,NA,NA,NA
"1503","467472",NA,"resources/real_fg_memory_images/orig25.jpg",NA,"real","Neutral",NA,NA,NA,NA,NA,NA
"1504","467472",NA,"resources/real_fg_memory_images/orig30.jpg",NA,"real","Neutral",NA,NA,NA,NA,NA,NA
"1505","467472",NA,"resources/real_fg_memory_images/orig19.jpg",NA,"real","Scam",NA,NA,NA,NA,NA,NA
"1506","467472",NA,"resources/real_fg_memory_images/orig22.jpg",NA,"real","Scam",NA,NA,NA,NA,NA,NA
"1507","467472",NA,"resources/real_fg_memory_images/orig27.jpg",NA,"real","Neutral",NA,NA,NA,NA,NA,NA
"1508","467472",NA,"resources/real_fg_memory_images/orig20.jpg",NA,"real","Scam",NA,NA,NA,NA,NA,NA
"1509","467472",NA,"resources/real_fg_memory_images/orig24.jpg",NA,"real","Scam",NA,NA,NA,NA,NA,NA
"1510","467472",NA,"resources/real_fg_memory_images/orig23.jpg",NA,"real","Scam",NA,NA,NA,NA,NA,NA
"1511","467472",NA,"resources/real_fg_memory_images/orig29.jpg",NA,"real","Neutral",NA,NA,NA,NA,NA,NA
"1512","467472",NA,"resources/real_fg_memory_images/fg1.jpg",NA,"artificial","Scam",NA,NA,NA,NA,NA,NA
"1513","467472",NA,"resources/real_fg_memory_images/fg11.jpg",NA,"artificial","Neutral",NA,NA,NA,NA,NA,NA
"1514","467472",NA,"resources/real_fg_memory_images/fg6.jpg",NA,"artificial","Scam",NA,NA,NA,NA,NA,NA
"1515","467472",NA,"resources/real_fg_memory_images/orig26.jpg",NA,"real","Neutral",NA,NA,NA,NA,NA,NA
"1516","467472",NA,"resources/real_fg_memory_images/fg7.jpg",NA,"artificial","Neutral",NA,NA,NA,NA,NA,NA
"1517","467472",NA,"resources/real_fg_memory_images/fg12.jpg",NA,"artificial","Neutral",NA,NA,NA,NA,NA,NA
"1518","467472",NA,"resources/real_fg_memory_images/fg2.jpg",NA,"artificial","Scam",NA,NA,NA,NA,NA,NA
"1519","467472",NA,"resources/real_fg_memory_images/fg4.jpg",NA,"artificial","Scam",NA,NA,NA,NA,NA,NA
"1520","467472",NA,"resources/real_fg_memory_images/fg5.jpg",NA,"artificial","Scam",NA,NA,NA,NA,NA,NA
"1521","467472",NA,"resources/real_fg_memory_images/fg10.jpg",NA,"artificial","Neutral",NA,NA,NA,NA,NA,NA
"1522","467472",NA,"resources/real_fg_memory_images/fg8.jpg",NA,"artificial","Neutral",NA,NA,NA,NA,NA,NA
"1523","467472",NA,"resources/real_fg_memory_images/orig28.jpg",NA,"real","Neutral",NA,NA,NA,NA,NA,NA
"1524","467472",NA,"resources/real_fg_memory_images/orig21.jpg",NA,"real","Scam",NA,NA,NA,NA,NA,NA
"1525","467472",NA,"resources/real_fg_memory_images/fg3.jpg",NA,"artificial","Scam",NA,NA,NA,NA,NA,NA
"1526","467472",NA,NA,NA,NA,NA,NA,NA,NA,NA,NA,NA
"1527","467472",NA,"resources/real_fg_memory_images/orig26.jpg",NA,"real","Neutral","[""neutral_button""]","6",NA,NA,NA,NA
"1528","467472",NA,"resources/real_fg_memory_images/orig19.jpg",NA,"real","Scam","[""scam_button""]","5",NA,NA,NA,NA
"1529","467472",NA,"resources/real_fg_memory_images/fg8.jpg",NA,"artificial","Neutral","[""neutral_button""]","9",NA,NA,NA,NA
"1530","467472",NA,"resources/real_fg_memory_images/fg7.jpg",NA,"artificial","Neutral","[""neutral_button""]","4",NA,NA,NA,NA
"1531","467472",NA,"resources/real_fg_memory_images/orig23.jpg",NA,"real","Scam","[""scam_button""]","5",NA,NA,NA,NA
"1532","467472",NA,"resources/real_fg_memory_images/fg1.jpg",NA,"artificial","Scam","[""scam_button""]","7",NA,NA,NA,NA
"1533","467472",NA,"resources/real_fg_memory_images/orig20.jpg",NA,"real","Scam","[""neutral_button""]","6",NA,NA,NA,NA
"1534","467472",NA,"resources/real_fg_memory_images/fg10.jpg",NA,"artificial","Neutral","[""neutral_button""]","8",NA,NA,NA,NA
"1535","467472",NA,"resources/real_fg_memory_images/orig24.jpg",NA,"real","Scam","[""scam_button""]","5",NA,NA,NA,NA
"1536","467472",NA,"resources/real_fg_memory_images/orig28.jpg",NA,"real","Neutral","[""scam_button""]","2",NA,NA,NA,NA
"1537","467472",NA,"resources/real_fg_memory_images/fg9.jpg",NA,"artificial","Neutral","[""scam_button""]","7",NA,NA,NA,NA
"1538","467472",NA,"resources/real_fg_memory_images/orig30.jpg",NA,"real","Neutral","[""neutral_button""]","10",NA,NA,NA,NA
"1539","467472",NA,"resources/real_fg_memory_images/fg4.jpg",NA,"artificial","Scam","[""scam_button""]","6",NA,NA,NA,NA
"1540","467472",NA,"resources/real_fg_memory_images/orig21.jpg",NA,"real","Scam","[""neutral_button""]","8",NA,NA,NA,NA
"1541","467472",NA,"resources/real_fg_memory_images/fg3.jpg",NA,"artificial","Scam","[""scam_button""]","10",NA,NA,NA,NA
"1542","467472",NA,"resources/real_fg_memory_images/fg12.jpg",NA,"artificial","Neutral","[""scam_button""]","4",NA,NA,NA,NA
"1543","467472",NA,"resources/real_fg_memory_images/fg2.jpg",NA,"artificial","Scam","[""neutral_button""]","9",NA,NA,NA,NA
"1544","467472",NA,"resources/real_fg_memory_images/orig29.jpg",NA,"real","Neutral","[""neutral_button""]","3",NA,NA,NA,NA
"1545","467472",NA,"resources/real_fg_memory_images/orig27.jpg",NA,"real","Neutral","[""neutral_button""]","5",NA,NA,NA,NA
"1546","467472",NA,"resources/real_fg_memory_images/orig25.jpg",NA,"real","Neutral","[""neutral_button""]","7",NA,NA,NA,NA
"1547","467472",NA,"resources/real_fg_memory_images/fg6.jpg",NA,"artificial","Scam","[""scam_button""]","8",NA,NA,NA,NA
"1548","467472",NA,"resources/real_fg_memory_images/fg11.jpg",NA,"artificial","Neutral","[""neutral_button""]","9",NA,NA,NA,NA
"1549","467472",NA,"resources/real_fg_memory_images/fg5.jpg",NA,"artificial","Scam","[""scam_button""]","8",NA,NA,NA,NA
"1550","467472",NA,"resources/real_fg_memory_images/orig22.jpg",NA,"real","Scam","[""scam_button""]","10",NA,NA,NA,NA
"1551","467472",NA,NA,NA,NA,NA,NA,NA,NA,NA,NA,NA
"1552","467472",3,"resources/real_fg_memory_images/orig23.jpg","real",NA,NA,NA,NA,NA,NA,NA,NA
"1553","467472",5,"resources/real_fg_memory_images/orig22.jpg","real",NA,NA,NA,NA,NA,NA,NA,NA
"1554","467472",7,"resources/real_fg_memory_images/fg8.jpg","artificial",NA,NA,NA,NA,NA,NA,NA,NA
"1555","467472",8,"resources/real_fg_memory_images/fg16.jpg","artificial",NA,NA,NA,NA,NA,NA,NA,NA
"1556","467472",9,"resources/real_fg_memory_images/orig36.jpg","real",NA,NA,NA,NA,NA,NA,NA,NA
"1557","467472",3,"resources/real_fg_memory_images/fg14.jpg","artificial",NA,NA,NA,NA,NA,NA,NA,NA
"1558","467472",5,"resources/real_fg_memory_images/fg11.jpg","artificial",NA,NA,NA,NA,NA,NA,NA,NA
"1559","467472",6,"resources/real_fg_memory_images/orig19.jpg","real",NA,NA,NA,NA,NA,NA,NA,NA
"1560","467472",5,"resources/real_fg_memory_images/fg12.jpg","artificial",NA,NA,NA,NA,NA,NA,NA,NA
"1561","467472",5,"resources/real_fg_memory_images/fg4.jpg","artificial",NA,NA,NA,NA,NA,NA,NA,NA
"1562","467472",8,"resources/real_fg_memory_images/orig21.jpg","real",NA,NA,NA,NA,NA,NA,NA,NA
"1563","467472",7,"resources/real_fg_memory_images/orig35.jpg","real",NA,NA,NA,NA,NA,NA,NA,NA
"1564","467472",6,"resources/real_fg_memory_images/orig33.jpg","real",NA,NA,NA,NA,NA,NA,NA,NA
"1565","467472",2,"resources/real_fg_memory_images/fg5.jpg","artificial",NA,NA,NA,NA,NA,NA,NA,NA
"1566","467472",4,"resources/real_fg_memory_images/orig20.jpg","real",NA,NA,NA,NA,NA,NA,NA,NA
"1567","467472",7,"resources/real_fg_memory_images/fg1.jpg","artificial",NA,NA,NA,NA,NA,NA,NA,NA
"1568","467472",5,"resources/real_fg_memory_images/fg6.jpg","artificial",NA,NA,NA,NA,NA,NA,NA,NA
"1569","467472",8,"resources/real_fg_memory_images/orig29.jpg","real",NA,NA,NA,NA,NA,NA,NA,NA
"1570","467472",7,"resources/real_fg_memory_images/orig24.jpg","real",NA,NA,NA,NA,NA,NA,NA,NA
"1571","467472",4,"resources/real_fg_memory_images/fg7.jpg","artificial",NA,NA,NA,NA,NA,NA,NA,NA
"1572","467472",8,"resources/real_fg_memory_images/fg10.jpg","artificial",NA,NA,NA,NA,NA,NA,NA,NA
"1573","467472",5,"resources/real_fg_memory_images/orig30.jpg","real",NA,NA,NA,NA,NA,NA,NA,NA
"1574","467472",6,"resources/real_fg_memory_images/fg17.jpg","artificial",NA,NA,NA,NA,NA,NA,NA,NA
"1575","467472",9,"resources/real_fg_memory_images/orig27.jpg","real",NA,NA,NA,NA,NA,NA,NA,NA
"1576","467472",7,"resources/real_fg_memory_images/orig32.jpg","real",NA,NA,NA,NA,NA,NA,NA,NA
"1577","467472",4,"resources/real_fg_memory_images/fg13.jpg","artificial",NA,NA,NA,NA,NA,NA,NA,NA
"1578","467472",8,"resources/real_fg_memory_images/fg15.jpg","artificial",NA,NA,NA,NA,NA,NA,NA,NA
"1579","467472",6,"resources/real_fg_memory_images/orig31.jpg","real",NA,NA,NA,NA,NA,NA,NA,NA
"1580","467472",10,"resources/real_fg_memory_images/orig26.jpg","real",NA,NA,NA,NA,NA,NA,NA,NA
"1581","467472",7,"resources/real_fg_memory_images/orig25.jpg","real",NA,NA,NA,NA,NA,NA,NA,NA
"1582","467472",10,"resources/real_fg_memory_images/orig28.jpg","real",NA,NA,NA,NA,NA,NA,NA,NA
"1583","467472",3,"resources/real_fg_memory_images/fg2.jpg","artificial",NA,NA,NA,NA,NA,NA,NA,NA
"1584","467472",2,"resources/real_fg_memory_images/fg3.jpg","artificial",NA,NA,NA,NA,NA,NA,NA,NA
"1585","467472",5,"resources/real_fg_memory_images/fg18.jpg","artificial",NA,NA,NA,NA,NA,NA,NA,NA
"1586","467472",4,"resources/real_fg_memory_images/fg9.jpg","artificial",NA,NA,NA,NA,NA,NA,NA,NA
"1587","467472",6,"resources/real_fg_memory_images/orig34.jpg","real",NA,NA,NA,NA,NA,NA,NA,NA
"1588","467472",NA,NA,NA,NA,NA,NA,NA,NA,NA,NA,NA
"1589","467472",NA,NA,NA,NA,NA,NA,NA,2,"I have difficulty ending a phone call, even if the caller is a telemarketer, someone I do not know, or someone I do not wish to call me",NA,NA
"1590","467472",NA,NA,NA,NA,NA,NA,NA,4,"If a telemarketer calls me, I usually listen to what they have to say",NA,NA
"1591","467472",NA,NA,NA,NA,NA,NA,NA,5,"Persons over the age of 65 are often targeted by con-artists",NA,NA
"1592","467472",NA,NA,NA,NA,NA,NA,NA,3,"I answer the phone whenever it rings, even if I do not know who is calling",NA,NA
"1593","467472",NA,NA,NA,NA,NA,NA,NA,4,"If something sounds too good to be true, it usually is",NA,NA
"1594","467472",NA,NA,NA,NA,NA,NA,NA,NA,NA,NA,NA
"1595","467472",NA,NA,NA,NA,NA,NA,NA,NA,NA,"[""female_option""]",NA
"1596","467472",NA,NA,NA,NA,NA,NA,NA,NA,NA,NA,75
"1597","467472",NA,NA,NA,NA,NA,NA,NA,NA,NA,NA,NA
"1598","467472",NA,NA,NA,NA,NA,NA,NA,NA,NA,NA,NA
"1599","467472",NA,NA,NA,NA,NA,NA,NA,NA,NA,NA,NA
"1600","467472",NA,NA,NA,NA,NA,NA,NA,NA,NA,NA,NA
"1601","467472",NA,NA,NA,NA,NA,NA,NA,NA,NA,NA,NA
"1602","467472",NA,NA,NA,NA,NA,NA,NA,NA,NA,NA,NA
"1603","467472",NA,NA,NA,NA,NA,NA,NA,NA,NA,NA,NA
"1604","467472",NA,NA,NA,NA,NA,NA,NA,NA,NA,NA,NA
"1605","467472",NA,NA,NA,NA,NA,NA,NA,NA,NA,NA,NA
"1606","467472",NA,NA,NA,NA,NA,NA,NA,NA,NA,NA,NA
"1607","485505",NA,NA,NA,NA,NA,NA,NA,NA,NA,NA,NA
"1608","485505",NA,NA,NA,NA,NA,NA,NA,NA,NA,NA,NA
"1609","485505",NA,NA,NA,NA,NA,NA,NA,NA,NA,NA,NA
"1610","485505",NA,NA,NA,NA,NA,NA,NA,NA,NA,NA,NA
"1611","485505",5,"resources/real_fg_memory_images/orig29.jpg","real",NA,NA,NA,NA,NA,NA,NA,NA
"1612","485505",4,"resources/real_fg_memory_images/fg7.jpg","artificial",NA,NA,NA,NA,NA,NA,NA,NA
"1613","485505",5,"resources/real_fg_memory_images/orig31.jpg","real",NA,NA,NA,NA,NA,NA,NA,NA
"1614","485505",7,"resources/real_fg_memory_images/orig32.jpg","real",NA,NA,NA,NA,NA,NA,NA,NA
"1615","485505",5,"resources/real_fg_memory_images/orig34.jpg","real",NA,NA,NA,NA,NA,NA,NA,NA
"1616","485505",5,"resources/real_fg_memory_images/fg14.jpg","artificial",NA,NA,NA,NA,NA,NA,NA,NA
"1617","485505",4,"resources/real_fg_memory_images/fg13.jpg","artificial",NA,NA,NA,NA,NA,NA,NA,NA
"1618","485505",4,"resources/real_fg_memory_images/fg4.jpg","artificial",NA,NA,NA,NA,NA,NA,NA,NA
"1619","485505",5,"resources/real_fg_memory_images/orig26.jpg","real",NA,NA,NA,NA,NA,NA,NA,NA
"1620","485505",6,"resources/real_fg_memory_images/fg16.jpg","artificial",NA,NA,NA,NA,NA,NA,NA,NA
"1621","485505",5,"resources/real_fg_memory_images/orig33.jpg","real",NA,NA,NA,NA,NA,NA,NA,NA
"1622","485505",5,"resources/real_fg_memory_images/fg15.jpg","artificial",NA,NA,NA,NA,NA,NA,NA,NA
"1623","485505",6,"resources/real_fg_memory_images/fg2.jpg","artificial",NA,NA,NA,NA,NA,NA,NA,NA
"1624","485505",5,"resources/real_fg_memory_images/orig19.jpg","real",NA,NA,NA,NA,NA,NA,NA,NA
"1625","485505",5,"resources/real_fg_memory_images/fg18.jpg","artificial",NA,NA,NA,NA,NA,NA,NA,NA
"1626","485505",5,"resources/real_fg_memory_images/fg5.jpg","artificial",NA,NA,NA,NA,NA,NA,NA,NA
"1627","485505",3,"resources/real_fg_memory_images/fg3.jpg","artificial",NA,NA,NA,NA,NA,NA,NA,NA
"1628","485505",5,"resources/real_fg_memory_images/orig25.jpg","real",NA,NA,NA,NA,NA,NA,NA,NA
"1629","485505",4,"resources/real_fg_memory_images/fg1.jpg","artificial",NA,NA,NA,NA,NA,NA,NA,NA
"1630","485505",7,"resources/real_fg_memory_images/orig28.jpg","real",NA,NA,NA,NA,NA,NA,NA,NA
"1631","485505",4,"resources/real_fg_memory_images/orig24.jpg","real",NA,NA,NA,NA,NA,NA,NA,NA
"1632","485505",3,"resources/real_fg_memory_images/orig27.jpg","real",NA,NA,NA,NA,NA,NA,NA,NA
"1633","485505",3,"resources/real_fg_memory_images/orig35.jpg","real",NA,NA,NA,NA,NA,NA,NA,NA
"1634","485505",4,"resources/real_fg_memory_images/fg6.jpg","artificial",NA,NA,NA,NA,NA,NA,NA,NA
"1635","485505",2,"resources/real_fg_memory_images/fg8.jpg","artificial",NA,NA,NA,NA,NA,NA,NA,NA
"1636","485505",3,"resources/real_fg_memory_images/fg10.jpg","artificial",NA,NA,NA,NA,NA,NA,NA,NA
"1637","485505",3,"resources/real_fg_memory_images/fg12.jpg","artificial",NA,NA,NA,NA,NA,NA,NA,NA
"1638","485505",5,"resources/real_fg_memory_images/fg11.jpg","artificial",NA,NA,NA,NA,NA,NA,NA,NA
"1639","485505",4,"resources/real_fg_memory_images/orig36.jpg","real",NA,NA,NA,NA,NA,NA,NA,NA
"1640","485505",2,"resources/real_fg_memory_images/orig22.jpg","real",NA,NA,NA,NA,NA,NA,NA,NA
"1641","485505",2,"resources/real_fg_memory_images/fg9.jpg","artificial",NA,NA,NA,NA,NA,NA,NA,NA
"1642","485505",3,"resources/real_fg_memory_images/orig23.jpg","real",NA,NA,NA,NA,NA,NA,NA,NA
"1643","485505",4,"resources/real_fg_memory_images/orig30.jpg","real",NA,NA,NA,NA,NA,NA,NA,NA
"1644","485505",3,"resources/real_fg_memory_images/fg17.jpg","artificial",NA,NA,NA,NA,NA,NA,NA,NA
"1645","485505",2,"resources/real_fg_memory_images/orig20.jpg","real",NA,NA,NA,NA,NA,NA,NA,NA
"1646","485505",2,"resources/real_fg_memory_images/orig21.jpg","real",NA,NA,NA,NA,NA,NA,NA,NA
"1647","485505",NA,NA,NA,NA,NA,NA,NA,NA,NA,NA,NA
"1648","485505",NA,"resources/real_fg_memory_images/orig29.jpg",NA,"real","Neutral",NA,NA,NA,NA,NA,NA
"1649","485505",NA,"resources/real_fg_memory_images/orig23.jpg",NA,"real","Scam",NA,NA,NA,NA,NA,NA
"1650","485505",NA,"resources/real_fg_memory_images/fg1.jpg",NA,"artificial","Scam",NA,NA,NA,NA,NA,NA
"1651","485505",NA,"resources/real_fg_memory_images/fg10.jpg",NA,"artificial","Neutral",NA,NA,NA,NA,NA,NA
"1652","485505",NA,"resources/real_fg_memory_images/fg12.jpg",NA,"artificial","Neutral",NA,NA,NA,NA,NA,NA
"1653","485505",NA,"resources/real_fg_memory_images/orig28.jpg",NA,"real","Neutral",NA,NA,NA,NA,NA,NA
"1654","485505",NA,"resources/real_fg_memory_images/orig22.jpg",NA,"real","Scam",NA,NA,NA,NA,NA,NA
"1655","485505",NA,"resources/real_fg_memory_images/fg9.jpg",NA,"artificial","Neutral",NA,NA,NA,NA,NA,NA
"1656","485505",NA,"resources/real_fg_memory_images/fg2.jpg",NA,"artificial","Scam",NA,NA,NA,NA,NA,NA
"1657","485505",NA,"resources/real_fg_memory_images/fg7.jpg",NA,"artificial","Neutral",NA,NA,NA,NA,NA,NA
"1658","485505",NA,"resources/real_fg_memory_images/orig26.jpg",NA,"real","Neutral",NA,NA,NA,NA,NA,NA
"1659","485505",NA,"resources/real_fg_memory_images/orig25.jpg",NA,"real","Neutral",NA,NA,NA,NA,NA,NA
"1660","485505",NA,"resources/real_fg_memory_images/orig24.jpg",NA,"real","Scam",NA,NA,NA,NA,NA,NA
"1661","485505",NA,"resources/real_fg_memory_images/orig30.jpg",NA,"real","Neutral",NA,NA,NA,NA,NA,NA
"1662","485505",NA,"resources/real_fg_memory_images/orig19.jpg",NA,"real","Scam",NA,NA,NA,NA,NA,NA
"1663","485505",NA,"resources/real_fg_memory_images/orig21.jpg",NA,"real","Scam",NA,NA,NA,NA,NA,NA
"1664","485505",NA,"resources/real_fg_memory_images/orig27.jpg",NA,"real","Neutral",NA,NA,NA,NA,NA,NA
"1665","485505",NA,"resources/real_fg_memory_images/fg8.jpg",NA,"artificial","Neutral",NA,NA,NA,NA,NA,NA
"1666","485505",NA,"resources/real_fg_memory_images/fg5.jpg",NA,"artificial","Scam",NA,NA,NA,NA,NA,NA
"1667","485505",NA,"resources/real_fg_memory_images/fg4.jpg",NA,"artificial","Scam",NA,NA,NA,NA,NA,NA
"1668","485505",NA,"resources/real_fg_memory_images/fg3.jpg",NA,"artificial","Scam",NA,NA,NA,NA,NA,NA
"1669","485505",NA,"resources/real_fg_memory_images/fg6.jpg",NA,"artificial","Scam",NA,NA,NA,NA,NA,NA
"1670","485505",NA,"resources/real_fg_memory_images/fg11.jpg",NA,"artificial","Neutral",NA,NA,NA,NA,NA,NA
"1671","485505",NA,"resources/real_fg_memory_images/orig20.jpg",NA,"real","Scam",NA,NA,NA,NA,NA,NA
"1672","485505",NA,NA,NA,NA,NA,NA,NA,NA,NA,NA,NA
"1673","485505",NA,"resources/real_fg_memory_images/orig24.jpg",NA,"real","Scam","[""scam_button""]","8",NA,NA,NA,NA
"1674","485505",NA,"resources/real_fg_memory_images/fg6.jpg",NA,"artificial","Scam","[""neutral_button""]","7",NA,NA,NA,NA
"1675","485505",NA,"resources/real_fg_memory_images/orig25.jpg",NA,"real","Neutral","[""scam_button""]","7",NA,NA,NA,NA
"1676","485505",NA,"resources/real_fg_memory_images/fg11.jpg",NA,"artificial","Neutral","[""neutral_button""]","8",NA,NA,NA,NA
"1677","485505",NA,"resources/real_fg_memory_images/fg4.jpg",NA,"artificial","Scam","[""scam_button""]","8",NA,NA,NA,NA
"1678","485505",NA,"resources/real_fg_memory_images/fg12.jpg",NA,"artificial","Neutral","[""scam_button""]","8",NA,NA,NA,NA
"1679","485505",NA,"resources/real_fg_memory_images/orig20.jpg",NA,"real","Scam","[""scam_button""]","7",NA,NA,NA,NA
"1680","485505",NA,"resources/real_fg_memory_images/orig30.jpg",NA,"real","Neutral","[""neutral_button""]","8",NA,NA,NA,NA
"1681","485505",NA,"resources/real_fg_memory_images/orig21.jpg",NA,"real","Scam","[""scam_button""]","8",NA,NA,NA,NA
"1682","485505",NA,"resources/real_fg_memory_images/fg5.jpg",NA,"artificial","Scam","[""neutral_button""]","7",NA,NA,NA,NA
"1683","485505",NA,"resources/real_fg_memory_images/orig29.jpg",NA,"real","Neutral","[""neutral_button""]","8",NA,NA,NA,NA
"1684","485505",NA,"resources/real_fg_memory_images/fg2.jpg",NA,"artificial","Scam","[""neutral_button""]","8",NA,NA,NA,NA
"1685","485505",NA,"resources/real_fg_memory_images/orig19.jpg",NA,"real","Scam","[""neutral_button""]","5",NA,NA,NA,NA
"1686","485505",NA,"resources/real_fg_memory_images/fg7.jpg",NA,"artificial","Neutral","[""neutral_button""]","6",NA,NA,NA,NA
"1687","485505",NA,"resources/real_fg_memory_images/fg9.jpg",NA,"artificial","Neutral","[""scam_button""]","8",NA,NA,NA,NA
"1688","485505",NA,"resources/real_fg_memory_images/orig27.jpg",NA,"real","Neutral","[""scam_button""]","8",NA,NA,NA,NA
"1689","485505",NA,"resources/real_fg_memory_images/fg8.jpg",NA,"artificial","Neutral","[""scam_button""]","8",NA,NA,NA,NA
"1690","485505",NA,"resources/real_fg_memory_images/fg10.jpg",NA,"artificial","Neutral","[""scam_button""]","8",NA,NA,NA,NA
"1691","485505",NA,"resources/real_fg_memory_images/orig28.jpg",NA,"real","Neutral","[""neutral_button""]","8",NA,NA,NA,NA
"1692","485505",NA,"resources/real_fg_memory_images/fg1.jpg",NA,"artificial","Scam","[""neutral_button""]","8",NA,NA,NA,NA
"1693","485505",NA,"resources/real_fg_memory_images/orig22.jpg",NA,"real","Scam","[""neutral_button""]","8",NA,NA,NA,NA
"1694","485505",NA,"resources/real_fg_memory_images/orig26.jpg",NA,"real","Neutral","[""neutral_button""]","8",NA,NA,NA,NA
"1695","485505",NA,"resources/real_fg_memory_images/orig23.jpg",NA,"real","Scam","[""neutral_button""]","8",NA,NA,NA,NA
"1696","485505",NA,"resources/real_fg_memory_images/fg3.jpg",NA,"artificial","Scam","[""scam_button""]","7",NA,NA,NA,NA
"1697","485505",NA,NA,NA,NA,NA,NA,NA,NA,NA,NA,NA
"1698","485505",7,"resources/real_fg_memory_images/fg7.jpg","artificial",NA,NA,NA,NA,NA,NA,NA,NA
"1699","485505",7,"resources/real_fg_memory_images/fg14.jpg","artificial",NA,NA,NA,NA,NA,NA,NA,NA
"1700","485505",7,"resources/real_fg_memory_images/orig19.jpg","real",NA,NA,NA,NA,NA,NA,NA,NA
"1701","485505",7,"resources/real_fg_memory_images/fg4.jpg","artificial",NA,NA,NA,NA,NA,NA,NA,NA
"1702","485505",8,"resources/real_fg_memory_images/orig32.jpg","real",NA,NA,NA,NA,NA,NA,NA,NA
"1703","485505",8,"resources/real_fg_memory_images/fg2.jpg","artificial",NA,NA,NA,NA,NA,NA,NA,NA
"1704","485505",8,"resources/real_fg_memory_images/fg18.jpg","artificial",NA,NA,NA,NA,NA,NA,NA,NA
"1705","485505",7,"resources/real_fg_memory_images/orig33.jpg","real",NA,NA,NA,NA,NA,NA,NA,NA
"1706","485505",7,"resources/real_fg_memory_images/fg17.jpg","artificial",NA,NA,NA,NA,NA,NA,NA,NA
"1707","485505",7,"resources/real_fg_memory_images/fg15.jpg","artificial",NA,NA,NA,NA,NA,NA,NA,NA
"1708","485505",7,"resources/real_fg_memory_images/fg12.jpg","artificial",NA,NA,NA,NA,NA,NA,NA,NA
"1709","485505",7,"resources/real_fg_memory_images/orig20.jpg","real",NA,NA,NA,NA,NA,NA,NA,NA
"1710","485505",8,"resources/real_fg_memory_images/orig24.jpg","real",NA,NA,NA,NA,NA,NA,NA,NA
"1711","485505",7,"resources/real_fg_memory_images/orig34.jpg","real",NA,NA,NA,NA,NA,NA,NA,NA
"1712","485505",8,"resources/real_fg_memory_images/fg10.jpg","artificial",NA,NA,NA,NA,NA,NA,NA,NA
"1713","485505",4,"resources/real_fg_memory_images/fg13.jpg","artificial",NA,NA,NA,NA,NA,NA,NA,NA
"1714","485505",7,"resources/real_fg_memory_images/orig28.jpg","real",NA,NA,NA,NA,NA,NA,NA,NA
"1715","485505",6,"resources/real_fg_memory_images/orig25.jpg","real",NA,NA,NA,NA,NA,NA,NA,NA
"1716","485505",7,"resources/real_fg_memory_images/orig36.jpg","real",NA,NA,NA,NA,NA,NA,NA,NA
"1717","485505",7,"resources/real_fg_memory_images/orig31.jpg","real",NA,NA,NA,NA,NA,NA,NA,NA
"1718","485505",7,"resources/real_fg_memory_images/fg5.jpg","artificial",NA,NA,NA,NA,NA,NA,NA,NA
"1719","485505",7,"resources/real_fg_memory_images/orig23.jpg","real",NA,NA,NA,NA,NA,NA,NA,NA
"1720","485505",8,"resources/real_fg_memory_images/orig21.jpg","real",NA,NA,NA,NA,NA,NA,NA,NA
"1721","485505",7,"resources/real_fg_memory_images/fg3.jpg","artificial",NA,NA,NA,NA,NA,NA,NA,NA
"1722","485505",6,"resources/real_fg_memory_images/fg1.jpg","artificial",NA,NA,NA,NA,NA,NA,NA,NA
"1723","485505",6,"resources/real_fg_memory_images/fg6.jpg","artificial",NA,NA,NA,NA,NA,NA,NA,NA
"1724","485505",7,"resources/real_fg_memory_images/fg11.jpg","artificial",NA,NA,NA,NA,NA,NA,NA,NA
"1725","485505",7,"resources/real_fg_memory_images/orig26.jpg","real",NA,NA,NA,NA,NA,NA,NA,NA
"1726","485505",7,"resources/real_fg_memory_images/orig29.jpg","real",NA,NA,NA,NA,NA,NA,NA,NA
"1727","485505",7,"resources/real_fg_memory_images/fg8.jpg","artificial",NA,NA,NA,NA,NA,NA,NA,NA
"1728","485505",7,"resources/real_fg_memory_images/orig30.jpg","real",NA,NA,NA,NA,NA,NA,NA,NA
"1729","485505",7,"resources/real_fg_memory_images/fg9.jpg","artificial",NA,NA,NA,NA,NA,NA,NA,NA
"1730","485505",6,"resources/real_fg_memory_images/orig22.jpg","real",NA,NA,NA,NA,NA,NA,NA,NA
"1731","485505",7,"resources/real_fg_memory_images/fg16.jpg","artificial",NA,NA,NA,NA,NA,NA,NA,NA
"1732","485505",6,"resources/real_fg_memory_images/orig35.jpg","real",NA,NA,NA,NA,NA,NA,NA,NA
"1733","485505",7,"resources/real_fg_memory_images/orig27.jpg","real",NA,NA,NA,NA,NA,NA,NA,NA
"1734","485505",NA,NA,NA,NA,NA,NA,NA,NA,NA,NA,NA
"1735","485505",NA,NA,NA,NA,NA,NA,NA,3,"I have difficulty ending a phone call, even if the caller is a telemarketer, someone I do not know, or someone I do not wish to call me",NA,NA
"1736","485505",NA,NA,NA,NA,NA,NA,NA,4,"If a telemarketer calls me, I usually listen to what they have to say",NA,NA
"1737","485505",NA,NA,NA,NA,NA,NA,NA,4,"I answer the phone whenever it rings, even if I do not know who is calling",NA,NA
"1738","485505",NA,NA,NA,NA,NA,NA,NA,4,"Persons over the age of 65 are often targeted by con-artists",NA,NA
"1739","485505",NA,NA,NA,NA,NA,NA,NA,4,"If something sounds too good to be true, it usually is",NA,NA
"1740","485505",NA,NA,NA,NA,NA,NA,NA,NA,NA,NA,NA
"1741","485505",NA,NA,NA,NA,NA,NA,NA,NA,NA,"[""male_option""]",NA
"1742","485505",NA,NA,NA,NA,NA,NA,NA,NA,NA,NA,73
"1743","485505",NA,NA,NA,NA,NA,NA,NA,NA,NA,NA,NA
"1744","485505",NA,NA,NA,NA,NA,NA,NA,NA,NA,NA,NA
"1745","485505",NA,NA,NA,NA,NA,NA,NA,NA,NA,NA,NA
"1746","485505",NA,NA,NA,NA,NA,NA,NA,NA,NA,NA,NA
"1747","485505",NA,NA,NA,NA,NA,NA,NA,NA,NA,NA,NA
"1748","485505",NA,NA,NA,NA,NA,NA,NA,NA,NA,NA,NA
"1749","485505",NA,NA,NA,NA,NA,NA,NA,NA,NA,NA,NA
"1750","485505",NA,NA,NA,NA,NA,NA,NA,NA,NA,NA,NA
"1751","485505",NA,NA,NA,NA,NA,NA,NA,NA,NA,NA,NA
"1752","485505",NA,NA,NA,NA,NA,NA,NA,NA,NA,NA,NA
"1753","506315",NA,NA,NA,NA,NA,NA,NA,NA,NA,NA,NA
"1754","506315",NA,NA,NA,NA,NA,NA,NA,NA,NA,NA,NA
"1755","506315",NA,NA,NA,NA,NA,NA,NA,NA,NA,NA,NA
"1756","506315",NA,NA,NA,NA,NA,NA,NA,NA,NA,NA,NA
"1757","506315",6,"resources/real_fg_memory_images/orig29.jpg","real",NA,NA,NA,NA,NA,NA,NA,NA
"1758","506315",7,"resources/real_fg_memory_images/fg14.jpg","artificial",NA,NA,NA,NA,NA,NA,NA,NA
"1759","506315",5,"resources/real_fg_memory_images/fg8.jpg","artificial",NA,NA,NA,NA,NA,NA,NA,NA
"1760","506315",9,"resources/real_fg_memory_images/orig28.jpg","real",NA,NA,NA,NA,NA,NA,NA,NA
"1761","506315",5,"resources/real_fg_memory_images/fg5.jpg","artificial",NA,NA,NA,NA,NA,NA,NA,NA
"1762","506315",7,"resources/real_fg_memory_images/orig26.jpg","real",NA,NA,NA,NA,NA,NA,NA,NA
"1763","506315",8,"resources/real_fg_memory_images/fg4.jpg","artificial",NA,NA,NA,NA,NA,NA,NA,NA
"1764","506315",8,"resources/real_fg_memory_images/fg13.jpg","artificial",NA,NA,NA,NA,NA,NA,NA,NA
"1765","506315",7,"resources/real_fg_memory_images/orig33.jpg","real",NA,NA,NA,NA,NA,NA,NA,NA
"1766","506315",7,"resources/real_fg_memory_images/orig36.jpg","real",NA,NA,NA,NA,NA,NA,NA,NA
"1767","506315",5,"resources/real_fg_memory_images/fg1.jpg","artificial",NA,NA,NA,NA,NA,NA,NA,NA
"1768","506315",7,"resources/real_fg_memory_images/fg11.jpg","artificial",NA,NA,NA,NA,NA,NA,NA,NA
"1769","506315",6,"resources/real_fg_memory_images/orig35.jpg","real",NA,NA,NA,NA,NA,NA,NA,NA
"1770","506315",6,"resources/real_fg_memory_images/fg15.jpg","artificial",NA,NA,NA,NA,NA,NA,NA,NA
"1771","506315",5,"resources/real_fg_memory_images/orig24.jpg","real",NA,NA,NA,NA,NA,NA,NA,NA
"1772","506315",4,"resources/real_fg_memory_images/orig20.jpg","real",NA,NA,NA,NA,NA,NA,NA,NA
"1773","506315",4,"resources/real_fg_memory_images/orig22.jpg","real",NA,NA,NA,NA,NA,NA,NA,NA
"1774","506315",6,"resources/real_fg_memory_images/fg2.jpg","artificial",NA,NA,NA,NA,NA,NA,NA,NA
"1775","506315",4,"resources/real_fg_memory_images/fg3.jpg","artificial",NA,NA,NA,NA,NA,NA,NA,NA
"1776","506315",7,"resources/real_fg_memory_images/fg6.jpg","artificial",NA,NA,NA,NA,NA,NA,NA,NA
"1777","506315",6,"resources/real_fg_memory_images/orig34.jpg","real",NA,NA,NA,NA,NA,NA,NA,NA
"1778","506315",4,"resources/real_fg_memory_images/fg9.jpg","artificial",NA,NA,NA,NA,NA,NA,NA,NA
"1779","506315",5,"resources/real_fg_memory_images/orig23.jpg","real",NA,NA,NA,NA,NA,NA,NA,NA
"1780","506315",6,"resources/real_fg_memory_images/orig32.jpg","real",NA,NA,NA,NA,NA,NA,NA,NA
"1781","506315",5,"resources/real_fg_memory_images/orig25.jpg","real",NA,NA,NA,NA,NA,NA,NA,NA
"1782","506315",8,"resources/real_fg_memory_images/fg16.jpg","artificial",NA,NA,NA,NA,NA,NA,NA,NA
"1783","506315",5,"resources/real_fg_memory_images/fg7.jpg","artificial",NA,NA,NA,NA,NA,NA,NA,NA
"1784","506315",5,"resources/real_fg_memory_images/fg12.jpg","artificial",NA,NA,NA,NA,NA,NA,NA,NA
"1785","506315",5,"resources/real_fg_memory_images/orig19.jpg","real",NA,NA,NA,NA,NA,NA,NA,NA
"1786","506315",6,"resources/real_fg_memory_images/fg18.jpg","artificial",NA,NA,NA,NA,NA,NA,NA,NA
"1787","506315",5,"resources/real_fg_memory_images/fg17.jpg","artificial",NA,NA,NA,NA,NA,NA,NA,NA
"1788","506315",6,"resources/real_fg_memory_images/orig30.jpg","real",NA,NA,NA,NA,NA,NA,NA,NA
"1789","506315",4,"resources/real_fg_memory_images/orig27.jpg","real",NA,NA,NA,NA,NA,NA,NA,NA
"1790","506315",4,"resources/real_fg_memory_images/fg10.jpg","artificial",NA,NA,NA,NA,NA,NA,NA,NA
"1791","506315",4,"resources/real_fg_memory_images/orig31.jpg","real",NA,NA,NA,NA,NA,NA,NA,NA
"1792","506315",4,"resources/real_fg_memory_images/orig21.jpg","real",NA,NA,NA,NA,NA,NA,NA,NA
"1793","506315",NA,NA,NA,NA,NA,NA,NA,NA,NA,NA,NA
"1794","506315",NA,"resources/real_fg_memory_images/orig22.jpg",NA,"real","Scam",NA,NA,NA,NA,NA,NA
"1795","506315",NA,"resources/real_fg_memory_images/fg7.jpg",NA,"artificial","Neutral",NA,NA,NA,NA,NA,NA
"1796","506315",NA,"resources/real_fg_memory_images/fg8.jpg",NA,"artificial","Neutral",NA,NA,NA,NA,NA,NA
"1797","506315",NA,"resources/real_fg_memory_images/fg3.jpg",NA,"artificial","Scam",NA,NA,NA,NA,NA,NA
"1798","506315",NA,"resources/real_fg_memory_images/fg6.jpg",NA,"artificial","Scam",NA,NA,NA,NA,NA,NA
"1799","506315",NA,"resources/real_fg_memory_images/fg4.jpg",NA,"artificial","Scam",NA,NA,NA,NA,NA,NA
"1800","506315",NA,"resources/real_fg_memory_images/fg10.jpg",NA,"artificial","Neutral",NA,NA,NA,NA,NA,NA
"1801","506315",NA,"resources/real_fg_memory_images/orig27.jpg",NA,"real","Neutral",NA,NA,NA,NA,NA,NA
"1802","506315",NA,"resources/real_fg_memory_images/orig30.jpg",NA,"real","Neutral",NA,NA,NA,NA,NA,NA
"1803","506315",NA,"resources/real_fg_memory_images/orig19.jpg",NA,"real","Scam",NA,NA,NA,NA,NA,NA
"1804","506315",NA,"resources/real_fg_memory_images/fg5.jpg",NA,"artificial","Scam",NA,NA,NA,NA,NA,NA
"1805","506315",NA,"resources/real_fg_memory_images/orig20.jpg",NA,"real","Scam",NA,NA,NA,NA,NA,NA
"1806","506315",NA,"resources/real_fg_memory_images/orig29.jpg",NA,"real","Neutral",NA,NA,NA,NA,NA,NA
"1807","506315",NA,"resources/real_fg_memory_images/fg2.jpg",NA,"artificial","Scam",NA,NA,NA,NA,NA,NA
"1808","506315",NA,"resources/real_fg_memory_images/fg1.jpg",NA,"artificial","Scam",NA,NA,NA,NA,NA,NA
"1809","506315",NA,"resources/real_fg_memory_images/orig23.jpg",NA,"real","Scam",NA,NA,NA,NA,NA,NA
"1810","506315",NA,"resources/real_fg_memory_images/fg9.jpg",NA,"artificial","Neutral",NA,NA,NA,NA,NA,NA
"1811","506315",NA,"resources/real_fg_memory_images/orig28.jpg",NA,"real","Neutral",NA,NA,NA,NA,NA,NA
"1812","506315",NA,"resources/real_fg_memory_images/fg12.jpg",NA,"artificial","Neutral",NA,NA,NA,NA,NA,NA
"1813","506315",NA,"resources/real_fg_memory_images/orig24.jpg",NA,"real","Scam",NA,NA,NA,NA,NA,NA
"1814","506315",NA,"resources/real_fg_memory_images/fg11.jpg",NA,"artificial","Neutral",NA,NA,NA,NA,NA,NA
"1815","506315",NA,"resources/real_fg_memory_images/orig26.jpg",NA,"real","Neutral",NA,NA,NA,NA,NA,NA
"1816","506315",NA,"resources/real_fg_memory_images/orig25.jpg",NA,"real","Neutral",NA,NA,NA,NA,NA,NA
"1817","506315",NA,"resources/real_fg_memory_images/orig21.jpg",NA,"real","Scam",NA,NA,NA,NA,NA,NA
"1818","506315",NA,NA,NA,NA,NA,NA,NA,NA,NA,NA,NA
"1819","506315",NA,"resources/real_fg_memory_images/orig24.jpg",NA,"real","Scam","[""scam_button""]","10",NA,NA,NA,NA
"1820","506315",NA,"resources/real_fg_memory_images/fg11.jpg",NA,"artificial","Neutral","[""neutral_button""]","10",NA,NA,NA,NA
"1821","506315",NA,"resources/real_fg_memory_images/fg10.jpg",NA,"artificial","Neutral","[""neutral_button""]","5",NA,NA,NA,NA
"1822","506315",NA,"resources/real_fg_memory_images/orig27.jpg",NA,"real","Neutral","[""neutral_button""]","10",NA,NA,NA,NA
"1823","506315",NA,"resources/real_fg_memory_images/fg12.jpg",NA,"artificial","Neutral","[""neutral_button""]","10",NA,NA,NA,NA
"1824","506315",NA,"resources/real_fg_memory_images/fg2.jpg",NA,"artificial","Scam","[""scam_button""]","5",NA,NA,NA,NA
"1825","506315",NA,"resources/real_fg_memory_images/orig28.jpg",NA,"real","Neutral","[""neutral_button""]","10",NA,NA,NA,NA
"1826","506315",NA,"resources/real_fg_memory_images/orig22.jpg",NA,"real","Scam","[""scam_button""]","10",NA,NA,NA,NA
"1827","506315",NA,"resources/real_fg_memory_images/fg7.jpg",NA,"artificial","Neutral","[""scam_button""]","10",NA,NA,NA,NA
"1828","506315",NA,"resources/real_fg_memory_images/fg9.jpg",NA,"artificial","Neutral","[""scam_button""]","5",NA,NA,NA,NA
"1829","506315",NA,"resources/real_fg_memory_images/orig26.jpg",NA,"real","Neutral","[""neutral_button""]","5",NA,NA,NA,NA
"1830","506315",NA,"resources/real_fg_memory_images/orig21.jpg",NA,"real","Scam","[""scam_button""]","10",NA,NA,NA,NA
"1831","506315",NA,"resources/real_fg_memory_images/orig20.jpg",NA,"real","Scam","[""scam_button""]","10",NA,NA,NA,NA
"1832","506315",NA,"resources/real_fg_memory_images/fg3.jpg",NA,"artificial","Scam","[""scam_button""]","10",NA,NA,NA,NA
"1833","506315",NA,"resources/real_fg_memory_images/fg6.jpg",NA,"artificial","Scam","[""scam_button""]","5",NA,NA,NA,NA
"1834","506315",NA,"resources/real_fg_memory_images/fg4.jpg",NA,"artificial","Scam","[""scam_button""]","5",NA,NA,NA,NA
"1835","506315",NA,"resources/real_fg_memory_images/orig30.jpg",NA,"real","Neutral","[""neutral_button""]","5",NA,NA,NA,NA
"1836","506315",NA,"resources/real_fg_memory_images/orig19.jpg",NA,"real","Scam","[""scam_button""]","5",NA,NA,NA,NA
"1837","506315",NA,"resources/real_fg_memory_images/fg8.jpg",NA,"artificial","Neutral","[""neutral_button""]","5",NA,NA,NA,NA
"1838","506315",NA,"resources/real_fg_memory_images/orig29.jpg",NA,"real","Neutral","[""neutral_button""]","7",NA,NA,NA,NA
"1839","506315",NA,"resources/real_fg_memory_images/fg1.jpg",NA,"artificial","Scam","[""neutral_button""]","5",NA,NA,NA,NA
"1840","506315",NA,"resources/real_fg_memory_images/fg5.jpg",NA,"artificial","Scam","[""scam_button""]","3",NA,NA,NA,NA
"1841","506315",NA,"resources/real_fg_memory_images/orig23.jpg",NA,"real","Scam","[""scam_button""]","2",NA,NA,NA,NA
"1842","506315",NA,"resources/real_fg_memory_images/orig25.jpg",NA,"real","Neutral","[""neutral_button""]","5",NA,NA,NA,NA
"1843","506315",NA,NA,NA,NA,NA,NA,NA,NA,NA,NA,NA
"1844","506315",6,"resources/real_fg_memory_images/fg13.jpg","artificial",NA,NA,NA,NA,NA,NA,NA,NA
"1845","506315",5,"resources/real_fg_memory_images/fg9.jpg","artificial",NA,NA,NA,NA,NA,NA,NA,NA
"1846","506315",5,"resources/real_fg_memory_images/orig33.jpg","real",NA,NA,NA,NA,NA,NA,NA,NA
"1847","506315",4,"resources/real_fg_memory_images/fg1.jpg","artificial",NA,NA,NA,NA,NA,NA,NA,NA
"1848","506315",5,"resources/real_fg_memory_images/orig26.jpg","real",NA,NA,NA,NA,NA,NA,NA,NA
"1849","506315",7,"resources/real_fg_memory_images/orig29.jpg","real",NA,NA,NA,NA,NA,NA,NA,NA
"1850","506315",6,"resources/real_fg_memory_images/orig25.jpg","real",NA,NA,NA,NA,NA,NA,NA,NA
"1851","506315",5,"resources/real_fg_memory_images/orig27.jpg","real",NA,NA,NA,NA,NA,NA,NA,NA
"1852","506315",6,"resources/real_fg_memory_images/orig36.jpg","real",NA,NA,NA,NA,NA,NA,NA,NA
"1853","506315",6,"resources/real_fg_memory_images/fg11.jpg","artificial",NA,NA,NA,NA,NA,NA,NA,NA
"1854","506315",7,"resources/real_fg_memory_images/fg6.jpg","artificial",NA,NA,NA,NA,NA,NA,NA,NA
"1855","506315",6,"resources/real_fg_memory_images/fg10.jpg","artificial",NA,NA,NA,NA,NA,NA,NA,NA
"1856","506315",5,"resources/real_fg_memory_images/fg17.jpg","artificial",NA,NA,NA,NA,NA,NA,NA,NA
"1857","506315",8,"resources/real_fg_memory_images/orig32.jpg","real",NA,NA,NA,NA,NA,NA,NA,NA
"1858","506315",6,"resources/real_fg_memory_images/orig21.jpg","real",NA,NA,NA,NA,NA,NA,NA,NA
"1859","506315",4,"resources/real_fg_memory_images/fg12.jpg","artificial",NA,NA,NA,NA,NA,NA,NA,NA
"1860","506315",2,"resources/real_fg_memory_images/fg3.jpg","artificial",NA,NA,NA,NA,NA,NA,NA,NA
"1861","506315",5,"resources/real_fg_memory_images/orig34.jpg","real",NA,NA,NA,NA,NA,NA,NA,NA
"1862","506315",6,"resources/real_fg_memory_images/fg16.jpg","artificial",NA,NA,NA,NA,NA,NA,NA,NA
"1863","506315",5,"resources/real_fg_memory_images/fg5.jpg","artificial",NA,NA,NA,NA,NA,NA,NA,NA
"1864","506315",6,"resources/real_fg_memory_images/fg4.jpg","artificial",NA,NA,NA,NA,NA,NA,NA,NA
"1865","506315",5,"resources/real_fg_memory_images/fg7.jpg","artificial",NA,NA,NA,NA,NA,NA,NA,NA
"1866","506315",4,"resources/real_fg_memory_images/orig31.jpg","real",NA,NA,NA,NA,NA,NA,NA,NA
"1867","506315",4,"resources/real_fg_memory_images/orig20.jpg","real",NA,NA,NA,NA,NA,NA,NA,NA
"1868","506315",5,"resources/real_fg_memory_images/orig24.jpg","real",NA,NA,NA,NA,NA,NA,NA,NA
"1869","506315",5,"resources/real_fg_memory_images/fg15.jpg","artificial",NA,NA,NA,NA,NA,NA,NA,NA
"1870","506315",7,"resources/real_fg_memory_images/fg18.jpg","artificial",NA,NA,NA,NA,NA,NA,NA,NA
"1871","506315",5,"resources/real_fg_memory_images/orig19.jpg","real",NA,NA,NA,NA,NA,NA,NA,NA
"1872","506315",5,"resources/real_fg_memory_images/fg8.jpg","artificial",NA,NA,NA,NA,NA,NA,NA,NA
"1873","506315",6,"resources/real_fg_memory_images/orig23.jpg","real",NA,NA,NA,NA,NA,NA,NA,NA
"1874","506315",9,"resources/real_fg_memory_images/orig28.jpg","real",NA,NA,NA,NA,NA,NA,NA,NA
"1875","506315",6,"resources/real_fg_memory_images/fg2.jpg","artificial",NA,NA,NA,NA,NA,NA,NA,NA
"1876","506315",6,"resources/real_fg_memory_images/orig35.jpg","real",NA,NA,NA,NA,NA,NA,NA,NA
"1877","506315",6,"resources/real_fg_memory_images/fg14.jpg","artificial",NA,NA,NA,NA,NA,NA,NA,NA
"1878","506315",7,"resources/real_fg_memory_images/orig30.jpg","real",NA,NA,NA,NA,NA,NA,NA,NA
"1879","506315",2,"resources/real_fg_memory_images/orig22.jpg","real",NA,NA,NA,NA,NA,NA,NA,NA
"1880","506315",NA,NA,NA,NA,NA,NA,NA,NA,NA,NA,NA
"1881","506315",NA,NA,NA,NA,NA,NA,NA,4,"If something sounds too good to be true, it usually is",NA,NA
"1882","506315",NA,NA,NA,NA,NA,NA,NA,5,"I answer the phone whenever it rings, even if I do not know who is calling",NA,NA
"1883","506315",NA,NA,NA,NA,NA,NA,NA,1,"I have difficulty ending a phone call, even if the caller is a telemarketer, someone I do not know, or someone I do not wish to call me",NA,NA
"1884","506315",NA,NA,NA,NA,NA,NA,NA,1,"Persons over the age of 65 are often targeted by con-artists",NA,NA
"1885","506315",NA,NA,NA,NA,NA,NA,NA,2,"If a telemarketer calls me, I usually listen to what they have to say",NA,NA
"1886","506315",NA,NA,NA,NA,NA,NA,NA,NA,NA,NA,NA
"1887","506315",NA,NA,NA,NA,NA,NA,NA,NA,NA,"[""male_option""]",NA
"1888","506315",NA,NA,NA,NA,NA,NA,NA,NA,NA,NA,74
"1889","506315",NA,NA,NA,NA,NA,NA,NA,NA,NA,NA,NA
"1890","506315",NA,NA,NA,NA,NA,NA,NA,NA,NA,NA,NA
"1891","506315",NA,NA,NA,NA,NA,NA,NA,NA,NA,NA,NA
"1892","506315",NA,NA,NA,NA,NA,NA,NA,NA,NA,NA,NA
"1893","506315",NA,NA,NA,NA,NA,NA,NA,NA,NA,NA,NA
"1894","506315",NA,NA,NA,NA,NA,NA,NA,NA,NA,NA,NA
"1895","506315",NA,NA,NA,NA,NA,NA,NA,NA,NA,NA,NA
"1896","506315",NA,NA,NA,NA,NA,NA,NA,NA,NA,NA,NA
"1897","506315",NA,NA,NA,NA,NA,NA,NA,NA,NA,NA,NA
"1898","506315",NA,NA,NA,NA,NA,NA,NA,NA,NA,NA,NA
"1899","508691",NA,NA,NA,NA,NA,NA,NA,NA,NA,NA,NA
"1900","508691",NA,NA,NA,NA,NA,NA,NA,NA,NA,NA,NA
"1901","508691",NA,NA,NA,NA,NA,NA,NA,NA,NA,NA,NA
"1902","508691",NA,NA,NA,NA,NA,NA,NA,NA,NA,NA,NA
"1903","508691",8,"resources/real_fg_memory_images/orig23.jpg","real",NA,NA,NA,NA,NA,NA,NA,NA
"1904","508691",7,"resources/real_fg_memory_images/fg8.jpg","artificial",NA,NA,NA,NA,NA,NA,NA,NA
"1905","508691",6,"resources/real_fg_memory_images/fg3.jpg","artificial",NA,NA,NA,NA,NA,NA,NA,NA
"1906","508691",8,"resources/real_fg_memory_images/fg11.jpg","artificial",NA,NA,NA,NA,NA,NA,NA,NA
"1907","508691",8,"resources/real_fg_memory_images/fg6.jpg","artificial",NA,NA,NA,NA,NA,NA,NA,NA
"1908","508691",7,"resources/real_fg_memory_images/fg13.jpg","artificial",NA,NA,NA,NA,NA,NA,NA,NA
"1909","508691",5,"resources/real_fg_memory_images/orig30.jpg","real",NA,NA,NA,NA,NA,NA,NA,NA
"1910","508691",9,"resources/real_fg_memory_images/fg14.jpg","artificial",NA,NA,NA,NA,NA,NA,NA,NA
"1911","508691",8,"resources/real_fg_memory_images/orig36.jpg","real",NA,NA,NA,NA,NA,NA,NA,NA
"1912","508691",7,"resources/real_fg_memory_images/orig25.jpg","real",NA,NA,NA,NA,NA,NA,NA,NA
"1913","508691",6,"resources/real_fg_memory_images/orig33.jpg","real",NA,NA,NA,NA,NA,NA,NA,NA
"1914","508691",4,"resources/real_fg_memory_images/orig20.jpg","real",NA,NA,NA,NA,NA,NA,NA,NA
"1915","508691",5,"resources/real_fg_memory_images/fg9.jpg","artificial",NA,NA,NA,NA,NA,NA,NA,NA
"1916","508691",6,"resources/real_fg_memory_images/fg15.jpg","artificial",NA,NA,NA,NA,NA,NA,NA,NA
"1917","508691",7,"resources/real_fg_memory_images/orig22.jpg","real",NA,NA,NA,NA,NA,NA,NA,NA
"1918","508691",8,"resources/real_fg_memory_images/fg4.jpg","artificial",NA,NA,NA,NA,NA,NA,NA,NA
"1919","508691",7,"resources/real_fg_memory_images/orig26.jpg","real",NA,NA,NA,NA,NA,NA,NA,NA
"1920","508691",7,"resources/real_fg_memory_images/orig29.jpg","real",NA,NA,NA,NA,NA,NA,NA,NA
"1921","508691",5,"resources/real_fg_memory_images/fg1.jpg","artificial",NA,NA,NA,NA,NA,NA,NA,NA
"1922","508691",7,"resources/real_fg_memory_images/fg10.jpg","artificial",NA,NA,NA,NA,NA,NA,NA,NA
"1923","508691",6,"resources/real_fg_memory_images/fg7.jpg","artificial",NA,NA,NA,NA,NA,NA,NA,NA
"1924","508691",8,"resources/real_fg_memory_images/orig32.jpg","real",NA,NA,NA,NA,NA,NA,NA,NA
"1925","508691",5,"resources/real_fg_memory_images/orig35.jpg","real",NA,NA,NA,NA,NA,NA,NA,NA
"1926","508691",8,"resources/real_fg_memory_images/fg16.jpg","artificial",NA,NA,NA,NA,NA,NA,NA,NA
"1927","508691",6,"resources/real_fg_memory_images/orig21.jpg","real",NA,NA,NA,NA,NA,NA,NA,NA
"1928","508691",7,"resources/real_fg_memory_images/fg12.jpg","artificial",NA,NA,NA,NA,NA,NA,NA,NA
"1929","508691",7,"resources/real_fg_memory_images/orig24.jpg","real",NA,NA,NA,NA,NA,NA,NA,NA
"1930","508691",6,"resources/real_fg_memory_images/orig19.jpg","real",NA,NA,NA,NA,NA,NA,NA,NA
"1931","508691",6,"resources/real_fg_memory_images/orig31.jpg","real",NA,NA,NA,NA,NA,NA,NA,NA
"1932","508691",8,"resources/real_fg_memory_images/fg18.jpg","artificial",NA,NA,NA,NA,NA,NA,NA,NA
"1933","508691",7,"resources/real_fg_memory_images/orig34.jpg","real",NA,NA,NA,NA,NA,NA,NA,NA
"1934","508691",8,"resources/real_fg_memory_images/fg2.jpg","artificial",NA,NA,NA,NA,NA,NA,NA,NA
"1935","508691",8,"resources/real_fg_memory_images/orig28.jpg","real",NA,NA,NA,NA,NA,NA,NA,NA
"1936","508691",5,"resources/real_fg_memory_images/fg5.jpg","artificial",NA,NA,NA,NA,NA,NA,NA,NA
"1937","508691",6,"resources/real_fg_memory_images/fg17.jpg","artificial",NA,NA,NA,NA,NA,NA,NA,NA
"1938","508691",5,"resources/real_fg_memory_images/orig27.jpg","real",NA,NA,NA,NA,NA,NA,NA,NA
"1939","508691",NA,NA,NA,NA,NA,NA,NA,NA,NA,NA,NA
"1940","508691",NA,"resources/real_fg_memory_images/orig29.jpg",NA,"real","Neutral",NA,NA,NA,NA,NA,NA
"1941","508691",NA,"resources/real_fg_memory_images/orig19.jpg",NA,"real","Scam",NA,NA,NA,NA,NA,NA
"1942","508691",NA,"resources/real_fg_memory_images/orig25.jpg",NA,"real","Neutral",NA,NA,NA,NA,NA,NA
"1943","508691",NA,"resources/real_fg_memory_images/orig21.jpg",NA,"real","Scam",NA,NA,NA,NA,NA,NA
"1944","508691",NA,"resources/real_fg_memory_images/orig23.jpg",NA,"real","Scam",NA,NA,NA,NA,NA,NA
"1945","508691",NA,"resources/real_fg_memory_images/orig20.jpg",NA,"real","Scam",NA,NA,NA,NA,NA,NA
"1946","508691",NA,"resources/real_fg_memory_images/fg12.jpg",NA,"artificial","Neutral",NA,NA,NA,NA,NA,NA
"1947","508691",NA,"resources/real_fg_memory_images/orig24.jpg",NA,"real","Scam",NA,NA,NA,NA,NA,NA
"1948","508691",NA,"resources/real_fg_memory_images/orig26.jpg",NA,"real","Neutral",NA,NA,NA,NA,NA,NA
"1949","508691",NA,"resources/real_fg_memory_images/orig27.jpg",NA,"real","Neutral",NA,NA,NA,NA,NA,NA
"1950","508691",NA,"resources/real_fg_memory_images/fg7.jpg",NA,"artificial","Neutral",NA,NA,NA,NA,NA,NA
"1951","508691",NA,"resources/real_fg_memory_images/fg9.jpg",NA,"artificial","Neutral",NA,NA,NA,NA,NA,NA
"1952","508691",NA,"resources/real_fg_memory_images/fg6.jpg",NA,"artificial","Scam",NA,NA,NA,NA,NA,NA
"1953","508691",NA,"resources/real_fg_memory_images/fg3.jpg",NA,"artificial","Scam",NA,NA,NA,NA,NA,NA
"1954","508691",NA,"resources/real_fg_memory_images/fg8.jpg",NA,"artificial","Neutral",NA,NA,NA,NA,NA,NA
"1955","508691",NA,"resources/real_fg_memory_images/fg10.jpg",NA,"artificial","Neutral",NA,NA,NA,NA,NA,NA
"1956","508691",NA,"resources/real_fg_memory_images/fg1.jpg",NA,"artificial","Scam",NA,NA,NA,NA,NA,NA
"1957","508691",NA,"resources/real_fg_memory_images/orig30.jpg",NA,"real","Neutral",NA,NA,NA,NA,NA,NA
"1958","508691",NA,"resources/real_fg_memory_images/fg4.jpg",NA,"artificial","Scam",NA,NA,NA,NA,NA,NA
"1959","508691",NA,"resources/real_fg_memory_images/fg11.jpg",NA,"artificial","Neutral",NA,NA,NA,NA,NA,NA
"1960","508691",NA,"resources/real_fg_memory_images/fg2.jpg",NA,"artificial","Scam",NA,NA,NA,NA,NA,NA
"1961","508691",NA,"resources/real_fg_memory_images/orig28.jpg",NA,"real","Neutral",NA,NA,NA,NA,NA,NA
"1962","508691",NA,"resources/real_fg_memory_images/orig22.jpg",NA,"real","Scam",NA,NA,NA,NA,NA,NA
"1963","508691",NA,"resources/real_fg_memory_images/fg5.jpg",NA,"artificial","Scam",NA,NA,NA,NA,NA,NA
"1964","508691",NA,NA,NA,NA,NA,NA,NA,NA,NA,NA,NA
"1965","508691",NA,"resources/real_fg_memory_images/orig25.jpg",NA,"real","Neutral","[""neutral_button""]","7",NA,NA,NA,NA
"1966","508691",NA,"resources/real_fg_memory_images/fg11.jpg",NA,"artificial","Neutral","[""neutral_button""]","9",NA,NA,NA,NA
"1967","508691",NA,"resources/real_fg_memory_images/fg9.jpg",NA,"artificial","Neutral","[""scam_button""]","8",NA,NA,NA,NA
"1968","508691",NA,"resources/real_fg_memory_images/fg3.jpg",NA,"artificial","Scam","[""scam_button""]","9",NA,NA,NA,NA
"1969","508691",NA,"resources/real_fg_memory_images/orig19.jpg",NA,"real","Scam","[""neutral_button""]","4",NA,NA,NA,NA
"1970","508691",NA,"resources/real_fg_memory_images/fg10.jpg",NA,"artificial","Neutral","[""neutral_button""]","3",NA,NA,NA,NA
"1971","508691",NA,"resources/real_fg_memory_images/fg8.jpg",NA,"artificial","Neutral","[""scam_button""]","7",NA,NA,NA,NA
"1972","508691",NA,"resources/real_fg_memory_images/orig20.jpg",NA,"real","Scam","[""neutral_button""]","5",NA,NA,NA,NA
"1973","508691",NA,"resources/real_fg_memory_images/fg4.jpg",NA,"artificial","Scam","[""neutral_button""]","9",NA,NA,NA,NA
"1974","508691",NA,"resources/real_fg_memory_images/orig26.jpg",NA,"real","Neutral","[""neutral_button""]","8",NA,NA,NA,NA
"1975","508691",NA,"resources/real_fg_memory_images/orig24.jpg",NA,"real","Scam","[""scam_button""]","3",NA,NA,NA,NA
"1976","508691",NA,"resources/real_fg_memory_images/fg1.jpg",NA,"artificial","Scam","[""scam_button""]","9",NA,NA,NA,NA
"1977","508691",NA,"resources/real_fg_memory_images/orig23.jpg",NA,"real","Scam","[""scam_button""]","9",NA,NA,NA,NA
"1978","508691",NA,"resources/real_fg_memory_images/orig22.jpg",NA,"real","Scam","[""neutral_button""]","10",NA,NA,NA,NA
"1979","508691",NA,"resources/real_fg_memory_images/fg12.jpg",NA,"artificial","Neutral","[""scam_button""]","7",NA,NA,NA,NA
"1980","508691",NA,"resources/real_fg_memory_images/orig21.jpg",NA,"real","Scam","[""neutral_button""]","8",NA,NA,NA,NA
"1981","508691",NA,"resources/real_fg_memory_images/fg6.jpg",NA,"artificial","Scam","[""neutral_button""]","8",NA,NA,NA,NA
"1982","508691",NA,"resources/real_fg_memory_images/orig28.jpg",NA,"real","Neutral","[""neutral_button""]","10",NA,NA,NA,NA
"1983","508691",NA,"resources/real_fg_memory_images/orig27.jpg",NA,"real","Neutral","[""scam_button""]","3",NA,NA,NA,NA
"1984","508691",NA,"resources/real_fg_memory_images/fg2.jpg",NA,"artificial","Scam","[""neutral_button""]","7",NA,NA,NA,NA
"1985","508691",NA,"resources/real_fg_memory_images/fg7.jpg",NA,"artificial","Neutral","[""scam_button""]","8",NA,NA,NA,NA
"1986","508691",NA,"resources/real_fg_memory_images/orig29.jpg",NA,"real","Neutral","[""neutral_button""]","6",NA,NA,NA,NA
"1987","508691",NA,"resources/real_fg_memory_images/orig30.jpg",NA,"real","Neutral","[""neutral_button""]","8",NA,NA,NA,NA
"1988","508691",NA,"resources/real_fg_memory_images/fg5.jpg",NA,"artificial","Scam","[""scam_button""]","9",NA,NA,NA,NA
"1989","508691",NA,NA,NA,NA,NA,NA,NA,NA,NA,NA,NA
"1990","508691",7,"resources/real_fg_memory_images/orig33.jpg","real",NA,NA,NA,NA,NA,NA,NA,NA
"1991","508691",8,"resources/real_fg_memory_images/fg18.jpg","artificial",NA,NA,NA,NA,NA,NA,NA,NA
"1992","508691",4,"resources/real_fg_memory_images/orig21.jpg","real",NA,NA,NA,NA,NA,NA,NA,NA
"1993","508691",2,"resources/real_fg_memory_images/fg3.jpg","artificial",NA,NA,NA,NA,NA,NA,NA,NA
"1994","508691",8,"resources/real_fg_memory_images/orig29.jpg","real",NA,NA,NA,NA,NA,NA,NA,NA
"1995","508691",9,"resources/real_fg_memory_images/fg14.jpg","artificial",NA,NA,NA,NA,NA,NA,NA,NA
"1996","508691",4,"resources/real_fg_memory_images/orig35.jpg","real",NA,NA,NA,NA,NA,NA,NA,NA
"1997","508691",2,"resources/real_fg_memory_images/fg5.jpg","artificial",NA,NA,NA,NA,NA,NA,NA,NA
"1998","508691",7,"resources/real_fg_memory_images/orig27.jpg","real",NA,NA,NA,NA,NA,NA,NA,NA
"1999","508691",3,"resources/real_fg_memory_images/fg8.jpg","artificial",NA,NA,NA,NA,NA,NA,NA,NA
"2000","508691",3,"resources/real_fg_memory_images/fg1.jpg","artificial",NA,NA,NA,NA,NA,NA,NA,NA
"2001","508691",5,"resources/real_fg_memory_images/orig31.jpg","real",NA,NA,NA,NA,NA,NA,NA,NA
"2002","508691",7,"resources/real_fg_memory_images/fg11.jpg","artificial",NA,NA,NA,NA,NA,NA,NA,NA
"2003","508691",4,"resources/real_fg_memory_images/orig20.jpg","real",NA,NA,NA,NA,NA,NA,NA,NA
"2004","508691",4,"resources/real_fg_memory_images/fg13.jpg","artificial",NA,NA,NA,NA,NA,NA,NA,NA
"2005","508691",7,"resources/real_fg_memory_images/fg2.jpg","artificial",NA,NA,NA,NA,NA,NA,NA,NA
"2006","508691",8,"resources/real_fg_memory_images/orig36.jpg","real",NA,NA,NA,NA,NA,NA,NA,NA
"2007","508691",3,"resources/real_fg_memory_images/fg7.jpg","artificial",NA,NA,NA,NA,NA,NA,NA,NA
"2008","508691",6,"resources/real_fg_memory_images/orig34.jpg","real",NA,NA,NA,NA,NA,NA,NA,NA
"2009","508691",5,"resources/real_fg_memory_images/fg10.jpg","artificial",NA,NA,NA,NA,NA,NA,NA,NA
"2010","508691",3,"resources/real_fg_memory_images/orig23.jpg","real",NA,NA,NA,NA,NA,NA,NA,NA
"2011","508691",4,"resources/real_fg_memory_images/fg12.jpg","artificial",NA,NA,NA,NA,NA,NA,NA,NA
"2012","508691",4,"resources/real_fg_memory_images/orig26.jpg","real",NA,NA,NA,NA,NA,NA,NA,NA
"2013","508691",8,"resources/real_fg_memory_images/orig30.jpg","real",NA,NA,NA,NA,NA,NA,NA,NA
"2014","508691",7,"resources/real_fg_memory_images/fg6.jpg","artificial",NA,NA,NA,NA,NA,NA,NA,NA
"2015","508691",5,"resources/real_fg_memory_images/orig25.jpg","real",NA,NA,NA,NA,NA,NA,NA,NA
"2016","508691",6,"resources/real_fg_memory_images/fg9.jpg","artificial",NA,NA,NA,NA,NA,NA,NA,NA
"2017","508691",7,"resources/real_fg_memory_images/orig32.jpg","real",NA,NA,NA,NA,NA,NA,NA,NA
"2018","508691",4,"resources/real_fg_memory_images/orig19.jpg","real",NA,NA,NA,NA,NA,NA,NA,NA
"2019","508691",9,"resources/real_fg_memory_images/orig28.jpg","real",NA,NA,NA,NA,NA,NA,NA,NA
"2020","508691",7,"resources/real_fg_memory_images/fg17.jpg","artificial",NA,NA,NA,NA,NA,NA,NA,NA
"2021","508691",8,"resources/real_fg_memory_images/fg4.jpg","artificial",NA,NA,NA,NA,NA,NA,NA,NA
"2022","508691",8,"resources/real_fg_memory_images/fg16.jpg","artificial",NA,NA,NA,NA,NA,NA,NA,NA
"2023","508691",7,"resources/real_fg_memory_images/orig24.jpg","real",NA,NA,NA,NA,NA,NA,NA,NA
"2024","508691",7,"resources/real_fg_memory_images/fg15.jpg","artificial",NA,NA,NA,NA,NA,NA,NA,NA
"2025","508691",4,"resources/real_fg_memory_images/orig22.jpg","real",NA,NA,NA,NA,NA,NA,NA,NA
"2026","508691",NA,NA,NA,NA,NA,NA,NA,NA,NA,NA,NA
"2027","508691",NA,NA,NA,NA,NA,NA,NA,1,"I answer the phone whenever it rings, even if I do not know who is calling",NA,NA
"2028","508691",NA,NA,NA,NA,NA,NA,NA,4,"If something sounds too good to be true, it usually is",NA,NA
"2029","508691",NA,NA,NA,NA,NA,NA,NA,1,"I have difficulty ending a phone call, even if the caller is a telemarketer, someone I do not know, or someone I do not wish to call me",NA,NA
"2030","508691",NA,NA,NA,NA,NA,NA,NA,4,"If a telemarketer calls me, I usually listen to what they have to say",NA,NA
"2031","508691",NA,NA,NA,NA,NA,NA,NA,5,"Persons over the age of 65 are often targeted by con-artists",NA,NA
"2032","508691",NA,NA,NA,NA,NA,NA,NA,NA,NA,NA,NA
"2033","508691",NA,NA,NA,NA,NA,NA,NA,NA,NA,"[""female_option""]",NA
"2034","508691",NA,NA,NA,NA,NA,NA,NA,NA,NA,NA,73
"2035","508691",NA,NA,NA,NA,NA,NA,NA,NA,NA,NA,NA
"2036","508691",NA,NA,NA,NA,NA,NA,NA,NA,NA,NA,NA
"2037","508691",NA,NA,NA,NA,NA,NA,NA,NA,NA,NA,NA
"2038","508691",NA,NA,NA,NA,NA,NA,NA,NA,NA,NA,NA
"2039","508691",NA,NA,NA,NA,NA,NA,NA,NA,NA,NA,NA
"2040","508691",NA,NA,NA,NA,NA,NA,NA,NA,NA,NA,NA
"2041","508691",NA,NA,NA,NA,NA,NA,NA,NA,NA,NA,NA
"2042","508691",NA,NA,NA,NA,NA,NA,NA,NA,NA,NA,NA
"2043","508691",NA,NA,NA,NA,NA,NA,NA,NA,NA,NA,NA
"2044","508691",NA,NA,NA,NA,NA,NA,NA,NA,NA,NA,NA
"2045","523872",NA,NA,NA,NA,NA,NA,NA,NA,NA,NA,NA
"2046","523872",NA,NA,NA,NA,NA,NA,NA,NA,NA,NA,NA
"2047","523872",NA,NA,NA,NA,NA,NA,NA,NA,NA,NA,NA
"2048","523872",NA,NA,NA,NA,NA,NA,NA,NA,NA,NA,NA
"2049","523872",6,"resources/real_fg_memory_images/orig31.jpg","real",NA,NA,NA,NA,NA,NA,NA,NA
"2050","523872",8,"resources/real_fg_memory_images/orig24.jpg","real",NA,NA,NA,NA,NA,NA,NA,NA
"2051","523872",8,"resources/real_fg_memory_images/orig26.jpg","real",NA,NA,NA,NA,NA,NA,NA,NA
"2052","523872",9,"resources/real_fg_memory_images/fg6.jpg","artificial",NA,NA,NA,NA,NA,NA,NA,NA
"2053","523872",8,"resources/real_fg_memory_images/orig23.jpg","real",NA,NA,NA,NA,NA,NA,NA,NA
"2054","523872",6,"resources/real_fg_memory_images/fg9.jpg","artificial",NA,NA,NA,NA,NA,NA,NA,NA
"2055","523872",9,"resources/real_fg_memory_images/orig34.jpg","real",NA,NA,NA,NA,NA,NA,NA,NA
"2056","523872",7,"resources/real_fg_memory_images/fg7.jpg","artificial",NA,NA,NA,NA,NA,NA,NA,NA
"2057","523872",7,"resources/real_fg_memory_images/fg10.jpg","artificial",NA,NA,NA,NA,NA,NA,NA,NA
"2058","523872",5,"resources/real_fg_memory_images/fg3.jpg","artificial",NA,NA,NA,NA,NA,NA,NA,NA
"2059","523872",7,"resources/real_fg_memory_images/fg13.jpg","artificial",NA,NA,NA,NA,NA,NA,NA,NA
"2060","523872",7,"resources/real_fg_memory_images/fg12.jpg","artificial",NA,NA,NA,NA,NA,NA,NA,NA
"2061","523872",6,"resources/real_fg_memory_images/orig36.jpg","real",NA,NA,NA,NA,NA,NA,NA,NA
"2062","523872",7,"resources/real_fg_memory_images/fg11.jpg","artificial",NA,NA,NA,NA,NA,NA,NA,NA
"2063","523872",7,"resources/real_fg_memory_images/orig25.jpg","real",NA,NA,NA,NA,NA,NA,NA,NA
"2064","523872",6,"resources/real_fg_memory_images/orig28.jpg","real",NA,NA,NA,NA,NA,NA,NA,NA
"2065","523872",8,"resources/real_fg_memory_images/fg18.jpg","artificial",NA,NA,NA,NA,NA,NA,NA,NA
"2066","523872",6,"resources/real_fg_memory_images/orig27.jpg","real",NA,NA,NA,NA,NA,NA,NA,NA
"2067","523872",4,"resources/real_fg_memory_images/fg14.jpg","artificial",NA,NA,NA,NA,NA,NA,NA,NA
"2068","523872",7,"resources/real_fg_memory_images/orig29.jpg","real",NA,NA,NA,NA,NA,NA,NA,NA
"2069","523872",7,"resources/real_fg_memory_images/fg1.jpg","artificial",NA,NA,NA,NA,NA,NA,NA,NA
"2070","523872",8,"resources/real_fg_memory_images/fg2.jpg","artificial",NA,NA,NA,NA,NA,NA,NA,NA
"2071","523872",8,"resources/real_fg_memory_images/orig22.jpg","real",NA,NA,NA,NA,NA,NA,NA,NA
"2072","523872",5,"resources/real_fg_memory_images/fg4.jpg","artificial",NA,NA,NA,NA,NA,NA,NA,NA
"2073","523872",4,"resources/real_fg_memory_images/orig20.jpg","real",NA,NA,NA,NA,NA,NA,NA,NA
"2074","523872",6,"resources/real_fg_memory_images/orig35.jpg","real",NA,NA,NA,NA,NA,NA,NA,NA
"2075","523872",7,"resources/real_fg_memory_images/fg15.jpg","artificial",NA,NA,NA,NA,NA,NA,NA,NA
"2076","523872",5,"resources/real_fg_memory_images/fg8.jpg","artificial",NA,NA,NA,NA,NA,NA,NA,NA
"2077","523872",7,"resources/real_fg_memory_images/fg16.jpg","artificial",NA,NA,NA,NA,NA,NA,NA,NA
"2078","523872",7,"resources/real_fg_memory_images/orig19.jpg","real",NA,NA,NA,NA,NA,NA,NA,NA
"2079","523872",7,"resources/real_fg_memory_images/fg17.jpg","artificial",NA,NA,NA,NA,NA,NA,NA,NA
"2080","523872",7,"resources/real_fg_memory_images/orig33.jpg","real",NA,NA,NA,NA,NA,NA,NA,NA
"2081","523872",8,"resources/real_fg_memory_images/orig32.jpg","real",NA,NA,NA,NA,NA,NA,NA,NA
"2082","523872",5,"resources/real_fg_memory_images/fg5.jpg","artificial",NA,NA,NA,NA,NA,NA,NA,NA
"2083","523872",6,"resources/real_fg_memory_images/orig21.jpg","real",NA,NA,NA,NA,NA,NA,NA,NA
"2084","523872",8,"resources/real_fg_memory_images/orig30.jpg","real",NA,NA,NA,NA,NA,NA,NA,NA
"2085","523872",NA,NA,NA,NA,NA,NA,NA,NA,NA,NA,NA
"2086","523872",NA,"resources/real_fg_memory_images/orig20.jpg",NA,"real","Scam",NA,NA,NA,NA,NA,NA
"2087","523872",NA,"resources/real_fg_memory_images/fg4.jpg",NA,"artificial","Scam",NA,NA,NA,NA,NA,NA
"2088","523872",NA,"resources/real_fg_memory_images/orig28.jpg",NA,"real","Neutral",NA,NA,NA,NA,NA,NA
"2089","523872",NA,"resources/real_fg_memory_images/fg10.jpg",NA,"artificial","Neutral",NA,NA,NA,NA,NA,NA
"2090","523872",NA,"resources/real_fg_memory_images/orig21.jpg",NA,"real","Scam",NA,NA,NA,NA,NA,NA
"2091","523872",NA,"resources/real_fg_memory_images/orig22.jpg",NA,"real","Scam",NA,NA,NA,NA,NA,NA
"2092","523872",NA,"resources/real_fg_memory_images/fg2.jpg",NA,"artificial","Scam",NA,NA,NA,NA,NA,NA
"2093","523872",NA,"resources/real_fg_memory_images/orig24.jpg",NA,"real","Scam",NA,NA,NA,NA,NA,NA
"2094","523872",NA,"resources/real_fg_memory_images/fg8.jpg",NA,"artificial","Neutral",NA,NA,NA,NA,NA,NA
"2095","523872",NA,"resources/real_fg_memory_images/orig30.jpg",NA,"real","Neutral",NA,NA,NA,NA,NA,NA
"2096","523872",NA,"resources/real_fg_memory_images/orig19.jpg",NA,"real","Scam",NA,NA,NA,NA,NA,NA
"2097","523872",NA,"resources/real_fg_memory_images/fg11.jpg",NA,"artificial","Neutral",NA,NA,NA,NA,NA,NA
"2098","523872",NA,"resources/real_fg_memory_images/orig25.jpg",NA,"real","Neutral",NA,NA,NA,NA,NA,NA
"2099","523872",NA,"resources/real_fg_memory_images/fg12.jpg",NA,"artificial","Neutral",NA,NA,NA,NA,NA,NA
"2100","523872",NA,"resources/real_fg_memory_images/fg7.jpg",NA,"artificial","Neutral",NA,NA,NA,NA,NA,NA
"2101","523872",NA,"resources/real_fg_memory_images/orig23.jpg",NA,"real","Scam",NA,NA,NA,NA,NA,NA
"2102","523872",NA,"resources/real_fg_memory_images/fg6.jpg",NA,"artificial","Scam",NA,NA,NA,NA,NA,NA
"2103","523872",NA,"resources/real_fg_memory_images/fg3.jpg",NA,"artificial","Scam",NA,NA,NA,NA,NA,NA
"2104","523872",NA,"resources/real_fg_memory_images/fg5.jpg",NA,"artificial","Scam",NA,NA,NA,NA,NA,NA
"2105","523872",NA,"resources/real_fg_memory_images/orig26.jpg",NA,"real","Neutral",NA,NA,NA,NA,NA,NA
"2106","523872",NA,"resources/real_fg_memory_images/fg1.jpg",NA,"artificial","Scam",NA,NA,NA,NA,NA,NA
"2107","523872",NA,"resources/real_fg_memory_images/orig27.jpg",NA,"real","Neutral",NA,NA,NA,NA,NA,NA
"2108","523872",NA,"resources/real_fg_memory_images/fg9.jpg",NA,"artificial","Neutral",NA,NA,NA,NA,NA,NA
"2109","523872",NA,"resources/real_fg_memory_images/orig29.jpg",NA,"real","Neutral",NA,NA,NA,NA,NA,NA
"2110","523872",NA,NA,NA,NA,NA,NA,NA,NA,NA,NA,NA
"2111","523872",NA,"resources/real_fg_memory_images/orig27.jpg",NA,"real","Neutral","[""neutral_button""]","7",NA,NA,NA,NA
"2112","523872",NA,"resources/real_fg_memory_images/orig21.jpg",NA,"real","Scam","[""neutral_button""]","7",NA,NA,NA,NA
"2113","523872",NA,"resources/real_fg_memory_images/orig25.jpg",NA,"real","Neutral","[""scam_button""]","6",NA,NA,NA,NA
"2114","523872",NA,"resources/real_fg_memory_images/orig23.jpg",NA,"real","Scam","[""scam_button""]","7",NA,NA,NA,NA
"2115","523872",NA,"resources/real_fg_memory_images/orig26.jpg",NA,"real","Neutral","[""scam_button""]","7",NA,NA,NA,NA
"2116","523872",NA,"resources/real_fg_memory_images/fg3.jpg",NA,"artificial","Scam","[""scam_button""]","7",NA,NA,NA,NA
"2117","523872",NA,"resources/real_fg_memory_images/fg6.jpg",NA,"artificial","Scam","[""scam_button""]","6",NA,NA,NA,NA
"2118","523872",NA,"resources/real_fg_memory_images/fg2.jpg",NA,"artificial","Scam","[""neutral_button""]","6",NA,NA,NA,NA
"2119","523872",NA,"resources/real_fg_memory_images/orig19.jpg",NA,"real","Scam","[""scam_button""]","6",NA,NA,NA,NA
"2120","523872",NA,"resources/real_fg_memory_images/orig28.jpg",NA,"real","Neutral","[""scam_button""]","7",NA,NA,NA,NA
"2121","523872",NA,"resources/real_fg_memory_images/fg12.jpg",NA,"artificial","Neutral","[""scam_button""]","7",NA,NA,NA,NA
"2122","523872",NA,"resources/real_fg_memory_images/orig30.jpg",NA,"real","Neutral","[""scam_button""]","5",NA,NA,NA,NA
"2123","523872",NA,"resources/real_fg_memory_images/fg7.jpg",NA,"artificial","Neutral","[""scam_button""]","8",NA,NA,NA,NA
"2124","523872",NA,"resources/real_fg_memory_images/orig29.jpg",NA,"real","Neutral","[""scam_button""]","6",NA,NA,NA,NA
"2125","523872",NA,"resources/real_fg_memory_images/orig22.jpg",NA,"real","Scam","[""scam_button""]","6",NA,NA,NA,NA
"2126","523872",NA,"resources/real_fg_memory_images/fg11.jpg",NA,"artificial","Neutral","[""scam_button""]","6",NA,NA,NA,NA
"2127","523872",NA,"resources/real_fg_memory_images/fg4.jpg",NA,"artificial","Scam","[""scam_button""]","7",NA,NA,NA,NA
"2128","523872",NA,"resources/real_fg_memory_images/fg10.jpg",NA,"artificial","Neutral","[""scam_button""]","7",NA,NA,NA,NA
"2129","523872",NA,"resources/real_fg_memory_images/fg8.jpg",NA,"artificial","Neutral","[""neutral_button""]","6",NA,NA,NA,NA
"2130","523872",NA,"resources/real_fg_memory_images/fg1.jpg",NA,"artificial","Scam","[""scam_button""]","5",NA,NA,NA,NA
"2131","523872",NA,"resources/real_fg_memory_images/fg9.jpg",NA,"artificial","Neutral","[""scam_button""]","6",NA,NA,NA,NA
"2132","523872",NA,"resources/real_fg_memory_images/fg5.jpg",NA,"artificial","Scam","[""scam_button""]","8",NA,NA,NA,NA
"2133","523872",NA,"resources/real_fg_memory_images/orig24.jpg",NA,"real","Scam","[""neutral_button""]","6",NA,NA,NA,NA
"2134","523872",NA,"resources/real_fg_memory_images/orig20.jpg",NA,"real","Scam","[""scam_button""]","7",NA,NA,NA,NA
"2135","523872",NA,NA,NA,NA,NA,NA,NA,NA,NA,NA,NA
"2136","523872",7,"resources/real_fg_memory_images/orig31.jpg","real",NA,NA,NA,NA,NA,NA,NA,NA
"2137","523872",7,"resources/real_fg_memory_images/orig30.jpg","real",NA,NA,NA,NA,NA,NA,NA,NA
"2138","523872",7,"resources/real_fg_memory_images/orig22.jpg","real",NA,NA,NA,NA,NA,NA,NA,NA
"2139","523872",8,"resources/real_fg_memory_images/fg10.jpg","artificial",NA,NA,NA,NA,NA,NA,NA,NA
"2140","523872",7,"resources/real_fg_memory_images/fg7.jpg","artificial",NA,NA,NA,NA,NA,NA,NA,NA
"2141","523872",8,"resources/real_fg_memory_images/fg14.jpg","artificial",NA,NA,NA,NA,NA,NA,NA,NA
"2142","523872",8,"resources/real_fg_memory_images/fg16.jpg","artificial",NA,NA,NA,NA,NA,NA,NA,NA
"2143","523872",7,"resources/real_fg_memory_images/orig23.jpg","real",NA,NA,NA,NA,NA,NA,NA,NA
"2144","523872",8,"resources/real_fg_memory_images/fg1.jpg","artificial",NA,NA,NA,NA,NA,NA,NA,NA
"2145","523872",8,"resources/real_fg_memory_images/fg12.jpg","artificial",NA,NA,NA,NA,NA,NA,NA,NA
"2146","523872",6,"resources/real_fg_memory_images/fg3.jpg","artificial",NA,NA,NA,NA,NA,NA,NA,NA
"2147","523872",7,"resources/real_fg_memory_images/fg18.jpg","artificial",NA,NA,NA,NA,NA,NA,NA,NA
"2148","523872",7,"resources/real_fg_memory_images/orig35.jpg","real",NA,NA,NA,NA,NA,NA,NA,NA
"2149","523872",6,"resources/real_fg_memory_images/orig20.jpg","real",NA,NA,NA,NA,NA,NA,NA,NA
"2150","523872",6,"resources/real_fg_memory_images/fg11.jpg","artificial",NA,NA,NA,NA,NA,NA,NA,NA
"2151","523872",7,"resources/real_fg_memory_images/fg13.jpg","artificial",NA,NA,NA,NA,NA,NA,NA,NA
"2152","523872",7,"resources/real_fg_memory_images/orig19.jpg","real",NA,NA,NA,NA,NA,NA,NA,NA
"2153","523872",7,"resources/real_fg_memory_images/fg5.jpg","artificial",NA,NA,NA,NA,NA,NA,NA,NA
"2154","523872",6,"resources/real_fg_memory_images/orig21.jpg","real",NA,NA,NA,NA,NA,NA,NA,NA
"2155","523872",8,"resources/real_fg_memory_images/orig29.jpg","real",NA,NA,NA,NA,NA,NA,NA,NA
"2156","523872",7,"resources/real_fg_memory_images/fg8.jpg","artificial",NA,NA,NA,NA,NA,NA,NA,NA
"2157","523872",8,"resources/real_fg_memory_images/orig36.jpg","real",NA,NA,NA,NA,NA,NA,NA,NA
"2158","523872",6,"resources/real_fg_memory_images/fg6.jpg","artificial",NA,NA,NA,NA,NA,NA,NA,NA
"2159","523872",7,"resources/real_fg_memory_images/fg4.jpg","artificial",NA,NA,NA,NA,NA,NA,NA,NA
"2160","523872",7,"resources/real_fg_memory_images/fg2.jpg","artificial",NA,NA,NA,NA,NA,NA,NA,NA
"2161","523872",8,"resources/real_fg_memory_images/orig25.jpg","real",NA,NA,NA,NA,NA,NA,NA,NA
"2162","523872",6,"resources/real_fg_memory_images/orig33.jpg","real",NA,NA,NA,NA,NA,NA,NA,NA
"2163","523872",7,"resources/real_fg_memory_images/fg15.jpg","artificial",NA,NA,NA,NA,NA,NA,NA,NA
"2164","523872",8,"resources/real_fg_memory_images/orig27.jpg","real",NA,NA,NA,NA,NA,NA,NA,NA
"2165","523872",6,"resources/real_fg_memory_images/orig26.jpg","real",NA,NA,NA,NA,NA,NA,NA,NA
"2166","523872",8,"resources/real_fg_memory_images/fg17.jpg","artificial",NA,NA,NA,NA,NA,NA,NA,NA
"2167","523872",8,"resources/real_fg_memory_images/orig24.jpg","real",NA,NA,NA,NA,NA,NA,NA,NA
"2168","523872",7,"resources/real_fg_memory_images/fg9.jpg","artificial",NA,NA,NA,NA,NA,NA,NA,NA
"2169","523872",8,"resources/real_fg_memory_images/orig32.jpg","real",NA,NA,NA,NA,NA,NA,NA,NA
"2170","523872",8,"resources/real_fg_memory_images/orig34.jpg","real",NA,NA,NA,NA,NA,NA,NA,NA
"2171","523872",8,"resources/real_fg_memory_images/orig28.jpg","real",NA,NA,NA,NA,NA,NA,NA,NA
"2172","523872",NA,NA,NA,NA,NA,NA,NA,NA,NA,NA,NA
"2173","523872",NA,NA,NA,NA,NA,NA,NA,3,"I have difficulty ending a phone call, even if the caller is a telemarketer, someone I do not know, or someone I do not wish to call me",NA,NA
"2174","523872",NA,NA,NA,NA,NA,NA,NA,3,"Persons over the age of 65 are often targeted by con-artists",NA,NA
"2175","523872",NA,NA,NA,NA,NA,NA,NA,3,"If something sounds too good to be true, it usually is",NA,NA
"2176","523872",NA,NA,NA,NA,NA,NA,NA,2,"I answer the phone whenever it rings, even if I do not know who is calling",NA,NA
"2177","523872",NA,NA,NA,NA,NA,NA,NA,3,"If a telemarketer calls me, I usually listen to what they have to say",NA,NA
"2178","523872",NA,NA,NA,NA,NA,NA,NA,NA,NA,NA,NA
"2179","523872",NA,NA,NA,NA,NA,NA,NA,NA,NA,"[""male_option""]",NA
"2180","523872",NA,NA,NA,NA,NA,NA,NA,NA,NA,NA,66
"2181","523872",NA,NA,NA,NA,NA,NA,NA,NA,NA,NA,NA
"2182","523872",NA,NA,NA,NA,NA,NA,NA,NA,NA,NA,NA
"2183","523872",NA,NA,NA,NA,NA,NA,NA,NA,NA,NA,NA
"2184","523872",NA,NA,NA,NA,NA,NA,NA,NA,NA,NA,NA
"2185","523872",NA,NA,NA,NA,NA,NA,NA,NA,NA,NA,NA
"2186","523872",NA,NA,NA,NA,NA,NA,NA,NA,NA,NA,NA
"2187","523872",NA,NA,NA,NA,NA,NA,NA,NA,NA,NA,NA
"2188","523872",NA,NA,NA,NA,NA,NA,NA,NA,NA,NA,NA
"2189","523872",NA,NA,NA,NA,NA,NA,NA,NA,NA,NA,NA
"2190","523872",NA,NA,NA,NA,NA,NA,NA,NA,NA,NA,NA
"2191","733839",NA,NA,NA,NA,NA,NA,NA,NA,NA,NA,NA
"2192","733839",NA,NA,NA,NA,NA,NA,NA,NA,NA,NA,NA
"2193","733839",NA,NA,NA,NA,NA,NA,NA,NA,NA,NA,NA
"2194","733839",NA,NA,NA,NA,NA,NA,NA,NA,NA,NA,NA
"2195","733839",8,"resources/real_fg_memory_images/fg14.jpg","artificial",NA,NA,NA,NA,NA,NA,NA,NA
"2196","733839",4,"resources/real_fg_memory_images/orig23.jpg","real",NA,NA,NA,NA,NA,NA,NA,NA
"2197","733839",7,"resources/real_fg_memory_images/orig28.jpg","real",NA,NA,NA,NA,NA,NA,NA,NA
"2198","733839",5,"resources/real_fg_memory_images/fg2.jpg","artificial",NA,NA,NA,NA,NA,NA,NA,NA
"2199","733839",9,"resources/real_fg_memory_images/fg16.jpg","artificial",NA,NA,NA,NA,NA,NA,NA,NA
"2200","733839",8,"resources/real_fg_memory_images/orig26.jpg","real",NA,NA,NA,NA,NA,NA,NA,NA
"2201","733839",9,"resources/real_fg_memory_images/orig19.jpg","real",NA,NA,NA,NA,NA,NA,NA,NA
"2202","733839",7,"resources/real_fg_memory_images/fg4.jpg","artificial",NA,NA,NA,NA,NA,NA,NA,NA
"2203","733839",8,"resources/real_fg_memory_images/orig34.jpg","real",NA,NA,NA,NA,NA,NA,NA,NA
"2204","733839",6,"resources/real_fg_memory_images/orig25.jpg","real",NA,NA,NA,NA,NA,NA,NA,NA
"2205","733839",3,"resources/real_fg_memory_images/fg8.jpg","artificial",NA,NA,NA,NA,NA,NA,NA,NA
"2206","733839",3,"resources/real_fg_memory_images/fg1.jpg","artificial",NA,NA,NA,NA,NA,NA,NA,NA
"2207","733839",2,"resources/real_fg_memory_images/fg10.jpg","artificial",NA,NA,NA,NA,NA,NA,NA,NA
"2208","733839",6,"resources/real_fg_memory_images/fg18.jpg","artificial",NA,NA,NA,NA,NA,NA,NA,NA
"2209","733839",8,"resources/real_fg_memory_images/orig24.jpg","real",NA,NA,NA,NA,NA,NA,NA,NA
"2210","733839",7,"resources/real_fg_memory_images/orig31.jpg","real",NA,NA,NA,NA,NA,NA,NA,NA
"2211","733839",5,"resources/real_fg_memory_images/orig22.jpg","real",NA,NA,NA,NA,NA,NA,NA,NA
"2212","733839",7,"resources/real_fg_memory_images/orig35.jpg","real",NA,NA,NA,NA,NA,NA,NA,NA
"2213","733839",4,"resources/real_fg_memory_images/fg9.jpg","artificial",NA,NA,NA,NA,NA,NA,NA,NA
"2214","733839",3,"resources/real_fg_memory_images/fg5.jpg","artificial",NA,NA,NA,NA,NA,NA,NA,NA
"2215","733839",2,"resources/real_fg_memory_images/orig20.jpg","real",NA,NA,NA,NA,NA,NA,NA,NA
"2216","733839",1,"resources/real_fg_memory_images/orig21.jpg","real",NA,NA,NA,NA,NA,NA,NA,NA
"2217","733839",5,"resources/real_fg_memory_images/fg11.jpg","artificial",NA,NA,NA,NA,NA,NA,NA,NA
"2218","733839",6,"resources/real_fg_memory_images/fg15.jpg","artificial",NA,NA,NA,NA,NA,NA,NA,NA
"2219","733839",4,"resources/real_fg_memory_images/orig27.jpg","real",NA,NA,NA,NA,NA,NA,NA,NA
"2220","733839",7,"resources/real_fg_memory_images/orig30.jpg","real",NA,NA,NA,NA,NA,NA,NA,NA
"2221","733839",5,"resources/real_fg_memory_images/fg17.jpg","artificial",NA,NA,NA,NA,NA,NA,NA,NA
"2222","733839",6,"resources/real_fg_memory_images/fg7.jpg","artificial",NA,NA,NA,NA,NA,NA,NA,NA
"2223","733839",5,"resources/real_fg_memory_images/fg12.jpg","artificial",NA,NA,NA,NA,NA,NA,NA,NA
"2224","733839",7,"resources/real_fg_memory_images/orig32.jpg","real",NA,NA,NA,NA,NA,NA,NA,NA
"2225","733839",6,"resources/real_fg_memory_images/orig36.jpg","real",NA,NA,NA,NA,NA,NA,NA,NA
"2226","733839",7,"resources/real_fg_memory_images/fg3.jpg","artificial",NA,NA,NA,NA,NA,NA,NA,NA
"2227","733839",5,"resources/real_fg_memory_images/fg13.jpg","artificial",NA,NA,NA,NA,NA,NA,NA,NA
"2228","733839",4,"resources/real_fg_memory_images/orig29.jpg","real",NA,NA,NA,NA,NA,NA,NA,NA
"2229","733839",2,"resources/real_fg_memory_images/orig33.jpg","real",NA,NA,NA,NA,NA,NA,NA,NA
"2230","733839",3,"resources/real_fg_memory_images/fg6.jpg","artificial",NA,NA,NA,NA,NA,NA,NA,NA
"2231","733839",NA,NA,NA,NA,NA,NA,NA,NA,NA,NA,NA
"2232","733839",NA,"resources/real_fg_memory_images/fg1.jpg",NA,"artificial","Scam",NA,NA,NA,NA,NA,NA
"2233","733839",NA,"resources/real_fg_memory_images/fg6.jpg",NA,"artificial","Scam",NA,NA,NA,NA,NA,NA
"2234","733839",NA,"resources/real_fg_memory_images/fg11.jpg",NA,"artificial","Neutral",NA,NA,NA,NA,NA,NA
"2235","733839",NA,"resources/real_fg_memory_images/fg10.jpg",NA,"artificial","Neutral",NA,NA,NA,NA,NA,NA
"2236","733839",NA,"resources/real_fg_memory_images/orig29.jpg",NA,"real","Neutral",NA,NA,NA,NA,NA,NA
"2237","733839",NA,"resources/real_fg_memory_images/orig27.jpg",NA,"real","Neutral",NA,NA,NA,NA,NA,NA
"2238","733839",NA,"resources/real_fg_memory_images/orig20.jpg",NA,"real","Scam",NA,NA,NA,NA,NA,NA
"2239","733839",NA,"resources/real_fg_memory_images/orig25.jpg",NA,"real","Neutral",NA,NA,NA,NA,NA,NA
"2240","733839",NA,"resources/real_fg_memory_images/fg9.jpg",NA,"artificial","Neutral",NA,NA,NA,NA,NA,NA
"2241","733839",NA,"resources/real_fg_memory_images/orig21.jpg",NA,"real","Scam",NA,NA,NA,NA,NA,NA
"2242","733839",NA,"resources/real_fg_memory_images/orig22.jpg",NA,"real","Scam",NA,NA,NA,NA,NA,NA
"2243","733839",NA,"resources/real_fg_memory_images/orig19.jpg",NA,"real","Scam",NA,NA,NA,NA,NA,NA
"2244","733839",NA,"resources/real_fg_memory_images/fg2.jpg",NA,"artificial","Scam",NA,NA,NA,NA,NA,NA
"2245","733839",NA,"resources/real_fg_memory_images/fg12.jpg",NA,"artificial","Neutral",NA,NA,NA,NA,NA,NA
"2246","733839",NA,"resources/real_fg_memory_images/orig30.jpg",NA,"real","Neutral",NA,NA,NA,NA,NA,NA
"2247","733839",NA,"resources/real_fg_memory_images/fg5.jpg",NA,"artificial","Scam",NA,NA,NA,NA,NA,NA
"2248","733839",NA,"resources/real_fg_memory_images/fg4.jpg",NA,"artificial","Scam",NA,NA,NA,NA,NA,NA
"2249","733839",NA,"resources/real_fg_memory_images/orig26.jpg",NA,"real","Neutral",NA,NA,NA,NA,NA,NA
"2250","733839",NA,"resources/real_fg_memory_images/fg3.jpg",NA,"artificial","Scam",NA,NA,NA,NA,NA,NA
"2251","733839",NA,"resources/real_fg_memory_images/orig28.jpg",NA,"real","Neutral",NA,NA,NA,NA,NA,NA
"2252","733839",NA,"resources/real_fg_memory_images/orig24.jpg",NA,"real","Scam",NA,NA,NA,NA,NA,NA
"2253","733839",NA,"resources/real_fg_memory_images/fg8.jpg",NA,"artificial","Neutral",NA,NA,NA,NA,NA,NA
"2254","733839",NA,"resources/real_fg_memory_images/fg7.jpg",NA,"artificial","Neutral",NA,NA,NA,NA,NA,NA
"2255","733839",NA,"resources/real_fg_memory_images/orig23.jpg",NA,"real","Scam",NA,NA,NA,NA,NA,NA
"2256","733839",NA,NA,NA,NA,NA,NA,NA,NA,NA,NA,NA
"2257","733839",NA,"resources/real_fg_memory_images/orig21.jpg",NA,"real","Scam","[""scam_button""]","5",NA,NA,NA,NA
"2258","733839",NA,"resources/real_fg_memory_images/fg9.jpg",NA,"artificial","Neutral","[""neutral_button""]","5",NA,NA,NA,NA
"2259","733839",NA,"resources/real_fg_memory_images/orig27.jpg",NA,"real","Neutral","[""neutral_button""]","10",NA,NA,NA,NA
"2260","733839",NA,"resources/real_fg_memory_images/orig26.jpg",NA,"real","Neutral","[""neutral_button""]","10",NA,NA,NA,NA
"2261","733839",NA,"resources/real_fg_memory_images/fg1.jpg",NA,"artificial","Scam","[""scam_button""]","5",NA,NA,NA,NA
"2262","733839",NA,"resources/real_fg_memory_images/fg12.jpg",NA,"artificial","Neutral","[""neutral_button""]","5",NA,NA,NA,NA
"2263","733839",NA,"resources/real_fg_memory_images/orig30.jpg",NA,"real","Neutral","[""neutral_button""]","5",NA,NA,NA,NA
"2264","733839",NA,"resources/real_fg_memory_images/fg2.jpg",NA,"artificial","Scam","[""scam_button""]","4",NA,NA,NA,NA
"2265","733839",NA,"resources/real_fg_memory_images/fg6.jpg",NA,"artificial","Scam","[""neutral_button""]","3",NA,NA,NA,NA
"2266","733839",NA,"resources/real_fg_memory_images/fg11.jpg",NA,"artificial","Neutral","[""neutral_button""]","4",NA,NA,NA,NA
"2267","733839",NA,"resources/real_fg_memory_images/orig23.jpg",NA,"real","Scam","[""scam_button""]","3",NA,NA,NA,NA
"2268","733839",NA,"resources/real_fg_memory_images/orig25.jpg",NA,"real","Neutral","[""scam_button""]","3",NA,NA,NA,NA
"2269","733839",NA,"resources/real_fg_memory_images/fg5.jpg",NA,"artificial","Scam","[""scam_button""]","5",NA,NA,NA,NA
"2270","733839",NA,"resources/real_fg_memory_images/fg10.jpg",NA,"artificial","Neutral","[""scam_button""]","5",NA,NA,NA,NA
"2271","733839",NA,"resources/real_fg_memory_images/orig29.jpg",NA,"real","Neutral","[""neutral_button""]","5",NA,NA,NA,NA
"2272","733839",NA,"resources/real_fg_memory_images/fg3.jpg",NA,"artificial","Scam","[""scam_button""]","10",NA,NA,NA,NA
"2273","733839",NA,"resources/real_fg_memory_images/fg4.jpg",NA,"artificial","Scam","[""scam_button""]","4",NA,NA,NA,NA
"2274","733839",NA,"resources/real_fg_memory_images/orig28.jpg",NA,"real","Neutral","[""scam_button""]","4",NA,NA,NA,NA
"2275","733839",NA,"resources/real_fg_memory_images/fg7.jpg",NA,"artificial","Neutral","[""neutral_button""]","4",NA,NA,NA,NA
"2276","733839",NA,"resources/real_fg_memory_images/orig19.jpg",NA,"real","Scam","[""scam_button""]","8",NA,NA,NA,NA
"2277","733839",NA,"resources/real_fg_memory_images/orig24.jpg",NA,"real","Scam","[""scam_button""]","7",NA,NA,NA,NA
"2278","733839",NA,"resources/real_fg_memory_images/orig20.jpg",NA,"real","Scam","[""scam_button""]","8",NA,NA,NA,NA
"2279","733839",NA,"resources/real_fg_memory_images/fg8.jpg",NA,"artificial","Neutral","[""neutral_button""]","4",NA,NA,NA,NA
"2280","733839",NA,"resources/real_fg_memory_images/orig22.jpg",NA,"real","Scam","[""scam_button""]","6",NA,NA,NA,NA
"2281","733839",NA,NA,NA,NA,NA,NA,NA,NA,NA,NA,NA
"2282","733839",7,"resources/real_fg_memory_images/fg5.jpg","artificial",NA,NA,NA,NA,NA,NA,NA,NA
"2283","733839",8,"resources/real_fg_memory_images/orig29.jpg","real",NA,NA,NA,NA,NA,NA,NA,NA
"2284","733839",9,"resources/real_fg_memory_images/fg14.jpg","artificial",NA,NA,NA,NA,NA,NA,NA,NA
"2285","733839",6,"resources/real_fg_memory_images/fg16.jpg","artificial",NA,NA,NA,NA,NA,NA,NA,NA
"2286","733839",3,"resources/real_fg_memory_images/fg3.jpg","artificial",NA,NA,NA,NA,NA,NA,NA,NA
"2287","733839",4,"resources/real_fg_memory_images/orig33.jpg","real",NA,NA,NA,NA,NA,NA,NA,NA
"2288","733839",8,"resources/real_fg_memory_images/fg11.jpg","artificial",NA,NA,NA,NA,NA,NA,NA,NA
"2289","733839",7,"resources/real_fg_memory_images/fg13.jpg","artificial",NA,NA,NA,NA,NA,NA,NA,NA
"2290","733839",7,"resources/real_fg_memory_images/fg10.jpg","artificial",NA,NA,NA,NA,NA,NA,NA,NA
"2291","733839",4,"resources/real_fg_memory_images/fg4.jpg","artificial",NA,NA,NA,NA,NA,NA,NA,NA
"2292","733839",6,"resources/real_fg_memory_images/fg17.jpg","artificial",NA,NA,NA,NA,NA,NA,NA,NA
"2293","733839",6,"resources/real_fg_memory_images/fg6.jpg","artificial",NA,NA,NA,NA,NA,NA,NA,NA
"2294","733839",7,"resources/real_fg_memory_images/fg18.jpg","artificial",NA,NA,NA,NA,NA,NA,NA,NA
"2295","733839",7,"resources/real_fg_memory_images/orig35.jpg","real",NA,NA,NA,NA,NA,NA,NA,NA
"2296","733839",6,"resources/real_fg_memory_images/fg2.jpg","artificial",NA,NA,NA,NA,NA,NA,NA,NA
"2297","733839",8,"resources/real_fg_memory_images/orig34.jpg","real",NA,NA,NA,NA,NA,NA,NA,NA
"2298","733839",7,"resources/real_fg_memory_images/fg8.jpg","artificial",NA,NA,NA,NA,NA,NA,NA,NA
"2299","733839",5,"resources/real_fg_memory_images/fg12.jpg","artificial",NA,NA,NA,NA,NA,NA,NA,NA
"2300","733839",7,"resources/real_fg_memory_images/orig32.jpg","real",NA,NA,NA,NA,NA,NA,NA,NA
"2301","733839",7,"resources/real_fg_memory_images/orig25.jpg","real",NA,NA,NA,NA,NA,NA,NA,NA
"2302","733839",8,"resources/real_fg_memory_images/orig30.jpg","real",NA,NA,NA,NA,NA,NA,NA,NA
"2303","733839",7,"resources/real_fg_memory_images/orig22.jpg","real",NA,NA,NA,NA,NA,NA,NA,NA
"2304","733839",8,"resources/real_fg_memory_images/orig24.jpg","real",NA,NA,NA,NA,NA,NA,NA,NA
"2305","733839",8,"resources/real_fg_memory_images/orig36.jpg","real",NA,NA,NA,NA,NA,NA,NA,NA
"2306","733839",6,"resources/real_fg_memory_images/orig26.jpg","real",NA,NA,NA,NA,NA,NA,NA,NA
"2307","733839",4,"resources/real_fg_memory_images/orig31.jpg","real",NA,NA,NA,NA,NA,NA,NA,NA
"2308","733839",5,"resources/real_fg_memory_images/fg9.jpg","artificial",NA,NA,NA,NA,NA,NA,NA,NA
"2309","733839",3,"resources/real_fg_memory_images/fg7.jpg","artificial",NA,NA,NA,NA,NA,NA,NA,NA
"2310","733839",7,"resources/real_fg_memory_images/orig27.jpg","real",NA,NA,NA,NA,NA,NA,NA,NA
"2311","733839",5,"resources/real_fg_memory_images/orig21.jpg","real",NA,NA,NA,NA,NA,NA,NA,NA
"2312","733839",3,"resources/real_fg_memory_images/orig23.jpg","real",NA,NA,NA,NA,NA,NA,NA,NA
"2313","733839",7,"resources/real_fg_memory_images/fg15.jpg","artificial",NA,NA,NA,NA,NA,NA,NA,NA
"2314","733839",8,"resources/real_fg_memory_images/orig28.jpg","real",NA,NA,NA,NA,NA,NA,NA,NA
"2315","733839",7,"resources/real_fg_memory_images/orig19.jpg","real",NA,NA,NA,NA,NA,NA,NA,NA
"2316","733839",6,"resources/real_fg_memory_images/fg1.jpg","artificial",NA,NA,NA,NA,NA,NA,NA,NA
"2317","733839",8,"resources/real_fg_memory_images/orig20.jpg","real",NA,NA,NA,NA,NA,NA,NA,NA
"2318","733839",NA,NA,NA,NA,NA,NA,NA,NA,NA,NA,NA
"2319","733839",NA,NA,NA,NA,NA,NA,NA,5,"Persons over the age of 65 are often targeted by con-artists",NA,NA
"2320","733839",NA,NA,NA,NA,NA,NA,NA,5,"If something sounds too good to be true, it usually is",NA,NA
"2321","733839",NA,NA,NA,NA,NA,NA,NA,5,"I have difficulty ending a phone call, even if the caller is a telemarketer, someone I do not know, or someone I do not wish to call me",NA,NA
"2322","733839",NA,NA,NA,NA,NA,NA,NA,1,"I answer the phone whenever it rings, even if I do not know who is calling",NA,NA
"2323","733839",NA,NA,NA,NA,NA,NA,NA,1,"If a telemarketer calls me, I usually listen to what they have to say",NA,NA
"2324","733839",NA,NA,NA,NA,NA,NA,NA,NA,NA,NA,NA
"2325","733839",NA,NA,NA,NA,NA,NA,NA,NA,NA,"[""female_option""]",NA
"2326","733839",NA,NA,NA,NA,NA,NA,NA,NA,NA,NA,71
"2327","733839",NA,NA,NA,NA,NA,NA,NA,NA,NA,NA,NA
"2328","733839",NA,NA,NA,NA,NA,NA,NA,NA,NA,NA,NA
"2329","733839",NA,NA,NA,NA,NA,NA,NA,NA,NA,NA,NA
"2330","733839",NA,NA,NA,NA,NA,NA,NA,NA,NA,NA,NA
"2331","733839",NA,NA,NA,NA,NA,NA,NA,NA,NA,NA,NA
"2332","733839",NA,NA,NA,NA,NA,NA,NA,NA,NA,NA,NA
"2333","733839",NA,NA,NA,NA,NA,NA,NA,NA,NA,NA,NA
"2334","733839",NA,NA,NA,NA,NA,NA,NA,NA,NA,NA,NA
"2335","733839",NA,NA,NA,NA,NA,NA,NA,NA,NA,NA,NA
"2336","733839",NA,NA,NA,NA,NA,NA,NA,NA,NA,NA,NA
"2337","757918",NA,NA,NA,NA,NA,NA,NA,NA,NA,NA,NA
"2338","757918",NA,NA,NA,NA,NA,NA,NA,NA,NA,NA,NA
"2339","757918",NA,NA,NA,NA,NA,NA,NA,NA,NA,NA,NA
"2340","757918",NA,NA,NA,NA,NA,NA,NA,NA,NA,NA,NA
"2341","757918",8,"resources/real_fg_memory_images/orig24.jpg","real",NA,NA,NA,NA,NA,NA,NA,NA
"2342","757918",6,"resources/real_fg_memory_images/fg6.jpg","artificial",NA,NA,NA,NA,NA,NA,NA,NA
"2343","757918",6,"resources/real_fg_memory_images/orig26.jpg","real",NA,NA,NA,NA,NA,NA,NA,NA
"2344","757918",5,"resources/real_fg_memory_images/fg11.jpg","artificial",NA,NA,NA,NA,NA,NA,NA,NA
"2345","757918",4,"resources/real_fg_memory_images/fg5.jpg","artificial",NA,NA,NA,NA,NA,NA,NA,NA
"2346","757918",4,"resources/real_fg_memory_images/orig27.jpg","real",NA,NA,NA,NA,NA,NA,NA,NA
"2347","757918",7,"resources/real_fg_memory_images/fg4.jpg","artificial",NA,NA,NA,NA,NA,NA,NA,NA
"2348","757918",7,"resources/real_fg_memory_images/orig32.jpg","real",NA,NA,NA,NA,NA,NA,NA,NA
"2349","757918",4,"resources/real_fg_memory_images/fg15.jpg","artificial",NA,NA,NA,NA,NA,NA,NA,NA
"2350","757918",4,"resources/real_fg_memory_images/orig19.jpg","real",NA,NA,NA,NA,NA,NA,NA,NA
"2351","757918",4,"resources/real_fg_memory_images/fg10.jpg","artificial",NA,NA,NA,NA,NA,NA,NA,NA
"2352","757918",6,"resources/real_fg_memory_images/orig28.jpg","real",NA,NA,NA,NA,NA,NA,NA,NA
"2353","757918",3,"resources/real_fg_memory_images/orig20.jpg","real",NA,NA,NA,NA,NA,NA,NA,NA
"2354","757918",3,"resources/real_fg_memory_images/orig35.jpg","real",NA,NA,NA,NA,NA,NA,NA,NA
"2355","757918",5,"resources/real_fg_memory_images/fg16.jpg","artificial",NA,NA,NA,NA,NA,NA,NA,NA
"2356","757918",5,"resources/real_fg_memory_images/orig33.jpg","real",NA,NA,NA,NA,NA,NA,NA,NA
"2357","757918",6,"resources/real_fg_memory_images/orig30.jpg","real",NA,NA,NA,NA,NA,NA,NA,NA
"2358","757918",2,"resources/real_fg_memory_images/fg3.jpg","artificial",NA,NA,NA,NA,NA,NA,NA,NA
"2359","757918",4,"resources/real_fg_memory_images/fg2.jpg","artificial",NA,NA,NA,NA,NA,NA,NA,NA
"2360","757918",3,"resources/real_fg_memory_images/orig22.jpg","real",NA,NA,NA,NA,NA,NA,NA,NA
"2361","757918",5,"resources/real_fg_memory_images/orig34.jpg","real",NA,NA,NA,NA,NA,NA,NA,NA
"2362","757918",6,"resources/real_fg_memory_images/fg17.jpg","artificial",NA,NA,NA,NA,NA,NA,NA,NA
"2363","757918",3,"resources/real_fg_memory_images/fg12.jpg","artificial",NA,NA,NA,NA,NA,NA,NA,NA
"2364","757918",3,"resources/real_fg_memory_images/orig21.jpg","real",NA,NA,NA,NA,NA,NA,NA,NA
"2365","757918",2,"resources/real_fg_memory_images/orig31.jpg","real",NA,NA,NA,NA,NA,NA,NA,NA
"2366","757918",3,"resources/real_fg_memory_images/fg7.jpg","artificial",NA,NA,NA,NA,NA,NA,NA,NA
"2367","757918",5,"resources/real_fg_memory_images/fg18.jpg","artificial",NA,NA,NA,NA,NA,NA,NA,NA
"2368","757918",6,"resources/real_fg_memory_images/orig25.jpg","real",NA,NA,NA,NA,NA,NA,NA,NA
"2369","757918",4,"resources/real_fg_memory_images/fg9.jpg","artificial",NA,NA,NA,NA,NA,NA,NA,NA
"2370","757918",6,"resources/real_fg_memory_images/fg14.jpg","artificial",NA,NA,NA,NA,NA,NA,NA,NA
"2371","757918",4,"resources/real_fg_memory_images/fg13.jpg","artificial",NA,NA,NA,NA,NA,NA,NA,NA
"2372","757918",4,"resources/real_fg_memory_images/orig29.jpg","real",NA,NA,NA,NA,NA,NA,NA,NA
"2373","757918",3,"resources/real_fg_memory_images/fg8.jpg","artificial",NA,NA,NA,NA,NA,NA,NA,NA
"2374","757918",4,"resources/real_fg_memory_images/orig23.jpg","real",NA,NA,NA,NA,NA,NA,NA,NA
"2375","757918",4,"resources/real_fg_memory_images/orig36.jpg","real",NA,NA,NA,NA,NA,NA,NA,NA
"2376","757918",2,"resources/real_fg_memory_images/fg1.jpg","artificial",NA,NA,NA,NA,NA,NA,NA,NA
"2377","757918",NA,NA,NA,NA,NA,NA,NA,NA,NA,NA,NA
"2378","757918",NA,"resources/real_fg_memory_images/fg7.jpg",NA,"artificial","Neutral",NA,NA,NA,NA,NA,NA
"2379","757918",NA,"resources/real_fg_memory_images/fg4.jpg",NA,"artificial","Scam",NA,NA,NA,NA,NA,NA
"2380","757918",NA,"resources/real_fg_memory_images/orig23.jpg",NA,"real","Scam",NA,NA,NA,NA,NA,NA
"2381","757918",NA,"resources/real_fg_memory_images/orig30.jpg",NA,"real","Neutral",NA,NA,NA,NA,NA,NA
"2382","757918",NA,"resources/real_fg_memory_images/fg2.jpg",NA,"artificial","Scam",NA,NA,NA,NA,NA,NA
"2383","757918",NA,"resources/real_fg_memory_images/orig22.jpg",NA,"real","Scam",NA,NA,NA,NA,NA,NA
"2384","757918",NA,"resources/real_fg_memory_images/fg5.jpg",NA,"artificial","Scam",NA,NA,NA,NA,NA,NA
"2385","757918",NA,"resources/real_fg_memory_images/orig26.jpg",NA,"real","Neutral",NA,NA,NA,NA,NA,NA
"2386","757918",NA,"resources/real_fg_memory_images/orig27.jpg",NA,"real","Neutral",NA,NA,NA,NA,NA,NA
"2387","757918",NA,"resources/real_fg_memory_images/fg10.jpg",NA,"artificial","Neutral",NA,NA,NA,NA,NA,NA
"2388","757918",NA,"resources/real_fg_memory_images/fg1.jpg",NA,"artificial","Scam",NA,NA,NA,NA,NA,NA
"2389","757918",NA,"resources/real_fg_memory_images/fg12.jpg",NA,"artificial","Neutral",NA,NA,NA,NA,NA,NA
"2390","757918",NA,"resources/real_fg_memory_images/orig24.jpg",NA,"real","Scam",NA,NA,NA,NA,NA,NA
"2391","757918",NA,"resources/real_fg_memory_images/fg3.jpg",NA,"artificial","Scam",NA,NA,NA,NA,NA,NA
"2392","757918",NA,"resources/real_fg_memory_images/orig25.jpg",NA,"real","Neutral",NA,NA,NA,NA,NA,NA
"2393","757918",NA,"resources/real_fg_memory_images/orig28.jpg",NA,"real","Neutral",NA,NA,NA,NA,NA,NA
"2394","757918",NA,"resources/real_fg_memory_images/orig19.jpg",NA,"real","Scam",NA,NA,NA,NA,NA,NA
"2395","757918",NA,"resources/real_fg_memory_images/orig21.jpg",NA,"real","Scam",NA,NA,NA,NA,NA,NA
"2396","757918",NA,"resources/real_fg_memory_images/fg9.jpg",NA,"artificial","Neutral",NA,NA,NA,NA,NA,NA
"2397","757918",NA,"resources/real_fg_memory_images/fg6.jpg",NA,"artificial","Scam",NA,NA,NA,NA,NA,NA
"2398","757918",NA,"resources/real_fg_memory_images/orig20.jpg",NA,"real","Scam",NA,NA,NA,NA,NA,NA
"2399","757918",NA,"resources/real_fg_memory_images/fg8.jpg",NA,"artificial","Neutral",NA,NA,NA,NA,NA,NA
"2400","757918",NA,"resources/real_fg_memory_images/orig29.jpg",NA,"real","Neutral",NA,NA,NA,NA,NA,NA
"2401","757918",NA,"resources/real_fg_memory_images/fg11.jpg",NA,"artificial","Neutral",NA,NA,NA,NA,NA,NA
"2402","757918",NA,NA,NA,NA,NA,NA,NA,NA,NA,NA,NA
"2403","757918",NA,"resources/real_fg_memory_images/fg1.jpg",NA,"artificial","Scam","[""scam_button""]","5",NA,NA,NA,NA
"2404","757918",NA,"resources/real_fg_memory_images/orig20.jpg",NA,"real","Scam","[""neutral_button""]","5",NA,NA,NA,NA
"2405","757918",NA,"resources/real_fg_memory_images/orig25.jpg",NA,"real","Neutral","[""neutral_button""]","6",NA,NA,NA,NA
"2406","757918",NA,"resources/real_fg_memory_images/fg9.jpg",NA,"artificial","Neutral","[""neutral_button""]","5",NA,NA,NA,NA
"2407","757918",NA,"resources/real_fg_memory_images/orig24.jpg",NA,"real","Scam","[""scam_button""]","7",NA,NA,NA,NA
"2408","757918",NA,"resources/real_fg_memory_images/fg7.jpg",NA,"artificial","Neutral","[""scam_button""]","7",NA,NA,NA,NA
"2409","757918",NA,"resources/real_fg_memory_images/fg5.jpg",NA,"artificial","Scam","[""scam_button""]","5",NA,NA,NA,NA
"2410","757918",NA,"resources/real_fg_memory_images/fg12.jpg",NA,"artificial","Neutral","[""neutral_button""]","4",NA,NA,NA,NA
"2411","757918",NA,"resources/real_fg_memory_images/orig19.jpg",NA,"real","Scam","[""neutral_button""]","5",NA,NA,NA,NA
"2412","757918",NA,"resources/real_fg_memory_images/orig23.jpg",NA,"real","Scam","[""neutral_button""]","5",NA,NA,NA,NA
"2413","757918",NA,"resources/real_fg_memory_images/fg8.jpg",NA,"artificial","Neutral","[""neutral_button""]","7",NA,NA,NA,NA
"2414","757918",NA,"resources/real_fg_memory_images/orig22.jpg",NA,"real","Scam","[""neutral_button""]","8",NA,NA,NA,NA
"2415","757918",NA,"resources/real_fg_memory_images/fg6.jpg",NA,"artificial","Scam","[""neutral_button""]","5",NA,NA,NA,NA
"2416","757918",NA,"resources/real_fg_memory_images/orig27.jpg",NA,"real","Neutral","[""scam_button""]","8",NA,NA,NA,NA
"2417","757918",NA,"resources/real_fg_memory_images/orig29.jpg",NA,"real","Neutral","[""neutral_button""]","5",NA,NA,NA,NA
"2418","757918",NA,"resources/real_fg_memory_images/fg11.jpg",NA,"artificial","Neutral","[""neutral_button""]","5",NA,NA,NA,NA
"2419","757918",NA,"resources/real_fg_memory_images/orig28.jpg",NA,"real","Neutral","[""neutral_button""]","7",NA,NA,NA,NA
"2420","757918",NA,"resources/real_fg_memory_images/fg2.jpg",NA,"artificial","Scam","[""neutral_button""]","5",NA,NA,NA,NA
"2421","757918",NA,"resources/real_fg_memory_images/orig26.jpg",NA,"real","Neutral","[""neutral_button""]","10",NA,NA,NA,NA
"2422","757918",NA,"resources/real_fg_memory_images/orig30.jpg",NA,"real","Neutral","[""neutral_button""]","5",NA,NA,NA,NA
"2423","757918",NA,"resources/real_fg_memory_images/fg3.jpg",NA,"artificial","Scam","[""scam_button""]","5",NA,NA,NA,NA
"2424","757918",NA,"resources/real_fg_memory_images/fg10.jpg",NA,"artificial","Neutral","[""neutral_button""]","5",NA,NA,NA,NA
"2425","757918",NA,"resources/real_fg_memory_images/orig21.jpg",NA,"real","Scam","[""neutral_button""]","5",NA,NA,NA,NA
"2426","757918",NA,"resources/real_fg_memory_images/fg4.jpg",NA,"artificial","Scam","[""neutral_button""]","5",NA,NA,NA,NA
"2427","757918",NA,NA,NA,NA,NA,NA,NA,NA,NA,NA,NA
"2428","757918",6,"resources/real_fg_memory_images/orig22.jpg","real",NA,NA,NA,NA,NA,NA,NA,NA
"2429","757918",6,"resources/real_fg_memory_images/fg13.jpg","artificial",NA,NA,NA,NA,NA,NA,NA,NA
"2430","757918",6,"resources/real_fg_memory_images/orig23.jpg","real",NA,NA,NA,NA,NA,NA,NA,NA
"2431","757918",4,"resources/real_fg_memory_images/orig27.jpg","real",NA,NA,NA,NA,NA,NA,NA,NA
"2432","757918",5,"resources/real_fg_memory_images/fg9.jpg","artificial",NA,NA,NA,NA,NA,NA,NA,NA
"2433","757918",5,"resources/real_fg_memory_images/fg2.jpg","artificial",NA,NA,NA,NA,NA,NA,NA,NA
"2434","757918",7,"resources/real_fg_memory_images/fg4.jpg","artificial",NA,NA,NA,NA,NA,NA,NA,NA
"2435","757918",6,"resources/real_fg_memory_images/orig24.jpg","real",NA,NA,NA,NA,NA,NA,NA,NA
"2436","757918",5,"resources/real_fg_memory_images/orig34.jpg","real",NA,NA,NA,NA,NA,NA,NA,NA
"2437","757918",5,"resources/real_fg_memory_images/orig20.jpg","real",NA,NA,NA,NA,NA,NA,NA,NA
"2438","757918",3,"resources/real_fg_memory_images/orig31.jpg","real",NA,NA,NA,NA,NA,NA,NA,NA
"2439","757918",5,"resources/real_fg_memory_images/orig19.jpg","real",NA,NA,NA,NA,NA,NA,NA,NA
"2440","757918",4,"resources/real_fg_memory_images/fg12.jpg","artificial",NA,NA,NA,NA,NA,NA,NA,NA
"2441","757918",5,"resources/real_fg_memory_images/orig29.jpg","real",NA,NA,NA,NA,NA,NA,NA,NA
"2442","757918",6,"resources/real_fg_memory_images/fg6.jpg","artificial",NA,NA,NA,NA,NA,NA,NA,NA
"2443","757918",4,"resources/real_fg_memory_images/orig35.jpg","real",NA,NA,NA,NA,NA,NA,NA,NA
"2444","757918",5,"resources/real_fg_memory_images/orig36.jpg","real",NA,NA,NA,NA,NA,NA,NA,NA
"2445","757918",6,"resources/real_fg_memory_images/fg11.jpg","artificial",NA,NA,NA,NA,NA,NA,NA,NA
"2446","757918",4,"resources/real_fg_memory_images/fg1.jpg","artificial",NA,NA,NA,NA,NA,NA,NA,NA
"2447","757918",5,"resources/real_fg_memory_images/fg17.jpg","artificial",NA,NA,NA,NA,NA,NA,NA,NA
"2448","757918",3,"resources/real_fg_memory_images/fg3.jpg","artificial",NA,NA,NA,NA,NA,NA,NA,NA
"2449","757918",4,"resources/real_fg_memory_images/fg15.jpg","artificial",NA,NA,NA,NA,NA,NA,NA,NA
"2450","757918",7,"resources/real_fg_memory_images/orig26.jpg","real",NA,NA,NA,NA,NA,NA,NA,NA
"2451","757918",7,"resources/real_fg_memory_images/orig25.jpg","real",NA,NA,NA,NA,NA,NA,NA,NA
"2452","757918",5,"resources/real_fg_memory_images/fg10.jpg","artificial",NA,NA,NA,NA,NA,NA,NA,NA
"2453","757918",7,"resources/real_fg_memory_images/orig28.jpg","real",NA,NA,NA,NA,NA,NA,NA,NA
"2454","757918",5,"resources/real_fg_memory_images/fg7.jpg","artificial",NA,NA,NA,NA,NA,NA,NA,NA
"2455","757918",6,"resources/real_fg_memory_images/orig30.jpg","real",NA,NA,NA,NA,NA,NA,NA,NA
"2456","757918",7,"resources/real_fg_memory_images/fg14.jpg","artificial",NA,NA,NA,NA,NA,NA,NA,NA
"2457","757918",6,"resources/real_fg_memory_images/orig33.jpg","real",NA,NA,NA,NA,NA,NA,NA,NA
"2458","757918",7,"resources/real_fg_memory_images/fg16.jpg","artificial",NA,NA,NA,NA,NA,NA,NA,NA
"2459","757918",4,"resources/real_fg_memory_images/fg8.jpg","artificial",NA,NA,NA,NA,NA,NA,NA,NA
"2460","757918",6,"resources/real_fg_memory_images/fg18.jpg","artificial",NA,NA,NA,NA,NA,NA,NA,NA
"2461","757918",4,"resources/real_fg_memory_images/fg5.jpg","artificial",NA,NA,NA,NA,NA,NA,NA,NA
"2462","757918",5,"resources/real_fg_memory_images/orig21.jpg","real",NA,NA,NA,NA,NA,NA,NA,NA
"2463","757918",7,"resources/real_fg_memory_images/orig32.jpg","real",NA,NA,NA,NA,NA,NA,NA,NA
"2464","757918",NA,NA,NA,NA,NA,NA,NA,NA,NA,NA,NA
"2465","757918",NA,NA,NA,NA,NA,NA,NA,3,"If something sounds too good to be true, it usually is",NA,NA
"2466","757918",NA,NA,NA,NA,NA,NA,NA,1,"If a telemarketer calls me, I usually listen to what they have to say",NA,NA
"2467","757918",NA,NA,NA,NA,NA,NA,NA,1,"I have difficulty ending a phone call, even if the caller is a telemarketer, someone I do not know, or someone I do not wish to call me",NA,NA
"2468","757918",NA,NA,NA,NA,NA,NA,NA,4,"Persons over the age of 65 are often targeted by con-artists",NA,NA
"2469","757918",NA,NA,NA,NA,NA,NA,NA,1,"I answer the phone whenever it rings, even if I do not know who is calling",NA,NA
"2470","757918",NA,NA,NA,NA,NA,NA,NA,NA,NA,NA,NA
"2471","757918",NA,NA,NA,NA,NA,NA,NA,NA,NA,"[""male_option""]",NA
"2472","757918",NA,NA,NA,NA,NA,NA,NA,NA,NA,NA,68
"2473","757918",NA,NA,NA,NA,NA,NA,NA,NA,NA,NA,NA
"2474","757918",NA,NA,NA,NA,NA,NA,NA,NA,NA,NA,NA
"2475","757918",NA,NA,NA,NA,NA,NA,NA,NA,NA,NA,NA
"2476","757918",NA,NA,NA,NA,NA,NA,NA,NA,NA,NA,NA
"2477","757918",NA,NA,NA,NA,NA,NA,NA,NA,NA,NA,NA
"2478","757918",NA,NA,NA,NA,NA,NA,NA,NA,NA,NA,NA
"2479","757918",NA,NA,NA,NA,NA,NA,NA,NA,NA,NA,NA
"2480","757918",NA,NA,NA,NA,NA,NA,NA,NA,NA,NA,NA
"2481","757918",NA,NA,NA,NA,NA,NA,NA,NA,NA,NA,NA
"2482","757918",NA,NA,NA,NA,NA,NA,NA,NA,NA,NA,NA
"2483","840987",NA,NA,NA,NA,NA,NA,NA,NA,NA,NA,NA
"2484","840987",NA,NA,NA,NA,NA,NA,NA,NA,NA,NA,NA
"2485","840987",NA,NA,NA,NA,NA,NA,NA,NA,NA,NA,NA
"2486","840987",NA,NA,NA,NA,NA,NA,NA,NA,NA,NA,NA
"2487","840987",7,"resources/real_fg_memory_images/fg14.jpg","artificial",NA,NA,NA,NA,NA,NA,NA,NA
"2488","840987",3,"resources/real_fg_memory_images/orig36.jpg","real",NA,NA,NA,NA,NA,NA,NA,NA
"2489","840987",2,"resources/real_fg_memory_images/fg10.jpg","artificial",NA,NA,NA,NA,NA,NA,NA,NA
"2490","840987",4,"resources/real_fg_memory_images/orig26.jpg","real",NA,NA,NA,NA,NA,NA,NA,NA
"2491","840987",4,"resources/real_fg_memory_images/orig35.jpg","real",NA,NA,NA,NA,NA,NA,NA,NA
"2492","840987",7,"resources/real_fg_memory_images/fg11.jpg","artificial",NA,NA,NA,NA,NA,NA,NA,NA
"2493","840987",1,"resources/real_fg_memory_images/fg15.jpg","artificial",NA,NA,NA,NA,NA,NA,NA,NA
"2494","840987",2,"resources/real_fg_memory_images/orig31.jpg","real",NA,NA,NA,NA,NA,NA,NA,NA
"2495","840987",9,"resources/real_fg_memory_images/fg17.jpg","artificial",NA,NA,NA,NA,NA,NA,NA,NA
"2496","840987",4,"resources/real_fg_memory_images/orig27.jpg","real",NA,NA,NA,NA,NA,NA,NA,NA
"2497","840987",8,"resources/real_fg_memory_images/orig23.jpg","real",NA,NA,NA,NA,NA,NA,NA,NA
"2498","840987",6,"resources/real_fg_memory_images/orig20.jpg","real",NA,NA,NA,NA,NA,NA,NA,NA
"2499","840987",1,"resources/real_fg_memory_images/fg3.jpg","artificial",NA,NA,NA,NA,NA,NA,NA,NA
"2500","840987",5,"resources/real_fg_memory_images/fg7.jpg","artificial",NA,NA,NA,NA,NA,NA,NA,NA
"2501","840987",9,"resources/real_fg_memory_images/fg2.jpg","artificial",NA,NA,NA,NA,NA,NA,NA,NA
"2502","840987",9,"resources/real_fg_memory_images/fg4.jpg","artificial",NA,NA,NA,NA,NA,NA,NA,NA
"2503","840987",7,"resources/real_fg_memory_images/orig34.jpg","real",NA,NA,NA,NA,NA,NA,NA,NA
"2504","840987",8,"resources/real_fg_memory_images/fg16.jpg","artificial",NA,NA,NA,NA,NA,NA,NA,NA
"2505","840987",9,"resources/real_fg_memory_images/orig30.jpg","real",NA,NA,NA,NA,NA,NA,NA,NA
"2506","840987",7,"resources/real_fg_memory_images/orig19.jpg","real",NA,NA,NA,NA,NA,NA,NA,NA
"2507","840987",8,"resources/real_fg_memory_images/orig25.jpg","real",NA,NA,NA,NA,NA,NA,NA,NA
"2508","840987",6,"resources/real_fg_memory_images/fg5.jpg","artificial",NA,NA,NA,NA,NA,NA,NA,NA
"2509","840987",7,"resources/real_fg_memory_images/fg12.jpg","artificial",NA,NA,NA,NA,NA,NA,NA,NA
"2510","840987",4,"resources/real_fg_memory_images/orig21.jpg","real",NA,NA,NA,NA,NA,NA,NA,NA
"2511","840987",2,"resources/real_fg_memory_images/fg1.jpg","artificial",NA,NA,NA,NA,NA,NA,NA,NA
"2512","840987",7,"resources/real_fg_memory_images/fg13.jpg","artificial",NA,NA,NA,NA,NA,NA,NA,NA
"2513","840987",8,"resources/real_fg_memory_images/fg18.jpg","artificial",NA,NA,NA,NA,NA,NA,NA,NA
"2514","840987",9,"resources/real_fg_memory_images/orig32.jpg","real",NA,NA,NA,NA,NA,NA,NA,NA
"2515","840987",3,"resources/real_fg_memory_images/fg9.jpg","artificial",NA,NA,NA,NA,NA,NA,NA,NA
"2516","840987",8,"resources/real_fg_memory_images/orig24.jpg","real",NA,NA,NA,NA,NA,NA,NA,NA
"2517","840987",7,"resources/real_fg_memory_images/orig29.jpg","real",NA,NA,NA,NA,NA,NA,NA,NA
"2518","840987",8,"resources/real_fg_memory_images/orig33.jpg","real",NA,NA,NA,NA,NA,NA,NA,NA
"2519","840987",5,"resources/real_fg_memory_images/orig22.jpg","real",NA,NA,NA,NA,NA,NA,NA,NA
"2520","840987",4,"resources/real_fg_memory_images/fg8.jpg","artificial",NA,NA,NA,NA,NA,NA,NA,NA
"2521","840987",7,"resources/real_fg_memory_images/orig28.jpg","real",NA,NA,NA,NA,NA,NA,NA,NA
"2522","840987",5,"resources/real_fg_memory_images/fg6.jpg","artificial",NA,NA,NA,NA,NA,NA,NA,NA
"2523","840987",NA,NA,NA,NA,NA,NA,NA,NA,NA,NA,NA
"2524","840987",NA,"resources/real_fg_memory_images/fg8.jpg",NA,"artificial","Neutral",NA,NA,NA,NA,NA,NA
"2525","840987",NA,"resources/real_fg_memory_images/fg9.jpg",NA,"artificial","Neutral",NA,NA,NA,NA,NA,NA
"2526","840987",NA,"resources/real_fg_memory_images/fg3.jpg",NA,"artificial","Scam",NA,NA,NA,NA,NA,NA
"2527","840987",NA,"resources/real_fg_memory_images/orig24.jpg",NA,"real","Scam",NA,NA,NA,NA,NA,NA
"2528","840987",NA,"resources/real_fg_memory_images/fg10.jpg",NA,"artificial","Neutral",NA,NA,NA,NA,NA,NA
"2529","840987",NA,"resources/real_fg_memory_images/fg12.jpg",NA,"artificial","Neutral",NA,NA,NA,NA,NA,NA
"2530","840987",NA,"resources/real_fg_memory_images/fg5.jpg",NA,"artificial","Scam",NA,NA,NA,NA,NA,NA
"2531","840987",NA,"resources/real_fg_memory_images/orig25.jpg",NA,"real","Neutral",NA,NA,NA,NA,NA,NA
"2532","840987",NA,"resources/real_fg_memory_images/orig30.jpg",NA,"real","Neutral",NA,NA,NA,NA,NA,NA
"2533","840987",NA,"resources/real_fg_memory_images/fg6.jpg",NA,"artificial","Scam",NA,NA,NA,NA,NA,NA
"2534","840987",NA,"resources/real_fg_memory_images/orig27.jpg",NA,"real","Neutral",NA,NA,NA,NA,NA,NA
"2535","840987",NA,"resources/real_fg_memory_images/fg4.jpg",NA,"artificial","Scam",NA,NA,NA,NA,NA,NA
"2536","840987",NA,"resources/real_fg_memory_images/fg1.jpg",NA,"artificial","Scam",NA,NA,NA,NA,NA,NA
"2537","840987",NA,"resources/real_fg_memory_images/orig19.jpg",NA,"real","Scam",NA,NA,NA,NA,NA,NA
"2538","840987",NA,"resources/real_fg_memory_images/fg11.jpg",NA,"artificial","Neutral",NA,NA,NA,NA,NA,NA
"2539","840987",NA,"resources/real_fg_memory_images/orig26.jpg",NA,"real","Neutral",NA,NA,NA,NA,NA,NA
"2540","840987",NA,"resources/real_fg_memory_images/orig28.jpg",NA,"real","Neutral",NA,NA,NA,NA,NA,NA
"2541","840987",NA,"resources/real_fg_memory_images/fg7.jpg",NA,"artificial","Neutral",NA,NA,NA,NA,NA,NA
"2542","840987",NA,"resources/real_fg_memory_images/fg2.jpg",NA,"artificial","Scam",NA,NA,NA,NA,NA,NA
"2543","840987",NA,"resources/real_fg_memory_images/orig29.jpg",NA,"real","Neutral",NA,NA,NA,NA,NA,NA
"2544","840987",NA,"resources/real_fg_memory_images/orig20.jpg",NA,"real","Scam",NA,NA,NA,NA,NA,NA
"2545","840987",NA,"resources/real_fg_memory_images/orig21.jpg",NA,"real","Scam",NA,NA,NA,NA,NA,NA
"2546","840987",NA,"resources/real_fg_memory_images/orig23.jpg",NA,"real","Scam",NA,NA,NA,NA,NA,NA
"2547","840987",NA,"resources/real_fg_memory_images/orig22.jpg",NA,"real","Scam",NA,NA,NA,NA,NA,NA
"2548","840987",NA,NA,NA,NA,NA,NA,NA,NA,NA,NA,NA
"2549","840987",NA,"resources/real_fg_memory_images/orig28.jpg",NA,"real","Neutral","[""neutral_button""]","9",NA,NA,NA,NA
"2550","840987",NA,"resources/real_fg_memory_images/fg11.jpg",NA,"artificial","Neutral","[""neutral_button""]","4",NA,NA,NA,NA
"2551","840987",NA,"resources/real_fg_memory_images/fg12.jpg",NA,"artificial","Neutral","[""scam_button""]","6",NA,NA,NA,NA
"2552","840987",NA,"resources/real_fg_memory_images/fg1.jpg",NA,"artificial","Scam","[""scam_button""]","5",NA,NA,NA,NA
"2553","840987",NA,"resources/real_fg_memory_images/orig26.jpg",NA,"real","Neutral","[""neutral_button""]","8",NA,NA,NA,NA
"2554","840987",NA,"resources/real_fg_memory_images/orig29.jpg",NA,"real","Neutral","[""scam_button""]","7",NA,NA,NA,NA
"2555","840987",NA,"resources/real_fg_memory_images/fg4.jpg",NA,"artificial","Scam","[""scam_button""]","9",NA,NA,NA,NA
"2556","840987",NA,"resources/real_fg_memory_images/fg2.jpg",NA,"artificial","Scam","[""neutral_button""]","6",NA,NA,NA,NA
"2557","840987",NA,"resources/real_fg_memory_images/orig22.jpg",NA,"real","Scam","[""scam_button""]","7",NA,NA,NA,NA
"2558","840987",NA,"resources/real_fg_memory_images/orig30.jpg",NA,"real","Neutral","[""neutral_button""]","5",NA,NA,NA,NA
"2559","840987",NA,"resources/real_fg_memory_images/fg8.jpg",NA,"artificial","Neutral","[""neutral_button""]","8",NA,NA,NA,NA
"2560","840987",NA,"resources/real_fg_memory_images/orig25.jpg",NA,"real","Neutral","[""neutral_button""]","7",NA,NA,NA,NA
"2561","840987",NA,"resources/real_fg_memory_images/fg10.jpg",NA,"artificial","Neutral","[""neutral_button""]","3",NA,NA,NA,NA
"2562","840987",NA,"resources/real_fg_memory_images/fg6.jpg",NA,"artificial","Scam","[""neutral_button""]","5",NA,NA,NA,NA
"2563","840987",NA,"resources/real_fg_memory_images/fg9.jpg",NA,"artificial","Neutral","[""neutral_button""]","4",NA,NA,NA,NA
"2564","840987",NA,"resources/real_fg_memory_images/orig20.jpg",NA,"real","Scam","[""scam_button""]","9",NA,NA,NA,NA
"2565","840987",NA,"resources/real_fg_memory_images/orig24.jpg",NA,"real","Scam","[""scam_button""]","6",NA,NA,NA,NA
"2566","840987",NA,"resources/real_fg_memory_images/fg5.jpg",NA,"artificial","Scam","[""scam_button""]","3",NA,NA,NA,NA
"2567","840987",NA,"resources/real_fg_memory_images/orig27.jpg",NA,"real","Neutral","[""neutral_button""]","9",NA,NA,NA,NA
"2568","840987",NA,"resources/real_fg_memory_images/orig23.jpg",NA,"real","Scam","[""scam_button""]","6",NA,NA,NA,NA
"2569","840987",NA,"resources/real_fg_memory_images/orig19.jpg",NA,"real","Scam","[""neutral_button""]","1",NA,NA,NA,NA
"2570","840987",NA,"resources/real_fg_memory_images/fg3.jpg",NA,"artificial","Scam","[""scam_button""]","9",NA,NA,NA,NA
"2571","840987",NA,"resources/real_fg_memory_images/fg7.jpg",NA,"artificial","Neutral","[""neutral_button""]","5",NA,NA,NA,NA
"2572","840987",NA,"resources/real_fg_memory_images/orig21.jpg",NA,"real","Scam","[""neutral_button""]","4",NA,NA,NA,NA
"2573","840987",NA,NA,NA,NA,NA,NA,NA,NA,NA,NA,NA
"2574","840987",7,"resources/real_fg_memory_images/orig33.jpg","real",NA,NA,NA,NA,NA,NA,NA,NA
"2575","840987",6,"resources/real_fg_memory_images/fg6.jpg","artificial",NA,NA,NA,NA,NA,NA,NA,NA
"2576","840987",8,"resources/real_fg_memory_images/fg18.jpg","artificial",NA,NA,NA,NA,NA,NA,NA,NA
"2577","840987",4,"resources/real_fg_memory_images/orig27.jpg","real",NA,NA,NA,NA,NA,NA,NA,NA
"2578","840987",5,"resources/real_fg_memory_images/fg10.jpg","artificial",NA,NA,NA,NA,NA,NA,NA,NA
"2579","840987",6,"resources/real_fg_memory_images/orig24.jpg","real",NA,NA,NA,NA,NA,NA,NA,NA
"2580","840987",8,"resources/real_fg_memory_images/orig34.jpg","real",NA,NA,NA,NA,NA,NA,NA,NA
"2581","840987",4,"resources/real_fg_memory_images/orig26.jpg","real",NA,NA,NA,NA,NA,NA,NA,NA
"2582","840987",1,"resources/real_fg_memory_images/orig31.jpg","real",NA,NA,NA,NA,NA,NA,NA,NA
"2583","840987",8,"resources/real_fg_memory_images/fg2.jpg","artificial",NA,NA,NA,NA,NA,NA,NA,NA
"2584","840987",9,"resources/real_fg_memory_images/orig32.jpg","real",NA,NA,NA,NA,NA,NA,NA,NA
"2585","840987",3,"resources/real_fg_memory_images/fg7.jpg","artificial",NA,NA,NA,NA,NA,NA,NA,NA
"2586","840987",7,"resources/real_fg_memory_images/fg16.jpg","artificial",NA,NA,NA,NA,NA,NA,NA,NA
"2587","840987",8,"resources/real_fg_memory_images/fg11.jpg","artificial",NA,NA,NA,NA,NA,NA,NA,NA
"2588","840987",3,"resources/real_fg_memory_images/fg1.jpg","artificial",NA,NA,NA,NA,NA,NA,NA,NA
"2589","840987",2,"resources/real_fg_memory_images/fg8.jpg","artificial",NA,NA,NA,NA,NA,NA,NA,NA
"2590","840987",8,"resources/real_fg_memory_images/orig28.jpg","real",NA,NA,NA,NA,NA,NA,NA,NA
"2591","840987",8,"resources/real_fg_memory_images/fg14.jpg","artificial",NA,NA,NA,NA,NA,NA,NA,NA
"2592","840987",5,"resources/real_fg_memory_images/fg5.jpg","artificial",NA,NA,NA,NA,NA,NA,NA,NA
"2593","840987",4,"resources/real_fg_memory_images/orig36.jpg","real",NA,NA,NA,NA,NA,NA,NA,NA
"2594","840987",4,"resources/real_fg_memory_images/fg12.jpg","artificial",NA,NA,NA,NA,NA,NA,NA,NA
"2595","840987",6,"resources/real_fg_memory_images/orig23.jpg","real",NA,NA,NA,NA,NA,NA,NA,NA
"2596","840987",2,"resources/real_fg_memory_images/orig22.jpg","real",NA,NA,NA,NA,NA,NA,NA,NA
"2597","840987",9,"resources/real_fg_memory_images/fg4.jpg","artificial",NA,NA,NA,NA,NA,NA,NA,NA
"2598","840987",7,"resources/real_fg_memory_images/fg13.jpg","artificial",NA,NA,NA,NA,NA,NA,NA,NA
"2599","840987",1,"resources/real_fg_memory_images/orig20.jpg","real",NA,NA,NA,NA,NA,NA,NA,NA
"2600","840987",2,"resources/real_fg_memory_images/fg3.jpg","artificial",NA,NA,NA,NA,NA,NA,NA,NA
"2601","840987",5,"resources/real_fg_memory_images/orig25.jpg","real",NA,NA,NA,NA,NA,NA,NA,NA
"2602","840987",6,"resources/real_fg_memory_images/orig19.jpg","real",NA,NA,NA,NA,NA,NA,NA,NA
"2603","840987",7,"resources/real_fg_memory_images/orig30.jpg","real",NA,NA,NA,NA,NA,NA,NA,NA
"2604","840987",7,"resources/real_fg_memory_images/fg15.jpg","artificial",NA,NA,NA,NA,NA,NA,NA,NA
"2605","840987",4,"resources/real_fg_memory_images/fg9.jpg","artificial",NA,NA,NA,NA,NA,NA,NA,NA
"2606","840987",9,"resources/real_fg_memory_images/orig29.jpg","real",NA,NA,NA,NA,NA,NA,NA,NA
"2607","840987",8,"resources/real_fg_memory_images/fg17.jpg","artificial",NA,NA,NA,NA,NA,NA,NA,NA
"2608","840987",8,"resources/real_fg_memory_images/orig21.jpg","real",NA,NA,NA,NA,NA,NA,NA,NA
"2609","840987",5,"resources/real_fg_memory_images/orig35.jpg","real",NA,NA,NA,NA,NA,NA,NA,NA
"2610","840987",NA,NA,NA,NA,NA,NA,NA,NA,NA,NA,NA
"2611","840987",NA,NA,NA,NA,NA,NA,NA,4,"If something sounds too good to be true, it usually is",NA,NA
"2612","840987",NA,NA,NA,NA,NA,NA,NA,5,"Persons over the age of 65 are often targeted by con-artists",NA,NA
"2613","840987",NA,NA,NA,NA,NA,NA,NA,2,"If a telemarketer calls me, I usually listen to what they have to say",NA,NA
"2614","840987",NA,NA,NA,NA,NA,NA,NA,2,"I have difficulty ending a phone call, even if the caller is a telemarketer, someone I do not know, or someone I do not wish to call me",NA,NA
"2615","840987",NA,NA,NA,NA,NA,NA,NA,2,"I answer the phone whenever it rings, even if I do not know who is calling",NA,NA
"2616","840987",NA,NA,NA,NA,NA,NA,NA,NA,NA,NA,NA
"2617","840987",NA,NA,NA,NA,NA,NA,NA,NA,NA,"[""female_option""]",NA
"2618","840987",NA,NA,NA,NA,NA,NA,NA,NA,NA,NA,66
"2619","840987",NA,NA,NA,NA,NA,NA,NA,NA,NA,NA,NA
"2620","840987",NA,NA,NA,NA,NA,NA,NA,NA,NA,NA,NA
"2621","840987",NA,NA,NA,NA,NA,NA,NA,NA,NA,NA,NA
"2622","840987",NA,NA,NA,NA,NA,NA,NA,NA,NA,NA,NA
"2623","840987",NA,NA,NA,NA,NA,NA,NA,NA,NA,NA,NA
"2624","840987",NA,NA,NA,NA,NA,NA,NA,NA,NA,NA,NA
"2625","840987",NA,NA,NA,NA,NA,NA,NA,NA,NA,NA,NA
"2626","840987",NA,NA,NA,NA,NA,NA,NA,NA,NA,NA,NA
"2627","840987",NA,NA,NA,NA,NA,NA,NA,NA,NA,NA,NA
"2628","840987",NA,NA,NA,NA,NA,NA,NA,NA,NA,NA,NA
"2629","864771",NA,NA,NA,NA,NA,NA,NA,NA,NA,NA,NA
"2630","864771",NA,NA,NA,NA,NA,NA,NA,NA,NA,NA,NA
"2631","864771",NA,NA,NA,NA,NA,NA,NA,NA,NA,NA,NA
"2632","864771",NA,NA,NA,NA,NA,NA,NA,NA,NA,NA,NA
"2633","864771",5,"resources/real_fg_memory_images/orig23.jpg","real",NA,NA,NA,NA,NA,NA,NA,NA
"2634","864771",5,"resources/real_fg_memory_images/orig22.jpg","real",NA,NA,NA,NA,NA,NA,NA,NA
"2635","864771",6,"resources/real_fg_memory_images/orig20.jpg","real",NA,NA,NA,NA,NA,NA,NA,NA
"2636","864771",4,"resources/real_fg_memory_images/fg13.jpg","artificial",NA,NA,NA,NA,NA,NA,NA,NA
"2637","864771",4,"resources/real_fg_memory_images/fg5.jpg","artificial",NA,NA,NA,NA,NA,NA,NA,NA
"2638","864771",6,"resources/real_fg_memory_images/fg15.jpg","artificial",NA,NA,NA,NA,NA,NA,NA,NA
"2639","864771",5,"resources/real_fg_memory_images/fg17.jpg","artificial",NA,NA,NA,NA,NA,NA,NA,NA
"2640","864771",7,"resources/real_fg_memory_images/orig24.jpg","real",NA,NA,NA,NA,NA,NA,NA,NA
"2641","864771",5,"resources/real_fg_memory_images/fg11.jpg","artificial",NA,NA,NA,NA,NA,NA,NA,NA
"2642","864771",5,"resources/real_fg_memory_images/fg14.jpg","artificial",NA,NA,NA,NA,NA,NA,NA,NA
"2643","864771",5,"resources/real_fg_memory_images/orig33.jpg","real",NA,NA,NA,NA,NA,NA,NA,NA
"2644","864771",5,"resources/real_fg_memory_images/fg8.jpg","artificial",NA,NA,NA,NA,NA,NA,NA,NA
"2645","864771",5,"resources/real_fg_memory_images/orig27.jpg","real",NA,NA,NA,NA,NA,NA,NA,NA
"2646","864771",4,"resources/real_fg_memory_images/fg7.jpg","artificial",NA,NA,NA,NA,NA,NA,NA,NA
"2647","864771",6,"resources/real_fg_memory_images/orig30.jpg","real",NA,NA,NA,NA,NA,NA,NA,NA
"2648","864771",5,"resources/real_fg_memory_images/orig29.jpg","real",NA,NA,NA,NA,NA,NA,NA,NA
"2649","864771",5,"resources/real_fg_memory_images/orig36.jpg","real",NA,NA,NA,NA,NA,NA,NA,NA
"2650","864771",5,"resources/real_fg_memory_images/fg6.jpg","artificial",NA,NA,NA,NA,NA,NA,NA,NA
"2651","864771",7,"resources/real_fg_memory_images/orig31.jpg","real",NA,NA,NA,NA,NA,NA,NA,NA
"2652","864771",4,"resources/real_fg_memory_images/fg4.jpg","artificial",NA,NA,NA,NA,NA,NA,NA,NA
"2653","864771",5,"resources/real_fg_memory_images/orig32.jpg","real",NA,NA,NA,NA,NA,NA,NA,NA
"2654","864771",5,"resources/real_fg_memory_images/orig21.jpg","real",NA,NA,NA,NA,NA,NA,NA,NA
"2655","864771",6,"resources/real_fg_memory_images/orig25.jpg","real",NA,NA,NA,NA,NA,NA,NA,NA
"2656","864771",5,"resources/real_fg_memory_images/orig28.jpg","real",NA,NA,NA,NA,NA,NA,NA,NA
"2657","864771",5,"resources/real_fg_memory_images/fg18.jpg","artificial",NA,NA,NA,NA,NA,NA,NA,NA
"2658","864771",5,"resources/real_fg_memory_images/fg9.jpg","artificial",NA,NA,NA,NA,NA,NA,NA,NA
"2659","864771",4,"resources/real_fg_memory_images/fg2.jpg","artificial",NA,NA,NA,NA,NA,NA,NA,NA
"2660","864771",5,"resources/real_fg_memory_images/orig19.jpg","real",NA,NA,NA,NA,NA,NA,NA,NA
"2661","864771",4,"resources/real_fg_memory_images/orig35.jpg","real",NA,NA,NA,NA,NA,NA,NA,NA
"2662","864771",7,"resources/real_fg_memory_images/orig26.jpg","real",NA,NA,NA,NA,NA,NA,NA,NA
"2663","864771",5,"resources/real_fg_memory_images/fg1.jpg","artificial",NA,NA,NA,NA,NA,NA,NA,NA
"2664","864771",5,"resources/real_fg_memory_images/orig34.jpg","real",NA,NA,NA,NA,NA,NA,NA,NA
"2665","864771",4,"resources/real_fg_memory_images/fg12.jpg","artificial",NA,NA,NA,NA,NA,NA,NA,NA
"2666","864771",5,"resources/real_fg_memory_images/fg16.jpg","artificial",NA,NA,NA,NA,NA,NA,NA,NA
"2667","864771",5,"resources/real_fg_memory_images/fg10.jpg","artificial",NA,NA,NA,NA,NA,NA,NA,NA
"2668","864771",4,"resources/real_fg_memory_images/fg3.jpg","artificial",NA,NA,NA,NA,NA,NA,NA,NA
"2669","864771",NA,NA,NA,NA,NA,NA,NA,NA,NA,NA,NA
"2670","864771",NA,"resources/real_fg_memory_images/fg4.jpg",NA,"artificial","Scam",NA,NA,NA,NA,NA,NA
"2671","864771",NA,"resources/real_fg_memory_images/fg2.jpg",NA,"artificial","Scam",NA,NA,NA,NA,NA,NA
"2672","864771",NA,"resources/real_fg_memory_images/fg8.jpg",NA,"artificial","Neutral",NA,NA,NA,NA,NA,NA
"2673","864771",NA,"resources/real_fg_memory_images/fg10.jpg",NA,"artificial","Neutral",NA,NA,NA,NA,NA,NA
"2674","864771",NA,"resources/real_fg_memory_images/orig26.jpg",NA,"real","Neutral",NA,NA,NA,NA,NA,NA
"2675","864771",NA,"resources/real_fg_memory_images/orig22.jpg",NA,"real","Scam",NA,NA,NA,NA,NA,NA
"2676","864771",NA,"resources/real_fg_memory_images/orig30.jpg",NA,"real","Neutral",NA,NA,NA,NA,NA,NA
"2677","864771",NA,"resources/real_fg_memory_images/orig28.jpg",NA,"real","Neutral",NA,NA,NA,NA,NA,NA
"2678","864771",NA,"resources/real_fg_memory_images/orig24.jpg",NA,"real","Scam",NA,NA,NA,NA,NA,NA
"2679","864771",NA,"resources/real_fg_memory_images/orig20.jpg",NA,"real","Scam",NA,NA,NA,NA,NA,NA
"2680","864771",NA,"resources/real_fg_memory_images/fg11.jpg",NA,"artificial","Neutral",NA,NA,NA,NA,NA,NA
"2681","864771",NA,"resources/real_fg_memory_images/orig25.jpg",NA,"real","Neutral",NA,NA,NA,NA,NA,NA
"2682","864771",NA,"resources/real_fg_memory_images/fg12.jpg",NA,"artificial","Neutral",NA,NA,NA,NA,NA,NA
"2683","864771",NA,"resources/real_fg_memory_images/fg5.jpg",NA,"artificial","Scam",NA,NA,NA,NA,NA,NA
"2684","864771",NA,"resources/real_fg_memory_images/orig19.jpg",NA,"real","Scam",NA,NA,NA,NA,NA,NA
"2685","864771",NA,"resources/real_fg_memory_images/fg3.jpg",NA,"artificial","Scam",NA,NA,NA,NA,NA,NA
"2686","864771",NA,"resources/real_fg_memory_images/fg6.jpg",NA,"artificial","Scam",NA,NA,NA,NA,NA,NA
"2687","864771",NA,"resources/real_fg_memory_images/fg1.jpg",NA,"artificial","Scam",NA,NA,NA,NA,NA,NA
"2688","864771",NA,"resources/real_fg_memory_images/orig27.jpg",NA,"real","Neutral",NA,NA,NA,NA,NA,NA
"2689","864771",NA,"resources/real_fg_memory_images/fg7.jpg",NA,"artificial","Neutral",NA,NA,NA,NA,NA,NA
"2690","864771",NA,"resources/real_fg_memory_images/orig23.jpg",NA,"real","Scam",NA,NA,NA,NA,NA,NA
"2691","864771",NA,"resources/real_fg_memory_images/orig21.jpg",NA,"real","Scam",NA,NA,NA,NA,NA,NA
"2692","864771",NA,"resources/real_fg_memory_images/orig29.jpg",NA,"real","Neutral",NA,NA,NA,NA,NA,NA
"2693","864771",NA,"resources/real_fg_memory_images/fg9.jpg",NA,"artificial","Neutral",NA,NA,NA,NA,NA,NA
"2694","864771",NA,NA,NA,NA,NA,NA,NA,NA,NA,NA,NA
"2695","864771",NA,"resources/real_fg_memory_images/orig22.jpg",NA,"real","Scam","[""neutral_button""]","0",NA,NA,NA,NA
"2696","864771",NA,"resources/real_fg_memory_images/fg8.jpg",NA,"artificial","Neutral","[""scam_button""]","5",NA,NA,NA,NA
"2697","864771",NA,"resources/real_fg_memory_images/orig30.jpg",NA,"real","Neutral","[""neutral_button""]","8",NA,NA,NA,NA
"2698","864771",NA,"resources/real_fg_memory_images/orig27.jpg",NA,"real","Neutral","[""neutral_button""]","8",NA,NA,NA,NA
"2699","864771",NA,"resources/real_fg_memory_images/fg11.jpg",NA,"artificial","Neutral","[""neutral_button""]","8",NA,NA,NA,NA
"2700","864771",NA,"resources/real_fg_memory_images/orig20.jpg",NA,"real","Scam","[""scam_button""]","8",NA,NA,NA,NA
"2701","864771",NA,"resources/real_fg_memory_images/orig29.jpg",NA,"real","Neutral","[""neutral_button""]","5",NA,NA,NA,NA
"2702","864771",NA,"resources/real_fg_memory_images/fg3.jpg",NA,"artificial","Scam","[""scam_button""]","5",NA,NA,NA,NA
"2703","864771",NA,"resources/real_fg_memory_images/orig26.jpg",NA,"real","Neutral","[""neutral_button""]","5",NA,NA,NA,NA
"2704","864771",NA,"resources/real_fg_memory_images/fg5.jpg",NA,"artificial","Scam","[""neutral_button""]","5",NA,NA,NA,NA
"2705","864771",NA,"resources/real_fg_memory_images/fg7.jpg",NA,"artificial","Neutral","[""neutral_button""]","5",NA,NA,NA,NA
"2706","864771",NA,"resources/real_fg_memory_images/orig25.jpg",NA,"real","Neutral","[""neutral_button""]","5",NA,NA,NA,NA
"2707","864771",NA,"resources/real_fg_memory_images/fg12.jpg",NA,"artificial","Neutral","[""neutral_button""]","5",NA,NA,NA,NA
"2708","864771",NA,"resources/real_fg_memory_images/fg10.jpg",NA,"artificial","Neutral","[""neutral_button""]","5",NA,NA,NA,NA
"2709","864771",NA,"resources/real_fg_memory_images/fg1.jpg",NA,"artificial","Scam","[""scam_button""]","4",NA,NA,NA,NA
"2710","864771",NA,"resources/real_fg_memory_images/orig24.jpg",NA,"real","Scam","[""neutral_button""]","5",NA,NA,NA,NA
"2711","864771",NA,"resources/real_fg_memory_images/fg4.jpg",NA,"artificial","Scam","[""neutral_button""]","5",NA,NA,NA,NA
"2712","864771",NA,"resources/real_fg_memory_images/orig21.jpg",NA,"real","Scam","[""neutral_button""]","5",NA,NA,NA,NA
"2713","864771",NA,"resources/real_fg_memory_images/fg6.jpg",NA,"artificial","Scam","[""neutral_button""]","3",NA,NA,NA,NA
"2714","864771",NA,"resources/real_fg_memory_images/fg2.jpg",NA,"artificial","Scam","[""neutral_button""]","9",NA,NA,NA,NA
"2715","864771",NA,"resources/real_fg_memory_images/fg9.jpg",NA,"artificial","Neutral","[""scam_button""]","9",NA,NA,NA,NA
"2716","864771",NA,"resources/real_fg_memory_images/orig28.jpg",NA,"real","Neutral","[""scam_button""]","3",NA,NA,NA,NA
"2717","864771",NA,"resources/real_fg_memory_images/orig23.jpg",NA,"real","Scam","[""scam_button""]","7",NA,NA,NA,NA
"2718","864771",NA,"resources/real_fg_memory_images/orig19.jpg",NA,"real","Scam","[""scam_button""]","6",NA,NA,NA,NA
"2719","864771",NA,NA,NA,NA,NA,NA,NA,NA,NA,NA,NA
"2720","864771",10,"resources/real_fg_memory_images/orig26.jpg","real",NA,NA,NA,NA,NA,NA,NA,NA
"2721","864771",1,"resources/real_fg_memory_images/orig21.jpg","real",NA,NA,NA,NA,NA,NA,NA,NA
"2722","864771",10,"resources/real_fg_memory_images/orig28.jpg","real",NA,NA,NA,NA,NA,NA,NA,NA
"2723","864771",1,"resources/real_fg_memory_images/orig36.jpg","real",NA,NA,NA,NA,NA,NA,NA,NA
"2724","864771",10,"resources/real_fg_memory_images/orig29.jpg","real",NA,NA,NA,NA,NA,NA,NA,NA
"2725","864771",8,"resources/real_fg_memory_images/orig34.jpg","real",NA,NA,NA,NA,NA,NA,NA,NA
"2726","864771",8,"resources/real_fg_memory_images/orig30.jpg","real",NA,NA,NA,NA,NA,NA,NA,NA
"2727","864771",1,"resources/real_fg_memory_images/fg5.jpg","artificial",NA,NA,NA,NA,NA,NA,NA,NA
"2728","864771",5,"resources/real_fg_memory_images/fg2.jpg","artificial",NA,NA,NA,NA,NA,NA,NA,NA
"2729","864771",7,"resources/real_fg_memory_images/orig19.jpg","real",NA,NA,NA,NA,NA,NA,NA,NA
"2730","864771",2,"resources/real_fg_memory_images/fg1.jpg","artificial",NA,NA,NA,NA,NA,NA,NA,NA
"2731","864771",9,"resources/real_fg_memory_images/fg11.jpg","artificial",NA,NA,NA,NA,NA,NA,NA,NA
"2732","864771",6,"resources/real_fg_memory_images/fg9.jpg","artificial",NA,NA,NA,NA,NA,NA,NA,NA
"2733","864771",8,"resources/real_fg_memory_images/fg14.jpg","artificial",NA,NA,NA,NA,NA,NA,NA,NA
"2734","864771",8,"resources/real_fg_memory_images/fg6.jpg","artificial",NA,NA,NA,NA,NA,NA,NA,NA
"2735","864771",1,"resources/real_fg_memory_images/orig33.jpg","real",NA,NA,NA,NA,NA,NA,NA,NA
"2736","864771",3,"resources/real_fg_memory_images/orig20.jpg","real",NA,NA,NA,NA,NA,NA,NA,NA
"2737","864771",2,"resources/real_fg_memory_images/fg12.jpg","artificial",NA,NA,NA,NA,NA,NA,NA,NA
"2738","864771",3,"resources/real_fg_memory_images/fg13.jpg","artificial",NA,NA,NA,NA,NA,NA,NA,NA
"2739","864771",8,"resources/real_fg_memory_images/orig32.jpg","real",NA,NA,NA,NA,NA,NA,NA,NA
"2740","864771",10,"resources/real_fg_memory_images/fg16.jpg","artificial",NA,NA,NA,NA,NA,NA,NA,NA
"2741","864771",4,"resources/real_fg_memory_images/fg8.jpg","artificial",NA,NA,NA,NA,NA,NA,NA,NA
"2742","864771",10,"resources/real_fg_memory_images/orig31.jpg","real",NA,NA,NA,NA,NA,NA,NA,NA
"2743","864771",5,"resources/real_fg_memory_images/orig27.jpg","real",NA,NA,NA,NA,NA,NA,NA,NA
"2744","864771",1,"resources/real_fg_memory_images/orig24.jpg","real",NA,NA,NA,NA,NA,NA,NA,NA
"2745","864771",9,"resources/real_fg_memory_images/orig22.jpg","real",NA,NA,NA,NA,NA,NA,NA,NA
"2746","864771",7,"resources/real_fg_memory_images/orig25.jpg","real",NA,NA,NA,NA,NA,NA,NA,NA
"2747","864771",8,"resources/real_fg_memory_images/fg15.jpg","artificial",NA,NA,NA,NA,NA,NA,NA,NA
"2748","864771",8,"resources/real_fg_memory_images/fg7.jpg","artificial",NA,NA,NA,NA,NA,NA,NA,NA
"2749","864771",2,"resources/real_fg_memory_images/orig23.jpg","real",NA,NA,NA,NA,NA,NA,NA,NA
"2750","864771",1,"resources/real_fg_memory_images/fg18.jpg","artificial",NA,NA,NA,NA,NA,NA,NA,NA
"2751","864771",1,"resources/real_fg_memory_images/fg4.jpg","artificial",NA,NA,NA,NA,NA,NA,NA,NA
"2752","864771",0,"resources/real_fg_memory_images/fg3.jpg","artificial",NA,NA,NA,NA,NA,NA,NA,NA
"2753","864771",7,"resources/real_fg_memory_images/fg17.jpg","artificial",NA,NA,NA,NA,NA,NA,NA,NA
"2754","864771",9,"resources/real_fg_memory_images/orig35.jpg","real",NA,NA,NA,NA,NA,NA,NA,NA
"2755","864771",8,"resources/real_fg_memory_images/fg10.jpg","artificial",NA,NA,NA,NA,NA,NA,NA,NA
"2756","864771",NA,NA,NA,NA,NA,NA,NA,NA,NA,NA,NA
"2757","864771",NA,NA,NA,NA,NA,NA,NA,3,"If a telemarketer calls me, I usually listen to what they have to say",NA,NA
"2758","864771",NA,NA,NA,NA,NA,NA,NA,5,"I answer the phone whenever it rings, even if I do not know who is calling",NA,NA
"2759","864771",NA,NA,NA,NA,NA,NA,NA,5,"I have difficulty ending a phone call, even if the caller is a telemarketer, someone I do not know, or someone I do not wish to call me",NA,NA
"2760","864771",NA,NA,NA,NA,NA,NA,NA,5,"Persons over the age of 65 are often targeted by con-artists",NA,NA
"2761","864771",NA,NA,NA,NA,NA,NA,NA,5,"If something sounds too good to be true, it usually is",NA,NA
"2762","864771",NA,NA,NA,NA,NA,NA,NA,NA,NA,NA,NA
"2763","864771",NA,NA,NA,NA,NA,NA,NA,NA,NA,"[""male_option""]",NA
"2764","864771",NA,NA,NA,NA,NA,NA,NA,NA,NA,NA,66
"2765","864771",NA,NA,NA,NA,NA,NA,NA,NA,NA,NA,NA
"2766","864771",NA,NA,NA,NA,NA,NA,NA,NA,NA,NA,NA
"2767","864771",NA,NA,NA,NA,NA,NA,NA,NA,NA,NA,NA
"2768","864771",NA,NA,NA,NA,NA,NA,NA,NA,NA,NA,NA
"2769","864771",NA,NA,NA,NA,NA,NA,NA,NA,NA,NA,NA
"2770","864771",NA,NA,NA,NA,NA,NA,NA,NA,NA,NA,NA
"2771","864771",NA,NA,NA,NA,NA,NA,NA,NA,NA,NA,NA
"2772","864771",NA,NA,NA,NA,NA,NA,NA,NA,NA,NA,NA
"2773","864771",NA,NA,NA,NA,NA,NA,NA,NA,NA,NA,NA
"2774","864771",NA,NA,NA,NA,NA,NA,NA,NA,NA,NA,NA
"2775","877791",NA,NA,NA,NA,NA,NA,NA,NA,NA,NA,NA
"2776","877791",NA,NA,NA,NA,NA,NA,NA,NA,NA,NA,NA
"2777","877791",NA,NA,NA,NA,NA,NA,NA,NA,NA,NA,NA
"2778","877791",NA,NA,NA,NA,NA,NA,NA,NA,NA,NA,NA
"2779","877791",5,"resources/real_fg_memory_images/orig35.jpg","real",NA,NA,NA,NA,NA,NA,NA,NA
"2780","877791",5,"resources/real_fg_memory_images/orig21.jpg","real",NA,NA,NA,NA,NA,NA,NA,NA
"2781","877791",6,"resources/real_fg_memory_images/orig28.jpg","real",NA,NA,NA,NA,NA,NA,NA,NA
"2782","877791",7,"resources/real_fg_memory_images/orig19.jpg","real",NA,NA,NA,NA,NA,NA,NA,NA
"2783","877791",3,"resources/real_fg_memory_images/orig27.jpg","real",NA,NA,NA,NA,NA,NA,NA,NA
"2784","877791",4,"resources/real_fg_memory_images/fg1.jpg","artificial",NA,NA,NA,NA,NA,NA,NA,NA
"2785","877791",7,"resources/real_fg_memory_images/orig34.jpg","real",NA,NA,NA,NA,NA,NA,NA,NA
"2786","877791",6,"resources/real_fg_memory_images/fg17.jpg","artificial",NA,NA,NA,NA,NA,NA,NA,NA
"2787","877791",4,"resources/real_fg_memory_images/orig31.jpg","real",NA,NA,NA,NA,NA,NA,NA,NA
"2788","877791",6,"resources/real_fg_memory_images/fg15.jpg","artificial",NA,NA,NA,NA,NA,NA,NA,NA
"2789","877791",5,"resources/real_fg_memory_images/orig20.jpg","real",NA,NA,NA,NA,NA,NA,NA,NA
"2790","877791",6,"resources/real_fg_memory_images/fg6.jpg","artificial",NA,NA,NA,NA,NA,NA,NA,NA
"2791","877791",7,"resources/real_fg_memory_images/fg18.jpg","artificial",NA,NA,NA,NA,NA,NA,NA,NA
"2792","877791",5,"resources/real_fg_memory_images/orig25.jpg","real",NA,NA,NA,NA,NA,NA,NA,NA
"2793","877791",4,"resources/real_fg_memory_images/fg10.jpg","artificial",NA,NA,NA,NA,NA,NA,NA,NA
"2794","877791",5,"resources/real_fg_memory_images/fg3.jpg","artificial",NA,NA,NA,NA,NA,NA,NA,NA
"2795","877791",5,"resources/real_fg_memory_images/orig23.jpg","real",NA,NA,NA,NA,NA,NA,NA,NA
"2796","877791",5,"resources/real_fg_memory_images/fg9.jpg","artificial",NA,NA,NA,NA,NA,NA,NA,NA
"2797","877791",7,"resources/real_fg_memory_images/orig33.jpg","real",NA,NA,NA,NA,NA,NA,NA,NA
"2798","877791",66,"resources/real_fg_memory_images/fg2.jpg","artificial",NA,NA,NA,NA,NA,NA,NA,NA
"2799","877791",6,"resources/real_fg_memory_images/orig26.jpg","real",NA,NA,NA,NA,NA,NA,NA,NA
"2800","877791",7,"resources/real_fg_memory_images/orig32.jpg","real",NA,NA,NA,NA,NA,NA,NA,NA
"2801","877791",6,"resources/real_fg_memory_images/orig22.jpg","real",NA,NA,NA,NA,NA,NA,NA,NA
"2802","877791",7,"resources/real_fg_memory_images/fg14.jpg","artificial",NA,NA,NA,NA,NA,NA,NA,NA
"2803","877791",7,"resources/real_fg_memory_images/fg16.jpg","artificial",NA,NA,NA,NA,NA,NA,NA,NA
"2804","877791",6,"resources/real_fg_memory_images/fg11.jpg","artificial",NA,NA,NA,NA,NA,NA,NA,NA
"2805","877791",5,"resources/real_fg_memory_images/fg8.jpg","artificial",NA,NA,NA,NA,NA,NA,NA,NA
"2806","877791",6,"resources/real_fg_memory_images/fg12.jpg","artificial",NA,NA,NA,NA,NA,NA,NA,NA
"2807","877791",4,"resources/real_fg_memory_images/fg5.jpg","artificial",NA,NA,NA,NA,NA,NA,NA,NA
"2808","877791",6,"resources/real_fg_memory_images/orig29.jpg","real",NA,NA,NA,NA,NA,NA,NA,NA
"2809","877791",5,"resources/real_fg_memory_images/fg7.jpg","artificial",NA,NA,NA,NA,NA,NA,NA,NA
"2810","877791",5,"resources/real_fg_memory_images/fg13.jpg","artificial",NA,NA,NA,NA,NA,NA,NA,NA
"2811","877791",6,"resources/real_fg_memory_images/orig36.jpg","real",NA,NA,NA,NA,NA,NA,NA,NA
"2812","877791",6,"resources/real_fg_memory_images/orig30.jpg","real",NA,NA,NA,NA,NA,NA,NA,NA
"2813","877791",5,"resources/real_fg_memory_images/fg4.jpg","artificial",NA,NA,NA,NA,NA,NA,NA,NA
"2814","877791",5,"resources/real_fg_memory_images/orig24.jpg","real",NA,NA,NA,NA,NA,NA,NA,NA
"2815","877791",NA,NA,NA,NA,NA,NA,NA,NA,NA,NA,NA
"2816","877791",NA,"resources/real_fg_memory_images/orig21.jpg",NA,"real","Scam",NA,NA,NA,NA,NA,NA
"2817","877791",NA,"resources/real_fg_memory_images/fg6.jpg",NA,"artificial","Scam",NA,NA,NA,NA,NA,NA
"2818","877791",NA,"resources/real_fg_memory_images/orig23.jpg",NA,"real","Scam",NA,NA,NA,NA,NA,NA
"2819","877791",NA,"resources/real_fg_memory_images/fg8.jpg",NA,"artificial","Neutral",NA,NA,NA,NA,NA,NA
"2820","877791",NA,"resources/real_fg_memory_images/fg5.jpg",NA,"artificial","Scam",NA,NA,NA,NA,NA,NA
"2821","877791",NA,"resources/real_fg_memory_images/orig20.jpg",NA,"real","Scam",NA,NA,NA,NA,NA,NA
"2822","877791",NA,"resources/real_fg_memory_images/orig27.jpg",NA,"real","Neutral",NA,NA,NA,NA,NA,NA
"2823","877791",NA,"resources/real_fg_memory_images/fg11.jpg",NA,"artificial","Neutral",NA,NA,NA,NA,NA,NA
"2824","877791",NA,"resources/real_fg_memory_images/fg10.jpg",NA,"artificial","Neutral",NA,NA,NA,NA,NA,NA
"2825","877791",NA,"resources/real_fg_memory_images/fg12.jpg",NA,"artificial","Neutral",NA,NA,NA,NA,NA,NA
"2826","877791",NA,"resources/real_fg_memory_images/orig22.jpg",NA,"real","Scam",NA,NA,NA,NA,NA,NA
"2827","877791",NA,"resources/real_fg_memory_images/fg2.jpg",NA,"artificial","Scam",NA,NA,NA,NA,NA,NA
"2828","877791",NA,"resources/real_fg_memory_images/orig29.jpg",NA,"real","Neutral",NA,NA,NA,NA,NA,NA
"2829","877791",NA,"resources/real_fg_memory_images/fg9.jpg",NA,"artificial","Neutral",NA,NA,NA,NA,NA,NA
"2830","877791",NA,"resources/real_fg_memory_images/orig25.jpg",NA,"real","Neutral",NA,NA,NA,NA,NA,NA
"2831","877791",NA,"resources/real_fg_memory_images/orig30.jpg",NA,"real","Neutral",NA,NA,NA,NA,NA,NA
"2832","877791",NA,"resources/real_fg_memory_images/fg3.jpg",NA,"artificial","Scam",NA,NA,NA,NA,NA,NA
"2833","877791",NA,"resources/real_fg_memory_images/orig26.jpg",NA,"real","Neutral",NA,NA,NA,NA,NA,NA
"2834","877791",NA,"resources/real_fg_memory_images/fg1.jpg",NA,"artificial","Scam",NA,NA,NA,NA,NA,NA
"2835","877791",NA,"resources/real_fg_memory_images/fg4.jpg",NA,"artificial","Scam",NA,NA,NA,NA,NA,NA
"2836","877791",NA,"resources/real_fg_memory_images/orig19.jpg",NA,"real","Scam",NA,NA,NA,NA,NA,NA
"2837","877791",NA,"resources/real_fg_memory_images/orig28.jpg",NA,"real","Neutral",NA,NA,NA,NA,NA,NA
"2838","877791",NA,"resources/real_fg_memory_images/orig24.jpg",NA,"real","Scam",NA,NA,NA,NA,NA,NA
"2839","877791",NA,"resources/real_fg_memory_images/fg7.jpg",NA,"artificial","Neutral",NA,NA,NA,NA,NA,NA
"2840","877791",NA,NA,NA,NA,NA,NA,NA,NA,NA,NA,NA
"2841","877791",NA,"resources/real_fg_memory_images/fg7.jpg",NA,"artificial","Neutral","[""scam_button""]","6",NA,NA,NA,NA
"2842","877791",NA,"resources/real_fg_memory_images/orig22.jpg",NA,"real","Scam","[""scam_button""]","10",NA,NA,NA,NA
"2843","877791",NA,"resources/real_fg_memory_images/orig30.jpg",NA,"real","Neutral","[""neutral_button""]","9",NA,NA,NA,NA
"2844","877791",NA,"resources/real_fg_memory_images/orig24.jpg",NA,"real","Scam","[""neutral_button""]","10",NA,NA,NA,NA
"2845","877791",NA,"resources/real_fg_memory_images/fg4.jpg",NA,"artificial","Scam","[""scam_button""]","5",NA,NA,NA,NA
"2846","877791",NA,"resources/real_fg_memory_images/fg9.jpg",NA,"artificial","Neutral","[""neutral_button""]","8",NA,NA,NA,NA
"2847","877791",NA,"resources/real_fg_memory_images/fg2.jpg",NA,"artificial","Scam","[""scam_button""]","5",NA,NA,NA,NA
"2848","877791",NA,"resources/real_fg_memory_images/orig29.jpg",NA,"real","Neutral","[""scam_button""]","7",NA,NA,NA,NA
"2849","877791",NA,"resources/real_fg_memory_images/fg3.jpg",NA,"artificial","Scam","[""scam_button""]","10",NA,NA,NA,NA
"2850","877791",NA,"resources/real_fg_memory_images/fg1.jpg",NA,"artificial","Scam","[""neutral_button""]","8",NA,NA,NA,NA
"2851","877791",NA,"resources/real_fg_memory_images/orig27.jpg",NA,"real","Neutral","[""neutral_button""]","10",NA,NA,NA,NA
"2852","877791",NA,"resources/real_fg_memory_images/fg5.jpg",NA,"artificial","Scam","[""scam_button""]","4",NA,NA,NA,NA
"2853","877791",NA,"resources/real_fg_memory_images/fg12.jpg",NA,"artificial","Neutral","[""neutral_button""]","5",NA,NA,NA,NA
"2854","877791",NA,"resources/real_fg_memory_images/orig21.jpg",NA,"real","Scam","[""scam_button""]","8",NA,NA,NA,NA
"2855","877791",NA,"resources/real_fg_memory_images/orig19.jpg",NA,"real","Scam","[""scam_button""]","8",NA,NA,NA,NA
"2856","877791",NA,"resources/real_fg_memory_images/fg6.jpg",NA,"artificial","Scam","[""neutral_button""]","8",NA,NA,NA,NA
"2857","877791",NA,"resources/real_fg_memory_images/orig20.jpg",NA,"real","Scam","[""scam_button""]","5",NA,NA,NA,NA
"2858","877791",NA,"resources/real_fg_memory_images/fg8.jpg",NA,"artificial","Neutral","[""neutral_button""]","8",NA,NA,NA,NA
"2859","877791",NA,"resources/real_fg_memory_images/orig28.jpg",NA,"real","Neutral","[""neutral_button""]","10",NA,NA,NA,NA
"2860","877791",NA,"resources/real_fg_memory_images/orig25.jpg",NA,"real","Neutral","[""scam_button""]","1",NA,NA,NA,NA
"2861","877791",NA,"resources/real_fg_memory_images/fg10.jpg",NA,"artificial","Neutral","[""neutral_button""]","4",NA,NA,NA,NA
"2862","877791",NA,"resources/real_fg_memory_images/fg11.jpg",NA,"artificial","Neutral","[""scam_button""]","3",NA,NA,NA,NA
"2863","877791",NA,"resources/real_fg_memory_images/orig23.jpg",NA,"real","Scam","[""scam_button""]","10",NA,NA,NA,NA
"2864","877791",NA,"resources/real_fg_memory_images/orig26.jpg",NA,"real","Neutral","[""neutral_button""]","10",NA,NA,NA,NA
"2865","877791",NA,NA,NA,NA,NA,NA,NA,NA,NA,NA,NA
"2866","877791",3,"resources/real_fg_memory_images/orig25.jpg","real",NA,NA,NA,NA,NA,NA,NA,NA
"2867","877791",4,"resources/real_fg_memory_images/fg11.jpg","artificial",NA,NA,NA,NA,NA,NA,NA,NA
"2868","877791",5,"resources/real_fg_memory_images/orig31.jpg","real",NA,NA,NA,NA,NA,NA,NA,NA
"2869","877791",5,"resources/real_fg_memory_images/orig30.jpg","real",NA,NA,NA,NA,NA,NA,NA,NA
"2870","877791",5,"resources/real_fg_memory_images/fg8.jpg","artificial",NA,NA,NA,NA,NA,NA,NA,NA
"2871","877791",5,"resources/real_fg_memory_images/orig27.jpg","real",NA,NA,NA,NA,NA,NA,NA,NA
"2872","877791",7,"resources/real_fg_memory_images/orig32.jpg","real",NA,NA,NA,NA,NA,NA,NA,NA
"2873","877791",4,"resources/real_fg_memory_images/orig21.jpg","real",NA,NA,NA,NA,NA,NA,NA,NA
"2874","877791",6,"resources/real_fg_memory_images/fg16.jpg","artificial",NA,NA,NA,NA,NA,NA,NA,NA
"2875","877791",2,"resources/real_fg_memory_images/fg18.jpg","artificial",NA,NA,NA,NA,NA,NA,NA,NA
"2876","877791",6,"resources/real_fg_memory_images/orig22.jpg","real",NA,NA,NA,NA,NA,NA,NA,NA
"2877","877791",3,"resources/real_fg_memory_images/fg17.jpg","artificial",NA,NA,NA,NA,NA,NA,NA,NA
"2878","877791",6,"resources/real_fg_memory_images/orig28.jpg","real",NA,NA,NA,NA,NA,NA,NA,NA
"2879","877791",5,"resources/real_fg_memory_images/orig24.jpg","real",NA,NA,NA,NA,NA,NA,NA,NA
"2880","877791",3,"resources/real_fg_memory_images/orig33.jpg","real",NA,NA,NA,NA,NA,NA,NA,NA
"2881","877791",4,"resources/real_fg_memory_images/orig20.jpg","real",NA,NA,NA,NA,NA,NA,NA,NA
"2882","877791",2,"resources/real_fg_memory_images/orig23.jpg","real",NA,NA,NA,NA,NA,NA,NA,NA
"2883","877791",6,"resources/real_fg_memory_images/orig35.jpg","real",NA,NA,NA,NA,NA,NA,NA,NA
"2884","877791",6,"resources/real_fg_memory_images/orig36.jpg","real",NA,NA,NA,NA,NA,NA,NA,NA
"2885","877791",7,"resources/real_fg_memory_images/fg1.jpg","artificial",NA,NA,NA,NA,NA,NA,NA,NA
"2886","877791",4,"resources/real_fg_memory_images/orig29.jpg","real",NA,NA,NA,NA,NA,NA,NA,NA
"2887","877791",6,"resources/real_fg_memory_images/orig26.jpg","real",NA,NA,NA,NA,NA,NA,NA,NA
"2888","877791",4,"resources/real_fg_memory_images/fg4.jpg","artificial",NA,NA,NA,NA,NA,NA,NA,NA
"2889","877791",3,"resources/real_fg_memory_images/orig34.jpg","real",NA,NA,NA,NA,NA,NA,NA,NA
"2890","877791",4,"resources/real_fg_memory_images/fg9.jpg","artificial",NA,NA,NA,NA,NA,NA,NA,NA
"2891","877791",4,"resources/real_fg_memory_images/fg15.jpg","artificial",NA,NA,NA,NA,NA,NA,NA,NA
"2892","877791",6,"resources/real_fg_memory_images/fg7.jpg","artificial",NA,NA,NA,NA,NA,NA,NA,NA
"2893","877791",2,"resources/real_fg_memory_images/fg3.jpg","artificial",NA,NA,NA,NA,NA,NA,NA,NA
"2894","877791",5,"resources/real_fg_memory_images/fg10.jpg","artificial",NA,NA,NA,NA,NA,NA,NA,NA
"2895","877791",5,"resources/real_fg_memory_images/orig19.jpg","real",NA,NA,NA,NA,NA,NA,NA,NA
"2896","877791",6,"resources/real_fg_memory_images/fg6.jpg","artificial",NA,NA,NA,NA,NA,NA,NA,NA
"2897","877791",5,"resources/real_fg_memory_images/fg13.jpg","artificial",NA,NA,NA,NA,NA,NA,NA,NA
"2898","877791",5,"resources/real_fg_memory_images/fg5.jpg","artificial",NA,NA,NA,NA,NA,NA,NA,NA
"2899","877791",6,"resources/real_fg_memory_images/fg12.jpg","artificial",NA,NA,NA,NA,NA,NA,NA,NA
"2900","877791",5,"resources/real_fg_memory_images/fg2.jpg","artificial",NA,NA,NA,NA,NA,NA,NA,NA
"2901","877791",6,"resources/real_fg_memory_images/fg14.jpg","artificial",NA,NA,NA,NA,NA,NA,NA,NA
"2902","877791",NA,NA,NA,NA,NA,NA,NA,NA,NA,NA,NA
"2903","877791",NA,NA,NA,NA,NA,NA,NA,2,"I have difficulty ending a phone call, even if the caller is a telemarketer, someone I do not know, or someone I do not wish to call me",NA,NA
"2904","877791",NA,NA,NA,NA,NA,NA,NA,1,"If a telemarketer calls me, I usually listen to what they have to say",NA,NA
"2905","877791",NA,NA,NA,NA,NA,NA,NA,2,"I answer the phone whenever it rings, even if I do not know who is calling",NA,NA
"2906","877791",NA,NA,NA,NA,NA,NA,NA,4,"Persons over the age of 65 are often targeted by con-artists",NA,NA
"2907","877791",NA,NA,NA,NA,NA,NA,NA,5,"If something sounds too good to be true, it usually is",NA,NA
"2908","877791",NA,NA,NA,NA,NA,NA,NA,NA,NA,NA,NA
"2909","877791",NA,NA,NA,NA,NA,NA,NA,NA,NA,"[""female_option""]",NA
"2910","877791",NA,NA,NA,NA,NA,NA,NA,NA,NA,NA,57
"2911","877791",NA,NA,NA,NA,NA,NA,NA,NA,NA,NA,NA
"2912","877791",NA,NA,NA,NA,NA,NA,NA,NA,NA,NA,NA
"2913","877791",NA,NA,NA,NA,NA,NA,NA,NA,NA,NA,NA
"2914","877791",NA,NA,NA,NA,NA,NA,NA,NA,NA,NA,NA
"2915","877791",NA,NA,NA,NA,NA,NA,NA,NA,NA,NA,NA
"2916","877791",NA,NA,NA,NA,NA,NA,NA,NA,NA,NA,NA
"2917","877791",NA,NA,NA,NA,NA,NA,NA,NA,NA,NA,NA
"2918","877791",NA,NA,NA,NA,NA,NA,NA,NA,NA,NA,NA
"2919","877791",NA,NA,NA,NA,NA,NA,NA,NA,NA,NA,NA
"2920","877791",NA,NA,NA,NA,NA,NA,NA,NA,NA,NA,NA
"2921","895545",NA,NA,NA,NA,NA,NA,NA,NA,NA,NA,NA
"2922","895545",NA,NA,NA,NA,NA,NA,NA,NA,NA,NA,NA
"2923","895545",NA,NA,NA,NA,NA,NA,NA,NA,NA,NA,NA
"2924","895545",NA,NA,NA,NA,NA,NA,NA,NA,NA,NA,NA
"2925","895545",6,"resources/real_fg_memory_images/orig30.jpg","real",NA,NA,NA,NA,NA,NA,NA,NA
"2926","895545",7,"resources/real_fg_memory_images/orig34.jpg","real",NA,NA,NA,NA,NA,NA,NA,NA
"2927","895545",3,"resources/real_fg_memory_images/fg18.jpg","artificial",NA,NA,NA,NA,NA,NA,NA,NA
"2928","895545",4,"resources/real_fg_memory_images/orig23.jpg","real",NA,NA,NA,NA,NA,NA,NA,NA
"2929","895545",2,"resources/real_fg_memory_images/fg2.jpg","artificial",NA,NA,NA,NA,NA,NA,NA,NA
"2930","895545",4,"resources/real_fg_memory_images/orig36.jpg","real",NA,NA,NA,NA,NA,NA,NA,NA
"2931","895545",2,"resources/real_fg_memory_images/fg5.jpg","artificial",NA,NA,NA,NA,NA,NA,NA,NA
"2932","895545",4,"resources/real_fg_memory_images/orig27.jpg","real",NA,NA,NA,NA,NA,NA,NA,NA
"2933","895545",3,"resources/real_fg_memory_images/fg3.jpg","artificial",NA,NA,NA,NA,NA,NA,NA,NA
"2934","895545",2,"resources/real_fg_memory_images/fg1.jpg","artificial",NA,NA,NA,NA,NA,NA,NA,NA
"2935","895545",7,"resources/real_fg_memory_images/fg15.jpg","artificial",NA,NA,NA,NA,NA,NA,NA,NA
"2936","895545",8,"resources/real_fg_memory_images/fg17.jpg","artificial",NA,NA,NA,NA,NA,NA,NA,NA
"2937","895545",6,"resources/real_fg_memory_images/orig22.jpg","real",NA,NA,NA,NA,NA,NA,NA,NA
"2938","895545",2,"resources/real_fg_memory_images/fg12.jpg","artificial",NA,NA,NA,NA,NA,NA,NA,NA
"2939","895545",5,"resources/real_fg_memory_images/fg14.jpg","artificial",NA,NA,NA,NA,NA,NA,NA,NA
"2940","895545",7,"resources/real_fg_memory_images/orig26.jpg","real",NA,NA,NA,NA,NA,NA,NA,NA
"2941","895545",1,"resources/real_fg_memory_images/fg8.jpg","artificial",NA,NA,NA,NA,NA,NA,NA,NA
"2942","895545",8,"resources/real_fg_memory_images/orig19.jpg","real",NA,NA,NA,NA,NA,NA,NA,NA
"2943","895545",7,"resources/real_fg_memory_images/orig25.jpg","real",NA,NA,NA,NA,NA,NA,NA,NA
"2944","895545",6,"resources/real_fg_memory_images/fg7.jpg","artificial",NA,NA,NA,NA,NA,NA,NA,NA
"2945","895545",3,"resources/real_fg_memory_images/fg9.jpg","artificial",NA,NA,NA,NA,NA,NA,NA,NA
"2946","895545",5,"resources/real_fg_memory_images/fg13.jpg","artificial",NA,NA,NA,NA,NA,NA,NA,NA
"2947","895545",9,"resources/real_fg_memory_images/orig28.jpg","real",NA,NA,NA,NA,NA,NA,NA,NA
"2948","895545",3,"resources/real_fg_memory_images/orig35.jpg","real",NA,NA,NA,NA,NA,NA,NA,NA
"2949","895545",6,"resources/real_fg_memory_images/orig24.jpg","real",NA,NA,NA,NA,NA,NA,NA,NA
"2950","895545",4,"resources/real_fg_memory_images/fg6.jpg","artificial",NA,NA,NA,NA,NA,NA,NA,NA
"2951","895545",7,"resources/real_fg_memory_images/orig29.jpg","real",NA,NA,NA,NA,NA,NA,NA,NA
"2952","895545",2,"resources/real_fg_memory_images/orig21.jpg","real",NA,NA,NA,NA,NA,NA,NA,NA
"2953","895545",3,"resources/real_fg_memory_images/orig33.jpg","real",NA,NA,NA,NA,NA,NA,NA,NA
"2954","895545",9,"resources/real_fg_memory_images/fg16.jpg","artificial",NA,NA,NA,NA,NA,NA,NA,NA
"2955","895545",6,"resources/real_fg_memory_images/fg10.jpg","artificial",NA,NA,NA,NA,NA,NA,NA,NA
"2956","895545",7,"resources/real_fg_memory_images/fg11.jpg","artificial",NA,NA,NA,NA,NA,NA,NA,NA
"2957","895545",6,"resources/real_fg_memory_images/orig20.jpg","real",NA,NA,NA,NA,NA,NA,NA,NA
"2958","895545",8,"resources/real_fg_memory_images/orig32.jpg","real",NA,NA,NA,NA,NA,NA,NA,NA
"2959","895545",3,"resources/real_fg_memory_images/orig31.jpg","real",NA,NA,NA,NA,NA,NA,NA,NA
"2960","895545",4,"resources/real_fg_memory_images/fg4.jpg","artificial",NA,NA,NA,NA,NA,NA,NA,NA
"2961","895545",NA,NA,NA,NA,NA,NA,NA,NA,NA,NA,NA
"2962","895545",NA,"resources/real_fg_memory_images/fg11.jpg",NA,"artificial","Neutral",NA,NA,NA,NA,NA,NA
"2963","895545",NA,"resources/real_fg_memory_images/orig29.jpg",NA,"real","Neutral",NA,NA,NA,NA,NA,NA
"2964","895545",NA,"resources/real_fg_memory_images/orig28.jpg",NA,"real","Neutral",NA,NA,NA,NA,NA,NA
"2965","895545",NA,"resources/real_fg_memory_images/orig20.jpg",NA,"real","Scam",NA,NA,NA,NA,NA,NA
"2966","895545",NA,"resources/real_fg_memory_images/fg1.jpg",NA,"artificial","Scam",NA,NA,NA,NA,NA,NA
"2967","895545",NA,"resources/real_fg_memory_images/fg7.jpg",NA,"artificial","Neutral",NA,NA,NA,NA,NA,NA
"2968","895545",NA,"resources/real_fg_memory_images/orig19.jpg",NA,"real","Scam",NA,NA,NA,NA,NA,NA
"2969","895545",NA,"resources/real_fg_memory_images/fg10.jpg",NA,"artificial","Neutral",NA,NA,NA,NA,NA,NA
"2970","895545",NA,"resources/real_fg_memory_images/fg3.jpg",NA,"artificial","Scam",NA,NA,NA,NA,NA,NA
"2971","895545",NA,"resources/real_fg_memory_images/orig22.jpg",NA,"real","Scam",NA,NA,NA,NA,NA,NA
"2972","895545",NA,"resources/real_fg_memory_images/fg4.jpg",NA,"artificial","Scam",NA,NA,NA,NA,NA,NA
"2973","895545",NA,"resources/real_fg_memory_images/fg6.jpg",NA,"artificial","Scam",NA,NA,NA,NA,NA,NA
"2974","895545",NA,"resources/real_fg_memory_images/orig25.jpg",NA,"real","Neutral",NA,NA,NA,NA,NA,NA
"2975","895545",NA,"resources/real_fg_memory_images/orig26.jpg",NA,"real","Neutral",NA,NA,NA,NA,NA,NA
"2976","895545",NA,"resources/real_fg_memory_images/fg2.jpg",NA,"artificial","Scam",NA,NA,NA,NA,NA,NA
"2977","895545",NA,"resources/real_fg_memory_images/fg9.jpg",NA,"artificial","Neutral",NA,NA,NA,NA,NA,NA
"2978","895545",NA,"resources/real_fg_memory_images/orig24.jpg",NA,"real","Scam",NA,NA,NA,NA,NA,NA
"2979","895545",NA,"resources/real_fg_memory_images/fg12.jpg",NA,"artificial","Neutral",NA,NA,NA,NA,NA,NA
"2980","895545",NA,"resources/real_fg_memory_images/orig23.jpg",NA,"real","Scam",NA,NA,NA,NA,NA,NA
"2981","895545",NA,"resources/real_fg_memory_images/orig21.jpg",NA,"real","Scam",NA,NA,NA,NA,NA,NA
"2982","895545",NA,"resources/real_fg_memory_images/fg5.jpg",NA,"artificial","Scam",NA,NA,NA,NA,NA,NA
"2983","895545",NA,"resources/real_fg_memory_images/fg8.jpg",NA,"artificial","Neutral",NA,NA,NA,NA,NA,NA
"2984","895545",NA,"resources/real_fg_memory_images/orig27.jpg",NA,"real","Neutral",NA,NA,NA,NA,NA,NA
"2985","895545",NA,"resources/real_fg_memory_images/orig30.jpg",NA,"real","Neutral",NA,NA,NA,NA,NA,NA
"2986","895545",NA,NA,NA,NA,NA,NA,NA,NA,NA,NA,NA
"2987","895545",NA,"resources/real_fg_memory_images/fg11.jpg",NA,"artificial","Neutral","[""neutral_button""]","5",NA,NA,NA,NA
"2988","895545",NA,"resources/real_fg_memory_images/fg7.jpg",NA,"artificial","Neutral","[""neutral_button""]","5",NA,NA,NA,NA
"2989","895545",NA,"resources/real_fg_memory_images/orig28.jpg",NA,"real","Neutral","[""neutral_button""]","7",NA,NA,NA,NA
"2990","895545",NA,"resources/real_fg_memory_images/orig21.jpg",NA,"real","Scam","[""scam_button""]","5",NA,NA,NA,NA
"2991","895545",NA,"resources/real_fg_memory_images/orig19.jpg",NA,"real","Scam","[""scam_button""]","5",NA,NA,NA,NA
"2992","895545",NA,"resources/real_fg_memory_images/orig22.jpg",NA,"real","Scam","[""scam_button""]","7",NA,NA,NA,NA
"2993","895545",NA,"resources/real_fg_memory_images/orig27.jpg",NA,"real","Neutral","[""neutral_button""]","7",NA,NA,NA,NA
"2994","895545",NA,"resources/real_fg_memory_images/fg3.jpg",NA,"artificial","Scam","[""scam_button""]","8",NA,NA,NA,NA
"2995","895545",NA,"resources/real_fg_memory_images/fg10.jpg",NA,"artificial","Neutral","[""neutral_button""]","5",NA,NA,NA,NA
"2996","895545",NA,"resources/real_fg_memory_images/fg1.jpg",NA,"artificial","Scam","[""scam_button""]","7",NA,NA,NA,NA
"2997","895545",NA,"resources/real_fg_memory_images/fg9.jpg",NA,"artificial","Neutral","[""neutral_button""]","5",NA,NA,NA,NA
"2998","895545",NA,"resources/real_fg_memory_images/fg12.jpg",NA,"artificial","Neutral","[""neutral_button""]","6",NA,NA,NA,NA
"2999","895545",NA,"resources/real_fg_memory_images/fg4.jpg",NA,"artificial","Scam","[""neutral_button""]","5",NA,NA,NA,NA
"3000","895545",NA,"resources/real_fg_memory_images/orig26.jpg",NA,"real","Neutral","[""neutral_button""]","5",NA,NA,NA,NA
"3001","895545",NA,"resources/real_fg_memory_images/orig23.jpg",NA,"real","Scam","[""neutral_button""]","5",NA,NA,NA,NA
"3002","895545",NA,"resources/real_fg_memory_images/fg6.jpg",NA,"artificial","Scam","[""scam_button""]","6",NA,NA,NA,NA
"3003","895545",NA,"resources/real_fg_memory_images/fg5.jpg",NA,"artificial","Scam","[""neutral_button""]","5",NA,NA,NA,NA
"3004","895545",NA,"resources/real_fg_memory_images/orig25.jpg",NA,"real","Neutral","[""scam_button""]","6",NA,NA,NA,NA
"3005","895545",NA,"resources/real_fg_memory_images/orig30.jpg",NA,"real","Neutral","[""scam_button""]","6",NA,NA,NA,NA
"3006","895545",NA,"resources/real_fg_memory_images/orig29.jpg",NA,"real","Neutral","[""neutral_button""]","5",NA,NA,NA,NA
"3007","895545",NA,"resources/real_fg_memory_images/fg8.jpg",NA,"artificial","Neutral","[""scam_button""]","5",NA,NA,NA,NA
"3008","895545",NA,"resources/real_fg_memory_images/orig20.jpg",NA,"real","Scam","[""scam_button""]","7",NA,NA,NA,NA
"3009","895545",NA,"resources/real_fg_memory_images/fg2.jpg",NA,"artificial","Scam","[""neutral_button""]","5",NA,NA,NA,NA
"3010","895545",NA,"resources/real_fg_memory_images/orig24.jpg",NA,"real","Scam","[""scam_button""]","8",NA,NA,NA,NA
"3011","895545",NA,NA,NA,NA,NA,NA,NA,NA,NA,NA,NA
"3012","895545",4,"resources/real_fg_memory_images/fg9.jpg","artificial",NA,NA,NA,NA,NA,NA,NA,NA
"3013","895545",5,"resources/real_fg_memory_images/orig27.jpg","real",NA,NA,NA,NA,NA,NA,NA,NA
"3014","895545",8,"resources/real_fg_memory_images/orig32.jpg","real",NA,NA,NA,NA,NA,NA,NA,NA
"3015","895545",2,"resources/real_fg_memory_images/fg8.jpg","artificial",NA,NA,NA,NA,NA,NA,NA,NA
"3016","895545",4,"resources/real_fg_memory_images/orig25.jpg","real",NA,NA,NA,NA,NA,NA,NA,NA
"3017","895545",2,"resources/real_fg_memory_images/orig21.jpg","real",NA,NA,NA,NA,NA,NA,NA,NA
"3018","895545",3,"resources/real_fg_memory_images/orig33.jpg","real",NA,NA,NA,NA,NA,NA,NA,NA
"3019","895545",6,"resources/real_fg_memory_images/orig22.jpg","real",NA,NA,NA,NA,NA,NA,NA,NA
"3020","895545",6,"resources/real_fg_memory_images/orig19.jpg","real",NA,NA,NA,NA,NA,NA,NA,NA
"3021","895545",5,"resources/real_fg_memory_images/fg12.jpg","artificial",NA,NA,NA,NA,NA,NA,NA,NA
"3022","895545",2,"resources/real_fg_memory_images/fg13.jpg","artificial",NA,NA,NA,NA,NA,NA,NA,NA
"3023","895545",6,"resources/real_fg_memory_images/orig23.jpg","real",NA,NA,NA,NA,NA,NA,NA,NA
"3024","895545",8,"resources/real_fg_memory_images/orig28.jpg","real",NA,NA,NA,NA,NA,NA,NA,NA
"3025","895545",7,"resources/real_fg_memory_images/orig29.jpg","real",NA,NA,NA,NA,NA,NA,NA,NA
"3026","895545",1,"resources/real_fg_memory_images/fg1.jpg","artificial",NA,NA,NA,NA,NA,NA,NA,NA
"3027","895545",6,"resources/real_fg_memory_images/fg6.jpg","artificial",NA,NA,NA,NA,NA,NA,NA,NA
"3028","895545",5,"resources/real_fg_memory_images/orig20.jpg","real",NA,NA,NA,NA,NA,NA,NA,NA
"3029","895545",4,"resources/real_fg_memory_images/fg4.jpg","artificial",NA,NA,NA,NA,NA,NA,NA,NA
"3030","895545",4,"resources/real_fg_memory_images/fg5.jpg","artificial",NA,NA,NA,NA,NA,NA,NA,NA
"3031","895545",6,"resources/real_fg_memory_images/orig31.jpg","real",NA,NA,NA,NA,NA,NA,NA,NA
"3032","895545",8,"resources/real_fg_memory_images/orig36.jpg","real",NA,NA,NA,NA,NA,NA,NA,NA
"3033","895545",7,"resources/real_fg_memory_images/fg17.jpg","artificial",NA,NA,NA,NA,NA,NA,NA,NA
"3034","895545",7,"resources/real_fg_memory_images/fg10.jpg","artificial",NA,NA,NA,NA,NA,NA,NA,NA
"3035","895545",7,"resources/real_fg_memory_images/fg18.jpg","artificial",NA,NA,NA,NA,NA,NA,NA,NA
"3036","895545",8,"resources/real_fg_memory_images/fg16.jpg","artificial",NA,NA,NA,NA,NA,NA,NA,NA
"3037","895545",1,"resources/real_fg_memory_images/fg3.jpg","artificial",NA,NA,NA,NA,NA,NA,NA,NA
"3038","895545",6,"resources/real_fg_memory_images/fg14.jpg","artificial",NA,NA,NA,NA,NA,NA,NA,NA
"3039","895545",8,"resources/real_fg_memory_images/orig34.jpg","real",NA,NA,NA,NA,NA,NA,NA,NA
"3040","895545",7,"resources/real_fg_memory_images/orig30.jpg","real",NA,NA,NA,NA,NA,NA,NA,NA
"3041","895545",3,"resources/real_fg_memory_images/orig35.jpg","real",NA,NA,NA,NA,NA,NA,NA,NA
"3042","895545",3,"resources/real_fg_memory_images/orig24.jpg","real",NA,NA,NA,NA,NA,NA,NA,NA
"3043","895545",4,"resources/real_fg_memory_images/fg7.jpg","artificial",NA,NA,NA,NA,NA,NA,NA,NA
"3044","895545",2,"resources/real_fg_memory_images/fg2.jpg","artificial",NA,NA,NA,NA,NA,NA,NA,NA
"3045","895545",4,"resources/real_fg_memory_images/fg15.jpg","artificial",NA,NA,NA,NA,NA,NA,NA,NA
"3046","895545",4,"resources/real_fg_memory_images/fg11.jpg","artificial",NA,NA,NA,NA,NA,NA,NA,NA
"3047","895545",3,"resources/real_fg_memory_images/orig26.jpg","real",NA,NA,NA,NA,NA,NA,NA,NA
"3048","895545",NA,NA,NA,NA,NA,NA,NA,NA,NA,NA,NA
"3049","895545",NA,NA,NA,NA,NA,NA,NA,5,"Persons over the age of 65 are often targeted by con-artists",NA,NA
"3050","895545",NA,NA,NA,NA,NA,NA,NA,5,"If something sounds too good to be true, it usually is",NA,NA
"3051","895545",NA,NA,NA,NA,NA,NA,NA,1,"I answer the phone whenever it rings, even if I do not know who is calling",NA,NA
"3052","895545",NA,NA,NA,NA,NA,NA,NA,1,"If a telemarketer calls me, I usually listen to what they have to say",NA,NA
"3053","895545",NA,NA,NA,NA,NA,NA,NA,1,"I have difficulty ending a phone call, even if the caller is a telemarketer, someone I do not know, or someone I do not wish to call me",NA,NA
"3054","895545",NA,NA,NA,NA,NA,NA,NA,NA,NA,NA,NA
"3055","895545",NA,NA,NA,NA,NA,NA,NA,NA,NA,"[""female_option""]",NA
"3056","895545",NA,NA,NA,NA,NA,NA,NA,NA,NA,NA,65
"3057","895545",NA,NA,NA,NA,NA,NA,NA,NA,NA,NA,NA
"3058","895545",NA,NA,NA,NA,NA,NA,NA,NA,NA,NA,NA
"3059","895545",NA,NA,NA,NA,NA,NA,NA,NA,NA,NA,NA
"3060","895545",NA,NA,NA,NA,NA,NA,NA,NA,NA,NA,NA
"3061","895545",NA,NA,NA,NA,NA,NA,NA,NA,NA,NA,NA
"3062","895545",NA,NA,NA,NA,NA,NA,NA,NA,NA,NA,NA
"3063","895545",NA,NA,NA,NA,NA,NA,NA,NA,NA,NA,NA
"3064","895545",NA,NA,NA,NA,NA,NA,NA,NA,NA,NA,NA
"3065","895545",NA,NA,NA,NA,NA,NA,NA,NA,NA,NA,NA
"3066","895545",NA,NA,NA,NA,NA,NA,NA,NA,NA,NA,NA
"3067","910668",NA,NA,NA,NA,NA,NA,NA,NA,NA,NA,NA
"3068","910668",NA,NA,NA,NA,NA,NA,NA,NA,NA,NA,NA
"3069","910668",NA,NA,NA,NA,NA,NA,NA,NA,NA,NA,NA
"3070","910668",NA,NA,NA,NA,NA,NA,NA,NA,NA,NA,NA
"3071","910668",6,"resources/real_fg_memory_images/orig20.jpg","real",NA,NA,NA,NA,NA,NA,NA,NA
"3072","910668",9,"resources/real_fg_memory_images/orig32.jpg","real",NA,NA,NA,NA,NA,NA,NA,NA
"3073","910668",4,"resources/real_fg_memory_images/orig31.jpg","real",NA,NA,NA,NA,NA,NA,NA,NA
"3074","910668",6,"resources/real_fg_memory_images/orig34.jpg","real",NA,NA,NA,NA,NA,NA,NA,NA
"3075","910668",9,"resources/real_fg_memory_images/fg6.jpg","artificial",NA,NA,NA,NA,NA,NA,NA,NA
"3076","910668",7,"resources/real_fg_memory_images/fg18.jpg","artificial",NA,NA,NA,NA,NA,NA,NA,NA
"3077","910668",3,"resources/real_fg_memory_images/orig27.jpg","real",NA,NA,NA,NA,NA,NA,NA,NA
"3078","910668",1,"resources/real_fg_memory_images/fg1.jpg","artificial",NA,NA,NA,NA,NA,NA,NA,NA
"3079","910668",3,"resources/real_fg_memory_images/fg5.jpg","artificial",NA,NA,NA,NA,NA,NA,NA,NA
"3080","910668",6,"resources/real_fg_memory_images/fg10.jpg","artificial",NA,NA,NA,NA,NA,NA,NA,NA
"3081","910668",6,"resources/real_fg_memory_images/orig26.jpg","real",NA,NA,NA,NA,NA,NA,NA,NA
"3082","910668",5,"resources/real_fg_memory_images/orig29.jpg","real",NA,NA,NA,NA,NA,NA,NA,NA
"3083","910668",5,"resources/real_fg_memory_images/orig35.jpg","real",NA,NA,NA,NA,NA,NA,NA,NA
"3084","910668",5,"resources/real_fg_memory_images/orig22.jpg","real",NA,NA,NA,NA,NA,NA,NA,NA
"3085","910668",7,"resources/real_fg_memory_images/fg14.jpg","artificial",NA,NA,NA,NA,NA,NA,NA,NA
"3086","910668",8,"resources/real_fg_memory_images/fg13.jpg","artificial",NA,NA,NA,NA,NA,NA,NA,NA
"3087","910668",8,"resources/real_fg_memory_images/orig33.jpg","real",NA,NA,NA,NA,NA,NA,NA,NA
"3088","910668",5,"resources/real_fg_memory_images/fg3.jpg","artificial",NA,NA,NA,NA,NA,NA,NA,NA
"3089","910668",8,"resources/real_fg_memory_images/orig19.jpg","real",NA,NA,NA,NA,NA,NA,NA,NA
"3090","910668",5,"resources/real_fg_memory_images/fg2.jpg","artificial",NA,NA,NA,NA,NA,NA,NA,NA
"3091","910668",0,"resources/real_fg_memory_images/orig24.jpg","real",NA,NA,NA,NA,NA,NA,NA,NA
"3092","910668",4,"resources/real_fg_memory_images/fg12.jpg","artificial",NA,NA,NA,NA,NA,NA,NA,NA
"3093","910668",5,"resources/real_fg_memory_images/orig21.jpg","real",NA,NA,NA,NA,NA,NA,NA,NA
"3094","910668",7,"resources/real_fg_memory_images/orig30.jpg","real",NA,NA,NA,NA,NA,NA,NA,NA
"3095","910668",8,"resources/real_fg_memory_images/orig28.jpg","real",NA,NA,NA,NA,NA,NA,NA,NA
"3096","910668",8,"resources/real_fg_memory_images/fg11.jpg","artificial",NA,NA,NA,NA,NA,NA,NA,NA
"3097","910668",3,"resources/real_fg_memory_images/orig23.jpg","real",NA,NA,NA,NA,NA,NA,NA,NA
"3098","910668",8,"resources/real_fg_memory_images/fg16.jpg","artificial",NA,NA,NA,NA,NA,NA,NA,NA
"3099","910668",5,"resources/real_fg_memory_images/orig25.jpg","real",NA,NA,NA,NA,NA,NA,NA,NA
"3100","910668",2,"resources/real_fg_memory_images/fg8.jpg","artificial",NA,NA,NA,NA,NA,NA,NA,NA
"3101","910668",7,"resources/real_fg_memory_images/fg17.jpg","artificial",NA,NA,NA,NA,NA,NA,NA,NA
"3102","910668",6,"resources/real_fg_memory_images/fg7.jpg","artificial",NA,NA,NA,NA,NA,NA,NA,NA
"3103","910668",3,"resources/real_fg_memory_images/fg9.jpg","artificial",NA,NA,NA,NA,NA,NA,NA,NA
"3104","910668",7,"resources/real_fg_memory_images/orig36.jpg","real",NA,NA,NA,NA,NA,NA,NA,NA
"3105","910668",4,"resources/real_fg_memory_images/fg4.jpg","artificial",NA,NA,NA,NA,NA,NA,NA,NA
"3106","910668",6,"resources/real_fg_memory_images/fg15.jpg","artificial",NA,NA,NA,NA,NA,NA,NA,NA
"3107","910668",NA,NA,NA,NA,NA,NA,NA,NA,NA,NA,NA
"3108","910668",NA,"resources/real_fg_memory_images/orig29.jpg",NA,"real","Neutral",NA,NA,NA,NA,NA,NA
"3109","910668",NA,"resources/real_fg_memory_images/fg10.jpg",NA,"artificial","Neutral",NA,NA,NA,NA,NA,NA
"3110","910668",NA,"resources/real_fg_memory_images/orig20.jpg",NA,"real","Scam",NA,NA,NA,NA,NA,NA
"3111","910668",NA,"resources/real_fg_memory_images/fg7.jpg",NA,"artificial","Neutral",NA,NA,NA,NA,NA,NA
"3112","910668",NA,"resources/real_fg_memory_images/fg9.jpg",NA,"artificial","Neutral",NA,NA,NA,NA,NA,NA
"3113","910668",NA,"resources/real_fg_memory_images/orig28.jpg",NA,"real","Neutral",NA,NA,NA,NA,NA,NA
"3114","910668",NA,"resources/real_fg_memory_images/fg3.jpg",NA,"artificial","Scam",NA,NA,NA,NA,NA,NA
"3115","910668",NA,"resources/real_fg_memory_images/fg8.jpg",NA,"artificial","Neutral",NA,NA,NA,NA,NA,NA
"3116","910668",NA,"resources/real_fg_memory_images/fg6.jpg",NA,"artificial","Scam",NA,NA,NA,NA,NA,NA
"3117","910668",NA,"resources/real_fg_memory_images/orig19.jpg",NA,"real","Scam",NA,NA,NA,NA,NA,NA
"3118","910668",NA,"resources/real_fg_memory_images/orig25.jpg",NA,"real","Neutral",NA,NA,NA,NA,NA,NA
"3119","910668",NA,"resources/real_fg_memory_images/fg4.jpg",NA,"artificial","Scam",NA,NA,NA,NA,NA,NA
"3120","910668",NA,"resources/real_fg_memory_images/orig23.jpg",NA,"real","Scam",NA,NA,NA,NA,NA,NA
"3121","910668",NA,"resources/real_fg_memory_images/orig22.jpg",NA,"real","Scam",NA,NA,NA,NA,NA,NA
"3122","910668",NA,"resources/real_fg_memory_images/orig30.jpg",NA,"real","Neutral",NA,NA,NA,NA,NA,NA
"3123","910668",NA,"resources/real_fg_memory_images/orig21.jpg",NA,"real","Scam",NA,NA,NA,NA,NA,NA
"3124","910668",NA,"resources/real_fg_memory_images/fg2.jpg",NA,"artificial","Scam",NA,NA,NA,NA,NA,NA
"3125","910668",NA,"resources/real_fg_memory_images/fg1.jpg",NA,"artificial","Scam",NA,NA,NA,NA,NA,NA
"3126","910668",NA,"resources/real_fg_memory_images/fg11.jpg",NA,"artificial","Neutral",NA,NA,NA,NA,NA,NA
"3127","910668",NA,"resources/real_fg_memory_images/fg12.jpg",NA,"artificial","Neutral",NA,NA,NA,NA,NA,NA
"3128","910668",NA,"resources/real_fg_memory_images/orig26.jpg",NA,"real","Neutral",NA,NA,NA,NA,NA,NA
"3129","910668",NA,"resources/real_fg_memory_images/orig24.jpg",NA,"real","Scam",NA,NA,NA,NA,NA,NA
"3130","910668",NA,"resources/real_fg_memory_images/orig27.jpg",NA,"real","Neutral",NA,NA,NA,NA,NA,NA
"3131","910668",NA,"resources/real_fg_memory_images/fg5.jpg",NA,"artificial","Scam",NA,NA,NA,NA,NA,NA
"3132","910668",NA,NA,NA,NA,NA,NA,NA,NA,NA,NA,NA
"3133","910668",NA,"resources/real_fg_memory_images/fg11.jpg",NA,"artificial","Neutral","[""neutral_button""]","5",NA,NA,NA,NA
"3134","910668",NA,"resources/real_fg_memory_images/orig19.jpg",NA,"real","Scam","[""scam_button""]","2",NA,NA,NA,NA
"3135","910668",NA,"resources/real_fg_memory_images/orig25.jpg",NA,"real","Neutral","[""neutral_button""]","2",NA,NA,NA,NA
"3136","910668",NA,"resources/real_fg_memory_images/fg9.jpg",NA,"artificial","Neutral","[""scam_button""]","1",NA,NA,NA,NA
"3137","910668",NA,"resources/real_fg_memory_images/orig24.jpg",NA,"real","Scam","[""neutral_button""]","3",NA,NA,NA,NA
"3138","910668",NA,"resources/real_fg_memory_images/fg6.jpg",NA,"artificial","Scam","[""neutral_button""]","5",NA,NA,NA,NA
"3139","910668",NA,"resources/real_fg_memory_images/orig23.jpg",NA,"real","Scam","[""scam_button""]","5",NA,NA,NA,NA
"3140","910668",NA,"resources/real_fg_memory_images/fg5.jpg",NA,"artificial","Scam","[""scam_button""]","3",NA,NA,NA,NA
"3141","910668",NA,"resources/real_fg_memory_images/fg10.jpg",NA,"artificial","Neutral","[""neutral_button""]","3",NA,NA,NA,NA
"3142","910668",NA,"resources/real_fg_memory_images/fg2.jpg",NA,"artificial","Scam","[""scam_button""]","7",NA,NA,NA,NA
"3143","910668",NA,"resources/real_fg_memory_images/fg3.jpg",NA,"artificial","Scam","[""scam_button""]","9",NA,NA,NA,NA
"3144","910668",NA,"resources/real_fg_memory_images/fg8.jpg",NA,"artificial","Neutral","[""scam_button""]","2",NA,NA,NA,NA
"3145","910668",NA,"resources/real_fg_memory_images/orig22.jpg",NA,"real","Scam","[""scam_button""]","1",NA,NA,NA,NA
"3146","910668",NA,"resources/real_fg_memory_images/fg12.jpg",NA,"artificial","Neutral","[""scam_button""]","5",NA,NA,NA,NA
"3147","910668",NA,"resources/real_fg_memory_images/orig20.jpg",NA,"real","Scam","[""neutral_button""]","5",NA,NA,NA,NA
"3148","910668",NA,"resources/real_fg_memory_images/fg1.jpg",NA,"artificial","Scam","[""scam_button""]","5",NA,NA,NA,NA
"3149","910668",NA,"resources/real_fg_memory_images/fg7.jpg",NA,"artificial","Neutral","[""scam_button""]","5",NA,NA,NA,NA
"3150","910668",NA,"resources/real_fg_memory_images/orig26.jpg",NA,"real","Neutral","[""neutral_button""]","5",NA,NA,NA,NA
"3151","910668",NA,"resources/real_fg_memory_images/fg4.jpg",NA,"artificial","Scam","[""neutral_button""]","2",NA,NA,NA,NA
"3152","910668",NA,"resources/real_fg_memory_images/orig28.jpg",NA,"real","Neutral","[""neutral_button""]","5",NA,NA,NA,NA
"3153","910668",NA,"resources/real_fg_memory_images/orig21.jpg",NA,"real","Scam","[""scam_button""]","3",NA,NA,NA,NA
"3154","910668",NA,"resources/real_fg_memory_images/orig29.jpg",NA,"real","Neutral","[""neutral_button""]","2",NA,NA,NA,NA
"3155","910668",NA,"resources/real_fg_memory_images/orig27.jpg",NA,"real","Neutral","[""neutral_button""]","5",NA,NA,NA,NA
"3156","910668",NA,"resources/real_fg_memory_images/orig30.jpg",NA,"real","Neutral","[""scam_button""]","5",NA,NA,NA,NA
"3157","910668",NA,NA,NA,NA,NA,NA,NA,NA,NA,NA,NA
"3158","910668",9,"resources/real_fg_memory_images/orig32.jpg","real",NA,NA,NA,NA,NA,NA,NA,NA
"3159","910668",3,"resources/real_fg_memory_images/orig20.jpg","real",NA,NA,NA,NA,NA,NA,NA,NA
"3160","910668",4,"resources/real_fg_memory_images/fg9.jpg","artificial",NA,NA,NA,NA,NA,NA,NA,NA
"3161","910668",7,"resources/real_fg_memory_images/orig33.jpg","real",NA,NA,NA,NA,NA,NA,NA,NA
"3162","910668",8,"resources/real_fg_memory_images/fg15.jpg","artificial",NA,NA,NA,NA,NA,NA,NA,NA
"3163","910668",7,"resources/real_fg_memory_images/orig30.jpg","real",NA,NA,NA,NA,NA,NA,NA,NA
"3164","910668",4,"resources/real_fg_memory_images/fg6.jpg","artificial",NA,NA,NA,NA,NA,NA,NA,NA
"3165","910668",1,"resources/real_fg_memory_images/fg3.jpg","artificial",NA,NA,NA,NA,NA,NA,NA,NA
"3166","910668",0,"resources/real_fg_memory_images/fg2.jpg","artificial",NA,NA,NA,NA,NA,NA,NA,NA
"3167","910668",4,"resources/real_fg_memory_images/fg5.jpg","artificial",NA,NA,NA,NA,NA,NA,NA,NA
"3168","910668",8,"resources/real_fg_memory_images/fg16.jpg","artificial",NA,NA,NA,NA,NA,NA,NA,NA
"3169","910668",4,"resources/real_fg_memory_images/orig23.jpg","real",NA,NA,NA,NA,NA,NA,NA,NA
"3170","910668",5,"resources/real_fg_memory_images/orig26.jpg","real",NA,NA,NA,NA,NA,NA,NA,NA
"3171","910668",8,"resources/real_fg_memory_images/fg14.jpg","artificial",NA,NA,NA,NA,NA,NA,NA,NA
"3172","910668",5,"resources/real_fg_memory_images/fg7.jpg","artificial",NA,NA,NA,NA,NA,NA,NA,NA
"3173","910668",6,"resources/real_fg_memory_images/orig36.jpg","real",NA,NA,NA,NA,NA,NA,NA,NA
"3174","910668",5,"resources/real_fg_memory_images/orig21.jpg","real",NA,NA,NA,NA,NA,NA,NA,NA
"3175","910668",3,"resources/real_fg_memory_images/orig31.jpg","real",NA,NA,NA,NA,NA,NA,NA,NA
"3176","910668",3,"resources/real_fg_memory_images/orig29.jpg","real",NA,NA,NA,NA,NA,NA,NA,NA
"3177","910668",7,"resources/real_fg_memory_images/fg10.jpg","artificial",NA,NA,NA,NA,NA,NA,NA,NA
"3178","910668",7,"resources/real_fg_memory_images/orig19.jpg","real",NA,NA,NA,NA,NA,NA,NA,NA
"3179","910668",9,"resources/real_fg_memory_images/fg4.jpg","artificial",NA,NA,NA,NA,NA,NA,NA,NA
"3180","910668",5,"resources/real_fg_memory_images/orig22.jpg","real",NA,NA,NA,NA,NA,NA,NA,NA
"3181","910668",3,"resources/real_fg_memory_images/fg1.jpg","artificial",NA,NA,NA,NA,NA,NA,NA,NA
"3182","910668",7,"resources/real_fg_memory_images/fg8.jpg","artificial",NA,NA,NA,NA,NA,NA,NA,NA
"3183","910668",6,"resources/real_fg_memory_images/orig24.jpg","real",NA,NA,NA,NA,NA,NA,NA,NA
"3184","910668",1,"resources/real_fg_memory_images/orig35.jpg","real",NA,NA,NA,NA,NA,NA,NA,NA
"3185","910668",2,"resources/real_fg_memory_images/orig27.jpg","real",NA,NA,NA,NA,NA,NA,NA,NA
"3186","910668",7,"resources/real_fg_memory_images/orig34.jpg","real",NA,NA,NA,NA,NA,NA,NA,NA
"3187","910668",5,"resources/real_fg_memory_images/orig25.jpg","real",NA,NA,NA,NA,NA,NA,NA,NA
"3188","910668",8,"resources/real_fg_memory_images/fg18.jpg","artificial",NA,NA,NA,NA,NA,NA,NA,NA
"3189","910668",4,"resources/real_fg_memory_images/fg12.jpg","artificial",NA,NA,NA,NA,NA,NA,NA,NA
"3190","910668",7,"resources/real_fg_memory_images/fg17.jpg","artificial",NA,NA,NA,NA,NA,NA,NA,NA
"3191","910668",8,"resources/real_fg_memory_images/orig28.jpg","real",NA,NA,NA,NA,NA,NA,NA,NA
"3192","910668",8,"resources/real_fg_memory_images/fg11.jpg","artificial",NA,NA,NA,NA,NA,NA,NA,NA
"3193","910668",3,"resources/real_fg_memory_images/fg13.jpg","artificial",NA,NA,NA,NA,NA,NA,NA,NA
"3194","910668",NA,NA,NA,NA,NA,NA,NA,NA,NA,NA,NA
"3195","910668",NA,NA,NA,NA,NA,NA,NA,4,"If something sounds too good to be true, it usually is",NA,NA
"3196","910668",NA,NA,NA,NA,NA,NA,NA,2,"If a telemarketer calls me, I usually listen to what they have to say",NA,NA
"3197","910668",NA,NA,NA,NA,NA,NA,NA,2,"I answer the phone whenever it rings, even if I do not know who is calling",NA,NA
"3198","910668",NA,NA,NA,NA,NA,NA,NA,4,"Persons over the age of 65 are often targeted by con-artists",NA,NA
"3199","910668",NA,NA,NA,NA,NA,NA,NA,1,"I have difficulty ending a phone call, even if the caller is a telemarketer, someone I do not know, or someone I do not wish to call me",NA,NA
"3200","910668",NA,NA,NA,NA,NA,NA,NA,NA,NA,NA,NA
"3201","910668",NA,NA,NA,NA,NA,NA,NA,NA,NA,"[""female_option""]",NA
"3202","910668",NA,NA,NA,NA,NA,NA,NA,NA,NA,NA,74
"3203","910668",NA,NA,NA,NA,NA,NA,NA,NA,NA,NA,NA
"3204","910668",NA,NA,NA,NA,NA,NA,NA,NA,NA,NA,NA
"3205","910668",NA,NA,NA,NA,NA,NA,NA,NA,NA,NA,NA
"3206","910668",NA,NA,NA,NA,NA,NA,NA,NA,NA,NA,NA
"3207","910668",NA,NA,NA,NA,NA,NA,NA,NA,NA,NA,NA
"3208","910668",NA,NA,NA,NA,NA,NA,NA,NA,NA,NA,NA
"3209","910668",NA,NA,NA,NA,NA,NA,NA,NA,NA,NA,NA
"3210","910668",NA,NA,NA,NA,NA,NA,NA,NA,NA,NA,NA
"3211","910668",NA,NA,NA,NA,NA,NA,NA,NA,NA,NA,NA
"3212","910668",NA,NA,NA,NA,NA,NA,NA,NA,NA,NA,NA
"3213","912499",NA,NA,NA,NA,NA,NA,NA,NA,NA,NA,NA
"3214","912499",NA,NA,NA,NA,NA,NA,NA,NA,NA,NA,NA
"3215","912499",NA,NA,NA,NA,NA,NA,NA,NA,NA,NA,NA
"3216","912499",NA,NA,NA,NA,NA,NA,NA,NA,NA,NA,NA
"3217","912499",2,"resources/real_fg_memory_images/fg1.jpg","artificial",NA,NA,NA,NA,NA,NA,NA,NA
"3218","912499",3,"resources/real_fg_memory_images/orig20.jpg","real",NA,NA,NA,NA,NA,NA,NA,NA
"3219","912499",3,"resources/real_fg_memory_images/fg8.jpg","artificial",NA,NA,NA,NA,NA,NA,NA,NA
"3220","912499",4,"resources/real_fg_memory_images/orig23.jpg","real",NA,NA,NA,NA,NA,NA,NA,NA
"3221","912499",5,"resources/real_fg_memory_images/orig24.jpg","real",NA,NA,NA,NA,NA,NA,NA,NA
"3222","912499",6,"resources/real_fg_memory_images/orig28.jpg","real",NA,NA,NA,NA,NA,NA,NA,NA
"3223","912499",6,"resources/real_fg_memory_images/orig34.jpg","real",NA,NA,NA,NA,NA,NA,NA,NA
"3224","912499",7,"resources/real_fg_memory_images/orig32.jpg","real",NA,NA,NA,NA,NA,NA,NA,NA
"3225","912499",6,"resources/real_fg_memory_images/orig26.jpg","real",NA,NA,NA,NA,NA,NA,NA,NA
"3226","912499",4,"resources/real_fg_memory_images/fg13.jpg","artificial",NA,NA,NA,NA,NA,NA,NA,NA
"3227","912499",2,"resources/real_fg_memory_images/fg12.jpg","artificial",NA,NA,NA,NA,NA,NA,NA,NA
"3228","912499",3,"resources/real_fg_memory_images/fg17.jpg","artificial",NA,NA,NA,NA,NA,NA,NA,NA
"3229","912499",4,"resources/real_fg_memory_images/orig31.jpg","real",NA,NA,NA,NA,NA,NA,NA,NA
"3230","912499",6,"resources/real_fg_memory_images/orig30.jpg","real",NA,NA,NA,NA,NA,NA,NA,NA
"3231","912499",5,"resources/real_fg_memory_images/orig29.jpg","real",NA,NA,NA,NA,NA,NA,NA,NA
"3232","912499",7,"resources/real_fg_memory_images/fg16.jpg","artificial",NA,NA,NA,NA,NA,NA,NA,NA
"3233","912499",3,"resources/real_fg_memory_images/fg5.jpg","artificial",NA,NA,NA,NA,NA,NA,NA,NA
"3234","912499",6,"resources/real_fg_memory_images/fg3.jpg","artificial",NA,NA,NA,NA,NA,NA,NA,NA
"3235","912499",5,"resources/real_fg_memory_images/orig21.jpg","real",NA,NA,NA,NA,NA,NA,NA,NA
"3236","912499",4,"resources/real_fg_memory_images/orig27.jpg","real",NA,NA,NA,NA,NA,NA,NA,NA
"3237","912499",2,"resources/real_fg_memory_images/fg6.jpg","artificial",NA,NA,NA,NA,NA,NA,NA,NA
"3238","912499",2,"resources/real_fg_memory_images/fg15.jpg","artificial",NA,NA,NA,NA,NA,NA,NA,NA
"3239","912499",1,"resources/real_fg_memory_images/fg2.jpg","artificial",NA,NA,NA,NA,NA,NA,NA,NA
"3240","912499",5,"resources/real_fg_memory_images/orig22.jpg","real",NA,NA,NA,NA,NA,NA,NA,NA
"3241","912499",5,"resources/real_fg_memory_images/orig33.jpg","real",NA,NA,NA,NA,NA,NA,NA,NA
"3242","912499",2,"resources/real_fg_memory_images/fg4.jpg","artificial",NA,NA,NA,NA,NA,NA,NA,NA
"3243","912499",1,"resources/real_fg_memory_images/fg9.jpg","artificial",NA,NA,NA,NA,NA,NA,NA,NA
"3244","912499",6,"resources/real_fg_memory_images/orig25.jpg","real",NA,NA,NA,NA,NA,NA,NA,NA
"3245","912499",4,"resources/real_fg_memory_images/fg18.jpg","artificial",NA,NA,NA,NA,NA,NA,NA,NA
"3246","912499",5,"resources/real_fg_memory_images/fg11.jpg","artificial",NA,NA,NA,NA,NA,NA,NA,NA
"3247","912499",5,"resources/real_fg_memory_images/orig36.jpg","real",NA,NA,NA,NA,NA,NA,NA,NA
"3248","912499",7,"resources/real_fg_memory_images/orig19.jpg","real",NA,NA,NA,NA,NA,NA,NA,NA
"3249","912499",5,"resources/real_fg_memory_images/fg10.jpg","artificial",NA,NA,NA,NA,NA,NA,NA,NA
"3250","912499",6,"resources/real_fg_memory_images/fg14.jpg","artificial",NA,NA,NA,NA,NA,NA,NA,NA
"3251","912499",4,"resources/real_fg_memory_images/orig35.jpg","real",NA,NA,NA,NA,NA,NA,NA,NA
"3252","912499",4,"resources/real_fg_memory_images/fg7.jpg","artificial",NA,NA,NA,NA,NA,NA,NA,NA
"3253","912499",NA,NA,NA,NA,NA,NA,NA,NA,NA,NA,NA
"3254","912499",NA,"resources/real_fg_memory_images/fg2.jpg",NA,"artificial","Scam",NA,NA,NA,NA,NA,NA
"3255","912499",NA,"resources/real_fg_memory_images/fg10.jpg",NA,"artificial","Neutral",NA,NA,NA,NA,NA,NA
"3256","912499",NA,"resources/real_fg_memory_images/fg12.jpg",NA,"artificial","Neutral",NA,NA,NA,NA,NA,NA
"3257","912499",NA,"resources/real_fg_memory_images/orig21.jpg",NA,"real","Scam",NA,NA,NA,NA,NA,NA
"3258","912499",NA,"resources/real_fg_memory_images/orig28.jpg",NA,"real","Neutral",NA,NA,NA,NA,NA,NA
"3259","912499",NA,"resources/real_fg_memory_images/fg11.jpg",NA,"artificial","Neutral",NA,NA,NA,NA,NA,NA
"3260","912499",NA,"resources/real_fg_memory_images/fg5.jpg",NA,"artificial","Scam",NA,NA,NA,NA,NA,NA
"3261","912499",NA,"resources/real_fg_memory_images/orig26.jpg",NA,"real","Neutral",NA,NA,NA,NA,NA,NA
"3262","912499",NA,"resources/real_fg_memory_images/fg7.jpg",NA,"artificial","Neutral",NA,NA,NA,NA,NA,NA
"3263","912499",NA,"resources/real_fg_memory_images/fg8.jpg",NA,"artificial","Neutral",NA,NA,NA,NA,NA,NA
"3264","912499",NA,"resources/real_fg_memory_images/orig23.jpg",NA,"real","Scam",NA,NA,NA,NA,NA,NA
"3265","912499",NA,"resources/real_fg_memory_images/orig20.jpg",NA,"real","Scam",NA,NA,NA,NA,NA,NA
"3266","912499",NA,"resources/real_fg_memory_images/fg4.jpg",NA,"artificial","Scam",NA,NA,NA,NA,NA,NA
"3267","912499",NA,"resources/real_fg_memory_images/fg1.jpg",NA,"artificial","Scam",NA,NA,NA,NA,NA,NA
"3268","912499",NA,"resources/real_fg_memory_images/fg3.jpg",NA,"artificial","Scam",NA,NA,NA,NA,NA,NA
"3269","912499",NA,"resources/real_fg_memory_images/fg6.jpg",NA,"artificial","Scam",NA,NA,NA,NA,NA,NA
"3270","912499",NA,"resources/real_fg_memory_images/orig24.jpg",NA,"real","Scam",NA,NA,NA,NA,NA,NA
"3271","912499",NA,"resources/real_fg_memory_images/orig30.jpg",NA,"real","Neutral",NA,NA,NA,NA,NA,NA
"3272","912499",NA,"resources/real_fg_memory_images/fg9.jpg",NA,"artificial","Neutral",NA,NA,NA,NA,NA,NA
"3273","912499",NA,"resources/real_fg_memory_images/orig25.jpg",NA,"real","Neutral",NA,NA,NA,NA,NA,NA
"3274","912499",NA,"resources/real_fg_memory_images/orig19.jpg",NA,"real","Scam",NA,NA,NA,NA,NA,NA
"3275","912499",NA,"resources/real_fg_memory_images/orig22.jpg",NA,"real","Scam",NA,NA,NA,NA,NA,NA
"3276","912499",NA,"resources/real_fg_memory_images/orig29.jpg",NA,"real","Neutral",NA,NA,NA,NA,NA,NA
"3277","912499",NA,"resources/real_fg_memory_images/orig27.jpg",NA,"real","Neutral",NA,NA,NA,NA,NA,NA
"3278","912499",NA,NA,NA,NA,NA,NA,NA,NA,NA,NA,NA
"3279","912499",NA,"resources/real_fg_memory_images/fg7.jpg",NA,"artificial","Neutral","[""neutral_button""]","5",NA,NA,NA,NA
"3280","912499",NA,"resources/real_fg_memory_images/fg10.jpg",NA,"artificial","Neutral","[""neutral_button""]","6",NA,NA,NA,NA
"3281","912499",NA,"resources/real_fg_memory_images/orig27.jpg",NA,"real","Neutral","[""neutral_button""]","6",NA,NA,NA,NA
"3282","912499",NA,"resources/real_fg_memory_images/orig25.jpg",NA,"real","Neutral","[""scam_button""]","7",NA,NA,NA,NA
"3283","912499",NA,"resources/real_fg_memory_images/fg8.jpg",NA,"artificial","Neutral","[""scam_button""]","5",NA,NA,NA,NA
"3284","912499",NA,"resources/real_fg_memory_images/orig23.jpg",NA,"real","Scam","[""scam_button""]","6",NA,NA,NA,NA
"3285","912499",NA,"resources/real_fg_memory_images/fg12.jpg",NA,"artificial","Neutral","[""scam_button""]","5",NA,NA,NA,NA
"3286","912499",NA,"resources/real_fg_memory_images/fg11.jpg",NA,"artificial","Neutral","[""neutral_button""]","5",NA,NA,NA,NA
"3287","912499",NA,"resources/real_fg_memory_images/fg9.jpg",NA,"artificial","Neutral","[""neutral_button""]","5",NA,NA,NA,NA
"3288","912499",NA,"resources/real_fg_memory_images/orig21.jpg",NA,"real","Scam","[""neutral_button""]","5",NA,NA,NA,NA
"3289","912499",NA,"resources/real_fg_memory_images/fg1.jpg",NA,"artificial","Scam","[""scam_button""]","6",NA,NA,NA,NA
"3290","912499",NA,"resources/real_fg_memory_images/fg5.jpg",NA,"artificial","Scam","[""scam_button""]","6",NA,NA,NA,NA
"3291","912499",NA,"resources/real_fg_memory_images/orig30.jpg",NA,"real","Neutral","[""neutral_button""]","7",NA,NA,NA,NA
"3292","912499",NA,"resources/real_fg_memory_images/orig26.jpg",NA,"real","Neutral","[""neutral_button""]","5",NA,NA,NA,NA
"3293","912499",NA,"resources/real_fg_memory_images/orig29.jpg",NA,"real","Neutral","[""scam_button""]","5",NA,NA,NA,NA
"3294","912499",NA,"resources/real_fg_memory_images/orig19.jpg",NA,"real","Scam","[""scam_button""]","5",NA,NA,NA,NA
"3295","912499",NA,"resources/real_fg_memory_images/orig24.jpg",NA,"real","Scam","[""scam_button""]","5",NA,NA,NA,NA
"3296","912499",NA,"resources/real_fg_memory_images/orig22.jpg",NA,"real","Scam","[""neutral_button""]","5",NA,NA,NA,NA
"3297","912499",NA,"resources/real_fg_memory_images/orig28.jpg",NA,"real","Neutral","[""neutral_button""]","6",NA,NA,NA,NA
"3298","912499",NA,"resources/real_fg_memory_images/fg6.jpg",NA,"artificial","Scam","[""scam_button""]","7",NA,NA,NA,NA
"3299","912499",NA,"resources/real_fg_memory_images/fg4.jpg",NA,"artificial","Scam","[""scam_button""]","7",NA,NA,NA,NA
"3300","912499",NA,"resources/real_fg_memory_images/orig20.jpg",NA,"real","Scam","[""scam_button""]","7",NA,NA,NA,NA
"3301","912499",NA,"resources/real_fg_memory_images/fg2.jpg",NA,"artificial","Scam","[""scam_button""]","7",NA,NA,NA,NA
"3302","912499",NA,"resources/real_fg_memory_images/fg3.jpg",NA,"artificial","Scam","[""scam_button""]","7",NA,NA,NA,NA
"3303","912499",NA,NA,NA,NA,NA,NA,NA,NA,NA,NA,NA
"3304","912499",6,"resources/real_fg_memory_images/orig30.jpg","real",NA,NA,NA,NA,NA,NA,NA,NA
"3305","912499",4,"resources/real_fg_memory_images/fg10.jpg","artificial",NA,NA,NA,NA,NA,NA,NA,NA
"3306","912499",4,"resources/real_fg_memory_images/orig24.jpg","real",NA,NA,NA,NA,NA,NA,NA,NA
"3307","912499",6,"resources/real_fg_memory_images/orig32.jpg","real",NA,NA,NA,NA,NA,NA,NA,NA
"3308","912499",7,"resources/real_fg_memory_images/orig33.jpg","real",NA,NA,NA,NA,NA,NA,NA,NA
"3309","912499",4,"resources/real_fg_memory_images/fg12.jpg","artificial",NA,NA,NA,NA,NA,NA,NA,NA
"3310","912499",5,"resources/real_fg_memory_images/orig23.jpg","real",NA,NA,NA,NA,NA,NA,NA,NA
"3311","912499",3,"resources/real_fg_memory_images/fg6.jpg","artificial",NA,NA,NA,NA,NA,NA,NA,NA
"3312","912499",3,"resources/real_fg_memory_images/fg7.jpg","artificial",NA,NA,NA,NA,NA,NA,NA,NA
"3313","912499",6,"resources/real_fg_memory_images/orig28.jpg","real",NA,NA,NA,NA,NA,NA,NA,NA
"3314","912499",4,"resources/real_fg_memory_images/orig36.jpg","real",NA,NA,NA,NA,NA,NA,NA,NA
"3315","912499",2,"resources/real_fg_memory_images/fg2.jpg","artificial",NA,NA,NA,NA,NA,NA,NA,NA
"3316","912499",3,"resources/real_fg_memory_images/fg8.jpg","artificial",NA,NA,NA,NA,NA,NA,NA,NA
"3317","912499",7,"resources/real_fg_memory_images/orig34.jpg","real",NA,NA,NA,NA,NA,NA,NA,NA
"3318","912499",6,"resources/real_fg_memory_images/fg3.jpg","artificial",NA,NA,NA,NA,NA,NA,NA,NA
"3319","912499",5,"resources/real_fg_memory_images/fg13.jpg","artificial",NA,NA,NA,NA,NA,NA,NA,NA
"3320","912499",6,"resources/real_fg_memory_images/orig21.jpg","real",NA,NA,NA,NA,NA,NA,NA,NA
"3321","912499",2,"resources/real_fg_memory_images/fg5.jpg","artificial",NA,NA,NA,NA,NA,NA,NA,NA
"3322","912499",4,"resources/real_fg_memory_images/orig22.jpg","real",NA,NA,NA,NA,NA,NA,NA,NA
"3323","912499",2,"resources/real_fg_memory_images/orig35.jpg","real",NA,NA,NA,NA,NA,NA,NA,NA
"3324","912499",1,"resources/real_fg_memory_images/fg9.jpg","artificial",NA,NA,NA,NA,NA,NA,NA,NA
"3325","912499",7,"resources/real_fg_memory_images/fg11.jpg","artificial",NA,NA,NA,NA,NA,NA,NA,NA
"3326","912499",6,"resources/real_fg_memory_images/orig31.jpg","real",NA,NA,NA,NA,NA,NA,NA,NA
"3327","912499",5,"resources/real_fg_memory_images/fg18.jpg","artificial",NA,NA,NA,NA,NA,NA,NA,NA
"3328","912499",5,"resources/real_fg_memory_images/fg14.jpg","artificial",NA,NA,NA,NA,NA,NA,NA,NA
"3329","912499",4,"resources/real_fg_memory_images/fg15.jpg","artificial",NA,NA,NA,NA,NA,NA,NA,NA
"3330","912499",5,"resources/real_fg_memory_images/fg16.jpg","artificial",NA,NA,NA,NA,NA,NA,NA,NA
"3331","912499",4,"resources/real_fg_memory_images/orig20.jpg","real",NA,NA,NA,NA,NA,NA,NA,NA
"3332","912499",2,"resources/real_fg_memory_images/fg4.jpg","artificial",NA,NA,NA,NA,NA,NA,NA,NA
"3333","912499",4,"resources/real_fg_memory_images/orig19.jpg","real",NA,NA,NA,NA,NA,NA,NA,NA
"3334","912499",4,"resources/real_fg_memory_images/orig26.jpg","real",NA,NA,NA,NA,NA,NA,NA,NA
"3335","912499",5,"resources/real_fg_memory_images/orig29.jpg","real",NA,NA,NA,NA,NA,NA,NA,NA
"3336","912499",3,"resources/real_fg_memory_images/fg1.jpg","artificial",NA,NA,NA,NA,NA,NA,NA,NA
"3337","912499",2,"resources/real_fg_memory_images/fg17.jpg","artificial",NA,NA,NA,NA,NA,NA,NA,NA
"3338","912499",4,"resources/real_fg_memory_images/orig25.jpg","real",NA,NA,NA,NA,NA,NA,NA,NA
"3339","912499",3,"resources/real_fg_memory_images/orig27.jpg","real",NA,NA,NA,NA,NA,NA,NA,NA
"3340","912499",NA,NA,NA,NA,NA,NA,NA,NA,NA,NA,NA
"3341","912499",NA,NA,NA,NA,NA,NA,NA,4,"Persons over the age of 65 are often targeted by con-artists",NA,NA
"3342","912499",NA,NA,NA,NA,NA,NA,NA,1,"I have difficulty ending a phone call, even if the caller is a telemarketer, someone I do not know, or someone I do not wish to call me",NA,NA
"3343","912499",NA,NA,NA,NA,NA,NA,NA,3,"If something sounds too good to be true, it usually is",NA,NA
"3344","912499",NA,NA,NA,NA,NA,NA,NA,1,"I answer the phone whenever it rings, even if I do not know who is calling",NA,NA
"3345","912499",NA,NA,NA,NA,NA,NA,NA,1,"If a telemarketer calls me, I usually listen to what they have to say",NA,NA
"3346","912499",NA,NA,NA,NA,NA,NA,NA,NA,NA,NA,NA
"3347","912499",NA,NA,NA,NA,NA,NA,NA,NA,NA,"[""other_option""]",NA
"3348","912499",NA,NA,NA,NA,NA,NA,NA,NA,NA,NA,70
"3349","912499",NA,NA,NA,NA,NA,NA,NA,NA,NA,NA,NA
"3350","912499",NA,NA,NA,NA,NA,NA,NA,NA,NA,NA,NA
"3351","912499",NA,NA,NA,NA,NA,NA,NA,NA,NA,NA,NA
"3352","912499",NA,NA,NA,NA,NA,NA,NA,NA,NA,NA,NA
"3353","912499",NA,NA,NA,NA,NA,NA,NA,NA,NA,NA,NA
"3354","912499",NA,NA,NA,NA,NA,NA,NA,NA,NA,NA,NA
"3355","912499",NA,NA,NA,NA,NA,NA,NA,NA,NA,NA,NA
"3356","912499",NA,NA,NA,NA,NA,NA,NA,NA,NA,NA,NA
"3357","912499",NA,NA,NA,NA,NA,NA,NA,NA,NA,NA,NA
"3358","912499",NA,NA,NA,NA,NA,NA,NA,NA,NA,NA,NA
"3359","974601",NA,NA,NA,NA,NA,NA,NA,NA,NA,NA,NA
"3360","974601",NA,NA,NA,NA,NA,NA,NA,NA,NA,NA,NA
"3361","974601",NA,NA,NA,NA,NA,NA,NA,NA,NA,NA,NA
"3362","974601",NA,NA,NA,NA,NA,NA,NA,NA,NA,NA,NA
"3363","974601",5,"resources/real_fg_memory_images/fg4.jpg","artificial",NA,NA,NA,NA,NA,NA,NA,NA
"3364","974601",6,"resources/real_fg_memory_images/fg18.jpg","artificial",NA,NA,NA,NA,NA,NA,NA,NA
"3365","974601",4,"resources/real_fg_memory_images/orig20.jpg","real",NA,NA,NA,NA,NA,NA,NA,NA
"3366","974601",8,"resources/real_fg_memory_images/orig32.jpg","real",NA,NA,NA,NA,NA,NA,NA,NA
"3367","974601",5,"resources/real_fg_memory_images/orig33.jpg","real",NA,NA,NA,NA,NA,NA,NA,NA
"3368","974601",6,"resources/real_fg_memory_images/orig19.jpg","real",NA,NA,NA,NA,NA,NA,NA,NA
"3369","974601",4,"resources/real_fg_memory_images/fg9.jpg","artificial",NA,NA,NA,NA,NA,NA,NA,NA
"3370","974601",5,"resources/real_fg_memory_images/orig24.jpg","real",NA,NA,NA,NA,NA,NA,NA,NA
"3371","974601",5,"resources/real_fg_memory_images/orig36.jpg","real",NA,NA,NA,NA,NA,NA,NA,NA
"3372","974601",8,"resources/real_fg_memory_images/orig29.jpg","real",NA,NA,NA,NA,NA,NA,NA,NA
"3373","974601",7,"resources/real_fg_memory_images/orig30.jpg","real",NA,NA,NA,NA,NA,NA,NA,NA
"3374","974601",4,"resources/real_fg_memory_images/fg8.jpg","artificial",NA,NA,NA,NA,NA,NA,NA,NA
"3375","974601",8,"resources/real_fg_memory_images/fg14.jpg","artificial",NA,NA,NA,NA,NA,NA,NA,NA
"3376","974601",3,"resources/real_fg_memory_images/orig21.jpg","real",NA,NA,NA,NA,NA,NA,NA,NA
"3377","974601",3,"resources/real_fg_memory_images/orig35.jpg","real",NA,NA,NA,NA,NA,NA,NA,NA
"3378","974601",5,"resources/real_fg_memory_images/fg13.jpg","artificial",NA,NA,NA,NA,NA,NA,NA,NA
"3379","974601",7,"resources/real_fg_memory_images/orig34.jpg","real",NA,NA,NA,NA,NA,NA,NA,NA
"3380","974601",3,"resources/real_fg_memory_images/fg1.jpg","artificial",NA,NA,NA,NA,NA,NA,NA,NA
"3381","974601",2,"resources/real_fg_memory_images/fg5.jpg","artificial",NA,NA,NA,NA,NA,NA,NA,NA
"3382","974601",3,"resources/real_fg_memory_images/fg2.jpg","artificial",NA,NA,NA,NA,NA,NA,NA,NA
"3383","974601",3,"resources/real_fg_memory_images/fg7.jpg","artificial",NA,NA,NA,NA,NA,NA,NA,NA
"3384","974601",3,"resources/real_fg_memory_images/fg12.jpg","artificial",NA,NA,NA,NA,NA,NA,NA,NA
"3385","974601",5,"resources/real_fg_memory_images/fg11.jpg","artificial",NA,NA,NA,NA,NA,NA,NA,NA
"3386","974601",9,"resources/real_fg_memory_images/fg6.jpg","artificial",NA,NA,NA,NA,NA,NA,NA,NA
"3387","974601",7,"resources/real_fg_memory_images/orig26.jpg","real",NA,NA,NA,NA,NA,NA,NA,NA
"3388","974601",5,"resources/real_fg_memory_images/fg3.jpg","artificial",NA,NA,NA,NA,NA,NA,NA,NA
"3389","974601",4,"resources/real_fg_memory_images/orig23.jpg","real",NA,NA,NA,NA,NA,NA,NA,NA
"3390","974601",7,"resources/real_fg_memory_images/orig28.jpg","real",NA,NA,NA,NA,NA,NA,NA,NA
"3391","974601",1,"resources/real_fg_memory_images/orig31.jpg","real",NA,NA,NA,NA,NA,NA,NA,NA
"3392","974601",3,"resources/real_fg_memory_images/fg10.jpg","artificial",NA,NA,NA,NA,NA,NA,NA,NA
"3393","974601",2,"resources/real_fg_memory_images/orig22.jpg","real",NA,NA,NA,NA,NA,NA,NA,NA
"3394","974601",6,"resources/real_fg_memory_images/fg16.jpg","artificial",NA,NA,NA,NA,NA,NA,NA,NA
"3395","974601",5,"resources/real_fg_memory_images/orig25.jpg","real",NA,NA,NA,NA,NA,NA,NA,NA
"3396","974601",3,"resources/real_fg_memory_images/orig27.jpg","real",NA,NA,NA,NA,NA,NA,NA,NA
"3397","974601",6,"resources/real_fg_memory_images/fg15.jpg","artificial",NA,NA,NA,NA,NA,NA,NA,NA
"3398","974601",6,"resources/real_fg_memory_images/fg17.jpg","artificial",NA,NA,NA,NA,NA,NA,NA,NA
"3399","974601",NA,NA,NA,NA,NA,NA,NA,NA,NA,NA,NA
"3400","974601",NA,"resources/real_fg_memory_images/orig26.jpg",NA,"real","Neutral",NA,NA,NA,NA,NA,NA
"3401","974601",NA,"resources/real_fg_memory_images/orig23.jpg",NA,"real","Scam",NA,NA,NA,NA,NA,NA
"3402","974601",NA,"resources/real_fg_memory_images/orig29.jpg",NA,"real","Neutral",NA,NA,NA,NA,NA,NA
"3403","974601",NA,"resources/real_fg_memory_images/fg5.jpg",NA,"artificial","Scam",NA,NA,NA,NA,NA,NA
"3404","974601",NA,"resources/real_fg_memory_images/fg10.jpg",NA,"artificial","Neutral",NA,NA,NA,NA,NA,NA
"3405","974601",NA,"resources/real_fg_memory_images/orig19.jpg",NA,"real","Scam",NA,NA,NA,NA,NA,NA
"3406","974601",NA,"resources/real_fg_memory_images/fg3.jpg",NA,"artificial","Scam",NA,NA,NA,NA,NA,NA
"3407","974601",NA,"resources/real_fg_memory_images/fg7.jpg",NA,"artificial","Neutral",NA,NA,NA,NA,NA,NA
"3408","974601",NA,"resources/real_fg_memory_images/orig22.jpg",NA,"real","Scam",NA,NA,NA,NA,NA,NA
"3409","974601",NA,"resources/real_fg_memory_images/fg9.jpg",NA,"artificial","Neutral",NA,NA,NA,NA,NA,NA
"3410","974601",NA,"resources/real_fg_memory_images/fg1.jpg",NA,"artificial","Scam",NA,NA,NA,NA,NA,NA
"3411","974601",NA,"resources/real_fg_memory_images/fg2.jpg",NA,"artificial","Scam",NA,NA,NA,NA,NA,NA
"3412","974601",NA,"resources/real_fg_memory_images/fg8.jpg",NA,"artificial","Neutral",NA,NA,NA,NA,NA,NA
"3413","974601",NA,"resources/real_fg_memory_images/fg12.jpg",NA,"artificial","Neutral",NA,NA,NA,NA,NA,NA
"3414","974601",NA,"resources/real_fg_memory_images/fg6.jpg",NA,"artificial","Scam",NA,NA,NA,NA,NA,NA
"3415","974601",NA,"resources/real_fg_memory_images/fg4.jpg",NA,"artificial","Scam",NA,NA,NA,NA,NA,NA
"3416","974601",NA,"resources/real_fg_memory_images/fg11.jpg",NA,"artificial","Neutral",NA,NA,NA,NA,NA,NA
"3417","974601",NA,"resources/real_fg_memory_images/orig28.jpg",NA,"real","Neutral",NA,NA,NA,NA,NA,NA
"3418","974601",NA,"resources/real_fg_memory_images/orig21.jpg",NA,"real","Scam",NA,NA,NA,NA,NA,NA
"3419","974601",NA,"resources/real_fg_memory_images/orig20.jpg",NA,"real","Scam",NA,NA,NA,NA,NA,NA
"3420","974601",NA,"resources/real_fg_memory_images/orig25.jpg",NA,"real","Neutral",NA,NA,NA,NA,NA,NA
"3421","974601",NA,"resources/real_fg_memory_images/orig30.jpg",NA,"real","Neutral",NA,NA,NA,NA,NA,NA
"3422","974601",NA,"resources/real_fg_memory_images/orig27.jpg",NA,"real","Neutral",NA,NA,NA,NA,NA,NA
"3423","974601",NA,"resources/real_fg_memory_images/orig24.jpg",NA,"real","Scam",NA,NA,NA,NA,NA,NA
"3424","974601",NA,NA,NA,NA,NA,NA,NA,NA,NA,NA,NA
"3425","974601",NA,"resources/real_fg_memory_images/orig19.jpg",NA,"real","Scam","[""scam_button""]","0",NA,NA,NA,NA
"3426","974601",NA,"resources/real_fg_memory_images/fg2.jpg",NA,"artificial","Scam","[""scam_button""]","0",NA,NA,NA,NA
"3427","974601",NA,"resources/real_fg_memory_images/fg5.jpg",NA,"artificial","Scam","[""scam_button""]","0",NA,NA,NA,NA
"3428","974601",NA,"resources/real_fg_memory_images/fg1.jpg",NA,"artificial","Scam","[""scam_button""]","0",NA,NA,NA,NA
"3429","974601",NA,"resources/real_fg_memory_images/orig21.jpg",NA,"real","Scam","[""neutral_button""]","0",NA,NA,NA,NA
"3430","974601",NA,"resources/real_fg_memory_images/orig30.jpg",NA,"real","Neutral","[""neutral_button""]","0",NA,NA,NA,NA
"3431","974601",NA,"resources/real_fg_memory_images/fg7.jpg",NA,"artificial","Neutral","[""neutral_button""]","0",NA,NA,NA,NA
"3432","974601",NA,"resources/real_fg_memory_images/fg8.jpg",NA,"artificial","Neutral","[""neutral_button""]","0",NA,NA,NA,NA
"3433","974601",NA,"resources/real_fg_memory_images/fg11.jpg",NA,"artificial","Neutral","[""neutral_button""]","0",NA,NA,NA,NA
"3434","974601",NA,"resources/real_fg_memory_images/fg4.jpg",NA,"artificial","Scam","[""neutral_button""]","0",NA,NA,NA,NA
"3435","974601",NA,"resources/real_fg_memory_images/orig24.jpg",NA,"real","Scam","[""scam_button""]","0",NA,NA,NA,NA
"3436","974601",NA,"resources/real_fg_memory_images/fg12.jpg",NA,"artificial","Neutral","[""neutral_button""]","0",NA,NA,NA,NA
"3437","974601",NA,"resources/real_fg_memory_images/orig28.jpg",NA,"real","Neutral","[""neutral_button""]","0",NA,NA,NA,NA
"3438","974601",NA,"resources/real_fg_memory_images/orig27.jpg",NA,"real","Neutral","[""scam_button""]","0",NA,NA,NA,NA
"3439","974601",NA,"resources/real_fg_memory_images/fg10.jpg",NA,"artificial","Neutral","[""neutral_button""]","0",NA,NA,NA,NA
"3440","974601",NA,"resources/real_fg_memory_images/orig25.jpg",NA,"real","Neutral","[""neutral_button""]","0",NA,NA,NA,NA
"3441","974601",NA,"resources/real_fg_memory_images/fg6.jpg",NA,"artificial","Scam","[""neutral_button""]","0",NA,NA,NA,NA
"3442","974601",NA,"resources/real_fg_memory_images/fg3.jpg",NA,"artificial","Scam","[""scam_button""]","0",NA,NA,NA,NA
"3443","974601",NA,"resources/real_fg_memory_images/orig22.jpg",NA,"real","Scam","[""neutral_button""]","0",NA,NA,NA,NA
"3444","974601",NA,"resources/real_fg_memory_images/fg9.jpg",NA,"artificial","Neutral","[""scam_button""]","0",NA,NA,NA,NA
"3445","974601",NA,"resources/real_fg_memory_images/orig26.jpg",NA,"real","Neutral","[""neutral_button""]","0",NA,NA,NA,NA
"3446","974601",NA,"resources/real_fg_memory_images/orig29.jpg",NA,"real","Neutral","[""neutral_button""]","0",NA,NA,NA,NA
"3447","974601",NA,"resources/real_fg_memory_images/orig23.jpg",NA,"real","Scam","[""neutral_button""]","0",NA,NA,NA,NA
"3448","974601",NA,"resources/real_fg_memory_images/orig20.jpg",NA,"real","Scam","[""neutral_button""]","0",NA,NA,NA,NA
"3449","974601",NA,NA,NA,NA,NA,NA,NA,NA,NA,NA,NA
"3450","974601",4,"resources/real_fg_memory_images/orig21.jpg","real",NA,NA,NA,NA,NA,NA,NA,NA
"3451","974601",6,"resources/real_fg_memory_images/fg14.jpg","artificial",NA,NA,NA,NA,NA,NA,NA,NA
"3452","974601",5,"resources/real_fg_memory_images/orig20.jpg","real",NA,NA,NA,NA,NA,NA,NA,NA
"3453","974601",3,"resources/real_fg_memory_images/fg1.jpg","artificial",NA,NA,NA,NA,NA,NA,NA,NA
"3454","974601",3,"resources/real_fg_memory_images/fg9.jpg","artificial",NA,NA,NA,NA,NA,NA,NA,NA
"3455","974601",9,"resources/real_fg_memory_images/orig34.jpg","real",NA,NA,NA,NA,NA,NA,NA,NA
"3456","974601",5,"resources/real_fg_memory_images/orig24.jpg","real",NA,NA,NA,NA,NA,NA,NA,NA
"3457","974601",3,"resources/real_fg_memory_images/orig35.jpg","real",NA,NA,NA,NA,NA,NA,NA,NA
"3458","974601",1,"resources/real_fg_memory_images/fg12.jpg","artificial",NA,NA,NA,NA,NA,NA,NA,NA
"3459","974601",6,"resources/real_fg_memory_images/orig19.jpg","real",NA,NA,NA,NA,NA,NA,NA,NA
"3460","974601",5,"resources/real_fg_memory_images/fg5.jpg","artificial",NA,NA,NA,NA,NA,NA,NA,NA
"3461","974601",5,"resources/real_fg_memory_images/orig23.jpg","real",NA,NA,NA,NA,NA,NA,NA,NA
"3462","974601",3,"resources/real_fg_memory_images/fg7.jpg","artificial",NA,NA,NA,NA,NA,NA,NA,NA
"3463","974601",4,"resources/real_fg_memory_images/fg18.jpg","artificial",NA,NA,NA,NA,NA,NA,NA,NA
"3464","974601",7,"resources/real_fg_memory_images/fg16.jpg","artificial",NA,NA,NA,NA,NA,NA,NA,NA
"3465","974601",5,"resources/real_fg_memory_images/orig26.jpg","real",NA,NA,NA,NA,NA,NA,NA,NA
"3466","974601",4,"resources/real_fg_memory_images/fg10.jpg","artificial",NA,NA,NA,NA,NA,NA,NA,NA
"3467","974601",5,"resources/real_fg_memory_images/orig29.jpg","real",NA,NA,NA,NA,NA,NA,NA,NA
"3468","974601",7,"resources/real_fg_memory_images/orig28.jpg","real",NA,NA,NA,NA,NA,NA,NA,NA
"3469","974601",6,"resources/real_fg_memory_images/fg17.jpg","artificial",NA,NA,NA,NA,NA,NA,NA,NA
"3470","974601",6,"resources/real_fg_memory_images/orig36.jpg","real",NA,NA,NA,NA,NA,NA,NA,NA
"3471","974601",5,"resources/real_fg_memory_images/fg3.jpg","artificial",NA,NA,NA,NA,NA,NA,NA,NA
"3472","974601",6,"resources/real_fg_memory_images/orig32.jpg","real",NA,NA,NA,NA,NA,NA,NA,NA
"3473","974601",5,"resources/real_fg_memory_images/orig33.jpg","real",NA,NA,NA,NA,NA,NA,NA,NA
"3474","974601",7,"resources/real_fg_memory_images/orig30.jpg","real",NA,NA,NA,NA,NA,NA,NA,NA
"3475","974601",7,"resources/real_fg_memory_images/fg15.jpg","artificial",NA,NA,NA,NA,NA,NA,NA,NA
"3476","974601",3,"resources/real_fg_memory_images/orig31.jpg","real",NA,NA,NA,NA,NA,NA,NA,NA
"3477","974601",8,"resources/real_fg_memory_images/orig25.jpg","real",NA,NA,NA,NA,NA,NA,NA,NA
"3478","974601",1,"resources/real_fg_memory_images/orig22.jpg","real",NA,NA,NA,NA,NA,NA,NA,NA
"3479","974601",3,"resources/real_fg_memory_images/fg8.jpg","artificial",NA,NA,NA,NA,NA,NA,NA,NA
"3480","974601",2,"resources/real_fg_memory_images/orig27.jpg","real",NA,NA,NA,NA,NA,NA,NA,NA
"3481","974601",2,"resources/real_fg_memory_images/fg2.jpg","artificial",NA,NA,NA,NA,NA,NA,NA,NA
"3482","974601",10,"resources/real_fg_memory_images/fg6.jpg","artificial",NA,NA,NA,NA,NA,NA,NA,NA
"3483","974601",9,"resources/real_fg_memory_images/fg4.jpg","artificial",NA,NA,NA,NA,NA,NA,NA,NA
"3484","974601",6,"resources/real_fg_memory_images/fg11.jpg","artificial",NA,NA,NA,NA,NA,NA,NA,NA
"3485","974601",4,"resources/real_fg_memory_images/fg13.jpg","artificial",NA,NA,NA,NA,NA,NA,NA,NA
"3486","974601",NA,NA,NA,NA,NA,NA,NA,NA,NA,NA,NA
"3487","974601",NA,NA,NA,NA,NA,NA,NA,3,"Persons over the age of 65 are often targeted by con-artists",NA,NA
"3488","974601",NA,NA,NA,NA,NA,NA,NA,2,"If something sounds too good to be true, it usually is",NA,NA
"3489","974601",NA,NA,NA,NA,NA,NA,NA,1,"I have difficulty ending a phone call, even if the caller is a telemarketer, someone I do not know, or someone I do not wish to call me",NA,NA
"3490","974601",NA,NA,NA,NA,NA,NA,NA,1,"I answer the phone whenever it rings, even if I do not know who is calling",NA,NA
"3491","974601",NA,NA,NA,NA,NA,NA,NA,1,"If a telemarketer calls me, I usually listen to what they have to say",NA,NA
"3492","974601",NA,NA,NA,NA,NA,NA,NA,NA,NA,NA,NA
"3493","974601",NA,NA,NA,NA,NA,NA,NA,NA,NA,"[""female_option""]",NA
"3494","974601",NA,NA,NA,NA,NA,NA,NA,NA,NA,NA,71
"3495","974601",NA,NA,NA,NA,NA,NA,NA,NA,NA,NA,NA
"3496","974601",NA,NA,NA,NA,NA,NA,NA,NA,NA,NA,NA
"3497","974601",NA,NA,NA,NA,NA,NA,NA,NA,NA,NA,NA
"3498","974601",NA,NA,NA,NA,NA,NA,NA,NA,NA,NA,NA
"3499","974601",NA,NA,NA,NA,NA,NA,NA,NA,NA,NA,NA
"3500","974601",NA,NA,NA,NA,NA,NA,NA,NA,NA,NA,NA
"3501","974601",NA,NA,NA,NA,NA,NA,NA,NA,NA,NA,NA
"3502","974601",NA,NA,NA,NA,NA,NA,NA,NA,NA,NA,NA
"3503","974601",NA,NA,NA,NA,NA,NA,NA,NA,NA,NA,NA
"3504","974601",NA,NA,NA,NA,NA,NA,NA,NA,NA,NA,NA
