"","participant","textbox_comp.text","figure2","Type","type","label2","button_selections_test","textbox_comp_2.text","slider1.response","ss_question","Gender","textboxAge.text"
"1","054543",NA,NA,NA,NA,NA,NA,NA,NA,NA,NA,NA
"2","054543",NA,NA,NA,NA,NA,NA,NA,NA,NA,NA,NA
"3","054543",NA,NA,NA,NA,NA,NA,NA,NA,NA,NA,NA
"4","054543",NA,NA,NA,NA,NA,NA,NA,NA,NA,NA,NA
"5","054543",5,"resources/real_fg_memory_images/fg33.jpg","artificial",NA,NA,NA,NA,NA,NA,NA,NA
"6","054543",6,"resources/real_fg_memory_images/orig8.jpg","real",NA,NA,NA,NA,NA,NA,NA,NA
"7","054543",7,"resources/real_fg_memory_images/orig16.jpg","real",NA,NA,NA,NA,NA,NA,NA,NA
"8","054543",6,"resources/real_fg_memory_images/fg23.jpg","artificial",NA,NA,NA,NA,NA,NA,NA,NA
"9","054543",8,"resources/real_fg_memory_images/fg34.jpg","artificial",NA,NA,NA,NA,NA,NA,NA,NA
"10","054543",8,"resources/real_fg_memory_images/orig2.jpg","real",NA,NA,NA,NA,NA,NA,NA,NA
"11","054543",5,"resources/real_fg_memory_images/orig17.jpg","real",NA,NA,NA,NA,NA,NA,NA,NA
"12","054543",6,"resources/real_fg_memory_images/fg25.jpg","artificial",NA,NA,NA,NA,NA,NA,NA,NA
"13","054543",6,"resources/real_fg_memory_images/fg22.jpg","artificial",NA,NA,NA,NA,NA,NA,NA,NA
"14","054543",6,"resources/real_fg_memory_images/fg32.jpg","artificial",NA,NA,NA,NA,NA,NA,NA,NA
"15","054543",7,"resources/real_fg_memory_images/orig18.jpg","real",NA,NA,NA,NA,NA,NA,NA,NA
"16","054543",4,"resources/real_fg_memory_images/fg21.jpg","artificial",NA,NA,NA,NA,NA,NA,NA,NA
"17","054543",5,"resources/real_fg_memory_images/fg19.jpg","artificial",NA,NA,NA,NA,NA,NA,NA,NA
"18","054543",5,"resources/real_fg_memory_images/fg35.jpg","artificial",NA,NA,NA,NA,NA,NA,NA,NA
"19","054543",4,"resources/real_fg_memory_images/orig5.jpg","real",NA,NA,NA,NA,NA,NA,NA,NA
"20","054543",6,"resources/real_fg_memory_images/orig11.jpg","real",NA,NA,NA,NA,NA,NA,NA,NA
"21","054543",6,"resources/real_fg_memory_images/fg36.jpg","artificial",NA,NA,NA,NA,NA,NA,NA,NA
"22","054543",6,"resources/real_fg_memory_images/orig6.jpg","real",NA,NA,NA,NA,NA,NA,NA,NA
"23","054543",5,"resources/real_fg_memory_images/orig9.jpg","real",NA,NA,NA,NA,NA,NA,NA,NA
"24","054543",6,"resources/real_fg_memory_images/orig12.jpg","real",NA,NA,NA,NA,NA,NA,NA,NA
"25","054543",6,"resources/real_fg_memory_images/fg20.jpg","artificial",NA,NA,NA,NA,NA,NA,NA,NA
"26","054543",5,"resources/real_fg_memory_images/fg31.jpg","artificial",NA,NA,NA,NA,NA,NA,NA,NA
"27","054543",8,"resources/real_fg_memory_images/orig4.jpg","real",NA,NA,NA,NA,NA,NA,NA,NA
"28","054543",6,"resources/real_fg_memory_images/fg28.jpg","artificial",NA,NA,NA,NA,NA,NA,NA,NA
"29","054543",5,"resources/real_fg_memory_images/orig1.jpg","real",NA,NA,NA,NA,NA,NA,NA,NA
"30","054543",6,"resources/real_fg_memory_images/orig7.jpg","real",NA,NA,NA,NA,NA,NA,NA,NA
"31","054543",7,"resources/real_fg_memory_images/fg24.jpg","artificial",NA,NA,NA,NA,NA,NA,NA,NA
"32","054543",6,"resources/real_fg_memory_images/fg30.jpg","artificial",NA,NA,NA,NA,NA,NA,NA,NA
"33","054543",5,"resources/real_fg_memory_images/fg29.jpg","artificial",NA,NA,NA,NA,NA,NA,NA,NA
"34","054543",5,"resources/real_fg_memory_images/orig15.jpg","real",NA,NA,NA,NA,NA,NA,NA,NA
"35","054543",6,"resources/real_fg_memory_images/orig14.jpg","real",NA,NA,NA,NA,NA,NA,NA,NA
"36","054543",7,"resources/real_fg_memory_images/orig10.jpg","real",NA,NA,NA,NA,NA,NA,NA,NA
"37","054543",4,"resources/real_fg_memory_images/orig3.jpg","real",NA,NA,NA,NA,NA,NA,NA,NA
"38","054543",6,"resources/real_fg_memory_images/fg26.jpg","artificial",NA,NA,NA,NA,NA,NA,NA,NA
"39","054543",5,"resources/real_fg_memory_images/fg27.jpg","artificial",NA,NA,NA,NA,NA,NA,NA,NA
"40","054543",6,"resources/real_fg_memory_images/orig13.jpg","real",NA,NA,NA,NA,NA,NA,NA,NA
"41","054543",NA,NA,NA,NA,NA,NA,NA,NA,NA,NA,NA
"42","054543",NA,"resources/real_fg_memory_images/fg19.jpg",NA,"artificial","Scam",NA,NA,NA,NA,NA,NA
"43","054543",NA,"resources/real_fg_memory_images/orig8.jpg",NA,"real","Neutral",NA,NA,NA,NA,NA,NA
"44","054543",NA,"resources/real_fg_memory_images/orig10.jpg",NA,"real","Neutral",NA,NA,NA,NA,NA,NA
"45","054543",NA,"resources/real_fg_memory_images/fg29.jpg",NA,"artificial","Neutral",NA,NA,NA,NA,NA,NA
"46","054543",NA,"resources/real_fg_memory_images/fg20.jpg",NA,"artificial","Scam",NA,NA,NA,NA,NA,NA
"47","054543",NA,"resources/real_fg_memory_images/fg22.jpg",NA,"artificial","Scam",NA,NA,NA,NA,NA,NA
"48","054543",NA,"resources/real_fg_memory_images/orig12.jpg",NA,"real","Neutral",NA,NA,NA,NA,NA,NA
"49","054543",NA,"resources/real_fg_memory_images/orig2.jpg",NA,"real","Scam",NA,NA,NA,NA,NA,NA
"50","054543",NA,"resources/real_fg_memory_images/orig3.jpg",NA,"real","Scam",NA,NA,NA,NA,NA,NA
"51","054543",NA,"resources/real_fg_memory_images/orig1.jpg",NA,"real","Scam",NA,NA,NA,NA,NA,NA
"52","054543",NA,"resources/real_fg_memory_images/fg24.jpg",NA,"artificial","Scam",NA,NA,NA,NA,NA,NA
"53","054543",NA,"resources/real_fg_memory_images/orig9.jpg",NA,"real","Neutral",NA,NA,NA,NA,NA,NA
"54","054543",NA,"resources/real_fg_memory_images/fg26.jpg",NA,"artificial","Neutral",NA,NA,NA,NA,NA,NA
"55","054543",NA,"resources/real_fg_memory_images/orig6.jpg",NA,"real","Scam",NA,NA,NA,NA,NA,NA
"56","054543",NA,"resources/real_fg_memory_images/fg21.jpg",NA,"artificial","Scam",NA,NA,NA,NA,NA,NA
"57","054543",NA,"resources/real_fg_memory_images/fg23.jpg",NA,"artificial","Scam",NA,NA,NA,NA,NA,NA
"58","054543",NA,"resources/real_fg_memory_images/orig4.jpg",NA,"real","Scam",NA,NA,NA,NA,NA,NA
"59","054543",NA,"resources/real_fg_memory_images/orig7.jpg",NA,"real","Neutral",NA,NA,NA,NA,NA,NA
"60","054543",NA,"resources/real_fg_memory_images/fg27.jpg",NA,"artificial","Neutral",NA,NA,NA,NA,NA,NA
"61","054543",NA,"resources/real_fg_memory_images/fg25.jpg",NA,"artificial","Neutral",NA,NA,NA,NA,NA,NA
"62","054543",NA,"resources/real_fg_memory_images/fg30.jpg",NA,"artificial","Neutral",NA,NA,NA,NA,NA,NA
"63","054543",NA,"resources/real_fg_memory_images/orig5.jpg",NA,"real","Scam",NA,NA,NA,NA,NA,NA
"64","054543",NA,"resources/real_fg_memory_images/fg28.jpg",NA,"artificial","Neutral",NA,NA,NA,NA,NA,NA
"65","054543",NA,"resources/real_fg_memory_images/orig11.jpg",NA,"real","Neutral",NA,NA,NA,NA,NA,NA
"66","054543",NA,NA,NA,NA,NA,NA,NA,NA,NA,NA,NA
"67","054543",NA,"resources/real_fg_memory_images/fg20.jpg",NA,"artificial","Scam","[""scam_button""]","10",NA,NA,NA,NA
"68","054543",NA,"resources/real_fg_memory_images/orig10.jpg",NA,"real","Neutral","[""neutral_button""]","8",NA,NA,NA,NA
"69","054543",NA,"resources/real_fg_memory_images/fg27.jpg",NA,"artificial","Neutral","[""neutral_button""]","8",NA,NA,NA,NA
"70","054543",NA,"resources/real_fg_memory_images/orig12.jpg",NA,"real","Neutral","[""scam_button""]","9",NA,NA,NA,NA
"71","054543",NA,"resources/real_fg_memory_images/fg25.jpg",NA,"artificial","Neutral","[""neutral_button""]","8",NA,NA,NA,NA
"72","054543",NA,"resources/real_fg_memory_images/orig2.jpg",NA,"real","Scam","[""scam_button""]","10",NA,NA,NA,NA
"73","054543",NA,"resources/real_fg_memory_images/orig7.jpg",NA,"real","Neutral","[""neutral_button""]","8",NA,NA,NA,NA
"74","054543",NA,"resources/real_fg_memory_images/orig9.jpg",NA,"real","Neutral","[""neutral_button""]","9",NA,NA,NA,NA
"75","054543",NA,"resources/real_fg_memory_images/fg22.jpg",NA,"artificial","Scam","[""scam_button""]","10",NA,NA,NA,NA
"76","054543",NA,"resources/real_fg_memory_images/fg19.jpg",NA,"artificial","Scam","[""neutral_button""]","7",NA,NA,NA,NA
"77","054543",NA,"resources/real_fg_memory_images/fg23.jpg",NA,"artificial","Scam","[""scam_button""]","10",NA,NA,NA,NA
"78","054543",NA,"resources/real_fg_memory_images/fg21.jpg",NA,"artificial","Scam","[""scam_button""]","6",NA,NA,NA,NA
"79","054543",NA,"resources/real_fg_memory_images/fg28.jpg",NA,"artificial","Neutral","[""scam_button""]","8",NA,NA,NA,NA
"80","054543",NA,"resources/real_fg_memory_images/fg30.jpg",NA,"artificial","Neutral","[""neutral_button""]","7",NA,NA,NA,NA
"81","054543",NA,"resources/real_fg_memory_images/orig5.jpg",NA,"real","Scam","[""scam_button""]","8",NA,NA,NA,NA
"82","054543",NA,"resources/real_fg_memory_images/fg24.jpg",NA,"artificial","Scam","[""scam_button""]","10",NA,NA,NA,NA
"83","054543",NA,"resources/real_fg_memory_images/orig6.jpg",NA,"real","Scam","[""scam_button""]","10",NA,NA,NA,NA
"84","054543",NA,"resources/real_fg_memory_images/orig1.jpg",NA,"real","Scam","[""neutral_button""]","8",NA,NA,NA,NA
"85","054543",NA,"resources/real_fg_memory_images/orig3.jpg",NA,"real","Scam","[""scam_button""]","10",NA,NA,NA,NA
"86","054543",NA,"resources/real_fg_memory_images/fg26.jpg",NA,"artificial","Neutral","[""neutral_button""]","7",NA,NA,NA,NA
"87","054543",NA,"resources/real_fg_memory_images/fg29.jpg",NA,"artificial","Neutral","[""neutral_button""]","8",NA,NA,NA,NA
"88","054543",NA,"resources/real_fg_memory_images/orig8.jpg",NA,"real","Neutral","[""neutral_button""]","10",NA,NA,NA,NA
"89","054543",NA,"resources/real_fg_memory_images/orig4.jpg",NA,"real","Scam","[""scam_button""]","8",NA,NA,NA,NA
"90","054543",NA,"resources/real_fg_memory_images/orig11.jpg",NA,"real","Neutral","[""neutral_button""]","8",NA,NA,NA,NA
"91","054543",NA,NA,NA,NA,NA,NA,NA,NA,NA,NA,NA
"92","054543",5,"resources/real_fg_memory_images/orig5.jpg","real",NA,NA,NA,NA,NA,NA,NA,NA
"93","054543",6,"resources/real_fg_memory_images/orig11.jpg","real",NA,NA,NA,NA,NA,NA,NA,NA
"94","054543",4,"resources/real_fg_memory_images/fg29.jpg","artificial",NA,NA,NA,NA,NA,NA,NA,NA
"95","054543",6,"resources/real_fg_memory_images/orig7.jpg","real",NA,NA,NA,NA,NA,NA,NA,NA
"96","054543",7,"resources/real_fg_memory_images/fg19.jpg","artificial",NA,NA,NA,NA,NA,NA,NA,NA
"97","054543",8,"resources/real_fg_memory_images/fg35.jpg","artificial",NA,NA,NA,NA,NA,NA,NA,NA
"98","054543",6,"resources/real_fg_memory_images/fg32.jpg","artificial",NA,NA,NA,NA,NA,NA,NA,NA
"99","054543",7,"resources/real_fg_memory_images/orig4.jpg","real",NA,NA,NA,NA,NA,NA,NA,NA
"100","054543",6,"resources/real_fg_memory_images/orig1.jpg","real",NA,NA,NA,NA,NA,NA,NA,NA
"101","054543",5,"resources/real_fg_memory_images/orig12.jpg","real",NA,NA,NA,NA,NA,NA,NA,NA
"102","054543",7,"resources/real_fg_memory_images/fg25.jpg","artificial",NA,NA,NA,NA,NA,NA,NA,NA
"103","054543",6,"resources/real_fg_memory_images/fg24.jpg","artificial",NA,NA,NA,NA,NA,NA,NA,NA
"104","054543",7,"resources/real_fg_memory_images/orig2.jpg","real",NA,NA,NA,NA,NA,NA,NA,NA
"105","054543",5,"resources/real_fg_memory_images/orig16.jpg","real",NA,NA,NA,NA,NA,NA,NA,NA
"106","054543",4,"resources/real_fg_memory_images/fg20.jpg","artificial",NA,NA,NA,NA,NA,NA,NA,NA
"107","054543",7,"resources/real_fg_memory_images/orig14.jpg","real",NA,NA,NA,NA,NA,NA,NA,NA
"108","054543",5,"resources/real_fg_memory_images/fg33.jpg","artificial",NA,NA,NA,NA,NA,NA,NA,NA
"109","054543",5,"resources/real_fg_memory_images/fg21.jpg","artificial",NA,NA,NA,NA,NA,NA,NA,NA
"110","054543",4,"resources/real_fg_memory_images/orig3.jpg","real",NA,NA,NA,NA,NA,NA,NA,NA
"111","054543",4,"resources/real_fg_memory_images/fg30.jpg","artificial",NA,NA,NA,NA,NA,NA,NA,NA
"112","054543",5,"resources/real_fg_memory_images/fg28.jpg","artificial",NA,NA,NA,NA,NA,NA,NA,NA
"113","054543",4,"resources/real_fg_memory_images/fg23.jpg","artificial",NA,NA,NA,NA,NA,NA,NA,NA
"114","054543",4,"resources/real_fg_memory_images/orig9.jpg","real",NA,NA,NA,NA,NA,NA,NA,NA
"115","054543",7,"resources/real_fg_memory_images/fg34.jpg","artificial",NA,NA,NA,NA,NA,NA,NA,NA
"116","054543",6,"resources/real_fg_memory_images/orig15.jpg","real",NA,NA,NA,NA,NA,NA,NA,NA
"117","054543",4,"resources/real_fg_memory_images/fg22.jpg","artificial",NA,NA,NA,NA,NA,NA,NA,NA
"118","054543",4,"resources/real_fg_memory_images/fg27.jpg","artificial",NA,NA,NA,NA,NA,NA,NA,NA
"119","054543",8,"resources/real_fg_memory_images/fg26.jpg","artificial",NA,NA,NA,NA,NA,NA,NA,NA
"120","054543",7,"resources/real_fg_memory_images/orig10.jpg","real",NA,NA,NA,NA,NA,NA,NA,NA
"121","054543",6,"resources/real_fg_memory_images/fg36.jpg","artificial",NA,NA,NA,NA,NA,NA,NA,NA
"122","054543",7,"resources/real_fg_memory_images/orig18.jpg","real",NA,NA,NA,NA,NA,NA,NA,NA
"123","054543",6,"resources/real_fg_memory_images/orig6.jpg","real",NA,NA,NA,NA,NA,NA,NA,NA
"124","054543",6,"resources/real_fg_memory_images/orig17.jpg","real",NA,NA,NA,NA,NA,NA,NA,NA
"125","054543",5,"resources/real_fg_memory_images/orig8.jpg","real",NA,NA,NA,NA,NA,NA,NA,NA
"126","054543",4,"resources/real_fg_memory_images/fg31.jpg","artificial",NA,NA,NA,NA,NA,NA,NA,NA
"127","054543",6,"resources/real_fg_memory_images/orig13.jpg","real",NA,NA,NA,NA,NA,NA,NA,NA
"128","054543",NA,NA,NA,NA,NA,NA,NA,NA,NA,NA,NA
"129","054543",NA,NA,NA,NA,NA,NA,NA,3,"Persons over the age of 65 are often targeted by con-artists",NA,NA
"130","054543",NA,NA,NA,NA,NA,NA,NA,3,"If a telemarketer calls me, I usually listen to what they have to say",NA,NA
"131","054543",NA,NA,NA,NA,NA,NA,NA,3,"I have difficulty ending a phone call, even if the caller is a telemarketer, someone I do not know, or someone I do not wish to call me",NA,NA
"132","054543",NA,NA,NA,NA,NA,NA,NA,2,"I answer the phone whenever it rings, even if I do not know who is calling",NA,NA
"133","054543",NA,NA,NA,NA,NA,NA,NA,4,"If something sounds too good to be true, it usually is",NA,NA
"134","054543",NA,NA,NA,NA,NA,NA,NA,NA,NA,NA,NA
"135","054543",NA,NA,NA,NA,NA,NA,NA,NA,NA,"[""male_option""]",NA
"136","054543",NA,NA,NA,NA,NA,NA,NA,NA,NA,NA,66
"137","054543",NA,NA,NA,NA,NA,NA,NA,NA,NA,NA,NA
"138","054543",NA,NA,NA,NA,NA,NA,NA,NA,NA,NA,NA
"139","054543",NA,NA,NA,NA,NA,NA,NA,NA,NA,NA,NA
"140","054543",NA,NA,NA,NA,NA,NA,NA,NA,NA,NA,NA
"141","054543",NA,NA,NA,NA,NA,NA,NA,NA,NA,NA,NA
"142","054543",NA,NA,NA,NA,NA,NA,NA,NA,NA,NA,NA
"143","054543",NA,NA,NA,NA,NA,NA,NA,NA,NA,NA,NA
"144","054543",NA,NA,NA,NA,NA,NA,NA,NA,NA,NA,NA
"145","054543",NA,NA,NA,NA,NA,NA,NA,NA,NA,NA,NA
"146","054543",NA,NA,NA,NA,NA,NA,NA,NA,NA,NA,NA
"147","099239",NA,NA,NA,NA,NA,NA,NA,NA,NA,NA,NA
"148","099239",NA,NA,NA,NA,NA,NA,NA,NA,NA,NA,NA
"149","099239",NA,NA,NA,NA,NA,NA,NA,NA,NA,NA,NA
"150","099239",NA,NA,NA,NA,NA,NA,NA,NA,NA,NA,NA
"151","099239",8,"resources/real_fg_memory_images/fg21.jpg","artificial",NA,NA,NA,NA,NA,NA,NA,NA
"152","099239",8,"resources/real_fg_memory_images/fg30.jpg","artificial",NA,NA,NA,NA,NA,NA,NA,NA
"153","099239",6,"resources/real_fg_memory_images/orig18.jpg","real",NA,NA,NA,NA,NA,NA,NA,NA
"154","099239",4,"resources/real_fg_memory_images/orig2.jpg","real",NA,NA,NA,NA,NA,NA,NA,NA
"155","099239",9,"resources/real_fg_memory_images/orig16.jpg","real",NA,NA,NA,NA,NA,NA,NA,NA
"156","099239",3,"resources/real_fg_memory_images/orig8.jpg","real",NA,NA,NA,NA,NA,NA,NA,NA
"157","099239",2,"resources/real_fg_memory_images/fg34.jpg","artificial",NA,NA,NA,NA,NA,NA,NA,NA
"158","099239",5,"resources/real_fg_memory_images/orig17.jpg","real",NA,NA,NA,NA,NA,NA,NA,NA
"159","099239",1,"resources/real_fg_memory_images/fg35.jpg","artificial",NA,NA,NA,NA,NA,NA,NA,NA
"160","099239",6,"resources/real_fg_memory_images/orig10.jpg","real",NA,NA,NA,NA,NA,NA,NA,NA
"161","099239",5,"resources/real_fg_memory_images/orig9.jpg","real",NA,NA,NA,NA,NA,NA,NA,NA
"162","099239",8,"resources/real_fg_memory_images/fg19.jpg","artificial",NA,NA,NA,NA,NA,NA,NA,NA
"163","099239",9,"resources/real_fg_memory_images/orig6.jpg","real",NA,NA,NA,NA,NA,NA,NA,NA
"164","099239",8,"resources/real_fg_memory_images/fg22.jpg","artificial",NA,NA,NA,NA,NA,NA,NA,NA
"165","099239",9,"resources/real_fg_memory_images/fg29.jpg","artificial",NA,NA,NA,NA,NA,NA,NA,NA
"166","099239",4,"resources/real_fg_memory_images/fg23.jpg","artificial",NA,NA,NA,NA,NA,NA,NA,NA
"167","099239",7,"resources/real_fg_memory_images/orig12.jpg","real",NA,NA,NA,NA,NA,NA,NA,NA
"168","099239",2,"resources/real_fg_memory_images/orig13.jpg","real",NA,NA,NA,NA,NA,NA,NA,NA
"169","099239",1,"resources/real_fg_memory_images/fg25.jpg","artificial",NA,NA,NA,NA,NA,NA,NA,NA
"170","099239",8,"resources/real_fg_memory_images/orig14.jpg","real",NA,NA,NA,NA,NA,NA,NA,NA
"171","099239",9,"resources/real_fg_memory_images/fg27.jpg","artificial",NA,NA,NA,NA,NA,NA,NA,NA
"172","099239",1,"resources/real_fg_memory_images/orig7.jpg","real",NA,NA,NA,NA,NA,NA,NA,NA
"173","099239",10,"resources/real_fg_memory_images/fg33.jpg","artificial",NA,NA,NA,NA,NA,NA,NA,NA
"174","099239",8,"resources/real_fg_memory_images/orig1.jpg","real",NA,NA,NA,NA,NA,NA,NA,NA
"175","099239",4,"resources/real_fg_memory_images/fg36.jpg","artificial",NA,NA,NA,NA,NA,NA,NA,NA
"176","099239",7,"resources/real_fg_memory_images/fg26.jpg","artificial",NA,NA,NA,NA,NA,NA,NA,NA
"177","099239",8,"resources/real_fg_memory_images/fg31.jpg","artificial",NA,NA,NA,NA,NA,NA,NA,NA
"178","099239",9,"resources/real_fg_memory_images/orig15.jpg","real",NA,NA,NA,NA,NA,NA,NA,NA
"179","099239",6,"resources/real_fg_memory_images/orig5.jpg","real",NA,NA,NA,NA,NA,NA,NA,NA
"180","099239",3,"resources/real_fg_memory_images/fg20.jpg","artificial",NA,NA,NA,NA,NA,NA,NA,NA
"181","099239",6,"resources/real_fg_memory_images/orig3.jpg","real",NA,NA,NA,NA,NA,NA,NA,NA
"182","099239",9,"resources/real_fg_memory_images/fg28.jpg","artificial",NA,NA,NA,NA,NA,NA,NA,NA
"183","099239",4,"resources/real_fg_memory_images/fg32.jpg","artificial",NA,NA,NA,NA,NA,NA,NA,NA
"184","099239",7,"resources/real_fg_memory_images/orig4.jpg","real",NA,NA,NA,NA,NA,NA,NA,NA
"185","099239",3,"resources/real_fg_memory_images/fg24.jpg","artificial",NA,NA,NA,NA,NA,NA,NA,NA
"186","099239",9,"resources/real_fg_memory_images/orig11.jpg","real",NA,NA,NA,NA,NA,NA,NA,NA
"187","099239",NA,NA,NA,NA,NA,NA,NA,NA,NA,NA,NA
"188","099239",NA,"resources/real_fg_memory_images/fg20.jpg",NA,"artificial","Scam",NA,NA,NA,NA,NA,NA
"189","099239",NA,"resources/real_fg_memory_images/fg23.jpg",NA,"artificial","Scam",NA,NA,NA,NA,NA,NA
"190","099239",NA,"resources/real_fg_memory_images/orig2.jpg",NA,"real","Scam",NA,NA,NA,NA,NA,NA
"191","099239",NA,"resources/real_fg_memory_images/orig4.jpg",NA,"real","Scam",NA,NA,NA,NA,NA,NA
"192","099239",NA,"resources/real_fg_memory_images/orig9.jpg",NA,"real","Neutral",NA,NA,NA,NA,NA,NA
"193","099239",NA,"resources/real_fg_memory_images/fg21.jpg",NA,"artificial","Scam",NA,NA,NA,NA,NA,NA
"194","099239",NA,"resources/real_fg_memory_images/orig10.jpg",NA,"real","Neutral",NA,NA,NA,NA,NA,NA
"195","099239",NA,"resources/real_fg_memory_images/fg19.jpg",NA,"artificial","Scam",NA,NA,NA,NA,NA,NA
"196","099239",NA,"resources/real_fg_memory_images/orig3.jpg",NA,"real","Scam",NA,NA,NA,NA,NA,NA
"197","099239",NA,"resources/real_fg_memory_images/fg24.jpg",NA,"artificial","Scam",NA,NA,NA,NA,NA,NA
"198","099239",NA,"resources/real_fg_memory_images/fg30.jpg",NA,"artificial","Neutral",NA,NA,NA,NA,NA,NA
"199","099239",NA,"resources/real_fg_memory_images/orig1.jpg",NA,"real","Scam",NA,NA,NA,NA,NA,NA
"200","099239",NA,"resources/real_fg_memory_images/orig7.jpg",NA,"real","Neutral",NA,NA,NA,NA,NA,NA
"201","099239",NA,"resources/real_fg_memory_images/orig11.jpg",NA,"real","Neutral",NA,NA,NA,NA,NA,NA
"202","099239",NA,"resources/real_fg_memory_images/orig5.jpg",NA,"real","Scam",NA,NA,NA,NA,NA,NA
"203","099239",NA,"resources/real_fg_memory_images/fg27.jpg",NA,"artificial","Neutral",NA,NA,NA,NA,NA,NA
"204","099239",NA,"resources/real_fg_memory_images/fg28.jpg",NA,"artificial","Neutral",NA,NA,NA,NA,NA,NA
"205","099239",NA,"resources/real_fg_memory_images/orig8.jpg",NA,"real","Neutral",NA,NA,NA,NA,NA,NA
"206","099239",NA,"resources/real_fg_memory_images/orig6.jpg",NA,"real","Scam",NA,NA,NA,NA,NA,NA
"207","099239",NA,"resources/real_fg_memory_images/fg29.jpg",NA,"artificial","Neutral",NA,NA,NA,NA,NA,NA
"208","099239",NA,"resources/real_fg_memory_images/fg26.jpg",NA,"artificial","Neutral",NA,NA,NA,NA,NA,NA
"209","099239",NA,"resources/real_fg_memory_images/orig12.jpg",NA,"real","Neutral",NA,NA,NA,NA,NA,NA
"210","099239",NA,"resources/real_fg_memory_images/fg25.jpg",NA,"artificial","Neutral",NA,NA,NA,NA,NA,NA
"211","099239",NA,"resources/real_fg_memory_images/fg22.jpg",NA,"artificial","Scam",NA,NA,NA,NA,NA,NA
"212","099239",NA,NA,NA,NA,NA,NA,NA,NA,NA,NA,NA
"213","099239",NA,"resources/real_fg_memory_images/orig9.jpg",NA,"real","Neutral","[""scam_button""]","9",NA,NA,NA,NA
"214","099239",NA,"resources/real_fg_memory_images/fg28.jpg",NA,"artificial","Neutral","[""scam_button""]","10",NA,NA,NA,NA
"215","099239",NA,"resources/real_fg_memory_images/orig6.jpg",NA,"real","Scam","[""neutral_button""]","5",NA,NA,NA,NA
"216","099239",NA,"resources/real_fg_memory_images/fg24.jpg",NA,"artificial","Scam","[""scam_button""]","5",NA,NA,NA,NA
"217","099239",NA,"resources/real_fg_memory_images/fg26.jpg",NA,"artificial","Neutral","[""scam_button""]","1",NA,NA,NA,NA
"218","099239",NA,"resources/real_fg_memory_images/orig11.jpg",NA,"real","Neutral","[""neutral_button""]","5",NA,NA,NA,NA
"219","099239",NA,"resources/real_fg_memory_images/fg23.jpg",NA,"artificial","Scam","[""scam_button""]","5",NA,NA,NA,NA
"220","099239",NA,"resources/real_fg_memory_images/orig12.jpg",NA,"real","Neutral","[""scam_button""]","9",NA,NA,NA,NA
"221","099239",NA,"resources/real_fg_memory_images/orig8.jpg",NA,"real","Neutral","[""scam_button""]","9",NA,NA,NA,NA
"222","099239",NA,"resources/real_fg_memory_images/fg29.jpg",NA,"artificial","Neutral","[""scam_button""]","9",NA,NA,NA,NA
"223","099239",NA,"resources/real_fg_memory_images/orig5.jpg",NA,"real","Scam","[""scam_button""]","9",NA,NA,NA,NA
"224","099239",NA,"resources/real_fg_memory_images/fg22.jpg",NA,"artificial","Scam","[""scam_button""]","9",NA,NA,NA,NA
"225","099239",NA,"resources/real_fg_memory_images/fg21.jpg",NA,"artificial","Scam","[""neutral_button""]","5",NA,NA,NA,NA
"226","099239",NA,"resources/real_fg_memory_images/fg30.jpg",NA,"artificial","Neutral","[""neutral_button""]","5",NA,NA,NA,NA
"227","099239",NA,"resources/real_fg_memory_images/fg25.jpg",NA,"artificial","Neutral","[""scam_button""]","5",NA,NA,NA,NA
"228","099239",NA,"resources/real_fg_memory_images/fg20.jpg",NA,"artificial","Scam","[""neutral_button""]","5",NA,NA,NA,NA
"229","099239",NA,"resources/real_fg_memory_images/orig3.jpg",NA,"real","Scam","[""neutral_button""]","5",NA,NA,NA,NA
"230","099239",NA,"resources/real_fg_memory_images/orig1.jpg",NA,"real","Scam","[""scam_button""]","7",NA,NA,NA,NA
"231","099239",NA,"resources/real_fg_memory_images/orig7.jpg",NA,"real","Neutral","[""scam_button""]","7",NA,NA,NA,NA
"232","099239",NA,"resources/real_fg_memory_images/orig10.jpg",NA,"real","Neutral","[""scam_button""]","7",NA,NA,NA,NA
"233","099239",NA,"resources/real_fg_memory_images/fg19.jpg",NA,"artificial","Scam","[""neutral_button""]","5",NA,NA,NA,NA
"234","099239",NA,"resources/real_fg_memory_images/orig4.jpg",NA,"real","Scam","[""scam_button""]","7",NA,NA,NA,NA
"235","099239",NA,"resources/real_fg_memory_images/orig2.jpg",NA,"real","Scam","[""scam_button""]","7",NA,NA,NA,NA
"236","099239",NA,"resources/real_fg_memory_images/fg27.jpg",NA,"artificial","Neutral","[""neutral_button""]","7",NA,NA,NA,NA
"237","099239",NA,NA,NA,NA,NA,NA,NA,NA,NA,NA,NA
"238","099239",2,"resources/real_fg_memory_images/orig12.jpg","real",NA,NA,NA,NA,NA,NA,NA,NA
"239","099239",5,"resources/real_fg_memory_images/orig18.jpg","real",NA,NA,NA,NA,NA,NA,NA,NA
"240","099239",8,"resources/real_fg_memory_images/orig1.jpg","real",NA,NA,NA,NA,NA,NA,NA,NA
"241","099239",2,"resources/real_fg_memory_images/fg23.jpg","artificial",NA,NA,NA,NA,NA,NA,NA,NA
"242","099239",2,"resources/real_fg_memory_images/orig11.jpg","real",NA,NA,NA,NA,NA,NA,NA,NA
"243","099239",0,"resources/real_fg_memory_images/fg24.jpg","artificial",NA,NA,NA,NA,NA,NA,NA,NA
"244","099239",1,"resources/real_fg_memory_images/orig16.jpg","real",NA,NA,NA,NA,NA,NA,NA,NA
"245","099239",1,"resources/real_fg_memory_images/orig5.jpg","real",NA,NA,NA,NA,NA,NA,NA,NA
"246","099239",1,"resources/real_fg_memory_images/orig2.jpg","real",NA,NA,NA,NA,NA,NA,NA,NA
"247","099239",9,"resources/real_fg_memory_images/orig3.jpg","real",NA,NA,NA,NA,NA,NA,NA,NA
"248","099239",1,"resources/real_fg_memory_images/fg36.jpg","artificial",NA,NA,NA,NA,NA,NA,NA,NA
"249","099239",1,"resources/real_fg_memory_images/orig14.jpg","real",NA,NA,NA,NA,NA,NA,NA,NA
"250","099239",1,"resources/real_fg_memory_images/fg22.jpg","artificial",NA,NA,NA,NA,NA,NA,NA,NA
"251","099239",1,"resources/real_fg_memory_images/orig4.jpg","real",NA,NA,NA,NA,NA,NA,NA,NA
"252","099239",9,"resources/real_fg_memory_images/orig6.jpg","real",NA,NA,NA,NA,NA,NA,NA,NA
"253","099239",1,"resources/real_fg_memory_images/orig8.jpg","real",NA,NA,NA,NA,NA,NA,NA,NA
"254","099239",1,"resources/real_fg_memory_images/fg35.jpg","artificial",NA,NA,NA,NA,NA,NA,NA,NA
"255","099239",5,"resources/real_fg_memory_images/orig13.jpg","real",NA,NA,NA,NA,NA,NA,NA,NA
"256","099239",1,"resources/real_fg_memory_images/fg27.jpg","artificial",NA,NA,NA,NA,NA,NA,NA,NA
"257","099239",5,"resources/real_fg_memory_images/fg25.jpg","artificial",NA,NA,NA,NA,NA,NA,NA,NA
"258","099239",9,"resources/real_fg_memory_images/fg26.jpg","artificial",NA,NA,NA,NA,NA,NA,NA,NA
"259","099239",9,"resources/real_fg_memory_images/fg33.jpg","artificial",NA,NA,NA,NA,NA,NA,NA,NA
"260","099239",1,"resources/real_fg_memory_images/fg20.jpg","artificial",NA,NA,NA,NA,NA,NA,NA,NA
"261","099239",1,"resources/real_fg_memory_images/fg32.jpg","artificial",NA,NA,NA,NA,NA,NA,NA,NA
"262","099239",6,"resources/real_fg_memory_images/fg19.jpg","artificial",NA,NA,NA,NA,NA,NA,NA,NA
"263","099239",9,"resources/real_fg_memory_images/orig17.jpg","real",NA,NA,NA,NA,NA,NA,NA,NA
"264","099239",1,"resources/real_fg_memory_images/fg29.jpg","artificial",NA,NA,NA,NA,NA,NA,NA,NA
"265","099239",5,"resources/real_fg_memory_images/orig15.jpg","real",NA,NA,NA,NA,NA,NA,NA,NA
"266","099239",1,"resources/real_fg_memory_images/fg31.jpg","artificial",NA,NA,NA,NA,NA,NA,NA,NA
"267","099239",8,"resources/real_fg_memory_images/fg21.jpg","artificial",NA,NA,NA,NA,NA,NA,NA,NA
"268","099239",1,"resources/real_fg_memory_images/fg28.jpg","artificial",NA,NA,NA,NA,NA,NA,NA,NA
"269","099239",9,"resources/real_fg_memory_images/fg30.jpg","artificial",NA,NA,NA,NA,NA,NA,NA,NA
"270","099239",6,"resources/real_fg_memory_images/orig7.jpg","real",NA,NA,NA,NA,NA,NA,NA,NA
"271","099239",9,"resources/real_fg_memory_images/orig9.jpg","real",NA,NA,NA,NA,NA,NA,NA,NA
"272","099239",1,"resources/real_fg_memory_images/fg34.jpg","artificial",NA,NA,NA,NA,NA,NA,NA,NA
"273","099239",4,"resources/real_fg_memory_images/orig10.jpg","real",NA,NA,NA,NA,NA,NA,NA,NA
"274","099239",NA,NA,NA,NA,NA,NA,NA,NA,NA,NA,NA
"275","099239",NA,NA,NA,NA,NA,NA,NA,1,"If a telemarketer calls me, I usually listen to what they have to say",NA,NA
"276","099239",NA,NA,NA,NA,NA,NA,NA,3,"Persons over the age of 65 are often targeted by con-artists",NA,NA
"277","099239",NA,NA,NA,NA,NA,NA,NA,4,"I answer the phone whenever it rings, even if I do not know who is calling",NA,NA
"278","099239",NA,NA,NA,NA,NA,NA,NA,1,"I have difficulty ending a phone call, even if the caller is a telemarketer, someone I do not know, or someone I do not wish to call me",NA,NA
"279","099239",NA,NA,NA,NA,NA,NA,NA,5,"If something sounds too good to be true, it usually is",NA,NA
"280","099239",NA,NA,NA,NA,NA,NA,NA,NA,NA,NA,NA
"281","099239",NA,NA,NA,NA,NA,NA,NA,NA,NA,"[""female_option""]",NA
"282","099239",NA,NA,NA,NA,NA,NA,NA,NA,NA,NA,66
"283","099239",NA,NA,NA,NA,NA,NA,NA,NA,NA,NA,NA
"284","099239",NA,NA,NA,NA,NA,NA,NA,NA,NA,NA,NA
"285","099239",NA,NA,NA,NA,NA,NA,NA,NA,NA,NA,NA
"286","099239",NA,NA,NA,NA,NA,NA,NA,NA,NA,NA,NA
"287","099239",NA,NA,NA,NA,NA,NA,NA,NA,NA,NA,NA
"288","099239",NA,NA,NA,NA,NA,NA,NA,NA,NA,NA,NA
"289","099239",NA,NA,NA,NA,NA,NA,NA,NA,NA,NA,NA
"290","099239",NA,NA,NA,NA,NA,NA,NA,NA,NA,NA,NA
"291","099239",NA,NA,NA,NA,NA,NA,NA,NA,NA,NA,NA
"292","099239",NA,NA,NA,NA,NA,NA,NA,NA,NA,NA,NA
"293","106015",NA,NA,NA,NA,NA,NA,NA,NA,NA,NA,NA
"294","106015",NA,NA,NA,NA,NA,NA,NA,NA,NA,NA,NA
"295","106015",NA,NA,NA,NA,NA,NA,NA,NA,NA,NA,NA
"296","106015",NA,NA,NA,NA,NA,NA,NA,NA,NA,NA,NA
"297","106015",4,"resources/real_fg_memory_images/orig8.jpg","real",NA,NA,NA,NA,NA,NA,NA,NA
"298","106015",8,"resources/real_fg_memory_images/orig12.jpg","real",NA,NA,NA,NA,NA,NA,NA,NA
"299","106015",5,"resources/real_fg_memory_images/orig3.jpg","real",NA,NA,NA,NA,NA,NA,NA,NA
"300","106015",8,"resources/real_fg_memory_images/orig2.jpg","real",NA,NA,NA,NA,NA,NA,NA,NA
"301","106015",9,"resources/real_fg_memory_images/fg24.jpg","artificial",NA,NA,NA,NA,NA,NA,NA,NA
"302","106015",7,"resources/real_fg_memory_images/orig5.jpg","real",NA,NA,NA,NA,NA,NA,NA,NA
"303","106015",4,"resources/real_fg_memory_images/fg27.jpg","artificial",NA,NA,NA,NA,NA,NA,NA,NA
"304","106015",5,"resources/real_fg_memory_images/orig13.jpg","real",NA,NA,NA,NA,NA,NA,NA,NA
"305","106015",7,"resources/real_fg_memory_images/fg19.jpg","artificial",NA,NA,NA,NA,NA,NA,NA,NA
"306","106015",8,"resources/real_fg_memory_images/orig16.jpg","real",NA,NA,NA,NA,NA,NA,NA,NA
"307","106015",9,"resources/real_fg_memory_images/fg23.jpg","artificial",NA,NA,NA,NA,NA,NA,NA,NA
"308","106015",3,"resources/real_fg_memory_images/orig11.jpg","real",NA,NA,NA,NA,NA,NA,NA,NA
"309","106015",5,"resources/real_fg_memory_images/fg22.jpg","artificial",NA,NA,NA,NA,NA,NA,NA,NA
"310","106015",6,"resources/real_fg_memory_images/orig9.jpg","real",NA,NA,NA,NA,NA,NA,NA,NA
"311","106015",5,"resources/real_fg_memory_images/orig7.jpg","real",NA,NA,NA,NA,NA,NA,NA,NA
"312","106015",8,"resources/real_fg_memory_images/fg25.jpg","artificial",NA,NA,NA,NA,NA,NA,NA,NA
"313","106015",4,"resources/real_fg_memory_images/orig10.jpg","real",NA,NA,NA,NA,NA,NA,NA,NA
"314","106015",7,"resources/real_fg_memory_images/fg35.jpg","artificial",NA,NA,NA,NA,NA,NA,NA,NA
"315","106015",9,"resources/real_fg_memory_images/fg36.jpg","artificial",NA,NA,NA,NA,NA,NA,NA,NA
"316","106015",8,"resources/real_fg_memory_images/orig18.jpg","real",NA,NA,NA,NA,NA,NA,NA,NA
"317","106015",9,"resources/real_fg_memory_images/orig4.jpg","real",NA,NA,NA,NA,NA,NA,NA,NA
"318","106015",5,"resources/real_fg_memory_images/fg29.jpg","artificial",NA,NA,NA,NA,NA,NA,NA,NA
"319","106015",4,"resources/real_fg_memory_images/orig15.jpg","real",NA,NA,NA,NA,NA,NA,NA,NA
"320","106015",5,"resources/real_fg_memory_images/orig17.jpg","real",NA,NA,NA,NA,NA,NA,NA,NA
"321","106015",9,"resources/real_fg_memory_images/orig14.jpg","real",NA,NA,NA,NA,NA,NA,NA,NA
"322","106015",8,"resources/real_fg_memory_images/orig1.jpg","real",NA,NA,NA,NA,NA,NA,NA,NA
"323","106015",8,"resources/real_fg_memory_images/orig6.jpg","real",NA,NA,NA,NA,NA,NA,NA,NA
"324","106015",9,"resources/real_fg_memory_images/fg20.jpg","artificial",NA,NA,NA,NA,NA,NA,NA,NA
"325","106015",7,"resources/real_fg_memory_images/fg28.jpg","artificial",NA,NA,NA,NA,NA,NA,NA,NA
"326","106015",8,"resources/real_fg_memory_images/fg21.jpg","artificial",NA,NA,NA,NA,NA,NA,NA,NA
"327","106015",3,"resources/real_fg_memory_images/fg31.jpg","artificial",NA,NA,NA,NA,NA,NA,NA,NA
"328","106015",9,"resources/real_fg_memory_images/fg30.jpg","artificial",NA,NA,NA,NA,NA,NA,NA,NA
"329","106015",8,"resources/real_fg_memory_images/fg34.jpg","artificial",NA,NA,NA,NA,NA,NA,NA,NA
"330","106015",3,"resources/real_fg_memory_images/fg26.jpg","artificial",NA,NA,NA,NA,NA,NA,NA,NA
"331","106015",7,"resources/real_fg_memory_images/fg32.jpg","artificial",NA,NA,NA,NA,NA,NA,NA,NA
"332","106015",6,"resources/real_fg_memory_images/fg33.jpg","artificial",NA,NA,NA,NA,NA,NA,NA,NA
"333","106015",NA,NA,NA,NA,NA,NA,NA,NA,NA,NA,NA
"334","106015",NA,"resources/real_fg_memory_images/fg19.jpg",NA,"artificial","Scam",NA,NA,NA,NA,NA,NA
"335","106015",NA,"resources/real_fg_memory_images/fg26.jpg",NA,"artificial","Neutral",NA,NA,NA,NA,NA,NA
"336","106015",NA,"resources/real_fg_memory_images/fg22.jpg",NA,"artificial","Scam",NA,NA,NA,NA,NA,NA
"337","106015",NA,"resources/real_fg_memory_images/fg30.jpg",NA,"artificial","Neutral",NA,NA,NA,NA,NA,NA
"338","106015",NA,"resources/real_fg_memory_images/fg23.jpg",NA,"artificial","Scam",NA,NA,NA,NA,NA,NA
"339","106015",NA,"resources/real_fg_memory_images/orig4.jpg",NA,"real","Scam",NA,NA,NA,NA,NA,NA
"340","106015",NA,"resources/real_fg_memory_images/orig6.jpg",NA,"real","Scam",NA,NA,NA,NA,NA,NA
"341","106015",NA,"resources/real_fg_memory_images/orig1.jpg",NA,"real","Scam",NA,NA,NA,NA,NA,NA
"342","106015",NA,"resources/real_fg_memory_images/orig5.jpg",NA,"real","Scam",NA,NA,NA,NA,NA,NA
"343","106015",NA,"resources/real_fg_memory_images/fg28.jpg",NA,"artificial","Neutral",NA,NA,NA,NA,NA,NA
"344","106015",NA,"resources/real_fg_memory_images/fg29.jpg",NA,"artificial","Neutral",NA,NA,NA,NA,NA,NA
"345","106015",NA,"resources/real_fg_memory_images/orig7.jpg",NA,"real","Neutral",NA,NA,NA,NA,NA,NA
"346","106015",NA,"resources/real_fg_memory_images/orig12.jpg",NA,"real","Neutral",NA,NA,NA,NA,NA,NA
"347","106015",NA,"resources/real_fg_memory_images/fg24.jpg",NA,"artificial","Scam",NA,NA,NA,NA,NA,NA
"348","106015",NA,"resources/real_fg_memory_images/orig3.jpg",NA,"real","Scam",NA,NA,NA,NA,NA,NA
"349","106015",NA,"resources/real_fg_memory_images/orig11.jpg",NA,"real","Neutral",NA,NA,NA,NA,NA,NA
"350","106015",NA,"resources/real_fg_memory_images/orig8.jpg",NA,"real","Neutral",NA,NA,NA,NA,NA,NA
"351","106015",NA,"resources/real_fg_memory_images/orig10.jpg",NA,"real","Neutral",NA,NA,NA,NA,NA,NA
"352","106015",NA,"resources/real_fg_memory_images/fg25.jpg",NA,"artificial","Neutral",NA,NA,NA,NA,NA,NA
"353","106015",NA,"resources/real_fg_memory_images/fg20.jpg",NA,"artificial","Scam",NA,NA,NA,NA,NA,NA
"354","106015",NA,"resources/real_fg_memory_images/fg27.jpg",NA,"artificial","Neutral",NA,NA,NA,NA,NA,NA
"355","106015",NA,"resources/real_fg_memory_images/orig2.jpg",NA,"real","Scam",NA,NA,NA,NA,NA,NA
"356","106015",NA,"resources/real_fg_memory_images/orig9.jpg",NA,"real","Neutral",NA,NA,NA,NA,NA,NA
"357","106015",NA,"resources/real_fg_memory_images/fg21.jpg",NA,"artificial","Scam",NA,NA,NA,NA,NA,NA
"358","106015",NA,NA,NA,NA,NA,NA,NA,NA,NA,NA,NA
"359","106015",NA,"resources/real_fg_memory_images/orig9.jpg",NA,"real","Neutral","[""scam_button""]","3",NA,NA,NA,NA
"360","106015",NA,"resources/real_fg_memory_images/fg27.jpg",NA,"artificial","Neutral","[""neutral_button""]","3",NA,NA,NA,NA
"361","106015",NA,"resources/real_fg_memory_images/fg23.jpg",NA,"artificial","Scam","[""neutral_button""]","6",NA,NA,NA,NA
"362","106015",NA,"resources/real_fg_memory_images/fg30.jpg",NA,"artificial","Neutral","[""neutral_button""]","8",NA,NA,NA,NA
"363","106015",NA,"resources/real_fg_memory_images/fg25.jpg",NA,"artificial","Neutral","[""scam_button""]","3",NA,NA,NA,NA
"364","106015",NA,"resources/real_fg_memory_images/fg28.jpg",NA,"artificial","Neutral","[""neutral_button""]","9",NA,NA,NA,NA
"365","106015",NA,"resources/real_fg_memory_images/orig3.jpg",NA,"real","Scam","[""scam_button""]","4",NA,NA,NA,NA
"366","106015",NA,"resources/real_fg_memory_images/orig1.jpg",NA,"real","Scam","[""scam_button""]","9",NA,NA,NA,NA
"367","106015",NA,"resources/real_fg_memory_images/orig6.jpg",NA,"real","Scam","[""scam_button""]","8",NA,NA,NA,NA
"368","106015",NA,"resources/real_fg_memory_images/fg21.jpg",NA,"artificial","Scam","[""neutral_button""]","4",NA,NA,NA,NA
"369","106015",NA,"resources/real_fg_memory_images/fg20.jpg",NA,"artificial","Scam","[""neutral_button""]","5",NA,NA,NA,NA
"370","106015",NA,"resources/real_fg_memory_images/fg19.jpg",NA,"artificial","Scam","[""scam_button""]","3",NA,NA,NA,NA
"371","106015",NA,"resources/real_fg_memory_images/orig5.jpg",NA,"real","Scam","[""neutral_button""]","5",NA,NA,NA,NA
"372","106015",NA,"resources/real_fg_memory_images/fg29.jpg",NA,"artificial","Neutral","[""scam_button""]","3",NA,NA,NA,NA
"373","106015",NA,"resources/real_fg_memory_images/orig8.jpg",NA,"real","Neutral","[""scam_button""]","9",NA,NA,NA,NA
"374","106015",NA,"resources/real_fg_memory_images/orig10.jpg",NA,"real","Neutral","[""scam_button""]","8",NA,NA,NA,NA
"375","106015",NA,"resources/real_fg_memory_images/fg24.jpg",NA,"artificial","Scam","[""scam_button""]","4",NA,NA,NA,NA
"376","106015",NA,"resources/real_fg_memory_images/orig2.jpg",NA,"real","Scam","[""neutral_button""]","3",NA,NA,NA,NA
"377","106015",NA,"resources/real_fg_memory_images/orig4.jpg",NA,"real","Scam","[""neutral_button""]","6",NA,NA,NA,NA
"378","106015",NA,"resources/real_fg_memory_images/orig11.jpg",NA,"real","Neutral","[""neutral_button""]","4",NA,NA,NA,NA
"379","106015",NA,"resources/real_fg_memory_images/fg26.jpg",NA,"artificial","Neutral","[""neutral_button""]","9",NA,NA,NA,NA
"380","106015",NA,"resources/real_fg_memory_images/orig12.jpg",NA,"real","Neutral","[""neutral_button""]","4",NA,NA,NA,NA
"381","106015",NA,"resources/real_fg_memory_images/orig7.jpg",NA,"real","Neutral","[""neutral_button""]","4",NA,NA,NA,NA
"382","106015",NA,"resources/real_fg_memory_images/fg22.jpg",NA,"artificial","Scam","[""neutral_button""]","4",NA,NA,NA,NA
"383","106015",NA,NA,NA,NA,NA,NA,NA,NA,NA,NA,NA
"384","106015",9,"resources/real_fg_memory_images/orig4.jpg","real",NA,NA,NA,NA,NA,NA,NA,NA
"385","106015",8,"resources/real_fg_memory_images/fg34.jpg","artificial",NA,NA,NA,NA,NA,NA,NA,NA
"386","106015",4,"resources/real_fg_memory_images/orig15.jpg","real",NA,NA,NA,NA,NA,NA,NA,NA
"387","106015",7,"resources/real_fg_memory_images/orig16.jpg","real",NA,NA,NA,NA,NA,NA,NA,NA
"388","106015",8,"resources/real_fg_memory_images/fg21.jpg","artificial",NA,NA,NA,NA,NA,NA,NA,NA
"389","106015",3,"resources/real_fg_memory_images/fg27.jpg","artificial",NA,NA,NA,NA,NA,NA,NA,NA
"390","106015",8,"resources/real_fg_memory_images/fg25.jpg","artificial",NA,NA,NA,NA,NA,NA,NA,NA
"391","106015",9,"resources/real_fg_memory_images/fg22.jpg","artificial",NA,NA,NA,NA,NA,NA,NA,NA
"392","106015",7,"resources/real_fg_memory_images/orig17.jpg","real",NA,NA,NA,NA,NA,NA,NA,NA
"393","106015",5,"resources/real_fg_memory_images/orig7.jpg","real",NA,NA,NA,NA,NA,NA,NA,NA
"394","106015",6,"resources/real_fg_memory_images/fg19.jpg","artificial",NA,NA,NA,NA,NA,NA,NA,NA
"395","106015",8,"resources/real_fg_memory_images/fg36.jpg","artificial",NA,NA,NA,NA,NA,NA,NA,NA
"396","106015",6,"resources/real_fg_memory_images/fg35.jpg","artificial",NA,NA,NA,NA,NA,NA,NA,NA
"397","106015",3,"resources/real_fg_memory_images/orig11.jpg","real",NA,NA,NA,NA,NA,NA,NA,NA
"398","106015",7,"resources/real_fg_memory_images/fg20.jpg","artificial",NA,NA,NA,NA,NA,NA,NA,NA
"399","106015",3,"resources/real_fg_memory_images/fg31.jpg","artificial",NA,NA,NA,NA,NA,NA,NA,NA
"400","106015",8,"resources/real_fg_memory_images/orig2.jpg","real",NA,NA,NA,NA,NA,NA,NA,NA
"401","106015",9,"resources/real_fg_memory_images/fg28.jpg","artificial",NA,NA,NA,NA,NA,NA,NA,NA
"402","106015",4,"resources/real_fg_memory_images/orig13.jpg","real",NA,NA,NA,NA,NA,NA,NA,NA
"403","106015",6,"resources/real_fg_memory_images/orig1.jpg","real",NA,NA,NA,NA,NA,NA,NA,NA
"404","106015",7,"resources/real_fg_memory_images/orig14.jpg","real",NA,NA,NA,NA,NA,NA,NA,NA
"405","106015",8,"resources/real_fg_memory_images/orig12.jpg","real",NA,NA,NA,NA,NA,NA,NA,NA
"406","106015",9,"resources/real_fg_memory_images/orig6.jpg","real",NA,NA,NA,NA,NA,NA,NA,NA
"407","106015",4,"resources/real_fg_memory_images/orig5.jpg","real",NA,NA,NA,NA,NA,NA,NA,NA
"408","106015",5,"resources/real_fg_memory_images/orig3.jpg","real",NA,NA,NA,NA,NA,NA,NA,NA
"409","106015",7,"resources/real_fg_memory_images/fg24.jpg","artificial",NA,NA,NA,NA,NA,NA,NA,NA
"410","106015",3,"resources/real_fg_memory_images/fg29.jpg","artificial",NA,NA,NA,NA,NA,NA,NA,NA
"411","106015",4,"resources/real_fg_memory_images/orig10.jpg","real",NA,NA,NA,NA,NA,NA,NA,NA
"412","106015",6,"resources/real_fg_memory_images/fg33.jpg","artificial",NA,NA,NA,NA,NA,NA,NA,NA
"413","106015",7,"resources/real_fg_memory_images/fg30.jpg","artificial",NA,NA,NA,NA,NA,NA,NA,NA
"414","106015",8,"resources/real_fg_memory_images/orig18.jpg","real",NA,NA,NA,NA,NA,NA,NA,NA
"415","106015",2,"resources/real_fg_memory_images/orig8.jpg","real",NA,NA,NA,NA,NA,NA,NA,NA
"416","106015",8,"resources/real_fg_memory_images/orig9.jpg","real",NA,NA,NA,NA,NA,NA,NA,NA
"417","106015",7,"resources/real_fg_memory_images/fg32.jpg","artificial",NA,NA,NA,NA,NA,NA,NA,NA
"418","106015",8,"resources/real_fg_memory_images/fg23.jpg","artificial",NA,NA,NA,NA,NA,NA,NA,NA
"419","106015",4,"resources/real_fg_memory_images/fg26.jpg","artificial",NA,NA,NA,NA,NA,NA,NA,NA
"420","106015",NA,NA,NA,NA,NA,NA,NA,NA,NA,NA,NA
"421","106015",NA,NA,NA,NA,NA,NA,NA,2,"If a telemarketer calls me, I usually listen to what they have to say",NA,NA
"422","106015",NA,NA,NA,NA,NA,NA,NA,2,"Persons over the age of 65 are often targeted by con-artists",NA,NA
"423","106015",NA,NA,NA,NA,NA,NA,NA,1,"I answer the phone whenever it rings, even if I do not know who is calling",NA,NA
"424","106015",NA,NA,NA,NA,NA,NA,NA,1,"I have difficulty ending a phone call, even if the caller is a telemarketer, someone I do not know, or someone I do not wish to call me",NA,NA
"425","106015",NA,NA,NA,NA,NA,NA,NA,5,"If something sounds too good to be true, it usually is",NA,NA
"426","106015",NA,NA,NA,NA,NA,NA,NA,NA,NA,NA,NA
"427","106015",NA,NA,NA,NA,NA,NA,NA,NA,NA,"[""female_option""]",NA
"428","106015",NA,NA,NA,NA,NA,NA,NA,NA,NA,NA,73
"429","106015",NA,NA,NA,NA,NA,NA,NA,NA,NA,NA,NA
"430","106015",NA,NA,NA,NA,NA,NA,NA,NA,NA,NA,NA
"431","106015",NA,NA,NA,NA,NA,NA,NA,NA,NA,NA,NA
"432","106015",NA,NA,NA,NA,NA,NA,NA,NA,NA,NA,NA
"433","106015",NA,NA,NA,NA,NA,NA,NA,NA,NA,NA,NA
"434","106015",NA,NA,NA,NA,NA,NA,NA,NA,NA,NA,NA
"435","106015",NA,NA,NA,NA,NA,NA,NA,NA,NA,NA,NA
"436","106015",NA,NA,NA,NA,NA,NA,NA,NA,NA,NA,NA
"437","106015",NA,NA,NA,NA,NA,NA,NA,NA,NA,NA,NA
"438","106015",NA,NA,NA,NA,NA,NA,NA,NA,NA,NA,NA
"439","124582",NA,NA,NA,NA,NA,NA,NA,NA,NA,NA,NA
"440","124582",NA,NA,NA,NA,NA,NA,NA,NA,NA,NA,NA
"441","124582",NA,NA,NA,NA,NA,NA,NA,NA,NA,NA,NA
"442","124582",NA,NA,NA,NA,NA,NA,NA,NA,NA,NA,NA
"443","124582",7,"resources/real_fg_memory_images/fg23.jpg","artificial",NA,NA,NA,NA,NA,NA,NA,NA
"444","124582",6,"resources/real_fg_memory_images/fg35.jpg","artificial",NA,NA,NA,NA,NA,NA,NA,NA
"445","124582",8,"resources/real_fg_memory_images/orig17.jpg","real",NA,NA,NA,NA,NA,NA,NA,NA
"446","124582",7,"resources/real_fg_memory_images/fg22.jpg","artificial",NA,NA,NA,NA,NA,NA,NA,NA
"447","124582",7,"resources/real_fg_memory_images/orig4.jpg","real",NA,NA,NA,NA,NA,NA,NA,NA
"448","124582",7,"resources/real_fg_memory_images/fg36.jpg","artificial",NA,NA,NA,NA,NA,NA,NA,NA
"449","124582",5,"resources/real_fg_memory_images/fg20.jpg","artificial",NA,NA,NA,NA,NA,NA,NA,NA
"450","124582",4,"resources/real_fg_memory_images/orig13.jpg","real",NA,NA,NA,NA,NA,NA,NA,NA
"451","124582",6,"resources/real_fg_memory_images/orig14.jpg","real",NA,NA,NA,NA,NA,NA,NA,NA
"452","124582",7,"resources/real_fg_memory_images/fg24.jpg","artificial",NA,NA,NA,NA,NA,NA,NA,NA
"453","124582",8,"resources/real_fg_memory_images/orig5.jpg","real",NA,NA,NA,NA,NA,NA,NA,NA
"454","124582",7,"resources/real_fg_memory_images/orig7.jpg","real",NA,NA,NA,NA,NA,NA,NA,NA
"455","124582",7,"resources/real_fg_memory_images/fg19.jpg","artificial",NA,NA,NA,NA,NA,NA,NA,NA
"456","124582",6,"resources/real_fg_memory_images/fg26.jpg","artificial",NA,NA,NA,NA,NA,NA,NA,NA
"457","124582",3,"resources/real_fg_memory_images/fg27.jpg","artificial",NA,NA,NA,NA,NA,NA,NA,NA
"458","124582",4,"resources/real_fg_memory_images/fg33.jpg","artificial",NA,NA,NA,NA,NA,NA,NA,NA
"459","124582",6,"resources/real_fg_memory_images/orig10.jpg","real",NA,NA,NA,NA,NA,NA,NA,NA
"460","124582",8,"resources/real_fg_memory_images/orig9.jpg","real",NA,NA,NA,NA,NA,NA,NA,NA
"461","124582",9,"resources/real_fg_memory_images/orig2.jpg","real",NA,NA,NA,NA,NA,NA,NA,NA
"462","124582",7,"resources/real_fg_memory_images/fg34.jpg","artificial",NA,NA,NA,NA,NA,NA,NA,NA
"463","124582",6,"resources/real_fg_memory_images/orig11.jpg","real",NA,NA,NA,NA,NA,NA,NA,NA
"464","124582",7,"resources/real_fg_memory_images/fg32.jpg","artificial",NA,NA,NA,NA,NA,NA,NA,NA
"465","124582",8,"resources/real_fg_memory_images/orig6.jpg","real",NA,NA,NA,NA,NA,NA,NA,NA
"466","124582",9,"resources/real_fg_memory_images/orig18.jpg","real",NA,NA,NA,NA,NA,NA,NA,NA
"467","124582",6,"resources/real_fg_memory_images/orig1.jpg","real",NA,NA,NA,NA,NA,NA,NA,NA
"468","124582",7,"resources/real_fg_memory_images/fg30.jpg","artificial",NA,NA,NA,NA,NA,NA,NA,NA
"469","124582",7,"resources/real_fg_memory_images/orig16.jpg","real",NA,NA,NA,NA,NA,NA,NA,NA
"470","124582",7,"resources/real_fg_memory_images/fg28.jpg","artificial",NA,NA,NA,NA,NA,NA,NA,NA
"471","124582",8,"resources/real_fg_memory_images/orig12.jpg","real",NA,NA,NA,NA,NA,NA,NA,NA
"472","124582",6,"resources/real_fg_memory_images/orig15.jpg","real",NA,NA,NA,NA,NA,NA,NA,NA
"473","124582",6,"resources/real_fg_memory_images/fg25.jpg","artificial",NA,NA,NA,NA,NA,NA,NA,NA
"474","124582",5,"resources/real_fg_memory_images/fg21.jpg","artificial",NA,NA,NA,NA,NA,NA,NA,NA
"475","124582",3,"resources/real_fg_memory_images/fg31.jpg","artificial",NA,NA,NA,NA,NA,NA,NA,NA
"476","124582",4,"resources/real_fg_memory_images/fg29.jpg","artificial",NA,NA,NA,NA,NA,NA,NA,NA
"477","124582",3,"resources/real_fg_memory_images/orig8.jpg","real",NA,NA,NA,NA,NA,NA,NA,NA
"478","124582",7,"resources/real_fg_memory_images/orig3.jpg","real",NA,NA,NA,NA,NA,NA,NA,NA
"479","124582",NA,NA,NA,NA,NA,NA,NA,NA,NA,NA,NA
"480","124582",NA,"resources/real_fg_memory_images/orig10.jpg",NA,"real","Neutral",NA,NA,NA,NA,NA,NA
"481","124582",NA,"resources/real_fg_memory_images/fg21.jpg",NA,"artificial","Scam",NA,NA,NA,NA,NA,NA
"482","124582",NA,"resources/real_fg_memory_images/fg28.jpg",NA,"artificial","Neutral",NA,NA,NA,NA,NA,NA
"483","124582",NA,"resources/real_fg_memory_images/orig7.jpg",NA,"real","Neutral",NA,NA,NA,NA,NA,NA
"484","124582",NA,"resources/real_fg_memory_images/orig11.jpg",NA,"real","Neutral",NA,NA,NA,NA,NA,NA
"485","124582",NA,"resources/real_fg_memory_images/fg20.jpg",NA,"artificial","Scam",NA,NA,NA,NA,NA,NA
"486","124582",NA,"resources/real_fg_memory_images/fg27.jpg",NA,"artificial","Neutral",NA,NA,NA,NA,NA,NA
"487","124582",NA,"resources/real_fg_memory_images/orig2.jpg",NA,"real","Scam",NA,NA,NA,NA,NA,NA
"488","124582",NA,"resources/real_fg_memory_images/orig9.jpg",NA,"real","Neutral",NA,NA,NA,NA,NA,NA
"489","124582",NA,"resources/real_fg_memory_images/fg26.jpg",NA,"artificial","Neutral",NA,NA,NA,NA,NA,NA
"490","124582",NA,"resources/real_fg_memory_images/orig3.jpg",NA,"real","Scam",NA,NA,NA,NA,NA,NA
"491","124582",NA,"resources/real_fg_memory_images/fg19.jpg",NA,"artificial","Scam",NA,NA,NA,NA,NA,NA
"492","124582",NA,"resources/real_fg_memory_images/orig4.jpg",NA,"real","Scam",NA,NA,NA,NA,NA,NA
"493","124582",NA,"resources/real_fg_memory_images/orig1.jpg",NA,"real","Scam",NA,NA,NA,NA,NA,NA
"494","124582",NA,"resources/real_fg_memory_images/fg24.jpg",NA,"artificial","Scam",NA,NA,NA,NA,NA,NA
"495","124582",NA,"resources/real_fg_memory_images/orig6.jpg",NA,"real","Scam",NA,NA,NA,NA,NA,NA
"496","124582",NA,"resources/real_fg_memory_images/orig5.jpg",NA,"real","Scam",NA,NA,NA,NA,NA,NA
"497","124582",NA,"resources/real_fg_memory_images/orig8.jpg",NA,"real","Neutral",NA,NA,NA,NA,NA,NA
"498","124582",NA,"resources/real_fg_memory_images/fg22.jpg",NA,"artificial","Scam",NA,NA,NA,NA,NA,NA
"499","124582",NA,"resources/real_fg_memory_images/orig12.jpg",NA,"real","Neutral",NA,NA,NA,NA,NA,NA
"500","124582",NA,"resources/real_fg_memory_images/fg25.jpg",NA,"artificial","Neutral",NA,NA,NA,NA,NA,NA
"501","124582",NA,"resources/real_fg_memory_images/fg30.jpg",NA,"artificial","Neutral",NA,NA,NA,NA,NA,NA
"502","124582",NA,"resources/real_fg_memory_images/fg23.jpg",NA,"artificial","Scam",NA,NA,NA,NA,NA,NA
"503","124582",NA,"resources/real_fg_memory_images/fg29.jpg",NA,"artificial","Neutral",NA,NA,NA,NA,NA,NA
"504","124582",NA,NA,NA,NA,NA,NA,NA,NA,NA,NA,NA
"505","124582",NA,"resources/real_fg_memory_images/orig10.jpg",NA,"real","Neutral","[""neutral_button""]","5",NA,NA,NA,NA
"506","124582",NA,"resources/real_fg_memory_images/orig7.jpg",NA,"real","Neutral","[""scam_button""]","4",NA,NA,NA,NA
"507","124582",NA,"resources/real_fg_memory_images/orig3.jpg",NA,"real","Scam","[""scam_button""]","10",NA,NA,NA,NA
"508","124582",NA,"resources/real_fg_memory_images/orig4.jpg",NA,"real","Scam","[""scam_button""]","9",NA,NA,NA,NA
"509","124582",NA,"resources/real_fg_memory_images/fg23.jpg",NA,"artificial","Scam","[""scam_button""]","5",NA,NA,NA,NA
"510","124582",NA,"resources/real_fg_memory_images/orig2.jpg",NA,"real","Scam","[""scam_button""]","7",NA,NA,NA,NA
"511","124582",NA,"resources/real_fg_memory_images/orig9.jpg",NA,"real","Neutral","[""scam_button""]","6",NA,NA,NA,NA
"512","124582",NA,"resources/real_fg_memory_images/fg25.jpg",NA,"artificial","Neutral","[""scam_button""]","8",NA,NA,NA,NA
"513","124582",NA,"resources/real_fg_memory_images/fg26.jpg",NA,"artificial","Neutral","[""scam_button""]","7",NA,NA,NA,NA
"514","124582",NA,"resources/real_fg_memory_images/fg27.jpg",NA,"artificial","Neutral","[""neutral_button""]","3",NA,NA,NA,NA
"515","124582",NA,"resources/real_fg_memory_images/fg28.jpg",NA,"artificial","Neutral","[""scam_button""]","10",NA,NA,NA,NA
"516","124582",NA,"resources/real_fg_memory_images/orig6.jpg",NA,"real","Scam","[""scam_button""]","7",NA,NA,NA,NA
"517","124582",NA,"resources/real_fg_memory_images/orig1.jpg",NA,"real","Scam","[""scam_button""]","6",NA,NA,NA,NA
"518","124582",NA,"resources/real_fg_memory_images/fg19.jpg",NA,"artificial","Scam","[""scam_button""]","3",NA,NA,NA,NA
"519","124582",NA,"resources/real_fg_memory_images/fg29.jpg",NA,"artificial","Neutral","[""scam_button""]","2",NA,NA,NA,NA
"520","124582",NA,"resources/real_fg_memory_images/orig5.jpg",NA,"real","Scam","[""scam_button""]","6",NA,NA,NA,NA
"521","124582",NA,"resources/real_fg_memory_images/fg24.jpg",NA,"artificial","Scam","[""neutral_button""]","4",NA,NA,NA,NA
"522","124582",NA,"resources/real_fg_memory_images/orig12.jpg",NA,"real","Neutral","[""scam_button""]","9",NA,NA,NA,NA
"523","124582",NA,"resources/real_fg_memory_images/fg20.jpg",NA,"artificial","Scam","[""scam_button""]","4",NA,NA,NA,NA
"524","124582",NA,"resources/real_fg_memory_images/orig11.jpg",NA,"real","Neutral","[""neutral_button""]","3",NA,NA,NA,NA
"525","124582",NA,"resources/real_fg_memory_images/fg22.jpg",NA,"artificial","Scam","[""scam_button""]","10",NA,NA,NA,NA
"526","124582",NA,"resources/real_fg_memory_images/orig8.jpg",NA,"real","Neutral","[""scam_button""]","10",NA,NA,NA,NA
"527","124582",NA,"resources/real_fg_memory_images/fg21.jpg",NA,"artificial","Scam","[""scam_button""]","3",NA,NA,NA,NA
"528","124582",NA,"resources/real_fg_memory_images/fg30.jpg",NA,"artificial","Neutral","[""scam_button""]","8",NA,NA,NA,NA
"529","124582",NA,NA,NA,NA,NA,NA,NA,NA,NA,NA,NA
"530","124582",4,"resources/real_fg_memory_images/fg33.jpg","artificial",NA,NA,NA,NA,NA,NA,NA,NA
"531","124582",6,"resources/real_fg_memory_images/fg24.jpg","artificial",NA,NA,NA,NA,NA,NA,NA,NA
"532","124582",7,"resources/real_fg_memory_images/orig4.jpg","real",NA,NA,NA,NA,NA,NA,NA,NA
"533","124582",6,"resources/real_fg_memory_images/orig12.jpg","real",NA,NA,NA,NA,NA,NA,NA,NA
"534","124582",5,"resources/real_fg_memory_images/fg20.jpg","artificial",NA,NA,NA,NA,NA,NA,NA,NA
"535","124582",4,"resources/real_fg_memory_images/fg26.jpg","artificial",NA,NA,NA,NA,NA,NA,NA,NA
"536","124582",3,"resources/real_fg_memory_images/orig13.jpg","real",NA,NA,NA,NA,NA,NA,NA,NA
"537","124582",4,"resources/real_fg_memory_images/fg29.jpg","artificial",NA,NA,NA,NA,NA,NA,NA,NA
"538","124582",6,"resources/real_fg_memory_images/fg34.jpg","artificial",NA,NA,NA,NA,NA,NA,NA,NA
"539","124582",8,"resources/real_fg_memory_images/orig17.jpg","real",NA,NA,NA,NA,NA,NA,NA,NA
"540","124582",6,"resources/real_fg_memory_images/orig10.jpg","real",NA,NA,NA,NA,NA,NA,NA,NA
"541","124582",3,"resources/real_fg_memory_images/fg31.jpg","artificial",NA,NA,NA,NA,NA,NA,NA,NA
"542","124582",4,"resources/real_fg_memory_images/fg21.jpg","artificial",NA,NA,NA,NA,NA,NA,NA,NA
"543","124582",8,"resources/real_fg_memory_images/orig2.jpg","real",NA,NA,NA,NA,NA,NA,NA,NA
"544","124582",7,"resources/real_fg_memory_images/fg22.jpg","artificial",NA,NA,NA,NA,NA,NA,NA,NA
"545","124582",6,"resources/real_fg_memory_images/fg32.jpg","artificial",NA,NA,NA,NA,NA,NA,NA,NA
"546","124582",7,"resources/real_fg_memory_images/orig11.jpg","real",NA,NA,NA,NA,NA,NA,NA,NA
"547","124582",8,"resources/real_fg_memory_images/fg19.jpg","artificial",NA,NA,NA,NA,NA,NA,NA,NA
"548","124582",8,"resources/real_fg_memory_images/orig18.jpg","real",NA,NA,NA,NA,NA,NA,NA,NA
"549","124582",7,"resources/real_fg_memory_images/orig3.jpg","real",NA,NA,NA,NA,NA,NA,NA,NA
"550","124582",5,"resources/real_fg_memory_images/fg28.jpg","artificial",NA,NA,NA,NA,NA,NA,NA,NA
"551","124582",7,"resources/real_fg_memory_images/orig7.jpg","real",NA,NA,NA,NA,NA,NA,NA,NA
"552","124582",8,"resources/real_fg_memory_images/orig1.jpg","real",NA,NA,NA,NA,NA,NA,NA,NA
"553","124582",7,"resources/real_fg_memory_images/orig16.jpg","real",NA,NA,NA,NA,NA,NA,NA,NA
"554","124582",7,"resources/real_fg_memory_images/fg25.jpg","artificial",NA,NA,NA,NA,NA,NA,NA,NA
"555","124582",7,"resources/real_fg_memory_images/fg36.jpg","artificial",NA,NA,NA,NA,NA,NA,NA,NA
"556","124582",6,"resources/real_fg_memory_images/fg23.jpg","artificial",NA,NA,NA,NA,NA,NA,NA,NA
"557","124582",8,"resources/real_fg_memory_images/orig6.jpg","real",NA,NA,NA,NA,NA,NA,NA,NA
"558","124582",7,"resources/real_fg_memory_images/orig14.jpg","real",NA,NA,NA,NA,NA,NA,NA,NA
"559","124582",3,"resources/real_fg_memory_images/fg27.jpg","artificial",NA,NA,NA,NA,NA,NA,NA,NA
"560","124582",7,"resources/real_fg_memory_images/orig15.jpg","real",NA,NA,NA,NA,NA,NA,NA,NA
"561","124582",7,"resources/real_fg_memory_images/fg35.jpg","artificial",NA,NA,NA,NA,NA,NA,NA,NA
"562","124582",5,"resources/real_fg_memory_images/fg30.jpg","artificial",NA,NA,NA,NA,NA,NA,NA,NA
"563","124582",8,"resources/real_fg_memory_images/orig9.jpg","real",NA,NA,NA,NA,NA,NA,NA,NA
"564","124582",7,"resources/real_fg_memory_images/orig5.jpg","real",NA,NA,NA,NA,NA,NA,NA,NA
"565","124582",3,"resources/real_fg_memory_images/orig8.jpg","real",NA,NA,NA,NA,NA,NA,NA,NA
"566","124582",NA,NA,NA,NA,NA,NA,NA,NA,NA,NA,NA
"567","124582",NA,NA,NA,NA,NA,NA,NA,1,"I have difficulty ending a phone call, even if the caller is a telemarketer, someone I do not know, or someone I do not wish to call me",NA,NA
"568","124582",NA,NA,NA,NA,NA,NA,NA,2,"I answer the phone whenever it rings, even if I do not know who is calling",NA,NA
"569","124582",NA,NA,NA,NA,NA,NA,NA,5,"If something sounds too good to be true, it usually is",NA,NA
"570","124582",NA,NA,NA,NA,NA,NA,NA,4,"Persons over the age of 65 are often targeted by con-artists",NA,NA
"571","124582",NA,NA,NA,NA,NA,NA,NA,1,"If a telemarketer calls me, I usually listen to what they have to say",NA,NA
"572","124582",NA,NA,NA,NA,NA,NA,NA,NA,NA,NA,NA
"573","124582",NA,NA,NA,NA,NA,NA,NA,NA,NA,"[""male_option""]",NA
"574","124582",NA,NA,NA,NA,NA,NA,NA,NA,NA,NA,65
"575","124582",NA,NA,NA,NA,NA,NA,NA,NA,NA,NA,NA
"576","124582",NA,NA,NA,NA,NA,NA,NA,NA,NA,NA,NA
"577","124582",NA,NA,NA,NA,NA,NA,NA,NA,NA,NA,NA
"578","124582",NA,NA,NA,NA,NA,NA,NA,NA,NA,NA,NA
"579","124582",NA,NA,NA,NA,NA,NA,NA,NA,NA,NA,NA
"580","124582",NA,NA,NA,NA,NA,NA,NA,NA,NA,NA,NA
"581","124582",NA,NA,NA,NA,NA,NA,NA,NA,NA,NA,NA
"582","124582",NA,NA,NA,NA,NA,NA,NA,NA,NA,NA,NA
"583","124582",NA,NA,NA,NA,NA,NA,NA,NA,NA,NA,NA
"584","124582",NA,NA,NA,NA,NA,NA,NA,NA,NA,NA,NA
"585","163777",NA,NA,NA,NA,NA,NA,NA,NA,NA,NA,NA
"586","163777",NA,NA,NA,NA,NA,NA,NA,NA,NA,NA,NA
"587","163777",NA,NA,NA,NA,NA,NA,NA,NA,NA,NA,NA
"588","163777",NA,NA,NA,NA,NA,NA,NA,NA,NA,NA,NA
"589","163777",10,"resources/real_fg_memory_images/fg32.jpg","artificial",NA,NA,NA,NA,NA,NA,NA,NA
"590","163777",9,"resources/real_fg_memory_images/orig18.jpg","real",NA,NA,NA,NA,NA,NA,NA,NA
"591","163777",5,"resources/real_fg_memory_images/fg35.jpg","artificial",NA,NA,NA,NA,NA,NA,NA,NA
"592","163777",4,"resources/real_fg_memory_images/fg22.jpg","artificial",NA,NA,NA,NA,NA,NA,NA,NA
"593","163777",3,"resources/real_fg_memory_images/orig9.jpg","real",NA,NA,NA,NA,NA,NA,NA,NA
"594","163777",9,"resources/real_fg_memory_images/fg26.jpg","artificial",NA,NA,NA,NA,NA,NA,NA,NA
"595","163777",10,"resources/real_fg_memory_images/orig14.jpg","real",NA,NA,NA,NA,NA,NA,NA,NA
"596","163777",5,"resources/real_fg_memory_images/orig12.jpg","real",NA,NA,NA,NA,NA,NA,NA,NA
"597","163777",8,"resources/real_fg_memory_images/orig4.jpg","real",NA,NA,NA,NA,NA,NA,NA,NA
"598","163777",7,"resources/real_fg_memory_images/fg34.jpg","artificial",NA,NA,NA,NA,NA,NA,NA,NA
"599","163777",6,"resources/real_fg_memory_images/orig16.jpg","real",NA,NA,NA,NA,NA,NA,NA,NA
"600","163777",4,"resources/real_fg_memory_images/orig2.jpg","real",NA,NA,NA,NA,NA,NA,NA,NA
"601","163777",3,"resources/real_fg_memory_images/orig10.jpg","real",NA,NA,NA,NA,NA,NA,NA,NA
"602","163777",0,"resources/real_fg_memory_images/orig3.jpg","real",NA,NA,NA,NA,NA,NA,NA,NA
"603","163777",5,"resources/real_fg_memory_images/orig11.jpg","real",NA,NA,NA,NA,NA,NA,NA,NA
"604","163777",6,"resources/real_fg_memory_images/fg19.jpg","artificial",NA,NA,NA,NA,NA,NA,NA,NA
"605","163777",3,"resources/real_fg_memory_images/orig1.jpg","real",NA,NA,NA,NA,NA,NA,NA,NA
"606","163777",9,"resources/real_fg_memory_images/fg30.jpg","artificial",NA,NA,NA,NA,NA,NA,NA,NA
"607","163777",2,"resources/real_fg_memory_images/orig5.jpg","real",NA,NA,NA,NA,NA,NA,NA,NA
"608","163777",3,"resources/real_fg_memory_images/fg20.jpg","artificial",NA,NA,NA,NA,NA,NA,NA,NA
"609","163777",1,"resources/real_fg_memory_images/orig7.jpg","real",NA,NA,NA,NA,NA,NA,NA,NA
"610","163777",3,"resources/real_fg_memory_images/fg21.jpg","artificial",NA,NA,NA,NA,NA,NA,NA,NA
"611","163777",7,"resources/real_fg_memory_images/fg36.jpg","artificial",NA,NA,NA,NA,NA,NA,NA,NA
"612","163777",8,"resources/real_fg_memory_images/orig17.jpg","real",NA,NA,NA,NA,NA,NA,NA,NA
"613","163777",2,"resources/real_fg_memory_images/fg27.jpg","artificial",NA,NA,NA,NA,NA,NA,NA,NA
"614","163777",3,"resources/real_fg_memory_images/orig13.jpg","real",NA,NA,NA,NA,NA,NA,NA,NA
"615","163777",5,"resources/real_fg_memory_images/orig15.jpg","real",NA,NA,NA,NA,NA,NA,NA,NA
"616","163777",7,"resources/real_fg_memory_images/fg24.jpg","artificial",NA,NA,NA,NA,NA,NA,NA,NA
"617","163777",4,"resources/real_fg_memory_images/fg31.jpg","artificial",NA,NA,NA,NA,NA,NA,NA,NA
"618","163777",2,"resources/real_fg_memory_images/orig8.jpg","real",NA,NA,NA,NA,NA,NA,NA,NA
"619","163777",4,"resources/real_fg_memory_images/fg29.jpg","artificial",NA,NA,NA,NA,NA,NA,NA,NA
"620","163777",6,"resources/real_fg_memory_images/fg28.jpg","artificial",NA,NA,NA,NA,NA,NA,NA,NA
"621","163777",5,"resources/real_fg_memory_images/fg33.jpg","artificial",NA,NA,NA,NA,NA,NA,NA,NA
"622","163777",7,"resources/real_fg_memory_images/orig6.jpg","real",NA,NA,NA,NA,NA,NA,NA,NA
"623","163777",6,"resources/real_fg_memory_images/fg23.jpg","artificial",NA,NA,NA,NA,NA,NA,NA,NA
"624","163777",8,"resources/real_fg_memory_images/fg25.jpg","artificial",NA,NA,NA,NA,NA,NA,NA,NA
"625","163777",NA,NA,NA,NA,NA,NA,NA,NA,NA,NA,NA
"626","163777",NA,"resources/real_fg_memory_images/fg24.jpg",NA,"artificial","Scam",NA,NA,NA,NA,NA,NA
"627","163777",NA,"resources/real_fg_memory_images/fg19.jpg",NA,"artificial","Scam",NA,NA,NA,NA,NA,NA
"628","163777",NA,"resources/real_fg_memory_images/fg29.jpg",NA,"artificial","Neutral",NA,NA,NA,NA,NA,NA
"629","163777",NA,"resources/real_fg_memory_images/orig3.jpg",NA,"real","Scam",NA,NA,NA,NA,NA,NA
"630","163777",NA,"resources/real_fg_memory_images/orig8.jpg",NA,"real","Neutral",NA,NA,NA,NA,NA,NA
"631","163777",NA,"resources/real_fg_memory_images/fg22.jpg",NA,"artificial","Scam",NA,NA,NA,NA,NA,NA
"632","163777",NA,"resources/real_fg_memory_images/orig11.jpg",NA,"real","Neutral",NA,NA,NA,NA,NA,NA
"633","163777",NA,"resources/real_fg_memory_images/fg20.jpg",NA,"artificial","Scam",NA,NA,NA,NA,NA,NA
"634","163777",NA,"resources/real_fg_memory_images/fg25.jpg",NA,"artificial","Neutral",NA,NA,NA,NA,NA,NA
"635","163777",NA,"resources/real_fg_memory_images/fg27.jpg",NA,"artificial","Neutral",NA,NA,NA,NA,NA,NA
"636","163777",NA,"resources/real_fg_memory_images/orig9.jpg",NA,"real","Neutral",NA,NA,NA,NA,NA,NA
"637","163777",NA,"resources/real_fg_memory_images/orig7.jpg",NA,"real","Neutral",NA,NA,NA,NA,NA,NA
"638","163777",NA,"resources/real_fg_memory_images/orig12.jpg",NA,"real","Neutral",NA,NA,NA,NA,NA,NA
"639","163777",NA,"resources/real_fg_memory_images/fg28.jpg",NA,"artificial","Neutral",NA,NA,NA,NA,NA,NA
"640","163777",NA,"resources/real_fg_memory_images/fg21.jpg",NA,"artificial","Scam",NA,NA,NA,NA,NA,NA
"641","163777",NA,"resources/real_fg_memory_images/orig1.jpg",NA,"real","Scam",NA,NA,NA,NA,NA,NA
"642","163777",NA,"resources/real_fg_memory_images/orig6.jpg",NA,"real","Scam",NA,NA,NA,NA,NA,NA
"643","163777",NA,"resources/real_fg_memory_images/orig5.jpg",NA,"real","Scam",NA,NA,NA,NA,NA,NA
"644","163777",NA,"resources/real_fg_memory_images/fg30.jpg",NA,"artificial","Neutral",NA,NA,NA,NA,NA,NA
"645","163777",NA,"resources/real_fg_memory_images/fg23.jpg",NA,"artificial","Scam",NA,NA,NA,NA,NA,NA
"646","163777",NA,"resources/real_fg_memory_images/fg26.jpg",NA,"artificial","Neutral",NA,NA,NA,NA,NA,NA
"647","163777",NA,"resources/real_fg_memory_images/orig2.jpg",NA,"real","Scam",NA,NA,NA,NA,NA,NA
"648","163777",NA,"resources/real_fg_memory_images/orig10.jpg",NA,"real","Neutral",NA,NA,NA,NA,NA,NA
"649","163777",NA,"resources/real_fg_memory_images/orig4.jpg",NA,"real","Scam",NA,NA,NA,NA,NA,NA
"650","163777",NA,NA,NA,NA,NA,NA,NA,NA,NA,NA,NA
"651","163777",NA,"resources/real_fg_memory_images/orig12.jpg",NA,"real","Neutral","[""neutral_button""]","6",NA,NA,NA,NA
"652","163777",NA,"resources/real_fg_memory_images/orig5.jpg",NA,"real","Scam","[""neutral_button""]","7",NA,NA,NA,NA
"653","163777",NA,"resources/real_fg_memory_images/orig1.jpg",NA,"real","Scam","[""scam_button""]","7",NA,NA,NA,NA
"654","163777",NA,"resources/real_fg_memory_images/orig2.jpg",NA,"real","Scam","[""scam_button""]","7",NA,NA,NA,NA
"655","163777",NA,"resources/real_fg_memory_images/fg30.jpg",NA,"artificial","Neutral","[""neutral_button""]","9",NA,NA,NA,NA
"656","163777",NA,"resources/real_fg_memory_images/fg29.jpg",NA,"artificial","Neutral","[""neutral_button""]","9",NA,NA,NA,NA
"657","163777",NA,"resources/real_fg_memory_images/fg20.jpg",NA,"artificial","Scam","[""scam_button""]","5",NA,NA,NA,NA
"658","163777",NA,"resources/real_fg_memory_images/orig3.jpg",NA,"real","Scam","[""scam_button""]","9",NA,NA,NA,NA
"659","163777",NA,"resources/real_fg_memory_images/fg26.jpg",NA,"artificial","Neutral","[""scam_button""]","7",NA,NA,NA,NA
"660","163777",NA,"resources/real_fg_memory_images/fg22.jpg",NA,"artificial","Scam","[""scam_button""]","9",NA,NA,NA,NA
"661","163777",NA,"resources/real_fg_memory_images/fg23.jpg",NA,"artificial","Scam","[""scam_button""]","7",NA,NA,NA,NA
"662","163777",NA,"resources/real_fg_memory_images/orig4.jpg",NA,"real","Scam","[""neutral_button""]","8",NA,NA,NA,NA
"663","163777",NA,"resources/real_fg_memory_images/fg27.jpg",NA,"artificial","Neutral","[""neutral_button""]","8",NA,NA,NA,NA
"664","163777",NA,"resources/real_fg_memory_images/fg24.jpg",NA,"artificial","Scam","[""neutral_button""]","9",NA,NA,NA,NA
"665","163777",NA,"resources/real_fg_memory_images/orig11.jpg",NA,"real","Neutral","[""scam_button""]","7",NA,NA,NA,NA
"666","163777",NA,"resources/real_fg_memory_images/orig7.jpg",NA,"real","Neutral","[""scam_button""]","5",NA,NA,NA,NA
"667","163777",NA,"resources/real_fg_memory_images/fg28.jpg",NA,"artificial","Neutral","[""neutral_button""]","9",NA,NA,NA,NA
"668","163777",NA,"resources/real_fg_memory_images/orig8.jpg",NA,"real","Neutral","[""neutral_button""]","8",NA,NA,NA,NA
"669","163777",NA,"resources/real_fg_memory_images/fg19.jpg",NA,"artificial","Scam","[""neutral_button""]","5",NA,NA,NA,NA
"670","163777",NA,"resources/real_fg_memory_images/fg25.jpg",NA,"artificial","Neutral","[""scam_button""]","5",NA,NA,NA,NA
"671","163777",NA,"resources/real_fg_memory_images/orig6.jpg",NA,"real","Scam","[""scam_button""]","9",NA,NA,NA,NA
"672","163777",NA,"resources/real_fg_memory_images/orig10.jpg",NA,"real","Neutral","[""scam_button""]","8",NA,NA,NA,NA
"673","163777",NA,"resources/real_fg_memory_images/fg21.jpg",NA,"artificial","Scam","[""scam_button""]","9",NA,NA,NA,NA
"674","163777",NA,"resources/real_fg_memory_images/orig9.jpg",NA,"real","Neutral","[""neutral_button""]","6",NA,NA,NA,NA
"675","163777",NA,NA,NA,NA,NA,NA,NA,NA,NA,NA,NA
"676","163777",10,"resources/real_fg_memory_images/fg28.jpg","artificial",NA,NA,NA,NA,NA,NA,NA,NA
"677","163777",8,"resources/real_fg_memory_images/orig6.jpg","real",NA,NA,NA,NA,NA,NA,NA,NA
"678","163777",8,"resources/real_fg_memory_images/fg32.jpg","artificial",NA,NA,NA,NA,NA,NA,NA,NA
"679","163777",6,"resources/real_fg_memory_images/orig15.jpg","real",NA,NA,NA,NA,NA,NA,NA,NA
"680","163777",7,"resources/real_fg_memory_images/fg29.jpg","artificial",NA,NA,NA,NA,NA,NA,NA,NA
"681","163777",4,"resources/real_fg_memory_images/orig2.jpg","real",NA,NA,NA,NA,NA,NA,NA,NA
"682","163777",3,"resources/real_fg_memory_images/orig9.jpg","real",NA,NA,NA,NA,NA,NA,NA,NA
"683","163777",3,"resources/real_fg_memory_images/fg31.jpg","artificial",NA,NA,NA,NA,NA,NA,NA,NA
"684","163777",2,"resources/real_fg_memory_images/fg27.jpg","artificial",NA,NA,NA,NA,NA,NA,NA,NA
"685","163777",7,"resources/real_fg_memory_images/orig14.jpg","real",NA,NA,NA,NA,NA,NA,NA,NA
"686","163777",2,"resources/real_fg_memory_images/orig3.jpg","real",NA,NA,NA,NA,NA,NA,NA,NA
"687","163777",7,"resources/real_fg_memory_images/fg26.jpg","artificial",NA,NA,NA,NA,NA,NA,NA,NA
"688","163777",2,"resources/real_fg_memory_images/orig8.jpg","real",NA,NA,NA,NA,NA,NA,NA,NA
"689","163777",6,"resources/real_fg_memory_images/fg24.jpg","artificial",NA,NA,NA,NA,NA,NA,NA,NA
"690","163777",4,"resources/real_fg_memory_images/orig10.jpg","real",NA,NA,NA,NA,NA,NA,NA,NA
"691","163777",6,"resources/real_fg_memory_images/orig18.jpg","real",NA,NA,NA,NA,NA,NA,NA,NA
"692","163777",4,"resources/real_fg_memory_images/orig1.jpg","real",NA,NA,NA,NA,NA,NA,NA,NA
"693","163777",3,"resources/real_fg_memory_images/orig12.jpg","real",NA,NA,NA,NA,NA,NA,NA,NA
"694","163777",6,"resources/real_fg_memory_images/fg25.jpg","artificial",NA,NA,NA,NA,NA,NA,NA,NA
"695","163777",4,"resources/real_fg_memory_images/fg21.jpg","artificial",NA,NA,NA,NA,NA,NA,NA,NA
"696","163777",1,"resources/real_fg_memory_images/fg22.jpg","artificial",NA,NA,NA,NA,NA,NA,NA,NA
"697","163777",3,"resources/real_fg_memory_images/orig11.jpg","real",NA,NA,NA,NA,NA,NA,NA,NA
"698","163777",3,"resources/real_fg_memory_images/orig5.jpg","real",NA,NA,NA,NA,NA,NA,NA,NA
"699","163777",6,"resources/real_fg_memory_images/fg19.jpg","artificial",NA,NA,NA,NA,NA,NA,NA,NA
"700","163777",7,"resources/real_fg_memory_images/fg34.jpg","artificial",NA,NA,NA,NA,NA,NA,NA,NA
"701","163777",6,"resources/real_fg_memory_images/fg35.jpg","artificial",NA,NA,NA,NA,NA,NA,NA,NA
"702","163777",5,"resources/real_fg_memory_images/fg33.jpg","artificial",NA,NA,NA,NA,NA,NA,NA,NA
"703","163777",5,"resources/real_fg_memory_images/orig17.jpg","real",NA,NA,NA,NA,NA,NA,NA,NA
"704","163777",4,"resources/real_fg_memory_images/fg23.jpg","artificial",NA,NA,NA,NA,NA,NA,NA,NA
"705","163777",6,"resources/real_fg_memory_images/fg36.jpg","artificial",NA,NA,NA,NA,NA,NA,NA,NA
"706","163777",3,"resources/real_fg_memory_images/orig7.jpg","real",NA,NA,NA,NA,NA,NA,NA,NA
"707","163777",3,"resources/real_fg_memory_images/orig13.jpg","real",NA,NA,NA,NA,NA,NA,NA,NA
"708","163777",3,"resources/real_fg_memory_images/orig16.jpg","real",NA,NA,NA,NA,NA,NA,NA,NA
"709","163777",3,"resources/real_fg_memory_images/fg20.jpg","artificial",NA,NA,NA,NA,NA,NA,NA,NA
"710","163777",6,"resources/real_fg_memory_images/fg30.jpg","artificial",NA,NA,NA,NA,NA,NA,NA,NA
"711","163777",5,"resources/real_fg_memory_images/orig4.jpg","real",NA,NA,NA,NA,NA,NA,NA,NA
"712","163777",NA,NA,NA,NA,NA,NA,NA,NA,NA,NA,NA
"713","163777",NA,NA,NA,NA,NA,NA,NA,5,"If something sounds too good to be true, it usually is",NA,NA
"714","163777",NA,NA,NA,NA,NA,NA,NA,2,"If a telemarketer calls me, I usually listen to what they have to say",NA,NA
"715","163777",NA,NA,NA,NA,NA,NA,NA,1,"I answer the phone whenever it rings, even if I do not know who is calling",NA,NA
"716","163777",NA,NA,NA,NA,NA,NA,NA,5,"Persons over the age of 65 are often targeted by con-artists",NA,NA
"717","163777",NA,NA,NA,NA,NA,NA,NA,4,"I have difficulty ending a phone call, even if the caller is a telemarketer, someone I do not know, or someone I do not wish to call me",NA,NA
"718","163777",NA,NA,NA,NA,NA,NA,NA,NA,NA,NA,NA
"719","163777",NA,NA,NA,NA,NA,NA,NA,NA,NA,"[""male_option""]",NA
"720","163777",NA,NA,NA,NA,NA,NA,NA,NA,NA,NA,71
"721","163777",NA,NA,NA,NA,NA,NA,NA,NA,NA,NA,NA
"722","163777",NA,NA,NA,NA,NA,NA,NA,NA,NA,NA,NA
"723","163777",NA,NA,NA,NA,NA,NA,NA,NA,NA,NA,NA
"724","163777",NA,NA,NA,NA,NA,NA,NA,NA,NA,NA,NA
"725","163777",NA,NA,NA,NA,NA,NA,NA,NA,NA,NA,NA
"726","163777",NA,NA,NA,NA,NA,NA,NA,NA,NA,NA,NA
"727","163777",NA,NA,NA,NA,NA,NA,NA,NA,NA,NA,NA
"728","163777",NA,NA,NA,NA,NA,NA,NA,NA,NA,NA,NA
"729","163777",NA,NA,NA,NA,NA,NA,NA,NA,NA,NA,NA
"730","163777",NA,NA,NA,NA,NA,NA,NA,NA,NA,NA,NA
"731","167131",NA,NA,NA,NA,NA,NA,NA,NA,NA,NA,NA
"732","167131",NA,NA,NA,NA,NA,NA,NA,NA,NA,NA,NA
"733","167131",NA,NA,NA,NA,NA,NA,NA,NA,NA,NA,NA
"734","167131",NA,NA,NA,NA,NA,NA,NA,NA,NA,NA,NA
"735","167131",6,"resources/real_fg_memory_images/fg19.jpg","artificial",NA,NA,NA,NA,NA,NA,NA,NA
"736","167131",7,"resources/real_fg_memory_images/orig7.jpg","real",NA,NA,NA,NA,NA,NA,NA,NA
"737","167131",9,"resources/real_fg_memory_images/orig17.jpg","real",NA,NA,NA,NA,NA,NA,NA,NA
"738","167131",8,"resources/real_fg_memory_images/fg36.jpg","artificial",NA,NA,NA,NA,NA,NA,NA,NA
"739","167131",4,"resources/real_fg_memory_images/fg34.jpg","artificial",NA,NA,NA,NA,NA,NA,NA,NA
"740","167131",3,"resources/real_fg_memory_images/fg20.jpg","artificial",NA,NA,NA,NA,NA,NA,NA,NA
"741","167131",7,"resources/real_fg_memory_images/fg31.jpg","artificial",NA,NA,NA,NA,NA,NA,NA,NA
"742","167131",8,"resources/real_fg_memory_images/orig3.jpg","real",NA,NA,NA,NA,NA,NA,NA,NA
"743","167131",3,"resources/real_fg_memory_images/orig12.jpg","real",NA,NA,NA,NA,NA,NA,NA,NA
"744","167131",4,"resources/real_fg_memory_images/orig9.jpg","real",NA,NA,NA,NA,NA,NA,NA,NA
"745","167131",8,"resources/real_fg_memory_images/fg30.jpg","artificial",NA,NA,NA,NA,NA,NA,NA,NA
"746","167131",6,"resources/real_fg_memory_images/orig1.jpg","real",NA,NA,NA,NA,NA,NA,NA,NA
"747","167131",4,"resources/real_fg_memory_images/orig2.jpg","real",NA,NA,NA,NA,NA,NA,NA,NA
"748","167131",3,"resources/real_fg_memory_images/fg35.jpg","artificial",NA,NA,NA,NA,NA,NA,NA,NA
"749","167131",10,"resources/real_fg_memory_images/fg27.jpg","artificial",NA,NA,NA,NA,NA,NA,NA,NA
"750","167131",10,"resources/real_fg_memory_images/orig16.jpg","real",NA,NA,NA,NA,NA,NA,NA,NA
"751","167131",9,"resources/real_fg_memory_images/orig15.jpg","real",NA,NA,NA,NA,NA,NA,NA,NA
"752","167131",9,"resources/real_fg_memory_images/fg26.jpg","artificial",NA,NA,NA,NA,NA,NA,NA,NA
"753","167131",7,"resources/real_fg_memory_images/orig11.jpg","real",NA,NA,NA,NA,NA,NA,NA,NA
"754","167131",5,"resources/real_fg_memory_images/fg25.jpg","artificial",NA,NA,NA,NA,NA,NA,NA,NA
"755","167131",9,"resources/real_fg_memory_images/fg23.jpg","artificial",NA,NA,NA,NA,NA,NA,NA,NA
"756","167131",9,"resources/real_fg_memory_images/orig14.jpg","real",NA,NA,NA,NA,NA,NA,NA,NA
"757","167131",10,"resources/real_fg_memory_images/orig18.jpg","real",NA,NA,NA,NA,NA,NA,NA,NA
"758","167131",5,"resources/real_fg_memory_images/orig4.jpg","real",NA,NA,NA,NA,NA,NA,NA,NA
"759","167131",7,"resources/real_fg_memory_images/fg21.jpg","artificial",NA,NA,NA,NA,NA,NA,NA,NA
"760","167131",2,"resources/real_fg_memory_images/fg24.jpg","artificial",NA,NA,NA,NA,NA,NA,NA,NA
"761","167131",1,"resources/real_fg_memory_images/fg32.jpg","artificial",NA,NA,NA,NA,NA,NA,NA,NA
"762","167131",1,"resources/real_fg_memory_images/orig10.jpg","real",NA,NA,NA,NA,NA,NA,NA,NA
"763","167131",5,"resources/real_fg_memory_images/fg22.jpg","artificial",NA,NA,NA,NA,NA,NA,NA,NA
"764","167131",4,"resources/real_fg_memory_images/orig5.jpg","real",NA,NA,NA,NA,NA,NA,NA,NA
"765","167131",6,"resources/real_fg_memory_images/fg28.jpg","artificial",NA,NA,NA,NA,NA,NA,NA,NA
"766","167131",7,"resources/real_fg_memory_images/orig13.jpg","real",NA,NA,NA,NA,NA,NA,NA,NA
"767","167131",10,"resources/real_fg_memory_images/fg33.jpg","artificial",NA,NA,NA,NA,NA,NA,NA,NA
"768","167131",5,"resources/real_fg_memory_images/fg29.jpg","artificial",NA,NA,NA,NA,NA,NA,NA,NA
"769","167131",9,"resources/real_fg_memory_images/orig6.jpg","real",NA,NA,NA,NA,NA,NA,NA,NA
"770","167131",4,"resources/real_fg_memory_images/orig8.jpg","real",NA,NA,NA,NA,NA,NA,NA,NA
"771","167131",NA,NA,NA,NA,NA,NA,NA,NA,NA,NA,NA
"772","167131",NA,"resources/real_fg_memory_images/fg20.jpg",NA,"artificial","Scam",NA,NA,NA,NA,NA,NA
"773","167131",NA,"resources/real_fg_memory_images/fg30.jpg",NA,"artificial","Neutral",NA,NA,NA,NA,NA,NA
"774","167131",NA,"resources/real_fg_memory_images/orig10.jpg",NA,"real","Neutral",NA,NA,NA,NA,NA,NA
"775","167131",NA,"resources/real_fg_memory_images/fg26.jpg",NA,"artificial","Neutral",NA,NA,NA,NA,NA,NA
"776","167131",NA,"resources/real_fg_memory_images/orig2.jpg",NA,"real","Scam",NA,NA,NA,NA,NA,NA
"777","167131",NA,"resources/real_fg_memory_images/orig4.jpg",NA,"real","Scam",NA,NA,NA,NA,NA,NA
"778","167131",NA,"resources/real_fg_memory_images/orig7.jpg",NA,"real","Neutral",NA,NA,NA,NA,NA,NA
"779","167131",NA,"resources/real_fg_memory_images/orig11.jpg",NA,"real","Neutral",NA,NA,NA,NA,NA,NA
"780","167131",NA,"resources/real_fg_memory_images/fg21.jpg",NA,"artificial","Scam",NA,NA,NA,NA,NA,NA
"781","167131",NA,"resources/real_fg_memory_images/orig9.jpg",NA,"real","Neutral",NA,NA,NA,NA,NA,NA
"782","167131",NA,"resources/real_fg_memory_images/fg29.jpg",NA,"artificial","Neutral",NA,NA,NA,NA,NA,NA
"783","167131",NA,"resources/real_fg_memory_images/fg27.jpg",NA,"artificial","Neutral",NA,NA,NA,NA,NA,NA
"784","167131",NA,"resources/real_fg_memory_images/orig12.jpg",NA,"real","Neutral",NA,NA,NA,NA,NA,NA
"785","167131",NA,"resources/real_fg_memory_images/fg19.jpg",NA,"artificial","Scam",NA,NA,NA,NA,NA,NA
"786","167131",NA,"resources/real_fg_memory_images/fg22.jpg",NA,"artificial","Scam",NA,NA,NA,NA,NA,NA
"787","167131",NA,"resources/real_fg_memory_images/orig3.jpg",NA,"real","Scam",NA,NA,NA,NA,NA,NA
"788","167131",NA,"resources/real_fg_memory_images/orig5.jpg",NA,"real","Scam",NA,NA,NA,NA,NA,NA
"789","167131",NA,"resources/real_fg_memory_images/fg28.jpg",NA,"artificial","Neutral",NA,NA,NA,NA,NA,NA
"790","167131",NA,"resources/real_fg_memory_images/fg24.jpg",NA,"artificial","Scam",NA,NA,NA,NA,NA,NA
"791","167131",NA,"resources/real_fg_memory_images/orig8.jpg",NA,"real","Neutral",NA,NA,NA,NA,NA,NA
"792","167131",NA,"resources/real_fg_memory_images/orig6.jpg",NA,"real","Scam",NA,NA,NA,NA,NA,NA
"793","167131",NA,"resources/real_fg_memory_images/orig1.jpg",NA,"real","Scam",NA,NA,NA,NA,NA,NA
"794","167131",NA,"resources/real_fg_memory_images/fg23.jpg",NA,"artificial","Scam",NA,NA,NA,NA,NA,NA
"795","167131",NA,"resources/real_fg_memory_images/fg25.jpg",NA,"artificial","Neutral",NA,NA,NA,NA,NA,NA
"796","167131",NA,NA,NA,NA,NA,NA,NA,NA,NA,NA,NA
"797","167131",NA,"resources/real_fg_memory_images/orig4.jpg",NA,"real","Scam","[""scam_button""]","10",NA,NA,NA,NA
"798","167131",NA,"resources/real_fg_memory_images/orig7.jpg",NA,"real","Neutral","[""neutral_button""]","5",NA,NA,NA,NA
"799","167131",NA,"resources/real_fg_memory_images/orig3.jpg",NA,"real","Scam","[""scam_button""]","10",NA,NA,NA,NA
"800","167131",NA,"resources/real_fg_memory_images/orig8.jpg",NA,"real","Neutral","[""neutral_button""]","10",NA,NA,NA,NA
"801","167131",NA,"resources/real_fg_memory_images/fg28.jpg",NA,"artificial","Neutral","[""scam_button""]","10",NA,NA,NA,NA
"802","167131",NA,"resources/real_fg_memory_images/fg21.jpg",NA,"artificial","Scam","[""scam_button""]","5",NA,NA,NA,NA
"803","167131",NA,"resources/real_fg_memory_images/fg20.jpg",NA,"artificial","Scam","[""scam_button""]","6",NA,NA,NA,NA
"804","167131",NA,"resources/real_fg_memory_images/fg24.jpg",NA,"artificial","Scam","[""scam_button""]","6",NA,NA,NA,NA
"805","167131",NA,"resources/real_fg_memory_images/orig6.jpg",NA,"real","Scam","[""scam_button""]","10",NA,NA,NA,NA
"806","167131",NA,"resources/real_fg_memory_images/orig11.jpg",NA,"real","Neutral","[""neutral_button""]","4",NA,NA,NA,NA
"807","167131",NA,"resources/real_fg_memory_images/fg22.jpg",NA,"artificial","Scam","[""scam_button""]","10",NA,NA,NA,NA
"808","167131",NA,"resources/real_fg_memory_images/orig12.jpg",NA,"real","Neutral","[""scam_button""]","10",NA,NA,NA,NA
"809","167131",NA,"resources/real_fg_memory_images/fg19.jpg",NA,"artificial","Scam","[""scam_button""]","5",NA,NA,NA,NA
"810","167131",NA,"resources/real_fg_memory_images/fg27.jpg",NA,"artificial","Neutral","[""neutral_button""]","3",NA,NA,NA,NA
"811","167131",NA,"resources/real_fg_memory_images/orig9.jpg",NA,"real","Neutral","[""scam_button""]","5",NA,NA,NA,NA
"812","167131",NA,"resources/real_fg_memory_images/fg30.jpg",NA,"artificial","Neutral","[""neutral_button""]","5",NA,NA,NA,NA
"813","167131",NA,"resources/real_fg_memory_images/fg26.jpg",NA,"artificial","Neutral","[""scam_button""]","8",NA,NA,NA,NA
"814","167131",NA,"resources/real_fg_memory_images/orig2.jpg",NA,"real","Scam","[""scam_button""]","8",NA,NA,NA,NA
"815","167131",NA,"resources/real_fg_memory_images/fg29.jpg",NA,"artificial","Neutral","[""neutral_button""]","8",NA,NA,NA,NA
"816","167131",NA,"resources/real_fg_memory_images/orig1.jpg",NA,"real","Scam","[""scam_button""]","5",NA,NA,NA,NA
"817","167131",NA,"resources/real_fg_memory_images/fg23.jpg",NA,"artificial","Scam","[""neutral_button""]","5",NA,NA,NA,NA
"818","167131",NA,"resources/real_fg_memory_images/orig10.jpg",NA,"real","Neutral","[""scam_button""]","6",NA,NA,NA,NA
"819","167131",NA,"resources/real_fg_memory_images/orig5.jpg",NA,"real","Scam","[""scam_button""]","6",NA,NA,NA,NA
"820","167131",NA,"resources/real_fg_memory_images/fg25.jpg",NA,"artificial","Neutral","[""scam_button""]","6",NA,NA,NA,NA
"821","167131",NA,NA,NA,NA,NA,NA,NA,NA,NA,NA,NA
"822","167131",0,"resources/real_fg_memory_images/orig3.jpg","real",NA,NA,NA,NA,NA,NA,NA,NA
"823","167131",4,"resources/real_fg_memory_images/orig1.jpg","real",NA,NA,NA,NA,NA,NA,NA,NA
"824","167131",3,"resources/real_fg_memory_images/fg33.jpg","artificial",NA,NA,NA,NA,NA,NA,NA,NA
"825","167131",0,"resources/real_fg_memory_images/orig8.jpg","real",NA,NA,NA,NA,NA,NA,NA,NA
"826","167131",2,"resources/real_fg_memory_images/orig6.jpg","real",NA,NA,NA,NA,NA,NA,NA,NA
"827","167131",2,"resources/real_fg_memory_images/orig5.jpg","real",NA,NA,NA,NA,NA,NA,NA,NA
"828","167131",5,"resources/real_fg_memory_images/orig17.jpg","real",NA,NA,NA,NA,NA,NA,NA,NA
"829","167131",0,"resources/real_fg_memory_images/fg22.jpg","artificial",NA,NA,NA,NA,NA,NA,NA,NA
"830","167131",0,"resources/real_fg_memory_images/fg29.jpg","artificial",NA,NA,NA,NA,NA,NA,NA,NA
"831","167131",2,"resources/real_fg_memory_images/fg34.jpg","artificial",NA,NA,NA,NA,NA,NA,NA,NA
"832","167131",5,"resources/real_fg_memory_images/orig18.jpg","real",NA,NA,NA,NA,NA,NA,NA,NA
"833","167131",4,"resources/real_fg_memory_images/fg23.jpg","artificial",NA,NA,NA,NA,NA,NA,NA,NA
"834","167131",2,"resources/real_fg_memory_images/orig14.jpg","real",NA,NA,NA,NA,NA,NA,NA,NA
"835","167131",1,"resources/real_fg_memory_images/fg24.jpg","artificial",NA,NA,NA,NA,NA,NA,NA,NA
"836","167131",5,"resources/real_fg_memory_images/orig15.jpg","real",NA,NA,NA,NA,NA,NA,NA,NA
"837","167131",0,"resources/real_fg_memory_images/fg19.jpg","artificial",NA,NA,NA,NA,NA,NA,NA,NA
"838","167131",0,"resources/real_fg_memory_images/orig9.jpg","real",NA,NA,NA,NA,NA,NA,NA,NA
"839","167131",3,"resources/real_fg_memory_images/orig4.jpg","real",NA,NA,NA,NA,NA,NA,NA,NA
"840","167131",5,"resources/real_fg_memory_images/orig13.jpg","real",NA,NA,NA,NA,NA,NA,NA,NA
"841","167131",4,"resources/real_fg_memory_images/fg21.jpg","artificial",NA,NA,NA,NA,NA,NA,NA,NA
"842","167131",0,"resources/real_fg_memory_images/fg28.jpg","artificial",NA,NA,NA,NA,NA,NA,NA,NA
"843","167131",6,"resources/real_fg_memory_images/fg35.jpg","artificial",NA,NA,NA,NA,NA,NA,NA,NA
"844","167131",7,"resources/real_fg_memory_images/orig16.jpg","real",NA,NA,NA,NA,NA,NA,NA,NA
"845","167131",5,"resources/real_fg_memory_images/orig10.jpg","real",NA,NA,NA,NA,NA,NA,NA,NA
"846","167131",8,"resources/real_fg_memory_images/fg36.jpg","artificial",NA,NA,NA,NA,NA,NA,NA,NA
"847","167131",9,"resources/real_fg_memory_images/fg26.jpg","artificial",NA,NA,NA,NA,NA,NA,NA,NA
"848","167131",4,"resources/real_fg_memory_images/orig2.jpg","real",NA,NA,NA,NA,NA,NA,NA,NA
"849","167131",5,"resources/real_fg_memory_images/orig11.jpg","real",NA,NA,NA,NA,NA,NA,NA,NA
"850","167131",3,"resources/real_fg_memory_images/fg31.jpg","artificial",NA,NA,NA,NA,NA,NA,NA,NA
"851","167131",5,"resources/real_fg_memory_images/fg30.jpg","artificial",NA,NA,NA,NA,NA,NA,NA,NA
"852","167131",2,"resources/real_fg_memory_images/fg20.jpg","artificial",NA,NA,NA,NA,NA,NA,NA,NA
"853","167131",1,"resources/real_fg_memory_images/orig12.jpg","real",NA,NA,NA,NA,NA,NA,NA,NA
"854","167131",8,"resources/real_fg_memory_images/fg25.jpg","artificial",NA,NA,NA,NA,NA,NA,NA,NA
"855","167131",9,"resources/real_fg_memory_images/orig7.jpg","real",NA,NA,NA,NA,NA,NA,NA,NA
"856","167131",2,"resources/real_fg_memory_images/fg32.jpg","artificial",NA,NA,NA,NA,NA,NA,NA,NA
"857","167131",3,"resources/real_fg_memory_images/fg27.jpg","artificial",NA,NA,NA,NA,NA,NA,NA,NA
"858","167131",NA,NA,NA,NA,NA,NA,NA,NA,NA,NA,NA
"859","167131",NA,NA,NA,NA,NA,NA,NA,5,"Persons over the age of 65 are often targeted by con-artists",NA,NA
"860","167131",NA,NA,NA,NA,NA,NA,NA,5,"If something sounds too good to be true, it usually is",NA,NA
"861","167131",NA,NA,NA,NA,NA,NA,NA,1,"If a telemarketer calls me, I usually listen to what they have to say",NA,NA
"862","167131",NA,NA,NA,NA,NA,NA,NA,1,"I answer the phone whenever it rings, even if I do not know who is calling",NA,NA
"863","167131",NA,NA,NA,NA,NA,NA,NA,1,"I have difficulty ending a phone call, even if the caller is a telemarketer, someone I do not know, or someone I do not wish to call me",NA,NA
"864","167131",NA,NA,NA,NA,NA,NA,NA,NA,NA,NA,NA
"865","167131",NA,NA,NA,NA,NA,NA,NA,NA,NA,"[""female_option""]",NA
"866","167131",NA,NA,NA,NA,NA,NA,NA,NA,NA,NA,75
"867","167131",NA,NA,NA,NA,NA,NA,NA,NA,NA,NA,NA
"868","167131",NA,NA,NA,NA,NA,NA,NA,NA,NA,NA,NA
"869","167131",NA,NA,NA,NA,NA,NA,NA,NA,NA,NA,NA
"870","167131",NA,NA,NA,NA,NA,NA,NA,NA,NA,NA,NA
"871","167131",NA,NA,NA,NA,NA,NA,NA,NA,NA,NA,NA
"872","167131",NA,NA,NA,NA,NA,NA,NA,NA,NA,NA,NA
"873","167131",NA,NA,NA,NA,NA,NA,NA,NA,NA,NA,NA
"874","167131",NA,NA,NA,NA,NA,NA,NA,NA,NA,NA,NA
"875","167131",NA,NA,NA,NA,NA,NA,NA,NA,NA,NA,NA
"876","167131",NA,NA,NA,NA,NA,NA,NA,NA,NA,NA,NA
"877","324807",NA,NA,NA,NA,NA,NA,NA,NA,NA,NA,NA
"878","324807",NA,NA,NA,NA,NA,NA,NA,NA,NA,NA,NA
"879","324807",NA,NA,NA,NA,NA,NA,NA,NA,NA,NA,NA
"880","324807",NA,NA,NA,NA,NA,NA,NA,NA,NA,NA,NA
"881","324807",NA,"resources/real_fg_memory_images/orig9.jpg","real",NA,NA,NA,NA,NA,NA,NA,NA
"882","324807",3,"resources/real_fg_memory_images/fg23.jpg","artificial",NA,NA,NA,NA,NA,NA,NA,NA
"883","324807",0,"resources/real_fg_memory_images/orig3.jpg","real",NA,NA,NA,NA,NA,NA,NA,NA
"884","324807",5,"resources/real_fg_memory_images/orig14.jpg","real",NA,NA,NA,NA,NA,NA,NA,NA
"885","324807",5,"resources/real_fg_memory_images/fg34.jpg","artificial",NA,NA,NA,NA,NA,NA,NA,NA
"886","324807",0,"resources/real_fg_memory_images/fg21.jpg","artificial",NA,NA,NA,NA,NA,NA,NA,NA
"887","324807",3,"resources/real_fg_memory_images/fg25.jpg","artificial",NA,NA,NA,NA,NA,NA,NA,NA
"888","324807",0,"resources/real_fg_memory_images/orig10.jpg","real",NA,NA,NA,NA,NA,NA,NA,NA
"889","324807",6,"resources/real_fg_memory_images/orig18.jpg","real",NA,NA,NA,NA,NA,NA,NA,NA
"890","324807",3,"resources/real_fg_memory_images/fg24.jpg","artificial",NA,NA,NA,NA,NA,NA,NA,NA
"891","324807",1,"resources/real_fg_memory_images/orig15.jpg","real",NA,NA,NA,NA,NA,NA,NA,NA
"892","324807",5,"resources/real_fg_memory_images/fg32.jpg","artificial",NA,NA,NA,NA,NA,NA,NA,NA
"893","324807",2,"resources/real_fg_memory_images/fg33.jpg","artificial",NA,NA,NA,NA,NA,NA,NA,NA
"894","324807",0,"resources/real_fg_memory_images/fg22.jpg","artificial",NA,NA,NA,NA,NA,NA,NA,NA
"895","324807",3,"resources/real_fg_memory_images/fg26.jpg","artificial",NA,NA,NA,NA,NA,NA,NA,NA
"896","324807",5,"resources/real_fg_memory_images/fg35.jpg","artificial",NA,NA,NA,NA,NA,NA,NA,NA
"897","324807",4,"resources/real_fg_memory_images/fg36.jpg","artificial",NA,NA,NA,NA,NA,NA,NA,NA
"898","324807",8,"resources/real_fg_memory_images/orig6.jpg","real",NA,NA,NA,NA,NA,NA,NA,NA
"899","324807",5,"resources/real_fg_memory_images/fg19.jpg","artificial",NA,NA,NA,NA,NA,NA,NA,NA
"900","324807",6,"resources/real_fg_memory_images/orig4.jpg","real",NA,NA,NA,NA,NA,NA,NA,NA
"901","324807",0,"resources/real_fg_memory_images/orig12.jpg","real",NA,NA,NA,NA,NA,NA,NA,NA
"902","324807",0,"resources/real_fg_memory_images/fg29.jpg","artificial",NA,NA,NA,NA,NA,NA,NA,NA
"903","324807",0,"resources/real_fg_memory_images/orig17.jpg","real",NA,NA,NA,NA,NA,NA,NA,NA
"904","324807",6,"resources/real_fg_memory_images/fg28.jpg","artificial",NA,NA,NA,NA,NA,NA,NA,NA
"905","324807",0,"resources/real_fg_memory_images/orig8.jpg","real",NA,NA,NA,NA,NA,NA,NA,NA
"906","324807",0,"resources/real_fg_memory_images/orig5.jpg","real",NA,NA,NA,NA,NA,NA,NA,NA
"907","324807",0,"resources/real_fg_memory_images/orig2.jpg","real",NA,NA,NA,NA,NA,NA,NA,NA
"908","324807",2,"resources/real_fg_memory_images/orig7.jpg","real",NA,NA,NA,NA,NA,NA,NA,NA
"909","324807",2,"resources/real_fg_memory_images/orig13.jpg","real",NA,NA,NA,NA,NA,NA,NA,NA
"910","324807",1,"resources/real_fg_memory_images/orig1.jpg","real",NA,NA,NA,NA,NA,NA,NA,NA
"911","324807",1,"resources/real_fg_memory_images/fg31.jpg","artificial",NA,NA,NA,NA,NA,NA,NA,NA
"912","324807",2,"resources/real_fg_memory_images/orig16.jpg","real",NA,NA,NA,NA,NA,NA,NA,NA
"913","324807",5,"resources/real_fg_memory_images/fg30.jpg","artificial",NA,NA,NA,NA,NA,NA,NA,NA
"914","324807",3,"resources/real_fg_memory_images/fg20.jpg","artificial",NA,NA,NA,NA,NA,NA,NA,NA
"915","324807",6,"resources/real_fg_memory_images/orig11.jpg","real",NA,NA,NA,NA,NA,NA,NA,NA
"916","324807",1,"resources/real_fg_memory_images/fg27.jpg","artificial",NA,NA,NA,NA,NA,NA,NA,NA
"917","324807",NA,NA,NA,NA,NA,NA,NA,NA,NA,NA,NA
"918","324807",NA,"resources/real_fg_memory_images/fg26.jpg",NA,"artificial","Neutral",NA,NA,NA,NA,NA,NA
"919","324807",NA,"resources/real_fg_memory_images/orig10.jpg",NA,"real","Neutral",NA,NA,NA,NA,NA,NA
"920","324807",NA,"resources/real_fg_memory_images/fg28.jpg",NA,"artificial","Neutral",NA,NA,NA,NA,NA,NA
"921","324807",NA,"resources/real_fg_memory_images/orig3.jpg",NA,"real","Scam",NA,NA,NA,NA,NA,NA
"922","324807",NA,"resources/real_fg_memory_images/orig6.jpg",NA,"real","Scam",NA,NA,NA,NA,NA,NA
"923","324807",NA,"resources/real_fg_memory_images/orig1.jpg",NA,"real","Scam",NA,NA,NA,NA,NA,NA
"924","324807",NA,"resources/real_fg_memory_images/orig8.jpg",NA,"real","Neutral",NA,NA,NA,NA,NA,NA
"925","324807",NA,"resources/real_fg_memory_images/orig4.jpg",NA,"real","Scam",NA,NA,NA,NA,NA,NA
"926","324807",NA,"resources/real_fg_memory_images/orig7.jpg",NA,"real","Neutral",NA,NA,NA,NA,NA,NA
"927","324807",NA,"resources/real_fg_memory_images/fg23.jpg",NA,"artificial","Scam",NA,NA,NA,NA,NA,NA
"928","324807",NA,"resources/real_fg_memory_images/orig2.jpg",NA,"real","Scam",NA,NA,NA,NA,NA,NA
"929","324807",NA,"resources/real_fg_memory_images/orig5.jpg",NA,"real","Scam",NA,NA,NA,NA,NA,NA
"930","324807",NA,"resources/real_fg_memory_images/orig11.jpg",NA,"real","Neutral",NA,NA,NA,NA,NA,NA
"931","324807",NA,"resources/real_fg_memory_images/fg22.jpg",NA,"artificial","Scam",NA,NA,NA,NA,NA,NA
"932","324807",NA,"resources/real_fg_memory_images/fg25.jpg",NA,"artificial","Neutral",NA,NA,NA,NA,NA,NA
"933","324807",NA,"resources/real_fg_memory_images/fg19.jpg",NA,"artificial","Scam",NA,NA,NA,NA,NA,NA
"934","324807",NA,"resources/real_fg_memory_images/fg30.jpg",NA,"artificial","Neutral",NA,NA,NA,NA,NA,NA
"935","324807",NA,"resources/real_fg_memory_images/fg29.jpg",NA,"artificial","Neutral",NA,NA,NA,NA,NA,NA
"936","324807",NA,"resources/real_fg_memory_images/fg21.jpg",NA,"artificial","Scam",NA,NA,NA,NA,NA,NA
"937","324807",NA,"resources/real_fg_memory_images/fg27.jpg",NA,"artificial","Neutral",NA,NA,NA,NA,NA,NA
"938","324807",NA,"resources/real_fg_memory_images/fg20.jpg",NA,"artificial","Scam",NA,NA,NA,NA,NA,NA
"939","324807",NA,"resources/real_fg_memory_images/fg24.jpg",NA,"artificial","Scam",NA,NA,NA,NA,NA,NA
"940","324807",NA,"resources/real_fg_memory_images/orig9.jpg",NA,"real","Neutral",NA,NA,NA,NA,NA,NA
"941","324807",NA,"resources/real_fg_memory_images/orig12.jpg",NA,"real","Neutral",NA,NA,NA,NA,NA,NA
"942","324807",NA,NA,NA,NA,NA,NA,NA,NA,NA,NA,NA
"943","324807",NA,"resources/real_fg_memory_images/orig12.jpg",NA,"real","Neutral","[""neutral_button""]","5",NA,NA,NA,NA
"944","324807",NA,"resources/real_fg_memory_images/orig8.jpg",NA,"real","Neutral","[""scam_button""]","5",NA,NA,NA,NA
"945","324807",NA,"resources/real_fg_memory_images/fg29.jpg",NA,"artificial","Neutral","[""neutral_button""]","9",NA,NA,NA,NA
"946","324807",NA,"resources/real_fg_memory_images/fg21.jpg",NA,"artificial","Scam","[""scam_button""]","9",NA,NA,NA,NA
"947","324807",NA,"resources/real_fg_memory_images/fg25.jpg",NA,"artificial","Neutral","[""neutral_button""]","9",NA,NA,NA,NA
"948","324807",NA,"resources/real_fg_memory_images/orig5.jpg",NA,"real","Scam","[""neutral_button""]","6",NA,NA,NA,NA
"949","324807",NA,"resources/real_fg_memory_images/orig9.jpg",NA,"real","Neutral","[""neutral_button""]","6",NA,NA,NA,NA
"950","324807",NA,"resources/real_fg_memory_images/fg26.jpg",NA,"artificial","Neutral","[""neutral_button""]","5",NA,NA,NA,NA
"951","324807",NA,"resources/real_fg_memory_images/orig10.jpg",NA,"real","Neutral","[""scam_button""]","8",NA,NA,NA,NA
"952","324807",NA,"resources/real_fg_memory_images/fg27.jpg",NA,"artificial","Neutral","[""neutral_button""]","6",NA,NA,NA,NA
"953","324807",NA,"resources/real_fg_memory_images/orig7.jpg",NA,"real","Neutral","[""scam_button""]","9",NA,NA,NA,NA
"954","324807",NA,"resources/real_fg_memory_images/orig1.jpg",NA,"real","Scam","[""neutral_button""]","6",NA,NA,NA,NA
"955","324807",NA,"resources/real_fg_memory_images/orig4.jpg",NA,"real","Scam","[""neutral_button""]","6",NA,NA,NA,NA
"956","324807",NA,"resources/real_fg_memory_images/fg20.jpg",NA,"artificial","Scam","[""scam_button""]","6",NA,NA,NA,NA
"957","324807",NA,"resources/real_fg_memory_images/fg30.jpg",NA,"artificial","Neutral","[""scam_button""]","6",NA,NA,NA,NA
"958","324807",NA,"resources/real_fg_memory_images/orig11.jpg",NA,"real","Neutral","[""neutral_button""]","6",NA,NA,NA,NA
"959","324807",NA,"resources/real_fg_memory_images/orig6.jpg",NA,"real","Scam","[""neutral_button""]","6",NA,NA,NA,NA
"960","324807",NA,"resources/real_fg_memory_images/orig2.jpg",NA,"real","Scam","[""neutral_button""]","6",NA,NA,NA,NA
"961","324807",NA,"resources/real_fg_memory_images/fg23.jpg",NA,"artificial","Scam","[""neutral_button""]","6",NA,NA,NA,NA
"962","324807",NA,"resources/real_fg_memory_images/fg24.jpg",NA,"artificial","Scam","[""neutral_button""]","6",NA,NA,NA,NA
"963","324807",NA,"resources/real_fg_memory_images/fg28.jpg",NA,"artificial","Neutral","[""scam_button""]","6",NA,NA,NA,NA
"964","324807",NA,"resources/real_fg_memory_images/fg22.jpg",NA,"artificial","Scam","[""scam_button""]","6",NA,NA,NA,NA
"965","324807",NA,"resources/real_fg_memory_images/fg19.jpg",NA,"artificial","Scam","[""neutral_button""]","6",NA,NA,NA,NA
"966","324807",NA,"resources/real_fg_memory_images/orig3.jpg",NA,"real","Scam","[""scam_button""]","6",NA,NA,NA,NA
"967","324807",NA,NA,NA,NA,NA,NA,NA,NA,NA,NA,NA
"968","324807",5,"resources/real_fg_memory_images/orig5.jpg","real",NA,NA,NA,NA,NA,NA,NA,NA
"969","324807",0,"resources/real_fg_memory_images/fg32.jpg","artificial",NA,NA,NA,NA,NA,NA,NA,NA
"970","324807",0,"resources/real_fg_memory_images/orig12.jpg","real",NA,NA,NA,NA,NA,NA,NA,NA
"971","324807",3,"resources/real_fg_memory_images/fg34.jpg","artificial",NA,NA,NA,NA,NA,NA,NA,NA
"972","324807",9,"resources/real_fg_memory_images/orig15.jpg","real",NA,NA,NA,NA,NA,NA,NA,NA
"973","324807",3,"resources/real_fg_memory_images/fg28.jpg","artificial",NA,NA,NA,NA,NA,NA,NA,NA
"974","324807",0,"resources/real_fg_memory_images/fg20.jpg","artificial",NA,NA,NA,NA,NA,NA,NA,NA
"975","324807",9,"resources/real_fg_memory_images/orig4.jpg","real",NA,NA,NA,NA,NA,NA,NA,NA
"976","324807",1,"resources/real_fg_memory_images/orig3.jpg","real",NA,NA,NA,NA,NA,NA,NA,NA
"977","324807",1,"resources/real_fg_memory_images/orig16.jpg","real",NA,NA,NA,NA,NA,NA,NA,NA
"978","324807",3,"resources/real_fg_memory_images/fg25.jpg","artificial",NA,NA,NA,NA,NA,NA,NA,NA
"979","324807",6,"resources/real_fg_memory_images/orig18.jpg","real",NA,NA,NA,NA,NA,NA,NA,NA
"980","324807",7,"resources/real_fg_memory_images/fg35.jpg","artificial",NA,NA,NA,NA,NA,NA,NA,NA
"981","324807",7,"resources/real_fg_memory_images/orig2.jpg","real",NA,NA,NA,NA,NA,NA,NA,NA
"982","324807",7,"resources/real_fg_memory_images/orig14.jpg","real",NA,NA,NA,NA,NA,NA,NA,NA
"983","324807",1,"resources/real_fg_memory_images/fg19.jpg","artificial",NA,NA,NA,NA,NA,NA,NA,NA
"984","324807",8,"resources/real_fg_memory_images/orig6.jpg","real",NA,NA,NA,NA,NA,NA,NA,NA
"985","324807",0,"resources/real_fg_memory_images/fg30.jpg","artificial",NA,NA,NA,NA,NA,NA,NA,NA
"986","324807",5,"resources/real_fg_memory_images/orig11.jpg","real",NA,NA,NA,NA,NA,NA,NA,NA
"987","324807",0,"resources/real_fg_memory_images/orig13.jpg","real",NA,NA,NA,NA,NA,NA,NA,NA
"988","324807",0,"resources/real_fg_memory_images/fg22.jpg","artificial",NA,NA,NA,NA,NA,NA,NA,NA
"989","324807",3,"resources/real_fg_memory_images/fg23.jpg","artificial",NA,NA,NA,NA,NA,NA,NA,NA
"990","324807",0,"resources/real_fg_memory_images/fg21.jpg","artificial",NA,NA,NA,NA,NA,NA,NA,NA
"991","324807",5,"resources/real_fg_memory_images/fg29.jpg","artificial",NA,NA,NA,NA,NA,NA,NA,NA
"992","324807",3,"resources/real_fg_memory_images/fg36.jpg","artificial",NA,NA,NA,NA,NA,NA,NA,NA
"993","324807",0,"resources/real_fg_memory_images/fg27.jpg","artificial",NA,NA,NA,NA,NA,NA,NA,NA
"994","324807",0,"resources/real_fg_memory_images/orig7.jpg","real",NA,NA,NA,NA,NA,NA,NA,NA
"995","324807",0,"resources/real_fg_memory_images/orig8.jpg","real",NA,NA,NA,NA,NA,NA,NA,NA
"996","324807",5,"resources/real_fg_memory_images/fg24.jpg","artificial",NA,NA,NA,NA,NA,NA,NA,NA
"997","324807",5,"resources/real_fg_memory_images/orig17.jpg","real",NA,NA,NA,NA,NA,NA,NA,NA
"998","324807",9,"resources/real_fg_memory_images/orig1.jpg","real",NA,NA,NA,NA,NA,NA,NA,NA
"999","324807",9,"resources/real_fg_memory_images/orig9.jpg","real",NA,NA,NA,NA,NA,NA,NA,NA
"1000","324807",6,"resources/real_fg_memory_images/fg26.jpg","artificial",NA,NA,NA,NA,NA,NA,NA,NA
"1001","324807",3,"resources/real_fg_memory_images/fg33.jpg","artificial",NA,NA,NA,NA,NA,NA,NA,NA
"1002","324807",0,"resources/real_fg_memory_images/fg31.jpg","artificial",NA,NA,NA,NA,NA,NA,NA,NA
"1003","324807",0,"resources/real_fg_memory_images/orig10.jpg","real",NA,NA,NA,NA,NA,NA,NA,NA
"1004","324807",NA,NA,NA,NA,NA,NA,NA,NA,NA,NA,NA
"1005","324807",NA,NA,NA,NA,NA,NA,NA,5,"Persons over the age of 65 are often targeted by con-artists",NA,NA
"1006","324807",NA,NA,NA,NA,NA,NA,NA,1,"I answer the phone whenever it rings, even if I do not know who is calling",NA,NA
"1007","324807",NA,NA,NA,NA,NA,NA,NA,1,"If a telemarketer calls me, I usually listen to what they have to say",NA,NA
"1008","324807",NA,NA,NA,NA,NA,NA,NA,1,"I have difficulty ending a phone call, even if the caller is a telemarketer, someone I do not know, or someone I do not wish to call me",NA,NA
"1009","324807",NA,NA,NA,NA,NA,NA,NA,5,"If something sounds too good to be true, it usually is",NA,NA
"1010","324807",NA,NA,NA,NA,NA,NA,NA,NA,NA,NA,NA
"1011","324807",NA,NA,NA,NA,NA,NA,NA,NA,NA,"[""female_option""]",NA
"1012","324807",NA,NA,NA,NA,NA,NA,NA,NA,NA,NA,69
"1013","324807",NA,NA,NA,NA,NA,NA,NA,NA,NA,NA,NA
"1014","324807",NA,NA,NA,NA,NA,NA,NA,NA,NA,NA,NA
"1015","324807",NA,NA,NA,NA,NA,NA,NA,NA,NA,NA,NA
"1016","324807",NA,NA,NA,NA,NA,NA,NA,NA,NA,NA,NA
"1017","324807",NA,NA,NA,NA,NA,NA,NA,NA,NA,NA,NA
"1018","324807",NA,NA,NA,NA,NA,NA,NA,NA,NA,NA,NA
"1019","324807",NA,NA,NA,NA,NA,NA,NA,NA,NA,NA,NA
"1020","324807",NA,NA,NA,NA,NA,NA,NA,NA,NA,NA,NA
"1021","324807",NA,NA,NA,NA,NA,NA,NA,NA,NA,NA,NA
"1022","324807",NA,NA,NA,NA,NA,NA,NA,NA,NA,NA,NA
"1023","385025",NA,NA,NA,NA,NA,NA,NA,NA,NA,NA,NA
"1024","385025",NA,NA,NA,NA,NA,NA,NA,NA,NA,NA,NA
"1025","385025",NA,NA,NA,NA,NA,NA,NA,NA,NA,NA,NA
"1026","385025",NA,NA,NA,NA,NA,NA,NA,NA,NA,NA,NA
"1027","385025",5,"resources/real_fg_memory_images/fg27.jpg","artificial",NA,NA,NA,NA,NA,NA,NA,NA
"1028","385025",5,"resources/real_fg_memory_images/fg31.jpg","artificial",NA,NA,NA,NA,NA,NA,NA,NA
"1029","385025",6,"resources/real_fg_memory_images/orig4.jpg","real",NA,NA,NA,NA,NA,NA,NA,NA
"1030","385025",5,"resources/real_fg_memory_images/fg29.jpg","artificial",NA,NA,NA,NA,NA,NA,NA,NA
"1031","385025",5,"resources/real_fg_memory_images/orig10.jpg","real",NA,NA,NA,NA,NA,NA,NA,NA
"1032","385025",5,"resources/real_fg_memory_images/orig16.jpg","real",NA,NA,NA,NA,NA,NA,NA,NA
"1033","385025",5,"resources/real_fg_memory_images/fg30.jpg","artificial",NA,NA,NA,NA,NA,NA,NA,NA
"1034","385025",2,"resources/real_fg_memory_images/orig1.jpg","real",NA,NA,NA,NA,NA,NA,NA,NA
"1035","385025",4,"resources/real_fg_memory_images/fg26.jpg","artificial",NA,NA,NA,NA,NA,NA,NA,NA
"1036","385025",4,"resources/real_fg_memory_images/fg23.jpg","artificial",NA,NA,NA,NA,NA,NA,NA,NA
"1037","385025",6,"resources/real_fg_memory_images/fg24.jpg","artificial",NA,NA,NA,NA,NA,NA,NA,NA
"1038","385025",6,"resources/real_fg_memory_images/orig14.jpg","real",NA,NA,NA,NA,NA,NA,NA,NA
"1039","385025",3,"resources/real_fg_memory_images/fg35.jpg","artificial",NA,NA,NA,NA,NA,NA,NA,NA
"1040","385025",6,"resources/real_fg_memory_images/orig2.jpg","real",NA,NA,NA,NA,NA,NA,NA,NA
"1041","385025",1,"resources/real_fg_memory_images/fg21.jpg","artificial",NA,NA,NA,NA,NA,NA,NA,NA
"1042","385025",5,"resources/real_fg_memory_images/orig11.jpg","real",NA,NA,NA,NA,NA,NA,NA,NA
"1043","385025",3,"resources/real_fg_memory_images/fg22.jpg","artificial",NA,NA,NA,NA,NA,NA,NA,NA
"1044","385025",5,"resources/real_fg_memory_images/orig6.jpg","real",NA,NA,NA,NA,NA,NA,NA,NA
"1045","385025",2,"resources/real_fg_memory_images/orig13.jpg","real",NA,NA,NA,NA,NA,NA,NA,NA
"1046","385025",3,"resources/real_fg_memory_images/fg36.jpg","artificial",NA,NA,NA,NA,NA,NA,NA,NA
"1047","385025",8,"resources/real_fg_memory_images/fg34.jpg","artificial",NA,NA,NA,NA,NA,NA,NA,NA
"1048","385025",7,"resources/real_fg_memory_images/orig15.jpg","real",NA,NA,NA,NA,NA,NA,NA,NA
"1049","385025",2,"resources/real_fg_memory_images/orig12.jpg","real",NA,NA,NA,NA,NA,NA,NA,NA
"1050","385025",3,"resources/real_fg_memory_images/orig5.jpg","real",NA,NA,NA,NA,NA,NA,NA,NA
"1051","385025",3,"resources/real_fg_memory_images/orig3.jpg","real",NA,NA,NA,NA,NA,NA,NA,NA
"1052","385025",9,"resources/real_fg_memory_images/fg32.jpg","artificial",NA,NA,NA,NA,NA,NA,NA,NA
"1053","385025",6,"resources/real_fg_memory_images/orig17.jpg","real",NA,NA,NA,NA,NA,NA,NA,NA
"1054","385025",6,"resources/real_fg_memory_images/fg19.jpg","artificial",NA,NA,NA,NA,NA,NA,NA,NA
"1055","385025",2,"resources/real_fg_memory_images/orig8.jpg","real",NA,NA,NA,NA,NA,NA,NA,NA
"1056","385025",7,"resources/real_fg_memory_images/fg28.jpg","artificial",NA,NA,NA,NA,NA,NA,NA,NA
"1057","385025",2,"resources/real_fg_memory_images/fg33.jpg","artificial",NA,NA,NA,NA,NA,NA,NA,NA
"1058","385025",7,"resources/real_fg_memory_images/orig18.jpg","real",NA,NA,NA,NA,NA,NA,NA,NA
"1059","385025",2,"resources/real_fg_memory_images/orig9.jpg","real",NA,NA,NA,NA,NA,NA,NA,NA
"1060","385025",3,"resources/real_fg_memory_images/fg25.jpg","artificial",NA,NA,NA,NA,NA,NA,NA,NA
"1061","385025",3,"resources/real_fg_memory_images/fg20.jpg","artificial",NA,NA,NA,NA,NA,NA,NA,NA
"1062","385025",1,"resources/real_fg_memory_images/orig7.jpg","real",NA,NA,NA,NA,NA,NA,NA,NA
"1063","385025",NA,NA,NA,NA,NA,NA,NA,NA,NA,NA,NA
"1064","385025",NA,"resources/real_fg_memory_images/fg25.jpg",NA,"artificial","Neutral",NA,NA,NA,NA,NA,NA
"1065","385025",NA,"resources/real_fg_memory_images/fg29.jpg",NA,"artificial","Neutral",NA,NA,NA,NA,NA,NA
"1066","385025",NA,"resources/real_fg_memory_images/fg21.jpg",NA,"artificial","Scam",NA,NA,NA,NA,NA,NA
"1067","385025",NA,"resources/real_fg_memory_images/fg30.jpg",NA,"artificial","Neutral",NA,NA,NA,NA,NA,NA
"1068","385025",NA,"resources/real_fg_memory_images/fg23.jpg",NA,"artificial","Scam",NA,NA,NA,NA,NA,NA
"1069","385025",NA,"resources/real_fg_memory_images/orig11.jpg",NA,"real","Neutral",NA,NA,NA,NA,NA,NA
"1070","385025",NA,"resources/real_fg_memory_images/fg19.jpg",NA,"artificial","Scam",NA,NA,NA,NA,NA,NA
"1071","385025",NA,"resources/real_fg_memory_images/orig5.jpg",NA,"real","Scam",NA,NA,NA,NA,NA,NA
"1072","385025",NA,"resources/real_fg_memory_images/fg20.jpg",NA,"artificial","Scam",NA,NA,NA,NA,NA,NA
"1073","385025",NA,"resources/real_fg_memory_images/fg27.jpg",NA,"artificial","Neutral",NA,NA,NA,NA,NA,NA
"1074","385025",NA,"resources/real_fg_memory_images/orig8.jpg",NA,"real","Neutral",NA,NA,NA,NA,NA,NA
"1075","385025",NA,"resources/real_fg_memory_images/orig4.jpg",NA,"real","Scam",NA,NA,NA,NA,NA,NA
"1076","385025",NA,"resources/real_fg_memory_images/fg22.jpg",NA,"artificial","Scam",NA,NA,NA,NA,NA,NA
"1077","385025",NA,"resources/real_fg_memory_images/orig3.jpg",NA,"real","Scam",NA,NA,NA,NA,NA,NA
"1078","385025",NA,"resources/real_fg_memory_images/orig7.jpg",NA,"real","Neutral",NA,NA,NA,NA,NA,NA
"1079","385025",NA,"resources/real_fg_memory_images/fg24.jpg",NA,"artificial","Scam",NA,NA,NA,NA,NA,NA
"1080","385025",NA,"resources/real_fg_memory_images/orig1.jpg",NA,"real","Scam",NA,NA,NA,NA,NA,NA
"1081","385025",NA,"resources/real_fg_memory_images/orig9.jpg",NA,"real","Neutral",NA,NA,NA,NA,NA,NA
"1082","385025",NA,"resources/real_fg_memory_images/orig2.jpg",NA,"real","Scam",NA,NA,NA,NA,NA,NA
"1083","385025",NA,"resources/real_fg_memory_images/orig10.jpg",NA,"real","Neutral",NA,NA,NA,NA,NA,NA
"1084","385025",NA,"resources/real_fg_memory_images/fg28.jpg",NA,"artificial","Neutral",NA,NA,NA,NA,NA,NA
"1085","385025",NA,"resources/real_fg_memory_images/orig12.jpg",NA,"real","Neutral",NA,NA,NA,NA,NA,NA
"1086","385025",NA,"resources/real_fg_memory_images/fg26.jpg",NA,"artificial","Neutral",NA,NA,NA,NA,NA,NA
"1087","385025",NA,"resources/real_fg_memory_images/orig6.jpg",NA,"real","Scam",NA,NA,NA,NA,NA,NA
"1088","385025",NA,NA,NA,NA,NA,NA,NA,NA,NA,NA,NA
"1089","385025",NA,"resources/real_fg_memory_images/orig12.jpg",NA,"real","Neutral","[""scam_button""]","5",NA,NA,NA,NA
"1090","385025",NA,"resources/real_fg_memory_images/orig6.jpg",NA,"real","Scam","[""neutral_button""]","8",NA,NA,NA,NA
"1091","385025",NA,"resources/real_fg_memory_images/orig2.jpg",NA,"real","Scam","[""neutral_button""]","5",NA,NA,NA,NA
"1092","385025",NA,"resources/real_fg_memory_images/fg29.jpg",NA,"artificial","Neutral","[""neutral_button""]","5",NA,NA,NA,NA
"1093","385025",NA,"resources/real_fg_memory_images/fg30.jpg",NA,"artificial","Neutral","[""scam_button""]","3",NA,NA,NA,NA
"1094","385025",NA,"resources/real_fg_memory_images/fg27.jpg",NA,"artificial","Neutral","[""neutral_button""]","10",NA,NA,NA,NA
"1095","385025",NA,"resources/real_fg_memory_images/orig5.jpg",NA,"real","Scam","[""scam_button""]","2",NA,NA,NA,NA
"1096","385025",NA,"resources/real_fg_memory_images/fg24.jpg",NA,"artificial","Scam","[""neutral_button""]","5",NA,NA,NA,NA
"1097","385025",NA,"resources/real_fg_memory_images/orig11.jpg",NA,"real","Neutral","[""neutral_button""]","5",NA,NA,NA,NA
"1098","385025",NA,"resources/real_fg_memory_images/orig10.jpg",NA,"real","Neutral","[""neutral_button""]","4",NA,NA,NA,NA
"1099","385025",NA,"resources/real_fg_memory_images/orig7.jpg",NA,"real","Neutral","[""neutral_button""]","3",NA,NA,NA,NA
"1100","385025",NA,"resources/real_fg_memory_images/fg22.jpg",NA,"artificial","Scam","[""scam_button""]","10",NA,NA,NA,NA
"1101","385025",NA,"resources/real_fg_memory_images/orig1.jpg",NA,"real","Scam","[""scam_button""]","4",NA,NA,NA,NA
"1102","385025",NA,"resources/real_fg_memory_images/orig8.jpg",NA,"real","Neutral","[""scam_button""]","2",NA,NA,NA,NA
"1103","385025",NA,"resources/real_fg_memory_images/fg25.jpg",NA,"artificial","Neutral","[""neutral_button""]","7",NA,NA,NA,NA
"1104","385025",NA,"resources/real_fg_memory_images/fg21.jpg",NA,"artificial","Scam","[""neutral_button""]","6",NA,NA,NA,NA
"1105","385025",NA,"resources/real_fg_memory_images/fg28.jpg",NA,"artificial","Neutral","[""neutral_button""]","5",NA,NA,NA,NA
"1106","385025",NA,"resources/real_fg_memory_images/orig9.jpg",NA,"real","Neutral","[""scam_button""]","4",NA,NA,NA,NA
"1107","385025",NA,"resources/real_fg_memory_images/orig3.jpg",NA,"real","Scam","[""neutral_button""]","5",NA,NA,NA,NA
"1108","385025",NA,"resources/real_fg_memory_images/fg19.jpg",NA,"artificial","Scam","[""neutral_button""]","5",NA,NA,NA,NA
"1109","385025",NA,"resources/real_fg_memory_images/orig4.jpg",NA,"real","Scam","[""scam_button""]","2",NA,NA,NA,NA
"1110","385025",NA,"resources/real_fg_memory_images/fg20.jpg",NA,"artificial","Scam","[""neutral_button""]","6",NA,NA,NA,NA
"1111","385025",NA,"resources/real_fg_memory_images/fg26.jpg",NA,"artificial","Neutral","[""neutral_button""]","6",NA,NA,NA,NA
"1112","385025",NA,"resources/real_fg_memory_images/fg23.jpg",NA,"artificial","Scam","[""neutral_button""]","4",NA,NA,NA,NA
"1113","385025",NA,NA,NA,NA,NA,NA,NA,NA,NA,NA,NA
"1114","385025",7,"resources/real_fg_memory_images/fg27.jpg","artificial",NA,NA,NA,NA,NA,NA,NA,NA
"1115","385025",1,"resources/real_fg_memory_images/fg28.jpg","artificial",NA,NA,NA,NA,NA,NA,NA,NA
"1116","385025",2,"resources/real_fg_memory_images/orig7.jpg","real",NA,NA,NA,NA,NA,NA,NA,NA
"1117","385025",4,"resources/real_fg_memory_images/fg29.jpg","artificial",NA,NA,NA,NA,NA,NA,NA,NA
"1118","385025",5,"resources/real_fg_memory_images/orig9.jpg","real",NA,NA,NA,NA,NA,NA,NA,NA
"1119","385025",4,"resources/real_fg_memory_images/fg21.jpg","artificial",NA,NA,NA,NA,NA,NA,NA,NA
"1120","385025",8,"resources/real_fg_memory_images/orig16.jpg","real",NA,NA,NA,NA,NA,NA,NA,NA
"1121","385025",6,"resources/real_fg_memory_images/fg25.jpg","artificial",NA,NA,NA,NA,NA,NA,NA,NA
"1122","385025",5,"resources/real_fg_memory_images/fg20.jpg","artificial",NA,NA,NA,NA,NA,NA,NA,NA
"1123","385025",6,"resources/real_fg_memory_images/fg26.jpg","artificial",NA,NA,NA,NA,NA,NA,NA,NA
"1124","385025",8,"resources/real_fg_memory_images/orig17.jpg","real",NA,NA,NA,NA,NA,NA,NA,NA
"1125","385025",4,"resources/real_fg_memory_images/fg23.jpg","artificial",NA,NA,NA,NA,NA,NA,NA,NA
"1126","385025",8,"resources/real_fg_memory_images/orig14.jpg","real",NA,NA,NA,NA,NA,NA,NA,NA
"1127","385025",1,"resources/real_fg_memory_images/fg30.jpg","artificial",NA,NA,NA,NA,NA,NA,NA,NA
"1128","385025",5,"resources/real_fg_memory_images/fg33.jpg","artificial",NA,NA,NA,NA,NA,NA,NA,NA
"1129","385025",5,"resources/real_fg_memory_images/orig15.jpg","real",NA,NA,NA,NA,NA,NA,NA,NA
"1130","385025",4,"resources/real_fg_memory_images/fg36.jpg","artificial",NA,NA,NA,NA,NA,NA,NA,NA
"1131","385025",7,"resources/real_fg_memory_images/orig18.jpg","real",NA,NA,NA,NA,NA,NA,NA,NA
"1132","385025",3,"resources/real_fg_memory_images/fg32.jpg","artificial",NA,NA,NA,NA,NA,NA,NA,NA
"1133","385025",2,"resources/real_fg_memory_images/fg34.jpg","artificial",NA,NA,NA,NA,NA,NA,NA,NA
"1134","385025",4,"resources/real_fg_memory_images/fg22.jpg","artificial",NA,NA,NA,NA,NA,NA,NA,NA
"1135","385025",7,"resources/real_fg_memory_images/orig6.jpg","real",NA,NA,NA,NA,NA,NA,NA,NA
"1136","385025",1,"resources/real_fg_memory_images/orig4.jpg","real",NA,NA,NA,NA,NA,NA,NA,NA
"1137","385025",5,"resources/real_fg_memory_images/orig13.jpg","real",NA,NA,NA,NA,NA,NA,NA,NA
"1138","385025",4,"resources/real_fg_memory_images/orig2.jpg","real",NA,NA,NA,NA,NA,NA,NA,NA
"1139","385025",5,"resources/real_fg_memory_images/orig3.jpg","real",NA,NA,NA,NA,NA,NA,NA,NA
"1140","385025",3,"resources/real_fg_memory_images/fg19.jpg","artificial",NA,NA,NA,NA,NA,NA,NA,NA
"1141","385025",2,"resources/real_fg_memory_images/orig8.jpg","real",NA,NA,NA,NA,NA,NA,NA,NA
"1142","385025",4,"resources/real_fg_memory_images/orig5.jpg","real",NA,NA,NA,NA,NA,NA,NA,NA
"1143","385025",4,"resources/real_fg_memory_images/orig12.jpg","real",NA,NA,NA,NA,NA,NA,NA,NA
"1144","385025",4,"resources/real_fg_memory_images/orig11.jpg","real",NA,NA,NA,NA,NA,NA,NA,NA
"1145","385025",2,"resources/real_fg_memory_images/fg31.jpg","artificial",NA,NA,NA,NA,NA,NA,NA,NA
"1146","385025",1,"resources/real_fg_memory_images/orig1.jpg","real",NA,NA,NA,NA,NA,NA,NA,NA
"1147","385025",7,"resources/real_fg_memory_images/fg24.jpg","artificial",NA,NA,NA,NA,NA,NA,NA,NA
"1148","385025",5,"resources/real_fg_memory_images/orig10.jpg","real",NA,NA,NA,NA,NA,NA,NA,NA
"1149","385025",6,"resources/real_fg_memory_images/fg35.jpg","artificial",NA,NA,NA,NA,NA,NA,NA,NA
"1150","385025",NA,NA,NA,NA,NA,NA,NA,NA,NA,NA,NA
"1151","385025",NA,NA,NA,NA,NA,NA,NA,5,"If something sounds too good to be true, it usually is",NA,NA
"1152","385025",NA,NA,NA,NA,NA,NA,NA,4,"Persons over the age of 65 are often targeted by con-artists",NA,NA
"1153","385025",NA,NA,NA,NA,NA,NA,NA,1,"I have difficulty ending a phone call, even if the caller is a telemarketer, someone I do not know, or someone I do not wish to call me",NA,NA
"1154","385025",NA,NA,NA,NA,NA,NA,NA,1,"If a telemarketer calls me, I usually listen to what they have to say",NA,NA
"1155","385025",NA,NA,NA,NA,NA,NA,NA,1,"I answer the phone whenever it rings, even if I do not know who is calling",NA,NA
"1156","385025",NA,NA,NA,NA,NA,NA,NA,NA,NA,NA,NA
"1157","385025",NA,NA,NA,NA,NA,NA,NA,NA,NA,"[""female_option""]",NA
"1158","385025",NA,NA,NA,NA,NA,NA,NA,NA,NA,NA,66
"1159","385025",NA,NA,NA,NA,NA,NA,NA,NA,NA,NA,NA
"1160","385025",NA,NA,NA,NA,NA,NA,NA,NA,NA,NA,NA
"1161","385025",NA,NA,NA,NA,NA,NA,NA,NA,NA,NA,NA
"1162","385025",NA,NA,NA,NA,NA,NA,NA,NA,NA,NA,NA
"1163","385025",NA,NA,NA,NA,NA,NA,NA,NA,NA,NA,NA
"1164","385025",NA,NA,NA,NA,NA,NA,NA,NA,NA,NA,NA
"1165","385025",NA,NA,NA,NA,NA,NA,NA,NA,NA,NA,NA
"1166","385025",NA,NA,NA,NA,NA,NA,NA,NA,NA,NA,NA
"1167","385025",NA,NA,NA,NA,NA,NA,NA,NA,NA,NA,NA
"1168","385025",NA,NA,NA,NA,NA,NA,NA,NA,NA,NA,NA
"1169","425851",NA,NA,NA,NA,NA,NA,NA,NA,NA,NA,NA
"1170","425851",NA,NA,NA,NA,NA,NA,NA,NA,NA,NA,NA
"1171","425851",NA,NA,NA,NA,NA,NA,NA,NA,NA,NA,NA
"1172","425851",NA,NA,NA,NA,NA,NA,NA,NA,NA,NA,NA
"1173","425851",10,"resources/real_fg_memory_images/fg25.jpg","artificial",NA,NA,NA,NA,NA,NA,NA,NA
"1174","425851",10,"resources/real_fg_memory_images/orig3.jpg","real",NA,NA,NA,NA,NA,NA,NA,NA
"1175","425851",10,"resources/real_fg_memory_images/fg32.jpg","artificial",NA,NA,NA,NA,NA,NA,NA,NA
"1176","425851",10,"resources/real_fg_memory_images/orig18.jpg","real",NA,NA,NA,NA,NA,NA,NA,NA
"1177","425851",10,"resources/real_fg_memory_images/fg20.jpg","artificial",NA,NA,NA,NA,NA,NA,NA,NA
"1178","425851",10,"resources/real_fg_memory_images/fg30.jpg","artificial",NA,NA,NA,NA,NA,NA,NA,NA
"1179","425851",10,"resources/real_fg_memory_images/fg36.jpg","artificial",NA,NA,NA,NA,NA,NA,NA,NA
"1180","425851",10,"resources/real_fg_memory_images/fg19.jpg","artificial",NA,NA,NA,NA,NA,NA,NA,NA
"1181","425851",10,"resources/real_fg_memory_images/orig15.jpg","real",NA,NA,NA,NA,NA,NA,NA,NA
"1182","425851",10,"resources/real_fg_memory_images/orig13.jpg","real",NA,NA,NA,NA,NA,NA,NA,NA
"1183","425851",10,"resources/real_fg_memory_images/orig6.jpg","real",NA,NA,NA,NA,NA,NA,NA,NA
"1184","425851",10,"resources/real_fg_memory_images/orig9.jpg","real",NA,NA,NA,NA,NA,NA,NA,NA
"1185","425851",10,"resources/real_fg_memory_images/fg23.jpg","artificial",NA,NA,NA,NA,NA,NA,NA,NA
"1186","425851",10,"resources/real_fg_memory_images/orig7.jpg","real",NA,NA,NA,NA,NA,NA,NA,NA
"1187","425851",10,"resources/real_fg_memory_images/orig11.jpg","real",NA,NA,NA,NA,NA,NA,NA,NA
"1188","425851",10,"resources/real_fg_memory_images/fg29.jpg","artificial",NA,NA,NA,NA,NA,NA,NA,NA
"1189","425851",10,"resources/real_fg_memory_images/fg21.jpg","artificial",NA,NA,NA,NA,NA,NA,NA,NA
"1190","425851",10,"resources/real_fg_memory_images/orig8.jpg","real",NA,NA,NA,NA,NA,NA,NA,NA
"1191","425851",10,"resources/real_fg_memory_images/fg31.jpg","artificial",NA,NA,NA,NA,NA,NA,NA,NA
"1192","425851",10,"resources/real_fg_memory_images/orig5.jpg","real",NA,NA,NA,NA,NA,NA,NA,NA
"1193","425851",10,"resources/real_fg_memory_images/orig14.jpg","real",NA,NA,NA,NA,NA,NA,NA,NA
"1194","425851",0,"resources/real_fg_memory_images/fg27.jpg","artificial",NA,NA,NA,NA,NA,NA,NA,NA
"1195","425851",10,"resources/real_fg_memory_images/orig12.jpg","real",NA,NA,NA,NA,NA,NA,NA,NA
"1196","425851",0,"resources/real_fg_memory_images/fg33.jpg","artificial",NA,NA,NA,NA,NA,NA,NA,NA
"1197","425851",0,"resources/real_fg_memory_images/fg35.jpg","artificial",NA,NA,NA,NA,NA,NA,NA,NA
"1198","425851",10,"resources/real_fg_memory_images/orig17.jpg","real",NA,NA,NA,NA,NA,NA,NA,NA
"1199","425851",0,"resources/real_fg_memory_images/fg28.jpg","artificial",NA,NA,NA,NA,NA,NA,NA,NA
"1200","425851",10,"resources/real_fg_memory_images/fg34.jpg","artificial",NA,NA,NA,NA,NA,NA,NA,NA
"1201","425851",0,"resources/real_fg_memory_images/orig2.jpg","real",NA,NA,NA,NA,NA,NA,NA,NA
"1202","425851",0,"resources/real_fg_memory_images/orig10.jpg","real",NA,NA,NA,NA,NA,NA,NA,NA
"1203","425851",10,"resources/real_fg_memory_images/orig16.jpg","real",NA,NA,NA,NA,NA,NA,NA,NA
"1204","425851",0,"resources/real_fg_memory_images/fg26.jpg","artificial",NA,NA,NA,NA,NA,NA,NA,NA
"1205","425851",10,"resources/real_fg_memory_images/orig4.jpg","real",NA,NA,NA,NA,NA,NA,NA,NA
"1206","425851",10,"resources/real_fg_memory_images/fg24.jpg","artificial",NA,NA,NA,NA,NA,NA,NA,NA
"1207","425851",10,"resources/real_fg_memory_images/orig1.jpg","real",NA,NA,NA,NA,NA,NA,NA,NA
"1208","425851",0,"resources/real_fg_memory_images/fg22.jpg","artificial",NA,NA,NA,NA,NA,NA,NA,NA
"1209","425851",NA,NA,NA,NA,NA,NA,NA,NA,NA,NA,NA
"1210","425851",NA,"resources/real_fg_memory_images/fg25.jpg",NA,"artificial","Neutral",NA,NA,NA,NA,NA,NA
"1211","425851",NA,"resources/real_fg_memory_images/orig10.jpg",NA,"real","Neutral",NA,NA,NA,NA,NA,NA
"1212","425851",NA,"resources/real_fg_memory_images/orig3.jpg",NA,"real","Scam",NA,NA,NA,NA,NA,NA
"1213","425851",NA,"resources/real_fg_memory_images/orig7.jpg",NA,"real","Neutral",NA,NA,NA,NA,NA,NA
"1214","425851",NA,"resources/real_fg_memory_images/fg22.jpg",NA,"artificial","Scam",NA,NA,NA,NA,NA,NA
"1215","425851",NA,"resources/real_fg_memory_images/orig8.jpg",NA,"real","Neutral",NA,NA,NA,NA,NA,NA
"1216","425851",NA,"resources/real_fg_memory_images/orig5.jpg",NA,"real","Scam",NA,NA,NA,NA,NA,NA
"1217","425851",NA,"resources/real_fg_memory_images/orig9.jpg",NA,"real","Neutral",NA,NA,NA,NA,NA,NA
"1218","425851",NA,"resources/real_fg_memory_images/orig1.jpg",NA,"real","Scam",NA,NA,NA,NA,NA,NA
"1219","425851",NA,"resources/real_fg_memory_images/fg21.jpg",NA,"artificial","Scam",NA,NA,NA,NA,NA,NA
"1220","425851",NA,"resources/real_fg_memory_images/orig12.jpg",NA,"real","Neutral",NA,NA,NA,NA,NA,NA
"1221","425851",NA,"resources/real_fg_memory_images/fg19.jpg",NA,"artificial","Scam",NA,NA,NA,NA,NA,NA
"1222","425851",NA,"resources/real_fg_memory_images/fg30.jpg",NA,"artificial","Neutral",NA,NA,NA,NA,NA,NA
"1223","425851",NA,"resources/real_fg_memory_images/fg26.jpg",NA,"artificial","Neutral",NA,NA,NA,NA,NA,NA
"1224","425851",NA,"resources/real_fg_memory_images/fg20.jpg",NA,"artificial","Scam",NA,NA,NA,NA,NA,NA
"1225","425851",NA,"resources/real_fg_memory_images/fg23.jpg",NA,"artificial","Scam",NA,NA,NA,NA,NA,NA
"1226","425851",NA,"resources/real_fg_memory_images/orig2.jpg",NA,"real","Scam",NA,NA,NA,NA,NA,NA
"1227","425851",NA,"resources/real_fg_memory_images/fg24.jpg",NA,"artificial","Scam",NA,NA,NA,NA,NA,NA
"1228","425851",NA,"resources/real_fg_memory_images/fg27.jpg",NA,"artificial","Neutral",NA,NA,NA,NA,NA,NA
"1229","425851",NA,"resources/real_fg_memory_images/orig11.jpg",NA,"real","Neutral",NA,NA,NA,NA,NA,NA
"1230","425851",NA,"resources/real_fg_memory_images/orig4.jpg",NA,"real","Scam",NA,NA,NA,NA,NA,NA
"1231","425851",NA,"resources/real_fg_memory_images/orig6.jpg",NA,"real","Scam",NA,NA,NA,NA,NA,NA
"1232","425851",NA,"resources/real_fg_memory_images/fg29.jpg",NA,"artificial","Neutral",NA,NA,NA,NA,NA,NA
"1233","425851",NA,"resources/real_fg_memory_images/fg28.jpg",NA,"artificial","Neutral",NA,NA,NA,NA,NA,NA
"1234","425851",NA,NA,NA,NA,NA,NA,NA,NA,NA,NA,NA
"1235","425851",NA,"resources/real_fg_memory_images/fg29.jpg",NA,"artificial","Neutral","[""neutral_button""]","10",NA,NA,NA,NA
"1236","425851",NA,"resources/real_fg_memory_images/orig6.jpg",NA,"real","Scam","[""neutral_button""]","10",NA,NA,NA,NA
"1237","425851",NA,"resources/real_fg_memory_images/orig11.jpg",NA,"real","Neutral","[""neutral_button""]","10",NA,NA,NA,NA
"1238","425851",NA,"resources/real_fg_memory_images/orig4.jpg",NA,"real","Scam","[""scam_button""]","10",NA,NA,NA,NA
"1239","425851",NA,"resources/real_fg_memory_images/orig3.jpg",NA,"real","Scam","[""scam_button""]","10",NA,NA,NA,NA
"1240","425851",NA,"resources/real_fg_memory_images/fg19.jpg",NA,"artificial","Scam","[""scam_button""]","10",NA,NA,NA,NA
"1241","425851",NA,"resources/real_fg_memory_images/fg27.jpg",NA,"artificial","Neutral","[""scam_button""]","10",NA,NA,NA,NA
"1242","425851",NA,"resources/real_fg_memory_images/fg20.jpg",NA,"artificial","Scam","[""scam_button""]","10",NA,NA,NA,NA
"1243","425851",NA,"resources/real_fg_memory_images/orig5.jpg",NA,"real","Scam","[""scam_button""]","10",NA,NA,NA,NA
"1244","425851",NA,"resources/real_fg_memory_images/fg23.jpg",NA,"artificial","Scam","[""scam_button""]","10",NA,NA,NA,NA
"1245","425851",NA,"resources/real_fg_memory_images/fg28.jpg",NA,"artificial","Neutral","[""neutral_button""]","10",NA,NA,NA,NA
"1246","425851",NA,"resources/real_fg_memory_images/orig7.jpg",NA,"real","Neutral","[""scam_button""]","10",NA,NA,NA,NA
"1247","425851",NA,"resources/real_fg_memory_images/orig12.jpg",NA,"real","Neutral","[""scam_button""]","10",NA,NA,NA,NA
"1248","425851",NA,"resources/real_fg_memory_images/fg25.jpg",NA,"artificial","Neutral","[""scam_button""]","10",NA,NA,NA,NA
"1249","425851",NA,"resources/real_fg_memory_images/orig9.jpg",NA,"real","Neutral","[""scam_button""]","10",NA,NA,NA,NA
"1250","425851",NA,"resources/real_fg_memory_images/fg22.jpg",NA,"artificial","Scam","[""scam_button""]","10",NA,NA,NA,NA
"1251","425851",NA,"resources/real_fg_memory_images/fg26.jpg",NA,"artificial","Neutral","[""neutral_button""]","10",NA,NA,NA,NA
"1252","425851",NA,"resources/real_fg_memory_images/fg24.jpg",NA,"artificial","Scam","[""neutral_button""]","10",NA,NA,NA,NA
"1253","425851",NA,"resources/real_fg_memory_images/orig8.jpg",NA,"real","Neutral","[""scam_button""]","10",NA,NA,NA,NA
"1254","425851",NA,"resources/real_fg_memory_images/fg30.jpg",NA,"artificial","Neutral","[""scam_button""]","10",NA,NA,NA,NA
"1255","425851",NA,"resources/real_fg_memory_images/orig10.jpg",NA,"real","Neutral","[""neutral_button""]","10",NA,NA,NA,NA
"1256","425851",NA,"resources/real_fg_memory_images/orig2.jpg",NA,"real","Scam","[""scam_button""]","10",NA,NA,NA,NA
"1257","425851",NA,"resources/real_fg_memory_images/fg21.jpg",NA,"artificial","Scam","[""scam_button""]","10",NA,NA,NA,NA
"1258","425851",NA,"resources/real_fg_memory_images/orig1.jpg",NA,"real","Scam","[""neutral_button""]","10",NA,NA,NA,NA
"1259","425851",NA,NA,NA,NA,NA,NA,NA,NA,NA,NA,NA
"1260","425851",10,"resources/real_fg_memory_images/orig7.jpg","real",NA,NA,NA,NA,NA,NA,NA,NA
"1261","425851",10,"resources/real_fg_memory_images/fg32.jpg","artificial",NA,NA,NA,NA,NA,NA,NA,NA
"1262","425851",0,"resources/real_fg_memory_images/fg25.jpg","artificial",NA,NA,NA,NA,NA,NA,NA,NA
"1263","425851",10,"resources/real_fg_memory_images/orig9.jpg","real",NA,NA,NA,NA,NA,NA,NA,NA
"1264","425851",0,"resources/real_fg_memory_images/fg24.jpg","artificial",NA,NA,NA,NA,NA,NA,NA,NA
"1265","425851",0,"resources/real_fg_memory_images/fg29.jpg","artificial",NA,NA,NA,NA,NA,NA,NA,NA
"1266","425851",0,"resources/real_fg_memory_images/fg28.jpg","artificial",NA,NA,NA,NA,NA,NA,NA,NA
"1267","425851",10,"resources/real_fg_memory_images/orig16.jpg","real",NA,NA,NA,NA,NA,NA,NA,NA
"1268","425851",0,"resources/real_fg_memory_images/orig18.jpg","real",NA,NA,NA,NA,NA,NA,NA,NA
"1269","425851",10,"resources/real_fg_memory_images/orig15.jpg","real",NA,NA,NA,NA,NA,NA,NA,NA
"1270","425851",0,"resources/real_fg_memory_images/orig1.jpg","real",NA,NA,NA,NA,NA,NA,NA,NA
"1271","425851",0,"resources/real_fg_memory_images/fg30.jpg","artificial",NA,NA,NA,NA,NA,NA,NA,NA
"1272","425851",0,"resources/real_fg_memory_images/fg33.jpg","artificial",NA,NA,NA,NA,NA,NA,NA,NA
"1273","425851",0,"resources/real_fg_memory_images/fg21.jpg","artificial",NA,NA,NA,NA,NA,NA,NA,NA
"1274","425851",0,"resources/real_fg_memory_images/orig14.jpg","real",NA,NA,NA,NA,NA,NA,NA,NA
"1275","425851",0,"resources/real_fg_memory_images/fg31.jpg","artificial",NA,NA,NA,NA,NA,NA,NA,NA
"1276","425851",0,"resources/real_fg_memory_images/orig6.jpg","real",NA,NA,NA,NA,NA,NA,NA,NA
"1277","425851",0,"resources/real_fg_memory_images/orig10.jpg","real",NA,NA,NA,NA,NA,NA,NA,NA
"1278","425851",10,"resources/real_fg_memory_images/orig11.jpg","real",NA,NA,NA,NA,NA,NA,NA,NA
"1279","425851",10,"resources/real_fg_memory_images/orig13.jpg","real",NA,NA,NA,NA,NA,NA,NA,NA
"1280","425851",10,"resources/real_fg_memory_images/fg23.jpg","artificial",NA,NA,NA,NA,NA,NA,NA,NA
"1281","425851",10,"resources/real_fg_memory_images/fg19.jpg","artificial",NA,NA,NA,NA,NA,NA,NA,NA
"1282","425851",0,"resources/real_fg_memory_images/fg34.jpg","artificial",NA,NA,NA,NA,NA,NA,NA,NA
"1283","425851",0,"resources/real_fg_memory_images/orig4.jpg","real",NA,NA,NA,NA,NA,NA,NA,NA
"1284","425851",0,"resources/real_fg_memory_images/fg36.jpg","artificial",NA,NA,NA,NA,NA,NA,NA,NA
"1285","425851",10,"resources/real_fg_memory_images/orig8.jpg","real",NA,NA,NA,NA,NA,NA,NA,NA
"1286","425851",10,"resources/real_fg_memory_images/fg35.jpg","artificial",NA,NA,NA,NA,NA,NA,NA,NA
"1287","425851",0,"resources/real_fg_memory_images/fg22.jpg","artificial",NA,NA,NA,NA,NA,NA,NA,NA
"1288","425851",10,"resources/real_fg_memory_images/orig17.jpg","real",NA,NA,NA,NA,NA,NA,NA,NA
"1289","425851",0,"resources/real_fg_memory_images/orig12.jpg","real",NA,NA,NA,NA,NA,NA,NA,NA
"1290","425851",10,"resources/real_fg_memory_images/fg27.jpg","artificial",NA,NA,NA,NA,NA,NA,NA,NA
"1291","425851",0,"resources/real_fg_memory_images/fg20.jpg","artificial",NA,NA,NA,NA,NA,NA,NA,NA
"1292","425851",0,"resources/real_fg_memory_images/orig2.jpg","real",NA,NA,NA,NA,NA,NA,NA,NA
"1293","425851",0,"resources/real_fg_memory_images/orig3.jpg","real",NA,NA,NA,NA,NA,NA,NA,NA
"1294","425851",0,"resources/real_fg_memory_images/fg26.jpg","artificial",NA,NA,NA,NA,NA,NA,NA,NA
"1295","425851",0,"resources/real_fg_memory_images/orig5.jpg","real",NA,NA,NA,NA,NA,NA,NA,NA
"1296","425851",NA,NA,NA,NA,NA,NA,NA,NA,NA,NA,NA
"1297","425851",NA,NA,NA,NA,NA,NA,NA,1,"I have difficulty ending a phone call, even if the caller is a telemarketer, someone I do not know, or someone I do not wish to call me",NA,NA
"1298","425851",NA,NA,NA,NA,NA,NA,NA,5,"I answer the phone whenever it rings, even if I do not know who is calling",NA,NA
"1299","425851",NA,NA,NA,NA,NA,NA,NA,5,"Persons over the age of 65 are often targeted by con-artists",NA,NA
"1300","425851",NA,NA,NA,NA,NA,NA,NA,5,"If a telemarketer calls me, I usually listen to what they have to say",NA,NA
"1301","425851",NA,NA,NA,NA,NA,NA,NA,1,"If something sounds too good to be true, it usually is",NA,NA
"1302","425851",NA,NA,NA,NA,NA,NA,NA,NA,NA,NA,NA
"1303","425851",NA,NA,NA,NA,NA,NA,NA,NA,NA,"[""male_option""]",NA
"1304","425851",NA,NA,NA,NA,NA,NA,NA,NA,NA,NA,73
"1305","425851",NA,NA,NA,NA,NA,NA,NA,NA,NA,NA,NA
"1306","425851",NA,NA,NA,NA,NA,NA,NA,NA,NA,NA,NA
"1307","425851",NA,NA,NA,NA,NA,NA,NA,NA,NA,NA,NA
"1308","425851",NA,NA,NA,NA,NA,NA,NA,NA,NA,NA,NA
"1309","425851",NA,NA,NA,NA,NA,NA,NA,NA,NA,NA,NA
"1310","425851",NA,NA,NA,NA,NA,NA,NA,NA,NA,NA,NA
"1311","425851",NA,NA,NA,NA,NA,NA,NA,NA,NA,NA,NA
"1312","425851",NA,NA,NA,NA,NA,NA,NA,NA,NA,NA,NA
"1313","425851",NA,NA,NA,NA,NA,NA,NA,NA,NA,NA,NA
"1314","425851",NA,NA,NA,NA,NA,NA,NA,NA,NA,NA,NA
"1315","431226",NA,NA,NA,NA,NA,NA,NA,NA,NA,NA,NA
"1316","431226",NA,NA,NA,NA,NA,NA,NA,NA,NA,NA,NA
"1317","431226",NA,NA,NA,NA,NA,NA,NA,NA,NA,NA,NA
"1318","431226",NA,NA,NA,NA,NA,NA,NA,NA,NA,NA,NA
"1319","431226",5,"resources/real_fg_memory_images/orig3.jpg","real",NA,NA,NA,NA,NA,NA,NA,NA
"1320","431226",3,"resources/real_fg_memory_images/fg36.jpg","artificial",NA,NA,NA,NA,NA,NA,NA,NA
"1321","431226",7,"resources/real_fg_memory_images/fg23.jpg","artificial",NA,NA,NA,NA,NA,NA,NA,NA
"1322","431226",3,"resources/real_fg_memory_images/fg26.jpg","artificial",NA,NA,NA,NA,NA,NA,NA,NA
"1323","431226",3,"resources/real_fg_memory_images/fg20.jpg","artificial",NA,NA,NA,NA,NA,NA,NA,NA
"1324","431226",9,"resources/real_fg_memory_images/orig9.jpg","real",NA,NA,NA,NA,NA,NA,NA,NA
"1325","431226",7,"resources/real_fg_memory_images/fg24.jpg","artificial",NA,NA,NA,NA,NA,NA,NA,NA
"1326","431226",3,"resources/real_fg_memory_images/fg32.jpg","artificial",NA,NA,NA,NA,NA,NA,NA,NA
"1327","431226",3,"resources/real_fg_memory_images/orig13.jpg","real",NA,NA,NA,NA,NA,NA,NA,NA
"1328","431226",7,"resources/real_fg_memory_images/orig12.jpg","real",NA,NA,NA,NA,NA,NA,NA,NA
"1329","431226",9,"resources/real_fg_memory_images/fg28.jpg","artificial",NA,NA,NA,NA,NA,NA,NA,NA
"1330","431226",4,"resources/real_fg_memory_images/orig2.jpg","real",NA,NA,NA,NA,NA,NA,NA,NA
"1331","431226",6,"resources/real_fg_memory_images/fg22.jpg","artificial",NA,NA,NA,NA,NA,NA,NA,NA
"1332","431226",3,"resources/real_fg_memory_images/fg25.jpg","artificial",NA,NA,NA,NA,NA,NA,NA,NA
"1333","431226",3,"resources/real_fg_memory_images/orig8.jpg","real",NA,NA,NA,NA,NA,NA,NA,NA
"1334","431226",7,"resources/real_fg_memory_images/orig6.jpg","real",NA,NA,NA,NA,NA,NA,NA,NA
"1335","431226",7,"resources/real_fg_memory_images/orig17.jpg","real",NA,NA,NA,NA,NA,NA,NA,NA
"1336","431226",8,"resources/real_fg_memory_images/orig16.jpg","real",NA,NA,NA,NA,NA,NA,NA,NA
"1337","431226",3,"resources/real_fg_memory_images/fg34.jpg","artificial",NA,NA,NA,NA,NA,NA,NA,NA
"1338","431226",9,"resources/real_fg_memory_images/orig18.jpg","real",NA,NA,NA,NA,NA,NA,NA,NA
"1339","431226",7,"resources/real_fg_memory_images/fg29.jpg","artificial",NA,NA,NA,NA,NA,NA,NA,NA
"1340","431226",8,"resources/real_fg_memory_images/fg31.jpg","artificial",NA,NA,NA,NA,NA,NA,NA,NA
"1341","431226",7,"resources/real_fg_memory_images/orig10.jpg","real",NA,NA,NA,NA,NA,NA,NA,NA
"1342","431226",7,"resources/real_fg_memory_images/fg19.jpg","artificial",NA,NA,NA,NA,NA,NA,NA,NA
"1343","431226",7,"resources/real_fg_memory_images/fg33.jpg","artificial",NA,NA,NA,NA,NA,NA,NA,NA
"1344","431226",7,"resources/real_fg_memory_images/orig14.jpg","real",NA,NA,NA,NA,NA,NA,NA,NA
"1345","431226",3,"resources/real_fg_memory_images/orig7.jpg","real",NA,NA,NA,NA,NA,NA,NA,NA
"1346","431226",4,"resources/real_fg_memory_images/orig11.jpg","real",NA,NA,NA,NA,NA,NA,NA,NA
"1347","431226",9,"resources/real_fg_memory_images/orig15.jpg","real",NA,NA,NA,NA,NA,NA,NA,NA
"1348","431226",7,"resources/real_fg_memory_images/fg27.jpg","artificial",NA,NA,NA,NA,NA,NA,NA,NA
"1349","431226",5,"resources/real_fg_memory_images/fg30.jpg","artificial",NA,NA,NA,NA,NA,NA,NA,NA
"1350","431226",3,"resources/real_fg_memory_images/orig5.jpg","real",NA,NA,NA,NA,NA,NA,NA,NA
"1351","431226",7,"resources/real_fg_memory_images/fg21.jpg","artificial",NA,NA,NA,NA,NA,NA,NA,NA
"1352","431226",3,"resources/real_fg_memory_images/orig4.jpg","real",NA,NA,NA,NA,NA,NA,NA,NA
"1353","431226",2,"resources/real_fg_memory_images/orig1.jpg","real",NA,NA,NA,NA,NA,NA,NA,NA
"1354","431226",4,"resources/real_fg_memory_images/fg35.jpg","artificial",NA,NA,NA,NA,NA,NA,NA,NA
"1355","431226",NA,NA,NA,NA,NA,NA,NA,NA,NA,NA,NA
"1356","431226",NA,"resources/real_fg_memory_images/fg30.jpg",NA,"artificial","Neutral",NA,NA,NA,NA,NA,NA
"1357","431226",NA,"resources/real_fg_memory_images/orig9.jpg",NA,"real","Neutral",NA,NA,NA,NA,NA,NA
"1358","431226",NA,"resources/real_fg_memory_images/fg29.jpg",NA,"artificial","Neutral",NA,NA,NA,NA,NA,NA
"1359","431226",NA,"resources/real_fg_memory_images/fg23.jpg",NA,"artificial","Scam",NA,NA,NA,NA,NA,NA
"1360","431226",NA,"resources/real_fg_memory_images/fg27.jpg",NA,"artificial","Neutral",NA,NA,NA,NA,NA,NA
"1361","431226",NA,"resources/real_fg_memory_images/fg21.jpg",NA,"artificial","Scam",NA,NA,NA,NA,NA,NA
"1362","431226",NA,"resources/real_fg_memory_images/fg24.jpg",NA,"artificial","Scam",NA,NA,NA,NA,NA,NA
"1363","431226",NA,"resources/real_fg_memory_images/orig6.jpg",NA,"real","Scam",NA,NA,NA,NA,NA,NA
"1364","431226",NA,"resources/real_fg_memory_images/orig5.jpg",NA,"real","Scam",NA,NA,NA,NA,NA,NA
"1365","431226",NA,"resources/real_fg_memory_images/orig1.jpg",NA,"real","Scam",NA,NA,NA,NA,NA,NA
"1366","431226",NA,"resources/real_fg_memory_images/orig12.jpg",NA,"real","Neutral",NA,NA,NA,NA,NA,NA
"1367","431226",NA,"resources/real_fg_memory_images/fg20.jpg",NA,"artificial","Scam",NA,NA,NA,NA,NA,NA
"1368","431226",NA,"resources/real_fg_memory_images/fg28.jpg",NA,"artificial","Neutral",NA,NA,NA,NA,NA,NA
"1369","431226",NA,"resources/real_fg_memory_images/orig2.jpg",NA,"real","Scam",NA,NA,NA,NA,NA,NA
"1370","431226",NA,"resources/real_fg_memory_images/orig11.jpg",NA,"real","Neutral",NA,NA,NA,NA,NA,NA
"1371","431226",NA,"resources/real_fg_memory_images/fg25.jpg",NA,"artificial","Neutral",NA,NA,NA,NA,NA,NA
"1372","431226",NA,"resources/real_fg_memory_images/orig3.jpg",NA,"real","Scam",NA,NA,NA,NA,NA,NA
"1373","431226",NA,"resources/real_fg_memory_images/orig7.jpg",NA,"real","Neutral",NA,NA,NA,NA,NA,NA
"1374","431226",NA,"resources/real_fg_memory_images/fg22.jpg",NA,"artificial","Scam",NA,NA,NA,NA,NA,NA
"1375","431226",NA,"resources/real_fg_memory_images/orig4.jpg",NA,"real","Scam",NA,NA,NA,NA,NA,NA
"1376","431226",NA,"resources/real_fg_memory_images/fg26.jpg",NA,"artificial","Neutral",NA,NA,NA,NA,NA,NA
"1377","431226",NA,"resources/real_fg_memory_images/orig10.jpg",NA,"real","Neutral",NA,NA,NA,NA,NA,NA
"1378","431226",NA,"resources/real_fg_memory_images/orig8.jpg",NA,"real","Neutral",NA,NA,NA,NA,NA,NA
"1379","431226",NA,"resources/real_fg_memory_images/fg19.jpg",NA,"artificial","Scam",NA,NA,NA,NA,NA,NA
"1380","431226",NA,NA,NA,NA,NA,NA,NA,NA,NA,NA,NA
"1381","431226",NA,"resources/real_fg_memory_images/fg23.jpg",NA,"artificial","Scam","[""neutral_button""]","8",NA,NA,NA,NA
"1382","431226",NA,"resources/real_fg_memory_images/fg19.jpg",NA,"artificial","Scam","[""neutral_button""]","10",NA,NA,NA,NA
"1383","431226",NA,"resources/real_fg_memory_images/orig10.jpg",NA,"real","Neutral","[""scam_button""]","9",NA,NA,NA,NA
"1384","431226",NA,"resources/real_fg_memory_images/fg22.jpg",NA,"artificial","Scam","[""scam_button""]","10",NA,NA,NA,NA
"1385","431226",NA,"resources/real_fg_memory_images/orig6.jpg",NA,"real","Scam","[""scam_button""]","10",NA,NA,NA,NA
"1386","431226",NA,"resources/real_fg_memory_images/orig8.jpg",NA,"real","Neutral","[""scam_button""]","10",NA,NA,NA,NA
"1387","431226",NA,"resources/real_fg_memory_images/orig7.jpg",NA,"real","Neutral","[""scam_button""]","10",NA,NA,NA,NA
"1388","431226",NA,"resources/real_fg_memory_images/fg20.jpg",NA,"artificial","Scam","[""neutral_button""]","10",NA,NA,NA,NA
"1389","431226",NA,"resources/real_fg_memory_images/fg21.jpg",NA,"artificial","Scam","[""neutral_button""]","10",NA,NA,NA,NA
"1390","431226",NA,"resources/real_fg_memory_images/orig5.jpg",NA,"real","Scam","[""scam_button""]","10",NA,NA,NA,NA
"1391","431226",NA,"resources/real_fg_memory_images/fg26.jpg",NA,"artificial","Neutral","[""neutral_button""]","10",NA,NA,NA,NA
"1392","431226",NA,"resources/real_fg_memory_images/orig12.jpg",NA,"real","Neutral","[""scam_button""]","10",NA,NA,NA,NA
"1393","431226",NA,"resources/real_fg_memory_images/orig11.jpg",NA,"real","Neutral","[""scam_button""]","10",NA,NA,NA,NA
"1394","431226",NA,"resources/real_fg_memory_images/fg24.jpg",NA,"artificial","Scam","[""scam_button""]","10",NA,NA,NA,NA
"1395","431226",NA,"resources/real_fg_memory_images/fg28.jpg",NA,"artificial","Neutral","[""scam_button""]","10",NA,NA,NA,NA
"1396","431226",NA,"resources/real_fg_memory_images/orig4.jpg",NA,"real","Scam","[""scam_button""]","10",NA,NA,NA,NA
"1397","431226",NA,"resources/real_fg_memory_images/fg27.jpg",NA,"artificial","Neutral","[""scam_button""]","10",NA,NA,NA,NA
"1398","431226",NA,"resources/real_fg_memory_images/orig2.jpg",NA,"real","Scam","[""scam_button""]","10",NA,NA,NA,NA
"1399","431226",NA,"resources/real_fg_memory_images/fg30.jpg",NA,"artificial","Neutral","[""scam_button""]","10",NA,NA,NA,NA
"1400","431226",NA,"resources/real_fg_memory_images/orig1.jpg",NA,"real","Scam","[""scam_button""]","8",NA,NA,NA,NA
"1401","431226",NA,"resources/real_fg_memory_images/orig3.jpg",NA,"real","Scam","[""scam_button""]","10",NA,NA,NA,NA
"1402","431226",NA,"resources/real_fg_memory_images/orig9.jpg",NA,"real","Neutral","[""neutral_button""]","10",NA,NA,NA,NA
"1403","431226",NA,"resources/real_fg_memory_images/fg29.jpg",NA,"artificial","Neutral","[""neutral_button""]","10",NA,NA,NA,NA
"1404","431226",NA,"resources/real_fg_memory_images/fg25.jpg",NA,"artificial","Neutral","[""scam_button""]","10",NA,NA,NA,NA
"1405","431226",NA,NA,NA,NA,NA,NA,NA,NA,NA,NA,NA
"1406","431226",1,"resources/real_fg_memory_images/fg26.jpg","artificial",NA,NA,NA,NA,NA,NA,NA,NA
"1407","431226",0,"resources/real_fg_memory_images/orig14.jpg","real",NA,NA,NA,NA,NA,NA,NA,NA
"1408","431226",10,"resources/real_fg_memory_images/orig16.jpg","real",NA,NA,NA,NA,NA,NA,NA,NA
"1409","431226",0,"resources/real_fg_memory_images/orig13.jpg","real",NA,NA,NA,NA,NA,NA,NA,NA
"1410","431226",0,"resources/real_fg_memory_images/orig15.jpg","real",NA,NA,NA,NA,NA,NA,NA,NA
"1411","431226",0,"resources/real_fg_memory_images/fg23.jpg","artificial",NA,NA,NA,NA,NA,NA,NA,NA
"1412","431226",9,"resources/real_fg_memory_images/fg27.jpg","artificial",NA,NA,NA,NA,NA,NA,NA,NA
"1413","431226",0,"resources/real_fg_memory_images/fg31.jpg","artificial",NA,NA,NA,NA,NA,NA,NA,NA
"1414","431226",0,"resources/real_fg_memory_images/fg21.jpg","artificial",NA,NA,NA,NA,NA,NA,NA,NA
"1415","431226",0,"resources/real_fg_memory_images/orig18.jpg","real",NA,NA,NA,NA,NA,NA,NA,NA
"1416","431226",0,"resources/real_fg_memory_images/orig5.jpg","real",NA,NA,NA,NA,NA,NA,NA,NA
"1417","431226",0,"resources/real_fg_memory_images/fg36.jpg","artificial",NA,NA,NA,NA,NA,NA,NA,NA
"1418","431226",6,"resources/real_fg_memory_images/orig6.jpg","real",NA,NA,NA,NA,NA,NA,NA,NA
"1419","431226",10,"resources/real_fg_memory_images/fg25.jpg","artificial",NA,NA,NA,NA,NA,NA,NA,NA
"1420","431226",0,"resources/real_fg_memory_images/fg24.jpg","artificial",NA,NA,NA,NA,NA,NA,NA,NA
"1421","431226",0,"resources/real_fg_memory_images/orig3.jpg","real",NA,NA,NA,NA,NA,NA,NA,NA
"1422","431226",0,"resources/real_fg_memory_images/fg20.jpg","artificial",NA,NA,NA,NA,NA,NA,NA,NA
"1423","431226",0,"resources/real_fg_memory_images/orig4.jpg","real",NA,NA,NA,NA,NA,NA,NA,NA
"1424","431226",0,"resources/real_fg_memory_images/orig11.jpg","real",NA,NA,NA,NA,NA,NA,NA,NA
"1425","431226",0,"resources/real_fg_memory_images/fg32.jpg","artificial",NA,NA,NA,NA,NA,NA,NA,NA
"1426","431226",0,"resources/real_fg_memory_images/fg22.jpg","artificial",NA,NA,NA,NA,NA,NA,NA,NA
"1427","431226",0,"resources/real_fg_memory_images/fg30.jpg","artificial",NA,NA,NA,NA,NA,NA,NA,NA
"1428","431226",0,"resources/real_fg_memory_images/fg34.jpg","artificial",NA,NA,NA,NA,NA,NA,NA,NA
"1429","431226",0,"resources/real_fg_memory_images/fg33.jpg","artificial",NA,NA,NA,NA,NA,NA,NA,NA
"1430","431226",0,"resources/real_fg_memory_images/fg35.jpg","artificial",NA,NA,NA,NA,NA,NA,NA,NA
"1431","431226",0,"resources/real_fg_memory_images/orig1.jpg","real",NA,NA,NA,NA,NA,NA,NA,NA
"1432","431226",0,"resources/real_fg_memory_images/fg19.jpg","artificial",NA,NA,NA,NA,NA,NA,NA,NA
"1433","431226",0,"resources/real_fg_memory_images/fg28.jpg","artificial",NA,NA,NA,NA,NA,NA,NA,NA
"1434","431226",0,"resources/real_fg_memory_images/orig10.jpg","real",NA,NA,NA,NA,NA,NA,NA,NA
"1435","431226",0,"resources/real_fg_memory_images/orig8.jpg","real",NA,NA,NA,NA,NA,NA,NA,NA
"1436","431226",0,"resources/real_fg_memory_images/orig12.jpg","real",NA,NA,NA,NA,NA,NA,NA,NA
"1437","431226",0,"resources/real_fg_memory_images/orig17.jpg","real",NA,NA,NA,NA,NA,NA,NA,NA
"1438","431226",0,"resources/real_fg_memory_images/fg29.jpg","artificial",NA,NA,NA,NA,NA,NA,NA,NA
"1439","431226",0,"resources/real_fg_memory_images/orig2.jpg","real",NA,NA,NA,NA,NA,NA,NA,NA
"1440","431226",0,"resources/real_fg_memory_images/orig9.jpg","real",NA,NA,NA,NA,NA,NA,NA,NA
"1441","431226",0,"resources/real_fg_memory_images/orig7.jpg","real",NA,NA,NA,NA,NA,NA,NA,NA
"1442","431226",NA,NA,NA,NA,NA,NA,NA,NA,NA,NA,NA
"1443","431226",NA,NA,NA,NA,NA,NA,NA,1,"I have difficulty ending a phone call, even if the caller is a telemarketer, someone I do not know, or someone I do not wish to call me",NA,NA
"1444","431226",NA,NA,NA,NA,NA,NA,NA,5,"Persons over the age of 65 are often targeted by con-artists",NA,NA
"1445","431226",NA,NA,NA,NA,NA,NA,NA,5,"I answer the phone whenever it rings, even if I do not know who is calling",NA,NA
"1446","431226",NA,NA,NA,NA,NA,NA,NA,5,"If a telemarketer calls me, I usually listen to what they have to say",NA,NA
"1447","431226",NA,NA,NA,NA,NA,NA,NA,3,"If something sounds too good to be true, it usually is",NA,NA
"1448","431226",NA,NA,NA,NA,NA,NA,NA,NA,NA,NA,NA
"1449","431226",NA,NA,NA,NA,NA,NA,NA,NA,NA,"[""male_option""]",NA
"1450","431226",NA,NA,NA,NA,NA,NA,NA,NA,NA,NA,64
"1451","431226",NA,NA,NA,NA,NA,NA,NA,NA,NA,NA,NA
"1452","431226",NA,NA,NA,NA,NA,NA,NA,NA,NA,NA,NA
"1453","431226",NA,NA,NA,NA,NA,NA,NA,NA,NA,NA,NA
"1454","431226",NA,NA,NA,NA,NA,NA,NA,NA,NA,NA,NA
"1455","431226",NA,NA,NA,NA,NA,NA,NA,NA,NA,NA,NA
"1456","431226",NA,NA,NA,NA,NA,NA,NA,NA,NA,NA,NA
"1457","431226",NA,NA,NA,NA,NA,NA,NA,NA,NA,NA,NA
"1458","431226",NA,NA,NA,NA,NA,NA,NA,NA,NA,NA,NA
"1459","431226",NA,NA,NA,NA,NA,NA,NA,NA,NA,NA,NA
"1460","431226",NA,NA,NA,NA,NA,NA,NA,NA,NA,NA,NA
"1461","444172",NA,NA,NA,NA,NA,NA,NA,NA,NA,NA,NA
"1462","444172",NA,NA,NA,NA,NA,NA,NA,NA,NA,NA,NA
"1463","444172",NA,NA,NA,NA,NA,NA,NA,NA,NA,NA,NA
"1464","444172",NA,NA,NA,NA,NA,NA,NA,NA,NA,NA,NA
"1465","444172",5,"resources/real_fg_memory_images/orig7.jpg","real",NA,NA,NA,NA,NA,NA,NA,NA
"1466","444172",6,"resources/real_fg_memory_images/orig3.jpg","real",NA,NA,NA,NA,NA,NA,NA,NA
"1467","444172",8,"resources/real_fg_memory_images/fg33.jpg","artificial",NA,NA,NA,NA,NA,NA,NA,NA
"1468","444172",8,"resources/real_fg_memory_images/fg30.jpg","artificial",NA,NA,NA,NA,NA,NA,NA,NA
"1469","444172",6,"resources/real_fg_memory_images/orig14.jpg","real",NA,NA,NA,NA,NA,NA,NA,NA
"1470","444172",4,"resources/real_fg_memory_images/fg27.jpg","artificial",NA,NA,NA,NA,NA,NA,NA,NA
"1471","444172",6,"resources/real_fg_memory_images/fg31.jpg","artificial",NA,NA,NA,NA,NA,NA,NA,NA
"1472","444172",7,"resources/real_fg_memory_images/fg26.jpg","artificial",NA,NA,NA,NA,NA,NA,NA,NA
"1473","444172",5,"resources/real_fg_memory_images/orig10.jpg","real",NA,NA,NA,NA,NA,NA,NA,NA
"1474","444172",4,"resources/real_fg_memory_images/orig5.jpg","real",NA,NA,NA,NA,NA,NA,NA,NA
"1475","444172",4,"resources/real_fg_memory_images/fg24.jpg","artificial",NA,NA,NA,NA,NA,NA,NA,NA
"1476","444172",3,"resources/real_fg_memory_images/fg20.jpg","artificial",NA,NA,NA,NA,NA,NA,NA,NA
"1477","444172",6,"resources/real_fg_memory_images/orig1.jpg","real",NA,NA,NA,NA,NA,NA,NA,NA
"1478","444172",7,"resources/real_fg_memory_images/orig15.jpg","real",NA,NA,NA,NA,NA,NA,NA,NA
"1479","444172",7,"resources/real_fg_memory_images/fg29.jpg","artificial",NA,NA,NA,NA,NA,NA,NA,NA
"1480","444172",2,"resources/real_fg_memory_images/orig13.jpg","real",NA,NA,NA,NA,NA,NA,NA,NA
"1481","444172",8,"resources/real_fg_memory_images/orig6.jpg","real",NA,NA,NA,NA,NA,NA,NA,NA
"1482","444172",7,"resources/real_fg_memory_images/fg36.jpg","artificial",NA,NA,NA,NA,NA,NA,NA,NA
"1483","444172",4,"resources/real_fg_memory_images/orig2.jpg","real",NA,NA,NA,NA,NA,NA,NA,NA
"1484","444172",9,"resources/real_fg_memory_images/orig16.jpg","real",NA,NA,NA,NA,NA,NA,NA,NA
"1485","444172",8,"resources/real_fg_memory_images/fg34.jpg","artificial",NA,NA,NA,NA,NA,NA,NA,NA
"1486","444172",6,"resources/real_fg_memory_images/orig9.jpg","real",NA,NA,NA,NA,NA,NA,NA,NA
"1487","444172",4,"resources/real_fg_memory_images/fg21.jpg","artificial",NA,NA,NA,NA,NA,NA,NA,NA
"1488","444172",7,"resources/real_fg_memory_images/fg28.jpg","artificial",NA,NA,NA,NA,NA,NA,NA,NA
"1489","444172",8,"resources/real_fg_memory_images/fg35.jpg","artificial",NA,NA,NA,NA,NA,NA,NA,NA
"1490","444172",9,"resources/real_fg_memory_images/orig4.jpg","real",NA,NA,NA,NA,NA,NA,NA,NA
"1491","444172",5,"resources/real_fg_memory_images/fg22.jpg","artificial",NA,NA,NA,NA,NA,NA,NA,NA
"1492","444172",6,"resources/real_fg_memory_images/fg25.jpg","artificial",NA,NA,NA,NA,NA,NA,NA,NA
"1493","444172",3,"resources/real_fg_memory_images/fg19.jpg","artificial",NA,NA,NA,NA,NA,NA,NA,NA
"1494","444172",6,"resources/real_fg_memory_images/fg23.jpg","artificial",NA,NA,NA,NA,NA,NA,NA,NA
"1495","444172",9,"resources/real_fg_memory_images/orig18.jpg","real",NA,NA,NA,NA,NA,NA,NA,NA
"1496","444172",5,"resources/real_fg_memory_images/fg32.jpg","artificial",NA,NA,NA,NA,NA,NA,NA,NA
"1497","444172",7,"resources/real_fg_memory_images/orig11.jpg","real",NA,NA,NA,NA,NA,NA,NA,NA
"1498","444172",8,"resources/real_fg_memory_images/orig17.jpg","real",NA,NA,NA,NA,NA,NA,NA,NA
"1499","444172",2,"resources/real_fg_memory_images/orig12.jpg","real",NA,NA,NA,NA,NA,NA,NA,NA
"1500","444172",3,"resources/real_fg_memory_images/orig8.jpg","real",NA,NA,NA,NA,NA,NA,NA,NA
"1501","444172",NA,NA,NA,NA,NA,NA,NA,NA,NA,NA,NA
"1502","444172",NA,"resources/real_fg_memory_images/orig8.jpg",NA,"real","Neutral",NA,NA,NA,NA,NA,NA
"1503","444172",NA,"resources/real_fg_memory_images/fg24.jpg",NA,"artificial","Scam",NA,NA,NA,NA,NA,NA
"1504","444172",NA,"resources/real_fg_memory_images/fg23.jpg",NA,"artificial","Scam",NA,NA,NA,NA,NA,NA
"1505","444172",NA,"resources/real_fg_memory_images/fg26.jpg",NA,"artificial","Neutral",NA,NA,NA,NA,NA,NA
"1506","444172",NA,"resources/real_fg_memory_images/orig10.jpg",NA,"real","Neutral",NA,NA,NA,NA,NA,NA
"1507","444172",NA,"resources/real_fg_memory_images/fg29.jpg",NA,"artificial","Neutral",NA,NA,NA,NA,NA,NA
"1508","444172",NA,"resources/real_fg_memory_images/fg20.jpg",NA,"artificial","Scam",NA,NA,NA,NA,NA,NA
"1509","444172",NA,"resources/real_fg_memory_images/orig2.jpg",NA,"real","Scam",NA,NA,NA,NA,NA,NA
"1510","444172",NA,"resources/real_fg_memory_images/orig1.jpg",NA,"real","Scam",NA,NA,NA,NA,NA,NA
"1511","444172",NA,"resources/real_fg_memory_images/orig5.jpg",NA,"real","Scam",NA,NA,NA,NA,NA,NA
"1512","444172",NA,"resources/real_fg_memory_images/orig12.jpg",NA,"real","Neutral",NA,NA,NA,NA,NA,NA
"1513","444172",NA,"resources/real_fg_memory_images/orig11.jpg",NA,"real","Neutral",NA,NA,NA,NA,NA,NA
"1514","444172",NA,"resources/real_fg_memory_images/fg19.jpg",NA,"artificial","Scam",NA,NA,NA,NA,NA,NA
"1515","444172",NA,"resources/real_fg_memory_images/fg27.jpg",NA,"artificial","Neutral",NA,NA,NA,NA,NA,NA
"1516","444172",NA,"resources/real_fg_memory_images/fg25.jpg",NA,"artificial","Neutral",NA,NA,NA,NA,NA,NA
"1517","444172",NA,"resources/real_fg_memory_images/orig9.jpg",NA,"real","Neutral",NA,NA,NA,NA,NA,NA
"1518","444172",NA,"resources/real_fg_memory_images/fg22.jpg",NA,"artificial","Scam",NA,NA,NA,NA,NA,NA
"1519","444172",NA,"resources/real_fg_memory_images/orig6.jpg",NA,"real","Scam",NA,NA,NA,NA,NA,NA
"1520","444172",NA,"resources/real_fg_memory_images/fg21.jpg",NA,"artificial","Scam",NA,NA,NA,NA,NA,NA
"1521","444172",NA,"resources/real_fg_memory_images/fg28.jpg",NA,"artificial","Neutral",NA,NA,NA,NA,NA,NA
"1522","444172",NA,"resources/real_fg_memory_images/orig7.jpg",NA,"real","Neutral",NA,NA,NA,NA,NA,NA
"1523","444172",NA,"resources/real_fg_memory_images/fg30.jpg",NA,"artificial","Neutral",NA,NA,NA,NA,NA,NA
"1524","444172",NA,"resources/real_fg_memory_images/orig3.jpg",NA,"real","Scam",NA,NA,NA,NA,NA,NA
"1525","444172",NA,"resources/real_fg_memory_images/orig4.jpg",NA,"real","Scam",NA,NA,NA,NA,NA,NA
"1526","444172",NA,NA,NA,NA,NA,NA,NA,NA,NA,NA,NA
"1527","444172",NA,"resources/real_fg_memory_images/fg19.jpg",NA,"artificial","Scam","[""neutral_button""]","6",NA,NA,NA,NA
"1528","444172",NA,"resources/real_fg_memory_images/orig5.jpg",NA,"real","Scam","[""scam_button""]","7",NA,NA,NA,NA
"1529","444172",NA,"resources/real_fg_memory_images/orig12.jpg",NA,"real","Neutral","[""scam_button""]","7",NA,NA,NA,NA
"1530","444172",NA,"resources/real_fg_memory_images/orig4.jpg",NA,"real","Scam","[""scam_button""]","7",NA,NA,NA,NA
"1531","444172",NA,"resources/real_fg_memory_images/orig9.jpg",NA,"real","Neutral","[""scam_button""]","8",NA,NA,NA,NA
"1532","444172",NA,"resources/real_fg_memory_images/fg29.jpg",NA,"artificial","Neutral","[""neutral_button""]","8",NA,NA,NA,NA
"1533","444172",NA,"resources/real_fg_memory_images/fg23.jpg",NA,"artificial","Scam","[""scam_button""]","8",NA,NA,NA,NA
"1534","444172",NA,"resources/real_fg_memory_images/fg30.jpg",NA,"artificial","Neutral","[""neutral_button""]","8",NA,NA,NA,NA
"1535","444172",NA,"resources/real_fg_memory_images/orig11.jpg",NA,"real","Neutral","[""neutral_button""]","4",NA,NA,NA,NA
"1536","444172",NA,"resources/real_fg_memory_images/orig1.jpg",NA,"real","Scam","[""scam_button""]","9",NA,NA,NA,NA
"1537","444172",NA,"resources/real_fg_memory_images/fg22.jpg",NA,"artificial","Scam","[""scam_button""]","9",NA,NA,NA,NA
"1538","444172",NA,"resources/real_fg_memory_images/fg25.jpg",NA,"artificial","Neutral","[""neutral_button""]","4",NA,NA,NA,NA
"1539","444172",NA,"resources/real_fg_memory_images/fg26.jpg",NA,"artificial","Neutral","[""neutral_button""]","3",NA,NA,NA,NA
"1540","444172",NA,"resources/real_fg_memory_images/orig3.jpg",NA,"real","Scam","[""scam_button""]","7",NA,NA,NA,NA
"1541","444172",NA,"resources/real_fg_memory_images/orig10.jpg",NA,"real","Neutral","[""neutral_button""]","5",NA,NA,NA,NA
"1542","444172",NA,"resources/real_fg_memory_images/fg21.jpg",NA,"artificial","Scam","[""scam_button""]","5",NA,NA,NA,NA
"1543","444172",NA,"resources/real_fg_memory_images/fg27.jpg",NA,"artificial","Neutral","[""neutral_button""]","7",NA,NA,NA,NA
"1544","444172",NA,"resources/real_fg_memory_images/fg24.jpg",NA,"artificial","Scam","[""neutral_button""]","5",NA,NA,NA,NA
"1545","444172",NA,"resources/real_fg_memory_images/fg20.jpg",NA,"artificial","Scam","[""scam_button""]","8",NA,NA,NA,NA
"1546","444172",NA,"resources/real_fg_memory_images/orig8.jpg",NA,"real","Neutral","[""scam_button""]","7",NA,NA,NA,NA
"1547","444172",NA,"resources/real_fg_memory_images/orig6.jpg",NA,"real","Scam","[""scam_button""]","7",NA,NA,NA,NA
"1548","444172",NA,"resources/real_fg_memory_images/fg28.jpg",NA,"artificial","Neutral","[""scam_button""]","8",NA,NA,NA,NA
"1549","444172",NA,"resources/real_fg_memory_images/orig7.jpg",NA,"real","Neutral","[""scam_button""]","7",NA,NA,NA,NA
"1550","444172",NA,"resources/real_fg_memory_images/orig2.jpg",NA,"real","Scam","[""neutral_button""]","5",NA,NA,NA,NA
"1551","444172",NA,NA,NA,NA,NA,NA,NA,NA,NA,NA,NA
"1552","444172",4,"resources/real_fg_memory_images/orig2.jpg","real",NA,NA,NA,NA,NA,NA,NA,NA
"1553","444172",4,"resources/real_fg_memory_images/fg30.jpg","artificial",NA,NA,NA,NA,NA,NA,NA,NA
"1554","444172",6,"resources/real_fg_memory_images/fg24.jpg","artificial",NA,NA,NA,NA,NA,NA,NA,NA
"1555","444172",7,"resources/real_fg_memory_images/orig15.jpg","real",NA,NA,NA,NA,NA,NA,NA,NA
"1556","444172",6,"resources/real_fg_memory_images/orig8.jpg","real",NA,NA,NA,NA,NA,NA,NA,NA
"1557","444172",6,"resources/real_fg_memory_images/fg27.jpg","artificial",NA,NA,NA,NA,NA,NA,NA,NA
"1558","444172",3,"resources/real_fg_memory_images/fg35.jpg","artificial",NA,NA,NA,NA,NA,NA,NA,NA
"1559","444172",5,"resources/real_fg_memory_images/orig17.jpg","real",NA,NA,NA,NA,NA,NA,NA,NA
"1560","444172",3,"resources/real_fg_memory_images/orig7.jpg","real",NA,NA,NA,NA,NA,NA,NA,NA
"1561","444172",2,"resources/real_fg_memory_images/fg36.jpg","artificial",NA,NA,NA,NA,NA,NA,NA,NA
"1562","444172",4,"resources/real_fg_memory_images/orig9.jpg","real",NA,NA,NA,NA,NA,NA,NA,NA
"1563","444172",4,"resources/real_fg_memory_images/orig6.jpg","real",NA,NA,NA,NA,NA,NA,NA,NA
"1564","444172",3,"resources/real_fg_memory_images/orig16.jpg","real",NA,NA,NA,NA,NA,NA,NA,NA
"1565","444172",7,"resources/real_fg_memory_images/fg34.jpg","artificial",NA,NA,NA,NA,NA,NA,NA,NA
"1566","444172",4,"resources/real_fg_memory_images/fg28.jpg","artificial",NA,NA,NA,NA,NA,NA,NA,NA
"1567","444172",2,"resources/real_fg_memory_images/fg22.jpg","artificial",NA,NA,NA,NA,NA,NA,NA,NA
"1568","444172",7,"resources/real_fg_memory_images/fg31.jpg","artificial",NA,NA,NA,NA,NA,NA,NA,NA
"1569","444172",5,"resources/real_fg_memory_images/orig14.jpg","real",NA,NA,NA,NA,NA,NA,NA,NA
"1570","444172",6,"resources/real_fg_memory_images/orig3.jpg","real",NA,NA,NA,NA,NA,NA,NA,NA
"1571","444172",3,"resources/real_fg_memory_images/fg23.jpg","artificial",NA,NA,NA,NA,NA,NA,NA,NA
"1572","444172",4,"resources/real_fg_memory_images/orig13.jpg","real",NA,NA,NA,NA,NA,NA,NA,NA
"1573","444172",7,"resources/real_fg_memory_images/fg19.jpg","artificial",NA,NA,NA,NA,NA,NA,NA,NA
"1574","444172",8,"resources/real_fg_memory_images/fg25.jpg","artificial",NA,NA,NA,NA,NA,NA,NA,NA
"1575","444172",5,"resources/real_fg_memory_images/fg20.jpg","artificial",NA,NA,NA,NA,NA,NA,NA,NA
"1576","444172",3,"resources/real_fg_memory_images/orig11.jpg","real",NA,NA,NA,NA,NA,NA,NA,NA
"1577","444172",6,"resources/real_fg_memory_images/orig5.jpg","real",NA,NA,NA,NA,NA,NA,NA,NA
"1578","444172",4,"resources/real_fg_memory_images/fg32.jpg","artificial",NA,NA,NA,NA,NA,NA,NA,NA
"1579","444172",4,"resources/real_fg_memory_images/orig4.jpg","real",NA,NA,NA,NA,NA,NA,NA,NA
"1580","444172",6,"resources/real_fg_memory_images/orig1.jpg","real",NA,NA,NA,NA,NA,NA,NA,NA
"1581","444172",4,"resources/real_fg_memory_images/fg26.jpg","artificial",NA,NA,NA,NA,NA,NA,NA,NA
"1582","444172",7,"resources/real_fg_memory_images/fg29.jpg","artificial",NA,NA,NA,NA,NA,NA,NA,NA
"1583","444172",7,"resources/real_fg_memory_images/fg21.jpg","artificial",NA,NA,NA,NA,NA,NA,NA,NA
"1584","444172",5,"resources/real_fg_memory_images/orig10.jpg","real",NA,NA,NA,NA,NA,NA,NA,NA
"1585","444172",4,"resources/real_fg_memory_images/orig12.jpg","real",NA,NA,NA,NA,NA,NA,NA,NA
"1586","444172",3,"resources/real_fg_memory_images/orig18.jpg","real",NA,NA,NA,NA,NA,NA,NA,NA
"1587","444172",6,"resources/real_fg_memory_images/fg33.jpg","artificial",NA,NA,NA,NA,NA,NA,NA,NA
"1588","444172",NA,NA,NA,NA,NA,NA,NA,NA,NA,NA,NA
"1589","444172",NA,NA,NA,NA,NA,NA,NA,4,"Persons over the age of 65 are often targeted by con-artists",NA,NA
"1590","444172",NA,NA,NA,NA,NA,NA,NA,5,"If something sounds too good to be true, it usually is",NA,NA
"1591","444172",NA,NA,NA,NA,NA,NA,NA,1,"If a telemarketer calls me, I usually listen to what they have to say",NA,NA
"1592","444172",NA,NA,NA,NA,NA,NA,NA,1,"I have difficulty ending a phone call, even if the caller is a telemarketer, someone I do not know, or someone I do not wish to call me",NA,NA
"1593","444172",NA,NA,NA,NA,NA,NA,NA,1,"I answer the phone whenever it rings, even if I do not know who is calling",NA,NA
"1594","444172",NA,NA,NA,NA,NA,NA,NA,NA,NA,NA,NA
"1595","444172",NA,NA,NA,NA,NA,NA,NA,NA,NA,"[""female_option""]",NA
"1596","444172",NA,NA,NA,NA,NA,NA,NA,NA,NA,NA,69
"1597","444172",NA,NA,NA,NA,NA,NA,NA,NA,NA,NA,NA
"1598","444172",NA,NA,NA,NA,NA,NA,NA,NA,NA,NA,NA
"1599","444172",NA,NA,NA,NA,NA,NA,NA,NA,NA,NA,NA
"1600","444172",NA,NA,NA,NA,NA,NA,NA,NA,NA,NA,NA
"1601","444172",NA,NA,NA,NA,NA,NA,NA,NA,NA,NA,NA
"1602","444172",NA,NA,NA,NA,NA,NA,NA,NA,NA,NA,NA
"1603","444172",NA,NA,NA,NA,NA,NA,NA,NA,NA,NA,NA
"1604","444172",NA,NA,NA,NA,NA,NA,NA,NA,NA,NA,NA
"1605","444172",NA,NA,NA,NA,NA,NA,NA,NA,NA,NA,NA
"1606","444172",NA,NA,NA,NA,NA,NA,NA,NA,NA,NA,NA
"1607","452555",NA,NA,NA,NA,NA,NA,NA,NA,NA,NA,NA
"1608","452555",NA,NA,NA,NA,NA,NA,NA,NA,NA,NA,NA
"1609","452555",NA,NA,NA,NA,NA,NA,NA,NA,NA,NA,NA
"1610","452555",NA,NA,NA,NA,NA,NA,NA,NA,NA,NA,NA
"1611","452555",8,"resources/real_fg_memory_images/fg28.jpg","artificial",NA,NA,NA,NA,NA,NA,NA,NA
"1612","452555",4,"resources/real_fg_memory_images/orig5.jpg","real",NA,NA,NA,NA,NA,NA,NA,NA
"1613","452555",4,"resources/real_fg_memory_images/orig12.jpg","real",NA,NA,NA,NA,NA,NA,NA,NA
"1614","452555",4,"resources/real_fg_memory_images/orig8.jpg","real",NA,NA,NA,NA,NA,NA,NA,NA
"1615","452555",6,"resources/real_fg_memory_images/orig2.jpg","real",NA,NA,NA,NA,NA,NA,NA,NA
"1616","452555",5,"resources/real_fg_memory_images/fg31.jpg","artificial",NA,NA,NA,NA,NA,NA,NA,NA
"1617","452555",6,"resources/real_fg_memory_images/fg27.jpg","artificial",NA,NA,NA,NA,NA,NA,NA,NA
"1618","452555",5,"resources/real_fg_memory_images/orig9.jpg","real",NA,NA,NA,NA,NA,NA,NA,NA
"1619","452555",6,"resources/real_fg_memory_images/fg36.jpg","artificial",NA,NA,NA,NA,NA,NA,NA,NA
"1620","452555",7,"resources/real_fg_memory_images/fg24.jpg","artificial",NA,NA,NA,NA,NA,NA,NA,NA
"1621","452555",5,"resources/real_fg_memory_images/fg20.jpg","artificial",NA,NA,NA,NA,NA,NA,NA,NA
"1622","452555",6,"resources/real_fg_memory_images/fg26.jpg","artificial",NA,NA,NA,NA,NA,NA,NA,NA
"1623","452555",4,"resources/real_fg_memory_images/orig3.jpg","real",NA,NA,NA,NA,NA,NA,NA,NA
"1624","452555",5,"resources/real_fg_memory_images/orig4.jpg","real",NA,NA,NA,NA,NA,NA,NA,NA
"1625","452555",6,"resources/real_fg_memory_images/fg32.jpg","artificial",NA,NA,NA,NA,NA,NA,NA,NA
"1626","452555",4,"resources/real_fg_memory_images/orig15.jpg","real",NA,NA,NA,NA,NA,NA,NA,NA
"1627","452555",6,"resources/real_fg_memory_images/fg21.jpg","artificial",NA,NA,NA,NA,NA,NA,NA,NA
"1628","452555",5,"resources/real_fg_memory_images/orig13.jpg","real",NA,NA,NA,NA,NA,NA,NA,NA
"1629","452555",6,"resources/real_fg_memory_images/fg30.jpg","artificial",NA,NA,NA,NA,NA,NA,NA,NA
"1630","452555",6,"resources/real_fg_memory_images/orig16.jpg","real",NA,NA,NA,NA,NA,NA,NA,NA
"1631","452555",6,"resources/real_fg_memory_images/fg29.jpg","artificial",NA,NA,NA,NA,NA,NA,NA,NA
"1632","452555",7,"resources/real_fg_memory_images/fg34.jpg","artificial",NA,NA,NA,NA,NA,NA,NA,NA
"1633","452555",4,"resources/real_fg_memory_images/orig1.jpg","real",NA,NA,NA,NA,NA,NA,NA,NA
"1634","452555",5,"resources/real_fg_memory_images/fg22.jpg","artificial",NA,NA,NA,NA,NA,NA,NA,NA
"1635","452555",6,"resources/real_fg_memory_images/orig18.jpg","real",NA,NA,NA,NA,NA,NA,NA,NA
"1636","452555",4,"resources/real_fg_memory_images/orig6.jpg","real",NA,NA,NA,NA,NA,NA,NA,NA
"1637","452555",4,"resources/real_fg_memory_images/orig11.jpg","real",NA,NA,NA,NA,NA,NA,NA,NA
"1638","452555",6,"resources/real_fg_memory_images/orig14.jpg","real",NA,NA,NA,NA,NA,NA,NA,NA
"1639","452555",7,"resources/real_fg_memory_images/fg25.jpg","artificial",NA,NA,NA,NA,NA,NA,NA,NA
"1640","452555",7,"resources/real_fg_memory_images/fg19.jpg","artificial",NA,NA,NA,NA,NA,NA,NA,NA
"1641","452555",4,"resources/real_fg_memory_images/orig10.jpg","real",NA,NA,NA,NA,NA,NA,NA,NA
"1642","452555",5,"resources/real_fg_memory_images/orig17.jpg","real",NA,NA,NA,NA,NA,NA,NA,NA
"1643","452555",6,"resources/real_fg_memory_images/fg23.jpg","artificial",NA,NA,NA,NA,NA,NA,NA,NA
"1644","452555",6,"resources/real_fg_memory_images/fg35.jpg","artificial",NA,NA,NA,NA,NA,NA,NA,NA
"1645","452555",4,"resources/real_fg_memory_images/orig7.jpg","real",NA,NA,NA,NA,NA,NA,NA,NA
"1646","452555",5,"resources/real_fg_memory_images/fg33.jpg","artificial",NA,NA,NA,NA,NA,NA,NA,NA
"1647","452555",NA,NA,NA,NA,NA,NA,NA,NA,NA,NA,NA
"1648","452555",NA,"resources/real_fg_memory_images/fg20.jpg",NA,"artificial","Scam",NA,NA,NA,NA,NA,NA
"1649","452555",NA,"resources/real_fg_memory_images/fg22.jpg",NA,"artificial","Scam",NA,NA,NA,NA,NA,NA
"1650","452555",NA,"resources/real_fg_memory_images/fg27.jpg",NA,"artificial","Neutral",NA,NA,NA,NA,NA,NA
"1651","452555",NA,"resources/real_fg_memory_images/orig3.jpg",NA,"real","Scam",NA,NA,NA,NA,NA,NA
"1652","452555",NA,"resources/real_fg_memory_images/orig4.jpg",NA,"real","Scam",NA,NA,NA,NA,NA,NA
"1653","452555",NA,"resources/real_fg_memory_images/fg26.jpg",NA,"artificial","Neutral",NA,NA,NA,NA,NA,NA
"1654","452555",NA,"resources/real_fg_memory_images/orig9.jpg",NA,"real","Neutral",NA,NA,NA,NA,NA,NA
"1655","452555",NA,"resources/real_fg_memory_images/orig1.jpg",NA,"real","Scam",NA,NA,NA,NA,NA,NA
"1656","452555",NA,"resources/real_fg_memory_images/fg25.jpg",NA,"artificial","Neutral",NA,NA,NA,NA,NA,NA
"1657","452555",NA,"resources/real_fg_memory_images/orig8.jpg",NA,"real","Neutral",NA,NA,NA,NA,NA,NA
"1658","452555",NA,"resources/real_fg_memory_images/fg23.jpg",NA,"artificial","Scam",NA,NA,NA,NA,NA,NA
"1659","452555",NA,"resources/real_fg_memory_images/fg30.jpg",NA,"artificial","Neutral",NA,NA,NA,NA,NA,NA
"1660","452555",NA,"resources/real_fg_memory_images/fg28.jpg",NA,"artificial","Neutral",NA,NA,NA,NA,NA,NA
"1661","452555",NA,"resources/real_fg_memory_images/orig5.jpg",NA,"real","Scam",NA,NA,NA,NA,NA,NA
"1662","452555",NA,"resources/real_fg_memory_images/fg29.jpg",NA,"artificial","Neutral",NA,NA,NA,NA,NA,NA
"1663","452555",NA,"resources/real_fg_memory_images/fg21.jpg",NA,"artificial","Scam",NA,NA,NA,NA,NA,NA
"1664","452555",NA,"resources/real_fg_memory_images/orig2.jpg",NA,"real","Scam",NA,NA,NA,NA,NA,NA
"1665","452555",NA,"resources/real_fg_memory_images/orig11.jpg",NA,"real","Neutral",NA,NA,NA,NA,NA,NA
"1666","452555",NA,"resources/real_fg_memory_images/orig7.jpg",NA,"real","Neutral",NA,NA,NA,NA,NA,NA
"1667","452555",NA,"resources/real_fg_memory_images/fg19.jpg",NA,"artificial","Scam",NA,NA,NA,NA,NA,NA
"1668","452555",NA,"resources/real_fg_memory_images/orig6.jpg",NA,"real","Scam",NA,NA,NA,NA,NA,NA
"1669","452555",NA,"resources/real_fg_memory_images/orig10.jpg",NA,"real","Neutral",NA,NA,NA,NA,NA,NA
"1670","452555",NA,"resources/real_fg_memory_images/fg24.jpg",NA,"artificial","Scam",NA,NA,NA,NA,NA,NA
"1671","452555",NA,"resources/real_fg_memory_images/orig12.jpg",NA,"real","Neutral",NA,NA,NA,NA,NA,NA
"1672","452555",NA,NA,NA,NA,NA,NA,NA,NA,NA,NA,NA
"1673","452555",NA,"resources/real_fg_memory_images/orig10.jpg",NA,"real","Neutral","[""neutral_button""]","3",NA,NA,NA,NA
"1674","452555",NA,"resources/real_fg_memory_images/fg28.jpg",NA,"artificial","Neutral","[""neutral_button""]","6",NA,NA,NA,NA
"1675","452555",NA,"resources/real_fg_memory_images/fg30.jpg",NA,"artificial","Neutral","[""scam_button""]","6",NA,NA,NA,NA
"1676","452555",NA,"resources/real_fg_memory_images/fg20.jpg",NA,"artificial","Scam","[""neutral_button""]","5",NA,NA,NA,NA
"1677","452555",NA,"resources/real_fg_memory_images/fg23.jpg",NA,"artificial","Scam","[""scam_button""]","4",NA,NA,NA,NA
"1678","452555",NA,"resources/real_fg_memory_images/fg26.jpg",NA,"artificial","Neutral","[""neutral_button""]","6",NA,NA,NA,NA
"1679","452555",NA,"resources/real_fg_memory_images/fg25.jpg",NA,"artificial","Neutral","[""neutral_button""]","4",NA,NA,NA,NA
"1680","452555",NA,"resources/real_fg_memory_images/orig4.jpg",NA,"real","Scam","[""scam_button""]","6",NA,NA,NA,NA
"1681","452555",NA,"resources/real_fg_memory_images/fg29.jpg",NA,"artificial","Neutral","[""scam_button""]","4",NA,NA,NA,NA
"1682","452555",NA,"resources/real_fg_memory_images/orig5.jpg",NA,"real","Scam","[""scam_button""]","4",NA,NA,NA,NA
"1683","452555",NA,"resources/real_fg_memory_images/orig8.jpg",NA,"real","Neutral","[""neutral_button""]","6",NA,NA,NA,NA
"1684","452555",NA,"resources/real_fg_memory_images/orig3.jpg",NA,"real","Scam","[""neutral_button""]","6",NA,NA,NA,NA
"1685","452555",NA,"resources/real_fg_memory_images/orig7.jpg",NA,"real","Neutral","[""scam_button""]","4",NA,NA,NA,NA
"1686","452555",NA,"resources/real_fg_memory_images/orig12.jpg",NA,"real","Neutral","[""neutral_button""]","4",NA,NA,NA,NA
"1687","452555",NA,"resources/real_fg_memory_images/fg27.jpg",NA,"artificial","Neutral","[""neutral_button""]","6",NA,NA,NA,NA
"1688","452555",NA,"resources/real_fg_memory_images/orig11.jpg",NA,"real","Neutral","[""neutral_button""]","5",NA,NA,NA,NA
"1689","452555",NA,"resources/real_fg_memory_images/orig1.jpg",NA,"real","Scam","[""neutral_button""]","4",NA,NA,NA,NA
"1690","452555",NA,"resources/real_fg_memory_images/fg24.jpg",NA,"artificial","Scam","[""scam_button""]","4",NA,NA,NA,NA
"1691","452555",NA,"resources/real_fg_memory_images/fg21.jpg",NA,"artificial","Scam","[""neutral_button""]","4",NA,NA,NA,NA
"1692","452555",NA,"resources/real_fg_memory_images/fg19.jpg",NA,"artificial","Scam","[""neutral_button""]","4",NA,NA,NA,NA
"1693","452555",NA,"resources/real_fg_memory_images/orig9.jpg",NA,"real","Neutral","[""scam_button""]","4",NA,NA,NA,NA
"1694","452555",NA,"resources/real_fg_memory_images/orig6.jpg",NA,"real","Scam","[""neutral_button""]","55",NA,NA,NA,NA
"1695","452555",NA,"resources/real_fg_memory_images/fg22.jpg",NA,"artificial","Scam","[""neutral_button""]","6",NA,NA,NA,NA
"1696","452555",NA,"resources/real_fg_memory_images/orig2.jpg",NA,"real","Scam","[""scam_button""]","4",NA,NA,NA,NA
"1697","452555",NA,NA,NA,NA,NA,NA,NA,NA,NA,NA,NA
"1698","452555",5,"resources/real_fg_memory_images/orig11.jpg","real",NA,NA,NA,NA,NA,NA,NA,NA
"1699","452555",6,"resources/real_fg_memory_images/fg26.jpg","artificial",NA,NA,NA,NA,NA,NA,NA,NA
"1700","452555",5,"resources/real_fg_memory_images/orig12.jpg","real",NA,NA,NA,NA,NA,NA,NA,NA
"1701","452555",6,"resources/real_fg_memory_images/fg31.jpg","artificial",NA,NA,NA,NA,NA,NA,NA,NA
"1702","452555",5,"resources/real_fg_memory_images/orig14.jpg","real",NA,NA,NA,NA,NA,NA,NA,NA
"1703","452555",4,"resources/real_fg_memory_images/orig18.jpg","real",NA,NA,NA,NA,NA,NA,NA,NA
"1704","452555",5,"resources/real_fg_memory_images/orig7.jpg","real",NA,NA,NA,NA,NA,NA,NA,NA
"1705","452555",6,"resources/real_fg_memory_images/fg22.jpg","artificial",NA,NA,NA,NA,NA,NA,NA,NA
"1706","452555",66,"resources/real_fg_memory_images/orig8.jpg","real",NA,NA,NA,NA,NA,NA,NA,NA
"1707","452555",5,"resources/real_fg_memory_images/fg32.jpg","artificial",NA,NA,NA,NA,NA,NA,NA,NA
"1708","452555",5,"resources/real_fg_memory_images/fg23.jpg","artificial",NA,NA,NA,NA,NA,NA,NA,NA
"1709","452555",4,"resources/real_fg_memory_images/orig4.jpg","real",NA,NA,NA,NA,NA,NA,NA,NA
"1710","452555",5,"resources/real_fg_memory_images/fg36.jpg","artificial",NA,NA,NA,NA,NA,NA,NA,NA
"1711","452555",6,"resources/real_fg_memory_images/fg33.jpg","artificial",NA,NA,NA,NA,NA,NA,NA,NA
"1712","452555",4,"resources/real_fg_memory_images/fg24.jpg","artificial",NA,NA,NA,NA,NA,NA,NA,NA
"1713","452555",6,"resources/real_fg_memory_images/orig1.jpg","real",NA,NA,NA,NA,NA,NA,NA,NA
"1714","452555",4,"resources/real_fg_memory_images/fg28.jpg","artificial",NA,NA,NA,NA,NA,NA,NA,NA
"1715","452555",5,"resources/real_fg_memory_images/orig2.jpg","real",NA,NA,NA,NA,NA,NA,NA,NA
"1716","452555",5,"resources/real_fg_memory_images/orig5.jpg","real",NA,NA,NA,NA,NA,NA,NA,NA
"1717","452555",6,"resources/real_fg_memory_images/orig13.jpg","real",NA,NA,NA,NA,NA,NA,NA,NA
"1718","452555",5,"resources/real_fg_memory_images/orig3.jpg","real",NA,NA,NA,NA,NA,NA,NA,NA
"1719","452555",5,"resources/real_fg_memory_images/orig17.jpg","real",NA,NA,NA,NA,NA,NA,NA,NA
"1720","452555",6,"resources/real_fg_memory_images/fg29.jpg","artificial",NA,NA,NA,NA,NA,NA,NA,NA
"1721","452555",6,"resources/real_fg_memory_images/orig15.jpg","real",NA,NA,NA,NA,NA,NA,NA,NA
"1722","452555",5,"resources/real_fg_memory_images/orig10.jpg","real",NA,NA,NA,NA,NA,NA,NA,NA
"1723","452555",4,"resources/real_fg_memory_images/fg30.jpg","artificial",NA,NA,NA,NA,NA,NA,NA,NA
"1724","452555",5,"resources/real_fg_memory_images/fg19.jpg","artificial",NA,NA,NA,NA,NA,NA,NA,NA
"1725","452555",6,"resources/real_fg_memory_images/fg35.jpg","artificial",NA,NA,NA,NA,NA,NA,NA,NA
"1726","452555",4,"resources/real_fg_memory_images/orig16.jpg","real",NA,NA,NA,NA,NA,NA,NA,NA
"1727","452555",6,"resources/real_fg_memory_images/orig9.jpg","real",NA,NA,NA,NA,NA,NA,NA,NA
"1728","452555",4,"resources/real_fg_memory_images/fg20.jpg","artificial",NA,NA,NA,NA,NA,NA,NA,NA
"1729","452555",4,"resources/real_fg_memory_images/fg25.jpg","artificial",NA,NA,NA,NA,NA,NA,NA,NA
"1730","452555",5,"resources/real_fg_memory_images/orig6.jpg","real",NA,NA,NA,NA,NA,NA,NA,NA
"1731","452555",4,"resources/real_fg_memory_images/fg34.jpg","artificial",NA,NA,NA,NA,NA,NA,NA,NA
"1732","452555",5,"resources/real_fg_memory_images/fg21.jpg","artificial",NA,NA,NA,NA,NA,NA,NA,NA
"1733","452555",6,"resources/real_fg_memory_images/fg27.jpg","artificial",NA,NA,NA,NA,NA,NA,NA,NA
"1734","452555",NA,NA,NA,NA,NA,NA,NA,NA,NA,NA,NA
"1735","452555",NA,NA,NA,NA,NA,NA,NA,1,"I answer the phone whenever it rings, even if I do not know who is calling",NA,NA
"1736","452555",NA,NA,NA,NA,NA,NA,NA,1,"Persons over the age of 65 are often targeted by con-artists",NA,NA
"1737","452555",NA,NA,NA,NA,NA,NA,NA,1,"I have difficulty ending a phone call, even if the caller is a telemarketer, someone I do not know, or someone I do not wish to call me",NA,NA
"1738","452555",NA,NA,NA,NA,NA,NA,NA,3,"If a telemarketer calls me, I usually listen to what they have to say",NA,NA
"1739","452555",NA,NA,NA,NA,NA,NA,NA,5,"If something sounds too good to be true, it usually is",NA,NA
"1740","452555",NA,NA,NA,NA,NA,NA,NA,NA,NA,NA,NA
"1741","452555",NA,NA,NA,NA,NA,NA,NA,NA,NA,"[""male_option""]",NA
"1742","452555",NA,NA,NA,NA,NA,NA,NA,NA,NA,NA,74
"1743","452555",NA,NA,NA,NA,NA,NA,NA,NA,NA,NA,NA
"1744","452555",NA,NA,NA,NA,NA,NA,NA,NA,NA,NA,NA
"1745","452555",NA,NA,NA,NA,NA,NA,NA,NA,NA,NA,NA
"1746","452555",NA,NA,NA,NA,NA,NA,NA,NA,NA,NA,NA
"1747","452555",NA,NA,NA,NA,NA,NA,NA,NA,NA,NA,NA
"1748","452555",NA,NA,NA,NA,NA,NA,NA,NA,NA,NA,NA
"1749","452555",NA,NA,NA,NA,NA,NA,NA,NA,NA,NA,NA
"1750","452555",NA,NA,NA,NA,NA,NA,NA,NA,NA,NA,NA
"1751","452555",NA,NA,NA,NA,NA,NA,NA,NA,NA,NA,NA
"1752","452555",NA,NA,NA,NA,NA,NA,NA,NA,NA,NA,NA
"1753","630358",NA,NA,NA,NA,NA,NA,NA,NA,NA,NA,NA
"1754","630358",NA,NA,NA,NA,NA,NA,NA,NA,NA,NA,NA
"1755","630358",NA,NA,NA,NA,NA,NA,NA,NA,NA,NA,NA
"1756","630358",NA,NA,NA,NA,NA,NA,NA,NA,NA,NA,NA
"1757","630358",5,"resources/real_fg_memory_images/orig12.jpg","real",NA,NA,NA,NA,NA,NA,NA,NA
"1758","630358",5,"resources/real_fg_memory_images/fg22.jpg","artificial",NA,NA,NA,NA,NA,NA,NA,NA
"1759","630358",7,"resources/real_fg_memory_images/fg24.jpg","artificial",NA,NA,NA,NA,NA,NA,NA,NA
"1760","630358",7,"resources/real_fg_memory_images/orig6.jpg","real",NA,NA,NA,NA,NA,NA,NA,NA
"1761","630358",3,"resources/real_fg_memory_images/orig8.jpg","real",NA,NA,NA,NA,NA,NA,NA,NA
"1762","630358",7,"resources/real_fg_memory_images/orig15.jpg","real",NA,NA,NA,NA,NA,NA,NA,NA
"1763","630358",8,"resources/real_fg_memory_images/fg28.jpg","artificial",NA,NA,NA,NA,NA,NA,NA,NA
"1764","630358",6,"resources/real_fg_memory_images/fg23.jpg","artificial",NA,NA,NA,NA,NA,NA,NA,NA
"1765","630358",5,"resources/real_fg_memory_images/orig16.jpg","real",NA,NA,NA,NA,NA,NA,NA,NA
"1766","630358",6,"resources/real_fg_memory_images/fg30.jpg","artificial",NA,NA,NA,NA,NA,NA,NA,NA
"1767","630358",6,"resources/real_fg_memory_images/fg36.jpg","artificial",NA,NA,NA,NA,NA,NA,NA,NA
"1768","630358",4,"resources/real_fg_memory_images/fg31.jpg","artificial",NA,NA,NA,NA,NA,NA,NA,NA
"1769","630358",6,"resources/real_fg_memory_images/fg25.jpg","artificial",NA,NA,NA,NA,NA,NA,NA,NA
"1770","630358",7,"resources/real_fg_memory_images/fg35.jpg","artificial",NA,NA,NA,NA,NA,NA,NA,NA
"1771","630358",7,"resources/real_fg_memory_images/fg34.jpg","artificial",NA,NA,NA,NA,NA,NA,NA,NA
"1772","630358",4,"resources/real_fg_memory_images/fg19.jpg","artificial",NA,NA,NA,NA,NA,NA,NA,NA
"1773","630358",7,"resources/real_fg_memory_images/orig14.jpg","real",NA,NA,NA,NA,NA,NA,NA,NA
"1774","630358",3,"resources/real_fg_memory_images/orig7.jpg","real",NA,NA,NA,NA,NA,NA,NA,NA
"1775","630358",6,"resources/real_fg_memory_images/orig4.jpg","real",NA,NA,NA,NA,NA,NA,NA,NA
"1776","630358",3,"resources/real_fg_memory_images/orig9.jpg","real",NA,NA,NA,NA,NA,NA,NA,NA
"1777","630358",8,"resources/real_fg_memory_images/fg32.jpg","artificial",NA,NA,NA,NA,NA,NA,NA,NA
"1778","630358",4,"resources/real_fg_memory_images/orig11.jpg","real",NA,NA,NA,NA,NA,NA,NA,NA
"1779","630358",5,"resources/real_fg_memory_images/orig3.jpg","real",NA,NA,NA,NA,NA,NA,NA,NA
"1780","630358",6,"resources/real_fg_memory_images/orig13.jpg","real",NA,NA,NA,NA,NA,NA,NA,NA
"1781","630358",5,"resources/real_fg_memory_images/fg21.jpg","artificial",NA,NA,NA,NA,NA,NA,NA,NA
"1782","630358",4,"resources/real_fg_memory_images/orig1.jpg","real",NA,NA,NA,NA,NA,NA,NA,NA
"1783","630358",8,"resources/real_fg_memory_images/fg26.jpg","artificial",NA,NA,NA,NA,NA,NA,NA,NA
"1784","630358",7,"resources/real_fg_memory_images/fg27.jpg","artificial",NA,NA,NA,NA,NA,NA,NA,NA
"1785","630358",7,"resources/real_fg_memory_images/fg33.jpg","artificial",NA,NA,NA,NA,NA,NA,NA,NA
"1786","630358",7,"resources/real_fg_memory_images/orig2.jpg","real",NA,NA,NA,NA,NA,NA,NA,NA
"1787","630358",2,"resources/real_fg_memory_images/orig5.jpg","real",NA,NA,NA,NA,NA,NA,NA,NA
"1788","630358",5,"resources/real_fg_memory_images/fg29.jpg","artificial",NA,NA,NA,NA,NA,NA,NA,NA
"1789","630358",7,"resources/real_fg_memory_images/orig18.jpg","real",NA,NA,NA,NA,NA,NA,NA,NA
"1790","630358",4,"resources/real_fg_memory_images/fg20.jpg","artificial",NA,NA,NA,NA,NA,NA,NA,NA
"1791","630358",3,"resources/real_fg_memory_images/orig10.jpg","real",NA,NA,NA,NA,NA,NA,NA,NA
"1792","630358",5,"resources/real_fg_memory_images/orig17.jpg","real",NA,NA,NA,NA,NA,NA,NA,NA
"1793","630358",NA,NA,NA,NA,NA,NA,NA,NA,NA,NA,NA
"1794","630358",NA,"resources/real_fg_memory_images/orig8.jpg",NA,"real","Neutral",NA,NA,NA,NA,NA,NA
"1795","630358",NA,"resources/real_fg_memory_images/orig5.jpg",NA,"real","Scam",NA,NA,NA,NA,NA,NA
"1796","630358",NA,"resources/real_fg_memory_images/orig11.jpg",NA,"real","Neutral",NA,NA,NA,NA,NA,NA
"1797","630358",NA,"resources/real_fg_memory_images/fg25.jpg",NA,"artificial","Neutral",NA,NA,NA,NA,NA,NA
"1798","630358",NA,"resources/real_fg_memory_images/orig1.jpg",NA,"real","Scam",NA,NA,NA,NA,NA,NA
"1799","630358",NA,"resources/real_fg_memory_images/fg23.jpg",NA,"artificial","Scam",NA,NA,NA,NA,NA,NA
"1800","630358",NA,"resources/real_fg_memory_images/fg28.jpg",NA,"artificial","Neutral",NA,NA,NA,NA,NA,NA
"1801","630358",NA,"resources/real_fg_memory_images/fg21.jpg",NA,"artificial","Scam",NA,NA,NA,NA,NA,NA
"1802","630358",NA,"resources/real_fg_memory_images/fg30.jpg",NA,"artificial","Neutral",NA,NA,NA,NA,NA,NA
"1803","630358",NA,"resources/real_fg_memory_images/orig7.jpg",NA,"real","Neutral",NA,NA,NA,NA,NA,NA
"1804","630358",NA,"resources/real_fg_memory_images/fg26.jpg",NA,"artificial","Neutral",NA,NA,NA,NA,NA,NA
"1805","630358",NA,"resources/real_fg_memory_images/orig3.jpg",NA,"real","Scam",NA,NA,NA,NA,NA,NA
"1806","630358",NA,"resources/real_fg_memory_images/orig9.jpg",NA,"real","Neutral",NA,NA,NA,NA,NA,NA
"1807","630358",NA,"resources/real_fg_memory_images/fg19.jpg",NA,"artificial","Scam",NA,NA,NA,NA,NA,NA
"1808","630358",NA,"resources/real_fg_memory_images/fg29.jpg",NA,"artificial","Neutral",NA,NA,NA,NA,NA,NA
"1809","630358",NA,"resources/real_fg_memory_images/fg22.jpg",NA,"artificial","Scam",NA,NA,NA,NA,NA,NA
"1810","630358",NA,"resources/real_fg_memory_images/fg24.jpg",NA,"artificial","Scam",NA,NA,NA,NA,NA,NA
"1811","630358",NA,"resources/real_fg_memory_images/orig10.jpg",NA,"real","Neutral",NA,NA,NA,NA,NA,NA
"1812","630358",NA,"resources/real_fg_memory_images/fg27.jpg",NA,"artificial","Neutral",NA,NA,NA,NA,NA,NA
"1813","630358",NA,"resources/real_fg_memory_images/orig6.jpg",NA,"real","Scam",NA,NA,NA,NA,NA,NA
"1814","630358",NA,"resources/real_fg_memory_images/orig2.jpg",NA,"real","Scam",NA,NA,NA,NA,NA,NA
"1815","630358",NA,"resources/real_fg_memory_images/fg20.jpg",NA,"artificial","Scam",NA,NA,NA,NA,NA,NA
"1816","630358",NA,"resources/real_fg_memory_images/orig12.jpg",NA,"real","Neutral",NA,NA,NA,NA,NA,NA
"1817","630358",NA,"resources/real_fg_memory_images/orig4.jpg",NA,"real","Scam",NA,NA,NA,NA,NA,NA
"1818","630358",NA,NA,NA,NA,NA,NA,NA,NA,NA,NA,NA
"1819","630358",NA,"resources/real_fg_memory_images/orig12.jpg",NA,"real","Neutral","[""scam_button""]","8",NA,NA,NA,NA
"1820","630358",NA,"resources/real_fg_memory_images/fg24.jpg",NA,"artificial","Scam","[""neutral_button""]","6",NA,NA,NA,NA
"1821","630358",NA,"resources/real_fg_memory_images/fg27.jpg",NA,"artificial","Neutral","[""neutral_button""]","5",NA,NA,NA,NA
"1822","630358",NA,"resources/real_fg_memory_images/fg26.jpg",NA,"artificial","Neutral","[""neutral_button""]","5",NA,NA,NA,NA
"1823","630358",NA,"resources/real_fg_memory_images/fg23.jpg",NA,"artificial","Scam","[""scam_button""]","8",NA,NA,NA,NA
"1824","630358",NA,"resources/real_fg_memory_images/orig6.jpg",NA,"real","Scam","[""neutral_button""]","5",NA,NA,NA,NA
"1825","630358",NA,"resources/real_fg_memory_images/orig2.jpg",NA,"real","Scam","[""neutral_button""]","7",NA,NA,NA,NA
"1826","630358",NA,"resources/real_fg_memory_images/fg25.jpg",NA,"artificial","Neutral","[""neutral_button""]","5",NA,NA,NA,NA
"1827","630358",NA,"resources/real_fg_memory_images/orig8.jpg",NA,"real","Neutral","[""neutral_button""]","6",NA,NA,NA,NA
"1828","630358",NA,"resources/real_fg_memory_images/orig9.jpg",NA,"real","Neutral","[""scam_button""]","5",NA,NA,NA,NA
"1829","630358",NA,"resources/real_fg_memory_images/orig11.jpg",NA,"real","Neutral","[""neutral_button""]","4",NA,NA,NA,NA
"1830","630358",NA,"resources/real_fg_memory_images/orig5.jpg",NA,"real","Scam","[""scam_button""]","7",NA,NA,NA,NA
"1831","630358",NA,"resources/real_fg_memory_images/fg21.jpg",NA,"artificial","Scam","[""scam_button""]","5",NA,NA,NA,NA
"1832","630358",NA,"resources/real_fg_memory_images/orig4.jpg",NA,"real","Scam","[""neutral_button""]","7",NA,NA,NA,NA
"1833","630358",NA,"resources/real_fg_memory_images/fg19.jpg",NA,"artificial","Scam","[""neutral_button""]","6",NA,NA,NA,NA
"1834","630358",NA,"resources/real_fg_memory_images/fg28.jpg",NA,"artificial","Neutral","[""neutral_button""]","7",NA,NA,NA,NA
"1835","630358",NA,"resources/real_fg_memory_images/fg30.jpg",NA,"artificial","Neutral","[""neutral_button""]","5",NA,NA,NA,NA
"1836","630358",NA,"resources/real_fg_memory_images/fg20.jpg",NA,"artificial","Scam","[""neutral_button""]","2",NA,NA,NA,NA
"1837","630358",NA,"resources/real_fg_memory_images/orig7.jpg",NA,"real","Neutral","[""neutral_button""]","3",NA,NA,NA,NA
"1838","630358",NA,"resources/real_fg_memory_images/fg22.jpg",NA,"artificial","Scam","[""scam_button""]","8",NA,NA,NA,NA
"1839","630358",NA,"resources/real_fg_memory_images/orig1.jpg",NA,"real","Scam","[""scam_button""]","6",NA,NA,NA,NA
"1840","630358",NA,"resources/real_fg_memory_images/fg29.jpg",NA,"artificial","Neutral","[""neutral_button""]","5",NA,NA,NA,NA
"1841","630358",NA,"resources/real_fg_memory_images/orig3.jpg",NA,"real","Scam","[""scam_button""]","9",NA,NA,NA,NA
"1842","630358",NA,"resources/real_fg_memory_images/orig10.jpg",NA,"real","Neutral","[""scam_button""]","6",NA,NA,NA,NA
"1843","630358",NA,NA,NA,NA,NA,NA,NA,NA,NA,NA,NA
"1844","630358",7,"resources/real_fg_memory_images/fg35.jpg","artificial",NA,NA,NA,NA,NA,NA,NA,NA
"1845","630358",3,"resources/real_fg_memory_images/orig9.jpg","real",NA,NA,NA,NA,NA,NA,NA,NA
"1846","630358",7,"resources/real_fg_memory_images/fg30.jpg","artificial",NA,NA,NA,NA,NA,NA,NA,NA
"1847","630358",5,"resources/real_fg_memory_images/fg23.jpg","artificial",NA,NA,NA,NA,NA,NA,NA,NA
"1848","630358",6,"resources/real_fg_memory_images/orig6.jpg","real",NA,NA,NA,NA,NA,NA,NA,NA
"1849","630358",8,"resources/real_fg_memory_images/fg25.jpg","artificial",NA,NA,NA,NA,NA,NA,NA,NA
"1850","630358",4,"resources/real_fg_memory_images/fg20.jpg","artificial",NA,NA,NA,NA,NA,NA,NA,NA
"1851","630358",5,"resources/real_fg_memory_images/orig14.jpg","real",NA,NA,NA,NA,NA,NA,NA,NA
"1852","630358",3,"resources/real_fg_memory_images/orig5.jpg","real",NA,NA,NA,NA,NA,NA,NA,NA
"1853","630358",6,"resources/real_fg_memory_images/fg24.jpg","artificial",NA,NA,NA,NA,NA,NA,NA,NA
"1854","630358",7,"resources/real_fg_memory_images/orig18.jpg","real",NA,NA,NA,NA,NA,NA,NA,NA
"1855","630358",7,"resources/real_fg_memory_images/fg32.jpg","artificial",NA,NA,NA,NA,NA,NA,NA,NA
"1856","630358",5,"resources/real_fg_memory_images/fg29.jpg","artificial",NA,NA,NA,NA,NA,NA,NA,NA
"1857","630358",7,"resources/real_fg_memory_images/fg33.jpg","artificial",NA,NA,NA,NA,NA,NA,NA,NA
"1858","630358",4,"resources/real_fg_memory_images/fg21.jpg","artificial",NA,NA,NA,NA,NA,NA,NA,NA
"1859","630358",7,"resources/real_fg_memory_images/orig4.jpg","real",NA,NA,NA,NA,NA,NA,NA,NA
"1860","630358",3,"resources/real_fg_memory_images/orig3.jpg","real",NA,NA,NA,NA,NA,NA,NA,NA
"1861","630358",4,"resources/real_fg_memory_images/orig12.jpg","real",NA,NA,NA,NA,NA,NA,NA,NA
"1862","630358",4,"resources/real_fg_memory_images/fg19.jpg","artificial",NA,NA,NA,NA,NA,NA,NA,NA
"1863","630358",4,"resources/real_fg_memory_images/orig2.jpg","real",NA,NA,NA,NA,NA,NA,NA,NA
"1864","630358",3,"resources/real_fg_memory_images/orig8.jpg","real",NA,NA,NA,NA,NA,NA,NA,NA
"1865","630358",4,"resources/real_fg_memory_images/orig13.jpg","real",NA,NA,NA,NA,NA,NA,NA,NA
"1866","630358",4,"resources/real_fg_memory_images/fg27.jpg","artificial",NA,NA,NA,NA,NA,NA,NA,NA
"1867","630358",5,"resources/real_fg_memory_images/orig11.jpg","real",NA,NA,NA,NA,NA,NA,NA,NA
"1868","630358",3,"resources/real_fg_memory_images/orig10.jpg","real",NA,NA,NA,NA,NA,NA,NA,NA
"1869","630358",6,"resources/real_fg_memory_images/fg22.jpg","artificial",NA,NA,NA,NA,NA,NA,NA,NA
"1870","630358",7,"resources/real_fg_memory_images/fg36.jpg","artificial",NA,NA,NA,NA,NA,NA,NA,NA
"1871","630358",8,"resources/real_fg_memory_images/fg34.jpg","artificial",NA,NA,NA,NA,NA,NA,NA,NA
"1872","630358",3,"resources/real_fg_memory_images/orig1.jpg","real",NA,NA,NA,NA,NA,NA,NA,NA
"1873","630358",8,"resources/real_fg_memory_images/orig16.jpg","real",NA,NA,NA,NA,NA,NA,NA,NA
"1874","630358",8,"resources/real_fg_memory_images/fg28.jpg","artificial",NA,NA,NA,NA,NA,NA,NA,NA
"1875","630358",3,"resources/real_fg_memory_images/fg31.jpg","artificial",NA,NA,NA,NA,NA,NA,NA,NA
"1876","630358",5,"resources/real_fg_memory_images/orig17.jpg","real",NA,NA,NA,NA,NA,NA,NA,NA
"1877","630358",4,"resources/real_fg_memory_images/orig7.jpg","real",NA,NA,NA,NA,NA,NA,NA,NA
"1878","630358",6,"resources/real_fg_memory_images/orig15.jpg","real",NA,NA,NA,NA,NA,NA,NA,NA
"1879","630358",6,"resources/real_fg_memory_images/fg26.jpg","artificial",NA,NA,NA,NA,NA,NA,NA,NA
"1880","630358",NA,NA,NA,NA,NA,NA,NA,NA,NA,NA,NA
"1881","630358",NA,NA,NA,NA,NA,NA,NA,1,"I answer the phone whenever it rings, even if I do not know who is calling",NA,NA
"1882","630358",NA,NA,NA,NA,NA,NA,NA,4,"If something sounds too good to be true, it usually is",NA,NA
"1883","630358",NA,NA,NA,NA,NA,NA,NA,1,"I have difficulty ending a phone call, even if the caller is a telemarketer, someone I do not know, or someone I do not wish to call me",NA,NA
"1884","630358",NA,NA,NA,NA,NA,NA,NA,1,"If a telemarketer calls me, I usually listen to what they have to say",NA,NA
"1885","630358",NA,NA,NA,NA,NA,NA,NA,5,"Persons over the age of 65 are often targeted by con-artists",NA,NA
"1886","630358",NA,NA,NA,NA,NA,NA,NA,NA,NA,NA,NA
"1887","630358",NA,NA,NA,NA,NA,NA,NA,NA,NA,"[""male_option""]",NA
"1888","630358",NA,NA,NA,NA,NA,NA,NA,NA,NA,NA,71
"1889","630358",NA,NA,NA,NA,NA,NA,NA,NA,NA,NA,NA
"1890","630358",NA,NA,NA,NA,NA,NA,NA,NA,NA,NA,NA
"1891","630358",NA,NA,NA,NA,NA,NA,NA,NA,NA,NA,NA
"1892","630358",NA,NA,NA,NA,NA,NA,NA,NA,NA,NA,NA
"1893","630358",NA,NA,NA,NA,NA,NA,NA,NA,NA,NA,NA
"1894","630358",NA,NA,NA,NA,NA,NA,NA,NA,NA,NA,NA
"1895","630358",NA,NA,NA,NA,NA,NA,NA,NA,NA,NA,NA
"1896","630358",NA,NA,NA,NA,NA,NA,NA,NA,NA,NA,NA
"1897","630358",NA,NA,NA,NA,NA,NA,NA,NA,NA,NA,NA
"1898","630358",NA,NA,NA,NA,NA,NA,NA,NA,NA,NA,NA
"1899","682144",NA,NA,NA,NA,NA,NA,NA,NA,NA,NA,NA
"1900","682144",NA,NA,NA,NA,NA,NA,NA,NA,NA,NA,NA
"1901","682144",NA,NA,NA,NA,NA,NA,NA,NA,NA,NA,NA
"1902","682144",NA,NA,NA,NA,NA,NA,NA,NA,NA,NA,NA
"1903","682144",6,"resources/real_fg_memory_images/orig5.jpg","real",NA,NA,NA,NA,NA,NA,NA,NA
"1904","682144",8,"resources/real_fg_memory_images/orig10.jpg","real",NA,NA,NA,NA,NA,NA,NA,NA
"1905","682144",7,"resources/real_fg_memory_images/fg20.jpg","artificial",NA,NA,NA,NA,NA,NA,NA,NA
"1906","682144",8,"resources/real_fg_memory_images/orig4.jpg","real",NA,NA,NA,NA,NA,NA,NA,NA
"1907","682144",5,"resources/real_fg_memory_images/fg26.jpg","artificial",NA,NA,NA,NA,NA,NA,NA,NA
"1908","682144",6,"resources/real_fg_memory_images/fg35.jpg","artificial",NA,NA,NA,NA,NA,NA,NA,NA
"1909","682144",7,"resources/real_fg_memory_images/orig9.jpg","real",NA,NA,NA,NA,NA,NA,NA,NA
"1910","682144",6,"resources/real_fg_memory_images/orig15.jpg","real",NA,NA,NA,NA,NA,NA,NA,NA
"1911","682144",6,"resources/real_fg_memory_images/fg25.jpg","artificial",NA,NA,NA,NA,NA,NA,NA,NA
"1912","682144",6,"resources/real_fg_memory_images/fg31.jpg","artificial",NA,NA,NA,NA,NA,NA,NA,NA
"1913","682144",9,"resources/real_fg_memory_images/fg24.jpg","artificial",NA,NA,NA,NA,NA,NA,NA,NA
"1914","682144",6,"resources/real_fg_memory_images/orig6.jpg","real",NA,NA,NA,NA,NA,NA,NA,NA
"1915","682144",7,"resources/real_fg_memory_images/fg19.jpg","artificial",NA,NA,NA,NA,NA,NA,NA,NA
"1916","682144",4,"resources/real_fg_memory_images/orig7.jpg","real",NA,NA,NA,NA,NA,NA,NA,NA
"1917","682144",5,"resources/real_fg_memory_images/fg27.jpg","artificial",NA,NA,NA,NA,NA,NA,NA,NA
"1918","682144",2,"resources/real_fg_memory_images/orig17.jpg","real",NA,NA,NA,NA,NA,NA,NA,NA
"1919","682144",7,"resources/real_fg_memory_images/orig12.jpg","real",NA,NA,NA,NA,NA,NA,NA,NA
"1920","682144",6,"resources/real_fg_memory_images/fg22.jpg","artificial",NA,NA,NA,NA,NA,NA,NA,NA
"1921","682144",7,"resources/real_fg_memory_images/orig13.jpg","real",NA,NA,NA,NA,NA,NA,NA,NA
"1922","682144",9,"resources/real_fg_memory_images/fg28.jpg","artificial",NA,NA,NA,NA,NA,NA,NA,NA
"1923","682144",6,"resources/real_fg_memory_images/fg21.jpg","artificial",NA,NA,NA,NA,NA,NA,NA,NA
"1924","682144",6,"resources/real_fg_memory_images/fg36.jpg","artificial",NA,NA,NA,NA,NA,NA,NA,NA
"1925","682144",7,"resources/real_fg_memory_images/fg34.jpg","artificial",NA,NA,NA,NA,NA,NA,NA,NA
"1926","682144",5,"resources/real_fg_memory_images/orig8.jpg","real",NA,NA,NA,NA,NA,NA,NA,NA
"1927","682144",6,"resources/real_fg_memory_images/fg33.jpg","artificial",NA,NA,NA,NA,NA,NA,NA,NA
"1928","682144",5,"resources/real_fg_memory_images/orig3.jpg","real",NA,NA,NA,NA,NA,NA,NA,NA
"1929","682144",7,"resources/real_fg_memory_images/fg32.jpg","artificial",NA,NA,NA,NA,NA,NA,NA,NA
"1930","682144",6,"resources/real_fg_memory_images/orig14.jpg","real",NA,NA,NA,NA,NA,NA,NA,NA
"1931","682144",7,"resources/real_fg_memory_images/fg30.jpg","artificial",NA,NA,NA,NA,NA,NA,NA,NA
"1932","682144",6,"resources/real_fg_memory_images/orig1.jpg","real",NA,NA,NA,NA,NA,NA,NA,NA
"1933","682144",7,"resources/real_fg_memory_images/fg29.jpg","artificial",NA,NA,NA,NA,NA,NA,NA,NA
"1934","682144",8,"resources/real_fg_memory_images/orig18.jpg","real",NA,NA,NA,NA,NA,NA,NA,NA
"1935","682144",7,"resources/real_fg_memory_images/orig11.jpg","real",NA,NA,NA,NA,NA,NA,NA,NA
"1936","682144",6,"resources/real_fg_memory_images/fg23.jpg","artificial",NA,NA,NA,NA,NA,NA,NA,NA
"1937","682144",8,"resources/real_fg_memory_images/orig2.jpg","real",NA,NA,NA,NA,NA,NA,NA,NA
"1938","682144",9,"resources/real_fg_memory_images/orig16.jpg","real",NA,NA,NA,NA,NA,NA,NA,NA
"1939","682144",NA,NA,NA,NA,NA,NA,NA,NA,NA,NA,NA
"1940","682144",NA,"resources/real_fg_memory_images/orig2.jpg",NA,"real","Scam",NA,NA,NA,NA,NA,NA
"1941","682144",NA,"resources/real_fg_memory_images/orig9.jpg",NA,"real","Neutral",NA,NA,NA,NA,NA,NA
"1942","682144",NA,"resources/real_fg_memory_images/orig5.jpg",NA,"real","Scam",NA,NA,NA,NA,NA,NA
"1943","682144",NA,"resources/real_fg_memory_images/fg25.jpg",NA,"artificial","Neutral",NA,NA,NA,NA,NA,NA
"1944","682144",NA,"resources/real_fg_memory_images/orig10.jpg",NA,"real","Neutral",NA,NA,NA,NA,NA,NA
"1945","682144",NA,"resources/real_fg_memory_images/orig8.jpg",NA,"real","Neutral",NA,NA,NA,NA,NA,NA
"1946","682144",NA,"resources/real_fg_memory_images/fg27.jpg",NA,"artificial","Neutral",NA,NA,NA,NA,NA,NA
"1947","682144",NA,"resources/real_fg_memory_images/orig6.jpg",NA,"real","Scam",NA,NA,NA,NA,NA,NA
"1948","682144",NA,"resources/real_fg_memory_images/fg26.jpg",NA,"artificial","Neutral",NA,NA,NA,NA,NA,NA
"1949","682144",NA,"resources/real_fg_memory_images/fg19.jpg",NA,"artificial","Scam",NA,NA,NA,NA,NA,NA
"1950","682144",NA,"resources/real_fg_memory_images/orig7.jpg",NA,"real","Neutral",NA,NA,NA,NA,NA,NA
"1951","682144",NA,"resources/real_fg_memory_images/orig4.jpg",NA,"real","Scam",NA,NA,NA,NA,NA,NA
"1952","682144",NA,"resources/real_fg_memory_images/fg23.jpg",NA,"artificial","Scam",NA,NA,NA,NA,NA,NA
"1953","682144",NA,"resources/real_fg_memory_images/orig12.jpg",NA,"real","Neutral",NA,NA,NA,NA,NA,NA
"1954","682144",NA,"resources/real_fg_memory_images/fg30.jpg",NA,"artificial","Neutral",NA,NA,NA,NA,NA,NA
"1955","682144",NA,"resources/real_fg_memory_images/orig3.jpg",NA,"real","Scam",NA,NA,NA,NA,NA,NA
"1956","682144",NA,"resources/real_fg_memory_images/fg24.jpg",NA,"artificial","Scam",NA,NA,NA,NA,NA,NA
"1957","682144",NA,"resources/real_fg_memory_images/orig1.jpg",NA,"real","Scam",NA,NA,NA,NA,NA,NA
"1958","682144",NA,"resources/real_fg_memory_images/fg21.jpg",NA,"artificial","Scam",NA,NA,NA,NA,NA,NA
"1959","682144",NA,"resources/real_fg_memory_images/fg29.jpg",NA,"artificial","Neutral",NA,NA,NA,NA,NA,NA
"1960","682144",NA,"resources/real_fg_memory_images/fg20.jpg",NA,"artificial","Scam",NA,NA,NA,NA,NA,NA
"1961","682144",NA,"resources/real_fg_memory_images/orig11.jpg",NA,"real","Neutral",NA,NA,NA,NA,NA,NA
"1962","682144",NA,"resources/real_fg_memory_images/fg22.jpg",NA,"artificial","Scam",NA,NA,NA,NA,NA,NA
"1963","682144",NA,"resources/real_fg_memory_images/fg28.jpg",NA,"artificial","Neutral",NA,NA,NA,NA,NA,NA
"1964","682144",NA,NA,NA,NA,NA,NA,NA,NA,NA,NA,NA
"1965","682144",NA,"resources/real_fg_memory_images/orig5.jpg",NA,"real","Scam","[""neutral_button""]","7",NA,NA,NA,NA
"1966","682144",NA,"resources/real_fg_memory_images/fg30.jpg",NA,"artificial","Neutral","[""neutral_button""]","10",NA,NA,NA,NA
"1967","682144",NA,"resources/real_fg_memory_images/fg28.jpg",NA,"artificial","Neutral","[""neutral_button""]","10",NA,NA,NA,NA
"1968","682144",NA,"resources/real_fg_memory_images/fg26.jpg",NA,"artificial","Neutral","[""scam_button""]","7",NA,NA,NA,NA
"1969","682144",NA,"resources/real_fg_memory_images/orig12.jpg",NA,"real","Neutral","[""neutral_button""]","10",NA,NA,NA,NA
"1970","682144",NA,"resources/real_fg_memory_images/orig6.jpg",NA,"real","Scam","[""scam_button""]","10",NA,NA,NA,NA
"1971","682144",NA,"resources/real_fg_memory_images/orig9.jpg",NA,"real","Neutral","[""scam_button""]","7",NA,NA,NA,NA
"1972","682144",NA,"resources/real_fg_memory_images/fg21.jpg",NA,"artificial","Scam","[""neutral_button""]","8",NA,NA,NA,NA
"1973","682144",NA,"resources/real_fg_memory_images/fg20.jpg",NA,"artificial","Scam","[""neutral_button""]","6",NA,NA,NA,NA
"1974","682144",NA,"resources/real_fg_memory_images/orig8.jpg",NA,"real","Neutral","[""neutral_button""]","10",NA,NA,NA,NA
"1975","682144",NA,"resources/real_fg_memory_images/fg23.jpg",NA,"artificial","Scam","[""scam_button""]","9",NA,NA,NA,NA
"1976","682144",NA,"resources/real_fg_memory_images/orig1.jpg",NA,"real","Scam","[""scam_button""]","8",NA,NA,NA,NA
"1977","682144",NA,"resources/real_fg_memory_images/fg25.jpg",NA,"artificial","Neutral","[""scam_button""]","6",NA,NA,NA,NA
"1978","682144",NA,"resources/real_fg_memory_images/orig7.jpg",NA,"real","Neutral","[""neutral_button""]","10",NA,NA,NA,NA
"1979","682144",NA,"resources/real_fg_memory_images/orig2.jpg",NA,"real","Scam","[""neutral_button""]","10",NA,NA,NA,NA
"1980","682144",NA,"resources/real_fg_memory_images/fg24.jpg",NA,"artificial","Scam","[""neutral_button""]","6",NA,NA,NA,NA
"1981","682144",NA,"resources/real_fg_memory_images/orig11.jpg",NA,"real","Neutral","[""neutral_button""]","7",NA,NA,NA,NA
"1982","682144",NA,"resources/real_fg_memory_images/orig4.jpg",NA,"real","Scam","[""scam_button""]","10",NA,NA,NA,NA
"1983","682144",NA,"resources/real_fg_memory_images/fg19.jpg",NA,"artificial","Scam","[""neutral_button""]","7",NA,NA,NA,NA
"1984","682144",NA,"resources/real_fg_memory_images/fg27.jpg",NA,"artificial","Neutral","[""neutral_button""]","9",NA,NA,NA,NA
"1985","682144",NA,"resources/real_fg_memory_images/fg22.jpg",NA,"artificial","Scam","[""neutral_button""]","6",NA,NA,NA,NA
"1986","682144",NA,"resources/real_fg_memory_images/orig10.jpg",NA,"real","Neutral","[""neutral_button""]","7",NA,NA,NA,NA
"1987","682144",NA,"resources/real_fg_memory_images/orig3.jpg",NA,"real","Scam","[""scam_button""]","10",NA,NA,NA,NA
"1988","682144",NA,"resources/real_fg_memory_images/fg29.jpg",NA,"artificial","Neutral","[""neutral_button""]","7",NA,NA,NA,NA
"1989","682144",NA,NA,NA,NA,NA,NA,NA,NA,NA,NA,NA
"1990","682144",8,"resources/real_fg_memory_images/orig13.jpg","real",NA,NA,NA,NA,NA,NA,NA,NA
"1991","682144",8,"resources/real_fg_memory_images/orig2.jpg","real",NA,NA,NA,NA,NA,NA,NA,NA
"1992","682144",7,"resources/real_fg_memory_images/orig18.jpg","real",NA,NA,NA,NA,NA,NA,NA,NA
"1993","682144",7,"resources/real_fg_memory_images/fg36.jpg","artificial",NA,NA,NA,NA,NA,NA,NA,NA
"1994","682144",7,"resources/real_fg_memory_images/orig14.jpg","real",NA,NA,NA,NA,NA,NA,NA,NA
"1995","682144",6,"resources/real_fg_memory_images/orig15.jpg","real",NA,NA,NA,NA,NA,NA,NA,NA
"1996","682144",6,"resources/real_fg_memory_images/orig6.jpg","real",NA,NA,NA,NA,NA,NA,NA,NA
"1997","682144",4,"resources/real_fg_memory_images/orig7.jpg","real",NA,NA,NA,NA,NA,NA,NA,NA
"1998","682144",5,"resources/real_fg_memory_images/orig17.jpg","real",NA,NA,NA,NA,NA,NA,NA,NA
"1999","682144",2,"resources/real_fg_memory_images/orig3.jpg","real",NA,NA,NA,NA,NA,NA,NA,NA
"2000","682144",8,"resources/real_fg_memory_images/orig11.jpg","real",NA,NA,NA,NA,NA,NA,NA,NA
"2001","682144",6,"resources/real_fg_memory_images/fg34.jpg","artificial",NA,NA,NA,NA,NA,NA,NA,NA
"2002","682144",5,"resources/real_fg_memory_images/fg32.jpg","artificial",NA,NA,NA,NA,NA,NA,NA,NA
"2003","682144",9,"resources/real_fg_memory_images/fg28.jpg","artificial",NA,NA,NA,NA,NA,NA,NA,NA
"2004","682144",7,"resources/real_fg_memory_images/orig9.jpg","real",NA,NA,NA,NA,NA,NA,NA,NA
"2005","682144",8,"resources/real_fg_memory_images/orig10.jpg","real",NA,NA,NA,NA,NA,NA,NA,NA
"2006","682144",3,"resources/real_fg_memory_images/fg20.jpg","artificial",NA,NA,NA,NA,NA,NA,NA,NA
"2007","682144",7,"resources/real_fg_memory_images/fg25.jpg","artificial",NA,NA,NA,NA,NA,NA,NA,NA
"2008","682144",7,"resources/real_fg_memory_images/fg35.jpg","artificial",NA,NA,NA,NA,NA,NA,NA,NA
"2009","682144",7,"resources/real_fg_memory_images/fg30.jpg","artificial",NA,NA,NA,NA,NA,NA,NA,NA
"2010","682144",6,"resources/real_fg_memory_images/fg23.jpg","artificial",NA,NA,NA,NA,NA,NA,NA,NA
"2011","682144",7,"resources/real_fg_memory_images/orig1.jpg","real",NA,NA,NA,NA,NA,NA,NA,NA
"2012","682144",9,"resources/real_fg_memory_images/orig16.jpg","real",NA,NA,NA,NA,NA,NA,NA,NA
"2013","682144",9,"resources/real_fg_memory_images/fg22.jpg","artificial",NA,NA,NA,NA,NA,NA,NA,NA
"2014","682144",5,"resources/real_fg_memory_images/fg33.jpg","artificial",NA,NA,NA,NA,NA,NA,NA,NA
"2015","682144",5,"resources/real_fg_memory_images/orig12.jpg","real",NA,NA,NA,NA,NA,NA,NA,NA
"2016","682144",6,"resources/real_fg_memory_images/orig5.jpg","real",NA,NA,NA,NA,NA,NA,NA,NA
"2017","682144",5,"resources/real_fg_memory_images/fg26.jpg","artificial",NA,NA,NA,NA,NA,NA,NA,NA
"2018","682144",3,"resources/real_fg_memory_images/fg21.jpg","artificial",NA,NA,NA,NA,NA,NA,NA,NA
"2019","682144",6,"resources/real_fg_memory_images/orig8.jpg","real",NA,NA,NA,NA,NA,NA,NA,NA
"2020","682144",5,"resources/real_fg_memory_images/fg24.jpg","artificial",NA,NA,NA,NA,NA,NA,NA,NA
"2021","682144",5,"resources/real_fg_memory_images/orig4.jpg","real",NA,NA,NA,NA,NA,NA,NA,NA
"2022","682144",6,"resources/real_fg_memory_images/fg29.jpg","artificial",NA,NA,NA,NA,NA,NA,NA,NA
"2023","682144",7,"resources/real_fg_memory_images/fg27.jpg","artificial",NA,NA,NA,NA,NA,NA,NA,NA
"2024","682144",8,"resources/real_fg_memory_images/fg19.jpg","artificial",NA,NA,NA,NA,NA,NA,NA,NA
"2025","682144",7,"resources/real_fg_memory_images/fg31.jpg","artificial",NA,NA,NA,NA,NA,NA,NA,NA
"2026","682144",NA,NA,NA,NA,NA,NA,NA,NA,NA,NA,NA
"2027","682144",NA,NA,NA,NA,NA,NA,NA,4,"If something sounds too good to be true, it usually is",NA,NA
"2028","682144",NA,NA,NA,NA,NA,NA,NA,3,"I answer the phone whenever it rings, even if I do not know who is calling",NA,NA
"2029","682144",NA,NA,NA,NA,NA,NA,NA,4,"Persons over the age of 65 are often targeted by con-artists",NA,NA
"2030","682144",NA,NA,NA,NA,NA,NA,NA,4,"If a telemarketer calls me, I usually listen to what they have to say",NA,NA
"2031","682144",NA,NA,NA,NA,NA,NA,NA,2,"I have difficulty ending a phone call, even if the caller is a telemarketer, someone I do not know, or someone I do not wish to call me",NA,NA
"2032","682144",NA,NA,NA,NA,NA,NA,NA,NA,NA,NA,NA
"2033","682144",NA,NA,NA,NA,NA,NA,NA,NA,NA,"[""male_option""]",NA
"2034","682144",NA,NA,NA,NA,NA,NA,NA,NA,NA,NA,70
"2035","682144",NA,NA,NA,NA,NA,NA,NA,NA,NA,NA,NA
"2036","682144",NA,NA,NA,NA,NA,NA,NA,NA,NA,NA,NA
"2037","682144",NA,NA,NA,NA,NA,NA,NA,NA,NA,NA,NA
"2038","682144",NA,NA,NA,NA,NA,NA,NA,NA,NA,NA,NA
"2039","682144",NA,NA,NA,NA,NA,NA,NA,NA,NA,NA,NA
"2040","682144",NA,NA,NA,NA,NA,NA,NA,NA,NA,NA,NA
"2041","682144",NA,NA,NA,NA,NA,NA,NA,NA,NA,NA,NA
"2042","682144",NA,NA,NA,NA,NA,NA,NA,NA,NA,NA,NA
"2043","682144",NA,NA,NA,NA,NA,NA,NA,NA,NA,NA,NA
"2044","682144",NA,NA,NA,NA,NA,NA,NA,NA,NA,NA,NA
"2045","722296",NA,NA,NA,NA,NA,NA,NA,NA,NA,NA,NA
"2046","722296",NA,NA,NA,NA,NA,NA,NA,NA,NA,NA,NA
"2047","722296",NA,NA,NA,NA,NA,NA,NA,NA,NA,NA,NA
"2048","722296",NA,NA,NA,NA,NA,NA,NA,NA,NA,NA,NA
"2049","722296",0,"resources/real_fg_memory_images/orig12.jpg","real",NA,NA,NA,NA,NA,NA,NA,NA
"2050","722296",0,"resources/real_fg_memory_images/fg35.jpg","artificial",NA,NA,NA,NA,NA,NA,NA,NA
"2051","722296",10,"resources/real_fg_memory_images/fg34.jpg","artificial",NA,NA,NA,NA,NA,NA,NA,NA
"2052","722296",1,"resources/real_fg_memory_images/fg25.jpg","artificial",NA,NA,NA,NA,NA,NA,NA,NA
"2053","722296",0,"resources/real_fg_memory_images/orig9.jpg","real",NA,NA,NA,NA,NA,NA,NA,NA
"2054","722296",0,"resources/real_fg_memory_images/orig15.jpg","real",NA,NA,NA,NA,NA,NA,NA,NA
"2055","722296",10,"resources/real_fg_memory_images/orig11.jpg","real",NA,NA,NA,NA,NA,NA,NA,NA
"2056","722296",0,"resources/real_fg_memory_images/fg33.jpg","artificial",NA,NA,NA,NA,NA,NA,NA,NA
"2057","722296",10,"resources/real_fg_memory_images/fg30.jpg","artificial",NA,NA,NA,NA,NA,NA,NA,NA
"2058","722296",0,"resources/real_fg_memory_images/fg22.jpg","artificial",NA,NA,NA,NA,NA,NA,NA,NA
"2059","722296",0,"resources/real_fg_memory_images/orig6.jpg","real",NA,NA,NA,NA,NA,NA,NA,NA
"2060","722296",0,"resources/real_fg_memory_images/fg19.jpg","artificial",NA,NA,NA,NA,NA,NA,NA,NA
"2061","722296",10,"resources/real_fg_memory_images/fg20.jpg","artificial",NA,NA,NA,NA,NA,NA,NA,NA
"2062","722296",10,"resources/real_fg_memory_images/fg28.jpg","artificial",NA,NA,NA,NA,NA,NA,NA,NA
"2063","722296",0,"resources/real_fg_memory_images/fg24.jpg","artificial",NA,NA,NA,NA,NA,NA,NA,NA
"2064","722296",0,"resources/real_fg_memory_images/orig10.jpg","real",NA,NA,NA,NA,NA,NA,NA,NA
"2065","722296",0,"resources/real_fg_memory_images/fg23.jpg","artificial",NA,NA,NA,NA,NA,NA,NA,NA
"2066","722296",10,"resources/real_fg_memory_images/orig16.jpg","real",NA,NA,NA,NA,NA,NA,NA,NA
"2067","722296",0,"resources/real_fg_memory_images/orig7.jpg","real",NA,NA,NA,NA,NA,NA,NA,NA
"2068","722296",10,"resources/real_fg_memory_images/orig2.jpg","real",NA,NA,NA,NA,NA,NA,NA,NA
"2069","722296",0,"resources/real_fg_memory_images/orig1.jpg","real",NA,NA,NA,NA,NA,NA,NA,NA
"2070","722296",10,"resources/real_fg_memory_images/orig17.jpg","real",NA,NA,NA,NA,NA,NA,NA,NA
"2071","722296",10,"resources/real_fg_memory_images/orig3.jpg","real",NA,NA,NA,NA,NA,NA,NA,NA
"2072","722296",10,"resources/real_fg_memory_images/fg26.jpg","artificial",NA,NA,NA,NA,NA,NA,NA,NA
"2073","722296",0,"resources/real_fg_memory_images/fg21.jpg","artificial",NA,NA,NA,NA,NA,NA,NA,NA
"2074","722296",10,"resources/real_fg_memory_images/orig18.jpg","real",NA,NA,NA,NA,NA,NA,NA,NA
"2075","722296",10,"resources/real_fg_memory_images/fg36.jpg","artificial",NA,NA,NA,NA,NA,NA,NA,NA
"2076","722296",0,"resources/real_fg_memory_images/orig8.jpg","real",NA,NA,NA,NA,NA,NA,NA,NA
"2077","722296",0,"resources/real_fg_memory_images/orig14.jpg","real",NA,NA,NA,NA,NA,NA,NA,NA
"2078","722296",0,"resources/real_fg_memory_images/orig5.jpg","real",NA,NA,NA,NA,NA,NA,NA,NA
"2079","722296",0,"resources/real_fg_memory_images/orig13.jpg","real",NA,NA,NA,NA,NA,NA,NA,NA
"2080","722296",10,"resources/real_fg_memory_images/fg32.jpg","artificial",NA,NA,NA,NA,NA,NA,NA,NA
"2081","722296",0,"resources/real_fg_memory_images/fg29.jpg","artificial",NA,NA,NA,NA,NA,NA,NA,NA
"2082","722296",10,"resources/real_fg_memory_images/orig4.jpg","real",NA,NA,NA,NA,NA,NA,NA,NA
"2083","722296",0,"resources/real_fg_memory_images/fg31.jpg","artificial",NA,NA,NA,NA,NA,NA,NA,NA
"2084","722296",0,"resources/real_fg_memory_images/fg27.jpg","artificial",NA,NA,NA,NA,NA,NA,NA,NA
"2085","722296",NA,NA,NA,NA,NA,NA,NA,NA,NA,NA,NA
"2086","722296",NA,"resources/real_fg_memory_images/orig11.jpg",NA,"real","Neutral",NA,NA,NA,NA,NA,NA
"2087","722296",NA,"resources/real_fg_memory_images/orig3.jpg",NA,"real","Scam",NA,NA,NA,NA,NA,NA
"2088","722296",NA,"resources/real_fg_memory_images/orig7.jpg",NA,"real","Neutral",NA,NA,NA,NA,NA,NA
"2089","722296",NA,"resources/real_fg_memory_images/fg24.jpg",NA,"artificial","Scam",NA,NA,NA,NA,NA,NA
"2090","722296",NA,"resources/real_fg_memory_images/orig1.jpg",NA,"real","Scam",NA,NA,NA,NA,NA,NA
"2091","722296",NA,"resources/real_fg_memory_images/fg30.jpg",NA,"artificial","Neutral",NA,NA,NA,NA,NA,NA
"2092","722296",NA,"resources/real_fg_memory_images/fg19.jpg",NA,"artificial","Scam",NA,NA,NA,NA,NA,NA
"2093","722296",NA,"resources/real_fg_memory_images/orig6.jpg",NA,"real","Scam",NA,NA,NA,NA,NA,NA
"2094","722296",NA,"resources/real_fg_memory_images/orig5.jpg",NA,"real","Scam",NA,NA,NA,NA,NA,NA
"2095","722296",NA,"resources/real_fg_memory_images/orig8.jpg",NA,"real","Neutral",NA,NA,NA,NA,NA,NA
"2096","722296",NA,"resources/real_fg_memory_images/fg28.jpg",NA,"artificial","Neutral",NA,NA,NA,NA,NA,NA
"2097","722296",NA,"resources/real_fg_memory_images/fg22.jpg",NA,"artificial","Scam",NA,NA,NA,NA,NA,NA
"2098","722296",NA,"resources/real_fg_memory_images/orig10.jpg",NA,"real","Neutral",NA,NA,NA,NA,NA,NA
"2099","722296",NA,"resources/real_fg_memory_images/fg27.jpg",NA,"artificial","Neutral",NA,NA,NA,NA,NA,NA
"2100","722296",NA,"resources/real_fg_memory_images/fg23.jpg",NA,"artificial","Scam",NA,NA,NA,NA,NA,NA
"2101","722296",NA,"resources/real_fg_memory_images/orig2.jpg",NA,"real","Scam",NA,NA,NA,NA,NA,NA
"2102","722296",NA,"resources/real_fg_memory_images/fg26.jpg",NA,"artificial","Neutral",NA,NA,NA,NA,NA,NA
"2103","722296",NA,"resources/real_fg_memory_images/fg21.jpg",NA,"artificial","Scam",NA,NA,NA,NA,NA,NA
"2104","722296",NA,"resources/real_fg_memory_images/fg29.jpg",NA,"artificial","Neutral",NA,NA,NA,NA,NA,NA
"2105","722296",NA,"resources/real_fg_memory_images/fg25.jpg",NA,"artificial","Neutral",NA,NA,NA,NA,NA,NA
"2106","722296",NA,"resources/real_fg_memory_images/fg20.jpg",NA,"artificial","Scam",NA,NA,NA,NA,NA,NA
"2107","722296",NA,"resources/real_fg_memory_images/orig4.jpg",NA,"real","Scam",NA,NA,NA,NA,NA,NA
"2108","722296",NA,"resources/real_fg_memory_images/orig12.jpg",NA,"real","Neutral",NA,NA,NA,NA,NA,NA
"2109","722296",NA,"resources/real_fg_memory_images/orig9.jpg",NA,"real","Neutral",NA,NA,NA,NA,NA,NA
"2110","722296",NA,NA,NA,NA,NA,NA,NA,NA,NA,NA,NA
"2111","722296",NA,"resources/real_fg_memory_images/orig8.jpg",NA,"real","Neutral","[""neutral_button""]","10",NA,NA,NA,NA
"2112","722296",NA,"resources/real_fg_memory_images/fg22.jpg",NA,"artificial","Scam","[""neutral_button""]","10",NA,NA,NA,NA
"2113","722296",NA,"resources/real_fg_memory_images/fg27.jpg",NA,"artificial","Neutral","[""neutral_button""]","10",NA,NA,NA,NA
"2114","722296",NA,"resources/real_fg_memory_images/orig9.jpg",NA,"real","Neutral","[""scam_button""]","10",NA,NA,NA,NA
"2115","722296",NA,"resources/real_fg_memory_images/fg19.jpg",NA,"artificial","Scam","[""neutral_button""]","10",NA,NA,NA,NA
"2116","722296",NA,"resources/real_fg_memory_images/orig5.jpg",NA,"real","Scam","[""neutral_button""]","10",NA,NA,NA,NA
"2117","722296",NA,"resources/real_fg_memory_images/orig3.jpg",NA,"real","Scam","[""neutral_button""]","10",NA,NA,NA,NA
"2118","722296",NA,"resources/real_fg_memory_images/fg25.jpg",NA,"artificial","Neutral","[""scam_button""]","10",NA,NA,NA,NA
"2119","722296",NA,"resources/real_fg_memory_images/orig4.jpg",NA,"real","Scam","[""scam_button""]","10",NA,NA,NA,NA
"2120","722296",NA,"resources/real_fg_memory_images/orig12.jpg",NA,"real","Neutral","[""neutral_button""]","10",NA,NA,NA,NA
"2121","722296",NA,"resources/real_fg_memory_images/fg20.jpg",NA,"artificial","Scam","[""scam_button""]","10",NA,NA,NA,NA
"2122","722296",NA,"resources/real_fg_memory_images/orig7.jpg",NA,"real","Neutral","[""neutral_button""]","10",NA,NA,NA,NA
"2123","722296",NA,"resources/real_fg_memory_images/fg29.jpg",NA,"artificial","Neutral","[""neutral_button""]","10",NA,NA,NA,NA
"2124","722296",NA,"resources/real_fg_memory_images/fg24.jpg",NA,"artificial","Scam","[""neutral_button""]","10",NA,NA,NA,NA
"2125","722296",NA,"resources/real_fg_memory_images/orig1.jpg",NA,"real","Scam","[""scam_button""]","10",NA,NA,NA,NA
"2126","722296",NA,"resources/real_fg_memory_images/orig6.jpg",NA,"real","Scam","[""scam_button""]","10",NA,NA,NA,NA
"2127","722296",NA,"resources/real_fg_memory_images/fg26.jpg",NA,"artificial","Neutral","[""neutral_button""]","10",NA,NA,NA,NA
"2128","722296",NA,"resources/real_fg_memory_images/fg30.jpg",NA,"artificial","Neutral","[""neutral_button""]","10",NA,NA,NA,NA
"2129","722296",NA,"resources/real_fg_memory_images/fg21.jpg",NA,"artificial","Scam","[""scam_button""]","10",NA,NA,NA,NA
"2130","722296",NA,"resources/real_fg_memory_images/orig2.jpg",NA,"real","Scam","[""neutral_button""]","10",NA,NA,NA,NA
"2131","722296",NA,"resources/real_fg_memory_images/fg28.jpg",NA,"artificial","Neutral","[""neutral_button""]","10",NA,NA,NA,NA
"2132","722296",NA,"resources/real_fg_memory_images/orig10.jpg",NA,"real","Neutral","[""scam_button""]","10",NA,NA,NA,NA
"2133","722296",NA,"resources/real_fg_memory_images/orig11.jpg",NA,"real","Neutral","[""scam_button""]","10",NA,NA,NA,NA
"2134","722296",NA,"resources/real_fg_memory_images/fg23.jpg",NA,"artificial","Scam","[""neutral_button""]","10",NA,NA,NA,NA
"2135","722296",NA,NA,NA,NA,NA,NA,NA,NA,NA,NA,NA
"2136","722296",10,"resources/real_fg_memory_images/fg34.jpg","artificial",NA,NA,NA,NA,NA,NA,NA,NA
"2137","722296",0,"resources/real_fg_memory_images/orig2.jpg","real",NA,NA,NA,NA,NA,NA,NA,NA
"2138","722296",10,"resources/real_fg_memory_images/fg24.jpg","artificial",NA,NA,NA,NA,NA,NA,NA,NA
"2139","722296",0,"resources/real_fg_memory_images/orig3.jpg","real",NA,NA,NA,NA,NA,NA,NA,NA
"2140","722296",0,"resources/real_fg_memory_images/orig12.jpg","real",NA,NA,NA,NA,NA,NA,NA,NA
"2141","722296",10,"resources/real_fg_memory_images/fg19.jpg","artificial",NA,NA,NA,NA,NA,NA,NA,NA
"2142","722296",10,"resources/real_fg_memory_images/fg28.jpg","artificial",NA,NA,NA,NA,NA,NA,NA,NA
"2143","722296",0,"resources/real_fg_memory_images/orig8.jpg","real",NA,NA,NA,NA,NA,NA,NA,NA
"2144","722296",10,"resources/real_fg_memory_images/orig4.jpg","real",NA,NA,NA,NA,NA,NA,NA,NA
"2145","722296",10,"resources/real_fg_memory_images/orig13.jpg","real",NA,NA,NA,NA,NA,NA,NA,NA
"2146","722296",10,"resources/real_fg_memory_images/orig7.jpg","real",NA,NA,NA,NA,NA,NA,NA,NA
"2147","722296",10,"resources/real_fg_memory_images/orig9.jpg","real",NA,NA,NA,NA,NA,NA,NA,NA
"2148","722296",0,"resources/real_fg_memory_images/fg25.jpg","artificial",NA,NA,NA,NA,NA,NA,NA,NA
"2149","722296",0,"resources/real_fg_memory_images/orig17.jpg","real",NA,NA,NA,NA,NA,NA,NA,NA
"2150","722296",10,"resources/real_fg_memory_images/orig16.jpg","real",NA,NA,NA,NA,NA,NA,NA,NA
"2151","722296",0,"resources/real_fg_memory_images/orig5.jpg","real",NA,NA,NA,NA,NA,NA,NA,NA
"2152","722296",0,"resources/real_fg_memory_images/orig18.jpg","real",NA,NA,NA,NA,NA,NA,NA,NA
"2153","722296",0,"resources/real_fg_memory_images/fg35.jpg","artificial",NA,NA,NA,NA,NA,NA,NA,NA
"2154","722296",0,"resources/real_fg_memory_images/fg26.jpg","artificial",NA,NA,NA,NA,NA,NA,NA,NA
"2155","722296",10,"resources/real_fg_memory_images/orig11.jpg","real",NA,NA,NA,NA,NA,NA,NA,NA
"2156","722296",10,"resources/real_fg_memory_images/orig6.jpg","real",NA,NA,NA,NA,NA,NA,NA,NA
"2157","722296",10,"resources/real_fg_memory_images/fg36.jpg","artificial",NA,NA,NA,NA,NA,NA,NA,NA
"2158","722296",0,"resources/real_fg_memory_images/fg31.jpg","artificial",NA,NA,NA,NA,NA,NA,NA,NA
"2159","722296",0,"resources/real_fg_memory_images/fg20.jpg","artificial",NA,NA,NA,NA,NA,NA,NA,NA
"2160","722296",0,"resources/real_fg_memory_images/fg29.jpg","artificial",NA,NA,NA,NA,NA,NA,NA,NA
"2161","722296",10,"resources/real_fg_memory_images/fg32.jpg","artificial",NA,NA,NA,NA,NA,NA,NA,NA
"2162","722296",0,"resources/real_fg_memory_images/fg33.jpg","artificial",NA,NA,NA,NA,NA,NA,NA,NA
"2163","722296",0,"resources/real_fg_memory_images/orig1.jpg","real",NA,NA,NA,NA,NA,NA,NA,NA
"2164","722296",0,"resources/real_fg_memory_images/orig14.jpg","real",NA,NA,NA,NA,NA,NA,NA,NA
"2165","722296",0,"resources/real_fg_memory_images/fg23.jpg","artificial",NA,NA,NA,NA,NA,NA,NA,NA
"2166","722296",0,"resources/real_fg_memory_images/orig10.jpg","real",NA,NA,NA,NA,NA,NA,NA,NA
"2167","722296",10,"resources/real_fg_memory_images/fg21.jpg","artificial",NA,NA,NA,NA,NA,NA,NA,NA
"2168","722296",10,"resources/real_fg_memory_images/fg30.jpg","artificial",NA,NA,NA,NA,NA,NA,NA,NA
"2169","722296",10,"resources/real_fg_memory_images/fg22.jpg","artificial",NA,NA,NA,NA,NA,NA,NA,NA
"2170","722296",10,"resources/real_fg_memory_images/orig15.jpg","real",NA,NA,NA,NA,NA,NA,NA,NA
"2171","722296",0,"resources/real_fg_memory_images/fg27.jpg","artificial",NA,NA,NA,NA,NA,NA,NA,NA
"2172","722296",NA,NA,NA,NA,NA,NA,NA,NA,NA,NA,NA
"2173","722296",NA,NA,NA,NA,NA,NA,NA,3,"I answer the phone whenever it rings, even if I do not know who is calling",NA,NA
"2174","722296",NA,NA,NA,NA,NA,NA,NA,2,"If a telemarketer calls me, I usually listen to what they have to say",NA,NA
"2175","722296",NA,NA,NA,NA,NA,NA,NA,5,"If something sounds too good to be true, it usually is",NA,NA
"2176","722296",NA,NA,NA,NA,NA,NA,NA,5,"Persons over the age of 65 are often targeted by con-artists",NA,NA
"2177","722296",NA,NA,NA,NA,NA,NA,NA,1,"I have difficulty ending a phone call, even if the caller is a telemarketer, someone I do not know, or someone I do not wish to call me",NA,NA
"2178","722296",NA,NA,NA,NA,NA,NA,NA,NA,NA,NA,NA
"2179","722296",NA,NA,NA,NA,NA,NA,NA,NA,NA,"[""female_option""]",NA
"2180","722296",NA,NA,NA,NA,NA,NA,NA,NA,NA,NA,66
"2181","722296",NA,NA,NA,NA,NA,NA,NA,NA,NA,NA,NA
"2182","722296",NA,NA,NA,NA,NA,NA,NA,NA,NA,NA,NA
"2183","722296",NA,NA,NA,NA,NA,NA,NA,NA,NA,NA,NA
"2184","722296",NA,NA,NA,NA,NA,NA,NA,NA,NA,NA,NA
"2185","722296",NA,NA,NA,NA,NA,NA,NA,NA,NA,NA,NA
"2186","722296",NA,NA,NA,NA,NA,NA,NA,NA,NA,NA,NA
"2187","722296",NA,NA,NA,NA,NA,NA,NA,NA,NA,NA,NA
"2188","722296",NA,NA,NA,NA,NA,NA,NA,NA,NA,NA,NA
"2189","722296",NA,NA,NA,NA,NA,NA,NA,NA,NA,NA,NA
"2190","722296",NA,NA,NA,NA,NA,NA,NA,NA,NA,NA,NA
"2191","735788",NA,NA,NA,NA,NA,NA,NA,NA,NA,NA,NA
"2192","735788",NA,NA,NA,NA,NA,NA,NA,NA,NA,NA,NA
"2193","735788",NA,NA,NA,NA,NA,NA,NA,NA,NA,NA,NA
"2194","735788",NA,NA,NA,NA,NA,NA,NA,NA,NA,NA,NA
"2195","735788",7,"resources/real_fg_memory_images/fg22.jpg","artificial",NA,NA,NA,NA,NA,NA,NA,NA
"2196","735788",4,"resources/real_fg_memory_images/fg27.jpg","artificial",NA,NA,NA,NA,NA,NA,NA,NA
"2197","735788",1,"resources/real_fg_memory_images/orig1.jpg","real",NA,NA,NA,NA,NA,NA,NA,NA
"2198","735788",3,"resources/real_fg_memory_images/orig12.jpg","real",NA,NA,NA,NA,NA,NA,NA,NA
"2199","735788",5,"resources/real_fg_memory_images/fg25.jpg","artificial",NA,NA,NA,NA,NA,NA,NA,NA
"2200","735788",5,"resources/real_fg_memory_images/fg19.jpg","artificial",NA,NA,NA,NA,NA,NA,NA,NA
"2201","735788",4,"resources/real_fg_memory_images/fg31.jpg","artificial",NA,NA,NA,NA,NA,NA,NA,NA
"2202","735788",6,"resources/real_fg_memory_images/fg33.jpg","artificial",NA,NA,NA,NA,NA,NA,NA,NA
"2203","735788",6,"resources/real_fg_memory_images/orig11.jpg","real",NA,NA,NA,NA,NA,NA,NA,NA
"2204","735788",6,"resources/real_fg_memory_images/fg28.jpg","artificial",NA,NA,NA,NA,NA,NA,NA,NA
"2205","735788",3,"resources/real_fg_memory_images/fg21.jpg","artificial",NA,NA,NA,NA,NA,NA,NA,NA
"2206","735788",6,"resources/real_fg_memory_images/orig16.jpg","real",NA,NA,NA,NA,NA,NA,NA,NA
"2207","735788",6,"resources/real_fg_memory_images/orig10.jpg","real",NA,NA,NA,NA,NA,NA,NA,NA
"2208","735788",4,"resources/real_fg_memory_images/fg32.jpg","artificial",NA,NA,NA,NA,NA,NA,NA,NA
"2209","735788",3,"resources/real_fg_memory_images/fg24.jpg","artificial",NA,NA,NA,NA,NA,NA,NA,NA
"2210","735788",6,"resources/real_fg_memory_images/orig15.jpg","real",NA,NA,NA,NA,NA,NA,NA,NA
"2211","735788",4,"resources/real_fg_memory_images/orig7.jpg","real",NA,NA,NA,NA,NA,NA,NA,NA
"2212","735788",6,"resources/real_fg_memory_images/fg35.jpg","artificial",NA,NA,NA,NA,NA,NA,NA,NA
"2213","735788",5,"resources/real_fg_memory_images/fg26.jpg","artificial",NA,NA,NA,NA,NA,NA,NA,NA
"2214","735788",1,"resources/real_fg_memory_images/orig5.jpg","real",NA,NA,NA,NA,NA,NA,NA,NA
"2215","735788",3,"resources/real_fg_memory_images/fg20.jpg","artificial",NA,NA,NA,NA,NA,NA,NA,NA
"2216","735788",2,"resources/real_fg_memory_images/orig13.jpg","real",NA,NA,NA,NA,NA,NA,NA,NA
"2217","735788",5,"resources/real_fg_memory_images/orig2.jpg","real",NA,NA,NA,NA,NA,NA,NA,NA
"2218","735788",7,"resources/real_fg_memory_images/fg30.jpg","artificial",NA,NA,NA,NA,NA,NA,NA,NA
"2219","735788",6,"resources/real_fg_memory_images/fg34.jpg","artificial",NA,NA,NA,NA,NA,NA,NA,NA
"2220","735788",5,"resources/real_fg_memory_images/orig6.jpg","real",NA,NA,NA,NA,NA,NA,NA,NA
"2221","735788",5,"resources/real_fg_memory_images/orig17.jpg","real",NA,NA,NA,NA,NA,NA,NA,NA
"2222","735788",4,"resources/real_fg_memory_images/orig8.jpg","real",NA,NA,NA,NA,NA,NA,NA,NA
"2223","735788",7,"resources/real_fg_memory_images/orig18.jpg","real",NA,NA,NA,NA,NA,NA,NA,NA
"2224","735788",4,"resources/real_fg_memory_images/orig9.jpg","real",NA,NA,NA,NA,NA,NA,NA,NA
"2225","735788",4,"resources/real_fg_memory_images/fg23.jpg","artificial",NA,NA,NA,NA,NA,NA,NA,NA
"2226","735788",4,"resources/real_fg_memory_images/orig3.jpg","real",NA,NA,NA,NA,NA,NA,NA,NA
"2227","735788",6,"resources/real_fg_memory_images/orig4.jpg","real",NA,NA,NA,NA,NA,NA,NA,NA
"2228","735788",6,"resources/real_fg_memory_images/fg36.jpg","artificial",NA,NA,NA,NA,NA,NA,NA,NA
"2229","735788",2,"resources/real_fg_memory_images/orig14.jpg","real",NA,NA,NA,NA,NA,NA,NA,NA
"2230","735788",3,"resources/real_fg_memory_images/fg29.jpg","artificial",NA,NA,NA,NA,NA,NA,NA,NA
"2231","735788",NA,NA,NA,NA,NA,NA,NA,NA,NA,NA,NA
"2232","735788",NA,"resources/real_fg_memory_images/fg21.jpg",NA,"artificial","Scam",NA,NA,NA,NA,NA,NA
"2233","735788",NA,"resources/real_fg_memory_images/fg19.jpg",NA,"artificial","Scam",NA,NA,NA,NA,NA,NA
"2234","735788",NA,"resources/real_fg_memory_images/orig6.jpg",NA,"real","Scam",NA,NA,NA,NA,NA,NA
"2235","735788",NA,"resources/real_fg_memory_images/fg30.jpg",NA,"artificial","Neutral",NA,NA,NA,NA,NA,NA
"2236","735788",NA,"resources/real_fg_memory_images/orig7.jpg",NA,"real","Neutral",NA,NA,NA,NA,NA,NA
"2237","735788",NA,"resources/real_fg_memory_images/orig8.jpg",NA,"real","Neutral",NA,NA,NA,NA,NA,NA
"2238","735788",NA,"resources/real_fg_memory_images/fg22.jpg",NA,"artificial","Scam",NA,NA,NA,NA,NA,NA
"2239","735788",NA,"resources/real_fg_memory_images/orig1.jpg",NA,"real","Scam",NA,NA,NA,NA,NA,NA
"2240","735788",NA,"resources/real_fg_memory_images/fg23.jpg",NA,"artificial","Scam",NA,NA,NA,NA,NA,NA
"2241","735788",NA,"resources/real_fg_memory_images/orig12.jpg",NA,"real","Neutral",NA,NA,NA,NA,NA,NA
"2242","735788",NA,"resources/real_fg_memory_images/fg25.jpg",NA,"artificial","Neutral",NA,NA,NA,NA,NA,NA
"2243","735788",NA,"resources/real_fg_memory_images/fg29.jpg",NA,"artificial","Neutral",NA,NA,NA,NA,NA,NA
"2244","735788",NA,"resources/real_fg_memory_images/orig3.jpg",NA,"real","Scam",NA,NA,NA,NA,NA,NA
"2245","735788",NA,"resources/real_fg_memory_images/fg26.jpg",NA,"artificial","Neutral",NA,NA,NA,NA,NA,NA
"2246","735788",NA,"resources/real_fg_memory_images/orig4.jpg",NA,"real","Scam",NA,NA,NA,NA,NA,NA
"2247","735788",NA,"resources/real_fg_memory_images/orig10.jpg",NA,"real","Neutral",NA,NA,NA,NA,NA,NA
"2248","735788",NA,"resources/real_fg_memory_images/fg24.jpg",NA,"artificial","Scam",NA,NA,NA,NA,NA,NA
"2249","735788",NA,"resources/real_fg_memory_images/fg20.jpg",NA,"artificial","Scam",NA,NA,NA,NA,NA,NA
"2250","735788",NA,"resources/real_fg_memory_images/orig9.jpg",NA,"real","Neutral",NA,NA,NA,NA,NA,NA
"2251","735788",NA,"resources/real_fg_memory_images/orig2.jpg",NA,"real","Scam",NA,NA,NA,NA,NA,NA
"2252","735788",NA,"resources/real_fg_memory_images/orig11.jpg",NA,"real","Neutral",NA,NA,NA,NA,NA,NA
"2253","735788",NA,"resources/real_fg_memory_images/orig5.jpg",NA,"real","Scam",NA,NA,NA,NA,NA,NA
"2254","735788",NA,"resources/real_fg_memory_images/fg27.jpg",NA,"artificial","Neutral",NA,NA,NA,NA,NA,NA
"2255","735788",NA,"resources/real_fg_memory_images/fg28.jpg",NA,"artificial","Neutral",NA,NA,NA,NA,NA,NA
"2256","735788",NA,NA,NA,NA,NA,NA,NA,NA,NA,NA,NA
"2257","735788",NA,"resources/real_fg_memory_images/orig5.jpg",NA,"real","Scam","[""scam_button""]","7",NA,NA,NA,NA
"2258","735788",NA,"resources/real_fg_memory_images/fg28.jpg",NA,"artificial","Neutral","[""scam_button""]","7",NA,NA,NA,NA
"2259","735788",NA,"resources/real_fg_memory_images/fg22.jpg",NA,"artificial","Scam","[""scam_button""]","7",NA,NA,NA,NA
"2260","735788",NA,"resources/real_fg_memory_images/orig8.jpg",NA,"real","Neutral","[""neutral_button""]","7",NA,NA,NA,NA
"2261","735788",NA,"resources/real_fg_memory_images/fg21.jpg",NA,"artificial","Scam","[""scam_button""]","4",NA,NA,NA,NA
"2262","735788",NA,"resources/real_fg_memory_images/orig10.jpg",NA,"real","Neutral","[""neutral_button""]","4",NA,NA,NA,NA
"2263","735788",NA,"resources/real_fg_memory_images/fg23.jpg",NA,"artificial","Scam","[""neutral_button""]","3",NA,NA,NA,NA
"2264","735788",NA,"resources/real_fg_memory_images/fg30.jpg",NA,"artificial","Neutral","[""neutral_button""]","9",NA,NA,NA,NA
"2265","735788",NA,"resources/real_fg_memory_images/fg29.jpg",NA,"artificial","Neutral","[""neutral_button""]","8",NA,NA,NA,NA
"2266","735788",NA,"resources/real_fg_memory_images/fg19.jpg",NA,"artificial","Scam","[""scam_button""]","3",NA,NA,NA,NA
"2267","735788",NA,"resources/real_fg_memory_images/orig2.jpg",NA,"real","Scam","[""scam_button""]","5",NA,NA,NA,NA
"2268","735788",NA,"resources/real_fg_memory_images/orig7.jpg",NA,"real","Neutral","[""neutral_button""]","2",NA,NA,NA,NA
"2269","735788",NA,"resources/real_fg_memory_images/orig11.jpg",NA,"real","Neutral","[""neutral_button""]","5",NA,NA,NA,NA
"2270","735788",NA,"resources/real_fg_memory_images/orig6.jpg",NA,"real","Scam","[""neutral_button""]","2",NA,NA,NA,NA
"2271","735788",NA,"resources/real_fg_memory_images/fg27.jpg",NA,"artificial","Neutral","[""neutral_button""]","1",NA,NA,NA,NA
"2272","735788",NA,"resources/real_fg_memory_images/fg24.jpg",NA,"artificial","Scam","[""scam_button""]","4",NA,NA,NA,NA
"2273","735788",NA,"resources/real_fg_memory_images/fg26.jpg",NA,"artificial","Neutral","[""neutral_button""]","6",NA,NA,NA,NA
"2274","735788",NA,"resources/real_fg_memory_images/orig9.jpg",NA,"real","Neutral","[""neutral_button""]","5",NA,NA,NA,NA
"2275","735788",NA,"resources/real_fg_memory_images/orig4.jpg",NA,"real","Scam","[""scam_button""]","3",NA,NA,NA,NA
"2276","735788",NA,"resources/real_fg_memory_images/orig3.jpg",NA,"real","Scam","[""scam_button""]","9",NA,NA,NA,NA
"2277","735788",NA,"resources/real_fg_memory_images/fg25.jpg",NA,"artificial","Neutral","[""scam_button""]","3",NA,NA,NA,NA
"2278","735788",NA,"resources/real_fg_memory_images/orig12.jpg",NA,"real","Neutral","[""scam_button""]","5",NA,NA,NA,NA
"2279","735788",NA,"resources/real_fg_memory_images/fg20.jpg",NA,"artificial","Scam","[""scam_button""]","8",NA,NA,NA,NA
"2280","735788",NA,"resources/real_fg_memory_images/orig1.jpg",NA,"real","Scam","[""neutral_button""]","7",NA,NA,NA,NA
"2281","735788",NA,NA,NA,NA,NA,NA,NA,NA,NA,NA,NA
"2282","735788",7,"resources/real_fg_memory_images/fg34.jpg","artificial",NA,NA,NA,NA,NA,NA,NA,NA
"2283","735788",6,"resources/real_fg_memory_images/orig7.jpg","real",NA,NA,NA,NA,NA,NA,NA,NA
"2284","735788",4,"resources/real_fg_memory_images/fg30.jpg","artificial",NA,NA,NA,NA,NA,NA,NA,NA
"2285","735788",4,"resources/real_fg_memory_images/orig10.jpg","real",NA,NA,NA,NA,NA,NA,NA,NA
"2286","735788",6,"resources/real_fg_memory_images/fg29.jpg","artificial",NA,NA,NA,NA,NA,NA,NA,NA
"2287","735788",3,"resources/real_fg_memory_images/fg28.jpg","artificial",NA,NA,NA,NA,NA,NA,NA,NA
"2288","735788",7,"resources/real_fg_memory_images/orig1.jpg","real",NA,NA,NA,NA,NA,NA,NA,NA
"2289","735788",6,"resources/real_fg_memory_images/orig15.jpg","real",NA,NA,NA,NA,NA,NA,NA,NA
"2290","735788",4,"resources/real_fg_memory_images/fg21.jpg","artificial",NA,NA,NA,NA,NA,NA,NA,NA
"2291","735788",7,"resources/real_fg_memory_images/orig11.jpg","real",NA,NA,NA,NA,NA,NA,NA,NA
"2292","735788",6,"resources/real_fg_memory_images/orig18.jpg","real",NA,NA,NA,NA,NA,NA,NA,NA
"2293","735788",3,"resources/real_fg_memory_images/fg31.jpg","artificial",NA,NA,NA,NA,NA,NA,NA,NA
"2294","735788",2,"resources/real_fg_memory_images/orig3.jpg","real",NA,NA,NA,NA,NA,NA,NA,NA
"2295","735788",7,"resources/real_fg_memory_images/orig8.jpg","real",NA,NA,NA,NA,NA,NA,NA,NA
"2296","735788",7,"resources/real_fg_memory_images/orig17.jpg","real",NA,NA,NA,NA,NA,NA,NA,NA
"2297","735788",3,"resources/real_fg_memory_images/fg33.jpg","artificial",NA,NA,NA,NA,NA,NA,NA,NA
"2298","735788",2,"resources/real_fg_memory_images/fg25.jpg","artificial",NA,NA,NA,NA,NA,NA,NA,NA
"2299","735788",3,"resources/real_fg_memory_images/orig5.jpg","real",NA,NA,NA,NA,NA,NA,NA,NA
"2300","735788",7,"resources/real_fg_memory_images/orig16.jpg","real",NA,NA,NA,NA,NA,NA,NA,NA
"2301","735788",5,"resources/real_fg_memory_images/fg23.jpg","artificial",NA,NA,NA,NA,NA,NA,NA,NA
"2302","735788",4,"resources/real_fg_memory_images/fg36.jpg","artificial",NA,NA,NA,NA,NA,NA,NA,NA
"2303","735788",8,"resources/real_fg_memory_images/fg32.jpg","artificial",NA,NA,NA,NA,NA,NA,NA,NA
"2304","735788",1,"resources/real_fg_memory_images/fg20.jpg","artificial",NA,NA,NA,NA,NA,NA,NA,NA
"2305","735788",1,"resources/real_fg_memory_images/fg22.jpg","artificial",NA,NA,NA,NA,NA,NA,NA,NA
"2306","735788",3,"resources/real_fg_memory_images/orig2.jpg","real",NA,NA,NA,NA,NA,NA,NA,NA
"2307","735788",5,"resources/real_fg_memory_images/fg26.jpg","artificial",NA,NA,NA,NA,NA,NA,NA,NA
"2308","735788",4,"resources/real_fg_memory_images/fg19.jpg","artificial",NA,NA,NA,NA,NA,NA,NA,NA
"2309","735788",3,"resources/real_fg_memory_images/fg24.jpg","artificial",NA,NA,NA,NA,NA,NA,NA,NA
"2310","735788",2,"resources/real_fg_memory_images/orig14.jpg","real",NA,NA,NA,NA,NA,NA,NA,NA
"2311","735788",2,"resources/real_fg_memory_images/orig6.jpg","real",NA,NA,NA,NA,NA,NA,NA,NA
"2312","735788",4,"resources/real_fg_memory_images/orig9.jpg","real",NA,NA,NA,NA,NA,NA,NA,NA
"2313","735788",3,"resources/real_fg_memory_images/orig4.jpg","real",NA,NA,NA,NA,NA,NA,NA,NA
"2314","735788",6,"resources/real_fg_memory_images/orig12.jpg","real",NA,NA,NA,NA,NA,NA,NA,NA
"2315","735788",2,"resources/real_fg_memory_images/orig13.jpg","real",NA,NA,NA,NA,NA,NA,NA,NA
"2316","735788",2,"resources/real_fg_memory_images/fg27.jpg","artificial",NA,NA,NA,NA,NA,NA,NA,NA
"2317","735788",4,"resources/real_fg_memory_images/fg35.jpg","artificial",NA,NA,NA,NA,NA,NA,NA,NA
"2318","735788",NA,NA,NA,NA,NA,NA,NA,NA,NA,NA,NA
"2319","735788",NA,NA,NA,NA,NA,NA,NA,1,"I answer the phone whenever it rings, even if I do not know who is calling",NA,NA
"2320","735788",NA,NA,NA,NA,NA,NA,NA,4,"If something sounds too good to be true, it usually is",NA,NA
"2321","735788",NA,NA,NA,NA,NA,NA,NA,5,"Persons over the age of 65 are often targeted by con-artists",NA,NA
"2322","735788",NA,NA,NA,NA,NA,NA,NA,1,"If a telemarketer calls me, I usually listen to what they have to say",NA,NA
"2323","735788",NA,NA,NA,NA,NA,NA,NA,1,"I have difficulty ending a phone call, even if the caller is a telemarketer, someone I do not know, or someone I do not wish to call me",NA,NA
"2324","735788",NA,NA,NA,NA,NA,NA,NA,NA,NA,NA,NA
"2325","735788",NA,NA,NA,NA,NA,NA,NA,NA,NA,"[""female_option""]",NA
"2326","735788",NA,NA,NA,NA,NA,NA,NA,NA,NA,NA,69
"2327","735788",NA,NA,NA,NA,NA,NA,NA,NA,NA,NA,NA
"2328","735788",NA,NA,NA,NA,NA,NA,NA,NA,NA,NA,NA
"2329","735788",NA,NA,NA,NA,NA,NA,NA,NA,NA,NA,NA
"2330","735788",NA,NA,NA,NA,NA,NA,NA,NA,NA,NA,NA
"2331","735788",NA,NA,NA,NA,NA,NA,NA,NA,NA,NA,NA
"2332","735788",NA,NA,NA,NA,NA,NA,NA,NA,NA,NA,NA
"2333","735788",NA,NA,NA,NA,NA,NA,NA,NA,NA,NA,NA
"2334","735788",NA,NA,NA,NA,NA,NA,NA,NA,NA,NA,NA
"2335","735788",NA,NA,NA,NA,NA,NA,NA,NA,NA,NA,NA
"2336","735788",NA,NA,NA,NA,NA,NA,NA,NA,NA,NA,NA
"2337","773358",NA,NA,NA,NA,NA,NA,NA,NA,NA,NA,NA
"2338","773358",NA,NA,NA,NA,NA,NA,NA,NA,NA,NA,NA
"2339","773358",NA,NA,NA,NA,NA,NA,NA,NA,NA,NA,NA
"2340","773358",NA,NA,NA,NA,NA,NA,NA,NA,NA,NA,NA
"2341","773358",2,"resources/real_fg_memory_images/orig3.jpg","real",NA,NA,NA,NA,NA,NA,NA,NA
"2342","773358",5,"resources/real_fg_memory_images/fg21.jpg","artificial",NA,NA,NA,NA,NA,NA,NA,NA
"2343","773358",5,"resources/real_fg_memory_images/orig15.jpg","real",NA,NA,NA,NA,NA,NA,NA,NA
"2344","773358",7,"resources/real_fg_memory_images/orig6.jpg","real",NA,NA,NA,NA,NA,NA,NA,NA
"2345","773358",3,"resources/real_fg_memory_images/fg19.jpg","artificial",NA,NA,NA,NA,NA,NA,NA,NA
"2346","773358",2,"resources/real_fg_memory_images/orig1.jpg","real",NA,NA,NA,NA,NA,NA,NA,NA
"2347","773358",4,"resources/real_fg_memory_images/fg23.jpg","artificial",NA,NA,NA,NA,NA,NA,NA,NA
"2348","773358",6,"resources/real_fg_memory_images/fg22.jpg","artificial",NA,NA,NA,NA,NA,NA,NA,NA
"2349","773358",5,"resources/real_fg_memory_images/fg29.jpg","artificial",NA,NA,NA,NA,NA,NA,NA,NA
"2350","773358",6,"resources/real_fg_memory_images/orig11.jpg","real",NA,NA,NA,NA,NA,NA,NA,NA
"2351","773358",4,"resources/real_fg_memory_images/orig8.jpg","real",NA,NA,NA,NA,NA,NA,NA,NA
"2352","773358",4,"resources/real_fg_memory_images/fg28.jpg","artificial",NA,NA,NA,NA,NA,NA,NA,NA
"2353","773358",3,"resources/real_fg_memory_images/fg35.jpg","artificial",NA,NA,NA,NA,NA,NA,NA,NA
"2354","773358",4,"resources/real_fg_memory_images/orig5.jpg","real",NA,NA,NA,NA,NA,NA,NA,NA
"2355","773358",7,"resources/real_fg_memory_images/fg30.jpg","artificial",NA,NA,NA,NA,NA,NA,NA,NA
"2356","773358",5,"resources/real_fg_memory_images/fg34.jpg","artificial",NA,NA,NA,NA,NA,NA,NA,NA
"2357","773358",4,"resources/real_fg_memory_images/fg26.jpg","artificial",NA,NA,NA,NA,NA,NA,NA,NA
"2358","773358",3,"resources/real_fg_memory_images/orig17.jpg","real",NA,NA,NA,NA,NA,NA,NA,NA
"2359","773358",3,"resources/real_fg_memory_images/fg27.jpg","artificial",NA,NA,NA,NA,NA,NA,NA,NA
"2360","773358",3,"resources/real_fg_memory_images/orig4.jpg","real",NA,NA,NA,NA,NA,NA,NA,NA
"2361","773358",2,"resources/real_fg_memory_images/fg20.jpg","artificial",NA,NA,NA,NA,NA,NA,NA,NA
"2362","773358",6,"resources/real_fg_memory_images/orig16.jpg","real",NA,NA,NA,NA,NA,NA,NA,NA
"2363","773358",4,"resources/real_fg_memory_images/fg25.jpg","artificial",NA,NA,NA,NA,NA,NA,NA,NA
"2364","773358",3,"resources/real_fg_memory_images/orig7.jpg","real",NA,NA,NA,NA,NA,NA,NA,NA
"2365","773358",5,"resources/real_fg_memory_images/orig12.jpg","real",NA,NA,NA,NA,NA,NA,NA,NA
"2366","773358",3,"resources/real_fg_memory_images/orig9.jpg","real",NA,NA,NA,NA,NA,NA,NA,NA
"2367","773358",5,"resources/real_fg_memory_images/fg33.jpg","artificial",NA,NA,NA,NA,NA,NA,NA,NA
"2368","773358",3,"resources/real_fg_memory_images/orig10.jpg","real",NA,NA,NA,NA,NA,NA,NA,NA
"2369","773358",4,"resources/real_fg_memory_images/orig14.jpg","real",NA,NA,NA,NA,NA,NA,NA,NA
"2370","773358",4,"resources/real_fg_memory_images/fg36.jpg","artificial",NA,NA,NA,NA,NA,NA,NA,NA
"2371","773358",7,"resources/real_fg_memory_images/orig2.jpg","real",NA,NA,NA,NA,NA,NA,NA,NA
"2372","773358",6,"resources/real_fg_memory_images/fg24.jpg","artificial",NA,NA,NA,NA,NA,NA,NA,NA
"2373","773358",4,"resources/real_fg_memory_images/fg31.jpg","artificial",NA,NA,NA,NA,NA,NA,NA,NA
"2374","773358",4,"resources/real_fg_memory_images/fg32.jpg","artificial",NA,NA,NA,NA,NA,NA,NA,NA
"2375","773358",3,"resources/real_fg_memory_images/orig18.jpg","real",NA,NA,NA,NA,NA,NA,NA,NA
"2376","773358",5,"resources/real_fg_memory_images/orig13.jpg","real",NA,NA,NA,NA,NA,NA,NA,NA
"2377","773358",NA,NA,NA,NA,NA,NA,NA,NA,NA,NA,NA
"2378","773358",NA,"resources/real_fg_memory_images/fg20.jpg",NA,"artificial","Scam",NA,NA,NA,NA,NA,NA
"2379","773358",NA,"resources/real_fg_memory_images/fg21.jpg",NA,"artificial","Scam",NA,NA,NA,NA,NA,NA
"2380","773358",NA,"resources/real_fg_memory_images/orig9.jpg",NA,"real","Neutral",NA,NA,NA,NA,NA,NA
"2381","773358",NA,"resources/real_fg_memory_images/fg25.jpg",NA,"artificial","Neutral",NA,NA,NA,NA,NA,NA
"2382","773358",NA,"resources/real_fg_memory_images/fg28.jpg",NA,"artificial","Neutral",NA,NA,NA,NA,NA,NA
"2383","773358",NA,"resources/real_fg_memory_images/orig10.jpg",NA,"real","Neutral",NA,NA,NA,NA,NA,NA
"2384","773358",NA,"resources/real_fg_memory_images/orig6.jpg",NA,"real","Scam",NA,NA,NA,NA,NA,NA
"2385","773358",NA,"resources/real_fg_memory_images/orig12.jpg",NA,"real","Neutral",NA,NA,NA,NA,NA,NA
"2386","773358",NA,"resources/real_fg_memory_images/fg29.jpg",NA,"artificial","Neutral",NA,NA,NA,NA,NA,NA
"2387","773358",NA,"resources/real_fg_memory_images/fg30.jpg",NA,"artificial","Neutral",NA,NA,NA,NA,NA,NA
"2388","773358",NA,"resources/real_fg_memory_images/fg24.jpg",NA,"artificial","Scam",NA,NA,NA,NA,NA,NA
"2389","773358",NA,"resources/real_fg_memory_images/orig1.jpg",NA,"real","Scam",NA,NA,NA,NA,NA,NA
"2390","773358",NA,"resources/real_fg_memory_images/orig7.jpg",NA,"real","Neutral",NA,NA,NA,NA,NA,NA
"2391","773358",NA,"resources/real_fg_memory_images/fg23.jpg",NA,"artificial","Scam",NA,NA,NA,NA,NA,NA
"2392","773358",NA,"resources/real_fg_memory_images/orig3.jpg",NA,"real","Scam",NA,NA,NA,NA,NA,NA
"2393","773358",NA,"resources/real_fg_memory_images/fg22.jpg",NA,"artificial","Scam",NA,NA,NA,NA,NA,NA
"2394","773358",NA,"resources/real_fg_memory_images/orig2.jpg",NA,"real","Scam",NA,NA,NA,NA,NA,NA
"2395","773358",NA,"resources/real_fg_memory_images/fg26.jpg",NA,"artificial","Neutral",NA,NA,NA,NA,NA,NA
"2396","773358",NA,"resources/real_fg_memory_images/fg19.jpg",NA,"artificial","Scam",NA,NA,NA,NA,NA,NA
"2397","773358",NA,"resources/real_fg_memory_images/fg27.jpg",NA,"artificial","Neutral",NA,NA,NA,NA,NA,NA
"2398","773358",NA,"resources/real_fg_memory_images/orig4.jpg",NA,"real","Scam",NA,NA,NA,NA,NA,NA
"2399","773358",NA,"resources/real_fg_memory_images/orig8.jpg",NA,"real","Neutral",NA,NA,NA,NA,NA,NA
"2400","773358",NA,"resources/real_fg_memory_images/orig11.jpg",NA,"real","Neutral",NA,NA,NA,NA,NA,NA
"2401","773358",NA,"resources/real_fg_memory_images/orig5.jpg",NA,"real","Scam",NA,NA,NA,NA,NA,NA
"2402","773358",NA,NA,NA,NA,NA,NA,NA,NA,NA,NA,NA
"2403","773358",NA,"resources/real_fg_memory_images/fg25.jpg",NA,"artificial","Neutral","[""neutral_button""]","7",NA,NA,NA,NA
"2404","773358",NA,"resources/real_fg_memory_images/orig11.jpg",NA,"real","Neutral","[""neutral_button""]","6",NA,NA,NA,NA
"2405","773358",NA,"resources/real_fg_memory_images/fg19.jpg",NA,"artificial","Scam","[""scam_button""]","9",NA,NA,NA,NA
"2406","773358",NA,"resources/real_fg_memory_images/orig12.jpg",NA,"real","Neutral","[""scam_button"",""neutral_button""]","8",NA,NA,NA,NA
"2407","773358",NA,"resources/real_fg_memory_images/fg30.jpg",NA,"artificial","Neutral","[""neutral_button""]","9",NA,NA,NA,NA
"2408","773358",NA,"resources/real_fg_memory_images/orig6.jpg",NA,"real","Scam","[""neutral_button""]","6",NA,NA,NA,NA
"2409","773358",NA,"resources/real_fg_memory_images/fg20.jpg",NA,"artificial","Scam","[""scam_button""]","10",NA,NA,NA,NA
"2410","773358",NA,"resources/real_fg_memory_images/orig8.jpg",NA,"real","Neutral","[""scam_button""]","4",NA,NA,NA,NA
"2411","773358",NA,"resources/real_fg_memory_images/orig2.jpg",NA,"real","Scam","[""scam_button""]","7",NA,NA,NA,NA
"2412","773358",NA,"resources/real_fg_memory_images/fg22.jpg",NA,"artificial","Scam","[""scam_button""]","4",NA,NA,NA,NA
"2413","773358",NA,"resources/real_fg_memory_images/orig9.jpg",NA,"real","Neutral","[""scam_button""]","2",NA,NA,NA,NA
"2414","773358",NA,"resources/real_fg_memory_images/fg23.jpg",NA,"artificial","Scam","[""neutral_button""]","7",NA,NA,NA,NA
"2415","773358",NA,"resources/real_fg_memory_images/fg28.jpg",NA,"artificial","Neutral","[""neutral_button""]","9",NA,NA,NA,NA
"2416","773358",NA,"resources/real_fg_memory_images/fg29.jpg",NA,"artificial","Neutral","[""neutral_button""]","7",NA,NA,NA,NA
"2417","773358",NA,"resources/real_fg_memory_images/fg27.jpg",NA,"artificial","Neutral","[""neutral_button""]","8",NA,NA,NA,NA
"2418","773358",NA,"resources/real_fg_memory_images/fg24.jpg",NA,"artificial","Scam","[""scam_button""]","4",NA,NA,NA,NA
"2419","773358",NA,"resources/real_fg_memory_images/orig1.jpg",NA,"real","Scam","[""scam_button""]","2",NA,NA,NA,NA
"2420","773358",NA,"resources/real_fg_memory_images/fg26.jpg",NA,"artificial","Neutral","[""scam_button""]","5",NA,NA,NA,NA
"2421","773358",NA,"resources/real_fg_memory_images/orig10.jpg",NA,"real","Neutral","[""scam_button""]","7",NA,NA,NA,NA
"2422","773358",NA,"resources/real_fg_memory_images/orig4.jpg",NA,"real","Scam","[""scam_button""]","4",NA,NA,NA,NA
"2423","773358",NA,"resources/real_fg_memory_images/orig5.jpg",NA,"real","Scam","[""scam_button""]","4",NA,NA,NA,NA
"2424","773358",NA,"resources/real_fg_memory_images/orig7.jpg",NA,"real","Neutral","[""scam_button""]","6",NA,NA,NA,NA
"2425","773358",NA,"resources/real_fg_memory_images/orig3.jpg",NA,"real","Scam","[""scam_button""]","7",NA,NA,NA,NA
"2426","773358",NA,"resources/real_fg_memory_images/fg21.jpg",NA,"artificial","Scam","[""scam_button""]","9",NA,NA,NA,NA
"2427","773358",NA,NA,NA,NA,NA,NA,NA,NA,NA,NA,NA
"2428","773358",8,"resources/real_fg_memory_images/fg31.jpg","artificial",NA,NA,NA,NA,NA,NA,NA,NA
"2429","773358",8,"resources/real_fg_memory_images/orig11.jpg","real",NA,NA,NA,NA,NA,NA,NA,NA
"2430","773358",5,"resources/real_fg_memory_images/orig12.jpg","real",NA,NA,NA,NA,NA,NA,NA,NA
"2431","773358",8,"resources/real_fg_memory_images/fg33.jpg","artificial",NA,NA,NA,NA,NA,NA,NA,NA
"2432","773358",7,"resources/real_fg_memory_images/orig8.jpg","real",NA,NA,NA,NA,NA,NA,NA,NA
"2433","773358",9,"resources/real_fg_memory_images/fg24.jpg","artificial",NA,NA,NA,NA,NA,NA,NA,NA
"2434","773358",5,"resources/real_fg_memory_images/orig5.jpg","real",NA,NA,NA,NA,NA,NA,NA,NA
"2435","773358",8,"resources/real_fg_memory_images/fg27.jpg","artificial",NA,NA,NA,NA,NA,NA,NA,NA
"2436","773358",4,"resources/real_fg_memory_images/orig16.jpg","real",NA,NA,NA,NA,NA,NA,NA,NA
"2437","773358",6,"resources/real_fg_memory_images/fg26.jpg","artificial",NA,NA,NA,NA,NA,NA,NA,NA
"2438","773358",7,"resources/real_fg_memory_images/orig15.jpg","real",NA,NA,NA,NA,NA,NA,NA,NA
"2439","773358",7,"resources/real_fg_memory_images/orig10.jpg","real",NA,NA,NA,NA,NA,NA,NA,NA
"2440","773358",3,"resources/real_fg_memory_images/orig13.jpg","real",NA,NA,NA,NA,NA,NA,NA,NA
"2441","773358",5,"resources/real_fg_memory_images/fg19.jpg","artificial",NA,NA,NA,NA,NA,NA,NA,NA
"2442","773358",7,"resources/real_fg_memory_images/orig1.jpg","real",NA,NA,NA,NA,NA,NA,NA,NA
"2443","773358",3,"resources/real_fg_memory_images/fg21.jpg","artificial",NA,NA,NA,NA,NA,NA,NA,NA
"2444","773358",7,"resources/real_fg_memory_images/fg34.jpg","artificial",NA,NA,NA,NA,NA,NA,NA,NA
"2445","773358",8,"resources/real_fg_memory_images/fg25.jpg","artificial",NA,NA,NA,NA,NA,NA,NA,NA
"2446","773358",8,"resources/real_fg_memory_images/fg28.jpg","artificial",NA,NA,NA,NA,NA,NA,NA,NA
"2447","773358",7,"resources/real_fg_memory_images/orig3.jpg","real",NA,NA,NA,NA,NA,NA,NA,NA
"2448","773358",3,"resources/real_fg_memory_images/fg20.jpg","artificial",NA,NA,NA,NA,NA,NA,NA,NA
"2449","773358",6,"resources/real_fg_memory_images/fg35.jpg","artificial",NA,NA,NA,NA,NA,NA,NA,NA
"2450","773358",7,"resources/real_fg_memory_images/orig7.jpg","real",NA,NA,NA,NA,NA,NA,NA,NA
"2451","773358",6,"resources/real_fg_memory_images/fg30.jpg","artificial",NA,NA,NA,NA,NA,NA,NA,NA
"2452","773358",7,"resources/real_fg_memory_images/orig18.jpg","real",NA,NA,NA,NA,NA,NA,NA,NA
"2453","773358",5,"resources/real_fg_memory_images/orig2.jpg","real",NA,NA,NA,NA,NA,NA,NA,NA
"2454","773358",9,"resources/real_fg_memory_images/fg22.jpg","artificial",NA,NA,NA,NA,NA,NA,NA,NA
"2455","773358",7,"resources/real_fg_memory_images/orig4.jpg","real",NA,NA,NA,NA,NA,NA,NA,NA
"2456","773358",7,"resources/real_fg_memory_images/fg23.jpg","artificial",NA,NA,NA,NA,NA,NA,NA,NA
"2457","773358",7,"resources/real_fg_memory_images/fg32.jpg","artificial",NA,NA,NA,NA,NA,NA,NA,NA
"2458","773358",6,"resources/real_fg_memory_images/fg29.jpg","artificial",NA,NA,NA,NA,NA,NA,NA,NA
"2459","773358",5,"resources/real_fg_memory_images/orig14.jpg","real",NA,NA,NA,NA,NA,NA,NA,NA
"2460","773358",7,"resources/real_fg_memory_images/fg36.jpg","artificial",NA,NA,NA,NA,NA,NA,NA,NA
"2461","773358",7,"resources/real_fg_memory_images/orig9.jpg","real",NA,NA,NA,NA,NA,NA,NA,NA
"2462","773358",8,"resources/real_fg_memory_images/orig17.jpg","real",NA,NA,NA,NA,NA,NA,NA,NA
"2463","773358",4,"resources/real_fg_memory_images/orig6.jpg","real",NA,NA,NA,NA,NA,NA,NA,NA
"2464","773358",NA,NA,NA,NA,NA,NA,NA,NA,NA,NA,NA
"2465","773358",NA,NA,NA,NA,NA,NA,NA,4,"If a telemarketer calls me, I usually listen to what they have to say",NA,NA
"2466","773358",NA,NA,NA,NA,NA,NA,NA,3,"If something sounds too good to be true, it usually is",NA,NA
"2467","773358",NA,NA,NA,NA,NA,NA,NA,4,"I have difficulty ending a phone call, even if the caller is a telemarketer, someone I do not know, or someone I do not wish to call me",NA,NA
"2468","773358",NA,NA,NA,NA,NA,NA,NA,5,"I answer the phone whenever it rings, even if I do not know who is calling",NA,NA
"2469","773358",NA,NA,NA,NA,NA,NA,NA,1,"Persons over the age of 65 are often targeted by con-artists",NA,NA
"2470","773358",NA,NA,NA,NA,NA,NA,NA,NA,NA,NA,NA
"2471","773358",NA,NA,NA,NA,NA,NA,NA,NA,NA,"[""male_option""]",NA
"2472","773358",NA,NA,NA,NA,NA,NA,NA,NA,NA,NA,71
"2473","773358",NA,NA,NA,NA,NA,NA,NA,NA,NA,NA,NA
"2474","773358",NA,NA,NA,NA,NA,NA,NA,NA,NA,NA,NA
"2475","773358",NA,NA,NA,NA,NA,NA,NA,NA,NA,NA,NA
"2476","773358",NA,NA,NA,NA,NA,NA,NA,NA,NA,NA,NA
"2477","773358",NA,NA,NA,NA,NA,NA,NA,NA,NA,NA,NA
"2478","773358",NA,NA,NA,NA,NA,NA,NA,NA,NA,NA,NA
"2479","773358",NA,NA,NA,NA,NA,NA,NA,NA,NA,NA,NA
"2480","773358",NA,NA,NA,NA,NA,NA,NA,NA,NA,NA,NA
"2481","773358",NA,NA,NA,NA,NA,NA,NA,NA,NA,NA,NA
"2482","773358",NA,NA,NA,NA,NA,NA,NA,NA,NA,NA,NA
"2483","788109",NA,NA,NA,NA,NA,NA,NA,NA,NA,NA,NA
"2484","788109",NA,NA,NA,NA,NA,NA,NA,NA,NA,NA,NA
"2485","788109",NA,NA,NA,NA,NA,NA,NA,NA,NA,NA,NA
"2486","788109",NA,NA,NA,NA,NA,NA,NA,NA,NA,NA,NA
"2487","788109",5,"resources/real_fg_memory_images/orig10.jpg","real",NA,NA,NA,NA,NA,NA,NA,NA
"2488","788109",9,"resources/real_fg_memory_images/fg32.jpg","artificial",NA,NA,NA,NA,NA,NA,NA,NA
"2489","788109",9,"resources/real_fg_memory_images/orig11.jpg","real",NA,NA,NA,NA,NA,NA,NA,NA
"2490","788109",8,"resources/real_fg_memory_images/orig17.jpg","real",NA,NA,NA,NA,NA,NA,NA,NA
"2491","788109",5,"resources/real_fg_memory_images/fg20.jpg","artificial",NA,NA,NA,NA,NA,NA,NA,NA
"2492","788109",5,"resources/real_fg_memory_images/orig12.jpg","real",NA,NA,NA,NA,NA,NA,NA,NA
"2493","788109",8,"resources/real_fg_memory_images/orig2.jpg","real",NA,NA,NA,NA,NA,NA,NA,NA
"2494","788109",5,"resources/real_fg_memory_images/orig5.jpg","real",NA,NA,NA,NA,NA,NA,NA,NA
"2495","788109",4,"resources/real_fg_memory_images/fg35.jpg","artificial",NA,NA,NA,NA,NA,NA,NA,NA
"2496","788109",5,"resources/real_fg_memory_images/fg33.jpg","artificial",NA,NA,NA,NA,NA,NA,NA,NA
"2497","788109",5,"resources/real_fg_memory_images/orig8.jpg","real",NA,NA,NA,NA,NA,NA,NA,NA
"2498","788109",8,"resources/real_fg_memory_images/orig6.jpg","real",NA,NA,NA,NA,NA,NA,NA,NA
"2499","788109",5,"resources/real_fg_memory_images/fg25.jpg","artificial",NA,NA,NA,NA,NA,NA,NA,NA
"2500","788109",5,"resources/real_fg_memory_images/orig14.jpg","real",NA,NA,NA,NA,NA,NA,NA,NA
"2501","788109",4,"resources/real_fg_memory_images/fg36.jpg","artificial",NA,NA,NA,NA,NA,NA,NA,NA
"2502","788109",5,"resources/real_fg_memory_images/fg22.jpg","artificial",NA,NA,NA,NA,NA,NA,NA,NA
"2503","788109",5,"resources/real_fg_memory_images/fg26.jpg","artificial",NA,NA,NA,NA,NA,NA,NA,NA
"2504","788109",5,"resources/real_fg_memory_images/orig9.jpg","real",NA,NA,NA,NA,NA,NA,NA,NA
"2505","788109",5,"resources/real_fg_memory_images/fg19.jpg","artificial",NA,NA,NA,NA,NA,NA,NA,NA
"2506","788109",4,"resources/real_fg_memory_images/orig7.jpg","real",NA,NA,NA,NA,NA,NA,NA,NA
"2507","788109",5,"resources/real_fg_memory_images/orig3.jpg","real",NA,NA,NA,NA,NA,NA,NA,NA
"2508","788109",4,"resources/real_fg_memory_images/fg24.jpg","artificial",NA,NA,NA,NA,NA,NA,NA,NA
"2509","788109",5,"resources/real_fg_memory_images/fg34.jpg","artificial",NA,NA,NA,NA,NA,NA,NA,NA
"2510","788109",4,"resources/real_fg_memory_images/orig1.jpg","real",NA,NA,NA,NA,NA,NA,NA,NA
"2511","788109",3,"resources/real_fg_memory_images/fg21.jpg","artificial",NA,NA,NA,NA,NA,NA,NA,NA
"2512","788109",4,"resources/real_fg_memory_images/orig15.jpg","real",NA,NA,NA,NA,NA,NA,NA,NA
"2513","788109",4,"resources/real_fg_memory_images/fg23.jpg","artificial",NA,NA,NA,NA,NA,NA,NA,NA
"2514","788109",5,"resources/real_fg_memory_images/orig16.jpg","real",NA,NA,NA,NA,NA,NA,NA,NA
"2515","788109",4,"resources/real_fg_memory_images/fg29.jpg","artificial",NA,NA,NA,NA,NA,NA,NA,NA
"2516","788109",3,"resources/real_fg_memory_images/fg31.jpg","artificial",NA,NA,NA,NA,NA,NA,NA,NA
"2517","788109",5,"resources/real_fg_memory_images/orig4.jpg","real",NA,NA,NA,NA,NA,NA,NA,NA
"2518","788109",4,"resources/real_fg_memory_images/orig13.jpg","real",NA,NA,NA,NA,NA,NA,NA,NA
"2519","788109",6,"resources/real_fg_memory_images/fg28.jpg","artificial",NA,NA,NA,NA,NA,NA,NA,NA
"2520","788109",6,"resources/real_fg_memory_images/orig18.jpg","real",NA,NA,NA,NA,NA,NA,NA,NA
"2521","788109",5,"resources/real_fg_memory_images/fg30.jpg","artificial",NA,NA,NA,NA,NA,NA,NA,NA
"2522","788109",3,"resources/real_fg_memory_images/fg27.jpg","artificial",NA,NA,NA,NA,NA,NA,NA,NA
"2523","788109",NA,NA,NA,NA,NA,NA,NA,NA,NA,NA,NA
"2524","788109",NA,"resources/real_fg_memory_images/orig10.jpg",NA,"real","Neutral",NA,NA,NA,NA,NA,NA
"2525","788109",NA,"resources/real_fg_memory_images/orig3.jpg",NA,"real","Scam",NA,NA,NA,NA,NA,NA
"2526","788109",NA,"resources/real_fg_memory_images/orig5.jpg",NA,"real","Scam",NA,NA,NA,NA,NA,NA
"2527","788109",NA,"resources/real_fg_memory_images/fg30.jpg",NA,"artificial","Neutral",NA,NA,NA,NA,NA,NA
"2528","788109",NA,"resources/real_fg_memory_images/orig2.jpg",NA,"real","Scam",NA,NA,NA,NA,NA,NA
"2529","788109",NA,"resources/real_fg_memory_images/fg29.jpg",NA,"artificial","Neutral",NA,NA,NA,NA,NA,NA
"2530","788109",NA,"resources/real_fg_memory_images/fg25.jpg",NA,"artificial","Neutral",NA,NA,NA,NA,NA,NA
"2531","788109",NA,"resources/real_fg_memory_images/fg19.jpg",NA,"artificial","Scam",NA,NA,NA,NA,NA,NA
"2532","788109",NA,"resources/real_fg_memory_images/orig11.jpg",NA,"real","Neutral",NA,NA,NA,NA,NA,NA
"2533","788109",NA,"resources/real_fg_memory_images/fg20.jpg",NA,"artificial","Scam",NA,NA,NA,NA,NA,NA
"2534","788109",NA,"resources/real_fg_memory_images/fg27.jpg",NA,"artificial","Neutral",NA,NA,NA,NA,NA,NA
"2535","788109",NA,"resources/real_fg_memory_images/orig4.jpg",NA,"real","Scam",NA,NA,NA,NA,NA,NA
"2536","788109",NA,"resources/real_fg_memory_images/orig9.jpg",NA,"real","Neutral",NA,NA,NA,NA,NA,NA
"2537","788109",NA,"resources/real_fg_memory_images/orig12.jpg",NA,"real","Neutral",NA,NA,NA,NA,NA,NA
"2538","788109",NA,"resources/real_fg_memory_images/fg24.jpg",NA,"artificial","Scam",NA,NA,NA,NA,NA,NA
"2539","788109",NA,"resources/real_fg_memory_images/orig7.jpg",NA,"real","Neutral",NA,NA,NA,NA,NA,NA
"2540","788109",NA,"resources/real_fg_memory_images/fg28.jpg",NA,"artificial","Neutral",NA,NA,NA,NA,NA,NA
"2541","788109",NA,"resources/real_fg_memory_images/fg26.jpg",NA,"artificial","Neutral",NA,NA,NA,NA,NA,NA
"2542","788109",NA,"resources/real_fg_memory_images/fg21.jpg",NA,"artificial","Scam",NA,NA,NA,NA,NA,NA
"2543","788109",NA,"resources/real_fg_memory_images/orig8.jpg",NA,"real","Neutral",NA,NA,NA,NA,NA,NA
"2544","788109",NA,"resources/real_fg_memory_images/orig1.jpg",NA,"real","Scam",NA,NA,NA,NA,NA,NA
"2545","788109",NA,"resources/real_fg_memory_images/fg22.jpg",NA,"artificial","Scam",NA,NA,NA,NA,NA,NA
"2546","788109",NA,"resources/real_fg_memory_images/fg23.jpg",NA,"artificial","Scam",NA,NA,NA,NA,NA,NA
"2547","788109",NA,"resources/real_fg_memory_images/orig6.jpg",NA,"real","Scam",NA,NA,NA,NA,NA,NA
"2548","788109",NA,NA,NA,NA,NA,NA,NA,NA,NA,NA,NA
"2549","788109",NA,"resources/real_fg_memory_images/fg26.jpg",NA,"artificial","Neutral","[""neutral_button""]","5",NA,NA,NA,NA
"2550","788109",NA,"resources/real_fg_memory_images/orig5.jpg",NA,"real","Scam","[""scam_button""]","8",NA,NA,NA,NA
"2551","788109",NA,"resources/real_fg_memory_images/orig3.jpg",NA,"real","Scam","[""scam_button""]","10",NA,NA,NA,NA
"2552","788109",NA,"resources/real_fg_memory_images/fg29.jpg",NA,"artificial","Neutral","[""neutral_button""]","5",NA,NA,NA,NA
"2553","788109",NA,"resources/real_fg_memory_images/fg27.jpg",NA,"artificial","Neutral","[""scam_button""]","8",NA,NA,NA,NA
"2554","788109",NA,"resources/real_fg_memory_images/orig6.jpg",NA,"real","Scam","[""scam_button""]","8",NA,NA,NA,NA
"2555","788109",NA,"resources/real_fg_memory_images/orig7.jpg",NA,"real","Neutral","[""scam_button""]","8",NA,NA,NA,NA
"2556","788109",NA,"resources/real_fg_memory_images/orig8.jpg",NA,"real","Neutral","[""neutral_button""]","5",NA,NA,NA,NA
"2557","788109",NA,"resources/real_fg_memory_images/fg23.jpg",NA,"artificial","Scam","[""scam_button""]","8",NA,NA,NA,NA
"2558","788109",NA,"resources/real_fg_memory_images/fg22.jpg",NA,"artificial","Scam","[""scam_button""]","8",NA,NA,NA,NA
"2559","788109",NA,"resources/real_fg_memory_images/orig10.jpg",NA,"real","Neutral","[""scam_button""]","8",NA,NA,NA,NA
"2560","788109",NA,"resources/real_fg_memory_images/fg20.jpg",NA,"artificial","Scam","[""scam_button""]","9",NA,NA,NA,NA
"2561","788109",NA,"resources/real_fg_memory_images/fg25.jpg",NA,"artificial","Neutral","[""scam_button""]","7",NA,NA,NA,NA
"2562","788109",NA,"resources/real_fg_memory_images/orig11.jpg",NA,"real","Neutral","[""neutral_button""]","5",NA,NA,NA,NA
"2563","788109",NA,"resources/real_fg_memory_images/fg30.jpg",NA,"artificial","Neutral","[""scam_button""]","5",NA,NA,NA,NA
"2564","788109",NA,"resources/real_fg_memory_images/orig1.jpg",NA,"real","Scam","[""scam_button""]","10",NA,NA,NA,NA
"2565","788109",NA,"resources/real_fg_memory_images/fg19.jpg",NA,"artificial","Scam","[""scam_button""]","6",NA,NA,NA,NA
"2566","788109",NA,"resources/real_fg_memory_images/fg24.jpg",NA,"artificial","Scam","[""neutral_button""]","6",NA,NA,NA,NA
"2567","788109",NA,"resources/real_fg_memory_images/orig2.jpg",NA,"real","Scam","[""neutral_button""]","4",NA,NA,NA,NA
"2568","788109",NA,"resources/real_fg_memory_images/fg28.jpg",NA,"artificial","Neutral","[""neutral_button""]","6",NA,NA,NA,NA
"2569","788109",NA,"resources/real_fg_memory_images/orig12.jpg",NA,"real","Neutral","[""scam_button""]","8",NA,NA,NA,NA
"2570","788109",NA,"resources/real_fg_memory_images/orig4.jpg",NA,"real","Scam","[""neutral_button""]","4",NA,NA,NA,NA
"2571","788109",NA,"resources/real_fg_memory_images/fg21.jpg",NA,"artificial","Scam","[""scam_button""]","7",NA,NA,NA,NA
"2572","788109",NA,"resources/real_fg_memory_images/orig9.jpg",NA,"real","Neutral","[""neutral_button""]","5",NA,NA,NA,NA
"2573","788109",NA,NA,NA,NA,NA,NA,NA,NA,NA,NA,NA
"2574","788109",8,"resources/real_fg_memory_images/orig17.jpg","real",NA,NA,NA,NA,NA,NA,NA,NA
"2575","788109",4,"resources/real_fg_memory_images/fg36.jpg","artificial",NA,NA,NA,NA,NA,NA,NA,NA
"2576","788109",3,"resources/real_fg_memory_images/fg27.jpg","artificial",NA,NA,NA,NA,NA,NA,NA,NA
"2577","788109",6,"resources/real_fg_memory_images/orig9.jpg","real",NA,NA,NA,NA,NA,NA,NA,NA
"2578","788109",8,"resources/real_fg_memory_images/fg28.jpg","artificial",NA,NA,NA,NA,NA,NA,NA,NA
"2579","788109",4,"resources/real_fg_memory_images/fg35.jpg","artificial",NA,NA,NA,NA,NA,NA,NA,NA
"2580","788109",3,"resources/real_fg_memory_images/orig10.jpg","real",NA,NA,NA,NA,NA,NA,NA,NA
"2581","788109",3,"resources/real_fg_memory_images/orig5.jpg","real",NA,NA,NA,NA,NA,NA,NA,NA
"2582","788109",5,"resources/real_fg_memory_images/fg33.jpg","artificial",NA,NA,NA,NA,NA,NA,NA,NA
"2583","788109",3,"resources/real_fg_memory_images/orig12.jpg","real",NA,NA,NA,NA,NA,NA,NA,NA
"2584","788109",5,"resources/real_fg_memory_images/orig13.jpg","real",NA,NA,NA,NA,NA,NA,NA,NA
"2585","788109",3,"resources/real_fg_memory_images/fg22.jpg","artificial",NA,NA,NA,NA,NA,NA,NA,NA
"2586","788109",4,"resources/real_fg_memory_images/fg24.jpg","artificial",NA,NA,NA,NA,NA,NA,NA,NA
"2587","788109",4,"resources/real_fg_memory_images/fg26.jpg","artificial",NA,NA,NA,NA,NA,NA,NA,NA
"2588","788109",5,"resources/real_fg_memory_images/orig15.jpg","real",NA,NA,NA,NA,NA,NA,NA,NA
"2589","788109",5,"resources/real_fg_memory_images/fg32.jpg","artificial",NA,NA,NA,NA,NA,NA,NA,NA
"2590","788109",1,"resources/real_fg_memory_images/orig3.jpg","real",NA,NA,NA,NA,NA,NA,NA,NA
"2591","788109",2,"resources/real_fg_memory_images/fg23.jpg","artificial",NA,NA,NA,NA,NA,NA,NA,NA
"2592","788109",5,"resources/real_fg_memory_images/orig14.jpg","real",NA,NA,NA,NA,NA,NA,NA,NA
"2593","788109",2,"resources/real_fg_memory_images/fg31.jpg","artificial",NA,NA,NA,NA,NA,NA,NA,NA
"2594","788109",5,"resources/real_fg_memory_images/orig16.jpg","real",NA,NA,NA,NA,NA,NA,NA,NA
"2595","788109",4,"resources/real_fg_memory_images/fg34.jpg","artificial",NA,NA,NA,NA,NA,NA,NA,NA
"2596","788109",3,"resources/real_fg_memory_images/fg20.jpg","artificial",NA,NA,NA,NA,NA,NA,NA,NA
"2597","788109",1,"resources/real_fg_memory_images/orig1.jpg","real",NA,NA,NA,NA,NA,NA,NA,NA
"2598","788109",5,"resources/real_fg_memory_images/fg25.jpg","artificial",NA,NA,NA,NA,NA,NA,NA,NA
"2599","788109",8,"resources/real_fg_memory_images/orig18.jpg","real",NA,NA,NA,NA,NA,NA,NA,NA
"2600","788109",6,"resources/real_fg_memory_images/orig6.jpg","real",NA,NA,NA,NA,NA,NA,NA,NA
"2601","788109",5,"resources/real_fg_memory_images/orig8.jpg","real",NA,NA,NA,NA,NA,NA,NA,NA
"2602","788109",4,"resources/real_fg_memory_images/fg21.jpg","artificial",NA,NA,NA,NA,NA,NA,NA,NA
"2603","788109",3,"resources/real_fg_memory_images/orig7.jpg","real",NA,NA,NA,NA,NA,NA,NA,NA
"2604","788109",4,"resources/real_fg_memory_images/fg29.jpg","artificial",NA,NA,NA,NA,NA,NA,NA,NA
"2605","788109",1,"resources/real_fg_memory_images/orig4.jpg","real",NA,NA,NA,NA,NA,NA,NA,NA
"2606","788109",3,"resources/real_fg_memory_images/fg30.jpg","artificial",NA,NA,NA,NA,NA,NA,NA,NA
"2607","788109",5,"resources/real_fg_memory_images/orig11.jpg","real",NA,NA,NA,NA,NA,NA,NA,NA
"2608","788109",5,"resources/real_fg_memory_images/orig2.jpg","real",NA,NA,NA,NA,NA,NA,NA,NA
"2609","788109",4,"resources/real_fg_memory_images/fg19.jpg","artificial",NA,NA,NA,NA,NA,NA,NA,NA
"2610","788109",NA,NA,NA,NA,NA,NA,NA,NA,NA,NA,NA
"2611","788109",NA,NA,NA,NA,NA,NA,NA,1,"If a telemarketer calls me, I usually listen to what they have to say",NA,NA
"2612","788109",NA,NA,NA,NA,NA,NA,NA,3,"I have difficulty ending a phone call, even if the caller is a telemarketer, someone I do not know, or someone I do not wish to call me",NA,NA
"2613","788109",NA,NA,NA,NA,NA,NA,NA,5,"Persons over the age of 65 are often targeted by con-artists",NA,NA
"2614","788109",NA,NA,NA,NA,NA,NA,NA,4,"I answer the phone whenever it rings, even if I do not know who is calling",NA,NA
"2615","788109",NA,NA,NA,NA,NA,NA,NA,5,"If something sounds too good to be true, it usually is",NA,NA
"2616","788109",NA,NA,NA,NA,NA,NA,NA,NA,NA,NA,NA
"2617","788109",NA,NA,NA,NA,NA,NA,NA,NA,NA,"[""female_option""]",NA
"2618","788109",NA,NA,NA,NA,NA,NA,NA,NA,NA,NA,67
"2619","788109",NA,NA,NA,NA,NA,NA,NA,NA,NA,NA,NA
"2620","788109",NA,NA,NA,NA,NA,NA,NA,NA,NA,NA,NA
"2621","788109",NA,NA,NA,NA,NA,NA,NA,NA,NA,NA,NA
"2622","788109",NA,NA,NA,NA,NA,NA,NA,NA,NA,NA,NA
"2623","788109",NA,NA,NA,NA,NA,NA,NA,NA,NA,NA,NA
"2624","788109",NA,NA,NA,NA,NA,NA,NA,NA,NA,NA,NA
"2625","788109",NA,NA,NA,NA,NA,NA,NA,NA,NA,NA,NA
"2626","788109",NA,NA,NA,NA,NA,NA,NA,NA,NA,NA,NA
"2627","788109",NA,NA,NA,NA,NA,NA,NA,NA,NA,NA,NA
"2628","788109",NA,NA,NA,NA,NA,NA,NA,NA,NA,NA,NA
"2629","840605",NA,NA,NA,NA,NA,NA,NA,NA,NA,NA,NA
"2630","840605",NA,NA,NA,NA,NA,NA,NA,NA,NA,NA,NA
"2631","840605",NA,NA,NA,NA,NA,NA,NA,NA,NA,NA,NA
"2632","840605",NA,NA,NA,NA,NA,NA,NA,NA,NA,NA,NA
"2633","840605",2,"resources/real_fg_memory_images/orig1.jpg","real",NA,NA,NA,NA,NA,NA,NA,NA
"2634","840605",7,"resources/real_fg_memory_images/fg26.jpg","artificial",NA,NA,NA,NA,NA,NA,NA,NA
"2635","840605",5,"resources/real_fg_memory_images/fg29.jpg","artificial",NA,NA,NA,NA,NA,NA,NA,NA
"2636","840605",4,"resources/real_fg_memory_images/fg32.jpg","artificial",NA,NA,NA,NA,NA,NA,NA,NA
"2637","840605",4,"resources/real_fg_memory_images/fg35.jpg","artificial",NA,NA,NA,NA,NA,NA,NA,NA
"2638","840605",3,"resources/real_fg_memory_images/orig13.jpg","real",NA,NA,NA,NA,NA,NA,NA,NA
"2639","840605",4,"resources/real_fg_memory_images/fg30.jpg","artificial",NA,NA,NA,NA,NA,NA,NA,NA
"2640","840605",3,"resources/real_fg_memory_images/fg20.jpg","artificial",NA,NA,NA,NA,NA,NA,NA,NA
"2641","840605",4,"resources/real_fg_memory_images/orig9.jpg","real",NA,NA,NA,NA,NA,NA,NA,NA
"2642","840605",4,"resources/real_fg_memory_images/fg21.jpg","artificial",NA,NA,NA,NA,NA,NA,NA,NA
"2643","840605",6,"resources/real_fg_memory_images/fg22.jpg","artificial",NA,NA,NA,NA,NA,NA,NA,NA
"2644","840605",6,"resources/real_fg_memory_images/fg34.jpg","artificial",NA,NA,NA,NA,NA,NA,NA,NA
"2645","840605",4,"resources/real_fg_memory_images/orig14.jpg","real",NA,NA,NA,NA,NA,NA,NA,NA
"2646","840605",1,"resources/real_fg_memory_images/orig5.jpg","real",NA,NA,NA,NA,NA,NA,NA,NA
"2647","840605",4,"resources/real_fg_memory_images/fg27.jpg","artificial",NA,NA,NA,NA,NA,NA,NA,NA
"2648","840605",5,"resources/real_fg_memory_images/fg33.jpg","artificial",NA,NA,NA,NA,NA,NA,NA,NA
"2649","840605",5,"resources/real_fg_memory_images/orig12.jpg","real",NA,NA,NA,NA,NA,NA,NA,NA
"2650","840605",3,"resources/real_fg_memory_images/orig4.jpg","real",NA,NA,NA,NA,NA,NA,NA,NA
"2651","840605",4,"resources/real_fg_memory_images/orig15.jpg","real",NA,NA,NA,NA,NA,NA,NA,NA
"2652","840605",3,"resources/real_fg_memory_images/fg24.jpg","artificial",NA,NA,NA,NA,NA,NA,NA,NA
"2653","840605",4,"resources/real_fg_memory_images/orig7.jpg","real",NA,NA,NA,NA,NA,NA,NA,NA
"2654","840605",5,"resources/real_fg_memory_images/fg36.jpg","artificial",NA,NA,NA,NA,NA,NA,NA,NA
"2655","840605",6,"resources/real_fg_memory_images/orig8.jpg","real",NA,NA,NA,NA,NA,NA,NA,NA
"2656","840605",5,"resources/real_fg_memory_images/orig11.jpg","real",NA,NA,NA,NA,NA,NA,NA,NA
"2657","840605",4,"resources/real_fg_memory_images/fg31.jpg","artificial",NA,NA,NA,NA,NA,NA,NA,NA
"2658","840605",6,"resources/real_fg_memory_images/orig6.jpg","real",NA,NA,NA,NA,NA,NA,NA,NA
"2659","840605",3,"resources/real_fg_memory_images/orig17.jpg","real",NA,NA,NA,NA,NA,NA,NA,NA
"2660","840605",2,"resources/real_fg_memory_images/orig3.jpg","real",NA,NA,NA,NA,NA,NA,NA,NA
"2661","840605",4,"resources/real_fg_memory_images/orig16.jpg","real",NA,NA,NA,NA,NA,NA,NA,NA
"2662","840605",6,"resources/real_fg_memory_images/fg25.jpg","artificial",NA,NA,NA,NA,NA,NA,NA,NA
"2663","840605",5,"resources/real_fg_memory_images/fg19.jpg","artificial",NA,NA,NA,NA,NA,NA,NA,NA
"2664","840605",4,"resources/real_fg_memory_images/orig2.jpg","real",NA,NA,NA,NA,NA,NA,NA,NA
"2665","840605",6,"resources/real_fg_memory_images/orig18.jpg","real",NA,NA,NA,NA,NA,NA,NA,NA
"2666","840605",5,"resources/real_fg_memory_images/fg23.jpg","artificial",NA,NA,NA,NA,NA,NA,NA,NA
"2667","840605",6,"resources/real_fg_memory_images/fg28.jpg","artificial",NA,NA,NA,NA,NA,NA,NA,NA
"2668","840605",4,"resources/real_fg_memory_images/orig10.jpg","real",NA,NA,NA,NA,NA,NA,NA,NA
"2669","840605",NA,NA,NA,NA,NA,NA,NA,NA,NA,NA,NA
"2670","840605",NA,"resources/real_fg_memory_images/fg20.jpg",NA,"artificial","Scam",NA,NA,NA,NA,NA,NA
"2671","840605",NA,"resources/real_fg_memory_images/fg27.jpg",NA,"artificial","Neutral",NA,NA,NA,NA,NA,NA
"2672","840605",NA,"resources/real_fg_memory_images/orig4.jpg",NA,"real","Scam",NA,NA,NA,NA,NA,NA
"2673","840605",NA,"resources/real_fg_memory_images/orig6.jpg",NA,"real","Scam",NA,NA,NA,NA,NA,NA
"2674","840605",NA,"resources/real_fg_memory_images/fg19.jpg",NA,"artificial","Scam",NA,NA,NA,NA,NA,NA
"2675","840605",NA,"resources/real_fg_memory_images/orig9.jpg",NA,"real","Neutral",NA,NA,NA,NA,NA,NA
"2676","840605",NA,"resources/real_fg_memory_images/orig1.jpg",NA,"real","Scam",NA,NA,NA,NA,NA,NA
"2677","840605",NA,"resources/real_fg_memory_images/orig2.jpg",NA,"real","Scam",NA,NA,NA,NA,NA,NA
"2678","840605",NA,"resources/real_fg_memory_images/fg24.jpg",NA,"artificial","Scam",NA,NA,NA,NA,NA,NA
"2679","840605",NA,"resources/real_fg_memory_images/fg28.jpg",NA,"artificial","Neutral",NA,NA,NA,NA,NA,NA
"2680","840605",NA,"resources/real_fg_memory_images/orig11.jpg",NA,"real","Neutral",NA,NA,NA,NA,NA,NA
"2681","840605",NA,"resources/real_fg_memory_images/fg30.jpg",NA,"artificial","Neutral",NA,NA,NA,NA,NA,NA
"2682","840605",NA,"resources/real_fg_memory_images/fg21.jpg",NA,"artificial","Scam",NA,NA,NA,NA,NA,NA
"2683","840605",NA,"resources/real_fg_memory_images/orig12.jpg",NA,"real","Neutral",NA,NA,NA,NA,NA,NA
"2684","840605",NA,"resources/real_fg_memory_images/orig5.jpg",NA,"real","Scam",NA,NA,NA,NA,NA,NA
"2685","840605",NA,"resources/real_fg_memory_images/orig7.jpg",NA,"real","Neutral",NA,NA,NA,NA,NA,NA
"2686","840605",NA,"resources/real_fg_memory_images/fg26.jpg",NA,"artificial","Neutral",NA,NA,NA,NA,NA,NA
"2687","840605",NA,"resources/real_fg_memory_images/orig8.jpg",NA,"real","Neutral",NA,NA,NA,NA,NA,NA
"2688","840605",NA,"resources/real_fg_memory_images/fg25.jpg",NA,"artificial","Neutral",NA,NA,NA,NA,NA,NA
"2689","840605",NA,"resources/real_fg_memory_images/fg29.jpg",NA,"artificial","Neutral",NA,NA,NA,NA,NA,NA
"2690","840605",NA,"resources/real_fg_memory_images/fg23.jpg",NA,"artificial","Scam",NA,NA,NA,NA,NA,NA
"2691","840605",NA,"resources/real_fg_memory_images/fg22.jpg",NA,"artificial","Scam",NA,NA,NA,NA,NA,NA
"2692","840605",NA,"resources/real_fg_memory_images/orig10.jpg",NA,"real","Neutral",NA,NA,NA,NA,NA,NA
"2693","840605",NA,"resources/real_fg_memory_images/orig3.jpg",NA,"real","Scam",NA,NA,NA,NA,NA,NA
"2694","840605",NA,NA,NA,NA,NA,NA,NA,NA,NA,NA,NA
"2695","840605",NA,"resources/real_fg_memory_images/orig4.jpg",NA,"real","Scam","[""scam_button""]","10 ",NA,NA,NA,NA
"2696","840605",NA,"resources/real_fg_memory_images/orig7.jpg",NA,"real","Neutral","[""scam_button""]","10",NA,NA,NA,NA
"2697","840605",NA,"resources/real_fg_memory_images/orig5.jpg",NA,"real","Scam","[""scam_button""]","10",NA,NA,NA,NA
"2698","840605",NA,"resources/real_fg_memory_images/fg26.jpg",NA,"artificial","Neutral","[""neutral_button""]","10",NA,NA,NA,NA
"2699","840605",NA,"resources/real_fg_memory_images/fg23.jpg",NA,"artificial","Scam","[""neutral_button""]","10",NA,NA,NA,NA
"2700","840605",NA,"resources/real_fg_memory_images/fg24.jpg",NA,"artificial","Scam","[""scam_button""]","10",NA,NA,NA,NA
"2701","840605",NA,"resources/real_fg_memory_images/orig12.jpg",NA,"real","Neutral","[""neutral_button""]","10",NA,NA,NA,NA
"2702","840605",NA,"resources/real_fg_memory_images/orig2.jpg",NA,"real","Scam","[""scam_button""]","10",NA,NA,NA,NA
"2703","840605",NA,"resources/real_fg_memory_images/fg22.jpg",NA,"artificial","Scam","[""neutral_button""]","10",NA,NA,NA,NA
"2704","840605",NA,"resources/real_fg_memory_images/fg20.jpg",NA,"artificial","Scam","[""scam_button""]","10",NA,NA,NA,NA
"2705","840605",NA,"resources/real_fg_memory_images/fg27.jpg",NA,"artificial","Neutral","[""neutral_button""]","10",NA,NA,NA,NA
"2706","840605",NA,"resources/real_fg_memory_images/orig1.jpg",NA,"real","Scam","[""scam_button""]","10",NA,NA,NA,NA
"2707","840605",NA,"resources/real_fg_memory_images/orig3.jpg",NA,"real","Scam","[""scam_button""]","10",NA,NA,NA,NA
"2708","840605",NA,"resources/real_fg_memory_images/orig9.jpg",NA,"real","Neutral","[""neutral_button""]","10",NA,NA,NA,NA
"2709","840605",NA,"resources/real_fg_memory_images/fg19.jpg",NA,"artificial","Scam","[""scam_button""]","10",NA,NA,NA,NA
"2710","840605",NA,"resources/real_fg_memory_images/orig8.jpg",NA,"real","Neutral","[""neutral_button""]","10",NA,NA,NA,NA
"2711","840605",NA,"resources/real_fg_memory_images/fg30.jpg",NA,"artificial","Neutral","[""neutral_button""]","10",NA,NA,NA,NA
"2712","840605",NA,"resources/real_fg_memory_images/fg29.jpg",NA,"artificial","Neutral","[""neutral_button""]","10",NA,NA,NA,NA
"2713","840605",NA,"resources/real_fg_memory_images/orig11.jpg",NA,"real","Neutral","[""neutral_button""]","10",NA,NA,NA,NA
"2714","840605",NA,"resources/real_fg_memory_images/orig10.jpg",NA,"real","Neutral","[""scam_button""]","10",NA,NA,NA,NA
"2715","840605",NA,"resources/real_fg_memory_images/fg25.jpg",NA,"artificial","Neutral","[""scam_button""]","10",NA,NA,NA,NA
"2716","840605",NA,"resources/real_fg_memory_images/orig6.jpg",NA,"real","Scam","[""neutral_button""]","5",NA,NA,NA,NA
"2717","840605",NA,"resources/real_fg_memory_images/fg21.jpg",NA,"artificial","Scam","[""scam_button""]","10",NA,NA,NA,NA
"2718","840605",NA,"resources/real_fg_memory_images/fg28.jpg",NA,"artificial","Neutral","[""neutral_button""]","10",NA,NA,NA,NA
"2719","840605",NA,NA,NA,NA,NA,NA,NA,NA,NA,NA,NA
"2720","840605",8,"resources/real_fg_memory_images/fg33.jpg","artificial",NA,NA,NA,NA,NA,NA,NA,NA
"2721","840605",7,"resources/real_fg_memory_images/orig11.jpg","real",NA,NA,NA,NA,NA,NA,NA,NA
"2722","840605",0,"resources/real_fg_memory_images/orig5.jpg","real",NA,NA,NA,NA,NA,NA,NA,NA
"2723","840605",0,"resources/real_fg_memory_images/fg21.jpg","artificial",NA,NA,NA,NA,NA,NA,NA,NA
"2724","840605",3,"resources/real_fg_memory_images/orig10.jpg","real",NA,NA,NA,NA,NA,NA,NA,NA
"2725","840605",7,"resources/real_fg_memory_images/orig7.jpg","real",NA,NA,NA,NA,NA,NA,NA,NA
"2726","840605",2,"resources/real_fg_memory_images/fg25.jpg","artificial",NA,NA,NA,NA,NA,NA,NA,NA
"2727","840605",5,"resources/real_fg_memory_images/orig14.jpg","real",NA,NA,NA,NA,NA,NA,NA,NA
"2728","840605",5,"resources/real_fg_memory_images/orig13.jpg","real",NA,NA,NA,NA,NA,NA,NA,NA
"2729","840605",6,"resources/real_fg_memory_images/fg34.jpg","artificial",NA,NA,NA,NA,NA,NA,NA,NA
"2730","840605",0,"resources/real_fg_memory_images/orig3.jpg","real",NA,NA,NA,NA,NA,NA,NA,NA
"2731","840605",0,"resources/real_fg_memory_images/fg35.jpg","artificial",NA,NA,NA,NA,NA,NA,NA,NA
"2732","840605",0,"resources/real_fg_memory_images/orig12.jpg","real",NA,NA,NA,NA,NA,NA,NA,NA
"2733","840605",5,"resources/real_fg_memory_images/fg29.jpg","artificial",NA,NA,NA,NA,NA,NA,NA,NA
"2734","840605",8,"resources/real_fg_memory_images/orig16.jpg","real",NA,NA,NA,NA,NA,NA,NA,NA
"2735","840605",5,"resources/real_fg_memory_images/fg28.jpg","artificial",NA,NA,NA,NA,NA,NA,NA,NA
"2736","840605",5,"resources/real_fg_memory_images/fg26.jpg","artificial",NA,NA,NA,NA,NA,NA,NA,NA
"2737","840605",5,"resources/real_fg_memory_images/orig15.jpg","real",NA,NA,NA,NA,NA,NA,NA,NA
"2738","840605",0,"resources/real_fg_memory_images/fg20.jpg","artificial",NA,NA,NA,NA,NA,NA,NA,NA
"2739","840605",4,"resources/real_fg_memory_images/orig4.jpg","real",NA,NA,NA,NA,NA,NA,NA,NA
"2740","840605",1,"resources/real_fg_memory_images/orig17.jpg","real",NA,NA,NA,NA,NA,NA,NA,NA
"2741","840605",1,"resources/real_fg_memory_images/fg19.jpg","artificial",NA,NA,NA,NA,NA,NA,NA,NA
"2742","840605",0,"resources/real_fg_memory_images/orig2.jpg","real",NA,NA,NA,NA,NA,NA,NA,NA
"2743","840605",0,"resources/real_fg_memory_images/fg24.jpg","artificial",NA,NA,NA,NA,NA,NA,NA,NA
"2744","840605",2,"resources/real_fg_memory_images/orig1.jpg","real",NA,NA,NA,NA,NA,NA,NA,NA
"2745","840605",2,"resources/real_fg_memory_images/fg23.jpg","artificial",NA,NA,NA,NA,NA,NA,NA,NA
"2746","840605",2,"resources/real_fg_memory_images/fg36.jpg","artificial",NA,NA,NA,NA,NA,NA,NA,NA
"2747","840605",8,"resources/real_fg_memory_images/fg31.jpg","artificial",NA,NA,NA,NA,NA,NA,NA,NA
"2748","840605",0,"resources/real_fg_memory_images/fg22.jpg","artificial",NA,NA,NA,NA,NA,NA,NA,NA
"2749","840605",8,"resources/real_fg_memory_images/orig8.jpg","real",NA,NA,NA,NA,NA,NA,NA,NA
"2750","840605",0,"resources/real_fg_memory_images/orig9.jpg","real",NA,NA,NA,NA,NA,NA,NA,NA
"2751","840605",2,"resources/real_fg_memory_images/fg27.jpg","artificial",NA,NA,NA,NA,NA,NA,NA,NA
"2752","840605",2,"resources/real_fg_memory_images/fg32.jpg","artificial",NA,NA,NA,NA,NA,NA,NA,NA
"2753","840605",3,"resources/real_fg_memory_images/orig18.jpg","real",NA,NA,NA,NA,NA,NA,NA,NA
"2754","840605",0,"resources/real_fg_memory_images/orig6.jpg","real",NA,NA,NA,NA,NA,NA,NA,NA
"2755","840605",7,"resources/real_fg_memory_images/fg30.jpg","artificial",NA,NA,NA,NA,NA,NA,NA,NA
"2756","840605",NA,NA,NA,NA,NA,NA,NA,NA,NA,NA,NA
"2757","840605",NA,NA,NA,NA,NA,NA,NA,1,"I answer the phone whenever it rings, even if I do not know who is calling",NA,NA
"2758","840605",NA,NA,NA,NA,NA,NA,NA,1,"I have difficulty ending a phone call, even if the caller is a telemarketer, someone I do not know, or someone I do not wish to call me",NA,NA
"2759","840605",NA,NA,NA,NA,NA,NA,NA,3,"If something sounds too good to be true, it usually is",NA,NA
"2760","840605",NA,NA,NA,NA,NA,NA,NA,5,"If a telemarketer calls me, I usually listen to what they have to say",NA,NA
"2761","840605",NA,NA,NA,NA,NA,NA,NA,5,"Persons over the age of 65 are often targeted by con-artists",NA,NA
"2762","840605",NA,NA,NA,NA,NA,NA,NA,NA,NA,NA,NA
"2763","840605",NA,NA,NA,NA,NA,NA,NA,NA,NA,"[""female_option""]",NA
"2764","840605",NA,NA,NA,NA,NA,NA,NA,NA,NA,NA,65
"2765","840605",NA,NA,NA,NA,NA,NA,NA,NA,NA,NA,NA
"2766","840605",NA,NA,NA,NA,NA,NA,NA,NA,NA,NA,NA
"2767","840605",NA,NA,NA,NA,NA,NA,NA,NA,NA,NA,NA
"2768","840605",NA,NA,NA,NA,NA,NA,NA,NA,NA,NA,NA
"2769","840605",NA,NA,NA,NA,NA,NA,NA,NA,NA,NA,NA
"2770","840605",NA,NA,NA,NA,NA,NA,NA,NA,NA,NA,NA
"2771","840605",NA,NA,NA,NA,NA,NA,NA,NA,NA,NA,NA
"2772","840605",NA,NA,NA,NA,NA,NA,NA,NA,NA,NA,NA
"2773","840605",NA,NA,NA,NA,NA,NA,NA,NA,NA,NA,NA
"2774","840605",NA,NA,NA,NA,NA,NA,NA,NA,NA,NA,NA
"2775","860349",NA,NA,NA,NA,NA,NA,NA,NA,NA,NA,NA
"2776","860349",NA,NA,NA,NA,NA,NA,NA,NA,NA,NA,NA
"2777","860349",NA,NA,NA,NA,NA,NA,NA,NA,NA,NA,NA
"2778","860349",NA,NA,NA,NA,NA,NA,NA,NA,NA,NA,NA
"2779","860349",8,"resources/real_fg_memory_images/fg32.jpg","artificial",NA,NA,NA,NA,NA,NA,NA,NA
"2780","860349",8,"resources/real_fg_memory_images/fg33.jpg","artificial",NA,NA,NA,NA,NA,NA,NA,NA
"2781","860349",7,"resources/real_fg_memory_images/fg25.jpg","artificial",NA,NA,NA,NA,NA,NA,NA,NA
"2782","860349",5,"resources/real_fg_memory_images/fg35.jpg","artificial",NA,NA,NA,NA,NA,NA,NA,NA
"2783","860349",8,"resources/real_fg_memory_images/fg28.jpg","artificial",NA,NA,NA,NA,NA,NA,NA,NA
"2784","860349",6,"resources/real_fg_memory_images/orig15.jpg","real",NA,NA,NA,NA,NA,NA,NA,NA
"2785","860349",5,"resources/real_fg_memory_images/orig10.jpg","real",NA,NA,NA,NA,NA,NA,NA,NA
"2786","860349",7,"resources/real_fg_memory_images/fg34.jpg","artificial",NA,NA,NA,NA,NA,NA,NA,NA
"2787","860349",4,"resources/real_fg_memory_images/orig7.jpg","real",NA,NA,NA,NA,NA,NA,NA,NA
"2788","860349",5,"resources/real_fg_memory_images/orig1.jpg","real",NA,NA,NA,NA,NA,NA,NA,NA
"2789","860349",6,"resources/real_fg_memory_images/orig12.jpg","real",NA,NA,NA,NA,NA,NA,NA,NA
"2790","860349",6,"resources/real_fg_memory_images/orig17.jpg","real",NA,NA,NA,NA,NA,NA,NA,NA
"2791","860349",8,"resources/real_fg_memory_images/orig14.jpg","real",NA,NA,NA,NA,NA,NA,NA,NA
"2792","860349",8,"resources/real_fg_memory_images/orig16.jpg","real",NA,NA,NA,NA,NA,NA,NA,NA
"2793","860349",7,"resources/real_fg_memory_images/fg20.jpg","artificial",NA,NA,NA,NA,NA,NA,NA,NA
"2794","860349",6,"resources/real_fg_memory_images/fg19.jpg","artificial",NA,NA,NA,NA,NA,NA,NA,NA
"2795","860349",5,"resources/real_fg_memory_images/orig13.jpg","real",NA,NA,NA,NA,NA,NA,NA,NA
"2796","860349",5,"resources/real_fg_memory_images/fg31.jpg","artificial",NA,NA,NA,NA,NA,NA,NA,NA
"2797","860349",8,"resources/real_fg_memory_images/fg36.jpg","artificial",NA,NA,NA,NA,NA,NA,NA,NA
"2798","860349",8,"resources/real_fg_memory_images/fg30.jpg","artificial",NA,NA,NA,NA,NA,NA,NA,NA
"2799","860349",7,"resources/real_fg_memory_images/orig6.jpg","real",NA,NA,NA,NA,NA,NA,NA,NA
"2800","860349",7,"resources/real_fg_memory_images/fg24.jpg","artificial",NA,NA,NA,NA,NA,NA,NA,NA
"2801","860349",6,"resources/real_fg_memory_images/orig9.jpg","real",NA,NA,NA,NA,NA,NA,NA,NA
"2802","860349",4,"resources/real_fg_memory_images/fg21.jpg","artificial",NA,NA,NA,NA,NA,NA,NA,NA
"2803","860349",6,"resources/real_fg_memory_images/fg29.jpg","artificial",NA,NA,NA,NA,NA,NA,NA,NA
"2804","860349",6,"resources/real_fg_memory_images/fg27.jpg","artificial",NA,NA,NA,NA,NA,NA,NA,NA
"2805","860349",7,"resources/real_fg_memory_images/orig11.jpg","real",NA,NA,NA,NA,NA,NA,NA,NA
"2806","860349",7,"resources/real_fg_memory_images/fg26.jpg","artificial",NA,NA,NA,NA,NA,NA,NA,NA
"2807","860349",5,"resources/real_fg_memory_images/orig3.jpg","real",NA,NA,NA,NA,NA,NA,NA,NA
"2808","860349",6,"resources/real_fg_memory_images/fg23.jpg","artificial",NA,NA,NA,NA,NA,NA,NA,NA
"2809","860349",6,"resources/real_fg_memory_images/orig8.jpg","real",NA,NA,NA,NA,NA,NA,NA,NA
"2810","860349",7,"resources/real_fg_memory_images/fg22.jpg","artificial",NA,NA,NA,NA,NA,NA,NA,NA
"2811","860349",6,"resources/real_fg_memory_images/orig18.jpg","real",NA,NA,NA,NA,NA,NA,NA,NA
"2812","860349",6,"resources/real_fg_memory_images/orig4.jpg","real",NA,NA,NA,NA,NA,NA,NA,NA
"2813","860349",5,"resources/real_fg_memory_images/orig5.jpg","real",NA,NA,NA,NA,NA,NA,NA,NA
"2814","860349",7,"resources/real_fg_memory_images/orig2.jpg","real",NA,NA,NA,NA,NA,NA,NA,NA
"2815","860349",NA,NA,NA,NA,NA,NA,NA,NA,NA,NA,NA
"2816","860349",NA,"resources/real_fg_memory_images/orig10.jpg",NA,"real","Neutral",NA,NA,NA,NA,NA,NA
"2817","860349",NA,"resources/real_fg_memory_images/fg23.jpg",NA,"artificial","Scam",NA,NA,NA,NA,NA,NA
"2818","860349",NA,"resources/real_fg_memory_images/fg21.jpg",NA,"artificial","Scam",NA,NA,NA,NA,NA,NA
"2819","860349",NA,"resources/real_fg_memory_images/fg29.jpg",NA,"artificial","Neutral",NA,NA,NA,NA,NA,NA
"2820","860349",NA,"resources/real_fg_memory_images/orig7.jpg",NA,"real","Neutral",NA,NA,NA,NA,NA,NA
"2821","860349",NA,"resources/real_fg_memory_images/orig4.jpg",NA,"real","Scam",NA,NA,NA,NA,NA,NA
"2822","860349",NA,"resources/real_fg_memory_images/fg24.jpg",NA,"artificial","Scam",NA,NA,NA,NA,NA,NA
"2823","860349",NA,"resources/real_fg_memory_images/orig2.jpg",NA,"real","Scam",NA,NA,NA,NA,NA,NA
"2824","860349",NA,"resources/real_fg_memory_images/orig11.jpg",NA,"real","Neutral",NA,NA,NA,NA,NA,NA
"2825","860349",NA,"resources/real_fg_memory_images/orig9.jpg",NA,"real","Neutral",NA,NA,NA,NA,NA,NA
"2826","860349",NA,"resources/real_fg_memory_images/fg19.jpg",NA,"artificial","Scam",NA,NA,NA,NA,NA,NA
"2827","860349",NA,"resources/real_fg_memory_images/fg26.jpg",NA,"artificial","Neutral",NA,NA,NA,NA,NA,NA
"2828","860349",NA,"resources/real_fg_memory_images/fg27.jpg",NA,"artificial","Neutral",NA,NA,NA,NA,NA,NA
"2829","860349",NA,"resources/real_fg_memory_images/fg25.jpg",NA,"artificial","Neutral",NA,NA,NA,NA,NA,NA
"2830","860349",NA,"resources/real_fg_memory_images/fg30.jpg",NA,"artificial","Neutral",NA,NA,NA,NA,NA,NA
"2831","860349",NA,"resources/real_fg_memory_images/orig6.jpg",NA,"real","Scam",NA,NA,NA,NA,NA,NA
"2832","860349",NA,"resources/real_fg_memory_images/fg28.jpg",NA,"artificial","Neutral",NA,NA,NA,NA,NA,NA
"2833","860349",NA,"resources/real_fg_memory_images/orig5.jpg",NA,"real","Scam",NA,NA,NA,NA,NA,NA
"2834","860349",NA,"resources/real_fg_memory_images/fg22.jpg",NA,"artificial","Scam",NA,NA,NA,NA,NA,NA
"2835","860349",NA,"resources/real_fg_memory_images/orig1.jpg",NA,"real","Scam",NA,NA,NA,NA,NA,NA
"2836","860349",NA,"resources/real_fg_memory_images/fg20.jpg",NA,"artificial","Scam",NA,NA,NA,NA,NA,NA
"2837","860349",NA,"resources/real_fg_memory_images/orig8.jpg",NA,"real","Neutral",NA,NA,NA,NA,NA,NA
"2838","860349",NA,"resources/real_fg_memory_images/orig12.jpg",NA,"real","Neutral",NA,NA,NA,NA,NA,NA
"2839","860349",NA,"resources/real_fg_memory_images/orig3.jpg",NA,"real","Scam",NA,NA,NA,NA,NA,NA
"2840","860349",NA,NA,NA,NA,NA,NA,NA,NA,NA,NA,NA
"2841","860349",NA,"resources/real_fg_memory_images/orig10.jpg",NA,"real","Neutral","[""scam_button""]","8",NA,NA,NA,NA
"2842","860349",NA,"resources/real_fg_memory_images/orig7.jpg",NA,"real","Neutral","[""scam_button""]","7",NA,NA,NA,NA
"2843","860349",NA,"resources/real_fg_memory_images/orig2.jpg",NA,"real","Scam","[""scam_button""]","5",NA,NA,NA,NA
"2844","860349",NA,"resources/real_fg_memory_images/fg20.jpg",NA,"artificial","Scam","[""neutral_button""]","7",NA,NA,NA,NA
"2845","860349",NA,"resources/real_fg_memory_images/fg29.jpg",NA,"artificial","Neutral","[""neutral_button""]","7",NA,NA,NA,NA
"2846","860349",NA,"resources/real_fg_memory_images/orig8.jpg",NA,"real","Neutral","[""neutral_button""]","7",NA,NA,NA,NA
"2847","860349",NA,"resources/real_fg_memory_images/fg21.jpg",NA,"artificial","Scam","[""scam_button""]","8",NA,NA,NA,NA
"2848","860349",NA,"resources/real_fg_memory_images/orig12.jpg",NA,"real","Neutral","[""scam_button""]","8",NA,NA,NA,NA
"2849","860349",NA,"resources/real_fg_memory_images/fg26.jpg",NA,"artificial","Neutral","[""neutral_button""]","8",NA,NA,NA,NA
"2850","860349",NA,"resources/real_fg_memory_images/fg24.jpg",NA,"artificial","Scam","[""neutral_button""]","8",NA,NA,NA,NA
"2851","860349",NA,"resources/real_fg_memory_images/orig9.jpg",NA,"real","Neutral","[""neutral_button""]","6",NA,NA,NA,NA
"2852","860349",NA,"resources/real_fg_memory_images/fg19.jpg",NA,"artificial","Scam","[""scam_button""]","6",NA,NA,NA,NA
"2853","860349",NA,"resources/real_fg_memory_images/orig11.jpg",NA,"real","Neutral","[""neutral_button""]","7",NA,NA,NA,NA
"2854","860349",NA,"resources/real_fg_memory_images/orig3.jpg",NA,"real","Scam","[""scam_button""]","9",NA,NA,NA,NA
"2855","860349",NA,"resources/real_fg_memory_images/fg25.jpg",NA,"artificial","Neutral","[""neutral_button""]","7",NA,NA,NA,NA
"2856","860349",NA,"resources/real_fg_memory_images/fg28.jpg",NA,"artificial","Neutral","[""neutral_button""]","7",NA,NA,NA,NA
"2857","860349",NA,"resources/real_fg_memory_images/fg27.jpg",NA,"artificial","Neutral","[""neutral_button""]","7",NA,NA,NA,NA
"2858","860349",NA,"resources/real_fg_memory_images/fg23.jpg",NA,"artificial","Scam","[""scam_button""]","8",NA,NA,NA,NA
"2859","860349",NA,"resources/real_fg_memory_images/fg22.jpg",NA,"artificial","Scam","[""neutral_button""]","8",NA,NA,NA,NA
"2860","860349",NA,"resources/real_fg_memory_images/orig5.jpg",NA,"real","Scam","[""scam_button""]","7",NA,NA,NA,NA
"2861","860349",NA,"resources/real_fg_memory_images/orig1.jpg",NA,"real","Scam","[""scam_button""]","7",NA,NA,NA,NA
"2862","860349",NA,"resources/real_fg_memory_images/fg30.jpg",NA,"artificial","Neutral","[""neutral_button""]","8",NA,NA,NA,NA
"2863","860349",NA,"resources/real_fg_memory_images/orig6.jpg",NA,"real","Scam","[""neutral_button""]","7",NA,NA,NA,NA
"2864","860349",NA,"resources/real_fg_memory_images/orig4.jpg",NA,"real","Scam","[""neutral_button""]","6",NA,NA,NA,NA
"2865","860349",NA,NA,NA,NA,NA,NA,NA,NA,NA,NA,NA
"2866","860349",8,"resources/real_fg_memory_images/orig6.jpg","real",NA,NA,NA,NA,NA,NA,NA,NA
"2867","860349",7,"resources/real_fg_memory_images/orig10.jpg","real",NA,NA,NA,NA,NA,NA,NA,NA
"2868","860349",6,"resources/real_fg_memory_images/fg35.jpg","artificial",NA,NA,NA,NA,NA,NA,NA,NA
"2869","860349",8,"resources/real_fg_memory_images/orig8.jpg","real",NA,NA,NA,NA,NA,NA,NA,NA
"2870","860349",8,"resources/real_fg_memory_images/orig18.jpg","real",NA,NA,NA,NA,NA,NA,NA,NA
"2871","860349",7,"resources/real_fg_memory_images/orig5.jpg","real",NA,NA,NA,NA,NA,NA,NA,NA
"2872","860349",8,"resources/real_fg_memory_images/fg31.jpg","artificial",NA,NA,NA,NA,NA,NA,NA,NA
"2873","860349",7,"resources/real_fg_memory_images/fg20.jpg","artificial",NA,NA,NA,NA,NA,NA,NA,NA
"2874","860349",8,"resources/real_fg_memory_images/fg26.jpg","artificial",NA,NA,NA,NA,NA,NA,NA,NA
"2875","860349",7,"resources/real_fg_memory_images/fg27.jpg","artificial",NA,NA,NA,NA,NA,NA,NA,NA
"2876","860349",6,"resources/real_fg_memory_images/orig17.jpg","real",NA,NA,NA,NA,NA,NA,NA,NA
"2877","860349",7,"resources/real_fg_memory_images/fg34.jpg","artificial",NA,NA,NA,NA,NA,NA,NA,NA
"2878","860349",8,"resources/real_fg_memory_images/fg30.jpg","artificial",NA,NA,NA,NA,NA,NA,NA,NA
"2879","860349",7,"resources/real_fg_memory_images/fg28.jpg","artificial",NA,NA,NA,NA,NA,NA,NA,NA
"2880","860349",7,"resources/real_fg_memory_images/fg25.jpg","artificial",NA,NA,NA,NA,NA,NA,NA,NA
"2881","860349",6,"resources/real_fg_memory_images/orig14.jpg","real",NA,NA,NA,NA,NA,NA,NA,NA
"2882","860349",6,"resources/real_fg_memory_images/orig3.jpg","real",NA,NA,NA,NA,NA,NA,NA,NA
"2883","860349",7,"resources/real_fg_memory_images/orig13.jpg","real",NA,NA,NA,NA,NA,NA,NA,NA
"2884","860349",7,"resources/real_fg_memory_images/fg19.jpg","artificial",NA,NA,NA,NA,NA,NA,NA,NA
"2885","860349",8,"resources/real_fg_memory_images/orig16.jpg","real",NA,NA,NA,NA,NA,NA,NA,NA
"2886","860349",6,"resources/real_fg_memory_images/fg32.jpg","artificial",NA,NA,NA,NA,NA,NA,NA,NA
"2887","860349",7,"resources/real_fg_memory_images/orig15.jpg","real",NA,NA,NA,NA,NA,NA,NA,NA
"2888","860349",8,"resources/real_fg_memory_images/fg36.jpg","artificial",NA,NA,NA,NA,NA,NA,NA,NA
"2889","860349",7,"resources/real_fg_memory_images/fg22.jpg","artificial",NA,NA,NA,NA,NA,NA,NA,NA
"2890","860349",6,"resources/real_fg_memory_images/orig4.jpg","real",NA,NA,NA,NA,NA,NA,NA,NA
"2891","860349",6,"resources/real_fg_memory_images/orig2.jpg","real",NA,NA,NA,NA,NA,NA,NA,NA
"2892","860349",7,"resources/real_fg_memory_images/orig11.jpg","real",NA,NA,NA,NA,NA,NA,NA,NA
"2893","860349",5,"resources/real_fg_memory_images/fg21.jpg","artificial",NA,NA,NA,NA,NA,NA,NA,NA
"2894","860349",5,"resources/real_fg_memory_images/orig1.jpg","real",NA,NA,NA,NA,NA,NA,NA,NA
"2895","860349",7,"resources/real_fg_memory_images/fg24.jpg","artificial",NA,NA,NA,NA,NA,NA,NA,NA
"2896","860349",6,"resources/real_fg_memory_images/orig9.jpg","real",NA,NA,NA,NA,NA,NA,NA,NA
"2897","860349",6,"resources/real_fg_memory_images/orig12.jpg","real",NA,NA,NA,NA,NA,NA,NA,NA
"2898","860349",7,"resources/real_fg_memory_images/fg33.jpg","artificial",NA,NA,NA,NA,NA,NA,NA,NA
"2899","860349",7,"resources/real_fg_memory_images/fg29.jpg","artificial",NA,NA,NA,NA,NA,NA,NA,NA
"2900","860349",6,"resources/real_fg_memory_images/orig7.jpg","real",NA,NA,NA,NA,NA,NA,NA,NA
"2901","860349",7,"resources/real_fg_memory_images/fg23.jpg","artificial",NA,NA,NA,NA,NA,NA,NA,NA
"2902","860349",NA,NA,NA,NA,NA,NA,NA,NA,NA,NA,NA
"2903","860349",NA,NA,NA,NA,NA,NA,NA,4,"Persons over the age of 65 are often targeted by con-artists",NA,NA
"2904","860349",NA,NA,NA,NA,NA,NA,NA,1,"If a telemarketer calls me, I usually listen to what they have to say",NA,NA
"2905","860349",NA,NA,NA,NA,NA,NA,NA,2,"I answer the phone whenever it rings, even if I do not know who is calling",NA,NA
"2906","860349",NA,NA,NA,NA,NA,NA,NA,4,"If something sounds too good to be true, it usually is",NA,NA
"2907","860349",NA,NA,NA,NA,NA,NA,NA,2,"I have difficulty ending a phone call, even if the caller is a telemarketer, someone I do not know, or someone I do not wish to call me",NA,NA
"2908","860349",NA,NA,NA,NA,NA,NA,NA,NA,NA,NA,NA
"2909","860349",NA,NA,NA,NA,NA,NA,NA,NA,NA,"[""male_option""]",NA
"2910","860349",NA,NA,NA,NA,NA,NA,NA,NA,NA,NA,67
"2911","860349",NA,NA,NA,NA,NA,NA,NA,NA,NA,NA,NA
"2912","860349",NA,NA,NA,NA,NA,NA,NA,NA,NA,NA,NA
"2913","860349",NA,NA,NA,NA,NA,NA,NA,NA,NA,NA,NA
"2914","860349",NA,NA,NA,NA,NA,NA,NA,NA,NA,NA,NA
"2915","860349",NA,NA,NA,NA,NA,NA,NA,NA,NA,NA,NA
"2916","860349",NA,NA,NA,NA,NA,NA,NA,NA,NA,NA,NA
"2917","860349",NA,NA,NA,NA,NA,NA,NA,NA,NA,NA,NA
"2918","860349",NA,NA,NA,NA,NA,NA,NA,NA,NA,NA,NA
"2919","860349",NA,NA,NA,NA,NA,NA,NA,NA,NA,NA,NA
"2920","860349",NA,NA,NA,NA,NA,NA,NA,NA,NA,NA,NA
"2921","891997",NA,NA,NA,NA,NA,NA,NA,NA,NA,NA,NA
"2922","891997",NA,NA,NA,NA,NA,NA,NA,NA,NA,NA,NA
"2923","891997",NA,NA,NA,NA,NA,NA,NA,NA,NA,NA,NA
"2924","891997",NA,NA,NA,NA,NA,NA,NA,NA,NA,NA,NA
"2925","891997",5,"resources/real_fg_memory_images/fg36.jpg","artificial",NA,NA,NA,NA,NA,NA,NA,NA
"2926","891997",5,"resources/real_fg_memory_images/fg30.jpg","artificial",NA,NA,NA,NA,NA,NA,NA,NA
"2927","891997",6,"resources/real_fg_memory_images/orig12.jpg","real",NA,NA,NA,NA,NA,NA,NA,NA
"2928","891997",6,"resources/real_fg_memory_images/orig14.jpg","real",NA,NA,NA,NA,NA,NA,NA,NA
"2929","891997",6,"resources/real_fg_memory_images/fg34.jpg","artificial",NA,NA,NA,NA,NA,NA,NA,NA
"2930","891997",4,"resources/real_fg_memory_images/fg35.jpg","artificial",NA,NA,NA,NA,NA,NA,NA,NA
"2931","891997",5,"resources/real_fg_memory_images/fg33.jpg","artificial",NA,NA,NA,NA,NA,NA,NA,NA
"2932","891997",7,"resources/real_fg_memory_images/orig18.jpg","real",NA,NA,NA,NA,NA,NA,NA,NA
"2933","891997",6,"resources/real_fg_memory_images/fg20.jpg","artificial",NA,NA,NA,NA,NA,NA,NA,NA
"2934","891997",7,"resources/real_fg_memory_images/fg32.jpg","artificial",NA,NA,NA,NA,NA,NA,NA,NA
"2935","891997",3,"resources/real_fg_memory_images/orig1.jpg","real",NA,NA,NA,NA,NA,NA,NA,NA
"2936","891997",2,"resources/real_fg_memory_images/orig5.jpg","real",NA,NA,NA,NA,NA,NA,NA,NA
"2937","891997",2,"resources/real_fg_memory_images/orig10.jpg","real",NA,NA,NA,NA,NA,NA,NA,NA
"2938","891997",4,"resources/real_fg_memory_images/orig17.jpg","real",NA,NA,NA,NA,NA,NA,NA,NA
"2939","891997",5,"resources/real_fg_memory_images/fg25.jpg","artificial",NA,NA,NA,NA,NA,NA,NA,NA
"2940","891997",8,"resources/real_fg_memory_images/orig13.jpg","real",NA,NA,NA,NA,NA,NA,NA,NA
"2941","891997",5,"resources/real_fg_memory_images/orig15.jpg","real",NA,NA,NA,NA,NA,NA,NA,NA
"2942","891997",4,"resources/real_fg_memory_images/orig2.jpg","real",NA,NA,NA,NA,NA,NA,NA,NA
"2943","891997",3,"resources/real_fg_memory_images/fg22.jpg","artificial",NA,NA,NA,NA,NA,NA,NA,NA
"2944","891997",5,"resources/real_fg_memory_images/orig7.jpg","real",NA,NA,NA,NA,NA,NA,NA,NA
"2945","891997",4,"resources/real_fg_memory_images/fg23.jpg","artificial",NA,NA,NA,NA,NA,NA,NA,NA
"2946","891997",2,"resources/real_fg_memory_images/fg27.jpg","artificial",NA,NA,NA,NA,NA,NA,NA,NA
"2947","891997",8,"resources/real_fg_memory_images/fg24.jpg","artificial",NA,NA,NA,NA,NA,NA,NA,NA
"2948","891997",1,"resources/real_fg_memory_images/orig8.jpg","real",NA,NA,NA,NA,NA,NA,NA,NA
"2949","891997",2,"resources/real_fg_memory_images/fg29.jpg","artificial",NA,NA,NA,NA,NA,NA,NA,NA
"2950","891997",7,"resources/real_fg_memory_images/orig11.jpg","real",NA,NA,NA,NA,NA,NA,NA,NA
"2951","891997",4,"resources/real_fg_memory_images/orig9.jpg","real",NA,NA,NA,NA,NA,NA,NA,NA
"2952","891997",1,"resources/real_fg_memory_images/orig3.jpg","real",NA,NA,NA,NA,NA,NA,NA,NA
"2953","891997",9,"resources/real_fg_memory_images/orig6.jpg","real",NA,NA,NA,NA,NA,NA,NA,NA
"2954","891997",10,"resources/real_fg_memory_images/orig4.jpg","real",NA,NA,NA,NA,NA,NA,NA,NA
"2955","891997",4,"resources/real_fg_memory_images/fg21.jpg","artificial",NA,NA,NA,NA,NA,NA,NA,NA
"2956","891997",3,"resources/real_fg_memory_images/fg19.jpg","artificial",NA,NA,NA,NA,NA,NA,NA,NA
"2957","891997",3,"resources/real_fg_memory_images/fg26.jpg","artificial",NA,NA,NA,NA,NA,NA,NA,NA
"2958","891997",2,"resources/real_fg_memory_images/fg28.jpg","artificial",NA,NA,NA,NA,NA,NA,NA,NA
"2959","891997",1,"resources/real_fg_memory_images/fg31.jpg","artificial",NA,NA,NA,NA,NA,NA,NA,NA
"2960","891997",22,"resources/real_fg_memory_images/orig16.jpg","real",NA,NA,NA,NA,NA,NA,NA,NA
"2961","891997",NA,NA,NA,NA,NA,NA,NA,NA,NA,NA,NA
"2962","891997",NA,"resources/real_fg_memory_images/orig3.jpg",NA,"real","Scam",NA,NA,NA,NA,NA,NA
"2963","891997",NA,"resources/real_fg_memory_images/fg24.jpg",NA,"artificial","Scam",NA,NA,NA,NA,NA,NA
"2964","891997",NA,"resources/real_fg_memory_images/orig11.jpg",NA,"real","Neutral",NA,NA,NA,NA,NA,NA
"2965","891997",NA,"resources/real_fg_memory_images/fg26.jpg",NA,"artificial","Neutral",NA,NA,NA,NA,NA,NA
"2966","891997",NA,"resources/real_fg_memory_images/orig10.jpg",NA,"real","Neutral",NA,NA,NA,NA,NA,NA
"2967","891997",NA,"resources/real_fg_memory_images/orig12.jpg",NA,"real","Neutral",NA,NA,NA,NA,NA,NA
"2968","891997",NA,"resources/real_fg_memory_images/orig9.jpg",NA,"real","Neutral",NA,NA,NA,NA,NA,NA
"2969","891997",NA,"resources/real_fg_memory_images/fg21.jpg",NA,"artificial","Scam",NA,NA,NA,NA,NA,NA
"2970","891997",NA,"resources/real_fg_memory_images/orig4.jpg",NA,"real","Scam",NA,NA,NA,NA,NA,NA
"2971","891997",NA,"resources/real_fg_memory_images/orig8.jpg",NA,"real","Neutral",NA,NA,NA,NA,NA,NA
"2972","891997",NA,"resources/real_fg_memory_images/fg30.jpg",NA,"artificial","Neutral",NA,NA,NA,NA,NA,NA
"2973","891997",NA,"resources/real_fg_memory_images/fg25.jpg",NA,"artificial","Neutral",NA,NA,NA,NA,NA,NA
"2974","891997",NA,"resources/real_fg_memory_images/fg23.jpg",NA,"artificial","Scam",NA,NA,NA,NA,NA,NA
"2975","891997",NA,"resources/real_fg_memory_images/orig2.jpg",NA,"real","Scam",NA,NA,NA,NA,NA,NA
"2976","891997",NA,"resources/real_fg_memory_images/fg29.jpg",NA,"artificial","Neutral",NA,NA,NA,NA,NA,NA
"2977","891997",NA,"resources/real_fg_memory_images/fg20.jpg",NA,"artificial","Scam",NA,NA,NA,NA,NA,NA
"2978","891997",NA,"resources/real_fg_memory_images/orig5.jpg",NA,"real","Scam",NA,NA,NA,NA,NA,NA
"2979","891997",NA,"resources/real_fg_memory_images/orig7.jpg",NA,"real","Neutral",NA,NA,NA,NA,NA,NA
"2980","891997",NA,"resources/real_fg_memory_images/fg22.jpg",NA,"artificial","Scam",NA,NA,NA,NA,NA,NA
"2981","891997",NA,"resources/real_fg_memory_images/fg19.jpg",NA,"artificial","Scam",NA,NA,NA,NA,NA,NA
"2982","891997",NA,"resources/real_fg_memory_images/orig1.jpg",NA,"real","Scam",NA,NA,NA,NA,NA,NA
"2983","891997",NA,"resources/real_fg_memory_images/orig6.jpg",NA,"real","Scam",NA,NA,NA,NA,NA,NA
"2984","891997",NA,"resources/real_fg_memory_images/fg27.jpg",NA,"artificial","Neutral",NA,NA,NA,NA,NA,NA
"2985","891997",NA,"resources/real_fg_memory_images/fg28.jpg",NA,"artificial","Neutral",NA,NA,NA,NA,NA,NA
"2986","891997",NA,NA,NA,NA,NA,NA,NA,NA,NA,NA,NA
"2987","891997",NA,"resources/real_fg_memory_images/orig2.jpg",NA,"real","Scam","[""scam_button""]","5",NA,NA,NA,NA
"2988","891997",NA,"resources/real_fg_memory_images/orig5.jpg",NA,"real","Scam","[""neutral_button""]","5",NA,NA,NA,NA
"2989","891997",NA,"resources/real_fg_memory_images/orig6.jpg",NA,"real","Scam","[""scam_button""]","7",NA,NA,NA,NA
"2990","891997",NA,"resources/real_fg_memory_images/fg28.jpg",NA,"artificial","Neutral","[""scam_button""]","6",NA,NA,NA,NA
"2991","891997",NA,"resources/real_fg_memory_images/orig7.jpg",NA,"real","Neutral","[""neutral_button""]","4",NA,NA,NA,NA
"2992","891997",NA,"resources/real_fg_memory_images/fg30.jpg",NA,"artificial","Neutral","[""neutral_button""]","5",NA,NA,NA,NA
"2993","891997",NA,"resources/real_fg_memory_images/orig4.jpg",NA,"real","Scam","[""scam_button""]","7",NA,NA,NA,NA
"2994","891997",NA,"resources/real_fg_memory_images/fg19.jpg",NA,"artificial","Scam","[""scam_button""]","8",NA,NA,NA,NA
"2995","891997",NA,"resources/real_fg_memory_images/orig1.jpg",NA,"real","Scam","[""scam_button""]","7",NA,NA,NA,NA
"2996","891997",NA,"resources/real_fg_memory_images/fg20.jpg",NA,"artificial","Scam","[""scam_button""]","6",NA,NA,NA,NA
"2997","891997",NA,"resources/real_fg_memory_images/fg24.jpg",NA,"artificial","Scam","[""scam_button""]","8",NA,NA,NA,NA
"2998","891997",NA,"resources/real_fg_memory_images/fg23.jpg",NA,"artificial","Scam","[""scam_button""]","8",NA,NA,NA,NA
"2999","891997",NA,"resources/real_fg_memory_images/fg27.jpg",NA,"artificial","Neutral","[""neutral_button""]","7",NA,NA,NA,NA
"3000","891997",NA,"resources/real_fg_memory_images/fg22.jpg",NA,"artificial","Scam","[""neutral_button""]","7",NA,NA,NA,NA
"3001","891997",NA,"resources/real_fg_memory_images/fg29.jpg",NA,"artificial","Neutral","[""neutral_button""]","4",NA,NA,NA,NA
"3002","891997",NA,"resources/real_fg_memory_images/orig8.jpg",NA,"real","Neutral","[""neutral_button""]","355",NA,NA,NA,NA
"3003","891997",NA,"resources/real_fg_memory_images/orig9.jpg",NA,"real","Neutral","[""neutral_button""]","6",NA,NA,NA,NA
"3004","891997",NA,"resources/real_fg_memory_images/orig3.jpg",NA,"real","Scam","[""scam_button""]","7",NA,NA,NA,NA
"3005","891997",NA,"resources/real_fg_memory_images/fg26.jpg",NA,"artificial","Neutral","[""scam_button""]","8",NA,NA,NA,NA
"3006","891997",NA,"resources/real_fg_memory_images/fg21.jpg",NA,"artificial","Scam","[""scam_button""]","8",NA,NA,NA,NA
"3007","891997",NA,"resources/real_fg_memory_images/orig12.jpg",NA,"real","Neutral","[""scam_button""]","8",NA,NA,NA,NA
"3008","891997",NA,"resources/real_fg_memory_images/orig10.jpg",NA,"real","Neutral","[""neutral_button""]","7",NA,NA,NA,NA
"3009","891997",NA,"resources/real_fg_memory_images/fg25.jpg",NA,"artificial","Neutral","[""neutral_button""]","8",NA,NA,NA,NA
"3010","891997",NA,"resources/real_fg_memory_images/orig11.jpg",NA,"real","Neutral","[""scam_button""]","6",NA,NA,NA,NA
"3011","891997",NA,NA,NA,NA,NA,NA,NA,NA,NA,NA,NA
"3012","891997",5,"resources/real_fg_memory_images/fg26.jpg","artificial",NA,NA,NA,NA,NA,NA,NA,NA
"3013","891997",5,"resources/real_fg_memory_images/fg22.jpg","artificial",NA,NA,NA,NA,NA,NA,NA,NA
"3014","891997",3,"resources/real_fg_memory_images/fg30.jpg","artificial",NA,NA,NA,NA,NA,NA,NA,NA
"3015","891997",3,"resources/real_fg_memory_images/orig18.jpg","real",NA,NA,NA,NA,NA,NA,NA,NA
"3016","891997",2,"resources/real_fg_memory_images/fg21.jpg","artificial",NA,NA,NA,NA,NA,NA,NA,NA
"3017","891997",1,"resources/real_fg_memory_images/fg32.jpg","artificial",NA,NA,NA,NA,NA,NA,NA,NA
"3018","891997",6,"resources/real_fg_memory_images/fg20.jpg","artificial",NA,NA,NA,NA,NA,NA,NA,NA
"3019","891997",4,"resources/real_fg_memory_images/fg35.jpg","artificial",NA,NA,NA,NA,NA,NA,NA,NA
"3020","891997",7,"resources/real_fg_memory_images/orig1.jpg","real",NA,NA,NA,NA,NA,NA,NA,NA
"3021","891997",3,"resources/real_fg_memory_images/fg29.jpg","artificial",NA,NA,NA,NA,NA,NA,NA,NA
"3022","891997",2,"resources/real_fg_memory_images/fg33.jpg","artificial",NA,NA,NA,NA,NA,NA,NA,NA
"3023","891997",4,"resources/real_fg_memory_images/orig8.jpg","real",NA,NA,NA,NA,NA,NA,NA,NA
"3024","891997",1,"resources/real_fg_memory_images/fg24.jpg","artificial",NA,NA,NA,NA,NA,NA,NA,NA
"3025","891997",1,"resources/real_fg_memory_images/fg23.jpg","artificial",NA,NA,NA,NA,NA,NA,NA,NA
"3026","891997",1,"resources/real_fg_memory_images/orig4.jpg","real",NA,NA,NA,NA,NA,NA,NA,NA
"3027","891997",3,"resources/real_fg_memory_images/orig9.jpg","real",NA,NA,NA,NA,NA,NA,NA,NA
"3028","891997",7,"resources/real_fg_memory_images/orig5.jpg","real",NA,NA,NA,NA,NA,NA,NA,NA
"3029","891997",1,"resources/real_fg_memory_images/fg25.jpg","artificial",NA,NA,NA,NA,NA,NA,NA,NA
"3030","891997",7,"resources/real_fg_memory_images/orig7.jpg","real",NA,NA,NA,NA,NA,NA,NA,NA
"3031","891997",1,"resources/real_fg_memory_images/orig12.jpg","real",NA,NA,NA,NA,NA,NA,NA,NA
"3032","891997",3,"resources/real_fg_memory_images/orig2.jpg","real",NA,NA,NA,NA,NA,NA,NA,NA
"3033","891997",2,"resources/real_fg_memory_images/fg27.jpg","artificial",NA,NA,NA,NA,NA,NA,NA,NA
"3034","891997",3,"resources/real_fg_memory_images/orig6.jpg","real",NA,NA,NA,NA,NA,NA,NA,NA
"3035","891997",7,"resources/real_fg_memory_images/orig15.jpg","real",NA,NA,NA,NA,NA,NA,NA,NA
"3036","891997",2,"resources/real_fg_memory_images/orig11.jpg","real",NA,NA,NA,NA,NA,NA,NA,NA
"3037","891997",3,"resources/real_fg_memory_images/fg31.jpg","artificial",NA,NA,NA,NA,NA,NA,NA,NA
"3038","891997",3,"resources/real_fg_memory_images/orig10.jpg","real",NA,NA,NA,NA,NA,NA,NA,NA
"3039","891997",2,"resources/real_fg_memory_images/fg19.jpg","artificial",NA,NA,NA,NA,NA,NA,NA,NA
"3040","891997",1,"resources/real_fg_memory_images/orig3.jpg","real",NA,NA,NA,NA,NA,NA,NA,NA
"3041","891997",1,"resources/real_fg_memory_images/orig14.jpg","real",NA,NA,NA,NA,NA,NA,NA,NA
"3042","891997",0,"resources/real_fg_memory_images/fg34.jpg","artificial",NA,NA,NA,NA,NA,NA,NA,NA
"3043","891997",1,"resources/real_fg_memory_images/fg36.jpg","artificial",NA,NA,NA,NA,NA,NA,NA,NA
"3044","891997",1,"resources/real_fg_memory_images/orig16.jpg","real",NA,NA,NA,NA,NA,NA,NA,NA
"3045","891997",1,"resources/real_fg_memory_images/orig17.jpg","real",NA,NA,NA,NA,NA,NA,NA,NA
"3046","891997",2,"resources/real_fg_memory_images/orig13.jpg","real",NA,NA,NA,NA,NA,NA,NA,NA
"3047","891997",1,"resources/real_fg_memory_images/fg28.jpg","artificial",NA,NA,NA,NA,NA,NA,NA,NA
"3048","891997",NA,NA,NA,NA,NA,NA,NA,NA,NA,NA,NA
"3049","891997",NA,NA,NA,NA,NA,NA,NA,3,"I answer the phone whenever it rings, even if I do not know who is calling",NA,NA
"3050","891997",NA,NA,NA,NA,NA,NA,NA,5,"If something sounds too good to be true, it usually is",NA,NA
"3051","891997",NA,NA,NA,NA,NA,NA,NA,2,"I have difficulty ending a phone call, even if the caller is a telemarketer, someone I do not know, or someone I do not wish to call me",NA,NA
"3052","891997",NA,NA,NA,NA,NA,NA,NA,2,"If a telemarketer calls me, I usually listen to what they have to say",NA,NA
"3053","891997",NA,NA,NA,NA,NA,NA,NA,2,"Persons over the age of 65 are often targeted by con-artists",NA,NA
"3054","891997",NA,NA,NA,NA,NA,NA,NA,NA,NA,NA,NA
"3055","891997",NA,NA,NA,NA,NA,NA,NA,NA,NA,"[""male_option""]",NA
"3056","891997",NA,NA,NA,NA,NA,NA,NA,NA,NA,NA,79
"3057","891997",NA,NA,NA,NA,NA,NA,NA,NA,NA,NA,NA
"3058","891997",NA,NA,NA,NA,NA,NA,NA,NA,NA,NA,NA
"3059","891997",NA,NA,NA,NA,NA,NA,NA,NA,NA,NA,NA
"3060","891997",NA,NA,NA,NA,NA,NA,NA,NA,NA,NA,NA
"3061","891997",NA,NA,NA,NA,NA,NA,NA,NA,NA,NA,NA
"3062","891997",NA,NA,NA,NA,NA,NA,NA,NA,NA,NA,NA
"3063","891997",NA,NA,NA,NA,NA,NA,NA,NA,NA,NA,NA
"3064","891997",NA,NA,NA,NA,NA,NA,NA,NA,NA,NA,NA
"3065","891997",NA,NA,NA,NA,NA,NA,NA,NA,NA,NA,NA
"3066","891997",NA,NA,NA,NA,NA,NA,NA,NA,NA,NA,NA
"3067","899929",NA,NA,NA,NA,NA,NA,NA,NA,NA,NA,NA
"3068","899929",NA,NA,NA,NA,NA,NA,NA,NA,NA,NA,NA
"3069","899929",NA,NA,NA,NA,NA,NA,NA,NA,NA,NA,NA
"3070","899929",NA,NA,NA,NA,NA,NA,NA,NA,NA,NA,NA
"3071","899929",9,"resources/real_fg_memory_images/orig4.jpg","real",NA,NA,NA,NA,NA,NA,NA,NA
"3072","899929",5,"resources/real_fg_memory_images/orig12.jpg","real",NA,NA,NA,NA,NA,NA,NA,NA
"3073","899929",5,"resources/real_fg_memory_images/orig5.jpg","real",NA,NA,NA,NA,NA,NA,NA,NA
"3074","899929",6,"resources/real_fg_memory_images/orig7.jpg","real",NA,NA,NA,NA,NA,NA,NA,NA
"3075","899929",6,"resources/real_fg_memory_images/fg24.jpg","artificial",NA,NA,NA,NA,NA,NA,NA,NA
"3076","899929",4,"resources/real_fg_memory_images/fg23.jpg","artificial",NA,NA,NA,NA,NA,NA,NA,NA
"3077","899929",6,"resources/real_fg_memory_images/fg22.jpg","artificial",NA,NA,NA,NA,NA,NA,NA,NA
"3078","899929",8,"resources/real_fg_memory_images/orig16.jpg","real",NA,NA,NA,NA,NA,NA,NA,NA
"3079","899929",5,"resources/real_fg_memory_images/orig3.jpg","real",NA,NA,NA,NA,NA,NA,NA,NA
"3080","899929",7,"resources/real_fg_memory_images/fg31.jpg","artificial",NA,NA,NA,NA,NA,NA,NA,NA
"3081","899929",5,"resources/real_fg_memory_images/fg33.jpg","artificial",NA,NA,NA,NA,NA,NA,NA,NA
"3082","899929",7,"resources/real_fg_memory_images/fg27.jpg","artificial",NA,NA,NA,NA,NA,NA,NA,NA
"3083","899929",6,"resources/real_fg_memory_images/fg32.jpg","artificial",NA,NA,NA,NA,NA,NA,NA,NA
"3084","899929",4,"resources/real_fg_memory_images/orig10.jpg","real",NA,NA,NA,NA,NA,NA,NA,NA
"3085","899929",7,"resources/real_fg_memory_images/fg30.jpg","artificial",NA,NA,NA,NA,NA,NA,NA,NA
"3086","899929",5,"resources/real_fg_memory_images/orig1.jpg","real",NA,NA,NA,NA,NA,NA,NA,NA
"3087","899929",7,"resources/real_fg_memory_images/orig8.jpg","real",NA,NA,NA,NA,NA,NA,NA,NA
"3088","899929",5,"resources/real_fg_memory_images/fg19.jpg","artificial",NA,NA,NA,NA,NA,NA,NA,NA
"3089","899929",7,"resources/real_fg_memory_images/fg29.jpg","artificial",NA,NA,NA,NA,NA,NA,NA,NA
"3090","899929",7,"resources/real_fg_memory_images/fg28.jpg","artificial",NA,NA,NA,NA,NA,NA,NA,NA
"3091","899929",5,"resources/real_fg_memory_images/fg25.jpg","artificial",NA,NA,NA,NA,NA,NA,NA,NA
"3092","899929",5,"resources/real_fg_memory_images/fg36.jpg","artificial",NA,NA,NA,NA,NA,NA,NA,NA
"3093","899929",4,"resources/real_fg_memory_images/fg20.jpg","artificial",NA,NA,NA,NA,NA,NA,NA,NA
"3094","899929",7,"resources/real_fg_memory_images/fg26.jpg","artificial",NA,NA,NA,NA,NA,NA,NA,NA
"3095","899929",4,"resources/real_fg_memory_images/orig18.jpg","real",NA,NA,NA,NA,NA,NA,NA,NA
"3096","899929",8,"resources/real_fg_memory_images/orig15.jpg","real",NA,NA,NA,NA,NA,NA,NA,NA
"3097","899929",3,"resources/real_fg_memory_images/orig13.jpg","real",NA,NA,NA,NA,NA,NA,NA,NA
"3098","899929",6,"resources/real_fg_memory_images/fg34.jpg","artificial",NA,NA,NA,NA,NA,NA,NA,NA
"3099","899929",7,"resources/real_fg_memory_images/orig17.jpg","real",NA,NA,NA,NA,NA,NA,NA,NA
"3100","899929",2,"resources/real_fg_memory_images/orig9.jpg","real",NA,NA,NA,NA,NA,NA,NA,NA
"3101","899929",6,"resources/real_fg_memory_images/orig6.jpg","real",NA,NA,NA,NA,NA,NA,NA,NA
"3102","899929",6,"resources/real_fg_memory_images/fg21.jpg","artificial",NA,NA,NA,NA,NA,NA,NA,NA
"3103","899929",3,"resources/real_fg_memory_images/fg35.jpg","artificial",NA,NA,NA,NA,NA,NA,NA,NA
"3104","899929",4,"resources/real_fg_memory_images/orig2.jpg","real",NA,NA,NA,NA,NA,NA,NA,NA
"3105","899929",6,"resources/real_fg_memory_images/orig14.jpg","real",NA,NA,NA,NA,NA,NA,NA,NA
"3106","899929",7,"resources/real_fg_memory_images/orig11.jpg","real",NA,NA,NA,NA,NA,NA,NA,NA
"3107","899929",NA,NA,NA,NA,NA,NA,NA,NA,NA,NA,NA
"3108","899929",NA,"resources/real_fg_memory_images/fg21.jpg",NA,"artificial","Scam",NA,NA,NA,NA,NA,NA
"3109","899929",NA,"resources/real_fg_memory_images/fg22.jpg",NA,"artificial","Scam",NA,NA,NA,NA,NA,NA
"3110","899929",NA,"resources/real_fg_memory_images/fg28.jpg",NA,"artificial","Neutral",NA,NA,NA,NA,NA,NA
"3111","899929",NA,"resources/real_fg_memory_images/fg29.jpg",NA,"artificial","Neutral",NA,NA,NA,NA,NA,NA
"3112","899929",NA,"resources/real_fg_memory_images/orig3.jpg",NA,"real","Scam",NA,NA,NA,NA,NA,NA
"3113","899929",NA,"resources/real_fg_memory_images/fg26.jpg",NA,"artificial","Neutral",NA,NA,NA,NA,NA,NA
"3114","899929",NA,"resources/real_fg_memory_images/orig7.jpg",NA,"real","Neutral",NA,NA,NA,NA,NA,NA
"3115","899929",NA,"resources/real_fg_memory_images/orig8.jpg",NA,"real","Neutral",NA,NA,NA,NA,NA,NA
"3116","899929",NA,"resources/real_fg_memory_images/fg24.jpg",NA,"artificial","Scam",NA,NA,NA,NA,NA,NA
"3117","899929",NA,"resources/real_fg_memory_images/orig4.jpg",NA,"real","Scam",NA,NA,NA,NA,NA,NA
"3118","899929",NA,"resources/real_fg_memory_images/orig10.jpg",NA,"real","Neutral",NA,NA,NA,NA,NA,NA
"3119","899929",NA,"resources/real_fg_memory_images/fg20.jpg",NA,"artificial","Scam",NA,NA,NA,NA,NA,NA
"3120","899929",NA,"resources/real_fg_memory_images/fg25.jpg",NA,"artificial","Neutral",NA,NA,NA,NA,NA,NA
"3121","899929",NA,"resources/real_fg_memory_images/orig11.jpg",NA,"real","Neutral",NA,NA,NA,NA,NA,NA
"3122","899929",NA,"resources/real_fg_memory_images/orig5.jpg",NA,"real","Scam",NA,NA,NA,NA,NA,NA
"3123","899929",NA,"resources/real_fg_memory_images/fg19.jpg",NA,"artificial","Scam",NA,NA,NA,NA,NA,NA
"3124","899929",NA,"resources/real_fg_memory_images/orig12.jpg",NA,"real","Neutral",NA,NA,NA,NA,NA,NA
"3125","899929",NA,"resources/real_fg_memory_images/orig9.jpg",NA,"real","Neutral",NA,NA,NA,NA,NA,NA
"3126","899929",NA,"resources/real_fg_memory_images/fg27.jpg",NA,"artificial","Neutral",NA,NA,NA,NA,NA,NA
"3127","899929",NA,"resources/real_fg_memory_images/orig1.jpg",NA,"real","Scam",NA,NA,NA,NA,NA,NA
"3128","899929",NA,"resources/real_fg_memory_images/orig2.jpg",NA,"real","Scam",NA,NA,NA,NA,NA,NA
"3129","899929",NA,"resources/real_fg_memory_images/orig6.jpg",NA,"real","Scam",NA,NA,NA,NA,NA,NA
"3130","899929",NA,"resources/real_fg_memory_images/fg30.jpg",NA,"artificial","Neutral",NA,NA,NA,NA,NA,NA
"3131","899929",NA,"resources/real_fg_memory_images/fg23.jpg",NA,"artificial","Scam",NA,NA,NA,NA,NA,NA
"3132","899929",NA,NA,NA,NA,NA,NA,NA,NA,NA,NA,NA
"3133","899929",NA,"resources/real_fg_memory_images/orig3.jpg",NA,"real","Scam","[""scam_button""]","10",NA,NA,NA,NA
"3134","899929",NA,"resources/real_fg_memory_images/orig8.jpg",NA,"real","Neutral","[""neutral_button""]","8",NA,NA,NA,NA
"3135","899929",NA,"resources/real_fg_memory_images/orig6.jpg",NA,"real","Scam","[""scam_button""]","5",NA,NA,NA,NA
"3136","899929",NA,"resources/real_fg_memory_images/fg30.jpg",NA,"artificial","Neutral","[""neutral_button""]","5",NA,NA,NA,NA
"3137","899929",NA,"resources/real_fg_memory_images/fg19.jpg",NA,"artificial","Scam","[""scam_button""]","5",NA,NA,NA,NA
"3138","899929",NA,"resources/real_fg_memory_images/fg22.jpg",NA,"artificial","Scam","[""scam_button""]","9",NA,NA,NA,NA
"3139","899929",NA,"resources/real_fg_memory_images/orig11.jpg",NA,"real","Neutral","[""neutral_button""]","10",NA,NA,NA,NA
"3140","899929",NA,"resources/real_fg_memory_images/fg26.jpg",NA,"artificial","Neutral","[""neutral_button""]","8",NA,NA,NA,NA
"3141","899929",NA,"resources/real_fg_memory_images/fg28.jpg",NA,"artificial","Neutral","[""neutral_button""]","7",NA,NA,NA,NA
"3142","899929",NA,"resources/real_fg_memory_images/fg21.jpg",NA,"artificial","Scam","[""neutral_button""]","4",NA,NA,NA,NA
"3143","899929",NA,"resources/real_fg_memory_images/fg20.jpg",NA,"artificial","Scam","[""neutral_button""]","3",NA,NA,NA,NA
"3144","899929",NA,"resources/real_fg_memory_images/fg29.jpg",NA,"artificial","Neutral","[""neutral_button""]","7",NA,NA,NA,NA
"3145","899929",NA,"resources/real_fg_memory_images/fg25.jpg",NA,"artificial","Neutral","[""neutral_button""]","0",NA,NA,NA,NA
"3146","899929",NA,"resources/real_fg_memory_images/orig12.jpg",NA,"real","Neutral","[""scam_button""]","5",NA,NA,NA,NA
"3147","899929",NA,"resources/real_fg_memory_images/fg27.jpg",NA,"artificial","Neutral","[""neutral_button""]","7",NA,NA,NA,NA
"3148","899929",NA,"resources/real_fg_memory_images/fg23.jpg",NA,"artificial","Scam","[""neutral_button""]","0",NA,NA,NA,NA
"3149","899929",NA,"resources/real_fg_memory_images/orig9.jpg",NA,"real","Neutral","[""neutral_button""]","0",NA,NA,NA,NA
"3150","899929",NA,"resources/real_fg_memory_images/orig10.jpg",NA,"real","Neutral","[""neutral_button""]","0",NA,NA,NA,NA
"3151","899929",NA,"resources/real_fg_memory_images/orig7.jpg",NA,"real","Neutral","[""scam_button""]","6",NA,NA,NA,NA
"3152","899929",NA,"resources/real_fg_memory_images/orig5.jpg",NA,"real","Scam","[""scam_button""]","6",NA,NA,NA,NA
"3153","899929",NA,"resources/real_fg_memory_images/orig1.jpg",NA,"real","Scam","[""scam_button""]","0",NA,NA,NA,NA
"3154","899929",NA,"resources/real_fg_memory_images/orig2.jpg",NA,"real","Scam","[""scam_button""]","5",NA,NA,NA,NA
"3155","899929",NA,"resources/real_fg_memory_images/fg24.jpg",NA,"artificial","Scam","[""scam_button""]","5",NA,NA,NA,NA
"3156","899929",NA,"resources/real_fg_memory_images/orig4.jpg",NA,"real","Scam","[""neutral_button""]","0",NA,NA,NA,NA
"3157","899929",NA,NA,NA,NA,NA,NA,NA,NA,NA,NA,NA
"3158","899929",5,"resources/real_fg_memory_images/orig6.jpg","real",NA,NA,NA,NA,NA,NA,NA,NA
"3159","899929",4,"resources/real_fg_memory_images/fg33.jpg","artificial",NA,NA,NA,NA,NA,NA,NA,NA
"3160","899929",3,"resources/real_fg_memory_images/orig18.jpg","real",NA,NA,NA,NA,NA,NA,NA,NA
"3161","899929",7,"resources/real_fg_memory_images/orig8.jpg","real",NA,NA,NA,NA,NA,NA,NA,NA
"3162","899929",3,"resources/real_fg_memory_images/fg21.jpg","artificial",NA,NA,NA,NA,NA,NA,NA,NA
"3163","899929",6,"resources/real_fg_memory_images/orig14.jpg","real",NA,NA,NA,NA,NA,NA,NA,NA
"3164","899929",4,"resources/real_fg_memory_images/fg20.jpg","artificial",NA,NA,NA,NA,NA,NA,NA,NA
"3165","899929",2,"resources/real_fg_memory_images/orig5.jpg","real",NA,NA,NA,NA,NA,NA,NA,NA
"3166","899929",4,"resources/real_fg_memory_images/orig4.jpg","real",NA,NA,NA,NA,NA,NA,NA,NA
"3167","899929",6,"resources/real_fg_memory_images/orig10.jpg","real",NA,NA,NA,NA,NA,NA,NA,NA
"3168","899929",4,"resources/real_fg_memory_images/fg34.jpg","artificial",NA,NA,NA,NA,NA,NA,NA,NA
"3169","899929",2,"resources/real_fg_memory_images/orig9.jpg","real",NA,NA,NA,NA,NA,NA,NA,NA
"3170","899929",3,"resources/real_fg_memory_images/fg36.jpg","artificial",NA,NA,NA,NA,NA,NA,NA,NA
"3171","899929",7,"resources/real_fg_memory_images/orig11.jpg","real",NA,NA,NA,NA,NA,NA,NA,NA
"3172","899929",3,"resources/real_fg_memory_images/fg35.jpg","artificial",NA,NA,NA,NA,NA,NA,NA,NA
"3173","899929",6,"resources/real_fg_memory_images/fg31.jpg","artificial",NA,NA,NA,NA,NA,NA,NA,NA
"3174","899929",7,"resources/real_fg_memory_images/fg27.jpg","artificial",NA,NA,NA,NA,NA,NA,NA,NA
"3175","899929",5,"resources/real_fg_memory_images/orig17.jpg","real",NA,NA,NA,NA,NA,NA,NA,NA
"3176","899929",4,"resources/real_fg_memory_images/fg32.jpg","artificial",NA,NA,NA,NA,NA,NA,NA,NA
"3177","899929",3,"resources/real_fg_memory_images/fg22.jpg","artificial",NA,NA,NA,NA,NA,NA,NA,NA
"3178","899929",5,"resources/real_fg_memory_images/fg24.jpg","artificial",NA,NA,NA,NA,NA,NA,NA,NA
"3179","899929",4,"resources/real_fg_memory_images/fg25.jpg","artificial",NA,NA,NA,NA,NA,NA,NA,NA
"3180","899929",4,"resources/real_fg_memory_images/fg23.jpg","artificial",NA,NA,NA,NA,NA,NA,NA,NA
"3181","899929",3,"resources/real_fg_memory_images/fg19.jpg","artificial",NA,NA,NA,NA,NA,NA,NA,NA
"3182","899929",8,"resources/real_fg_memory_images/orig15.jpg","real",NA,NA,NA,NA,NA,NA,NA,NA
"3183","899929",8,"resources/real_fg_memory_images/fg26.jpg","artificial",NA,NA,NA,NA,NA,NA,NA,NA
"3184","899929",7,"resources/real_fg_memory_images/fg29.jpg","artificial",NA,NA,NA,NA,NA,NA,NA,NA
"3185","899929",3,"resources/real_fg_memory_images/orig3.jpg","real",NA,NA,NA,NA,NA,NA,NA,NA
"3186","899929",3,"resources/real_fg_memory_images/orig12.jpg","real",NA,NA,NA,NA,NA,NA,NA,NA
"3187","899929",2,"resources/real_fg_memory_images/orig7.jpg","real",NA,NA,NA,NA,NA,NA,NA,NA
"3188","899929",3,"resources/real_fg_memory_images/orig2.jpg","real",NA,NA,NA,NA,NA,NA,NA,NA
"3189","899929",6,"resources/real_fg_memory_images/fg28.jpg","artificial",NA,NA,NA,NA,NA,NA,NA,NA
"3190","899929",5,"resources/real_fg_memory_images/fg30.jpg","artificial",NA,NA,NA,NA,NA,NA,NA,NA
"3191","899929",6,"resources/real_fg_memory_images/orig16.jpg","real",NA,NA,NA,NA,NA,NA,NA,NA
"3192","899929",3,"resources/real_fg_memory_images/orig13.jpg","real",NA,NA,NA,NA,NA,NA,NA,NA
"3193","899929",3,"resources/real_fg_memory_images/orig1.jpg","real",NA,NA,NA,NA,NA,NA,NA,NA
"3194","899929",NA,NA,NA,NA,NA,NA,NA,NA,NA,NA,NA
"3195","899929",NA,NA,NA,NA,NA,NA,NA,1,"If something sounds too good to be true, it usually is",NA,NA
"3196","899929",NA,NA,NA,NA,NA,NA,NA,5,"Persons over the age of 65 are often targeted by con-artists",NA,NA
"3197","899929",NA,NA,NA,NA,NA,NA,NA,1,"I have difficulty ending a phone call, even if the caller is a telemarketer, someone I do not know, or someone I do not wish to call me",NA,NA
"3198","899929",NA,NA,NA,NA,NA,NA,NA,1,"I answer the phone whenever it rings, even if I do not know who is calling",NA,NA
"3199","899929",NA,NA,NA,NA,NA,NA,NA,1,"If a telemarketer calls me, I usually listen to what they have to say",NA,NA
"3200","899929",NA,NA,NA,NA,NA,NA,NA,NA,NA,NA,NA
"3201","899929",NA,NA,NA,NA,NA,NA,NA,NA,NA,"[""female_option""]",NA
"3202","899929",NA,NA,NA,NA,NA,NA,NA,NA,NA,NA,68
"3203","899929",NA,NA,NA,NA,NA,NA,NA,NA,NA,NA,NA
"3204","899929",NA,NA,NA,NA,NA,NA,NA,NA,NA,NA,NA
"3205","899929",NA,NA,NA,NA,NA,NA,NA,NA,NA,NA,NA
"3206","899929",NA,NA,NA,NA,NA,NA,NA,NA,NA,NA,NA
"3207","899929",NA,NA,NA,NA,NA,NA,NA,NA,NA,NA,NA
"3208","899929",NA,NA,NA,NA,NA,NA,NA,NA,NA,NA,NA
"3209","899929",NA,NA,NA,NA,NA,NA,NA,NA,NA,NA,NA
"3210","899929",NA,NA,NA,NA,NA,NA,NA,NA,NA,NA,NA
"3211","899929",NA,NA,NA,NA,NA,NA,NA,NA,NA,NA,NA
"3212","899929",NA,NA,NA,NA,NA,NA,NA,NA,NA,NA,NA
"3213","927764",NA,NA,NA,NA,NA,NA,NA,NA,NA,NA,NA
"3214","927764",NA,NA,NA,NA,NA,NA,NA,NA,NA,NA,NA
"3215","927764",NA,NA,NA,NA,NA,NA,NA,NA,NA,NA,NA
"3216","927764",NA,NA,NA,NA,NA,NA,NA,NA,NA,NA,NA
"3217","927764",8,"resources/real_fg_memory_images/orig16.jpg","real",NA,NA,NA,NA,NA,NA,NA,NA
"3218","927764",9,"resources/real_fg_memory_images/fg25.jpg","artificial",NA,NA,NA,NA,NA,NA,NA,NA
"3219","927764",9,"resources/real_fg_memory_images/orig14.jpg","real",NA,NA,NA,NA,NA,NA,NA,NA
"3220","927764",6,"resources/real_fg_memory_images/orig5.jpg","real",NA,NA,NA,NA,NA,NA,NA,NA
"3221","927764",9,"resources/real_fg_memory_images/fg32.jpg","artificial",NA,NA,NA,NA,NA,NA,NA,NA
"3222","927764",10,"resources/real_fg_memory_images/orig4.jpg","real",NA,NA,NA,NA,NA,NA,NA,NA
"3223","927764",5,"resources/real_fg_memory_images/orig15.jpg","real",NA,NA,NA,NA,NA,NA,NA,NA
"3224","927764",9,"resources/real_fg_memory_images/fg34.jpg","artificial",NA,NA,NA,NA,NA,NA,NA,NA
"3225","927764",7,"resources/real_fg_memory_images/fg20.jpg","artificial",NA,NA,NA,NA,NA,NA,NA,NA
"3226","927764",7,"resources/real_fg_memory_images/fg27.jpg","artificial",NA,NA,NA,NA,NA,NA,NA,NA
"3227","927764",8,"resources/real_fg_memory_images/fg29.jpg","artificial",NA,NA,NA,NA,NA,NA,NA,NA
"3228","927764",4,"resources/real_fg_memory_images/orig1.jpg","real",NA,NA,NA,NA,NA,NA,NA,NA
"3229","927764",8,"resources/real_fg_memory_images/fg23.jpg","artificial",NA,NA,NA,NA,NA,NA,NA,NA
"3230","927764",9,"resources/real_fg_memory_images/fg28.jpg","artificial",NA,NA,NA,NA,NA,NA,NA,NA
"3231","927764",8,"resources/real_fg_memory_images/orig11.jpg","real",NA,NA,NA,NA,NA,NA,NA,NA
"3232","927764",9,"resources/real_fg_memory_images/fg22.jpg","artificial",NA,NA,NA,NA,NA,NA,NA,NA
"3233","927764",6,"resources/real_fg_memory_images/orig2.jpg","real",NA,NA,NA,NA,NA,NA,NA,NA
"3234","927764",6,"resources/real_fg_memory_images/orig17.jpg","real",NA,NA,NA,NA,NA,NA,NA,NA
"3235","927764",5,"resources/real_fg_memory_images/fg21.jpg","artificial",NA,NA,NA,NA,NA,NA,NA,NA
"3236","927764",7,"resources/real_fg_memory_images/orig13.jpg","real",NA,NA,NA,NA,NA,NA,NA,NA
"3237","927764",9,"resources/real_fg_memory_images/fg35.jpg","artificial",NA,NA,NA,NA,NA,NA,NA,NA
"3238","927764",9,"resources/real_fg_memory_images/fg26.jpg","artificial",NA,NA,NA,NA,NA,NA,NA,NA
"3239","927764",5,"resources/real_fg_memory_images/orig7.jpg","real",NA,NA,NA,NA,NA,NA,NA,NA
"3240","927764",3,"resources/real_fg_memory_images/orig9.jpg","real",NA,NA,NA,NA,NA,NA,NA,NA
"3241","927764",5,"resources/real_fg_memory_images/orig12.jpg","real",NA,NA,NA,NA,NA,NA,NA,NA
"3242","927764",9,"resources/real_fg_memory_images/fg30.jpg","artificial",NA,NA,NA,NA,NA,NA,NA,NA
"3243","927764",6,"resources/real_fg_memory_images/orig6.jpg","real",NA,NA,NA,NA,NA,NA,NA,NA
"3244","927764",3,"resources/real_fg_memory_images/orig8.jpg","real",NA,NA,NA,NA,NA,NA,NA,NA
"3245","927764",6,"resources/real_fg_memory_images/orig3.jpg","real",NA,NA,NA,NA,NA,NA,NA,NA
"3246","927764",9,"resources/real_fg_memory_images/fg36.jpg","artificial",NA,NA,NA,NA,NA,NA,NA,NA
"3247","927764",9,"resources/real_fg_memory_images/fg24.jpg","artificial",NA,NA,NA,NA,NA,NA,NA,NA
"3248","927764",8,"resources/real_fg_memory_images/fg33.jpg","artificial",NA,NA,NA,NA,NA,NA,NA,NA
"3249","927764",8,"resources/real_fg_memory_images/fg31.jpg","artificial",NA,NA,NA,NA,NA,NA,NA,NA
"3250","927764",6,"resources/real_fg_memory_images/orig10.jpg","real",NA,NA,NA,NA,NA,NA,NA,NA
"3251","927764",9,"resources/real_fg_memory_images/fg19.jpg","artificial",NA,NA,NA,NA,NA,NA,NA,NA
"3252","927764",9,"resources/real_fg_memory_images/orig18.jpg","real",NA,NA,NA,NA,NA,NA,NA,NA
"3253","927764",NA,NA,NA,NA,NA,NA,NA,NA,NA,NA,NA
"3254","927764",NA,"resources/real_fg_memory_images/fg27.jpg",NA,"artificial","Neutral",NA,NA,NA,NA,NA,NA
"3255","927764",NA,"resources/real_fg_memory_images/orig1.jpg",NA,"real","Scam",NA,NA,NA,NA,NA,NA
"3256","927764",NA,"resources/real_fg_memory_images/fg21.jpg",NA,"artificial","Scam",NA,NA,NA,NA,NA,NA
"3257","927764",NA,"resources/real_fg_memory_images/orig11.jpg",NA,"real","Neutral",NA,NA,NA,NA,NA,NA
"3258","927764",NA,"resources/real_fg_memory_images/fg25.jpg",NA,"artificial","Neutral",NA,NA,NA,NA,NA,NA
"3259","927764",NA,"resources/real_fg_memory_images/fg20.jpg",NA,"artificial","Scam",NA,NA,NA,NA,NA,NA
"3260","927764",NA,"resources/real_fg_memory_images/orig4.jpg",NA,"real","Scam",NA,NA,NA,NA,NA,NA
"3261","927764",NA,"resources/real_fg_memory_images/fg23.jpg",NA,"artificial","Scam",NA,NA,NA,NA,NA,NA
"3262","927764",NA,"resources/real_fg_memory_images/orig7.jpg",NA,"real","Neutral",NA,NA,NA,NA,NA,NA
"3263","927764",NA,"resources/real_fg_memory_images/orig6.jpg",NA,"real","Scam",NA,NA,NA,NA,NA,NA
"3264","927764",NA,"resources/real_fg_memory_images/fg24.jpg",NA,"artificial","Scam",NA,NA,NA,NA,NA,NA
"3265","927764",NA,"resources/real_fg_memory_images/fg26.jpg",NA,"artificial","Neutral",NA,NA,NA,NA,NA,NA
"3266","927764",NA,"resources/real_fg_memory_images/fg22.jpg",NA,"artificial","Scam",NA,NA,NA,NA,NA,NA
"3267","927764",NA,"resources/real_fg_memory_images/fg30.jpg",NA,"artificial","Neutral",NA,NA,NA,NA,NA,NA
"3268","927764",NA,"resources/real_fg_memory_images/fg29.jpg",NA,"artificial","Neutral",NA,NA,NA,NA,NA,NA
"3269","927764",NA,"resources/real_fg_memory_images/orig10.jpg",NA,"real","Neutral",NA,NA,NA,NA,NA,NA
"3270","927764",NA,"resources/real_fg_memory_images/orig2.jpg",NA,"real","Scam",NA,NA,NA,NA,NA,NA
"3271","927764",NA,"resources/real_fg_memory_images/fg28.jpg",NA,"artificial","Neutral",NA,NA,NA,NA,NA,NA
"3272","927764",NA,"resources/real_fg_memory_images/orig12.jpg",NA,"real","Neutral",NA,NA,NA,NA,NA,NA
"3273","927764",NA,"resources/real_fg_memory_images/fg19.jpg",NA,"artificial","Scam",NA,NA,NA,NA,NA,NA
"3274","927764",NA,"resources/real_fg_memory_images/orig8.jpg",NA,"real","Neutral",NA,NA,NA,NA,NA,NA
"3275","927764",NA,"resources/real_fg_memory_images/orig5.jpg",NA,"real","Scam",NA,NA,NA,NA,NA,NA
"3276","927764",NA,"resources/real_fg_memory_images/orig9.jpg",NA,"real","Neutral",NA,NA,NA,NA,NA,NA
"3277","927764",NA,"resources/real_fg_memory_images/orig3.jpg",NA,"real","Scam",NA,NA,NA,NA,NA,NA
"3278","927764",NA,NA,NA,NA,NA,NA,NA,NA,NA,NA,NA
"3279","927764",NA,"resources/real_fg_memory_images/fg27.jpg",NA,"artificial","Neutral","[""neutral_button""]","9",NA,NA,NA,NA
"3280","927764",NA,"resources/real_fg_memory_images/orig3.jpg",NA,"real","Scam","[""scam_button""]","9",NA,NA,NA,NA
"3281","927764",NA,"resources/real_fg_memory_images/orig8.jpg",NA,"real","Neutral","[""scam_button""]","10",NA,NA,NA,NA
"3282","927764",NA,"resources/real_fg_memory_images/orig4.jpg",NA,"real","Scam","[""scam_button""]","10",NA,NA,NA,NA
"3283","927764",NA,"resources/real_fg_memory_images/orig11.jpg",NA,"real","Neutral","[""neutral_button""]","8",NA,NA,NA,NA
"3284","927764",NA,"resources/real_fg_memory_images/fg20.jpg",NA,"artificial","Scam","[""neutral_button""]","10",NA,NA,NA,NA
"3285","927764",NA,"resources/real_fg_memory_images/orig2.jpg",NA,"real","Scam","[""neutral_button""]","5",NA,NA,NA,NA
"3286","927764",NA,"resources/real_fg_memory_images/orig6.jpg",NA,"real","Scam","[""scam_button""]","9",NA,NA,NA,NA
"3287","927764",NA,"resources/real_fg_memory_images/fg24.jpg",NA,"artificial","Scam","[""neutral_button""]","10",NA,NA,NA,NA
"3288","927764",NA,"resources/real_fg_memory_images/fg26.jpg",NA,"artificial","Neutral","[""neutral_button""]","10",NA,NA,NA,NA
"3289","927764",NA,"resources/real_fg_memory_images/fg25.jpg",NA,"artificial","Neutral","[""neutral_button""]","9",NA,NA,NA,NA
"3290","927764",NA,"resources/real_fg_memory_images/fg29.jpg",NA,"artificial","Neutral","[""scam_button""]","5",NA,NA,NA,NA
"3291","927764",NA,"resources/real_fg_memory_images/fg23.jpg",NA,"artificial","Scam","[""scam_button""]","8",NA,NA,NA,NA
"3292","927764",NA,"resources/real_fg_memory_images/orig7.jpg",NA,"real","Neutral","[""scam_button""]","10",NA,NA,NA,NA
"3293","927764",NA,"resources/real_fg_memory_images/fg30.jpg",NA,"artificial","Neutral","[""neutral_button""]","9",NA,NA,NA,NA
"3294","927764",NA,"resources/real_fg_memory_images/orig9.jpg",NA,"real","Neutral","[""scam_button""]","10",NA,NA,NA,NA
"3295","927764",NA,"resources/real_fg_memory_images/fg28.jpg",NA,"artificial","Neutral","[""neutral_button""]","10",NA,NA,NA,NA
"3296","927764",NA,"resources/real_fg_memory_images/orig12.jpg",NA,"real","Neutral","[""scam_button""]","3",NA,NA,NA,NA
"3297","927764",NA,"resources/real_fg_memory_images/orig1.jpg",NA,"real","Scam","[""scam_button""]","9",NA,NA,NA,NA
"3298","927764",NA,"resources/real_fg_memory_images/orig10.jpg",NA,"real","Neutral","[""scam_button""]","9",NA,NA,NA,NA
"3299","927764",NA,"resources/real_fg_memory_images/fg22.jpg",NA,"artificial","Scam","[""neutral_button""]","9",NA,NA,NA,NA
"3300","927764",NA,"resources/real_fg_memory_images/orig5.jpg",NA,"real","Scam","[""scam_button""]","10",NA,NA,NA,NA
"3301","927764",NA,"resources/real_fg_memory_images/fg19.jpg",NA,"artificial","Scam","[""scam_button""]","9",NA,NA,NA,NA
"3302","927764",NA,"resources/real_fg_memory_images/fg21.jpg",NA,"artificial","Scam","[""neutral_button""]","7",NA,NA,NA,NA
"3303","927764",NA,NA,NA,NA,NA,NA,NA,NA,NA,NA,NA
"3304","927764",9,"resources/real_fg_memory_images/fg21.jpg","artificial",NA,NA,NA,NA,NA,NA,NA,NA
"3305","927764",2,"resources/real_fg_memory_images/orig12.jpg","real",NA,NA,NA,NA,NA,NA,NA,NA
"3306","927764",9,"resources/real_fg_memory_images/orig16.jpg","real",NA,NA,NA,NA,NA,NA,NA,NA
"3307","927764",1,"resources/real_fg_memory_images/orig3.jpg","real",NA,NA,NA,NA,NA,NA,NA,NA
"3308","927764",10,"resources/real_fg_memory_images/fg32.jpg","artificial",NA,NA,NA,NA,NA,NA,NA,NA
"3309","927764",8,"resources/real_fg_memory_images/fg25.jpg","artificial",NA,NA,NA,NA,NA,NA,NA,NA
"3310","927764",9,"resources/real_fg_memory_images/orig17.jpg","real",NA,NA,NA,NA,NA,NA,NA,NA
"3311","927764",5,"resources/real_fg_memory_images/orig2.jpg","real",NA,NA,NA,NA,NA,NA,NA,NA
"3312","927764",9,"resources/real_fg_memory_images/fg35.jpg","artificial",NA,NA,NA,NA,NA,NA,NA,NA
"3313","927764",8,"resources/real_fg_memory_images/fg27.jpg","artificial",NA,NA,NA,NA,NA,NA,NA,NA
"3314","927764",1,"resources/real_fg_memory_images/orig9.jpg","real",NA,NA,NA,NA,NA,NA,NA,NA
"3315","927764",10,"resources/real_fg_memory_images/fg24.jpg","artificial",NA,NA,NA,NA,NA,NA,NA,NA
"3316","927764",7,"resources/real_fg_memory_images/orig14.jpg","real",NA,NA,NA,NA,NA,NA,NA,NA
"3317","927764",2,"resources/real_fg_memory_images/orig4.jpg","real",NA,NA,NA,NA,NA,NA,NA,NA
"3318","927764",8,"resources/real_fg_memory_images/fg33.jpg","artificial",NA,NA,NA,NA,NA,NA,NA,NA
"3319","927764",1,"resources/real_fg_memory_images/fg22.jpg","artificial",NA,NA,NA,NA,NA,NA,NA,NA
"3320","927764",9,"resources/real_fg_memory_images/fg28.jpg","artificial",NA,NA,NA,NA,NA,NA,NA,NA
"3321","927764",9,"resources/real_fg_memory_images/orig18.jpg","real",NA,NA,NA,NA,NA,NA,NA,NA
"3322","927764",8,"resources/real_fg_memory_images/orig13.jpg","real",NA,NA,NA,NA,NA,NA,NA,NA
"3323","927764",2,"resources/real_fg_memory_images/orig1.jpg","real",NA,NA,NA,NA,NA,NA,NA,NA
"3324","927764",1,"resources/real_fg_memory_images/orig5.jpg","real",NA,NA,NA,NA,NA,NA,NA,NA
"3325","927764",10,"resources/real_fg_memory_images/fg26.jpg","artificial",NA,NA,NA,NA,NA,NA,NA,NA
"3326","927764",8,"resources/real_fg_memory_images/fg31.jpg","artificial",NA,NA,NA,NA,NA,NA,NA,NA
"3327","927764",6,"resources/real_fg_memory_images/orig6.jpg","real",NA,NA,NA,NA,NA,NA,NA,NA
"3328","927764",2,"resources/real_fg_memory_images/orig8.jpg","real",NA,NA,NA,NA,NA,NA,NA,NA
"3329","927764",6,"resources/real_fg_memory_images/orig15.jpg","real",NA,NA,NA,NA,NA,NA,NA,NA
"3330","927764",10,"resources/real_fg_memory_images/fg34.jpg","artificial",NA,NA,NA,NA,NA,NA,NA,NA
"3331","927764",6,"resources/real_fg_memory_images/fg19.jpg","artificial",NA,NA,NA,NA,NA,NA,NA,NA
"3332","927764",10,"resources/real_fg_memory_images/fg30.jpg","artificial",NA,NA,NA,NA,NA,NA,NA,NA
"3333","927764",2,"resources/real_fg_memory_images/orig10.jpg","real",NA,NA,NA,NA,NA,NA,NA,NA
"3334","927764",9,"resources/real_fg_memory_images/fg36.jpg","artificial",NA,NA,NA,NA,NA,NA,NA,NA
"3335","927764",7,"resources/real_fg_memory_images/orig11.jpg","real",NA,NA,NA,NA,NA,NA,NA,NA
"3336","927764",4,"resources/real_fg_memory_images/fg23.jpg","artificial",NA,NA,NA,NA,NA,NA,NA,NA
"3337","927764",7,"resources/real_fg_memory_images/fg29.jpg","artificial",NA,NA,NA,NA,NA,NA,NA,NA
"3338","927764",5,"resources/real_fg_memory_images/fg20.jpg","artificial",NA,NA,NA,NA,NA,NA,NA,NA
"3339","927764",3,"resources/real_fg_memory_images/orig7.jpg","real",NA,NA,NA,NA,NA,NA,NA,NA
"3340","927764",NA,NA,NA,NA,NA,NA,NA,NA,NA,NA,NA
"3341","927764",NA,NA,NA,NA,NA,NA,NA,5,"Persons over the age of 65 are often targeted by con-artists",NA,NA
"3342","927764",NA,NA,NA,NA,NA,NA,NA,1,"If a telemarketer calls me, I usually listen to what they have to say",NA,NA
"3343","927764",NA,NA,NA,NA,NA,NA,NA,1,"I have difficulty ending a phone call, even if the caller is a telemarketer, someone I do not know, or someone I do not wish to call me",NA,NA
"3344","927764",NA,NA,NA,NA,NA,NA,NA,5,"If something sounds too good to be true, it usually is",NA,NA
"3345","927764",NA,NA,NA,NA,NA,NA,NA,1,"I answer the phone whenever it rings, even if I do not know who is calling",NA,NA
"3346","927764",NA,NA,NA,NA,NA,NA,NA,NA,NA,NA,NA
"3347","927764",NA,NA,NA,NA,NA,NA,NA,NA,NA,"[""female_option""]",NA
"3348","927764",NA,NA,NA,NA,NA,NA,NA,NA,NA,NA,72
"3349","927764",NA,NA,NA,NA,NA,NA,NA,NA,NA,NA,NA
"3350","927764",NA,NA,NA,NA,NA,NA,NA,NA,NA,NA,NA
"3351","927764",NA,NA,NA,NA,NA,NA,NA,NA,NA,NA,NA
"3352","927764",NA,NA,NA,NA,NA,NA,NA,NA,NA,NA,NA
"3353","927764",NA,NA,NA,NA,NA,NA,NA,NA,NA,NA,NA
"3354","927764",NA,NA,NA,NA,NA,NA,NA,NA,NA,NA,NA
"3355","927764",NA,NA,NA,NA,NA,NA,NA,NA,NA,NA,NA
"3356","927764",NA,NA,NA,NA,NA,NA,NA,NA,NA,NA,NA
"3357","927764",NA,NA,NA,NA,NA,NA,NA,NA,NA,NA,NA
"3358","927764",NA,NA,NA,NA,NA,NA,NA,NA,NA,NA,NA
"3359","943767",NA,NA,NA,NA,NA,NA,NA,NA,NA,NA,NA
"3360","943767",NA,NA,NA,NA,NA,NA,NA,NA,NA,NA,NA
"3361","943767",NA,NA,NA,NA,NA,NA,NA,NA,NA,NA,NA
"3362","943767",NA,NA,NA,NA,NA,NA,NA,NA,NA,NA,NA
"3363","943767",5,"resources/real_fg_memory_images/orig1.jpg","real",NA,NA,NA,NA,NA,NA,NA,NA
"3364","943767",5,"resources/real_fg_memory_images/fg21.jpg","artificial",NA,NA,NA,NA,NA,NA,NA,NA
"3365","943767",4,"resources/real_fg_memory_images/fg36.jpg","artificial",NA,NA,NA,NA,NA,NA,NA,NA
"3366","943767",3,"resources/real_fg_memory_images/orig6.jpg","real",NA,NA,NA,NA,NA,NA,NA,NA
"3367","943767",7,"resources/real_fg_memory_images/fg26.jpg","artificial",NA,NA,NA,NA,NA,NA,NA,NA
"3368","943767",6,"resources/real_fg_memory_images/orig11.jpg","real",NA,NA,NA,NA,NA,NA,NA,NA
"3369","943767",5,"resources/real_fg_memory_images/orig18.jpg","real",NA,NA,NA,NA,NA,NA,NA,NA
"3370","943767",5,"resources/real_fg_memory_images/orig12.jpg","real",NA,NA,NA,NA,NA,NA,NA,NA
"3371","943767",3,"resources/real_fg_memory_images/fg24.jpg","artificial",NA,NA,NA,NA,NA,NA,NA,NA
"3372","943767",5,"resources/real_fg_memory_images/orig17.jpg","real",NA,NA,NA,NA,NA,NA,NA,NA
"3373","943767",6,"resources/real_fg_memory_images/orig13.jpg","real",NA,NA,NA,NA,NA,NA,NA,NA
"3374","943767",5,"resources/real_fg_memory_images/fg33.jpg","artificial",NA,NA,NA,NA,NA,NA,NA,NA
"3375","943767",7,"resources/real_fg_memory_images/fg28.jpg","artificial",NA,NA,NA,NA,NA,NA,NA,NA
"3376","943767",1,"resources/real_fg_memory_images/fg20.jpg","artificial",NA,NA,NA,NA,NA,NA,NA,NA
"3377","943767",4,"resources/real_fg_memory_images/fg30.jpg","artificial",NA,NA,NA,NA,NA,NA,NA,NA
"3378","943767",6,"resources/real_fg_memory_images/orig15.jpg","real",NA,NA,NA,NA,NA,NA,NA,NA
"3379","943767",4,"resources/real_fg_memory_images/orig8.jpg","real",NA,NA,NA,NA,NA,NA,NA,NA
"3380","943767",4,"resources/real_fg_memory_images/fg32.jpg","artificial",NA,NA,NA,NA,NA,NA,NA,NA
"3381","943767",5,"resources/real_fg_memory_images/fg22.jpg","artificial",NA,NA,NA,NA,NA,NA,NA,NA
"3382","943767",5,"resources/real_fg_memory_images/fg27.jpg","artificial",NA,NA,NA,NA,NA,NA,NA,NA
"3383","943767",6,"resources/real_fg_memory_images/orig10.jpg","real",NA,NA,NA,NA,NA,NA,NA,NA
"3384","943767",3,"resources/real_fg_memory_images/fg34.jpg","artificial",NA,NA,NA,NA,NA,NA,NA,NA
"3385","943767",1,"resources/real_fg_memory_images/orig4.jpg","real",NA,NA,NA,NA,NA,NA,NA,NA
"3386","943767",2,"resources/real_fg_memory_images/orig7.jpg","real",NA,NA,NA,NA,NA,NA,NA,NA
"3387","943767",3,"resources/real_fg_memory_images/fg35.jpg","artificial",NA,NA,NA,NA,NA,NA,NA,NA
"3388","943767",5,"resources/real_fg_memory_images/orig9.jpg","real",NA,NA,NA,NA,NA,NA,NA,NA
"3389","943767",5,"resources/real_fg_memory_images/orig14.jpg","real",NA,NA,NA,NA,NA,NA,NA,NA
"3390","943767",3,"resources/real_fg_memory_images/fg19.jpg","artificial",NA,NA,NA,NA,NA,NA,NA,NA
"3391","943767",6,"resources/real_fg_memory_images/orig2.jpg","real",NA,NA,NA,NA,NA,NA,NA,NA
"3392","943767",6,"resources/real_fg_memory_images/orig16.jpg","real",NA,NA,NA,NA,NA,NA,NA,NA
"3393","943767",3,"resources/real_fg_memory_images/fg29.jpg","artificial",NA,NA,NA,NA,NA,NA,NA,NA
"3394","943767",2,"resources/real_fg_memory_images/orig5.jpg","real",NA,NA,NA,NA,NA,NA,NA,NA
"3395","943767",3,"resources/real_fg_memory_images/fg25.jpg","artificial",NA,NA,NA,NA,NA,NA,NA,NA
"3396","943767",3,"resources/real_fg_memory_images/fg23.jpg","artificial",NA,NA,NA,NA,NA,NA,NA,NA
"3397","943767",4,"resources/real_fg_memory_images/orig3.jpg","real",NA,NA,NA,NA,NA,NA,NA,NA
"3398","943767",5,"resources/real_fg_memory_images/fg31.jpg","artificial",NA,NA,NA,NA,NA,NA,NA,NA
"3399","943767",NA,NA,NA,NA,NA,NA,NA,NA,NA,NA,NA
"3400","943767",NA,"resources/real_fg_memory_images/fg19.jpg",NA,"artificial","Scam",NA,NA,NA,NA,NA,NA
"3401","943767",NA,"resources/real_fg_memory_images/orig1.jpg",NA,"real","Scam",NA,NA,NA,NA,NA,NA
"3402","943767",NA,"resources/real_fg_memory_images/fg25.jpg",NA,"artificial","Neutral",NA,NA,NA,NA,NA,NA
"3403","943767",NA,"resources/real_fg_memory_images/orig11.jpg",NA,"real","Neutral",NA,NA,NA,NA,NA,NA
"3404","943767",NA,"resources/real_fg_memory_images/fg29.jpg",NA,"artificial","Neutral",NA,NA,NA,NA,NA,NA
"3405","943767",NA,"resources/real_fg_memory_images/fg30.jpg",NA,"artificial","Neutral",NA,NA,NA,NA,NA,NA
"3406","943767",NA,"resources/real_fg_memory_images/fg20.jpg",NA,"artificial","Scam",NA,NA,NA,NA,NA,NA
"3407","943767",NA,"resources/real_fg_memory_images/orig9.jpg",NA,"real","Neutral",NA,NA,NA,NA,NA,NA
"3408","943767",NA,"resources/real_fg_memory_images/fg24.jpg",NA,"artificial","Scam",NA,NA,NA,NA,NA,NA
"3409","943767",NA,"resources/real_fg_memory_images/orig7.jpg",NA,"real","Neutral",NA,NA,NA,NA,NA,NA
"3410","943767",NA,"resources/real_fg_memory_images/fg27.jpg",NA,"artificial","Neutral",NA,NA,NA,NA,NA,NA
"3411","943767",NA,"resources/real_fg_memory_images/orig8.jpg",NA,"real","Neutral",NA,NA,NA,NA,NA,NA
"3412","943767",NA,"resources/real_fg_memory_images/fg22.jpg",NA,"artificial","Scam",NA,NA,NA,NA,NA,NA
"3413","943767",NA,"resources/real_fg_memory_images/fg23.jpg",NA,"artificial","Scam",NA,NA,NA,NA,NA,NA
"3414","943767",NA,"resources/real_fg_memory_images/fg26.jpg",NA,"artificial","Neutral",NA,NA,NA,NA,NA,NA
"3415","943767",NA,"resources/real_fg_memory_images/orig10.jpg",NA,"real","Neutral",NA,NA,NA,NA,NA,NA
"3416","943767",NA,"resources/real_fg_memory_images/orig2.jpg",NA,"real","Scam",NA,NA,NA,NA,NA,NA
"3417","943767",NA,"resources/real_fg_memory_images/orig3.jpg",NA,"real","Scam",NA,NA,NA,NA,NA,NA
"3418","943767",NA,"resources/real_fg_memory_images/fg21.jpg",NA,"artificial","Scam",NA,NA,NA,NA,NA,NA
"3419","943767",NA,"resources/real_fg_memory_images/orig6.jpg",NA,"real","Scam",NA,NA,NA,NA,NA,NA
"3420","943767",NA,"resources/real_fg_memory_images/orig4.jpg",NA,"real","Scam",NA,NA,NA,NA,NA,NA
"3421","943767",NA,"resources/real_fg_memory_images/fg28.jpg",NA,"artificial","Neutral",NA,NA,NA,NA,NA,NA
"3422","943767",NA,"resources/real_fg_memory_images/orig5.jpg",NA,"real","Scam",NA,NA,NA,NA,NA,NA
"3423","943767",NA,"resources/real_fg_memory_images/orig12.jpg",NA,"real","Neutral",NA,NA,NA,NA,NA,NA
"3424","943767",NA,NA,NA,NA,NA,NA,NA,NA,NA,NA,NA
"3425","943767",NA,"resources/real_fg_memory_images/fg21.jpg",NA,"artificial","Scam","[""scam_button""]","5",NA,NA,NA,NA
"3426","943767",NA,"resources/real_fg_memory_images/orig10.jpg",NA,"real","Neutral","[""scam_button""]","5",NA,NA,NA,NA
"3427","943767",NA,"resources/real_fg_memory_images/orig1.jpg",NA,"real","Scam","[""scam_button""]","5",NA,NA,NA,NA
"3428","943767",NA,"resources/real_fg_memory_images/fg20.jpg",NA,"artificial","Scam","[""scam_button""]","10",NA,NA,NA,NA
"3429","943767",NA,"resources/real_fg_memory_images/fg25.jpg",NA,"artificial","Neutral","[""scam_button""]","10",NA,NA,NA,NA
"3430","943767",NA,"resources/real_fg_memory_images/orig9.jpg",NA,"real","Neutral","[""neutral_button""]","5",NA,NA,NA,NA
"3431","943767",NA,"resources/real_fg_memory_images/orig8.jpg",NA,"real","Neutral","[""scam_button""]","5",NA,NA,NA,NA
"3432","943767",NA,"resources/real_fg_memory_images/orig6.jpg",NA,"real","Scam","[""neutral_button""]","7",NA,NA,NA,NA
"3433","943767",NA,"resources/real_fg_memory_images/fg22.jpg",NA,"artificial","Scam","[""neutral_button""]","10",NA,NA,NA,NA
"3434","943767",NA,"resources/real_fg_memory_images/fg27.jpg",NA,"artificial","Neutral","[""scam_button""]","10",NA,NA,NA,NA
"3435","943767",NA,"resources/real_fg_memory_images/orig3.jpg",NA,"real","Scam","[""scam_button""]","7",NA,NA,NA,NA
"3436","943767",NA,"resources/real_fg_memory_images/fg26.jpg",NA,"artificial","Neutral","[""scam_button""]","10",NA,NA,NA,NA
"3437","943767",NA,"resources/real_fg_memory_images/orig12.jpg",NA,"real","Neutral","[""scam_button""]","10",NA,NA,NA,NA
"3438","943767",NA,"resources/real_fg_memory_images/fg23.jpg",NA,"artificial","Scam","[""scam_button""]","10",NA,NA,NA,NA
"3439","943767",NA,"resources/real_fg_memory_images/orig5.jpg",NA,"real","Scam","[""neutral_button""]","6",NA,NA,NA,NA
"3440","943767",NA,"resources/real_fg_memory_images/fg28.jpg",NA,"artificial","Neutral","[""neutral_button""]","10",NA,NA,NA,NA
"3441","943767",NA,"resources/real_fg_memory_images/orig2.jpg",NA,"real","Scam","[""neutral_button""]","7",NA,NA,NA,NA
"3442","943767",NA,"resources/real_fg_memory_images/fg24.jpg",NA,"artificial","Scam","[""scam_button""]","10",NA,NA,NA,NA
"3443","943767",NA,"resources/real_fg_memory_images/fg19.jpg",NA,"artificial","Scam","[""scam_button""]","10",NA,NA,NA,NA
"3444","943767",NA,"resources/real_fg_memory_images/fg30.jpg",NA,"artificial","Neutral","[""scam_button""]","6",NA,NA,NA,NA
"3445","943767",NA,"resources/real_fg_memory_images/fg29.jpg",NA,"artificial","Neutral","[""neutral_button""]","7",NA,NA,NA,NA
"3446","943767",NA,"resources/real_fg_memory_images/orig4.jpg",NA,"real","Scam","[""neutral_button""]","10",NA,NA,NA,NA
"3447","943767",NA,"resources/real_fg_memory_images/orig11.jpg",NA,"real","Neutral","[""neutral_button""]","10",NA,NA,NA,NA
"3448","943767",NA,"resources/real_fg_memory_images/orig7.jpg",NA,"real","Neutral","[""neutral_button""]","7",NA,NA,NA,NA
"3449","943767",NA,NA,NA,NA,NA,NA,NA,NA,NA,NA,NA
"3450","943767",6,"resources/real_fg_memory_images/orig2.jpg","real",NA,NA,NA,NA,NA,NA,NA,NA
"3451","943767",5,"resources/real_fg_memory_images/fg28.jpg","artificial",NA,NA,NA,NA,NA,NA,NA,NA
"3452","943767",4,"resources/real_fg_memory_images/orig1.jpg","real",NA,NA,NA,NA,NA,NA,NA,NA
"3453","943767",4,"resources/real_fg_memory_images/orig6.jpg","real",NA,NA,NA,NA,NA,NA,NA,NA
"3454","943767",7,"resources/real_fg_memory_images/orig11.jpg","real",NA,NA,NA,NA,NA,NA,NA,NA
"3455","943767",2,"resources/real_fg_memory_images/fg31.jpg","artificial",NA,NA,NA,NA,NA,NA,NA,NA
"3456","943767",6,"resources/real_fg_memory_images/orig16.jpg","real",NA,NA,NA,NA,NA,NA,NA,NA
"3457","943767",1,"resources/real_fg_memory_images/fg19.jpg","artificial",NA,NA,NA,NA,NA,NA,NA,NA
"3458","943767",1,"resources/real_fg_memory_images/fg27.jpg","artificial",NA,NA,NA,NA,NA,NA,NA,NA
"3459","943767",6,"resources/real_fg_memory_images/orig18.jpg","real",NA,NA,NA,NA,NA,NA,NA,NA
"3460","943767",1,"resources/real_fg_memory_images/fg33.jpg","artificial",NA,NA,NA,NA,NA,NA,NA,NA
"3461","943767",1,"resources/real_fg_memory_images/fg22.jpg","artificial",NA,NA,NA,NA,NA,NA,NA,NA
"3462","943767",5,"resources/real_fg_memory_images/orig3.jpg","real",NA,NA,NA,NA,NA,NA,NA,NA
"3463","943767",1,"resources/real_fg_memory_images/fg36.jpg","artificial",NA,NA,NA,NA,NA,NA,NA,NA
"3464","943767",1,"resources/real_fg_memory_images/orig5.jpg","real",NA,NA,NA,NA,NA,NA,NA,NA
"3465","943767",2,"resources/real_fg_memory_images/fg20.jpg","artificial",NA,NA,NA,NA,NA,NA,NA,NA
"3466","943767",2,"resources/real_fg_memory_images/fg24.jpg","artificial",NA,NA,NA,NA,NA,NA,NA,NA
"3467","943767",4,"resources/real_fg_memory_images/fg21.jpg","artificial",NA,NA,NA,NA,NA,NA,NA,NA
"3468","943767",6,"resources/real_fg_memory_images/orig10.jpg","real",NA,NA,NA,NA,NA,NA,NA,NA
"3469","943767",1,"resources/real_fg_memory_images/fg35.jpg","artificial",NA,NA,NA,NA,NA,NA,NA,NA
"3470","943767",1,"resources/real_fg_memory_images/orig12.jpg","real",NA,NA,NA,NA,NA,NA,NA,NA
"3471","943767",3,"resources/real_fg_memory_images/orig8.jpg","real",NA,NA,NA,NA,NA,NA,NA,NA
"3472","943767",5,"resources/real_fg_memory_images/orig17.jpg","real",NA,NA,NA,NA,NA,NA,NA,NA
"3473","943767",6,"resources/real_fg_memory_images/orig4.jpg","real",NA,NA,NA,NA,NA,NA,NA,NA
"3474","943767",4,"resources/real_fg_memory_images/orig9.jpg","real",NA,NA,NA,NA,NA,NA,NA,NA
"3475","943767",1,"resources/real_fg_memory_images/fg25.jpg","artificial",NA,NA,NA,NA,NA,NA,NA,NA
"3476","943767",6,"resources/real_fg_memory_images/orig15.jpg","real",NA,NA,NA,NA,NA,NA,NA,NA
"3477","943767",1,"resources/real_fg_memory_images/fg29.jpg","artificial",NA,NA,NA,NA,NA,NA,NA,NA
"3478","943767",3,"resources/real_fg_memory_images/orig13.jpg","real",NA,NA,NA,NA,NA,NA,NA,NA
"3479","943767",1,"resources/real_fg_memory_images/fg34.jpg","artificial",NA,NA,NA,NA,NA,NA,NA,NA
"3480","943767",1,"resources/real_fg_memory_images/fg23.jpg","artificial",NA,NA,NA,NA,NA,NA,NA,NA
"3481","943767",1,"resources/real_fg_memory_images/fg30.jpg","artificial",NA,NA,NA,NA,NA,NA,NA,NA
"3482","943767",1,"resources/real_fg_memory_images/fg32.jpg","artificial",NA,NA,NA,NA,NA,NA,NA,NA
"3483","943767",3,"resources/real_fg_memory_images/orig14.jpg","real",NA,NA,NA,NA,NA,NA,NA,NA
"3484","943767",2,"resources/real_fg_memory_images/orig7.jpg","real",NA,NA,NA,NA,NA,NA,NA,NA
"3485","943767",1,"resources/real_fg_memory_images/fg26.jpg","artificial",NA,NA,NA,NA,NA,NA,NA,NA
"3486","943767",NA,NA,NA,NA,NA,NA,NA,NA,NA,NA,NA
"3487","943767",NA,NA,NA,NA,NA,NA,NA,1,"I have difficulty ending a phone call, even if the caller is a telemarketer, someone I do not know, or someone I do not wish to call me",NA,NA
"3488","943767",NA,NA,NA,NA,NA,NA,NA,5,"Persons over the age of 65 are often targeted by con-artists",NA,NA
"3489","943767",NA,NA,NA,NA,NA,NA,NA,5,"I answer the phone whenever it rings, even if I do not know who is calling",NA,NA
"3490","943767",NA,NA,NA,NA,NA,NA,NA,1,"If a telemarketer calls me, I usually listen to what they have to say",NA,NA
"3491","943767",NA,NA,NA,NA,NA,NA,NA,5,"If something sounds too good to be true, it usually is",NA,NA
"3492","943767",NA,NA,NA,NA,NA,NA,NA,NA,NA,NA,NA
"3493","943767",NA,NA,NA,NA,NA,NA,NA,NA,NA,"[""female_option""]",NA
"3494","943767",NA,NA,NA,NA,NA,NA,NA,NA,NA,NA,67
"3495","943767",NA,NA,NA,NA,NA,NA,NA,NA,NA,NA,NA
"3496","943767",NA,NA,NA,NA,NA,NA,NA,NA,NA,NA,NA
"3497","943767",NA,NA,NA,NA,NA,NA,NA,NA,NA,NA,NA
"3498","943767",NA,NA,NA,NA,NA,NA,NA,NA,NA,NA,NA
"3499","943767",NA,NA,NA,NA,NA,NA,NA,NA,NA,NA,NA
"3500","943767",NA,NA,NA,NA,NA,NA,NA,NA,NA,NA,NA
"3501","943767",NA,NA,NA,NA,NA,NA,NA,NA,NA,NA,NA
"3502","943767",NA,NA,NA,NA,NA,NA,NA,NA,NA,NA,NA
"3503","943767",NA,NA,NA,NA,NA,NA,NA,NA,NA,NA,NA
"3504","943767",NA,NA,NA,NA,NA,NA,NA,NA,NA,NA,NA
