"","participant","textbox_comp.text","figure2","Type","type","label2","button_selections_test","textbox_comp_2.text","slider1.response","ss_question","Gender","textboxAge.text"
"1","034815",NA,NA,NA,NA,NA,NA,NA,NA,NA,NA,NA
"2","034815",NA,NA,NA,NA,NA,NA,NA,NA,NA,NA,NA
"3","034815",NA,NA,NA,NA,NA,NA,NA,NA,NA,NA,NA
"4","034815",NA,NA,NA,NA,NA,NA,NA,NA,NA,NA,NA
"5","034815",5,"resources/real_fg_memory_images/orig25.jpg","real",NA,NA,NA,NA,NA,NA,NA,NA
"6","034815",3,"resources/real_fg_memory_images/orig21.jpg","real",NA,NA,NA,NA,NA,NA,NA,NA
"7","034815",7,"resources/real_fg_memory_images/orig29.jpg","real",NA,NA,NA,NA,NA,NA,NA,NA
"8","034815",10,"resources/real_fg_memory_images/fg16.jpg","artificial",NA,NA,NA,NA,NA,NA,NA,NA
"9","034815",4,"resources/real_fg_memory_images/fg9.jpg","artificial",NA,NA,NA,NA,NA,NA,NA,NA
"10","034815",8,"resources/real_fg_memory_images/fg18.jpg","artificial",NA,NA,NA,NA,NA,NA,NA,NA
"11","034815",4,"resources/real_fg_memory_images/fg7.jpg","artificial",NA,NA,NA,NA,NA,NA,NA,NA
"12","034815",6,"resources/real_fg_memory_images/orig34.jpg","real",NA,NA,NA,NA,NA,NA,NA,NA
"13","034815",5,"resources/real_fg_memory_images/orig33.jpg","real",NA,NA,NA,NA,NA,NA,NA,NA
"14","034815",6,"resources/real_fg_memory_images/fg15.jpg","artificial",NA,NA,NA,NA,NA,NA,NA,NA
"15","034815",4,"resources/real_fg_memory_images/orig23.jpg","real",NA,NA,NA,NA,NA,NA,NA,NA
"16","034815",6,"resources/real_fg_memory_images/fg17.jpg","artificial",NA,NA,NA,NA,NA,NA,NA,NA
"17","034815",5,"resources/real_fg_memory_images/orig26.jpg","real",NA,NA,NA,NA,NA,NA,NA,NA
"18","034815",1,"resources/real_fg_memory_images/orig31.jpg","real",NA,NA,NA,NA,NA,NA,NA,NA
"19","034815",3,"resources/real_fg_memory_images/orig20.jpg","real",NA,NA,NA,NA,NA,NA,NA,NA
"20","034815",9,"resources/real_fg_memory_images/orig28.jpg","real",NA,NA,NA,NA,NA,NA,NA,NA
"21","034815",4,"resources/real_fg_memory_images/orig36.jpg","real",NA,NA,NA,NA,NA,NA,NA,NA
"22","034815",5,"resources/real_fg_memory_images/orig19.jpg","real",NA,NA,NA,NA,NA,NA,NA,NA
"23","034815",5,"resources/real_fg_memory_images/orig22.jpg","real",NA,NA,NA,NA,NA,NA,NA,NA
"24","034815",2,"resources/real_fg_memory_images/orig35.jpg","real",NA,NA,NA,NA,NA,NA,NA,NA
"25","034815",4,"resources/real_fg_memory_images/fg13.jpg","artificial",NA,NA,NA,NA,NA,NA,NA,NA
"26","034815",6,"resources/real_fg_memory_images/fg1.jpg","artificial",NA,NA,NA,NA,NA,NA,NA,NA
"27","034815",5,"resources/real_fg_memory_images/fg4.jpg","artificial",NA,NA,NA,NA,NA,NA,NA,NA
"28","034815",6,"resources/real_fg_memory_images/fg6.jpg","artificial",NA,NA,NA,NA,NA,NA,NA,NA
"29","034815",7,"resources/real_fg_memory_images/fg10.jpg","artificial",NA,NA,NA,NA,NA,NA,NA,NA
"30","034815",9,"resources/real_fg_memory_images/orig32.jpg","real",NA,NA,NA,NA,NA,NA,NA,NA
"31","034815",5,"resources/real_fg_memory_images/orig30.jpg","real",NA,NA,NA,NA,NA,NA,NA,NA
"32","034815",0,"resources/real_fg_memory_images/fg5.jpg","artificial",NA,NA,NA,NA,NA,NA,NA,NA
"33","034815",3,"resources/real_fg_memory_images/fg12.jpg","artificial",NA,NA,NA,NA,NA,NA,NA,NA
"34","034815",1,"resources/real_fg_memory_images/orig27.jpg","real",NA,NA,NA,NA,NA,NA,NA,NA
"35","034815",3,"resources/real_fg_memory_images/fg2.jpg","artificial",NA,NA,NA,NA,NA,NA,NA,NA
"36","034815",5,"resources/real_fg_memory_images/orig24.jpg","real",NA,NA,NA,NA,NA,NA,NA,NA
"37","034815",2,"resources/real_fg_memory_images/fg8.jpg","artificial",NA,NA,NA,NA,NA,NA,NA,NA
"38","034815",6,"resources/real_fg_memory_images/fg11.jpg","artificial",NA,NA,NA,NA,NA,NA,NA,NA
"39","034815",2,"resources/real_fg_memory_images/fg3.jpg","artificial",NA,NA,NA,NA,NA,NA,NA,NA
"40","034815",5,"resources/real_fg_memory_images/fg14.jpg","artificial",NA,NA,NA,NA,NA,NA,NA,NA
"41","034815",NA,NA,NA,NA,NA,NA,NA,NA,NA,NA,NA
"42","034815",NA,"resources/real_fg_memory_images/orig21.jpg",NA,"real","Neutral",NA,NA,NA,NA,NA,NA
"43","034815",NA,"resources/real_fg_memory_images/orig29.jpg",NA,"real","Scam",NA,NA,NA,NA,NA,NA
"44","034815",NA,"resources/real_fg_memory_images/orig26.jpg",NA,"real","Scam",NA,NA,NA,NA,NA,NA
"45","034815",NA,"resources/real_fg_memory_images/fg4.jpg",NA,"artificial","Neutral",NA,NA,NA,NA,NA,NA
"46","034815",NA,"resources/real_fg_memory_images/fg10.jpg",NA,"artificial","Scam",NA,NA,NA,NA,NA,NA
"47","034815",NA,"resources/real_fg_memory_images/fg6.jpg",NA,"artificial","Neutral",NA,NA,NA,NA,NA,NA
"48","034815",NA,"resources/real_fg_memory_images/orig30.jpg",NA,"real","Scam",NA,NA,NA,NA,NA,NA
"49","034815",NA,"resources/real_fg_memory_images/fg2.jpg",NA,"artificial","Neutral",NA,NA,NA,NA,NA,NA
"50","034815",NA,"resources/real_fg_memory_images/fg1.jpg",NA,"artificial","Neutral",NA,NA,NA,NA,NA,NA
"51","034815",NA,"resources/real_fg_memory_images/orig23.jpg",NA,"real","Neutral",NA,NA,NA,NA,NA,NA
"52","034815",NA,"resources/real_fg_memory_images/orig25.jpg",NA,"real","Scam",NA,NA,NA,NA,NA,NA
"53","034815",NA,"resources/real_fg_memory_images/orig27.jpg",NA,"real","Scam",NA,NA,NA,NA,NA,NA
"54","034815",NA,"resources/real_fg_memory_images/orig28.jpg",NA,"real","Scam",NA,NA,NA,NA,NA,NA
"55","034815",NA,"resources/real_fg_memory_images/fg11.jpg",NA,"artificial","Scam",NA,NA,NA,NA,NA,NA
"56","034815",NA,"resources/real_fg_memory_images/fg8.jpg",NA,"artificial","Scam",NA,NA,NA,NA,NA,NA
"57","034815",NA,"resources/real_fg_memory_images/orig20.jpg",NA,"real","Neutral",NA,NA,NA,NA,NA,NA
"58","034815",NA,"resources/real_fg_memory_images/fg3.jpg",NA,"artificial","Neutral",NA,NA,NA,NA,NA,NA
"59","034815",NA,"resources/real_fg_memory_images/fg9.jpg",NA,"artificial","Scam",NA,NA,NA,NA,NA,NA
"60","034815",NA,"resources/real_fg_memory_images/orig22.jpg",NA,"real","Neutral",NA,NA,NA,NA,NA,NA
"61","034815",NA,"resources/real_fg_memory_images/fg7.jpg",NA,"artificial","Scam",NA,NA,NA,NA,NA,NA
"62","034815",NA,"resources/real_fg_memory_images/fg5.jpg",NA,"artificial","Neutral",NA,NA,NA,NA,NA,NA
"63","034815",NA,"resources/real_fg_memory_images/fg12.jpg",NA,"artificial","Scam",NA,NA,NA,NA,NA,NA
"64","034815",NA,"resources/real_fg_memory_images/orig19.jpg",NA,"real","Neutral",NA,NA,NA,NA,NA,NA
"65","034815",NA,"resources/real_fg_memory_images/orig24.jpg",NA,"real","Neutral",NA,NA,NA,NA,NA,NA
"66","034815",NA,NA,NA,NA,NA,NA,NA,NA,NA,NA,NA
"67","034815",NA,"resources/real_fg_memory_images/orig30.jpg",NA,"real","Scam","[""scam_button""]","7",NA,NA,NA,NA
"68","034815",NA,"resources/real_fg_memory_images/orig23.jpg",NA,"real","Neutral","[""scam_button""]","5",NA,NA,NA,NA
"69","034815",NA,"resources/real_fg_memory_images/fg4.jpg",NA,"artificial","Neutral","[""scam_button""]","9",NA,NA,NA,NA
"70","034815",NA,"resources/real_fg_memory_images/orig26.jpg",NA,"real","Scam","[""scam_button""]","3",NA,NA,NA,NA
"71","034815",NA,"resources/real_fg_memory_images/orig24.jpg",NA,"real","Neutral","[""neutral_button""]","7",NA,NA,NA,NA
"72","034815",NA,"resources/real_fg_memory_images/fg2.jpg",NA,"artificial","Neutral","[""scam_button""]","7",NA,NA,NA,NA
"73","034815",NA,"resources/real_fg_memory_images/fg1.jpg",NA,"artificial","Neutral","[""scam_button""]","8",NA,NA,NA,NA
"74","034815",NA,"resources/real_fg_memory_images/orig22.jpg",NA,"real","Neutral","[""neutral_button""]","10",NA,NA,NA,NA
"75","034815",NA,"resources/real_fg_memory_images/fg6.jpg",NA,"artificial","Neutral","[""scam_button""]","4",NA,NA,NA,NA
"76","034815",NA,"resources/real_fg_memory_images/fg11.jpg",NA,"artificial","Scam","[""scam_button""]","6",NA,NA,NA,NA
"77","034815",NA,"resources/real_fg_memory_images/orig21.jpg",NA,"real","Neutral","[""neutral_button""]","5",NA,NA,NA,NA
"78","034815",NA,"resources/real_fg_memory_images/fg7.jpg",NA,"artificial","Scam","[""scam_button""]","5",NA,NA,NA,NA
"79","034815",NA,"resources/real_fg_memory_images/fg10.jpg",NA,"artificial","Scam","[""scam_button""]","4",NA,NA,NA,NA
"80","034815",NA,"resources/real_fg_memory_images/fg5.jpg",NA,"artificial","Neutral","[""neutral_button""]","7",NA,NA,NA,NA
"81","034815",NA,"resources/real_fg_memory_images/orig29.jpg",NA,"real","Scam","[""scam_button""]","8",NA,NA,NA,NA
"82","034815",NA,"resources/real_fg_memory_images/fg8.jpg",NA,"artificial","Scam","[""scam_button""]","9",NA,NA,NA,NA
"83","034815",NA,"resources/real_fg_memory_images/orig25.jpg",NA,"real","Scam","[""neutral_button""]","4",NA,NA,NA,NA
"84","034815",NA,"resources/real_fg_memory_images/orig19.jpg",NA,"real","Neutral","[""neutral_button""]","6",NA,NA,NA,NA
"85","034815",NA,"resources/real_fg_memory_images/fg12.jpg",NA,"artificial","Scam","[""scam_button""]","9",NA,NA,NA,NA
"86","034815",NA,"resources/real_fg_memory_images/orig20.jpg",NA,"real","Neutral","[""scam_button""]","3",NA,NA,NA,NA
"87","034815",NA,"resources/real_fg_memory_images/orig28.jpg",NA,"real","Scam","[""scam_button""]","8",NA,NA,NA,NA
"88","034815",NA,"resources/real_fg_memory_images/fg9.jpg",NA,"artificial","Scam","[""neutral_button""]","5",NA,NA,NA,NA
"89","034815",NA,"resources/real_fg_memory_images/fg3.jpg",NA,"artificial","Neutral","[""neutral_button""]","10",NA,NA,NA,NA
"90","034815",NA,"resources/real_fg_memory_images/orig27.jpg",NA,"real","Scam","[""scam_button""]","10",NA,NA,NA,NA
"91","034815",NA,NA,NA,NA,NA,NA,NA,NA,NA,NA,NA
"92","034815",5,"resources/real_fg_memory_images/fg11.jpg","artificial",NA,NA,NA,NA,NA,NA,NA,NA
"93","034815",4,"resources/real_fg_memory_images/orig36.jpg","real",NA,NA,NA,NA,NA,NA,NA,NA
"94","034815",0,"resources/real_fg_memory_images/orig26.jpg","real",NA,NA,NA,NA,NA,NA,NA,NA
"95","034815",3,"resources/real_fg_memory_images/fg10.jpg","artificial",NA,NA,NA,NA,NA,NA,NA,NA
"96","034815",5,"resources/real_fg_memory_images/orig21.jpg","real",NA,NA,NA,NA,NA,NA,NA,NA
"97","034815",3,"resources/real_fg_memory_images/orig28.jpg","real",NA,NA,NA,NA,NA,NA,NA,NA
"98","034815",2,"resources/real_fg_memory_images/fg1.jpg","artificial",NA,NA,NA,NA,NA,NA,NA,NA
"99","034815",10,"resources/real_fg_memory_images/fg3.jpg","artificial",NA,NA,NA,NA,NA,NA,NA,NA
"100","034815",1,"resources/real_fg_memory_images/fg16.jpg","artificial",NA,NA,NA,NA,NA,NA,NA,NA
"101","034815",0,"resources/real_fg_memory_images/orig31.jpg","real",NA,NA,NA,NA,NA,NA,NA,NA
"102","034815",5,"resources/real_fg_memory_images/orig23.jpg","real",NA,NA,NA,NA,NA,NA,NA,NA
"103","034815",4,"resources/real_fg_memory_images/fg18.jpg","artificial",NA,NA,NA,NA,NA,NA,NA,NA
"104","034815",6,"resources/real_fg_memory_images/fg9.jpg","artificial",NA,NA,NA,NA,NA,NA,NA,NA
"105","034815",7,"resources/real_fg_memory_images/orig25.jpg","real",NA,NA,NA,NA,NA,NA,NA,NA
"106","034815",1,"resources/real_fg_memory_images/orig35.jpg","real",NA,NA,NA,NA,NA,NA,NA,NA
"107","034815",0,"resources/real_fg_memory_images/orig29.jpg","real",NA,NA,NA,NA,NA,NA,NA,NA
"108","034815",2,"resources/real_fg_memory_images/orig20.jpg","real",NA,NA,NA,NA,NA,NA,NA,NA
"109","034815",5,"resources/real_fg_memory_images/fg14.jpg","artificial",NA,NA,NA,NA,NA,NA,NA,NA
"110","034815",6,"resources/real_fg_memory_images/orig32.jpg","real",NA,NA,NA,NA,NA,NA,NA,NA
"111","034815",5,"resources/real_fg_memory_images/fg17.jpg","artificial",NA,NA,NA,NA,NA,NA,NA,NA
"112","034815",4,"resources/real_fg_memory_images/fg6.jpg","artificial",NA,NA,NA,NA,NA,NA,NA,NA
"113","034815",0,"resources/real_fg_memory_images/orig30.jpg","real",NA,NA,NA,NA,NA,NA,NA,NA
"114","034815",0,"resources/real_fg_memory_images/fg8.jpg","artificial",NA,NA,NA,NA,NA,NA,NA,NA
"115","034815",4,"resources/real_fg_memory_images/fg2.jpg","artificial",NA,NA,NA,NA,NA,NA,NA,NA
"116","034815",5,"resources/real_fg_memory_images/fg12.jpg","artificial",NA,NA,NA,NA,NA,NA,NA,NA
"117","034815",1,"resources/real_fg_memory_images/fg7.jpg","artificial",NA,NA,NA,NA,NA,NA,NA,NA
"118","034815",8,"resources/real_fg_memory_images/orig19.jpg","real",NA,NA,NA,NA,NA,NA,NA,NA
"119","034815",0,"resources/real_fg_memory_images/orig33.jpg","real",NA,NA,NA,NA,NA,NA,NA,NA
"120","034815",10,"resources/real_fg_memory_images/orig22.jpg","real",NA,NA,NA,NA,NA,NA,NA,NA
"121","034815",0,"resources/real_fg_memory_images/orig27.jpg","real",NA,NA,NA,NA,NA,NA,NA,NA
"122","034815",5,"resources/real_fg_memory_images/fg4.jpg","artificial",NA,NA,NA,NA,NA,NA,NA,NA
"123","034815",1,"resources/real_fg_memory_images/orig34.jpg","real",NA,NA,NA,NA,NA,NA,NA,NA
"124","034815",6,"resources/real_fg_memory_images/orig24.jpg","real",NA,NA,NA,NA,NA,NA,NA,NA
"125","034815",1,"resources/real_fg_memory_images/fg15.jpg","artificial",NA,NA,NA,NA,NA,NA,NA,NA
"126","034815",6,"resources/real_fg_memory_images/fg13.jpg","artificial",NA,NA,NA,NA,NA,NA,NA,NA
"127","034815",7,"resources/real_fg_memory_images/fg5.jpg","artificial",NA,NA,NA,NA,NA,NA,NA,NA
"128","034815",NA,NA,NA,NA,NA,NA,NA,NA,NA,NA,NA
"129","034815",NA,NA,NA,NA,NA,NA,NA,5,"Persons over the age of 65 are often targeted by con-artists",NA,NA
"130","034815",NA,NA,NA,NA,NA,NA,NA,1,"If a telemarketer calls me, I usually listen to what they have to say",NA,NA
"131","034815",NA,NA,NA,NA,NA,NA,NA,5,"If something sounds too good to be true, it usually is",NA,NA
"132","034815",NA,NA,NA,NA,NA,NA,NA,1,"I have difficulty ending a phone call, even if the caller is a telemarketer, someone I do not know, or someone I do not wish to call me",NA,NA
"133","034815",NA,NA,NA,NA,NA,NA,NA,1,"I answer the phone whenever it rings, even if I do not know who is calling",NA,NA
"134","034815",NA,NA,NA,NA,NA,NA,NA,NA,NA,NA,NA
"135","034815",NA,NA,NA,NA,NA,NA,NA,NA,NA,"[""female_option""]",NA
"136","034815",NA,NA,NA,NA,NA,NA,NA,NA,NA,NA,65
"137","034815",NA,NA,NA,NA,NA,NA,NA,NA,NA,NA,NA
"138","034815",NA,NA,NA,NA,NA,NA,NA,NA,NA,NA,NA
"139","034815",NA,NA,NA,NA,NA,NA,NA,NA,NA,NA,NA
"140","034815",NA,NA,NA,NA,NA,NA,NA,NA,NA,NA,NA
"141","034815",NA,NA,NA,NA,NA,NA,NA,NA,NA,NA,NA
"142","034815",NA,NA,NA,NA,NA,NA,NA,NA,NA,NA,NA
"143","034815",NA,NA,NA,NA,NA,NA,NA,NA,NA,NA,NA
"144","034815",NA,NA,NA,NA,NA,NA,NA,NA,NA,NA,NA
"145","034815",NA,NA,NA,NA,NA,NA,NA,NA,NA,NA,NA
"146","034815",NA,NA,NA,NA,NA,NA,NA,NA,NA,NA,NA
"147","037157",NA,NA,NA,NA,NA,NA,NA,NA,NA,NA,NA
"148","037157",NA,NA,NA,NA,NA,NA,NA,NA,NA,NA,NA
"149","037157",NA,NA,NA,NA,NA,NA,NA,NA,NA,NA,NA
"150","037157",NA,NA,NA,NA,NA,NA,NA,NA,NA,NA,NA
"151","037157",7,"resources/real_fg_memory_images/fg14.jpg","artificial",NA,NA,NA,NA,NA,NA,NA,NA
"152","037157",8,"resources/real_fg_memory_images/orig34.jpg","real",NA,NA,NA,NA,NA,NA,NA,NA
"153","037157",4,"resources/real_fg_memory_images/fg1.jpg","artificial",NA,NA,NA,NA,NA,NA,NA,NA
"154","037157",3,"resources/real_fg_memory_images/orig20.jpg","real",NA,NA,NA,NA,NA,NA,NA,NA
"155","037157",5,"resources/real_fg_memory_images/orig22.jpg","real",NA,NA,NA,NA,NA,NA,NA,NA
"156","037157",6,"resources/real_fg_memory_images/orig35.jpg","real",NA,NA,NA,NA,NA,NA,NA,NA
"157","037157",6,"resources/real_fg_memory_images/fg15.jpg","artificial",NA,NA,NA,NA,NA,NA,NA,NA
"158","037157",9,"resources/real_fg_memory_images/orig32.jpg","real",NA,NA,NA,NA,NA,NA,NA,NA
"159","037157",6,"resources/real_fg_memory_images/orig36.jpg","real",NA,NA,NA,NA,NA,NA,NA,NA
"160","037157",8,"resources/real_fg_memory_images/fg16.jpg","artificial",NA,NA,NA,NA,NA,NA,NA,NA
"161","037157",4,"resources/real_fg_memory_images/fg8.jpg","artificial",NA,NA,NA,NA,NA,NA,NA,NA
"162","037157",8,"resources/real_fg_memory_images/orig24.jpg","real",NA,NA,NA,NA,NA,NA,NA,NA
"163","037157",7,"resources/real_fg_memory_images/orig26.jpg","real",NA,NA,NA,NA,NA,NA,NA,NA
"164","037157",9,"resources/real_fg_memory_images/fg11.jpg","artificial",NA,NA,NA,NA,NA,NA,NA,NA
"165","037157",8,"resources/real_fg_memory_images/fg18.jpg","artificial",NA,NA,NA,NA,NA,NA,NA,NA
"166","037157",9,"resources/real_fg_memory_images/fg4.jpg","artificial",NA,NA,NA,NA,NA,NA,NA,NA
"167","037157",4,"resources/real_fg_memory_images/fg9.jpg","artificial",NA,NA,NA,NA,NA,NA,NA,NA
"168","037157",3,"resources/real_fg_memory_images/fg5.jpg","artificial",NA,NA,NA,NA,NA,NA,NA,NA
"169","037157",3,"resources/real_fg_memory_images/orig27.jpg","real",NA,NA,NA,NA,NA,NA,NA,NA
"170","037157",8,"resources/real_fg_memory_images/fg6.jpg","artificial",NA,NA,NA,NA,NA,NA,NA,NA
"171","037157",9,"resources/real_fg_memory_images/orig30.jpg","real",NA,NA,NA,NA,NA,NA,NA,NA
"172","037157",4,"resources/real_fg_memory_images/orig29.jpg","real",NA,NA,NA,NA,NA,NA,NA,NA
"173","037157",5,"resources/real_fg_memory_images/orig33.jpg","real",NA,NA,NA,NA,NA,NA,NA,NA
"174","037157",8,"resources/real_fg_memory_images/orig19.jpg","real",NA,NA,NA,NA,NA,NA,NA,NA
"175","037157",7,"resources/real_fg_memory_images/fg13.jpg","artificial",NA,NA,NA,NA,NA,NA,NA,NA
"176","037157",8,"resources/real_fg_memory_images/fg3.jpg","artificial",NA,NA,NA,NA,NA,NA,NA,NA
"177","037157",4,"resources/real_fg_memory_images/orig25.jpg","real",NA,NA,NA,NA,NA,NA,NA,NA
"178","037157",7,"resources/real_fg_memory_images/orig31.jpg","real",NA,NA,NA,NA,NA,NA,NA,NA
"179","037157",7,"resources/real_fg_memory_images/fg2.jpg","artificial",NA,NA,NA,NA,NA,NA,NA,NA
"180","037157",9,"resources/real_fg_memory_images/orig23.jpg","real",NA,NA,NA,NA,NA,NA,NA,NA
"181","037157",9,"resources/real_fg_memory_images/orig28.jpg","real",NA,NA,NA,NA,NA,NA,NA,NA
"182","037157",7,"resources/real_fg_memory_images/fg12.jpg","artificial",NA,NA,NA,NA,NA,NA,NA,NA
"183","037157",6,"resources/real_fg_memory_images/fg17.jpg","artificial",NA,NA,NA,NA,NA,NA,NA,NA
"184","037157",8,"resources/real_fg_memory_images/fg7.jpg","artificial",NA,NA,NA,NA,NA,NA,NA,NA
"185","037157",6,"resources/real_fg_memory_images/fg10.jpg","artificial",NA,NA,NA,NA,NA,NA,NA,NA
"186","037157",4,"resources/real_fg_memory_images/orig21.jpg","real",NA,NA,NA,NA,NA,NA,NA,NA
"187","037157",NA,NA,NA,NA,NA,NA,NA,NA,NA,NA,NA
"188","037157",NA,"resources/real_fg_memory_images/fg5.jpg",NA,"artificial","Neutral",NA,NA,NA,NA,NA,NA
"189","037157",NA,"resources/real_fg_memory_images/fg12.jpg",NA,"artificial","Scam",NA,NA,NA,NA,NA,NA
"190","037157",NA,"resources/real_fg_memory_images/fg8.jpg",NA,"artificial","Scam",NA,NA,NA,NA,NA,NA
"191","037157",NA,"resources/real_fg_memory_images/fg11.jpg",NA,"artificial","Scam",NA,NA,NA,NA,NA,NA
"192","037157",NA,"resources/real_fg_memory_images/fg2.jpg",NA,"artificial","Neutral",NA,NA,NA,NA,NA,NA
"193","037157",NA,"resources/real_fg_memory_images/orig30.jpg",NA,"real","Scam",NA,NA,NA,NA,NA,NA
"194","037157",NA,"resources/real_fg_memory_images/orig20.jpg",NA,"real","Neutral",NA,NA,NA,NA,NA,NA
"195","037157",NA,"resources/real_fg_memory_images/orig19.jpg",NA,"real","Neutral",NA,NA,NA,NA,NA,NA
"196","037157",NA,"resources/real_fg_memory_images/orig26.jpg",NA,"real","Scam",NA,NA,NA,NA,NA,NA
"197","037157",NA,"resources/real_fg_memory_images/orig25.jpg",NA,"real","Scam",NA,NA,NA,NA,NA,NA
"198","037157",NA,"resources/real_fg_memory_images/orig24.jpg",NA,"real","Neutral",NA,NA,NA,NA,NA,NA
"199","037157",NA,"resources/real_fg_memory_images/fg6.jpg",NA,"artificial","Neutral",NA,NA,NA,NA,NA,NA
"200","037157",NA,"resources/real_fg_memory_images/fg10.jpg",NA,"artificial","Scam",NA,NA,NA,NA,NA,NA
"201","037157",NA,"resources/real_fg_memory_images/fg7.jpg",NA,"artificial","Scam",NA,NA,NA,NA,NA,NA
"202","037157",NA,"resources/real_fg_memory_images/fg1.jpg",NA,"artificial","Neutral",NA,NA,NA,NA,NA,NA
"203","037157",NA,"resources/real_fg_memory_images/fg3.jpg",NA,"artificial","Neutral",NA,NA,NA,NA,NA,NA
"204","037157",NA,"resources/real_fg_memory_images/fg9.jpg",NA,"artificial","Scam",NA,NA,NA,NA,NA,NA
"205","037157",NA,"resources/real_fg_memory_images/orig21.jpg",NA,"real","Neutral",NA,NA,NA,NA,NA,NA
"206","037157",NA,"resources/real_fg_memory_images/orig28.jpg",NA,"real","Scam",NA,NA,NA,NA,NA,NA
"207","037157",NA,"resources/real_fg_memory_images/orig29.jpg",NA,"real","Scam",NA,NA,NA,NA,NA,NA
"208","037157",NA,"resources/real_fg_memory_images/orig22.jpg",NA,"real","Neutral",NA,NA,NA,NA,NA,NA
"209","037157",NA,"resources/real_fg_memory_images/fg4.jpg",NA,"artificial","Neutral",NA,NA,NA,NA,NA,NA
"210","037157",NA,"resources/real_fg_memory_images/orig27.jpg",NA,"real","Scam",NA,NA,NA,NA,NA,NA
"211","037157",NA,"resources/real_fg_memory_images/orig23.jpg",NA,"real","Neutral",NA,NA,NA,NA,NA,NA
"212","037157",NA,NA,NA,NA,NA,NA,NA,NA,NA,NA,NA
"213","037157",NA,"resources/real_fg_memory_images/fg5.jpg",NA,"artificial","Neutral","[""scam_button""]","7",NA,NA,NA,NA
"214","037157",NA,"resources/real_fg_memory_images/orig27.jpg",NA,"real","Scam","[""scam_button""]","10",NA,NA,NA,NA
"215","037157",NA,"resources/real_fg_memory_images/orig24.jpg",NA,"real","Neutral","[""neutral_button""]","8",NA,NA,NA,NA
"216","037157",NA,"resources/real_fg_memory_images/fg8.jpg",NA,"artificial","Scam","[""scam_button""]","3",NA,NA,NA,NA
"217","037157",NA,"resources/real_fg_memory_images/orig26.jpg",NA,"real","Scam","[""scam_button""]","6",NA,NA,NA,NA
"218","037157",NA,"resources/real_fg_memory_images/fg6.jpg",NA,"artificial","Neutral","[""neutral_button""]","8",NA,NA,NA,NA
"219","037157",NA,"resources/real_fg_memory_images/fg12.jpg",NA,"artificial","Scam","[""neutral_button""]","6",NA,NA,NA,NA
"220","037157",NA,"resources/real_fg_memory_images/fg9.jpg",NA,"artificial","Scam","[""scam_button""]","6",NA,NA,NA,NA
"221","037157",NA,"resources/real_fg_memory_images/orig20.jpg",NA,"real","Neutral","[""scam_button""]","6",NA,NA,NA,NA
"222","037157",NA,"resources/real_fg_memory_images/fg3.jpg",NA,"artificial","Neutral","[""neutral_button""]","10",NA,NA,NA,NA
"223","037157",NA,"resources/real_fg_memory_images/orig23.jpg",NA,"real","Neutral","[""neutral_button""]","9",NA,NA,NA,NA
"224","037157",NA,"resources/real_fg_memory_images/orig19.jpg",NA,"real","Neutral","[""neutral_button""]","9",NA,NA,NA,NA
"225","037157",NA,"resources/real_fg_memory_images/fg2.jpg",NA,"artificial","Neutral","[""neutral_button""]","8",NA,NA,NA,NA
"226","037157",NA,"resources/real_fg_memory_images/orig22.jpg",NA,"real","Neutral","[""neutral_button""]","10",NA,NA,NA,NA
"227","037157",NA,"resources/real_fg_memory_images/fg1.jpg",NA,"artificial","Neutral","[""scam_button""]","7",NA,NA,NA,NA
"228","037157",NA,"resources/real_fg_memory_images/orig25.jpg",NA,"real","Scam","[""scam_button""]","8",NA,NA,NA,NA
"229","037157",NA,"resources/real_fg_memory_images/fg7.jpg",NA,"artificial","Scam","[""scam_button""]","10",NA,NA,NA,NA
"230","037157",NA,"resources/real_fg_memory_images/fg10.jpg",NA,"artificial","Scam","[""scam_button""]","10",NA,NA,NA,NA
"231","037157",NA,"resources/real_fg_memory_images/fg11.jpg",NA,"artificial","Scam","[""scam_button""]","6",NA,NA,NA,NA
"232","037157",NA,"resources/real_fg_memory_images/orig29.jpg",NA,"real","Scam","[""neutral_button""]","5",NA,NA,NA,NA
"233","037157",NA,"resources/real_fg_memory_images/orig21.jpg",NA,"real","Neutral","[""neutral_button""]","5",NA,NA,NA,NA
"234","037157",NA,"resources/real_fg_memory_images/fg4.jpg",NA,"artificial","Neutral","[""neutral_button""]","8",NA,NA,NA,NA
"235","037157",NA,"resources/real_fg_memory_images/orig30.jpg",NA,"real","Scam","[""scam_button""]","10",NA,NA,NA,NA
"236","037157",NA,"resources/real_fg_memory_images/orig28.jpg",NA,"real","Scam","[""scam_button""]","10",NA,NA,NA,NA
"237","037157",NA,NA,NA,NA,NA,NA,NA,NA,NA,NA,NA
"238","037157",8,"resources/real_fg_memory_images/fg16.jpg","artificial",NA,NA,NA,NA,NA,NA,NA,NA
"239","037157",8,"resources/real_fg_memory_images/orig32.jpg","real",NA,NA,NA,NA,NA,NA,NA,NA
"240","037157",4,"resources/real_fg_memory_images/fg18.jpg","artificial",NA,NA,NA,NA,NA,NA,NA,NA
"241","037157",5,"resources/real_fg_memory_images/fg15.jpg","artificial",NA,NA,NA,NA,NA,NA,NA,NA
"242","037157",6,"resources/real_fg_memory_images/fg4.jpg","artificial",NA,NA,NA,NA,NA,NA,NA,NA
"243","037157",2,"resources/real_fg_memory_images/fg9.jpg","artificial",NA,NA,NA,NA,NA,NA,NA,NA
"244","037157",9,"resources/real_fg_memory_images/fg3.jpg","artificial",NA,NA,NA,NA,NA,NA,NA,NA
"245","037157",9,"resources/real_fg_memory_images/orig22.jpg","real",NA,NA,NA,NA,NA,NA,NA,NA
"246","037157",4,"resources/real_fg_memory_images/fg6.jpg","artificial",NA,NA,NA,NA,NA,NA,NA,NA
"247","037157",7,"resources/real_fg_memory_images/orig33.jpg","real",NA,NA,NA,NA,NA,NA,NA,NA
"248","037157",6,"resources/real_fg_memory_images/fg7.jpg","artificial",NA,NA,NA,NA,NA,NA,NA,NA
"249","037157",3,"resources/real_fg_memory_images/orig29.jpg","real",NA,NA,NA,NA,NA,NA,NA,NA
"250","037157",2,"resources/real_fg_memory_images/fg5.jpg","artificial",NA,NA,NA,NA,NA,NA,NA,NA
"251","037157",2,"resources/real_fg_memory_images/orig28.jpg","real",NA,NA,NA,NA,NA,NA,NA,NA
"252","037157",4,"resources/real_fg_memory_images/orig35.jpg","real",NA,NA,NA,NA,NA,NA,NA,NA
"253","037157",6,"resources/real_fg_memory_images/orig34.jpg","real",NA,NA,NA,NA,NA,NA,NA,NA
"254","037157",10,"resources/real_fg_memory_images/orig23.jpg","real",NA,NA,NA,NA,NA,NA,NA,NA
"255","037157",4,"resources/real_fg_memory_images/orig24.jpg","real",NA,NA,NA,NA,NA,NA,NA,NA
"256","037157",3,"resources/real_fg_memory_images/fg13.jpg","artificial",NA,NA,NA,NA,NA,NA,NA,NA
"257","037157",7,"resources/real_fg_memory_images/orig26.jpg","real",NA,NA,NA,NA,NA,NA,NA,NA
"258","037157",3,"resources/real_fg_memory_images/fg8.jpg","artificial",NA,NA,NA,NA,NA,NA,NA,NA
"259","037157",4,"resources/real_fg_memory_images/orig30.jpg","real",NA,NA,NA,NA,NA,NA,NA,NA
"260","037157",4,"resources/real_fg_memory_images/orig25.jpg","real",NA,NA,NA,NA,NA,NA,NA,NA
"261","037157",5,"resources/real_fg_memory_images/orig27.jpg","real",NA,NA,NA,NA,NA,NA,NA,NA
"262","037157",4,"resources/real_fg_memory_images/fg2.jpg","artificial",NA,NA,NA,NA,NA,NA,NA,NA
"263","037157",8,"resources/real_fg_memory_images/orig19.jpg","real",NA,NA,NA,NA,NA,NA,NA,NA
"264","037157",2,"resources/real_fg_memory_images/fg10.jpg","artificial",NA,NA,NA,NA,NA,NA,NA,NA
"265","037157",5,"resources/real_fg_memory_images/orig36.jpg","real",NA,NA,NA,NA,NA,NA,NA,NA
"266","037157",2,"resources/real_fg_memory_images/fg1.jpg","artificial",NA,NA,NA,NA,NA,NA,NA,NA
"267","037157",2,"resources/real_fg_memory_images/orig20.jpg","real",NA,NA,NA,NA,NA,NA,NA,NA
"268","037157",7,"resources/real_fg_memory_images/fg11.jpg","artificial",NA,NA,NA,NA,NA,NA,NA,NA
"269","037157",8,"resources/real_fg_memory_images/fg17.jpg","artificial",NA,NA,NA,NA,NA,NA,NA,NA
"270","037157",6,"resources/real_fg_memory_images/fg12.jpg","artificial",NA,NA,NA,NA,NA,NA,NA,NA
"271","037157",7,"resources/real_fg_memory_images/orig31.jpg","real",NA,NA,NA,NA,NA,NA,NA,NA
"272","037157",6,"resources/real_fg_memory_images/fg14.jpg","artificial",NA,NA,NA,NA,NA,NA,NA,NA
"273","037157",7,"resources/real_fg_memory_images/orig21.jpg","real",NA,NA,NA,NA,NA,NA,NA,NA
"274","037157",NA,NA,NA,NA,NA,NA,NA,NA,NA,NA,NA
"275","037157",NA,NA,NA,NA,NA,NA,NA,2,"I have difficulty ending a phone call, even if the caller is a telemarketer, someone I do not know, or someone I do not wish to call me",NA,NA
"276","037157",NA,NA,NA,NA,NA,NA,NA,4,"Persons over the age of 65 are often targeted by con-artists",NA,NA
"277","037157",NA,NA,NA,NA,NA,NA,NA,1,"If something sounds too good to be true, it usually is",NA,NA
"278","037157",NA,NA,NA,NA,NA,NA,NA,1,"If a telemarketer calls me, I usually listen to what they have to say",NA,NA
"279","037157",NA,NA,NA,NA,NA,NA,NA,1,"I answer the phone whenever it rings, even if I do not know who is calling",NA,NA
"280","037157",NA,NA,NA,NA,NA,NA,NA,NA,NA,NA,NA
"281","037157",NA,NA,NA,NA,NA,NA,NA,NA,NA,"[""male_option""]",NA
"282","037157",NA,NA,NA,NA,NA,NA,NA,NA,NA,NA,71
"283","037157",NA,NA,NA,NA,NA,NA,NA,NA,NA,NA,NA
"284","037157",NA,NA,NA,NA,NA,NA,NA,NA,NA,NA,NA
"285","037157",NA,NA,NA,NA,NA,NA,NA,NA,NA,NA,NA
"286","037157",NA,NA,NA,NA,NA,NA,NA,NA,NA,NA,NA
"287","037157",NA,NA,NA,NA,NA,NA,NA,NA,NA,NA,NA
"288","037157",NA,NA,NA,NA,NA,NA,NA,NA,NA,NA,NA
"289","037157",NA,NA,NA,NA,NA,NA,NA,NA,NA,NA,NA
"290","037157",NA,NA,NA,NA,NA,NA,NA,NA,NA,NA,NA
"291","037157",NA,NA,NA,NA,NA,NA,NA,NA,NA,NA,NA
"292","037157",NA,NA,NA,NA,NA,NA,NA,NA,NA,NA,NA
"293","046802",NA,NA,NA,NA,NA,NA,NA,NA,NA,NA,NA
"294","046802",NA,NA,NA,NA,NA,NA,NA,NA,NA,NA,NA
"295","046802",NA,NA,NA,NA,NA,NA,NA,NA,NA,NA,NA
"296","046802",NA,NA,NA,NA,NA,NA,NA,NA,NA,NA,NA
"297","046802",6,"resources/real_fg_memory_images/fg7.jpg","artificial",NA,NA,NA,NA,NA,NA,NA,NA
"298","046802",7,"resources/real_fg_memory_images/fg2.jpg","artificial",NA,NA,NA,NA,NA,NA,NA,NA
"299","046802",5,"resources/real_fg_memory_images/orig36.jpg","real",NA,NA,NA,NA,NA,NA,NA,NA
"300","046802",7,"resources/real_fg_memory_images/fg4.jpg","artificial",NA,NA,NA,NA,NA,NA,NA,NA
"301","046802",8,"resources/real_fg_memory_images/fg5.jpg","artificial",NA,NA,NA,NA,NA,NA,NA,NA
"302","046802",4,"resources/real_fg_memory_images/orig26.jpg","real",NA,NA,NA,NA,NA,NA,NA,NA
"303","046802",3,"resources/real_fg_memory_images/orig34.jpg","real",NA,NA,NA,NA,NA,NA,NA,NA
"304","046802",3,"resources/real_fg_memory_images/orig25.jpg","real",NA,NA,NA,NA,NA,NA,NA,NA
"305","046802",6,"resources/real_fg_memory_images/fg15.jpg","artificial",NA,NA,NA,NA,NA,NA,NA,NA
"306","046802",4,"resources/real_fg_memory_images/fg3.jpg","artificial",NA,NA,NA,NA,NA,NA,NA,NA
"307","046802",4,"resources/real_fg_memory_images/orig29.jpg","real",NA,NA,NA,NA,NA,NA,NA,NA
"308","046802",6,"resources/real_fg_memory_images/fg6.jpg","artificial",NA,NA,NA,NA,NA,NA,NA,NA
"309","046802",8,"resources/real_fg_memory_images/orig28.jpg","real",NA,NA,NA,NA,NA,NA,NA,NA
"310","046802",6,"resources/real_fg_memory_images/fg9.jpg","artificial",NA,NA,NA,NA,NA,NA,NA,NA
"311","046802",5,"resources/real_fg_memory_images/orig19.jpg","real",NA,NA,NA,NA,NA,NA,NA,NA
"312","046802",7,"resources/real_fg_memory_images/fg10.jpg","artificial",NA,NA,NA,NA,NA,NA,NA,NA
"313","046802",6,"resources/real_fg_memory_images/fg18.jpg","artificial",NA,NA,NA,NA,NA,NA,NA,NA
"314","046802",5,"resources/real_fg_memory_images/fg12.jpg","artificial",NA,NA,NA,NA,NA,NA,NA,NA
"315","046802",6,"resources/real_fg_memory_images/orig21.jpg","real",NA,NA,NA,NA,NA,NA,NA,NA
"316","046802",7,"resources/real_fg_memory_images/fg13.jpg","artificial",NA,NA,NA,NA,NA,NA,NA,NA
"317","046802",5,"resources/real_fg_memory_images/orig27.jpg","real",NA,NA,NA,NA,NA,NA,NA,NA
"318","046802",4,"resources/real_fg_memory_images/fg14.jpg","artificial",NA,NA,NA,NA,NA,NA,NA,NA
"319","046802",7,"resources/real_fg_memory_images/orig30.jpg","real",NA,NA,NA,NA,NA,NA,NA,NA
"320","046802",8,"resources/real_fg_memory_images/fg16.jpg","artificial",NA,NA,NA,NA,NA,NA,NA,NA
"321","046802",6,"resources/real_fg_memory_images/fg11.jpg","artificial",NA,NA,NA,NA,NA,NA,NA,NA
"322","046802",5,"resources/real_fg_memory_images/orig35.jpg","real",NA,NA,NA,NA,NA,NA,NA,NA
"323","046802",8,"resources/real_fg_memory_images/orig24.jpg","real",NA,NA,NA,NA,NA,NA,NA,NA
"324","046802",5,"resources/real_fg_memory_images/orig20.jpg","real",NA,NA,NA,NA,NA,NA,NA,NA
"325","046802",6,"resources/real_fg_memory_images/fg1.jpg","artificial",NA,NA,NA,NA,NA,NA,NA,NA
"326","046802",5,"resources/real_fg_memory_images/orig32.jpg","real",NA,NA,NA,NA,NA,NA,NA,NA
"327","046802",8,"resources/real_fg_memory_images/fg17.jpg","artificial",NA,NA,NA,NA,NA,NA,NA,NA
"328","046802",6,"resources/real_fg_memory_images/orig23.jpg","real",NA,NA,NA,NA,NA,NA,NA,NA
"329","046802",6,"resources/real_fg_memory_images/orig31.jpg","real",NA,NA,NA,NA,NA,NA,NA,NA
"330","046802",4,"resources/real_fg_memory_images/fg8.jpg","artificial",NA,NA,NA,NA,NA,NA,NA,NA
"331","046802",7,"resources/real_fg_memory_images/orig22.jpg","real",NA,NA,NA,NA,NA,NA,NA,NA
"332","046802",7,"resources/real_fg_memory_images/orig33.jpg","real",NA,NA,NA,NA,NA,NA,NA,NA
"333","046802",NA,NA,NA,NA,NA,NA,NA,NA,NA,NA,NA
"334","046802",NA,"resources/real_fg_memory_images/orig30.jpg",NA,"real","Scam",NA,NA,NA,NA,NA,NA
"335","046802",NA,"resources/real_fg_memory_images/orig19.jpg",NA,"real","Neutral",NA,NA,NA,NA,NA,NA
"336","046802",NA,"resources/real_fg_memory_images/fg10.jpg",NA,"artificial","Scam",NA,NA,NA,NA,NA,NA
"337","046802",NA,"resources/real_fg_memory_images/orig21.jpg",NA,"real","Neutral",NA,NA,NA,NA,NA,NA
"338","046802",NA,"resources/real_fg_memory_images/fg2.jpg",NA,"artificial","Neutral",NA,NA,NA,NA,NA,NA
"339","046802",NA,"resources/real_fg_memory_images/orig22.jpg",NA,"real","Neutral",NA,NA,NA,NA,NA,NA
"340","046802",NA,"resources/real_fg_memory_images/orig28.jpg",NA,"real","Scam",NA,NA,NA,NA,NA,NA
"341","046802",NA,"resources/real_fg_memory_images/fg4.jpg",NA,"artificial","Neutral",NA,NA,NA,NA,NA,NA
"342","046802",NA,"resources/real_fg_memory_images/fg7.jpg",NA,"artificial","Scam",NA,NA,NA,NA,NA,NA
"343","046802",NA,"resources/real_fg_memory_images/fg9.jpg",NA,"artificial","Scam",NA,NA,NA,NA,NA,NA
"344","046802",NA,"resources/real_fg_memory_images/orig25.jpg",NA,"real","Scam",NA,NA,NA,NA,NA,NA
"345","046802",NA,"resources/real_fg_memory_images/fg11.jpg",NA,"artificial","Scam",NA,NA,NA,NA,NA,NA
"346","046802",NA,"resources/real_fg_memory_images/fg8.jpg",NA,"artificial","Scam",NA,NA,NA,NA,NA,NA
"347","046802",NA,"resources/real_fg_memory_images/fg3.jpg",NA,"artificial","Neutral",NA,NA,NA,NA,NA,NA
"348","046802",NA,"resources/real_fg_memory_images/orig29.jpg",NA,"real","Scam",NA,NA,NA,NA,NA,NA
"349","046802",NA,"resources/real_fg_memory_images/fg6.jpg",NA,"artificial","Neutral",NA,NA,NA,NA,NA,NA
"350","046802",NA,"resources/real_fg_memory_images/orig20.jpg",NA,"real","Neutral",NA,NA,NA,NA,NA,NA
"351","046802",NA,"resources/real_fg_memory_images/fg12.jpg",NA,"artificial","Scam",NA,NA,NA,NA,NA,NA
"352","046802",NA,"resources/real_fg_memory_images/orig24.jpg",NA,"real","Neutral",NA,NA,NA,NA,NA,NA
"353","046802",NA,"resources/real_fg_memory_images/fg5.jpg",NA,"artificial","Neutral",NA,NA,NA,NA,NA,NA
"354","046802",NA,"resources/real_fg_memory_images/orig26.jpg",NA,"real","Scam",NA,NA,NA,NA,NA,NA
"355","046802",NA,"resources/real_fg_memory_images/orig23.jpg",NA,"real","Neutral",NA,NA,NA,NA,NA,NA
"356","046802",NA,"resources/real_fg_memory_images/orig27.jpg",NA,"real","Scam",NA,NA,NA,NA,NA,NA
"357","046802",NA,"resources/real_fg_memory_images/fg1.jpg",NA,"artificial","Neutral",NA,NA,NA,NA,NA,NA
"358","046802",NA,NA,NA,NA,NA,NA,NA,NA,NA,NA,NA
"359","046802",NA,"resources/real_fg_memory_images/orig22.jpg",NA,"real","Neutral","[""scam_button""]","8",NA,NA,NA,NA
"360","046802",NA,"resources/real_fg_memory_images/orig24.jpg",NA,"real","Neutral","[""neutral_button""]","9",NA,NA,NA,NA
"361","046802",NA,"resources/real_fg_memory_images/fg3.jpg",NA,"artificial","Neutral","[""neutral_button""]","8",NA,NA,NA,NA
"362","046802",NA,"resources/real_fg_memory_images/fg2.jpg",NA,"artificial","Neutral","[""scam_button""]","8",NA,NA,NA,NA
"363","046802",NA,"resources/real_fg_memory_images/fg5.jpg",NA,"artificial","Neutral","[""neutral_button""]","9",NA,NA,NA,NA
"364","046802",NA,"resources/real_fg_memory_images/fg1.jpg",NA,"artificial","Neutral","[""scam_button""]","8",NA,NA,NA,NA
"365","046802",NA,"resources/real_fg_memory_images/fg7.jpg",NA,"artificial","Scam","[""scam_button""]","8",NA,NA,NA,NA
"366","046802",NA,"resources/real_fg_memory_images/orig27.jpg",NA,"real","Scam","[""scam_button""]","8",NA,NA,NA,NA
"367","046802",NA,"resources/real_fg_memory_images/orig19.jpg",NA,"real","Neutral","[""neutral_button""]","9",NA,NA,NA,NA
"368","046802",NA,"resources/real_fg_memory_images/fg6.jpg",NA,"artificial","Neutral","[""neutral_button""]","9",NA,NA,NA,NA
"369","046802",NA,"resources/real_fg_memory_images/orig30.jpg",NA,"real","Scam","[""scam_button""]","7",NA,NA,NA,NA
"370","046802",NA,"resources/real_fg_memory_images/fg8.jpg",NA,"artificial","Scam","[""neutral_button""]","9",NA,NA,NA,NA
"371","046802",NA,"resources/real_fg_memory_images/orig23.jpg",NA,"real","Neutral","[""neutral_button""]","7",NA,NA,NA,NA
"372","046802",NA,"resources/real_fg_memory_images/orig28.jpg",NA,"real","Scam","[""scam_button""]","8",NA,NA,NA,NA
"373","046802",NA,"resources/real_fg_memory_images/orig21.jpg",NA,"real","Neutral","[""neutral_button""]","9",NA,NA,NA,NA
"374","046802",NA,"resources/real_fg_memory_images/fg10.jpg",NA,"artificial","Scam","[""neutral_button""]","8",NA,NA,NA,NA
"375","046802",NA,"resources/real_fg_memory_images/orig29.jpg",NA,"real","Scam","[""scam_button""]","9",NA,NA,NA,NA
"376","046802",NA,"resources/real_fg_memory_images/fg12.jpg",NA,"artificial","Scam","[""neutral_button""]","7",NA,NA,NA,NA
"377","046802",NA,"resources/real_fg_memory_images/fg11.jpg",NA,"artificial","Scam","[""neutral_button""]","8",NA,NA,NA,NA
"378","046802",NA,"resources/real_fg_memory_images/orig20.jpg",NA,"real","Neutral","[""scam_button""]","7",NA,NA,NA,NA
"379","046802",NA,"resources/real_fg_memory_images/fg4.jpg",NA,"artificial","Neutral","[""neutral_button""]","8",NA,NA,NA,NA
"380","046802",NA,"resources/real_fg_memory_images/orig25.jpg",NA,"real","Scam","[""scam_button""]","6",NA,NA,NA,NA
"381","046802",NA,"resources/real_fg_memory_images/fg9.jpg",NA,"artificial","Scam","[""scam_button""]","8",NA,NA,NA,NA
"382","046802",NA,"resources/real_fg_memory_images/orig26.jpg",NA,"real","Scam","[""neutral_button""]","9",NA,NA,NA,NA
"383","046802",NA,NA,NA,NA,NA,NA,NA,NA,NA,NA,NA
"384","046802",4,"resources/real_fg_memory_images/orig26.jpg","real",NA,NA,NA,NA,NA,NA,NA,NA
"385","046802",4,"resources/real_fg_memory_images/orig29.jpg","real",NA,NA,NA,NA,NA,NA,NA,NA
"386","046802",2,"resources/real_fg_memory_images/fg12.jpg","artificial",NA,NA,NA,NA,NA,NA,NA,NA
"387","046802",6,"resources/real_fg_memory_images/fg15.jpg","artificial",NA,NA,NA,NA,NA,NA,NA,NA
"388","046802",3,"resources/real_fg_memory_images/orig31.jpg","real",NA,NA,NA,NA,NA,NA,NA,NA
"389","046802",8,"resources/real_fg_memory_images/fg8.jpg","artificial",NA,NA,NA,NA,NA,NA,NA,NA
"390","046802",4,"resources/real_fg_memory_images/orig21.jpg","real",NA,NA,NA,NA,NA,NA,NA,NA
"391","046802",3,"resources/real_fg_memory_images/fg3.jpg","artificial",NA,NA,NA,NA,NA,NA,NA,NA
"392","046802",6,"resources/real_fg_memory_images/orig19.jpg","real",NA,NA,NA,NA,NA,NA,NA,NA
"393","046802",6,"resources/real_fg_memory_images/orig35.jpg","real",NA,NA,NA,NA,NA,NA,NA,NA
"394","046802",8,"resources/real_fg_memory_images/fg10.jpg","artificial",NA,NA,NA,NA,NA,NA,NA,NA
"395","046802",9,"resources/real_fg_memory_images/fg16.jpg","artificial",NA,NA,NA,NA,NA,NA,NA,NA
"396","046802",6,"resources/real_fg_memory_images/fg17.jpg","artificial",NA,NA,NA,NA,NA,NA,NA,NA
"397","046802",2,"resources/real_fg_memory_images/fg2.jpg","artificial",NA,NA,NA,NA,NA,NA,NA,NA
"398","046802",5,"resources/real_fg_memory_images/fg9.jpg","artificial",NA,NA,NA,NA,NA,NA,NA,NA
"399","046802",7,"resources/real_fg_memory_images/orig30.jpg","real",NA,NA,NA,NA,NA,NA,NA,NA
"400","046802",6,"resources/real_fg_memory_images/fg5.jpg","artificial",NA,NA,NA,NA,NA,NA,NA,NA
"401","046802",8,"resources/real_fg_memory_images/fg1.jpg","artificial",NA,NA,NA,NA,NA,NA,NA,NA
"402","046802",5,"resources/real_fg_memory_images/orig34.jpg","real",NA,NA,NA,NA,NA,NA,NA,NA
"403","046802",7,"resources/real_fg_memory_images/orig23.jpg","real",NA,NA,NA,NA,NA,NA,NA,NA
"404","046802",4,"resources/real_fg_memory_images/fg13.jpg","artificial",NA,NA,NA,NA,NA,NA,NA,NA
"405","046802",6,"resources/real_fg_memory_images/orig25.jpg","real",NA,NA,NA,NA,NA,NA,NA,NA
"406","046802",3,"resources/real_fg_memory_images/orig27.jpg","real",NA,NA,NA,NA,NA,NA,NA,NA
"407","046802",8,"resources/real_fg_memory_images/orig32.jpg","real",NA,NA,NA,NA,NA,NA,NA,NA
"408","046802",3,"resources/real_fg_memory_images/orig36.jpg","real",NA,NA,NA,NA,NA,NA,NA,NA
"409","046802",6,"resources/real_fg_memory_images/orig20.jpg","real",NA,NA,NA,NA,NA,NA,NA,NA
"410","046802",7,"resources/real_fg_memory_images/fg4.jpg","artificial",NA,NA,NA,NA,NA,NA,NA,NA
"411","046802",4,"resources/real_fg_memory_images/orig33.jpg","real",NA,NA,NA,NA,NA,NA,NA,NA
"412","046802",7,"resources/real_fg_memory_images/fg18.jpg","artificial",NA,NA,NA,NA,NA,NA,NA,NA
"413","046802",8,"resources/real_fg_memory_images/fg14.jpg","artificial",NA,NA,NA,NA,NA,NA,NA,NA
"414","046802",9,"resources/real_fg_memory_images/orig28.jpg","real",NA,NA,NA,NA,NA,NA,NA,NA
"415","046802",5,"resources/real_fg_memory_images/fg7.jpg","artificial",NA,NA,NA,NA,NA,NA,NA,NA
"416","046802",3,"resources/real_fg_memory_images/fg6.jpg","artificial",NA,NA,NA,NA,NA,NA,NA,NA
"417","046802",3,"resources/real_fg_memory_images/fg11.jpg","artificial",NA,NA,NA,NA,NA,NA,NA,NA
"418","046802",5,"resources/real_fg_memory_images/orig24.jpg","real",NA,NA,NA,NA,NA,NA,NA,NA
"419","046802",3,"resources/real_fg_memory_images/orig22.jpg","real",NA,NA,NA,NA,NA,NA,NA,NA
"420","046802",NA,NA,NA,NA,NA,NA,NA,NA,NA,NA,NA
"421","046802",NA,NA,NA,NA,NA,NA,NA,1,"I have difficulty ending a phone call, even if the caller is a telemarketer, someone I do not know, or someone I do not wish to call me",NA,NA
"422","046802",NA,NA,NA,NA,NA,NA,NA,3,"Persons over the age of 65 are often targeted by con-artists",NA,NA
"423","046802",NA,NA,NA,NA,NA,NA,NA,4,"If a telemarketer calls me, I usually listen to what they have to say",NA,NA
"424","046802",NA,NA,NA,NA,NA,NA,NA,5,"If something sounds too good to be true, it usually is",NA,NA
"425","046802",NA,NA,NA,NA,NA,NA,NA,4,"I answer the phone whenever it rings, even if I do not know who is calling",NA,NA
"426","046802",NA,NA,NA,NA,NA,NA,NA,NA,NA,NA,NA
"427","046802",NA,NA,NA,NA,NA,NA,NA,NA,NA,"[""male_option""]",NA
"428","046802",NA,NA,NA,NA,NA,NA,NA,NA,NA,NA,78
"429","046802",NA,NA,NA,NA,NA,NA,NA,NA,NA,NA,NA
"430","046802",NA,NA,NA,NA,NA,NA,NA,NA,NA,NA,NA
"431","046802",NA,NA,NA,NA,NA,NA,NA,NA,NA,NA,NA
"432","046802",NA,NA,NA,NA,NA,NA,NA,NA,NA,NA,NA
"433","046802",NA,NA,NA,NA,NA,NA,NA,NA,NA,NA,NA
"434","046802",NA,NA,NA,NA,NA,NA,NA,NA,NA,NA,NA
"435","046802",NA,NA,NA,NA,NA,NA,NA,NA,NA,NA,NA
"436","046802",NA,NA,NA,NA,NA,NA,NA,NA,NA,NA,NA
"437","046802",NA,NA,NA,NA,NA,NA,NA,NA,NA,NA,NA
"438","046802",NA,NA,NA,NA,NA,NA,NA,NA,NA,NA,NA
"439","071928",NA,NA,NA,NA,NA,NA,NA,NA,NA,NA,NA
"440","071928",NA,NA,NA,NA,NA,NA,NA,NA,NA,NA,NA
"441","071928",NA,NA,NA,NA,NA,NA,NA,NA,NA,NA,NA
"442","071928",NA,NA,NA,NA,NA,NA,NA,NA,NA,NA,NA
"443","071928",7,"resources/real_fg_memory_images/orig27.jpg","real",NA,NA,NA,NA,NA,NA,NA,NA
"444","071928",8,"resources/real_fg_memory_images/fg4.jpg","artificial",NA,NA,NA,NA,NA,NA,NA,NA
"445","071928",7,"resources/real_fg_memory_images/fg6.jpg","artificial",NA,NA,NA,NA,NA,NA,NA,NA
"446","071928",8,"resources/real_fg_memory_images/fg16.jpg","artificial",NA,NA,NA,NA,NA,NA,NA,NA
"447","071928",6,"resources/real_fg_memory_images/orig35.jpg","real",NA,NA,NA,NA,NA,NA,NA,NA
"448","071928",7,"resources/real_fg_memory_images/orig19.jpg","real",NA,NA,NA,NA,NA,NA,NA,NA
"449","071928",7,"resources/real_fg_memory_images/orig24.jpg","real",NA,NA,NA,NA,NA,NA,NA,NA
"450","071928",6,"resources/real_fg_memory_images/fg1.jpg","artificial",NA,NA,NA,NA,NA,NA,NA,NA
"451","071928",7,"resources/real_fg_memory_images/orig28.jpg","real",NA,NA,NA,NA,NA,NA,NA,NA
"452","071928",6,"resources/real_fg_memory_images/fg12.jpg","artificial",NA,NA,NA,NA,NA,NA,NA,NA
"453","071928",6,"resources/real_fg_memory_images/fg5.jpg","artificial",NA,NA,NA,NA,NA,NA,NA,NA
"454","071928",5,"resources/real_fg_memory_images/fg13.jpg","artificial",NA,NA,NA,NA,NA,NA,NA,NA
"455","071928",5,"resources/real_fg_memory_images/orig23.jpg","real",NA,NA,NA,NA,NA,NA,NA,NA
"456","071928",6,"resources/real_fg_memory_images/orig22.jpg","real",NA,NA,NA,NA,NA,NA,NA,NA
"457","071928",7,"resources/real_fg_memory_images/orig30.jpg","real",NA,NA,NA,NA,NA,NA,NA,NA
"458","071928",5,"resources/real_fg_memory_images/orig20.jpg","real",NA,NA,NA,NA,NA,NA,NA,NA
"459","071928",5,"resources/real_fg_memory_images/orig26.jpg","real",NA,NA,NA,NA,NA,NA,NA,NA
"460","071928",7,"resources/real_fg_memory_images/fg14.jpg","artificial",NA,NA,NA,NA,NA,NA,NA,NA
"461","071928",8,"resources/real_fg_memory_images/orig34.jpg","real",NA,NA,NA,NA,NA,NA,NA,NA
"462","071928",6,"resources/real_fg_memory_images/orig36.jpg","real",NA,NA,NA,NA,NA,NA,NA,NA
"463","071928",5,"resources/real_fg_memory_images/fg10.jpg","artificial",NA,NA,NA,NA,NA,NA,NA,NA
"464","071928",5,"resources/real_fg_memory_images/orig21.jpg","real",NA,NA,NA,NA,NA,NA,NA,NA
"465","071928",6,"resources/real_fg_memory_images/fg3.jpg","artificial",NA,NA,NA,NA,NA,NA,NA,NA
"466","071928",7,"resources/real_fg_memory_images/orig32.jpg","real",NA,NA,NA,NA,NA,NA,NA,NA
"467","071928",6,"resources/real_fg_memory_images/orig31.jpg","real",NA,NA,NA,NA,NA,NA,NA,NA
"468","071928",8,"resources/real_fg_memory_images/fg17.jpg","artificial",NA,NA,NA,NA,NA,NA,NA,NA
"469","071928",7,"resources/real_fg_memory_images/fg7.jpg","artificial",NA,NA,NA,NA,NA,NA,NA,NA
"470","071928",7,"resources/real_fg_memory_images/orig29.jpg","real",NA,NA,NA,NA,NA,NA,NA,NA
"471","071928",7,"resources/real_fg_memory_images/orig33.jpg","real",NA,NA,NA,NA,NA,NA,NA,NA
"472","071928",5,"resources/real_fg_memory_images/fg9.jpg","artificial",NA,NA,NA,NA,NA,NA,NA,NA
"473","071928",6,"resources/real_fg_memory_images/orig25.jpg","real",NA,NA,NA,NA,NA,NA,NA,NA
"474","071928",8,"resources/real_fg_memory_images/fg18.jpg","artificial",NA,NA,NA,NA,NA,NA,NA,NA
"475","071928",6,"resources/real_fg_memory_images/fg15.jpg","artificial",NA,NA,NA,NA,NA,NA,NA,NA
"476","071928",5,"resources/real_fg_memory_images/fg8.jpg","artificial",NA,NA,NA,NA,NA,NA,NA,NA
"477","071928",8,"resources/real_fg_memory_images/fg11.jpg","artificial",NA,NA,NA,NA,NA,NA,NA,NA
"478","071928",8,"resources/real_fg_memory_images/fg2.jpg","artificial",NA,NA,NA,NA,NA,NA,NA,NA
"479","071928",NA,NA,NA,NA,NA,NA,NA,NA,NA,NA,NA
"480","071928",NA,"resources/real_fg_memory_images/fg8.jpg",NA,"artificial","Scam",NA,NA,NA,NA,NA,NA
"481","071928",NA,"resources/real_fg_memory_images/orig28.jpg",NA,"real","Scam",NA,NA,NA,NA,NA,NA
"482","071928",NA,"resources/real_fg_memory_images/fg1.jpg",NA,"artificial","Neutral",NA,NA,NA,NA,NA,NA
"483","071928",NA,"resources/real_fg_memory_images/orig22.jpg",NA,"real","Neutral",NA,NA,NA,NA,NA,NA
"484","071928",NA,"resources/real_fg_memory_images/fg11.jpg",NA,"artificial","Scam",NA,NA,NA,NA,NA,NA
"485","071928",NA,"resources/real_fg_memory_images/fg5.jpg",NA,"artificial","Neutral",NA,NA,NA,NA,NA,NA
"486","071928",NA,"resources/real_fg_memory_images/orig26.jpg",NA,"real","Scam",NA,NA,NA,NA,NA,NA
"487","071928",NA,"resources/real_fg_memory_images/orig29.jpg",NA,"real","Scam",NA,NA,NA,NA,NA,NA
"488","071928",NA,"resources/real_fg_memory_images/orig27.jpg",NA,"real","Scam",NA,NA,NA,NA,NA,NA
"489","071928",NA,"resources/real_fg_memory_images/fg2.jpg",NA,"artificial","Neutral",NA,NA,NA,NA,NA,NA
"490","071928",NA,"resources/real_fg_memory_images/fg10.jpg",NA,"artificial","Scam",NA,NA,NA,NA,NA,NA
"491","071928",NA,"resources/real_fg_memory_images/orig30.jpg",NA,"real","Scam",NA,NA,NA,NA,NA,NA
"492","071928",NA,"resources/real_fg_memory_images/fg3.jpg",NA,"artificial","Neutral",NA,NA,NA,NA,NA,NA
"493","071928",NA,"resources/real_fg_memory_images/orig25.jpg",NA,"real","Scam",NA,NA,NA,NA,NA,NA
"494","071928",NA,"resources/real_fg_memory_images/orig23.jpg",NA,"real","Neutral",NA,NA,NA,NA,NA,NA
"495","071928",NA,"resources/real_fg_memory_images/fg9.jpg",NA,"artificial","Scam",NA,NA,NA,NA,NA,NA
"496","071928",NA,"resources/real_fg_memory_images/orig19.jpg",NA,"real","Neutral",NA,NA,NA,NA,NA,NA
"497","071928",NA,"resources/real_fg_memory_images/orig24.jpg",NA,"real","Neutral",NA,NA,NA,NA,NA,NA
"498","071928",NA,"resources/real_fg_memory_images/fg4.jpg",NA,"artificial","Neutral",NA,NA,NA,NA,NA,NA
"499","071928",NA,"resources/real_fg_memory_images/fg6.jpg",NA,"artificial","Neutral",NA,NA,NA,NA,NA,NA
"500","071928",NA,"resources/real_fg_memory_images/fg12.jpg",NA,"artificial","Scam",NA,NA,NA,NA,NA,NA
"501","071928",NA,"resources/real_fg_memory_images/fg7.jpg",NA,"artificial","Scam",NA,NA,NA,NA,NA,NA
"502","071928",NA,"resources/real_fg_memory_images/orig21.jpg",NA,"real","Neutral",NA,NA,NA,NA,NA,NA
"503","071928",NA,"resources/real_fg_memory_images/orig20.jpg",NA,"real","Neutral",NA,NA,NA,NA,NA,NA
"504","071928",NA,NA,NA,NA,NA,NA,NA,NA,NA,NA,NA
"505","071928",NA,"resources/real_fg_memory_images/fg7.jpg",NA,"artificial","Scam","[""scam_button""]","7",NA,NA,NA,NA
"506","071928",NA,"resources/real_fg_memory_images/fg9.jpg",NA,"artificial","Scam","[""neutral_button""]","7",NA,NA,NA,NA
"507","071928",NA,"resources/real_fg_memory_images/orig30.jpg",NA,"real","Scam","[""scam_button""]","8",NA,NA,NA,NA
"508","071928",NA,"resources/real_fg_memory_images/fg2.jpg",NA,"artificial","Neutral","[""scam_button""]","8",NA,NA,NA,NA
"509","071928",NA,"resources/real_fg_memory_images/orig23.jpg",NA,"real","Neutral","[""neutral_button""]","8",NA,NA,NA,NA
"510","071928",NA,"resources/real_fg_memory_images/orig26.jpg",NA,"real","Scam","[""scam_button""]","9",NA,NA,NA,NA
"511","071928",NA,"resources/real_fg_memory_images/orig28.jpg",NA,"real","Scam","[""scam_button""]","7",NA,NA,NA,NA
"512","071928",NA,"resources/real_fg_memory_images/fg4.jpg",NA,"artificial","Neutral","[""neutral_button""]","6",NA,NA,NA,NA
"513","071928",NA,"resources/real_fg_memory_images/fg6.jpg",NA,"artificial","Neutral","[""neutral_button""]","7",NA,NA,NA,NA
"514","071928",NA,"resources/real_fg_memory_images/orig24.jpg",NA,"real","Neutral","[""scam_button""]","7",NA,NA,NA,NA
"515","071928",NA,"resources/real_fg_memory_images/orig25.jpg",NA,"real","Scam","[""neutral_button""]","8",NA,NA,NA,NA
"516","071928",NA,"resources/real_fg_memory_images/orig27.jpg",NA,"real","Scam","[""scam_button""]","8",NA,NA,NA,NA
"517","071928",NA,"resources/real_fg_memory_images/fg3.jpg",NA,"artificial","Neutral","[""neutral_button""]","7",NA,NA,NA,NA
"518","071928",NA,"resources/real_fg_memory_images/fg12.jpg",NA,"artificial","Scam","[""scam_button""]","7",NA,NA,NA,NA
"519","071928",NA,"resources/real_fg_memory_images/fg5.jpg",NA,"artificial","Neutral","[""neutral_button""]","7",NA,NA,NA,NA
"520","071928",NA,"resources/real_fg_memory_images/fg8.jpg",NA,"artificial","Scam","[""scam_button""]","7",NA,NA,NA,NA
"521","071928",NA,"resources/real_fg_memory_images/orig21.jpg",NA,"real","Neutral","[""neutral_button""]","8",NA,NA,NA,NA
"522","071928",NA,"resources/real_fg_memory_images/fg1.jpg",NA,"artificial","Neutral","[""scam_button""]","8",NA,NA,NA,NA
"523","071928",NA,"resources/real_fg_memory_images/orig19.jpg",NA,"real","Neutral","[""neutral_button""]","7",NA,NA,NA,NA
"524","071928",NA,"resources/real_fg_memory_images/fg11.jpg",NA,"artificial","Scam","[""scam_button""]","6",NA,NA,NA,NA
"525","071928",NA,"resources/real_fg_memory_images/fg10.jpg",NA,"artificial","Scam","[""scam_button""]","7",NA,NA,NA,NA
"526","071928",NA,"resources/real_fg_memory_images/orig20.jpg",NA,"real","Neutral","[""scam_button""]","8",NA,NA,NA,NA
"527","071928",NA,"resources/real_fg_memory_images/orig29.jpg",NA,"real","Scam","[""scam_button""]","8",NA,NA,NA,NA
"528","071928",NA,"resources/real_fg_memory_images/orig22.jpg",NA,"real","Neutral","[""scam_button""]","8",NA,NA,NA,NA
"529","071928",NA,NA,NA,NA,NA,NA,NA,NA,NA,NA,NA
"530","071928",6,"resources/real_fg_memory_images/orig31.jpg","real",NA,NA,NA,NA,NA,NA,NA,NA
"531","071928",7,"resources/real_fg_memory_images/orig33.jpg","real",NA,NA,NA,NA,NA,NA,NA,NA
"532","071928",8,"resources/real_fg_memory_images/orig32.jpg","real",NA,NA,NA,NA,NA,NA,NA,NA
"533","071928",5,"resources/real_fg_memory_images/fg7.jpg","artificial",NA,NA,NA,NA,NA,NA,NA,NA
"534","071928",7,"resources/real_fg_memory_images/fg5.jpg","artificial",NA,NA,NA,NA,NA,NA,NA,NA
"535","071928",6,"resources/real_fg_memory_images/fg11.jpg","artificial",NA,NA,NA,NA,NA,NA,NA,NA
"536","071928",6,"resources/real_fg_memory_images/fg3.jpg","artificial",NA,NA,NA,NA,NA,NA,NA,NA
"537","071928",7,"resources/real_fg_memory_images/orig22.jpg","real",NA,NA,NA,NA,NA,NA,NA,NA
"538","071928",7,"resources/real_fg_memory_images/fg12.jpg","artificial",NA,NA,NA,NA,NA,NA,NA,NA
"539","071928",6,"resources/real_fg_memory_images/fg13.jpg","artificial",NA,NA,NA,NA,NA,NA,NA,NA
"540","071928",8,"resources/real_fg_memory_images/fg14.jpg","artificial",NA,NA,NA,NA,NA,NA,NA,NA
"541","071928",8,"resources/real_fg_memory_images/orig34.jpg","real",NA,NA,NA,NA,NA,NA,NA,NA
"542","071928",7,"resources/real_fg_memory_images/fg17.jpg","artificial",NA,NA,NA,NA,NA,NA,NA,NA
"543","071928",7,"resources/real_fg_memory_images/fg16.jpg","artificial",NA,NA,NA,NA,NA,NA,NA,NA
"544","071928",7,"resources/real_fg_memory_images/orig28.jpg","real",NA,NA,NA,NA,NA,NA,NA,NA
"545","071928",6,"resources/real_fg_memory_images/orig21.jpg","real",NA,NA,NA,NA,NA,NA,NA,NA
"546","071928",7,"resources/real_fg_memory_images/fg4.jpg","artificial",NA,NA,NA,NA,NA,NA,NA,NA
"547","071928",6,"resources/real_fg_memory_images/orig27.jpg","real",NA,NA,NA,NA,NA,NA,NA,NA
"548","071928",7,"resources/real_fg_memory_images/orig19.jpg","real",NA,NA,NA,NA,NA,NA,NA,NA
"549","071928",6,"resources/real_fg_memory_images/fg9.jpg","artificial",NA,NA,NA,NA,NA,NA,NA,NA
"550","071928",5,"resources/real_fg_memory_images/fg15.jpg","artificial",NA,NA,NA,NA,NA,NA,NA,NA
"551","071928",5,"resources/real_fg_memory_images/orig35.jpg","real",NA,NA,NA,NA,NA,NA,NA,NA
"552","071928",7,"resources/real_fg_memory_images/fg6.jpg","artificial",NA,NA,NA,NA,NA,NA,NA,NA
"553","071928",6,"resources/real_fg_memory_images/fg2.jpg","artificial",NA,NA,NA,NA,NA,NA,NA,NA
"554","071928",7,"resources/real_fg_memory_images/fg18.jpg","artificial",NA,NA,NA,NA,NA,NA,NA,NA
"555","071928",4,"resources/real_fg_memory_images/fg8.jpg","artificial",NA,NA,NA,NA,NA,NA,NA,NA
"556","071928",6,"resources/real_fg_memory_images/orig23.jpg","real",NA,NA,NA,NA,NA,NA,NA,NA
"557","071928",4,"resources/real_fg_memory_images/fg1.jpg","artificial",NA,NA,NA,NA,NA,NA,NA,NA
"558","071928",6,"resources/real_fg_memory_images/orig25.jpg","real",NA,NA,NA,NA,NA,NA,NA,NA
"559","071928",6,"resources/real_fg_memory_images/orig29.jpg","real",NA,NA,NA,NA,NA,NA,NA,NA
"560","071928",5,"resources/real_fg_memory_images/orig36.jpg","real",NA,NA,NA,NA,NA,NA,NA,NA
"561","071928",6,"resources/real_fg_memory_images/orig30.jpg","real",NA,NA,NA,NA,NA,NA,NA,NA
"562","071928",4,"resources/real_fg_memory_images/orig20.jpg","real",NA,NA,NA,NA,NA,NA,NA,NA
"563","071928",4,"resources/real_fg_memory_images/orig26.jpg","real",NA,NA,NA,NA,NA,NA,NA,NA
"564","071928",5,"resources/real_fg_memory_images/fg10.jpg","artificial",NA,NA,NA,NA,NA,NA,NA,NA
"565","071928",6,"resources/real_fg_memory_images/orig24.jpg","real",NA,NA,NA,NA,NA,NA,NA,NA
"566","071928",NA,NA,NA,NA,NA,NA,NA,NA,NA,NA,NA
"567","071928",NA,NA,NA,NA,NA,NA,NA,3,"If something sounds too good to be true, it usually is",NA,NA
"568","071928",NA,NA,NA,NA,NA,NA,NA,1,"I have difficulty ending a phone call, even if the caller is a telemarketer, someone I do not know, or someone I do not wish to call me",NA,NA
"569","071928",NA,NA,NA,NA,NA,NA,NA,4,"Persons over the age of 65 are often targeted by con-artists",NA,NA
"570","071928",NA,NA,NA,NA,NA,NA,NA,1,"If a telemarketer calls me, I usually listen to what they have to say",NA,NA
"571","071928",NA,NA,NA,NA,NA,NA,NA,1,"I answer the phone whenever it rings, even if I do not know who is calling",NA,NA
"572","071928",NA,NA,NA,NA,NA,NA,NA,NA,NA,NA,NA
"573","071928",NA,NA,NA,NA,NA,NA,NA,NA,NA,"[""male_option""]",NA
"574","071928",NA,NA,NA,NA,NA,NA,NA,NA,NA,NA,54
"575","071928",NA,NA,NA,NA,NA,NA,NA,NA,NA,NA,NA
"576","071928",NA,NA,NA,NA,NA,NA,NA,NA,NA,NA,NA
"577","071928",NA,NA,NA,NA,NA,NA,NA,NA,NA,NA,NA
"578","071928",NA,NA,NA,NA,NA,NA,NA,NA,NA,NA,NA
"579","071928",NA,NA,NA,NA,NA,NA,NA,NA,NA,NA,NA
"580","071928",NA,NA,NA,NA,NA,NA,NA,NA,NA,NA,NA
"581","071928",NA,NA,NA,NA,NA,NA,NA,NA,NA,NA,NA
"582","071928",NA,NA,NA,NA,NA,NA,NA,NA,NA,NA,NA
"583","071928",NA,NA,NA,NA,NA,NA,NA,NA,NA,NA,NA
"584","071928",NA,NA,NA,NA,NA,NA,NA,NA,NA,NA,NA
"585","092685",NA,NA,NA,NA,NA,NA,NA,NA,NA,NA,NA
"586","092685",NA,NA,NA,NA,NA,NA,NA,NA,NA,NA,NA
"587","092685",NA,NA,NA,NA,NA,NA,NA,NA,NA,NA,NA
"588","092685",NA,NA,NA,NA,NA,NA,NA,NA,NA,NA,NA
"589","092685",4,"resources/real_fg_memory_images/orig22.jpg","real",NA,NA,NA,NA,NA,NA,NA,NA
"590","092685",3,"resources/real_fg_memory_images/fg2.jpg","artificial",NA,NA,NA,NA,NA,NA,NA,NA
"591","092685",6,"resources/real_fg_memory_images/orig19.jpg","real",NA,NA,NA,NA,NA,NA,NA,NA
"592","092685",3,"resources/real_fg_memory_images/fg3.jpg","artificial",NA,NA,NA,NA,NA,NA,NA,NA
"593","092685",6,"resources/real_fg_memory_images/fg8.jpg","artificial",NA,NA,NA,NA,NA,NA,NA,NA
"594","092685",5,"resources/real_fg_memory_images/orig33.jpg","real",NA,NA,NA,NA,NA,NA,NA,NA
"595","092685",6,"resources/real_fg_memory_images/orig24.jpg","real",NA,NA,NA,NA,NA,NA,NA,NA
"596","092685",5,"resources/real_fg_memory_images/fg10.jpg","artificial",NA,NA,NA,NA,NA,NA,NA,NA
"597","092685",5,"resources/real_fg_memory_images/orig23.jpg","real",NA,NA,NA,NA,NA,NA,NA,NA
"598","092685",5,"resources/real_fg_memory_images/fg1.jpg","artificial",NA,NA,NA,NA,NA,NA,NA,NA
"599","092685",5,"resources/real_fg_memory_images/orig35.jpg","real",NA,NA,NA,NA,NA,NA,NA,NA
"600","092685",4,"resources/real_fg_memory_images/fg16.jpg","artificial",NA,NA,NA,NA,NA,NA,NA,NA
"601","092685",6,"resources/real_fg_memory_images/orig36.jpg","real",NA,NA,NA,NA,NA,NA,NA,NA
"602","092685",5,"resources/real_fg_memory_images/fg14.jpg","artificial",NA,NA,NA,NA,NA,NA,NA,NA
"603","092685",5,"resources/real_fg_memory_images/orig26.jpg","real",NA,NA,NA,NA,NA,NA,NA,NA
"604","092685",5,"resources/real_fg_memory_images/fg4.jpg","artificial",NA,NA,NA,NA,NA,NA,NA,NA
"605","092685",5,"resources/real_fg_memory_images/orig20.jpg","real",NA,NA,NA,NA,NA,NA,NA,NA
"606","092685",5,"resources/real_fg_memory_images/fg15.jpg","artificial",NA,NA,NA,NA,NA,NA,NA,NA
"607","092685",5,"resources/real_fg_memory_images/fg6.jpg","artificial",NA,NA,NA,NA,NA,NA,NA,NA
"608","092685",5,"resources/real_fg_memory_images/orig21.jpg","real",NA,NA,NA,NA,NA,NA,NA,NA
"609","092685",6,"resources/real_fg_memory_images/orig30.jpg","real",NA,NA,NA,NA,NA,NA,NA,NA
"610","092685",5,"resources/real_fg_memory_images/fg5.jpg","artificial",NA,NA,NA,NA,NA,NA,NA,NA
"611","092685",5,"resources/real_fg_memory_images/fg12.jpg","artificial",NA,NA,NA,NA,NA,NA,NA,NA
"612","092685",5,"resources/real_fg_memory_images/orig25.jpg","real",NA,NA,NA,NA,NA,NA,NA,NA
"613","092685",5,"resources/real_fg_memory_images/fg18.jpg","artificial",NA,NA,NA,NA,NA,NA,NA,NA
"614","092685",5,"resources/real_fg_memory_images/orig27.jpg","real",NA,NA,NA,NA,NA,NA,NA,NA
"615","092685",5,"resources/real_fg_memory_images/orig34.jpg","real",NA,NA,NA,NA,NA,NA,NA,NA
"616","092685",5,"resources/real_fg_memory_images/orig29.jpg","real",NA,NA,NA,NA,NA,NA,NA,NA
"617","092685",5,"resources/real_fg_memory_images/fg17.jpg","artificial",NA,NA,NA,NA,NA,NA,NA,NA
"618","092685",6,"resources/real_fg_memory_images/fg11.jpg","artificial",NA,NA,NA,NA,NA,NA,NA,NA
"619","092685",5,"resources/real_fg_memory_images/orig32.jpg","real",NA,NA,NA,NA,NA,NA,NA,NA
"620","092685",4,"resources/real_fg_memory_images/fg7.jpg","artificial",NA,NA,NA,NA,NA,NA,NA,NA
"621","092685",5,"resources/real_fg_memory_images/fg9.jpg","artificial",NA,NA,NA,NA,NA,NA,NA,NA
"622","092685",5,"resources/real_fg_memory_images/fg13.jpg","artificial",NA,NA,NA,NA,NA,NA,NA,NA
"623","092685",5,"resources/real_fg_memory_images/orig31.jpg","real",NA,NA,NA,NA,NA,NA,NA,NA
"624","092685",4,"resources/real_fg_memory_images/orig28.jpg","real",NA,NA,NA,NA,NA,NA,NA,NA
"625","092685",NA,NA,NA,NA,NA,NA,NA,NA,NA,NA,NA
"626","092685",NA,"resources/real_fg_memory_images/fg2.jpg",NA,"artificial","Neutral",NA,NA,NA,NA,NA,NA
"627","092685",NA,"resources/real_fg_memory_images/fg12.jpg",NA,"artificial","Scam",NA,NA,NA,NA,NA,NA
"628","092685",NA,"resources/real_fg_memory_images/orig19.jpg",NA,"real","Neutral",NA,NA,NA,NA,NA,NA
"629","092685",NA,"resources/real_fg_memory_images/fg11.jpg",NA,"artificial","Scam",NA,NA,NA,NA,NA,NA
"630","092685",NA,"resources/real_fg_memory_images/fg3.jpg",NA,"artificial","Neutral",NA,NA,NA,NA,NA,NA
"631","092685",NA,"resources/real_fg_memory_images/orig23.jpg",NA,"real","Neutral",NA,NA,NA,NA,NA,NA
"632","092685",NA,"resources/real_fg_memory_images/fg7.jpg",NA,"artificial","Scam",NA,NA,NA,NA,NA,NA
"633","092685",NA,"resources/real_fg_memory_images/fg1.jpg",NA,"artificial","Neutral",NA,NA,NA,NA,NA,NA
"634","092685",NA,"resources/real_fg_memory_images/orig25.jpg",NA,"real","Scam",NA,NA,NA,NA,NA,NA
"635","092685",NA,"resources/real_fg_memory_images/orig29.jpg",NA,"real","Scam",NA,NA,NA,NA,NA,NA
"636","092685",NA,"resources/real_fg_memory_images/orig30.jpg",NA,"real","Scam",NA,NA,NA,NA,NA,NA
"637","092685",NA,"resources/real_fg_memory_images/orig26.jpg",NA,"real","Scam",NA,NA,NA,NA,NA,NA
"638","092685",NA,"resources/real_fg_memory_images/orig27.jpg",NA,"real","Scam",NA,NA,NA,NA,NA,NA
"639","092685",NA,"resources/real_fg_memory_images/fg5.jpg",NA,"artificial","Neutral",NA,NA,NA,NA,NA,NA
"640","092685",NA,"resources/real_fg_memory_images/fg8.jpg",NA,"artificial","Scam",NA,NA,NA,NA,NA,NA
"641","092685",NA,"resources/real_fg_memory_images/fg10.jpg",NA,"artificial","Scam",NA,NA,NA,NA,NA,NA
"642","092685",NA,"resources/real_fg_memory_images/fg4.jpg",NA,"artificial","Neutral",NA,NA,NA,NA,NA,NA
"643","092685",NA,"resources/real_fg_memory_images/fg9.jpg",NA,"artificial","Scam",NA,NA,NA,NA,NA,NA
"644","092685",NA,"resources/real_fg_memory_images/fg6.jpg",NA,"artificial","Neutral",NA,NA,NA,NA,NA,NA
"645","092685",NA,"resources/real_fg_memory_images/orig22.jpg",NA,"real","Neutral",NA,NA,NA,NA,NA,NA
"646","092685",NA,"resources/real_fg_memory_images/orig24.jpg",NA,"real","Neutral",NA,NA,NA,NA,NA,NA
"647","092685",NA,"resources/real_fg_memory_images/orig20.jpg",NA,"real","Neutral",NA,NA,NA,NA,NA,NA
"648","092685",NA,"resources/real_fg_memory_images/orig28.jpg",NA,"real","Scam",NA,NA,NA,NA,NA,NA
"649","092685",NA,"resources/real_fg_memory_images/orig21.jpg",NA,"real","Neutral",NA,NA,NA,NA,NA,NA
"650","092685",NA,NA,NA,NA,NA,NA,NA,NA,NA,NA,NA
"651","092685",NA,"resources/real_fg_memory_images/orig24.jpg",NA,"real","Neutral","[""neutral_button""]","8",NA,NA,NA,NA
"652","092685",NA,"resources/real_fg_memory_images/orig19.jpg",NA,"real","Neutral","[""neutral_button""]","8",NA,NA,NA,NA
"653","092685",NA,"resources/real_fg_memory_images/orig22.jpg",NA,"real","Neutral","[""neutral_button""]","9",NA,NA,NA,NA
"654","092685",NA,"resources/real_fg_memory_images/orig26.jpg",NA,"real","Scam","[""scam_button""]","6",NA,NA,NA,NA
"655","092685",NA,"resources/real_fg_memory_images/fg4.jpg",NA,"artificial","Neutral","[""neutral_button""]","5",NA,NA,NA,NA
"656","092685",NA,"resources/real_fg_memory_images/fg10.jpg",NA,"artificial","Scam","[""neutral_button""]","6",NA,NA,NA,NA
"657","092685",NA,"resources/real_fg_memory_images/orig28.jpg",NA,"real","Scam","[""scam_button""]","8",NA,NA,NA,NA
"658","092685",NA,"resources/real_fg_memory_images/fg8.jpg",NA,"artificial","Scam","[""scam_button""]","8",NA,NA,NA,NA
"659","092685",NA,"resources/real_fg_memory_images/orig30.jpg",NA,"real","Scam","[""scam_button""]","5",NA,NA,NA,NA
"660","092685",NA,"resources/real_fg_memory_images/fg6.jpg",NA,"artificial","Neutral","[""neutral_button""]","6",NA,NA,NA,NA
"661","092685",NA,"resources/real_fg_memory_images/orig23.jpg",NA,"real","Neutral","[""neutral_button""]","6",NA,NA,NA,NA
"662","092685",NA,"resources/real_fg_memory_images/fg7.jpg",NA,"artificial","Scam","[""scam_button""]","5",NA,NA,NA,NA
"663","092685",NA,"resources/real_fg_memory_images/fg3.jpg",NA,"artificial","Neutral","[""neutral_button""]","8",NA,NA,NA,NA
"664","092685",NA,"resources/real_fg_memory_images/orig25.jpg",NA,"real","Scam","[""scam_button""]","7",NA,NA,NA,NA
"665","092685",NA,"resources/real_fg_memory_images/fg12.jpg",NA,"artificial","Scam","[""neutral_button""]","6",NA,NA,NA,NA
"666","092685",NA,"resources/real_fg_memory_images/fg1.jpg",NA,"artificial","Neutral","[""neutral_button""]","6",NA,NA,NA,NA
"667","092685",NA,"resources/real_fg_memory_images/orig27.jpg",NA,"real","Scam","[""scam_button""]","9",NA,NA,NA,NA
"668","092685",NA,"resources/real_fg_memory_images/fg11.jpg",NA,"artificial","Scam","[""scam_button""]","7",NA,NA,NA,NA
"669","092685",NA,"resources/real_fg_memory_images/fg5.jpg",NA,"artificial","Neutral","[""neutral_button""]","5",NA,NA,NA,NA
"670","092685",NA,"resources/real_fg_memory_images/orig29.jpg",NA,"real","Scam","[""scam_button""]","8",NA,NA,NA,NA
"671","092685",NA,"resources/real_fg_memory_images/fg2.jpg",NA,"artificial","Neutral","[""scam_button""]","7",NA,NA,NA,NA
"672","092685",NA,"resources/real_fg_memory_images/orig20.jpg",NA,"real","Neutral","[""scam_button""]","7",NA,NA,NA,NA
"673","092685",NA,"resources/real_fg_memory_images/fg9.jpg",NA,"artificial","Scam","[""neutral_button""]","6",NA,NA,NA,NA
"674","092685",NA,"resources/real_fg_memory_images/orig21.jpg",NA,"real","Neutral","[""scam_button""]","7",NA,NA,NA,NA
"675","092685",NA,NA,NA,NA,NA,NA,NA,NA,NA,NA,NA
"676","092685",5,"resources/real_fg_memory_images/fg14.jpg","artificial",NA,NA,NA,NA,NA,NA,NA,NA
"677","092685",5,"resources/real_fg_memory_images/orig27.jpg","real",NA,NA,NA,NA,NA,NA,NA,NA
"678","092685",5,"resources/real_fg_memory_images/fg4.jpg","artificial",NA,NA,NA,NA,NA,NA,NA,NA
"679","092685",4,"resources/real_fg_memory_images/orig22.jpg","real",NA,NA,NA,NA,NA,NA,NA,NA
"680","092685",5,"resources/real_fg_memory_images/orig19.jpg","real",NA,NA,NA,NA,NA,NA,NA,NA
"681","092685",4,"resources/real_fg_memory_images/fg3.jpg","artificial",NA,NA,NA,NA,NA,NA,NA,NA
"682","092685",4,"resources/real_fg_memory_images/fg2.jpg","artificial",NA,NA,NA,NA,NA,NA,NA,NA
"683","092685",5,"resources/real_fg_memory_images/orig23.jpg","real",NA,NA,NA,NA,NA,NA,NA,NA
"684","092685",4,"resources/real_fg_memory_images/fg12.jpg","artificial",NA,NA,NA,NA,NA,NA,NA,NA
"685","092685",5,"resources/real_fg_memory_images/orig24.jpg","real",NA,NA,NA,NA,NA,NA,NA,NA
"686","092685",5,"resources/real_fg_memory_images/fg18.jpg","artificial",NA,NA,NA,NA,NA,NA,NA,NA
"687","092685",5,"resources/real_fg_memory_images/orig34.jpg","real",NA,NA,NA,NA,NA,NA,NA,NA
"688","092685",4,"resources/real_fg_memory_images/orig35.jpg","real",NA,NA,NA,NA,NA,NA,NA,NA
"689","092685",5,"resources/real_fg_memory_images/fg17.jpg","artificial",NA,NA,NA,NA,NA,NA,NA,NA
"690","092685",4,"resources/real_fg_memory_images/orig25.jpg","real",NA,NA,NA,NA,NA,NA,NA,NA
"691","092685",4,"resources/real_fg_memory_images/fg8.jpg","artificial",NA,NA,NA,NA,NA,NA,NA,NA
"692","092685",5,"resources/real_fg_memory_images/orig29.jpg","real",NA,NA,NA,NA,NA,NA,NA,NA
"693","092685",5,"resources/real_fg_memory_images/orig36.jpg","real",NA,NA,NA,NA,NA,NA,NA,NA
"694","092685",4,"resources/real_fg_memory_images/orig26.jpg","real",NA,NA,NA,NA,NA,NA,NA,NA
"695","092685",4,"resources/real_fg_memory_images/orig28.jpg","real",NA,NA,NA,NA,NA,NA,NA,NA
"696","092685",5,"resources/real_fg_memory_images/orig32.jpg","real",NA,NA,NA,NA,NA,NA,NA,NA
"697","092685",5,"resources/real_fg_memory_images/fg7.jpg","artificial",NA,NA,NA,NA,NA,NA,NA,NA
"698","092685",5,"resources/real_fg_memory_images/fg6.jpg","artificial",NA,NA,NA,NA,NA,NA,NA,NA
"699","092685",5,"resources/real_fg_memory_images/fg11.jpg","artificial",NA,NA,NA,NA,NA,NA,NA,NA
"700","092685",5,"resources/real_fg_memory_images/fg13.jpg","artificial",NA,NA,NA,NA,NA,NA,NA,NA
"701","092685",5,"resources/real_fg_memory_images/orig31.jpg","real",NA,NA,NA,NA,NA,NA,NA,NA
"702","092685",4,"resources/real_fg_memory_images/fg15.jpg","artificial",NA,NA,NA,NA,NA,NA,NA,NA
"703","092685",4,"resources/real_fg_memory_images/fg10.jpg","artificial",NA,NA,NA,NA,NA,NA,NA,NA
"704","092685",3,"resources/real_fg_memory_images/fg16.jpg","artificial",NA,NA,NA,NA,NA,NA,NA,NA
"705","092685",5,"resources/real_fg_memory_images/orig30.jpg","real",NA,NA,NA,NA,NA,NA,NA,NA
"706","092685",5,"resources/real_fg_memory_images/fg1.jpg","artificial",NA,NA,NA,NA,NA,NA,NA,NA
"707","092685",5,"resources/real_fg_memory_images/orig20.jpg","real",NA,NA,NA,NA,NA,NA,NA,NA
"708","092685",5,"resources/real_fg_memory_images/orig21.jpg","real",NA,NA,NA,NA,NA,NA,NA,NA
"709","092685",5,"resources/real_fg_memory_images/fg9.jpg","artificial",NA,NA,NA,NA,NA,NA,NA,NA
"710","092685",5,"resources/real_fg_memory_images/fg5.jpg","artificial",NA,NA,NA,NA,NA,NA,NA,NA
"711","092685",4,"resources/real_fg_memory_images/orig33.jpg","real",NA,NA,NA,NA,NA,NA,NA,NA
"712","092685",NA,NA,NA,NA,NA,NA,NA,NA,NA,NA,NA
"713","092685",NA,NA,NA,NA,NA,NA,NA,1,"I answer the phone whenever it rings, even if I do not know who is calling",NA,NA
"714","092685",NA,NA,NA,NA,NA,NA,NA,1,"If a telemarketer calls me, I usually listen to what they have to say",NA,NA
"715","092685",NA,NA,NA,NA,NA,NA,NA,5,"Persons over the age of 65 are often targeted by con-artists",NA,NA
"716","092685",NA,NA,NA,NA,NA,NA,NA,5,"If something sounds too good to be true, it usually is",NA,NA
"717","092685",NA,NA,NA,NA,NA,NA,NA,1,"I have difficulty ending a phone call, even if the caller is a telemarketer, someone I do not know, or someone I do not wish to call me",NA,NA
"718","092685",NA,NA,NA,NA,NA,NA,NA,NA,NA,NA,NA
"719","092685",NA,NA,NA,NA,NA,NA,NA,NA,NA,"[""female_option""]",NA
"720","092685",NA,NA,NA,NA,NA,NA,NA,NA,NA,NA,74
"721","092685",NA,NA,NA,NA,NA,NA,NA,NA,NA,NA,NA
"722","092685",NA,NA,NA,NA,NA,NA,NA,NA,NA,NA,NA
"723","092685",NA,NA,NA,NA,NA,NA,NA,NA,NA,NA,NA
"724","092685",NA,NA,NA,NA,NA,NA,NA,NA,NA,NA,NA
"725","092685",NA,NA,NA,NA,NA,NA,NA,NA,NA,NA,NA
"726","092685",NA,NA,NA,NA,NA,NA,NA,NA,NA,NA,NA
"727","092685",NA,NA,NA,NA,NA,NA,NA,NA,NA,NA,NA
"728","092685",NA,NA,NA,NA,NA,NA,NA,NA,NA,NA,NA
"729","092685",NA,NA,NA,NA,NA,NA,NA,NA,NA,NA,NA
"730","092685",NA,NA,NA,NA,NA,NA,NA,NA,NA,NA,NA
"731","149277",NA,NA,NA,NA,NA,NA,NA,NA,NA,NA,NA
"732","149277",NA,NA,NA,NA,NA,NA,NA,NA,NA,NA,NA
"733","149277",NA,NA,NA,NA,NA,NA,NA,NA,NA,NA,NA
"734","149277",NA,NA,NA,NA,NA,NA,NA,NA,NA,NA,NA
"735","149277",6,"resources/real_fg_memory_images/fg1.jpg","artificial",NA,NA,NA,NA,NA,NA,NA,NA
"736","149277",7,"resources/real_fg_memory_images/orig22.jpg","real",NA,NA,NA,NA,NA,NA,NA,NA
"737","149277",6,"resources/real_fg_memory_images/fg15.jpg","artificial",NA,NA,NA,NA,NA,NA,NA,NA
"738","149277",8,"resources/real_fg_memory_images/orig30.jpg","real",NA,NA,NA,NA,NA,NA,NA,NA
"739","149277",6,"resources/real_fg_memory_images/fg11.jpg","artificial",NA,NA,NA,NA,NA,NA,NA,NA
"740","149277",7,"resources/real_fg_memory_images/fg10.jpg","artificial",NA,NA,NA,NA,NA,NA,NA,NA
"741","149277",5,"resources/real_fg_memory_images/orig23.jpg","real",NA,NA,NA,NA,NA,NA,NA,NA
"742","149277",5,"resources/real_fg_memory_images/fg5.jpg","artificial",NA,NA,NA,NA,NA,NA,NA,NA
"743","149277",8,"resources/real_fg_memory_images/orig36.jpg","real",NA,NA,NA,NA,NA,NA,NA,NA
"744","149277",7,"resources/real_fg_memory_images/fg12.jpg","artificial",NA,NA,NA,NA,NA,NA,NA,NA
"745","149277",7,"resources/real_fg_memory_images/fg3.jpg","artificial",NA,NA,NA,NA,NA,NA,NA,NA
"746","149277",6,"resources/real_fg_memory_images/orig29.jpg","real",NA,NA,NA,NA,NA,NA,NA,NA
"747","149277",7,"resources/real_fg_memory_images/fg16.jpg","artificial",NA,NA,NA,NA,NA,NA,NA,NA
"748","149277",6,"resources/real_fg_memory_images/fg7.jpg","artificial",NA,NA,NA,NA,NA,NA,NA,NA
"749","149277",6,"resources/real_fg_memory_images/orig25.jpg","real",NA,NA,NA,NA,NA,NA,NA,NA
"750","149277",6,"resources/real_fg_memory_images/orig21.jpg","real",NA,NA,NA,NA,NA,NA,NA,NA
"751","149277",8,"resources/real_fg_memory_images/orig28.jpg","real",NA,NA,NA,NA,NA,NA,NA,NA
"752","149277",6,"resources/real_fg_memory_images/orig26.jpg","real",NA,NA,NA,NA,NA,NA,NA,NA
"753","149277",6,"resources/real_fg_memory_images/fg6.jpg","artificial",NA,NA,NA,NA,NA,NA,NA,NA
"754","149277",5,"resources/real_fg_memory_images/orig31.jpg","real",NA,NA,NA,NA,NA,NA,NA,NA
"755","149277",8,"resources/real_fg_memory_images/orig34.jpg","real",NA,NA,NA,NA,NA,NA,NA,NA
"756","149277",6,"resources/real_fg_memory_images/orig19.jpg","real",NA,NA,NA,NA,NA,NA,NA,NA
"757","149277",6,"resources/real_fg_memory_images/orig33.jpg","real",NA,NA,NA,NA,NA,NA,NA,NA
"758","149277",8,"resources/real_fg_memory_images/fg18.jpg","artificial",NA,NA,NA,NA,NA,NA,NA,NA
"759","149277",9,"resources/real_fg_memory_images/orig32.jpg","real",NA,NA,NA,NA,NA,NA,NA,NA
"760","149277",7,"resources/real_fg_memory_images/fg14.jpg","artificial",NA,NA,NA,NA,NA,NA,NA,NA
"761","149277",7,"resources/real_fg_memory_images/fg17.jpg","artificial",NA,NA,NA,NA,NA,NA,NA,NA
"762","149277",5,"resources/real_fg_memory_images/fg9.jpg","artificial",NA,NA,NA,NA,NA,NA,NA,NA
"763","149277",8,"resources/real_fg_memory_images/orig24.jpg","real",NA,NA,NA,NA,NA,NA,NA,NA
"764","149277",5,"resources/real_fg_memory_images/fg13.jpg","artificial",NA,NA,NA,NA,NA,NA,NA,NA
"765","149277",5,"resources/real_fg_memory_images/orig27.jpg","real",NA,NA,NA,NA,NA,NA,NA,NA
"766","149277",6,"resources/real_fg_memory_images/fg2.jpg","artificial",NA,NA,NA,NA,NA,NA,NA,NA
"767","149277",6,"resources/real_fg_memory_images/fg4.jpg","artificial",NA,NA,NA,NA,NA,NA,NA,NA
"768","149277",6,"resources/real_fg_memory_images/orig20.jpg","real",NA,NA,NA,NA,NA,NA,NA,NA
"769","149277",6,"resources/real_fg_memory_images/fg8.jpg","artificial",NA,NA,NA,NA,NA,NA,NA,NA
"770","149277",5,"resources/real_fg_memory_images/orig35.jpg","real",NA,NA,NA,NA,NA,NA,NA,NA
"771","149277",NA,NA,NA,NA,NA,NA,NA,NA,NA,NA,NA
"772","149277",NA,"resources/real_fg_memory_images/fg6.jpg",NA,"artificial","Neutral",NA,NA,NA,NA,NA,NA
"773","149277",NA,"resources/real_fg_memory_images/fg7.jpg",NA,"artificial","Scam",NA,NA,NA,NA,NA,NA
"774","149277",NA,"resources/real_fg_memory_images/fg8.jpg",NA,"artificial","Scam",NA,NA,NA,NA,NA,NA
"775","149277",NA,"resources/real_fg_memory_images/orig27.jpg",NA,"real","Scam",NA,NA,NA,NA,NA,NA
"776","149277",NA,"resources/real_fg_memory_images/orig30.jpg",NA,"real","Scam",NA,NA,NA,NA,NA,NA
"777","149277",NA,"resources/real_fg_memory_images/fg4.jpg",NA,"artificial","Neutral",NA,NA,NA,NA,NA,NA
"778","149277",NA,"resources/real_fg_memory_images/fg5.jpg",NA,"artificial","Neutral",NA,NA,NA,NA,NA,NA
"779","149277",NA,"resources/real_fg_memory_images/fg11.jpg",NA,"artificial","Scam",NA,NA,NA,NA,NA,NA
"780","149277",NA,"resources/real_fg_memory_images/orig22.jpg",NA,"real","Neutral",NA,NA,NA,NA,NA,NA
"781","149277",NA,"resources/real_fg_memory_images/orig23.jpg",NA,"real","Neutral",NA,NA,NA,NA,NA,NA
"782","149277",NA,"resources/real_fg_memory_images/orig26.jpg",NA,"real","Scam",NA,NA,NA,NA,NA,NA
"783","149277",NA,"resources/real_fg_memory_images/orig21.jpg",NA,"real","Neutral",NA,NA,NA,NA,NA,NA
"784","149277",NA,"resources/real_fg_memory_images/orig19.jpg",NA,"real","Neutral",NA,NA,NA,NA,NA,NA
"785","149277",NA,"resources/real_fg_memory_images/fg1.jpg",NA,"artificial","Neutral",NA,NA,NA,NA,NA,NA
"786","149277",NA,"resources/real_fg_memory_images/fg3.jpg",NA,"artificial","Neutral",NA,NA,NA,NA,NA,NA
"787","149277",NA,"resources/real_fg_memory_images/orig24.jpg",NA,"real","Neutral",NA,NA,NA,NA,NA,NA
"788","149277",NA,"resources/real_fg_memory_images/fg2.jpg",NA,"artificial","Neutral",NA,NA,NA,NA,NA,NA
"789","149277",NA,"resources/real_fg_memory_images/fg10.jpg",NA,"artificial","Scam",NA,NA,NA,NA,NA,NA
"790","149277",NA,"resources/real_fg_memory_images/orig28.jpg",NA,"real","Scam",NA,NA,NA,NA,NA,NA
"791","149277",NA,"resources/real_fg_memory_images/fg9.jpg",NA,"artificial","Scam",NA,NA,NA,NA,NA,NA
"792","149277",NA,"resources/real_fg_memory_images/orig25.jpg",NA,"real","Scam",NA,NA,NA,NA,NA,NA
"793","149277",NA,"resources/real_fg_memory_images/orig29.jpg",NA,"real","Scam",NA,NA,NA,NA,NA,NA
"794","149277",NA,"resources/real_fg_memory_images/fg12.jpg",NA,"artificial","Scam",NA,NA,NA,NA,NA,NA
"795","149277",NA,"resources/real_fg_memory_images/orig20.jpg",NA,"real","Neutral",NA,NA,NA,NA,NA,NA
"796","149277",NA,NA,NA,NA,NA,NA,NA,NA,NA,NA,NA
"797","149277",NA,"resources/real_fg_memory_images/fg2.jpg",NA,"artificial","Neutral","[""neutral_button""]","6",NA,NA,NA,NA
"798","149277",NA,"resources/real_fg_memory_images/fg6.jpg",NA,"artificial","Neutral","[""neutral_button""]","5",NA,NA,NA,NA
"799","149277",NA,"resources/real_fg_memory_images/orig25.jpg",NA,"real","Scam","[""scam_button""]","7",NA,NA,NA,NA
"800","149277",NA,"resources/real_fg_memory_images/orig20.jpg",NA,"real","Neutral","[""scam_button""]","9",NA,NA,NA,NA
"801","149277",NA,"resources/real_fg_memory_images/orig28.jpg",NA,"real","Scam","[""scam_button""]","10",NA,NA,NA,NA
"802","149277",NA,"resources/real_fg_memory_images/orig23.jpg",NA,"real","Neutral","[""neutral_button""]","9",NA,NA,NA,NA
"803","149277",NA,"resources/real_fg_memory_images/fg8.jpg",NA,"artificial","Scam","[""scam_button""]","9",NA,NA,NA,NA
"804","149277",NA,"resources/real_fg_memory_images/orig21.jpg",NA,"real","Neutral","[""neutral_button""]","7",NA,NA,NA,NA
"805","149277",NA,"resources/real_fg_memory_images/orig27.jpg",NA,"real","Scam","[""scam_button""]","9",NA,NA,NA,NA
"806","149277",NA,"resources/real_fg_memory_images/orig26.jpg",NA,"real","Scam","[""scam_button""]","9",NA,NA,NA,NA
"807","149277",NA,"resources/real_fg_memory_images/fg11.jpg",NA,"artificial","Scam","[""neutral_button""]","5",NA,NA,NA,NA
"808","149277",NA,"resources/real_fg_memory_images/fg10.jpg",NA,"artificial","Scam","[""scam_button""]","4",NA,NA,NA,NA
"809","149277",NA,"resources/real_fg_memory_images/fg3.jpg",NA,"artificial","Neutral","[""neutral_button""]","10",NA,NA,NA,NA
"810","149277",NA,"resources/real_fg_memory_images/fg9.jpg",NA,"artificial","Scam","[""neutral_button""]","8",NA,NA,NA,NA
"811","149277",NA,"resources/real_fg_memory_images/fg7.jpg",NA,"artificial","Scam","[""neutral_button""]","8",NA,NA,NA,NA
"812","149277",NA,"resources/real_fg_memory_images/orig24.jpg",NA,"real","Neutral","[""neutral_button""]","7",NA,NA,NA,NA
"813","149277",NA,"resources/real_fg_memory_images/fg1.jpg",NA,"artificial","Neutral","[""neutral_button""]","7",NA,NA,NA,NA
"814","149277",NA,"resources/real_fg_memory_images/orig29.jpg",NA,"real","Scam","[""scam_button""]","9",NA,NA,NA,NA
"815","149277",NA,"resources/real_fg_memory_images/fg4.jpg",NA,"artificial","Neutral","[""scam_button""]","8",NA,NA,NA,NA
"816","149277",NA,"resources/real_fg_memory_images/orig30.jpg",NA,"real","Scam","[""scam_button""]","8",NA,NA,NA,NA
"817","149277",NA,"resources/real_fg_memory_images/orig19.jpg",NA,"real","Neutral","[""neutral_button""]","8",NA,NA,NA,NA
"818","149277",NA,"resources/real_fg_memory_images/orig22.jpg",NA,"real","Neutral","[""neutral_button""]","3",NA,NA,NA,NA
"819","149277",NA,"resources/real_fg_memory_images/fg5.jpg",NA,"artificial","Neutral","[""scam_button""]","4",NA,NA,NA,NA
"820","149277",NA,"resources/real_fg_memory_images/fg12.jpg",NA,"artificial","Scam","[""scam_button""]","7",NA,NA,NA,NA
"821","149277",NA,NA,NA,NA,NA,NA,NA,NA,NA,NA,NA
"822","149277",0,"resources/real_fg_memory_images/orig27.jpg","real",NA,NA,NA,NA,NA,NA,NA,NA
"823","149277",NA,"resources/real_fg_memory_images/orig26.jpg","real",NA,NA,NA,NA,NA,NA,NA,NA
"824","149277",9,"resources/real_fg_memory_images/orig32.jpg","real",NA,NA,NA,NA,NA,NA,NA,NA
"825","149277",4,"resources/real_fg_memory_images/fg1.jpg","artificial",NA,NA,NA,NA,NA,NA,NA,NA
"826","149277",3,"resources/real_fg_memory_images/orig30.jpg","real",NA,NA,NA,NA,NA,NA,NA,NA
"827","149277",9,"resources/real_fg_memory_images/orig19.jpg","real",NA,NA,NA,NA,NA,NA,NA,NA
"828","149277",2,"resources/real_fg_memory_images/orig22.jpg","real",NA,NA,NA,NA,NA,NA,NA,NA
"829","149277",9,"resources/real_fg_memory_images/fg2.jpg","artificial",NA,NA,NA,NA,NA,NA,NA,NA
"830","149277",1,"resources/real_fg_memory_images/fg13.jpg","artificial",NA,NA,NA,NA,NA,NA,NA,NA
"831","149277",1,"resources/real_fg_memory_images/fg15.jpg","artificial",NA,NA,NA,NA,NA,NA,NA,NA
"832","149277",7,"resources/real_fg_memory_images/fg5.jpg","artificial",NA,NA,NA,NA,NA,NA,NA,NA
"833","149277",6,"resources/real_fg_memory_images/orig28.jpg","real",NA,NA,NA,NA,NA,NA,NA,NA
"834","149277",0,"resources/real_fg_memory_images/orig31.jpg","real",NA,NA,NA,NA,NA,NA,NA,NA
"835","149277",6,"resources/real_fg_memory_images/fg9.jpg","artificial",NA,NA,NA,NA,NA,NA,NA,NA
"836","149277",9,"resources/real_fg_memory_images/fg18.jpg","artificial",NA,NA,NA,NA,NA,NA,NA,NA
"837","149277",9,"resources/real_fg_memory_images/orig24.jpg","real",NA,NA,NA,NA,NA,NA,NA,NA
"838","149277",1,"resources/real_fg_memory_images/orig29.jpg","real",NA,NA,NA,NA,NA,NA,NA,NA
"839","149277",8,"resources/real_fg_memory_images/orig34.jpg","real",NA,NA,NA,NA,NA,NA,NA,NA
"840","149277",7,"resources/real_fg_memory_images/fg14.jpg","artificial",NA,NA,NA,NA,NA,NA,NA,NA
"841","149277",9,"resources/real_fg_memory_images/orig25.jpg","real",NA,NA,NA,NA,NA,NA,NA,NA
"842","149277",1,"resources/real_fg_memory_images/fg12.jpg","artificial",NA,NA,NA,NA,NA,NA,NA,NA
"843","149277",9,"resources/real_fg_memory_images/fg3.jpg","artificial",NA,NA,NA,NA,NA,NA,NA,NA
"844","149277",3,"resources/real_fg_memory_images/orig33.jpg","real",NA,NA,NA,NA,NA,NA,NA,NA
"845","149277",8,"resources/real_fg_memory_images/orig21.jpg","real",NA,NA,NA,NA,NA,NA,NA,NA
"846","149277",8,"resources/real_fg_memory_images/fg4.jpg","artificial",NA,NA,NA,NA,NA,NA,NA,NA
"847","149277",1,"resources/real_fg_memory_images/orig20.jpg","real",NA,NA,NA,NA,NA,NA,NA,NA
"848","149277",9,"resources/real_fg_memory_images/orig36.jpg","real",NA,NA,NA,NA,NA,NA,NA,NA
"849","149277",8,"resources/real_fg_memory_images/orig35.jpg","real",NA,NA,NA,NA,NA,NA,NA,NA
"850","149277",9,"resources/real_fg_memory_images/fg10.jpg","artificial",NA,NA,NA,NA,NA,NA,NA,NA
"851","149277",0,"resources/real_fg_memory_images/fg8.jpg","artificial",NA,NA,NA,NA,NA,NA,NA,NA
"852","149277",8,"resources/real_fg_memory_images/fg6.jpg","artificial",NA,NA,NA,NA,NA,NA,NA,NA
"853","149277",0,"resources/real_fg_memory_images/fg7.jpg","artificial",NA,NA,NA,NA,NA,NA,NA,NA
"854","149277",8,"resources/real_fg_memory_images/orig23.jpg","real",NA,NA,NA,NA,NA,NA,NA,NA
"855","149277",8,"resources/real_fg_memory_images/fg17.jpg","artificial",NA,NA,NA,NA,NA,NA,NA,NA
"856","149277",4,"resources/real_fg_memory_images/fg16.jpg","artificial",NA,NA,NA,NA,NA,NA,NA,NA
"857","149277",3,"resources/real_fg_memory_images/fg11.jpg","artificial",NA,NA,NA,NA,NA,NA,NA,NA
"858","149277",NA,NA,NA,NA,NA,NA,NA,NA,NA,NA,NA
"859","149277",NA,NA,NA,NA,NA,NA,NA,5,"If something sounds too good to be true, it usually is",NA,NA
"860","149277",NA,NA,NA,NA,NA,NA,NA,1,"If a telemarketer calls me, I usually listen to what they have to say",NA,NA
"861","149277",NA,NA,NA,NA,NA,NA,NA,4,"I answer the phone whenever it rings, even if I do not know who is calling",NA,NA
"862","149277",NA,NA,NA,NA,NA,NA,NA,1,"I have difficulty ending a phone call, even if the caller is a telemarketer, someone I do not know, or someone I do not wish to call me",NA,NA
"863","149277",NA,NA,NA,NA,NA,NA,NA,4,"Persons over the age of 65 are often targeted by con-artists",NA,NA
"864","149277",NA,NA,NA,NA,NA,NA,NA,NA,NA,NA,NA
"865","149277",NA,NA,NA,NA,NA,NA,NA,NA,NA,"[""male_option""]",NA
"866","149277",NA,NA,NA,NA,NA,NA,NA,NA,NA,NA,80
"867","149277",NA,NA,NA,NA,NA,NA,NA,NA,NA,NA,NA
"868","149277",NA,NA,NA,NA,NA,NA,NA,NA,NA,NA,NA
"869","149277",NA,NA,NA,NA,NA,NA,NA,NA,NA,NA,NA
"870","149277",NA,NA,NA,NA,NA,NA,NA,NA,NA,NA,NA
"871","149277",NA,NA,NA,NA,NA,NA,NA,NA,NA,NA,NA
"872","149277",NA,NA,NA,NA,NA,NA,NA,NA,NA,NA,NA
"873","149277",NA,NA,NA,NA,NA,NA,NA,NA,NA,NA,NA
"874","149277",NA,NA,NA,NA,NA,NA,NA,NA,NA,NA,NA
"875","149277",NA,NA,NA,NA,NA,NA,NA,NA,NA,NA,NA
"876","149277",NA,NA,NA,NA,NA,NA,NA,NA,NA,NA,NA
"877","173031",NA,NA,NA,NA,NA,NA,NA,NA,NA,NA,NA
"878","173031",NA,NA,NA,NA,NA,NA,NA,NA,NA,NA,NA
"879","173031",NA,NA,NA,NA,NA,NA,NA,NA,NA,NA,NA
"880","173031",NA,NA,NA,NA,NA,NA,NA,NA,NA,NA,NA
"881","173031",8,"resources/real_fg_memory_images/fg1.jpg","artificial",NA,NA,NA,NA,NA,NA,NA,NA
"882","173031",7,"resources/real_fg_memory_images/orig29.jpg","real",NA,NA,NA,NA,NA,NA,NA,NA
"883","173031",6,"resources/real_fg_memory_images/fg13.jpg","artificial",NA,NA,NA,NA,NA,NA,NA,NA
"884","173031",9,"resources/real_fg_memory_images/fg4.jpg","artificial",NA,NA,NA,NA,NA,NA,NA,NA
"885","173031",6,"resources/real_fg_memory_images/orig26.jpg","real",NA,NA,NA,NA,NA,NA,NA,NA
"886","173031",9,"resources/real_fg_memory_images/orig34.jpg","real",NA,NA,NA,NA,NA,NA,NA,NA
"887","173031",5,"resources/real_fg_memory_images/orig31.jpg","real",NA,NA,NA,NA,NA,NA,NA,NA
"888","173031",8,"resources/real_fg_memory_images/fg17.jpg","artificial",NA,NA,NA,NA,NA,NA,NA,NA
"889","173031",4,"resources/real_fg_memory_images/fg16.jpg","artificial",NA,NA,NA,NA,NA,NA,NA,NA
"890","173031",7,"resources/real_fg_memory_images/orig27.jpg","real",NA,NA,NA,NA,NA,NA,NA,NA
"891","173031",6,"resources/real_fg_memory_images/fg9.jpg","artificial",NA,NA,NA,NA,NA,NA,NA,NA
"892","173031",4,"resources/real_fg_memory_images/fg8.jpg","artificial",NA,NA,NA,NA,NA,NA,NA,NA
"893","173031",8,"resources/real_fg_memory_images/orig35.jpg","real",NA,NA,NA,NA,NA,NA,NA,NA
"894","173031",7,"resources/real_fg_memory_images/fg10.jpg","artificial",NA,NA,NA,NA,NA,NA,NA,NA
"895","173031",5,"resources/real_fg_memory_images/orig21.jpg","real",NA,NA,NA,NA,NA,NA,NA,NA
"896","173031",8,"resources/real_fg_memory_images/orig25.jpg","real",NA,NA,NA,NA,NA,NA,NA,NA
"897","173031",5,"resources/real_fg_memory_images/fg7.jpg","artificial",NA,NA,NA,NA,NA,NA,NA,NA
"898","173031",7,"resources/real_fg_memory_images/orig32.jpg","real",NA,NA,NA,NA,NA,NA,NA,NA
"899","173031",6,"resources/real_fg_memory_images/fg12.jpg","artificial",NA,NA,NA,NA,NA,NA,NA,NA
"900","173031",8,"resources/real_fg_memory_images/orig19.jpg","real",NA,NA,NA,NA,NA,NA,NA,NA
"901","173031",8,"resources/real_fg_memory_images/fg18.jpg","artificial",NA,NA,NA,NA,NA,NA,NA,NA
"902","173031",7,"resources/real_fg_memory_images/fg2.jpg","artificial",NA,NA,NA,NA,NA,NA,NA,NA
"903","173031",5,"resources/real_fg_memory_images/orig20.jpg","real",NA,NA,NA,NA,NA,NA,NA,NA
"904","173031",8,"resources/real_fg_memory_images/orig36.jpg","real",NA,NA,NA,NA,NA,NA,NA,NA
"905","173031",5,"resources/real_fg_memory_images/orig30.jpg","real",NA,NA,NA,NA,NA,NA,NA,NA
"906","173031",8,"resources/real_fg_memory_images/fg6.jpg","artificial",NA,NA,NA,NA,NA,NA,NA,NA
"907","173031",8,"resources/real_fg_memory_images/orig23.jpg","real",NA,NA,NA,NA,NA,NA,NA,NA
"908","173031",7,"resources/real_fg_memory_images/orig24.jpg","real",NA,NA,NA,NA,NA,NA,NA,NA
"909","173031",3,"resources/real_fg_memory_images/fg3.jpg","artificial",NA,NA,NA,NA,NA,NA,NA,NA
"910","173031",6,"resources/real_fg_memory_images/orig28.jpg","real",NA,NA,NA,NA,NA,NA,NA,NA
"911","173031",8,"resources/real_fg_memory_images/fg15.jpg","artificial",NA,NA,NA,NA,NA,NA,NA,NA
"912","173031",4,"resources/real_fg_memory_images/orig33.jpg","real",NA,NA,NA,NA,NA,NA,NA,NA
"913","173031",8,"resources/real_fg_memory_images/fg14.jpg","artificial",NA,NA,NA,NA,NA,NA,NA,NA
"914","173031",2,"resources/real_fg_memory_images/fg5.jpg","artificial",NA,NA,NA,NA,NA,NA,NA,NA
"915","173031",6,"resources/real_fg_memory_images/orig22.jpg","real",NA,NA,NA,NA,NA,NA,NA,NA
"916","173031",8,"resources/real_fg_memory_images/fg11.jpg","artificial",NA,NA,NA,NA,NA,NA,NA,NA
"917","173031",NA,NA,NA,NA,NA,NA,NA,NA,NA,NA,NA
"918","173031",NA,"resources/real_fg_memory_images/orig23.jpg",NA,"real","Neutral",NA,NA,NA,NA,NA,NA
"919","173031",NA,"resources/real_fg_memory_images/fg4.jpg",NA,"artificial","Neutral",NA,NA,NA,NA,NA,NA
"920","173031",NA,"resources/real_fg_memory_images/orig25.jpg",NA,"real","Scam",NA,NA,NA,NA,NA,NA
"921","173031",NA,"resources/real_fg_memory_images/fg8.jpg",NA,"artificial","Scam",NA,NA,NA,NA,NA,NA
"922","173031",NA,"resources/real_fg_memory_images/fg10.jpg",NA,"artificial","Scam",NA,NA,NA,NA,NA,NA
"923","173031",NA,"resources/real_fg_memory_images/fg2.jpg",NA,"artificial","Neutral",NA,NA,NA,NA,NA,NA
"924","173031",NA,"resources/real_fg_memory_images/fg1.jpg",NA,"artificial","Neutral",NA,NA,NA,NA,NA,NA
"925","173031",NA,"resources/real_fg_memory_images/orig22.jpg",NA,"real","Neutral",NA,NA,NA,NA,NA,NA
"926","173031",NA,"resources/real_fg_memory_images/fg11.jpg",NA,"artificial","Scam",NA,NA,NA,NA,NA,NA
"927","173031",NA,"resources/real_fg_memory_images/fg12.jpg",NA,"artificial","Scam",NA,NA,NA,NA,NA,NA
"928","173031",NA,"resources/real_fg_memory_images/fg9.jpg",NA,"artificial","Scam",NA,NA,NA,NA,NA,NA
"929","173031",NA,"resources/real_fg_memory_images/orig27.jpg",NA,"real","Scam",NA,NA,NA,NA,NA,NA
"930","173031",NA,"resources/real_fg_memory_images/fg6.jpg",NA,"artificial","Neutral",NA,NA,NA,NA,NA,NA
"931","173031",NA,"resources/real_fg_memory_images/orig28.jpg",NA,"real","Scam",NA,NA,NA,NA,NA,NA
"932","173031",NA,"resources/real_fg_memory_images/fg5.jpg",NA,"artificial","Neutral",NA,NA,NA,NA,NA,NA
"933","173031",NA,"resources/real_fg_memory_images/fg3.jpg",NA,"artificial","Neutral",NA,NA,NA,NA,NA,NA
"934","173031",NA,"resources/real_fg_memory_images/orig30.jpg",NA,"real","Scam",NA,NA,NA,NA,NA,NA
"935","173031",NA,"resources/real_fg_memory_images/orig19.jpg",NA,"real","Neutral",NA,NA,NA,NA,NA,NA
"936","173031",NA,"resources/real_fg_memory_images/orig20.jpg",NA,"real","Neutral",NA,NA,NA,NA,NA,NA
"937","173031",NA,"resources/real_fg_memory_images/orig21.jpg",NA,"real","Neutral",NA,NA,NA,NA,NA,NA
"938","173031",NA,"resources/real_fg_memory_images/fg7.jpg",NA,"artificial","Scam",NA,NA,NA,NA,NA,NA
"939","173031",NA,"resources/real_fg_memory_images/orig24.jpg",NA,"real","Neutral",NA,NA,NA,NA,NA,NA
"940","173031",NA,"resources/real_fg_memory_images/orig26.jpg",NA,"real","Scam",NA,NA,NA,NA,NA,NA
"941","173031",NA,"resources/real_fg_memory_images/orig29.jpg",NA,"real","Scam",NA,NA,NA,NA,NA,NA
"942","173031",NA,NA,NA,NA,NA,NA,NA,NA,NA,NA,NA
"943","173031",NA,"resources/real_fg_memory_images/orig30.jpg",NA,"real","Scam","[""neutral_button""]","5",NA,NA,NA,NA
"944","173031",NA,"resources/real_fg_memory_images/fg11.jpg",NA,"artificial","Scam","[""scam_button""]","8",NA,NA,NA,NA
"945","173031",NA,"resources/real_fg_memory_images/fg6.jpg",NA,"artificial","Neutral","[""scam_button""]","9",NA,NA,NA,NA
"946","173031",NA,"resources/real_fg_memory_images/orig23.jpg",NA,"real","Neutral","[""neutral_button""]","4",NA,NA,NA,NA
"947","173031",NA,"resources/real_fg_memory_images/fg8.jpg",NA,"artificial","Scam","[""scam_button""]","9",NA,NA,NA,NA
"948","173031",NA,"resources/real_fg_memory_images/fg7.jpg",NA,"artificial","Scam","[""scam_button""]","9",NA,NA,NA,NA
"949","173031",NA,"resources/real_fg_memory_images/fg2.jpg",NA,"artificial","Neutral","[""neutral_button""]","4",NA,NA,NA,NA
"950","173031",NA,"resources/real_fg_memory_images/orig19.jpg",NA,"real","Neutral","[""scam_button""]","5",NA,NA,NA,NA
"951","173031",NA,"resources/real_fg_memory_images/orig22.jpg",NA,"real","Neutral","[""scam_button""]","4",NA,NA,NA,NA
"952","173031",NA,"resources/real_fg_memory_images/orig20.jpg",NA,"real","Neutral","[""scam_button""]","9",NA,NA,NA,NA
"953","173031",NA,"resources/real_fg_memory_images/fg9.jpg",NA,"artificial","Scam","[""neutral_button""]","7",NA,NA,NA,NA
"954","173031",NA,"resources/real_fg_memory_images/orig25.jpg",NA,"real","Scam","[""neutral_button""]","7",NA,NA,NA,NA
"955","173031",NA,"resources/real_fg_memory_images/fg3.jpg",NA,"artificial","Neutral","[""scam_button""]","7",NA,NA,NA,NA
"956","173031",NA,"resources/real_fg_memory_images/fg12.jpg",NA,"artificial","Scam","[""scam_button""]","6",NA,NA,NA,NA
"957","173031",NA,"resources/real_fg_memory_images/fg5.jpg",NA,"artificial","Neutral","[""neutral_button""]","8",NA,NA,NA,NA
"958","173031",NA,"resources/real_fg_memory_images/orig26.jpg",NA,"real","Scam","[""scam_button""]","7",NA,NA,NA,NA
"959","173031",NA,"resources/real_fg_memory_images/orig24.jpg",NA,"real","Neutral","[""neutral_button""]","9",NA,NA,NA,NA
"960","173031",NA,"resources/real_fg_memory_images/fg10.jpg",NA,"artificial","Scam","[""scam_button""]","8",NA,NA,NA,NA
"961","173031",NA,"resources/real_fg_memory_images/fg1.jpg",NA,"artificial","Neutral","[""scam_button""]","8",NA,NA,NA,NA
"962","173031",NA,"resources/real_fg_memory_images/fg4.jpg",NA,"artificial","Neutral","[""neutral_button""]","9",NA,NA,NA,NA
"963","173031",NA,"resources/real_fg_memory_images/orig21.jpg",NA,"real","Neutral","[""scam_button""]","9",NA,NA,NA,NA
"964","173031",NA,"resources/real_fg_memory_images/orig29.jpg",NA,"real","Scam","[""scam_button""]","9",NA,NA,NA,NA
"965","173031",NA,"resources/real_fg_memory_images/orig28.jpg",NA,"real","Scam","[""neutral_button""]","4",NA,NA,NA,NA
"966","173031",NA,"resources/real_fg_memory_images/orig27.jpg",NA,"real","Scam","[""neutral_button""]","7",NA,NA,NA,NA
"967","173031",NA,NA,NA,NA,NA,NA,NA,NA,NA,NA,NA
"968","173031",9,"resources/real_fg_memory_images/fg7.jpg","artificial",NA,NA,NA,NA,NA,NA,NA,NA
"969","173031",4,"resources/real_fg_memory_images/fg9.jpg","artificial",NA,NA,NA,NA,NA,NA,NA,NA
"970","173031",3,"resources/real_fg_memory_images/orig21.jpg","real",NA,NA,NA,NA,NA,NA,NA,NA
"971","173031",8,"resources/real_fg_memory_images/orig32.jpg","real",NA,NA,NA,NA,NA,NA,NA,NA
"972","173031",7,"resources/real_fg_memory_images/fg16.jpg","artificial",NA,NA,NA,NA,NA,NA,NA,NA
"973","173031",8,"resources/real_fg_memory_images/orig20.jpg","real",NA,NA,NA,NA,NA,NA,NA,NA
"974","173031",8,"resources/real_fg_memory_images/fg18.jpg","artificial",NA,NA,NA,NA,NA,NA,NA,NA
"975","173031",4,"resources/real_fg_memory_images/orig29.jpg","real",NA,NA,NA,NA,NA,NA,NA,NA
"976","173031",9,"resources/real_fg_memory_images/orig24.jpg","real",NA,NA,NA,NA,NA,NA,NA,NA
"977","173031",3,"resources/real_fg_memory_images/orig19.jpg","real",NA,NA,NA,NA,NA,NA,NA,NA
"978","173031",7,"resources/real_fg_memory_images/fg11.jpg","artificial",NA,NA,NA,NA,NA,NA,NA,NA
"979","173031",8,"resources/real_fg_memory_images/orig34.jpg","real",NA,NA,NA,NA,NA,NA,NA,NA
"980","173031",4,"resources/real_fg_memory_images/orig22.jpg","real",NA,NA,NA,NA,NA,NA,NA,NA
"981","173031",5,"resources/real_fg_memory_images/orig33.jpg","real",NA,NA,NA,NA,NA,NA,NA,NA
"982","173031",8,"resources/real_fg_memory_images/orig25.jpg","real",NA,NA,NA,NA,NA,NA,NA,NA
"983","173031",3,"resources/real_fg_memory_images/fg4.jpg","artificial",NA,NA,NA,NA,NA,NA,NA,NA
"984","173031",5,"resources/real_fg_memory_images/fg17.jpg","artificial",NA,NA,NA,NA,NA,NA,NA,NA
"985","173031",8,"resources/real_fg_memory_images/orig27.jpg","real",NA,NA,NA,NA,NA,NA,NA,NA
"986","173031",9,"resources/real_fg_memory_images/orig36.jpg","real",NA,NA,NA,NA,NA,NA,NA,NA
"987","173031",9,"resources/real_fg_memory_images/fg15.jpg","artificial",NA,NA,NA,NA,NA,NA,NA,NA
"988","173031",5,"resources/real_fg_memory_images/orig23.jpg","real",NA,NA,NA,NA,NA,NA,NA,NA
"989","173031",5,"resources/real_fg_memory_images/orig28.jpg","real",NA,NA,NA,NA,NA,NA,NA,NA
"990","173031",3,"resources/real_fg_memory_images/fg14.jpg","artificial",NA,NA,NA,NA,NA,NA,NA,NA
"991","173031",9,"resources/real_fg_memory_images/fg6.jpg","artificial",NA,NA,NA,NA,NA,NA,NA,NA
"992","173031",4,"resources/real_fg_memory_images/fg10.jpg","artificial",NA,NA,NA,NA,NA,NA,NA,NA
"993","173031",3,"resources/real_fg_memory_images/fg8.jpg","artificial",NA,NA,NA,NA,NA,NA,NA,NA
"994","173031",3,"resources/real_fg_memory_images/orig31.jpg","real",NA,NA,NA,NA,NA,NA,NA,NA
"995","173031",9,"resources/real_fg_memory_images/fg5.jpg","artificial",NA,NA,NA,NA,NA,NA,NA,NA
"996","173031",8,"resources/real_fg_memory_images/orig30.jpg","real",NA,NA,NA,NA,NA,NA,NA,NA
"997","173031",3,"resources/real_fg_memory_images/fg3.jpg","artificial",NA,NA,NA,NA,NA,NA,NA,NA
"998","173031",3,"resources/real_fg_memory_images/fg13.jpg","artificial",NA,NA,NA,NA,NA,NA,NA,NA
"999","173031",9,"resources/real_fg_memory_images/orig26.jpg","real",NA,NA,NA,NA,NA,NA,NA,NA
"1000","173031",9,"resources/real_fg_memory_images/fg2.jpg","artificial",NA,NA,NA,NA,NA,NA,NA,NA
"1001","173031",5,"resources/real_fg_memory_images/fg12.jpg","artificial",NA,NA,NA,NA,NA,NA,NA,NA
"1002","173031",5,"resources/real_fg_memory_images/orig35.jpg","real",NA,NA,NA,NA,NA,NA,NA,NA
"1003","173031",4,"resources/real_fg_memory_images/fg1.jpg","artificial",NA,NA,NA,NA,NA,NA,NA,NA
"1004","173031",NA,NA,NA,NA,NA,NA,NA,NA,NA,NA,NA
"1005","173031",NA,NA,NA,NA,NA,NA,NA,4,"Persons over the age of 65 are often targeted by con-artists",NA,NA
"1006","173031",NA,NA,NA,NA,NA,NA,NA,5,"If something sounds too good to be true, it usually is",NA,NA
"1007","173031",NA,NA,NA,NA,NA,NA,NA,2,"I have difficulty ending a phone call, even if the caller is a telemarketer, someone I do not know, or someone I do not wish to call me",NA,NA
"1008","173031",NA,NA,NA,NA,NA,NA,NA,1,"If a telemarketer calls me, I usually listen to what they have to say",NA,NA
"1009","173031",NA,NA,NA,NA,NA,NA,NA,3,"I answer the phone whenever it rings, even if I do not know who is calling",NA,NA
"1010","173031",NA,NA,NA,NA,NA,NA,NA,NA,NA,NA,NA
"1011","173031",NA,NA,NA,NA,NA,NA,NA,NA,NA,"[""female_option""]",NA
"1012","173031",NA,NA,NA,NA,NA,NA,NA,NA,NA,NA,68
"1013","173031",NA,NA,NA,NA,NA,NA,NA,NA,NA,NA,NA
"1014","173031",NA,NA,NA,NA,NA,NA,NA,NA,NA,NA,NA
"1015","173031",NA,NA,NA,NA,NA,NA,NA,NA,NA,NA,NA
"1016","173031",NA,NA,NA,NA,NA,NA,NA,NA,NA,NA,NA
"1017","173031",NA,NA,NA,NA,NA,NA,NA,NA,NA,NA,NA
"1018","173031",NA,NA,NA,NA,NA,NA,NA,NA,NA,NA,NA
"1019","173031",NA,NA,NA,NA,NA,NA,NA,NA,NA,NA,NA
"1020","173031",NA,NA,NA,NA,NA,NA,NA,NA,NA,NA,NA
"1021","173031",NA,NA,NA,NA,NA,NA,NA,NA,NA,NA,NA
"1022","173031",NA,NA,NA,NA,NA,NA,NA,NA,NA,NA,NA
"1023","240917",NA,NA,NA,NA,NA,NA,NA,NA,NA,NA,NA
"1024","240917",NA,NA,NA,NA,NA,NA,NA,NA,NA,NA,NA
"1025","240917",NA,NA,NA,NA,NA,NA,NA,NA,NA,NA,NA
"1026","240917",NA,NA,NA,NA,NA,NA,NA,NA,NA,NA,NA
"1027","240917",6,"resources/real_fg_memory_images/orig19.jpg","real",NA,NA,NA,NA,NA,NA,NA,NA
"1028","240917",7,"resources/real_fg_memory_images/fg6.jpg","artificial",NA,NA,NA,NA,NA,NA,NA,NA
"1029","240917",4,"resources/real_fg_memory_images/fg3.jpg","artificial",NA,NA,NA,NA,NA,NA,NA,NA
"1030","240917",4,"resources/real_fg_memory_images/orig22.jpg","real",NA,NA,NA,NA,NA,NA,NA,NA
"1031","240917",4,"resources/real_fg_memory_images/orig20.jpg","real",NA,NA,NA,NA,NA,NA,NA,NA
"1032","240917",5,"resources/real_fg_memory_images/fg10.jpg","artificial",NA,NA,NA,NA,NA,NA,NA,NA
"1033","240917",7,"resources/real_fg_memory_images/orig25.jpg","real",NA,NA,NA,NA,NA,NA,NA,NA
"1034","240917",7,"resources/real_fg_memory_images/orig27.jpg","real",NA,NA,NA,NA,NA,NA,NA,NA
"1035","240917",5,"resources/real_fg_memory_images/fg7.jpg","artificial",NA,NA,NA,NA,NA,NA,NA,NA
"1036","240917",8,"resources/real_fg_memory_images/fg4.jpg","artificial",NA,NA,NA,NA,NA,NA,NA,NA
"1037","240917",6,"resources/real_fg_memory_images/orig21.jpg","real",NA,NA,NA,NA,NA,NA,NA,NA
"1038","240917",7,"resources/real_fg_memory_images/fg14.jpg","artificial",NA,NA,NA,NA,NA,NA,NA,NA
"1039","240917",7,"resources/real_fg_memory_images/orig23.jpg","real",NA,NA,NA,NA,NA,NA,NA,NA
"1040","240917",7,"resources/real_fg_memory_images/fg16.jpg","artificial",NA,NA,NA,NA,NA,NA,NA,NA
"1041","240917",6,"resources/real_fg_memory_images/fg15.jpg","artificial",NA,NA,NA,NA,NA,NA,NA,NA
"1042","240917",6,"resources/real_fg_memory_images/fg9.jpg","artificial",NA,NA,NA,NA,NA,NA,NA,NA
"1043","240917",8,"resources/real_fg_memory_images/fg18.jpg","artificial",NA,NA,NA,NA,NA,NA,NA,NA
"1044","240917",5,"resources/real_fg_memory_images/fg13.jpg","artificial",NA,NA,NA,NA,NA,NA,NA,NA
"1045","240917",6,"resources/real_fg_memory_images/fg11.jpg","artificial",NA,NA,NA,NA,NA,NA,NA,NA
"1046","240917",8,"resources/real_fg_memory_images/orig30.jpg","real",NA,NA,NA,NA,NA,NA,NA,NA
"1047","240917",6,"resources/real_fg_memory_images/orig31.jpg","real",NA,NA,NA,NA,NA,NA,NA,NA
"1048","240917",7,"resources/real_fg_memory_images/fg17.jpg","artificial",NA,NA,NA,NA,NA,NA,NA,NA
"1049","240917",7,"resources/real_fg_memory_images/orig35.jpg","real",NA,NA,NA,NA,NA,NA,NA,NA
"1050","240917",7,"resources/real_fg_memory_images/orig24.jpg","real",NA,NA,NA,NA,NA,NA,NA,NA
"1051","240917",8,"resources/real_fg_memory_images/orig36.jpg","real",NA,NA,NA,NA,NA,NA,NA,NA
"1052","240917",8,"resources/real_fg_memory_images/orig32.jpg","real",NA,NA,NA,NA,NA,NA,NA,NA
"1053","240917",6,"resources/real_fg_memory_images/fg5.jpg","artificial",NA,NA,NA,NA,NA,NA,NA,NA
"1054","240917",8,"resources/real_fg_memory_images/orig28.jpg","real",NA,NA,NA,NA,NA,NA,NA,NA
"1055","240917",6,"resources/real_fg_memory_images/fg12.jpg","artificial",NA,NA,NA,NA,NA,NA,NA,NA
"1056","240917",8,"resources/real_fg_memory_images/orig26.jpg","real",NA,NA,NA,NA,NA,NA,NA,NA
"1057","240917",7,"resources/real_fg_memory_images/orig33.jpg","real",NA,NA,NA,NA,NA,NA,NA,NA
"1058","240917",6,"resources/real_fg_memory_images/orig29.jpg","real",NA,NA,NA,NA,NA,NA,NA,NA
"1059","240917",6,"resources/real_fg_memory_images/fg1.jpg","artificial",NA,NA,NA,NA,NA,NA,NA,NA
"1060","240917",8,"resources/real_fg_memory_images/fg2.jpg","artificial",NA,NA,NA,NA,NA,NA,NA,NA
"1061","240917",8,"resources/real_fg_memory_images/orig34.jpg","real",NA,NA,NA,NA,NA,NA,NA,NA
"1062","240917",8,"resources/real_fg_memory_images/fg8.jpg","artificial",NA,NA,NA,NA,NA,NA,NA,NA
"1063","240917",NA,NA,NA,NA,NA,NA,NA,NA,NA,NA,NA
"1064","240917",NA,"resources/real_fg_memory_images/orig20.jpg",NA,"real","Neutral",NA,NA,NA,NA,NA,NA
"1065","240917",NA,"resources/real_fg_memory_images/orig19.jpg",NA,"real","Neutral",NA,NA,NA,NA,NA,NA
"1066","240917",NA,"resources/real_fg_memory_images/orig30.jpg",NA,"real","Scam",NA,NA,NA,NA,NA,NA
"1067","240917",NA,"resources/real_fg_memory_images/fg9.jpg",NA,"artificial","Scam",NA,NA,NA,NA,NA,NA
"1068","240917",NA,"resources/real_fg_memory_images/fg12.jpg",NA,"artificial","Scam",NA,NA,NA,NA,NA,NA
"1069","240917",NA,"resources/real_fg_memory_images/fg7.jpg",NA,"artificial","Scam",NA,NA,NA,NA,NA,NA
"1070","240917",NA,"resources/real_fg_memory_images/fg4.jpg",NA,"artificial","Neutral",NA,NA,NA,NA,NA,NA
"1071","240917",NA,"resources/real_fg_memory_images/orig29.jpg",NA,"real","Scam",NA,NA,NA,NA,NA,NA
"1072","240917",NA,"resources/real_fg_memory_images/fg2.jpg",NA,"artificial","Neutral",NA,NA,NA,NA,NA,NA
"1073","240917",NA,"resources/real_fg_memory_images/orig22.jpg",NA,"real","Neutral",NA,NA,NA,NA,NA,NA
"1074","240917",NA,"resources/real_fg_memory_images/orig21.jpg",NA,"real","Neutral",NA,NA,NA,NA,NA,NA
"1075","240917",NA,"resources/real_fg_memory_images/fg6.jpg",NA,"artificial","Neutral",NA,NA,NA,NA,NA,NA
"1076","240917",NA,"resources/real_fg_memory_images/fg10.jpg",NA,"artificial","Scam",NA,NA,NA,NA,NA,NA
"1077","240917",NA,"resources/real_fg_memory_images/fg1.jpg",NA,"artificial","Neutral",NA,NA,NA,NA,NA,NA
"1078","240917",NA,"resources/real_fg_memory_images/fg11.jpg",NA,"artificial","Scam",NA,NA,NA,NA,NA,NA
"1079","240917",NA,"resources/real_fg_memory_images/fg8.jpg",NA,"artificial","Scam",NA,NA,NA,NA,NA,NA
"1080","240917",NA,"resources/real_fg_memory_images/orig24.jpg",NA,"real","Neutral",NA,NA,NA,NA,NA,NA
"1081","240917",NA,"resources/real_fg_memory_images/fg3.jpg",NA,"artificial","Neutral",NA,NA,NA,NA,NA,NA
"1082","240917",NA,"resources/real_fg_memory_images/orig25.jpg",NA,"real","Scam",NA,NA,NA,NA,NA,NA
"1083","240917",NA,"resources/real_fg_memory_images/orig26.jpg",NA,"real","Scam",NA,NA,NA,NA,NA,NA
"1084","240917",NA,"resources/real_fg_memory_images/orig23.jpg",NA,"real","Neutral",NA,NA,NA,NA,NA,NA
"1085","240917",NA,"resources/real_fg_memory_images/fg5.jpg",NA,"artificial","Neutral",NA,NA,NA,NA,NA,NA
"1086","240917",NA,"resources/real_fg_memory_images/orig28.jpg",NA,"real","Scam",NA,NA,NA,NA,NA,NA
"1087","240917",NA,"resources/real_fg_memory_images/orig27.jpg",NA,"real","Scam",NA,NA,NA,NA,NA,NA
"1088","240917",NA,NA,NA,NA,NA,NA,NA,NA,NA,NA,NA
"1089","240917",NA,"resources/real_fg_memory_images/fg11.jpg",NA,"artificial","Scam","[""scam_button""]","4",NA,NA,NA,NA
"1090","240917",NA,"resources/real_fg_memory_images/orig20.jpg",NA,"real","Neutral","[""neutral_button""]","4",NA,NA,NA,NA
"1091","240917",NA,"resources/real_fg_memory_images/fg8.jpg",NA,"artificial","Scam","[""scam_button""]","8",NA,NA,NA,NA
"1092","240917",NA,"resources/real_fg_memory_images/fg1.jpg",NA,"artificial","Neutral","[""scam_button""]","8",NA,NA,NA,NA
"1093","240917",NA,"resources/real_fg_memory_images/fg9.jpg",NA,"artificial","Scam","[""scam_button""]","4",NA,NA,NA,NA
"1094","240917",NA,"resources/real_fg_memory_images/orig21.jpg",NA,"real","Neutral","[""scam_button""]","4",NA,NA,NA,NA
"1095","240917",NA,"resources/real_fg_memory_images/fg12.jpg",NA,"artificial","Scam","[""scam_button""]","10",NA,NA,NA,NA
"1096","240917",NA,"resources/real_fg_memory_images/fg4.jpg",NA,"artificial","Neutral","[""neutral_button""]","4",NA,NA,NA,NA
"1097","240917",NA,"resources/real_fg_memory_images/orig19.jpg",NA,"real","Neutral","[""neutral_button""]","4",NA,NA,NA,NA
"1098","240917",NA,"resources/real_fg_memory_images/orig30.jpg",NA,"real","Scam","[""scam_button""]","10",NA,NA,NA,NA
"1099","240917",NA,"resources/real_fg_memory_images/fg2.jpg",NA,"artificial","Neutral","[""neutral_button""]","5",NA,NA,NA,NA
"1100","240917",NA,"resources/real_fg_memory_images/fg5.jpg",NA,"artificial","Neutral","[""scam_button""]","5",NA,NA,NA,NA
"1101","240917",NA,"resources/real_fg_memory_images/orig28.jpg",NA,"real","Scam","[""neutral_button""]","5",NA,NA,NA,NA
"1102","240917",NA,"resources/real_fg_memory_images/fg10.jpg",NA,"artificial","Scam","[""scam_button""]","4",NA,NA,NA,NA
"1103","240917",NA,"resources/real_fg_memory_images/fg6.jpg",NA,"artificial","Neutral","[""neutral_button""]","5",NA,NA,NA,NA
"1104","240917",NA,"resources/real_fg_memory_images/orig24.jpg",NA,"real","Neutral","[""neutral_button""]","4",NA,NA,NA,NA
"1105","240917",NA,"resources/real_fg_memory_images/orig25.jpg",NA,"real","Scam","[""neutral_button""]","4",NA,NA,NA,NA
"1106","240917",NA,"resources/real_fg_memory_images/orig23.jpg",NA,"real","Neutral","[""neutral_button""]","4",NA,NA,NA,NA
"1107","240917",NA,"resources/real_fg_memory_images/orig26.jpg",NA,"real","Scam","[""scam_button""]","5",NA,NA,NA,NA
"1108","240917",NA,"resources/real_fg_memory_images/fg7.jpg",NA,"artificial","Scam","[""scam_button""]","5",NA,NA,NA,NA
"1109","240917",NA,"resources/real_fg_memory_images/orig29.jpg",NA,"real","Scam","[""scam_button""]","5",NA,NA,NA,NA
"1110","240917",NA,"resources/real_fg_memory_images/fg3.jpg",NA,"artificial","Neutral","[""scam_button""]","5",NA,NA,NA,NA
"1111","240917",NA,"resources/real_fg_memory_images/orig22.jpg",NA,"real","Neutral","[""neutral_button""]","5",NA,NA,NA,NA
"1112","240917",NA,"resources/real_fg_memory_images/orig27.jpg",NA,"real","Scam","[""neutral_button""]","5",NA,NA,NA,NA
"1113","240917",NA,NA,NA,NA,NA,NA,NA,NA,NA,NA,NA
"1114","240917",6,"resources/real_fg_memory_images/orig27.jpg","real",NA,NA,NA,NA,NA,NA,NA,NA
"1115","240917",5,"resources/real_fg_memory_images/fg10.jpg","artificial",NA,NA,NA,NA,NA,NA,NA,NA
"1116","240917",8,"resources/real_fg_memory_images/orig19.jpg","real",NA,NA,NA,NA,NA,NA,NA,NA
"1117","240917",7,"resources/real_fg_memory_images/fg17.jpg","artificial",NA,NA,NA,NA,NA,NA,NA,NA
"1118","240917",5,"resources/real_fg_memory_images/orig31.jpg","real",NA,NA,NA,NA,NA,NA,NA,NA
"1119","240917",5,"resources/real_fg_memory_images/fg12.jpg","artificial",NA,NA,NA,NA,NA,NA,NA,NA
"1120","240917",6,"resources/real_fg_memory_images/orig22.jpg","real",NA,NA,NA,NA,NA,NA,NA,NA
"1121","240917",7,"resources/real_fg_memory_images/orig29.jpg","real",NA,NA,NA,NA,NA,NA,NA,NA
"1122","240917",7,"resources/real_fg_memory_images/orig35.jpg","real",NA,NA,NA,NA,NA,NA,NA,NA
"1123","240917",6,"resources/real_fg_memory_images/orig20.jpg","real",NA,NA,NA,NA,NA,NA,NA,NA
"1124","240917",7,"resources/real_fg_memory_images/fg16.jpg","artificial",NA,NA,NA,NA,NA,NA,NA,NA
"1125","240917",6,"resources/real_fg_memory_images/fg5.jpg","artificial",NA,NA,NA,NA,NA,NA,NA,NA
"1126","240917",8,"resources/real_fg_memory_images/fg2.jpg","artificial",NA,NA,NA,NA,NA,NA,NA,NA
"1127","240917",5,"resources/real_fg_memory_images/fg1.jpg","artificial",NA,NA,NA,NA,NA,NA,NA,NA
"1128","240917",7,"resources/real_fg_memory_images/orig25.jpg","real",NA,NA,NA,NA,NA,NA,NA,NA
"1129","240917",8,"resources/real_fg_memory_images/fg9.jpg","artificial",NA,NA,NA,NA,NA,NA,NA,NA
"1130","240917",6,"resources/real_fg_memory_images/fg7.jpg","artificial",NA,NA,NA,NA,NA,NA,NA,NA
"1131","240917",9,"resources/real_fg_memory_images/orig36.jpg","real",NA,NA,NA,NA,NA,NA,NA,NA
"1132","240917",8,"resources/real_fg_memory_images/orig26.jpg","real",NA,NA,NA,NA,NA,NA,NA,NA
"1133","240917",9,"resources/real_fg_memory_images/orig30.jpg","real",NA,NA,NA,NA,NA,NA,NA,NA
"1134","240917",4,"resources/real_fg_memory_images/orig21.jpg","real",NA,NA,NA,NA,NA,NA,NA,NA
"1135","240917",8,"resources/real_fg_memory_images/orig32.jpg","real",NA,NA,NA,NA,NA,NA,NA,NA
"1136","240917",8,"resources/real_fg_memory_images/orig34.jpg","real",NA,NA,NA,NA,NA,NA,NA,NA
"1137","240917",7,"resources/real_fg_memory_images/orig24.jpg","real",NA,NA,NA,NA,NA,NA,NA,NA
"1138","240917",8,"resources/real_fg_memory_images/fg18.jpg","artificial",NA,NA,NA,NA,NA,NA,NA,NA
"1139","240917",7,"resources/real_fg_memory_images/orig33.jpg","real",NA,NA,NA,NA,NA,NA,NA,NA
"1140","240917",8,"resources/real_fg_memory_images/orig28.jpg","real",NA,NA,NA,NA,NA,NA,NA,NA
"1141","240917",7,"resources/real_fg_memory_images/fg15.jpg","artificial",NA,NA,NA,NA,NA,NA,NA,NA
"1142","240917",8,"resources/real_fg_memory_images/fg4.jpg","artificial",NA,NA,NA,NA,NA,NA,NA,NA
"1143","240917",7,"resources/real_fg_memory_images/fg6.jpg","artificial",NA,NA,NA,NA,NA,NA,NA,NA
"1144","240917",5,"resources/real_fg_memory_images/fg13.jpg","artificial",NA,NA,NA,NA,NA,NA,NA,NA
"1145","240917",5,"resources/real_fg_memory_images/fg3.jpg","artificial",NA,NA,NA,NA,NA,NA,NA,NA
"1146","240917",6,"resources/real_fg_memory_images/fg11.jpg","artificial",NA,NA,NA,NA,NA,NA,NA,NA
"1147","240917",7,"resources/real_fg_memory_images/orig23.jpg","real",NA,NA,NA,NA,NA,NA,NA,NA
"1148","240917",7,"resources/real_fg_memory_images/fg8.jpg","artificial",NA,NA,NA,NA,NA,NA,NA,NA
"1149","240917",7,"resources/real_fg_memory_images/fg14.jpg","artificial",NA,NA,NA,NA,NA,NA,NA,NA
"1150","240917",NA,NA,NA,NA,NA,NA,NA,NA,NA,NA,NA
"1151","240917",NA,NA,NA,NA,NA,NA,NA,2,"I have difficulty ending a phone call, even if the caller is a telemarketer, someone I do not know, or someone I do not wish to call me",NA,NA
"1152","240917",NA,NA,NA,NA,NA,NA,NA,1,"I answer the phone whenever it rings, even if I do not know who is calling",NA,NA
"1153","240917",NA,NA,NA,NA,NA,NA,NA,5,"Persons over the age of 65 are often targeted by con-artists",NA,NA
"1154","240917",NA,NA,NA,NA,NA,NA,NA,5,"If something sounds too good to be true, it usually is",NA,NA
"1155","240917",NA,NA,NA,NA,NA,NA,NA,2,"If a telemarketer calls me, I usually listen to what they have to say",NA,NA
"1156","240917",NA,NA,NA,NA,NA,NA,NA,NA,NA,NA,NA
"1157","240917",NA,NA,NA,NA,NA,NA,NA,NA,NA,"[""female_option""]",NA
"1158","240917",NA,NA,NA,NA,NA,NA,NA,NA,NA,NA,66
"1159","240917",NA,NA,NA,NA,NA,NA,NA,NA,NA,NA,NA
"1160","240917",NA,NA,NA,NA,NA,NA,NA,NA,NA,NA,NA
"1161","240917",NA,NA,NA,NA,NA,NA,NA,NA,NA,NA,NA
"1162","240917",NA,NA,NA,NA,NA,NA,NA,NA,NA,NA,NA
"1163","240917",NA,NA,NA,NA,NA,NA,NA,NA,NA,NA,NA
"1164","240917",NA,NA,NA,NA,NA,NA,NA,NA,NA,NA,NA
"1165","240917",NA,NA,NA,NA,NA,NA,NA,NA,NA,NA,NA
"1166","240917",NA,NA,NA,NA,NA,NA,NA,NA,NA,NA,NA
"1167","240917",NA,NA,NA,NA,NA,NA,NA,NA,NA,NA,NA
"1168","240917",NA,NA,NA,NA,NA,NA,NA,NA,NA,NA,NA
"1169","309800",NA,NA,NA,NA,NA,NA,NA,NA,NA,NA,NA
"1170","309800",NA,NA,NA,NA,NA,NA,NA,NA,NA,NA,NA
"1171","309800",NA,NA,NA,NA,NA,NA,NA,NA,NA,NA,NA
"1172","309800",NA,NA,NA,NA,NA,NA,NA,NA,NA,NA,NA
"1173","309800",7,"resources/real_fg_memory_images/orig33.jpg","real",NA,NA,NA,NA,NA,NA,NA,NA
"1174","309800",7,"resources/real_fg_memory_images/fg11.jpg","artificial",NA,NA,NA,NA,NA,NA,NA,NA
"1175","309800",4,"resources/real_fg_memory_images/fg13.jpg","artificial",NA,NA,NA,NA,NA,NA,NA,NA
"1176","309800",8,"resources/real_fg_memory_images/orig21.jpg","real",NA,NA,NA,NA,NA,NA,NA,NA
"1177","309800",8,"resources/real_fg_memory_images/fg16.jpg","artificial",NA,NA,NA,NA,NA,NA,NA,NA
"1178","309800",7,"resources/real_fg_memory_images/orig19.jpg","real",NA,NA,NA,NA,NA,NA,NA,NA
"1179","309800",6,"resources/real_fg_memory_images/fg4.jpg","artificial",NA,NA,NA,NA,NA,NA,NA,NA
"1180","309800",4,"resources/real_fg_memory_images/fg12.jpg","artificial",NA,NA,NA,NA,NA,NA,NA,NA
"1181","309800",8,"resources/real_fg_memory_images/fg14.jpg","artificial",NA,NA,NA,NA,NA,NA,NA,NA
"1182","309800",7,"resources/real_fg_memory_images/orig22.jpg","real",NA,NA,NA,NA,NA,NA,NA,NA
"1183","309800",6,"resources/real_fg_memory_images/fg8.jpg","artificial",NA,NA,NA,NA,NA,NA,NA,NA
"1184","309800",6,"resources/real_fg_memory_images/orig35.jpg","real",NA,NA,NA,NA,NA,NA,NA,NA
"1185","309800",6,"resources/real_fg_memory_images/fg1.jpg","artificial",NA,NA,NA,NA,NA,NA,NA,NA
"1186","309800",7,"resources/real_fg_memory_images/fg3.jpg","artificial",NA,NA,NA,NA,NA,NA,NA,NA
"1187","309800",7,"resources/real_fg_memory_images/fg5.jpg","artificial",NA,NA,NA,NA,NA,NA,NA,NA
"1188","309800",8,"resources/real_fg_memory_images/fg6.jpg","artificial",NA,NA,NA,NA,NA,NA,NA,NA
"1189","309800",7,"resources/real_fg_memory_images/fg7.jpg","artificial",NA,NA,NA,NA,NA,NA,NA,NA
"1190","309800",8,"resources/real_fg_memory_images/fg10.jpg","artificial",NA,NA,NA,NA,NA,NA,NA,NA
"1191","309800",7,"resources/real_fg_memory_images/orig30.jpg","real",NA,NA,NA,NA,NA,NA,NA,NA
"1192","309800",7,"resources/real_fg_memory_images/fg2.jpg","artificial",NA,NA,NA,NA,NA,NA,NA,NA
"1193","309800",8,"resources/real_fg_memory_images/orig29.jpg","real",NA,NA,NA,NA,NA,NA,NA,NA
"1194","309800",7,"resources/real_fg_memory_images/orig26.jpg","real",NA,NA,NA,NA,NA,NA,NA,NA
"1195","309800",7,"resources/real_fg_memory_images/fg17.jpg","artificial",NA,NA,NA,NA,NA,NA,NA,NA
"1196","309800",8,"resources/real_fg_memory_images/orig24.jpg","real",NA,NA,NA,NA,NA,NA,NA,NA
"1197","309800",8,"resources/real_fg_memory_images/orig28.jpg","real",NA,NA,NA,NA,NA,NA,NA,NA
"1198","309800",6,"resources/real_fg_memory_images/orig27.jpg","real",NA,NA,NA,NA,NA,NA,NA,NA
"1199","309800",7,"resources/real_fg_memory_images/orig25.jpg","real",NA,NA,NA,NA,NA,NA,NA,NA
"1200","309800",8,"resources/real_fg_memory_images/orig36.jpg","real",NA,NA,NA,NA,NA,NA,NA,NA
"1201","309800",7,"resources/real_fg_memory_images/orig20.jpg","real",NA,NA,NA,NA,NA,NA,NA,NA
"1202","309800",6,"resources/real_fg_memory_images/fg9.jpg","artificial",NA,NA,NA,NA,NA,NA,NA,NA
"1203","309800",8,"resources/real_fg_memory_images/fg18.jpg","artificial",NA,NA,NA,NA,NA,NA,NA,NA
"1204","309800",7,"resources/real_fg_memory_images/fg15.jpg","artificial",NA,NA,NA,NA,NA,NA,NA,NA
"1205","309800",8,"resources/real_fg_memory_images/orig32.jpg","real",NA,NA,NA,NA,NA,NA,NA,NA
"1206","309800",8,"resources/real_fg_memory_images/orig34.jpg","real",NA,NA,NA,NA,NA,NA,NA,NA
"1207","309800",6,"resources/real_fg_memory_images/orig23.jpg","real",NA,NA,NA,NA,NA,NA,NA,NA
"1208","309800",7,"resources/real_fg_memory_images/orig31.jpg","real",NA,NA,NA,NA,NA,NA,NA,NA
"1209","309800",NA,NA,NA,NA,NA,NA,NA,NA,NA,NA,NA
"1210","309800",NA,"resources/real_fg_memory_images/fg10.jpg",NA,"artificial","Scam",NA,NA,NA,NA,NA,NA
"1211","309800",NA,"resources/real_fg_memory_images/fg4.jpg",NA,"artificial","Neutral",NA,NA,NA,NA,NA,NA
"1212","309800",NA,"resources/real_fg_memory_images/orig30.jpg",NA,"real","Scam",NA,NA,NA,NA,NA,NA
"1213","309800",NA,"resources/real_fg_memory_images/orig26.jpg",NA,"real","Scam",NA,NA,NA,NA,NA,NA
"1214","309800",NA,"resources/real_fg_memory_images/fg11.jpg",NA,"artificial","Scam",NA,NA,NA,NA,NA,NA
"1215","309800",NA,"resources/real_fg_memory_images/fg3.jpg",NA,"artificial","Neutral",NA,NA,NA,NA,NA,NA
"1216","309800",NA,"resources/real_fg_memory_images/fg2.jpg",NA,"artificial","Neutral",NA,NA,NA,NA,NA,NA
"1217","309800",NA,"resources/real_fg_memory_images/fg7.jpg",NA,"artificial","Scam",NA,NA,NA,NA,NA,NA
"1218","309800",NA,"resources/real_fg_memory_images/fg6.jpg",NA,"artificial","Neutral",NA,NA,NA,NA,NA,NA
"1219","309800",NA,"resources/real_fg_memory_images/orig20.jpg",NA,"real","Neutral",NA,NA,NA,NA,NA,NA
"1220","309800",NA,"resources/real_fg_memory_images/orig25.jpg",NA,"real","Scam",NA,NA,NA,NA,NA,NA
"1221","309800",NA,"resources/real_fg_memory_images/fg9.jpg",NA,"artificial","Scam",NA,NA,NA,NA,NA,NA
"1222","309800",NA,"resources/real_fg_memory_images/orig29.jpg",NA,"real","Scam",NA,NA,NA,NA,NA,NA
"1223","309800",NA,"resources/real_fg_memory_images/fg5.jpg",NA,"artificial","Neutral",NA,NA,NA,NA,NA,NA
"1224","309800",NA,"resources/real_fg_memory_images/fg1.jpg",NA,"artificial","Neutral",NA,NA,NA,NA,NA,NA
"1225","309800",NA,"resources/real_fg_memory_images/fg12.jpg",NA,"artificial","Scam",NA,NA,NA,NA,NA,NA
"1226","309800",NA,"resources/real_fg_memory_images/orig19.jpg",NA,"real","Neutral",NA,NA,NA,NA,NA,NA
"1227","309800",NA,"resources/real_fg_memory_images/fg8.jpg",NA,"artificial","Scam",NA,NA,NA,NA,NA,NA
"1228","309800",NA,"resources/real_fg_memory_images/orig27.jpg",NA,"real","Scam",NA,NA,NA,NA,NA,NA
"1229","309800",NA,"resources/real_fg_memory_images/orig22.jpg",NA,"real","Neutral",NA,NA,NA,NA,NA,NA
"1230","309800",NA,"resources/real_fg_memory_images/orig21.jpg",NA,"real","Neutral",NA,NA,NA,NA,NA,NA
"1231","309800",NA,"resources/real_fg_memory_images/orig23.jpg",NA,"real","Neutral",NA,NA,NA,NA,NA,NA
"1232","309800",NA,"resources/real_fg_memory_images/orig24.jpg",NA,"real","Neutral",NA,NA,NA,NA,NA,NA
"1233","309800",NA,"resources/real_fg_memory_images/orig28.jpg",NA,"real","Scam",NA,NA,NA,NA,NA,NA
"1234","309800",NA,NA,NA,NA,NA,NA,NA,NA,NA,NA,NA
"1235","309800",NA,"resources/real_fg_memory_images/fg7.jpg",NA,"artificial","Scam","[""neutral_button""]","5",NA,NA,NA,NA
"1236","309800",NA,"resources/real_fg_memory_images/fg8.jpg",NA,"artificial","Scam","[""scam_button""]","5",NA,NA,NA,NA
"1237","309800",NA,"resources/real_fg_memory_images/orig27.jpg",NA,"real","Scam","[""scam_button""]","9",NA,NA,NA,NA
"1238","309800",NA,"resources/real_fg_memory_images/fg10.jpg",NA,"artificial","Scam","[""scam_button""]","7",NA,NA,NA,NA
"1239","309800",NA,"resources/real_fg_memory_images/orig19.jpg",NA,"real","Neutral","[""neutral_button""]","5",NA,NA,NA,NA
"1240","309800",NA,"resources/real_fg_memory_images/fg5.jpg",NA,"artificial","Neutral","[""neutral_button""]","5",NA,NA,NA,NA
"1241","309800",NA,"resources/real_fg_memory_images/fg1.jpg",NA,"artificial","Neutral","[""neutral_button""]","5",NA,NA,NA,NA
"1242","309800",NA,"resources/real_fg_memory_images/fg6.jpg",NA,"artificial","Neutral","[""scam_button""]","5",NA,NA,NA,NA
"1243","309800",NA,"resources/real_fg_memory_images/orig24.jpg",NA,"real","Neutral","[""neutral_button""]","5",NA,NA,NA,NA
"1244","309800",NA,"resources/real_fg_memory_images/fg12.jpg",NA,"artificial","Scam","[""neutral_button""]","5",NA,NA,NA,NA
"1245","309800",NA,"resources/real_fg_memory_images/fg2.jpg",NA,"artificial","Neutral","[""scam_button""]","7",NA,NA,NA,NA
"1246","309800",NA,"resources/real_fg_memory_images/fg4.jpg",NA,"artificial","Neutral","[""scam_button""]","5",NA,NA,NA,NA
"1247","309800",NA,"resources/real_fg_memory_images/orig29.jpg",NA,"real","Scam","[""scam_button""]","8",NA,NA,NA,NA
"1248","309800",NA,"resources/real_fg_memory_images/fg11.jpg",NA,"artificial","Scam","[""scam_button""]","6",NA,NA,NA,NA
"1249","309800",NA,"resources/real_fg_memory_images/orig23.jpg",NA,"real","Neutral","[""neutral_button""]","6",NA,NA,NA,NA
"1250","309800",NA,"resources/real_fg_memory_images/orig25.jpg",NA,"real","Scam","[""neutral_button""]","6",NA,NA,NA,NA
"1251","309800",NA,"resources/real_fg_memory_images/orig20.jpg",NA,"real","Neutral","[""scam_button""]","5",NA,NA,NA,NA
"1252","309800",NA,"resources/real_fg_memory_images/fg3.jpg",NA,"artificial","Neutral","[""neutral_button""]","7",NA,NA,NA,NA
"1253","309800",NA,"resources/real_fg_memory_images/orig21.jpg",NA,"real","Neutral","[""neutral_button""]","8",NA,NA,NA,NA
"1254","309800",NA,"resources/real_fg_memory_images/orig28.jpg",NA,"real","Scam","[""scam_button""]","6",NA,NA,NA,NA
"1255","309800",NA,"resources/real_fg_memory_images/orig30.jpg",NA,"real","Scam","[""scam_button""]","8",NA,NA,NA,NA
"1256","309800",NA,"resources/real_fg_memory_images/fg9.jpg",NA,"artificial","Scam","[""scam_button""]","4",NA,NA,NA,NA
"1257","309800",NA,"resources/real_fg_memory_images/orig26.jpg",NA,"real","Scam","[""scam_button""]","9",NA,NA,NA,NA
"1258","309800",NA,"resources/real_fg_memory_images/orig22.jpg",NA,"real","Neutral","[""scam_button""]","5",NA,NA,NA,NA
"1259","309800",NA,NA,NA,NA,NA,NA,NA,NA,NA,NA,NA
"1260","309800",7,"resources/real_fg_memory_images/orig22.jpg","real",NA,NA,NA,NA,NA,NA,NA,NA
"1261","309800",7,"resources/real_fg_memory_images/fg7.jpg","artificial",NA,NA,NA,NA,NA,NA,NA,NA
"1262","309800",9,"resources/real_fg_memory_images/orig21.jpg","real",NA,NA,NA,NA,NA,NA,NA,NA
"1263","309800",7,"resources/real_fg_memory_images/orig23.jpg","real",NA,NA,NA,NA,NA,NA,NA,NA
"1264","309800",6,"resources/real_fg_memory_images/orig36.jpg","real",NA,NA,NA,NA,NA,NA,NA,NA
"1265","309800",7,"resources/real_fg_memory_images/orig33.jpg","real",NA,NA,NA,NA,NA,NA,NA,NA
"1266","309800",5,"resources/real_fg_memory_images/orig34.jpg","real",NA,NA,NA,NA,NA,NA,NA,NA
"1267","309800",6,"resources/real_fg_memory_images/fg4.jpg","artificial",NA,NA,NA,NA,NA,NA,NA,NA
"1268","309800",6,"resources/real_fg_memory_images/fg11.jpg","artificial",NA,NA,NA,NA,NA,NA,NA,NA
"1269","309800",6,"resources/real_fg_memory_images/orig25.jpg","real",NA,NA,NA,NA,NA,NA,NA,NA
"1270","309800",5,"resources/real_fg_memory_images/orig29.jpg","real",NA,NA,NA,NA,NA,NA,NA,NA
"1271","309800",6,"resources/real_fg_memory_images/orig19.jpg","real",NA,NA,NA,NA,NA,NA,NA,NA
"1272","309800",5,"resources/real_fg_memory_images/orig31.jpg","real",NA,NA,NA,NA,NA,NA,NA,NA
"1273","309800",5,"resources/real_fg_memory_images/fg1.jpg","artificial",NA,NA,NA,NA,NA,NA,NA,NA
"1274","309800",5,"resources/real_fg_memory_images/fg14.jpg","artificial",NA,NA,NA,NA,NA,NA,NA,NA
"1275","309800",6,"resources/real_fg_memory_images/fg16.jpg","artificial",NA,NA,NA,NA,NA,NA,NA,NA
"1276","309800",9,"resources/real_fg_memory_images/fg3.jpg","artificial",NA,NA,NA,NA,NA,NA,NA,NA
"1277","309800",6,"resources/real_fg_memory_images/fg15.jpg","artificial",NA,NA,NA,NA,NA,NA,NA,NA
"1278","309800",5,"resources/real_fg_memory_images/fg12.jpg","artificial",NA,NA,NA,NA,NA,NA,NA,NA
"1279","309800",0,"resources/real_fg_memory_images/orig30.jpg","real",NA,NA,NA,NA,NA,NA,NA,NA
"1280","309800",5,"resources/real_fg_memory_images/orig35.jpg","real",NA,NA,NA,NA,NA,NA,NA,NA
"1281","309800",5,"resources/real_fg_memory_images/orig20.jpg","real",NA,NA,NA,NA,NA,NA,NA,NA
"1282","309800",7,"resources/real_fg_memory_images/orig32.jpg","real",NA,NA,NA,NA,NA,NA,NA,NA
"1283","309800",0,"resources/real_fg_memory_images/orig26.jpg","real",NA,NA,NA,NA,NA,NA,NA,NA
"1284","309800",5,"resources/real_fg_memory_images/fg8.jpg","artificial",NA,NA,NA,NA,NA,NA,NA,NA
"1285","309800",5,"resources/real_fg_memory_images/fg5.jpg","artificial",NA,NA,NA,NA,NA,NA,NA,NA
"1286","309800",2,"resources/real_fg_memory_images/orig27.jpg","real",NA,NA,NA,NA,NA,NA,NA,NA
"1287","309800",5,"resources/real_fg_memory_images/fg17.jpg","artificial",NA,NA,NA,NA,NA,NA,NA,NA
"1288","309800",5,"resources/real_fg_memory_images/fg9.jpg","artificial",NA,NA,NA,NA,NA,NA,NA,NA
"1289","309800",4,"resources/real_fg_memory_images/fg10.jpg","artificial",NA,NA,NA,NA,NA,NA,NA,NA
"1290","309800",3,"resources/real_fg_memory_images/fg13.jpg","artificial",NA,NA,NA,NA,NA,NA,NA,NA
"1291","309800",3,"resources/real_fg_memory_images/fg2.jpg","artificial",NA,NA,NA,NA,NA,NA,NA,NA
"1292","309800",0,"resources/real_fg_memory_images/orig28.jpg","real",NA,NA,NA,NA,NA,NA,NA,NA
"1293","309800",5,"resources/real_fg_memory_images/orig24.jpg","real",NA,NA,NA,NA,NA,NA,NA,NA
"1294","309800",5,"resources/real_fg_memory_images/fg6.jpg","artificial",NA,NA,NA,NA,NA,NA,NA,NA
"1295","309800",5,"resources/real_fg_memory_images/fg18.jpg","artificial",NA,NA,NA,NA,NA,NA,NA,NA
"1296","309800",NA,NA,NA,NA,NA,NA,NA,NA,NA,NA,NA
"1297","309800",NA,NA,NA,NA,NA,NA,NA,1,"I have difficulty ending a phone call, even if the caller is a telemarketer, someone I do not know, or someone I do not wish to call me",NA,NA
"1298","309800",NA,NA,NA,NA,NA,NA,NA,5,"If something sounds too good to be true, it usually is",NA,NA
"1299","309800",NA,NA,NA,NA,NA,NA,NA,1,"I answer the phone whenever it rings, even if I do not know who is calling",NA,NA
"1300","309800",NA,NA,NA,NA,NA,NA,NA,5,"Persons over the age of 65 are often targeted by con-artists",NA,NA
"1301","309800",NA,NA,NA,NA,NA,NA,NA,1,"If a telemarketer calls me, I usually listen to what they have to say",NA,NA
"1302","309800",NA,NA,NA,NA,NA,NA,NA,NA,NA,NA,NA
"1303","309800",NA,NA,NA,NA,NA,NA,NA,NA,NA,"[""female_option""]",NA
"1304","309800",NA,NA,NA,NA,NA,NA,NA,NA,NA,NA,66
"1305","309800",NA,NA,NA,NA,NA,NA,NA,NA,NA,NA,NA
"1306","309800",NA,NA,NA,NA,NA,NA,NA,NA,NA,NA,NA
"1307","309800",NA,NA,NA,NA,NA,NA,NA,NA,NA,NA,NA
"1308","309800",NA,NA,NA,NA,NA,NA,NA,NA,NA,NA,NA
"1309","309800",NA,NA,NA,NA,NA,NA,NA,NA,NA,NA,NA
"1310","309800",NA,NA,NA,NA,NA,NA,NA,NA,NA,NA,NA
"1311","309800",NA,NA,NA,NA,NA,NA,NA,NA,NA,NA,NA
"1312","309800",NA,NA,NA,NA,NA,NA,NA,NA,NA,NA,NA
"1313","309800",NA,NA,NA,NA,NA,NA,NA,NA,NA,NA,NA
"1314","309800",NA,NA,NA,NA,NA,NA,NA,NA,NA,NA,NA
"1315","312343",NA,NA,NA,NA,NA,NA,NA,NA,NA,NA,NA
"1316","312343",NA,NA,NA,NA,NA,NA,NA,NA,NA,NA,NA
"1317","312343",NA,NA,NA,NA,NA,NA,NA,NA,NA,NA,NA
"1318","312343",NA,NA,NA,NA,NA,NA,NA,NA,NA,NA,NA
"1319","312343",3,"resources/real_fg_memory_images/orig31.jpg","real",NA,NA,NA,NA,NA,NA,NA,NA
"1320","312343",6,"resources/real_fg_memory_images/fg9.jpg","artificial",NA,NA,NA,NA,NA,NA,NA,NA
"1321","312343",7,"resources/real_fg_memory_images/fg10.jpg","artificial",NA,NA,NA,NA,NA,NA,NA,NA
"1322","312343",6,"resources/real_fg_memory_images/fg6.jpg","artificial",NA,NA,NA,NA,NA,NA,NA,NA
"1323","312343",4,"resources/real_fg_memory_images/orig20.jpg","real",NA,NA,NA,NA,NA,NA,NA,NA
"1324","312343",6,"resources/real_fg_memory_images/fg16.jpg","artificial",NA,NA,NA,NA,NA,NA,NA,NA
"1325","312343",4,"resources/real_fg_memory_images/orig25.jpg","real",NA,NA,NA,NA,NA,NA,NA,NA
"1326","312343",5,"resources/real_fg_memory_images/fg11.jpg","artificial",NA,NA,NA,NA,NA,NA,NA,NA
"1327","312343",2,"resources/real_fg_memory_images/fg3.jpg","artificial",NA,NA,NA,NA,NA,NA,NA,NA
"1328","312343",4,"resources/real_fg_memory_images/orig26.jpg","real",NA,NA,NA,NA,NA,NA,NA,NA
"1329","312343",2,"resources/real_fg_memory_images/orig19.jpg","real",NA,NA,NA,NA,NA,NA,NA,NA
"1330","312343",4,"resources/real_fg_memory_images/fg1.jpg","artificial",NA,NA,NA,NA,NA,NA,NA,NA
"1331","312343",3,"resources/real_fg_memory_images/fg8.jpg","artificial",NA,NA,NA,NA,NA,NA,NA,NA
"1332","312343",7,"resources/real_fg_memory_images/fg4.jpg","artificial",NA,NA,NA,NA,NA,NA,NA,NA
"1333","312343",7,"resources/real_fg_memory_images/orig34.jpg","real",NA,NA,NA,NA,NA,NA,NA,NA
"1334","312343",5,"resources/real_fg_memory_images/orig35.jpg","real",NA,NA,NA,NA,NA,NA,NA,NA
"1335","312343",6,"resources/real_fg_memory_images/orig30.jpg","real",NA,NA,NA,NA,NA,NA,NA,NA
"1336","312343",8,"resources/real_fg_memory_images/orig32.jpg","real",NA,NA,NA,NA,NA,NA,NA,NA
"1337","312343",6,"resources/real_fg_memory_images/orig23.jpg","real",NA,NA,NA,NA,NA,NA,NA,NA
"1338","312343",2,"resources/real_fg_memory_images/fg12.jpg","artificial",NA,NA,NA,NA,NA,NA,NA,NA
"1339","312343",7,"resources/real_fg_memory_images/orig29.jpg","real",NA,NA,NA,NA,NA,NA,NA,NA
"1340","312343",8,"resources/real_fg_memory_images/orig28.jpg","real",NA,NA,NA,NA,NA,NA,NA,NA
"1341","312343",5,"resources/real_fg_memory_images/orig22.jpg","real",NA,NA,NA,NA,NA,NA,NA,NA
"1342","312343",8,"resources/real_fg_memory_images/orig24.jpg","real",NA,NA,NA,NA,NA,NA,NA,NA
"1343","312343",4,"resources/real_fg_memory_images/fg2.jpg","artificial",NA,NA,NA,NA,NA,NA,NA,NA
"1344","312343",3,"resources/real_fg_memory_images/orig21.jpg","real",NA,NA,NA,NA,NA,NA,NA,NA
"1345","312343",6,"resources/real_fg_memory_images/fg18.jpg","artificial",NA,NA,NA,NA,NA,NA,NA,NA
"1346","312343",2,"resources/real_fg_memory_images/fg5.jpg","artificial",NA,NA,NA,NA,NA,NA,NA,NA
"1347","312343",4,"resources/real_fg_memory_images/fg17.jpg","artificial",NA,NA,NA,NA,NA,NA,NA,NA
"1348","312343",7,"resources/real_fg_memory_images/orig33.jpg","real",NA,NA,NA,NA,NA,NA,NA,NA
"1349","312343",6,"resources/real_fg_memory_images/orig27.jpg","real",NA,NA,NA,NA,NA,NA,NA,NA
"1350","312343",4,"resources/real_fg_memory_images/fg14.jpg","artificial",NA,NA,NA,NA,NA,NA,NA,NA
"1351","312343",6,"resources/real_fg_memory_images/fg13.jpg","artificial",NA,NA,NA,NA,NA,NA,NA,NA
"1352","312343",5,"resources/real_fg_memory_images/orig36.jpg","real",NA,NA,NA,NA,NA,NA,NA,NA
"1353","312343",6,"resources/real_fg_memory_images/fg15.jpg","artificial",NA,NA,NA,NA,NA,NA,NA,NA
"1354","312343",4,"resources/real_fg_memory_images/fg7.jpg","artificial",NA,NA,NA,NA,NA,NA,NA,NA
"1355","312343",NA,NA,NA,NA,NA,NA,NA,NA,NA,NA,NA
"1356","312343",NA,"resources/real_fg_memory_images/fg10.jpg",NA,"artificial","Scam",NA,NA,NA,NA,NA,NA
"1357","312343",NA,"resources/real_fg_memory_images/fg4.jpg",NA,"artificial","Neutral",NA,NA,NA,NA,NA,NA
"1358","312343",NA,"resources/real_fg_memory_images/fg12.jpg",NA,"artificial","Scam",NA,NA,NA,NA,NA,NA
"1359","312343",NA,"resources/real_fg_memory_images/orig19.jpg",NA,"real","Neutral",NA,NA,NA,NA,NA,NA
"1360","312343",NA,"resources/real_fg_memory_images/fg2.jpg",NA,"artificial","Neutral",NA,NA,NA,NA,NA,NA
"1361","312343",NA,"resources/real_fg_memory_images/orig23.jpg",NA,"real","Neutral",NA,NA,NA,NA,NA,NA
"1362","312343",NA,"resources/real_fg_memory_images/orig20.jpg",NA,"real","Neutral",NA,NA,NA,NA,NA,NA
"1363","312343",NA,"resources/real_fg_memory_images/fg9.jpg",NA,"artificial","Scam",NA,NA,NA,NA,NA,NA
"1364","312343",NA,"resources/real_fg_memory_images/fg7.jpg",NA,"artificial","Scam",NA,NA,NA,NA,NA,NA
"1365","312343",NA,"resources/real_fg_memory_images/orig25.jpg",NA,"real","Scam",NA,NA,NA,NA,NA,NA
"1366","312343",NA,"resources/real_fg_memory_images/orig21.jpg",NA,"real","Neutral",NA,NA,NA,NA,NA,NA
"1367","312343",NA,"resources/real_fg_memory_images/fg1.jpg",NA,"artificial","Neutral",NA,NA,NA,NA,NA,NA
"1368","312343",NA,"resources/real_fg_memory_images/orig30.jpg",NA,"real","Scam",NA,NA,NA,NA,NA,NA
"1369","312343",NA,"resources/real_fg_memory_images/orig29.jpg",NA,"real","Scam",NA,NA,NA,NA,NA,NA
"1370","312343",NA,"resources/real_fg_memory_images/fg3.jpg",NA,"artificial","Neutral",NA,NA,NA,NA,NA,NA
"1371","312343",NA,"resources/real_fg_memory_images/fg6.jpg",NA,"artificial","Neutral",NA,NA,NA,NA,NA,NA
"1372","312343",NA,"resources/real_fg_memory_images/orig22.jpg",NA,"real","Neutral",NA,NA,NA,NA,NA,NA
"1373","312343",NA,"resources/real_fg_memory_images/fg8.jpg",NA,"artificial","Scam",NA,NA,NA,NA,NA,NA
"1374","312343",NA,"resources/real_fg_memory_images/orig27.jpg",NA,"real","Scam",NA,NA,NA,NA,NA,NA
"1375","312343",NA,"resources/real_fg_memory_images/fg11.jpg",NA,"artificial","Scam",NA,NA,NA,NA,NA,NA
"1376","312343",NA,"resources/real_fg_memory_images/orig24.jpg",NA,"real","Neutral",NA,NA,NA,NA,NA,NA
"1377","312343",NA,"resources/real_fg_memory_images/fg5.jpg",NA,"artificial","Neutral",NA,NA,NA,NA,NA,NA
"1378","312343",NA,"resources/real_fg_memory_images/orig26.jpg",NA,"real","Scam",NA,NA,NA,NA,NA,NA
"1379","312343",NA,"resources/real_fg_memory_images/orig28.jpg",NA,"real","Scam",NA,NA,NA,NA,NA,NA
"1380","312343",NA,NA,NA,NA,NA,NA,NA,NA,NA,NA,NA
"1381","312343",NA,"resources/real_fg_memory_images/orig29.jpg",NA,"real","Scam","[""scam_button""]","6",NA,NA,NA,NA
"1382","312343",NA,"resources/real_fg_memory_images/fg11.jpg",NA,"artificial","Scam","[""scam_button""]","7",NA,NA,NA,NA
"1383","312343",NA,"resources/real_fg_memory_images/fg4.jpg",NA,"artificial","Neutral","[""neutral_button""]","8",NA,NA,NA,NA
"1384","312343",NA,"resources/real_fg_memory_images/fg9.jpg",NA,"artificial","Scam","[""scam_button""]","7",NA,NA,NA,NA
"1385","312343",NA,"resources/real_fg_memory_images/orig19.jpg",NA,"real","Neutral","[""neutral_button""]","9",NA,NA,NA,NA
"1386","312343",NA,"resources/real_fg_memory_images/orig21.jpg",NA,"real","Neutral","[""scam_button""]","4",NA,NA,NA,NA
"1387","312343",NA,"resources/real_fg_memory_images/orig25.jpg",NA,"real","Scam","[""neutral_button""]","7",NA,NA,NA,NA
"1388","312343",NA,"resources/real_fg_memory_images/fg2.jpg",NA,"artificial","Neutral","[""scam_button""]","7",NA,NA,NA,NA
"1389","312343",NA,"resources/real_fg_memory_images/fg1.jpg",NA,"artificial","Neutral","[""scam_button""]","7",NA,NA,NA,NA
"1390","312343",NA,"resources/real_fg_memory_images/orig26.jpg",NA,"real","Scam","[""scam_button""]","4",NA,NA,NA,NA
"1391","312343",NA,"resources/real_fg_memory_images/fg5.jpg",NA,"artificial","Neutral","[""scam_button""]","8",NA,NA,NA,NA
"1392","312343",NA,"resources/real_fg_memory_images/fg3.jpg",NA,"artificial","Neutral","[""scam_button""]","6",NA,NA,NA,NA
"1393","312343",NA,"resources/real_fg_memory_images/orig30.jpg",NA,"real","Scam","[""neutral_button""]","9",NA,NA,NA,NA
"1394","312343",NA,"resources/real_fg_memory_images/orig23.jpg",NA,"real","Neutral","[""neutral_button""]","7",NA,NA,NA,NA
"1395","312343",NA,"resources/real_fg_memory_images/fg6.jpg",NA,"artificial","Neutral","[""neutral_button""]","9",NA,NA,NA,NA
"1396","312343",NA,"resources/real_fg_memory_images/orig20.jpg",NA,"real","Neutral","[""neutral_button""]","6",NA,NA,NA,NA
"1397","312343",NA,"resources/real_fg_memory_images/fg8.jpg",NA,"artificial","Scam","[""scam_button""]","7",NA,NA,NA,NA
"1398","312343",NA,"resources/real_fg_memory_images/orig28.jpg",NA,"real","Scam","[""neutral_button""]","4",NA,NA,NA,NA
"1399","312343",NA,"resources/real_fg_memory_images/fg12.jpg",NA,"artificial","Scam","[""scam_button""]","2",NA,NA,NA,NA
"1400","312343",NA,"resources/real_fg_memory_images/orig22.jpg",NA,"real","Neutral","[""neutral_button""]","6",NA,NA,NA,NA
"1401","312343",NA,"resources/real_fg_memory_images/orig24.jpg",NA,"real","Neutral","[""neutral_button""]","9",NA,NA,NA,NA
"1402","312343",NA,"resources/real_fg_memory_images/fg7.jpg",NA,"artificial","Scam","[""scam_button""]","4",NA,NA,NA,NA
"1403","312343",NA,"resources/real_fg_memory_images/fg10.jpg",NA,"artificial","Scam","[""neutral_button""]","6",NA,NA,NA,NA
"1404","312343",NA,"resources/real_fg_memory_images/orig27.jpg",NA,"real","Scam","[""neutral_button""]","7",NA,NA,NA,NA
"1405","312343",NA,NA,NA,NA,NA,NA,NA,NA,NA,NA,NA
"1406","312343",7,"resources/real_fg_memory_images/orig32.jpg","real",NA,NA,NA,NA,NA,NA,NA,NA
"1407","312343",6,"resources/real_fg_memory_images/orig33.jpg","real",NA,NA,NA,NA,NA,NA,NA,NA
"1408","312343",5,"resources/real_fg_memory_images/fg6.jpg","artificial",NA,NA,NA,NA,NA,NA,NA,NA
"1409","312343",7,"resources/real_fg_memory_images/fg1.jpg","artificial",NA,NA,NA,NA,NA,NA,NA,NA
"1410","312343",7,"resources/real_fg_memory_images/fg10.jpg","artificial",NA,NA,NA,NA,NA,NA,NA,NA
"1411","312343",5,"resources/real_fg_memory_images/fg4.jpg","artificial",NA,NA,NA,NA,NA,NA,NA,NA
"1412","312343",8,"resources/real_fg_memory_images/orig23.jpg","real",NA,NA,NA,NA,NA,NA,NA,NA
"1413","312343",7,"resources/real_fg_memory_images/orig30.jpg","real",NA,NA,NA,NA,NA,NA,NA,NA
"1414","312343",8,"resources/real_fg_memory_images/orig34.jpg","real",NA,NA,NA,NA,NA,NA,NA,NA
"1415","312343",5,"resources/real_fg_memory_images/fg15.jpg","artificial",NA,NA,NA,NA,NA,NA,NA,NA
"1416","312343",6,"resources/real_fg_memory_images/fg16.jpg","artificial",NA,NA,NA,NA,NA,NA,NA,NA
"1417","312343",5,"resources/real_fg_memory_images/fg12.jpg","artificial",NA,NA,NA,NA,NA,NA,NA,NA
"1418","312343",7,"resources/real_fg_memory_images/fg17.jpg","artificial",NA,NA,NA,NA,NA,NA,NA,NA
"1419","312343",3,"resources/real_fg_memory_images/orig20.jpg","real",NA,NA,NA,NA,NA,NA,NA,NA
"1420","312343",6,"resources/real_fg_memory_images/fg18.jpg","artificial",NA,NA,NA,NA,NA,NA,NA,NA
"1421","312343",5,"resources/real_fg_memory_images/fg8.jpg","artificial",NA,NA,NA,NA,NA,NA,NA,NA
"1422","312343",6,"resources/real_fg_memory_images/fg13.jpg","artificial",NA,NA,NA,NA,NA,NA,NA,NA
"1423","312343",5,"resources/real_fg_memory_images/orig27.jpg","real",NA,NA,NA,NA,NA,NA,NA,NA
"1424","312343",3,"resources/real_fg_memory_images/fg3.jpg","artificial",NA,NA,NA,NA,NA,NA,NA,NA
"1425","312343",5,"resources/real_fg_memory_images/orig25.jpg","real",NA,NA,NA,NA,NA,NA,NA,NA
"1426","312343",7,"resources/real_fg_memory_images/fg14.jpg","artificial",NA,NA,NA,NA,NA,NA,NA,NA
"1427","312343",7,"resources/real_fg_memory_images/fg11.jpg","artificial",NA,NA,NA,NA,NA,NA,NA,NA
"1428","312343",4,"resources/real_fg_memory_images/orig26.jpg","real",NA,NA,NA,NA,NA,NA,NA,NA
"1429","312343",5,"resources/real_fg_memory_images/orig22.jpg","real",NA,NA,NA,NA,NA,NA,NA,NA
"1430","312343",9,"resources/real_fg_memory_images/orig24.jpg","real",NA,NA,NA,NA,NA,NA,NA,NA
"1431","312343",5,"resources/real_fg_memory_images/orig29.jpg","real",NA,NA,NA,NA,NA,NA,NA,NA
"1432","312343",7,"resources/real_fg_memory_images/fg9.jpg","artificial",NA,NA,NA,NA,NA,NA,NA,NA
"1433","312343",7,"resources/real_fg_memory_images/fg5.jpg","artificial",NA,NA,NA,NA,NA,NA,NA,NA
"1434","312343",9,"resources/real_fg_memory_images/orig19.jpg","real",NA,NA,NA,NA,NA,NA,NA,NA
"1435","312343",4,"resources/real_fg_memory_images/orig31.jpg","real",NA,NA,NA,NA,NA,NA,NA,NA
"1436","312343",6,"resources/real_fg_memory_images/orig28.jpg","real",NA,NA,NA,NA,NA,NA,NA,NA
"1437","312343",8,"resources/real_fg_memory_images/fg2.jpg","artificial",NA,NA,NA,NA,NA,NA,NA,NA
"1438","312343",5,"resources/real_fg_memory_images/orig21.jpg","real",NA,NA,NA,NA,NA,NA,NA,NA
"1439","312343",6,"resources/real_fg_memory_images/fg7.jpg","artificial",NA,NA,NA,NA,NA,NA,NA,NA
"1440","312343",8,"resources/real_fg_memory_images/orig35.jpg","real",NA,NA,NA,NA,NA,NA,NA,NA
"1441","312343",6,"resources/real_fg_memory_images/orig36.jpg","real",NA,NA,NA,NA,NA,NA,NA,NA
"1442","312343",NA,NA,NA,NA,NA,NA,NA,NA,NA,NA,NA
"1443","312343",NA,NA,NA,NA,NA,NA,NA,2,"Persons over the age of 65 are often targeted by con-artists",NA,NA
"1444","312343",NA,NA,NA,NA,NA,NA,NA,4,"I have difficulty ending a phone call, even if the caller is a telemarketer, someone I do not know, or someone I do not wish to call me",NA,NA
"1445","312343",NA,NA,NA,NA,NA,NA,NA,5,"If a telemarketer calls me, I usually listen to what they have to say",NA,NA
"1446","312343",NA,NA,NA,NA,NA,NA,NA,4,"If something sounds too good to be true, it usually is",NA,NA
"1447","312343",NA,NA,NA,NA,NA,NA,NA,4,"I answer the phone whenever it rings, even if I do not know who is calling",NA,NA
"1448","312343",NA,NA,NA,NA,NA,NA,NA,NA,NA,NA,NA
"1449","312343",NA,NA,NA,NA,NA,NA,NA,NA,NA,"[""male_option""]",NA
"1450","312343",NA,NA,NA,NA,NA,NA,NA,NA,NA,NA,67
"1451","312343",NA,NA,NA,NA,NA,NA,NA,NA,NA,NA,NA
"1452","312343",NA,NA,NA,NA,NA,NA,NA,NA,NA,NA,NA
"1453","312343",NA,NA,NA,NA,NA,NA,NA,NA,NA,NA,NA
"1454","312343",NA,NA,NA,NA,NA,NA,NA,NA,NA,NA,NA
"1455","312343",NA,NA,NA,NA,NA,NA,NA,NA,NA,NA,NA
"1456","312343",NA,NA,NA,NA,NA,NA,NA,NA,NA,NA,NA
"1457","312343",NA,NA,NA,NA,NA,NA,NA,NA,NA,NA,NA
"1458","312343",NA,NA,NA,NA,NA,NA,NA,NA,NA,NA,NA
"1459","312343",NA,NA,NA,NA,NA,NA,NA,NA,NA,NA,NA
"1460","312343",NA,NA,NA,NA,NA,NA,NA,NA,NA,NA,NA
"1461","320991",NA,NA,NA,NA,NA,NA,NA,NA,NA,NA,NA
"1462","320991",NA,NA,NA,NA,NA,NA,NA,NA,NA,NA,NA
"1463","320991",NA,NA,NA,NA,NA,NA,NA,NA,NA,NA,NA
"1464","320991",NA,NA,NA,NA,NA,NA,NA,NA,NA,NA,NA
"1465","320991",5,"resources/real_fg_memory_images/orig22.jpg","real",NA,NA,NA,NA,NA,NA,NA,NA
"1466","320991",5,"resources/real_fg_memory_images/fg2.jpg","artificial",NA,NA,NA,NA,NA,NA,NA,NA
"1467","320991",3,"resources/real_fg_memory_images/fg8.jpg","artificial",NA,NA,NA,NA,NA,NA,NA,NA
"1468","320991",4,"resources/real_fg_memory_images/fg3.jpg","artificial",NA,NA,NA,NA,NA,NA,NA,NA
"1469","320991",7,"resources/real_fg_memory_images/orig26.jpg","real",NA,NA,NA,NA,NA,NA,NA,NA
"1470","320991",6,"resources/real_fg_memory_images/orig30.jpg","real",NA,NA,NA,NA,NA,NA,NA,NA
"1471","320991",3,"resources/real_fg_memory_images/orig23.jpg","real",NA,NA,NA,NA,NA,NA,NA,NA
"1472","320991",7,"resources/real_fg_memory_images/fg7.jpg","artificial",NA,NA,NA,NA,NA,NA,NA,NA
"1473","320991",7,"resources/real_fg_memory_images/fg15.jpg","artificial",NA,NA,NA,NA,NA,NA,NA,NA
"1474","320991",1,"resources/real_fg_memory_images/fg5.jpg","artificial",NA,NA,NA,NA,NA,NA,NA,NA
"1475","320991",8,"resources/real_fg_memory_images/fg6.jpg","artificial",NA,NA,NA,NA,NA,NA,NA,NA
"1476","320991",5,"resources/real_fg_memory_images/orig21.jpg","real",NA,NA,NA,NA,NA,NA,NA,NA
"1477","320991",4,"resources/real_fg_memory_images/fg1.jpg","artificial",NA,NA,NA,NA,NA,NA,NA,NA
"1478","320991",8,"resources/real_fg_memory_images/orig34.jpg","real",NA,NA,NA,NA,NA,NA,NA,NA
"1479","320991",3,"resources/real_fg_memory_images/fg16.jpg","artificial",NA,NA,NA,NA,NA,NA,NA,NA
"1480","320991",5,"resources/real_fg_memory_images/fg10.jpg","artificial",NA,NA,NA,NA,NA,NA,NA,NA
"1481","320991",5,"resources/real_fg_memory_images/orig31.jpg","real",NA,NA,NA,NA,NA,NA,NA,NA
"1482","320991",3,"resources/real_fg_memory_images/orig33.jpg","real",NA,NA,NA,NA,NA,NA,NA,NA
"1483","320991",6,"resources/real_fg_memory_images/orig36.jpg","real",NA,NA,NA,NA,NA,NA,NA,NA
"1484","320991",3,"resources/real_fg_memory_images/fg17.jpg","artificial",NA,NA,NA,NA,NA,NA,NA,NA
"1485","320991",3,"resources/real_fg_memory_images/orig20.jpg","real",NA,NA,NA,NA,NA,NA,NA,NA
"1486","320991",3,"resources/real_fg_memory_images/fg9.jpg","artificial",NA,NA,NA,NA,NA,NA,NA,NA
"1487","320991",6,"resources/real_fg_memory_images/fg11.jpg","artificial",NA,NA,NA,NA,NA,NA,NA,NA
"1488","320991",5,"resources/real_fg_memory_images/orig32.jpg","real",NA,NA,NA,NA,NA,NA,NA,NA
"1489","320991",4,"resources/real_fg_memory_images/fg4.jpg","artificial",NA,NA,NA,NA,NA,NA,NA,NA
"1490","320991",4,"resources/real_fg_memory_images/fg13.jpg","artificial",NA,NA,NA,NA,NA,NA,NA,NA
"1491","320991",7,"resources/real_fg_memory_images/orig19.jpg","real",NA,NA,NA,NA,NA,NA,NA,NA
"1492","320991",4,"resources/real_fg_memory_images/orig29.jpg","real",NA,NA,NA,NA,NA,NA,NA,NA
"1493","320991",8,"resources/real_fg_memory_images/orig24.jpg","real",NA,NA,NA,NA,NA,NA,NA,NA
"1494","320991",4,"resources/real_fg_memory_images/orig27.jpg","real",NA,NA,NA,NA,NA,NA,NA,NA
"1495","320991",7,"resources/real_fg_memory_images/fg18.jpg","artificial",NA,NA,NA,NA,NA,NA,NA,NA
"1496","320991",4,"resources/real_fg_memory_images/orig35.jpg","real",NA,NA,NA,NA,NA,NA,NA,NA
"1497","320991",5,"resources/real_fg_memory_images/fg14.jpg","artificial",NA,NA,NA,NA,NA,NA,NA,NA
"1498","320991",3,"resources/real_fg_memory_images/orig28.jpg","real",NA,NA,NA,NA,NA,NA,NA,NA
"1499","320991",2,"resources/real_fg_memory_images/fg12.jpg","artificial",NA,NA,NA,NA,NA,NA,NA,NA
"1500","320991",4,"resources/real_fg_memory_images/orig25.jpg","real",NA,NA,NA,NA,NA,NA,NA,NA
"1501","320991",NA,NA,NA,NA,NA,NA,NA,NA,NA,NA,NA
"1502","320991",NA,"resources/real_fg_memory_images/fg11.jpg",NA,"artificial","Scam",NA,NA,NA,NA,NA,NA
"1503","320991",NA,"resources/real_fg_memory_images/orig26.jpg",NA,"real","Scam",NA,NA,NA,NA,NA,NA
"1504","320991",NA,"resources/real_fg_memory_images/orig23.jpg",NA,"real","Neutral",NA,NA,NA,NA,NA,NA
"1505","320991",NA,"resources/real_fg_memory_images/fg12.jpg",NA,"artificial","Scam",NA,NA,NA,NA,NA,NA
"1506","320991",NA,"resources/real_fg_memory_images/fg3.jpg",NA,"artificial","Neutral",NA,NA,NA,NA,NA,NA
"1507","320991",NA,"resources/real_fg_memory_images/orig27.jpg",NA,"real","Scam",NA,NA,NA,NA,NA,NA
"1508","320991",NA,"resources/real_fg_memory_images/orig22.jpg",NA,"real","Neutral",NA,NA,NA,NA,NA,NA
"1509","320991",NA,"resources/real_fg_memory_images/orig29.jpg",NA,"real","Scam",NA,NA,NA,NA,NA,NA
"1510","320991",NA,"resources/real_fg_memory_images/fg7.jpg",NA,"artificial","Scam",NA,NA,NA,NA,NA,NA
"1511","320991",NA,"resources/real_fg_memory_images/orig30.jpg",NA,"real","Scam",NA,NA,NA,NA,NA,NA
"1512","320991",NA,"resources/real_fg_memory_images/orig19.jpg",NA,"real","Neutral",NA,NA,NA,NA,NA,NA
"1513","320991",NA,"resources/real_fg_memory_images/fg8.jpg",NA,"artificial","Scam",NA,NA,NA,NA,NA,NA
"1514","320991",NA,"resources/real_fg_memory_images/fg5.jpg",NA,"artificial","Neutral",NA,NA,NA,NA,NA,NA
"1515","320991",NA,"resources/real_fg_memory_images/orig20.jpg",NA,"real","Neutral",NA,NA,NA,NA,NA,NA
"1516","320991",NA,"resources/real_fg_memory_images/orig24.jpg",NA,"real","Neutral",NA,NA,NA,NA,NA,NA
"1517","320991",NA,"resources/real_fg_memory_images/fg2.jpg",NA,"artificial","Neutral",NA,NA,NA,NA,NA,NA
"1518","320991",NA,"resources/real_fg_memory_images/fg1.jpg",NA,"artificial","Neutral",NA,NA,NA,NA,NA,NA
"1519","320991",NA,"resources/real_fg_memory_images/orig21.jpg",NA,"real","Neutral",NA,NA,NA,NA,NA,NA
"1520","320991",NA,"resources/real_fg_memory_images/fg4.jpg",NA,"artificial","Neutral",NA,NA,NA,NA,NA,NA
"1521","320991",NA,"resources/real_fg_memory_images/orig28.jpg",NA,"real","Scam",NA,NA,NA,NA,NA,NA
"1522","320991",NA,"resources/real_fg_memory_images/fg9.jpg",NA,"artificial","Scam",NA,NA,NA,NA,NA,NA
"1523","320991",NA,"resources/real_fg_memory_images/fg6.jpg",NA,"artificial","Neutral",NA,NA,NA,NA,NA,NA
"1524","320991",NA,"resources/real_fg_memory_images/fg10.jpg",NA,"artificial","Scam",NA,NA,NA,NA,NA,NA
"1525","320991",NA,"resources/real_fg_memory_images/orig25.jpg",NA,"real","Scam",NA,NA,NA,NA,NA,NA
"1526","320991",NA,NA,NA,NA,NA,NA,NA,NA,NA,NA,NA
"1527","320991",NA,"resources/real_fg_memory_images/orig22.jpg",NA,"real","Neutral","[""neutral_button""]","7",NA,NA,NA,NA
"1528","320991",NA,"resources/real_fg_memory_images/fg6.jpg",NA,"artificial","Neutral","[""neutral_button""]","9",NA,NA,NA,NA
"1529","320991",NA,"resources/real_fg_memory_images/fg11.jpg",NA,"artificial","Scam","[""scam_button""]","8",NA,NA,NA,NA
"1530","320991",NA,"resources/real_fg_memory_images/fg5.jpg",NA,"artificial","Neutral","[""neutral_button""]","5",NA,NA,NA,NA
"1531","320991",NA,"resources/real_fg_memory_images/orig19.jpg",NA,"real","Neutral","[""neutral_button""]","9",NA,NA,NA,NA
"1532","320991",NA,"resources/real_fg_memory_images/fg2.jpg",NA,"artificial","Neutral","[""neutral_button""]","10",NA,NA,NA,NA
"1533","320991",NA,"resources/real_fg_memory_images/orig24.jpg",NA,"real","Neutral","[""neutral_button""]","7",NA,NA,NA,NA
"1534","320991",NA,"resources/real_fg_memory_images/fg4.jpg",NA,"artificial","Neutral","[""neutral_button""]","5",NA,NA,NA,NA
"1535","320991",NA,"resources/real_fg_memory_images/orig28.jpg",NA,"real","Scam","[""scam_button""]","10",NA,NA,NA,NA
"1536","320991",NA,"resources/real_fg_memory_images/fg1.jpg",NA,"artificial","Neutral","[""neutral_button""]","6",NA,NA,NA,NA
"1537","320991",NA,"resources/real_fg_memory_images/orig20.jpg",NA,"real","Neutral","[""neutral_button""]","9",NA,NA,NA,NA
"1538","320991",NA,"resources/real_fg_memory_images/fg9.jpg",NA,"artificial","Scam","[""neutral_button""]","3",NA,NA,NA,NA
"1539","320991",NA,"resources/real_fg_memory_images/fg3.jpg",NA,"artificial","Neutral","[""neutral_button""]","8",NA,NA,NA,NA
"1540","320991",NA,"resources/real_fg_memory_images/orig25.jpg",NA,"real","Scam","[""scam_button""]","5",NA,NA,NA,NA
"1541","320991",NA,"resources/real_fg_memory_images/orig27.jpg",NA,"real","Scam","[""scam_button""]","9",NA,NA,NA,NA
"1542","320991",NA,"resources/real_fg_memory_images/fg10.jpg",NA,"artificial","Scam","[""scam_button""]","8",NA,NA,NA,NA
"1543","320991",NA,"resources/real_fg_memory_images/orig30.jpg",NA,"real","Scam","[""scam_button""]","7",NA,NA,NA,NA
"1544","320991",NA,"resources/real_fg_memory_images/orig26.jpg",NA,"real","Scam","[""scam_button""]","6",NA,NA,NA,NA
"1545","320991",NA,"resources/real_fg_memory_images/fg12.jpg",NA,"artificial","Scam","[""scam_button""]","7",NA,NA,NA,NA
"1546","320991",NA,"resources/real_fg_memory_images/fg7.jpg",NA,"artificial","Scam","[""scam_button""]","6",NA,NA,NA,NA
"1547","320991",NA,"resources/real_fg_memory_images/orig29.jpg",NA,"real","Scam","[""scam_button""]","6",NA,NA,NA,NA
"1548","320991",NA,"resources/real_fg_memory_images/orig23.jpg",NA,"real","Neutral","[""neutral_button""]","9",NA,NA,NA,NA
"1549","320991",NA,"resources/real_fg_memory_images/fg8.jpg",NA,"artificial","Scam","[""scam_button""]","10",NA,NA,NA,NA
"1550","320991",NA,"resources/real_fg_memory_images/orig21.jpg",NA,"real","Neutral","[""neutral_button""]","6",NA,NA,NA,NA
"1551","320991",NA,NA,NA,NA,NA,NA,NA,NA,NA,NA,NA
"1552","320991",5,"resources/real_fg_memory_images/fg11.jpg","artificial",NA,NA,NA,NA,NA,NA,NA,NA
"1553","320991",2,"resources/real_fg_memory_images/orig25.jpg","real",NA,NA,NA,NA,NA,NA,NA,NA
"1554","320991",8,"resources/real_fg_memory_images/orig19.jpg","real",NA,NA,NA,NA,NA,NA,NA,NA
"1555","320991",7,"resources/real_fg_memory_images/orig32.jpg","real",NA,NA,NA,NA,NA,NA,NA,NA
"1556","320991",6,"resources/real_fg_memory_images/fg2.jpg","artificial",NA,NA,NA,NA,NA,NA,NA,NA
"1557","320991",6,"resources/real_fg_memory_images/orig24.jpg","real",NA,NA,NA,NA,NA,NA,NA,NA
"1558","320991",6,"resources/real_fg_memory_images/orig20.jpg","real",NA,NA,NA,NA,NA,NA,NA,NA
"1559","320991",6,"resources/real_fg_memory_images/fg4.jpg","artificial",NA,NA,NA,NA,NA,NA,NA,NA
"1560","320991",5,"resources/real_fg_memory_images/fg1.jpg","artificial",NA,NA,NA,NA,NA,NA,NA,NA
"1561","320991",3,"resources/real_fg_memory_images/fg18.jpg","artificial",NA,NA,NA,NA,NA,NA,NA,NA
"1562","320991",5,"resources/real_fg_memory_images/fg17.jpg","artificial",NA,NA,NA,NA,NA,NA,NA,NA
"1563","320991",2,"resources/real_fg_memory_images/orig29.jpg","real",NA,NA,NA,NA,NA,NA,NA,NA
"1564","320991",5,"resources/real_fg_memory_images/fg16.jpg","artificial",NA,NA,NA,NA,NA,NA,NA,NA
"1565","320991",7,"resources/real_fg_memory_images/fg3.jpg","artificial",NA,NA,NA,NA,NA,NA,NA,NA
"1566","320991",3,"resources/real_fg_memory_images/orig22.jpg","real",NA,NA,NA,NA,NA,NA,NA,NA
"1567","320991",5,"resources/real_fg_memory_images/orig28.jpg","real",NA,NA,NA,NA,NA,NA,NA,NA
"1568","320991",7,"resources/real_fg_memory_images/orig23.jpg","real",NA,NA,NA,NA,NA,NA,NA,NA
"1569","320991",6,"resources/real_fg_memory_images/orig36.jpg","real",NA,NA,NA,NA,NA,NA,NA,NA
"1570","320991",2,"resources/real_fg_memory_images/fg10.jpg","artificial",NA,NA,NA,NA,NA,NA,NA,NA
"1571","320991",2,"resources/real_fg_memory_images/fg12.jpg","artificial",NA,NA,NA,NA,NA,NA,NA,NA
"1572","320991",2,"resources/real_fg_memory_images/fg13.jpg","artificial",NA,NA,NA,NA,NA,NA,NA,NA
"1573","320991",2,"resources/real_fg_memory_images/fg15.jpg","artificial",NA,NA,NA,NA,NA,NA,NA,NA
"1574","320991",2,"resources/real_fg_memory_images/orig30.jpg","real",NA,NA,NA,NA,NA,NA,NA,NA
"1575","320991",5,"resources/real_fg_memory_images/orig35.jpg","real",NA,NA,NA,NA,NA,NA,NA,NA
"1576","320991",6,"resources/real_fg_memory_images/fg5.jpg","artificial",NA,NA,NA,NA,NA,NA,NA,NA
"1577","320991",2,"resources/real_fg_memory_images/fg7.jpg","artificial",NA,NA,NA,NA,NA,NA,NA,NA
"1578","320991",1,"resources/real_fg_memory_images/fg8.jpg","artificial",NA,NA,NA,NA,NA,NA,NA,NA
"1579","320991",2,"resources/real_fg_memory_images/orig34.jpg","real",NA,NA,NA,NA,NA,NA,NA,NA
"1580","320991",7,"resources/real_fg_memory_images/orig21.jpg","real",NA,NA,NA,NA,NA,NA,NA,NA
"1581","320991",3,"resources/real_fg_memory_images/orig33.jpg","real",NA,NA,NA,NA,NA,NA,NA,NA
"1582","320991",5,"resources/real_fg_memory_images/fg14.jpg","artificial",NA,NA,NA,NA,NA,NA,NA,NA
"1583","320991",4,"resources/real_fg_memory_images/fg6.jpg","artificial",NA,NA,NA,NA,NA,NA,NA,NA
"1584","320991",4,"resources/real_fg_memory_images/fg9.jpg","artificial",NA,NA,NA,NA,NA,NA,NA,NA
"1585","320991",2,"resources/real_fg_memory_images/orig31.jpg","real",NA,NA,NA,NA,NA,NA,NA,NA
"1586","320991",6,"resources/real_fg_memory_images/orig26.jpg","real",NA,NA,NA,NA,NA,NA,NA,NA
"1587","320991",5,"resources/real_fg_memory_images/orig27.jpg","real",NA,NA,NA,NA,NA,NA,NA,NA
"1588","320991",NA,NA,NA,NA,NA,NA,NA,NA,NA,NA,NA
"1589","320991",NA,NA,NA,NA,NA,NA,NA,4,"If a telemarketer calls me, I usually listen to what they have to say",NA,NA
"1590","320991",NA,NA,NA,NA,NA,NA,NA,2,"If something sounds too good to be true, it usually is",NA,NA
"1591","320991",NA,NA,NA,NA,NA,NA,NA,5,"I answer the phone whenever it rings, even if I do not know who is calling",NA,NA
"1592","320991",NA,NA,NA,NA,NA,NA,NA,5,"Persons over the age of 65 are often targeted by con-artists",NA,NA
"1593","320991",NA,NA,NA,NA,NA,NA,NA,5,"I have difficulty ending a phone call, even if the caller is a telemarketer, someone I do not know, or someone I do not wish to call me",NA,NA
"1594","320991",NA,NA,NA,NA,NA,NA,NA,NA,NA,NA,NA
"1595","320991",NA,NA,NA,NA,NA,NA,NA,NA,NA,"[""female_option""]",NA
"1596","320991",NA,NA,NA,NA,NA,NA,NA,NA,NA,NA,79
"1597","320991",NA,NA,NA,NA,NA,NA,NA,NA,NA,NA,NA
"1598","320991",NA,NA,NA,NA,NA,NA,NA,NA,NA,NA,NA
"1599","320991",NA,NA,NA,NA,NA,NA,NA,NA,NA,NA,NA
"1600","320991",NA,NA,NA,NA,NA,NA,NA,NA,NA,NA,NA
"1601","320991",NA,NA,NA,NA,NA,NA,NA,NA,NA,NA,NA
"1602","320991",NA,NA,NA,NA,NA,NA,NA,NA,NA,NA,NA
"1603","320991",NA,NA,NA,NA,NA,NA,NA,NA,NA,NA,NA
"1604","320991",NA,NA,NA,NA,NA,NA,NA,NA,NA,NA,NA
"1605","320991",NA,NA,NA,NA,NA,NA,NA,NA,NA,NA,NA
"1606","320991",NA,NA,NA,NA,NA,NA,NA,NA,NA,NA,NA
"1607","325832",NA,NA,NA,NA,NA,NA,NA,NA,NA,NA,NA
"1608","325832",NA,NA,NA,NA,NA,NA,NA,NA,NA,NA,NA
"1609","325832",NA,NA,NA,NA,NA,NA,NA,NA,NA,NA,NA
"1610","325832",NA,NA,NA,NA,NA,NA,NA,NA,NA,NA,NA
"1611","325832",6,"resources/real_fg_memory_images/fg11.jpg","artificial",NA,NA,NA,NA,NA,NA,NA,NA
"1612","325832",7,"resources/real_fg_memory_images/fg4.jpg","artificial",NA,NA,NA,NA,NA,NA,NA,NA
"1613","325832",5,"resources/real_fg_memory_images/orig22.jpg","real",NA,NA,NA,NA,NA,NA,NA,NA
"1614","325832",7,"resources/real_fg_memory_images/fg16.jpg","artificial",NA,NA,NA,NA,NA,NA,NA,NA
"1615","325832",8,"resources/real_fg_memory_images/orig34.jpg","real",NA,NA,NA,NA,NA,NA,NA,NA
"1616","325832",3,"resources/real_fg_memory_images/fg15.jpg","artificial",NA,NA,NA,NA,NA,NA,NA,NA
"1617","325832",5,"resources/real_fg_memory_images/orig29.jpg","real",NA,NA,NA,NA,NA,NA,NA,NA
"1618","325832",5,"resources/real_fg_memory_images/fg7.jpg","artificial",NA,NA,NA,NA,NA,NA,NA,NA
"1619","325832",7,"resources/real_fg_memory_images/fg14.jpg","artificial",NA,NA,NA,NA,NA,NA,NA,NA
"1620","325832",3,"resources/real_fg_memory_images/orig33.jpg","real",NA,NA,NA,NA,NA,NA,NA,NA
"1621","325832",5,"resources/real_fg_memory_images/fg2.jpg","artificial",NA,NA,NA,NA,NA,NA,NA,NA
"1622","325832",1,"resources/real_fg_memory_images/orig31.jpg","real",NA,NA,NA,NA,NA,NA,NA,NA
"1623","325832",4,"resources/real_fg_memory_images/orig30.jpg","real",NA,NA,NA,NA,NA,NA,NA,NA
"1624","325832",4,"resources/real_fg_memory_images/orig20.jpg","real",NA,NA,NA,NA,NA,NA,NA,NA
"1625","325832",3,"resources/real_fg_memory_images/orig23.jpg","real",NA,NA,NA,NA,NA,NA,NA,NA
"1626","325832",5,"resources/real_fg_memory_images/fg17.jpg","artificial",NA,NA,NA,NA,NA,NA,NA,NA
"1627","325832",6,"resources/real_fg_memory_images/fg6.jpg","artificial",NA,NA,NA,NA,NA,NA,NA,NA
"1628","325832",6,"resources/real_fg_memory_images/orig32.jpg","real",NA,NA,NA,NA,NA,NA,NA,NA
"1629","325832",7,"resources/real_fg_memory_images/orig28.jpg","real",NA,NA,NA,NA,NA,NA,NA,NA
"1630","325832",6,"resources/real_fg_memory_images/orig24.jpg","real",NA,NA,NA,NA,NA,NA,NA,NA
"1631","325832",3,"resources/real_fg_memory_images/fg10.jpg","artificial",NA,NA,NA,NA,NA,NA,NA,NA
"1632","325832",5,"resources/real_fg_memory_images/fg8.jpg","artificial",NA,NA,NA,NA,NA,NA,NA,NA
"1633","325832",4,"resources/real_fg_memory_images/fg13.jpg","artificial",NA,NA,NA,NA,NA,NA,NA,NA
"1634","325832",6,"resources/real_fg_memory_images/fg1.jpg","artificial",NA,NA,NA,NA,NA,NA,NA,NA
"1635","325832",6,"resources/real_fg_memory_images/orig21.jpg","real",NA,NA,NA,NA,NA,NA,NA,NA
"1636","325832",8,"resources/real_fg_memory_images/fg18.jpg","artificial",NA,NA,NA,NA,NA,NA,NA,NA
"1637","325832",4,"resources/real_fg_memory_images/orig35.jpg","real",NA,NA,NA,NA,NA,NA,NA,NA
"1638","325832",5,"resources/real_fg_memory_images/orig26.jpg","real",NA,NA,NA,NA,NA,NA,NA,NA
"1639","325832",3,"resources/real_fg_memory_images/orig25.jpg","real",NA,NA,NA,NA,NA,NA,NA,NA
"1640","325832",7,"resources/real_fg_memory_images/fg9.jpg","artificial",NA,NA,NA,NA,NA,NA,NA,NA
"1641","325832",6,"resources/real_fg_memory_images/orig19.jpg","real",NA,NA,NA,NA,NA,NA,NA,NA
"1642","325832",2,"resources/real_fg_memory_images/orig27.jpg","real",NA,NA,NA,NA,NA,NA,NA,NA
"1643","325832",4,"resources/real_fg_memory_images/fg12.jpg","artificial",NA,NA,NA,NA,NA,NA,NA,NA
"1644","325832",5,"resources/real_fg_memory_images/orig36.jpg","real",NA,NA,NA,NA,NA,NA,NA,NA
"1645","325832",7,"resources/real_fg_memory_images/fg5.jpg","artificial",NA,NA,NA,NA,NA,NA,NA,NA
"1646","325832",1,"resources/real_fg_memory_images/fg3.jpg","artificial",NA,NA,NA,NA,NA,NA,NA,NA
"1647","325832",NA,NA,NA,NA,NA,NA,NA,NA,NA,NA,NA
"1648","325832",NA,"resources/real_fg_memory_images/orig20.jpg",NA,"real","Neutral",NA,NA,NA,NA,NA,NA
"1649","325832",NA,"resources/real_fg_memory_images/orig24.jpg",NA,"real","Neutral",NA,NA,NA,NA,NA,NA
"1650","325832",NA,"resources/real_fg_memory_images/fg3.jpg",NA,"artificial","Neutral",NA,NA,NA,NA,NA,NA
"1651","325832",NA,"resources/real_fg_memory_images/fg7.jpg",NA,"artificial","Scam",NA,NA,NA,NA,NA,NA
"1652","325832",NA,"resources/real_fg_memory_images/orig22.jpg",NA,"real","Neutral",NA,NA,NA,NA,NA,NA
"1653","325832",NA,"resources/real_fg_memory_images/orig21.jpg",NA,"real","Neutral",NA,NA,NA,NA,NA,NA
"1654","325832",NA,"resources/real_fg_memory_images/orig28.jpg",NA,"real","Scam",NA,NA,NA,NA,NA,NA
"1655","325832",NA,"resources/real_fg_memory_images/orig26.jpg",NA,"real","Scam",NA,NA,NA,NA,NA,NA
"1656","325832",NA,"resources/real_fg_memory_images/fg2.jpg",NA,"artificial","Neutral",NA,NA,NA,NA,NA,NA
"1657","325832",NA,"resources/real_fg_memory_images/fg9.jpg",NA,"artificial","Scam",NA,NA,NA,NA,NA,NA
"1658","325832",NA,"resources/real_fg_memory_images/orig27.jpg",NA,"real","Scam",NA,NA,NA,NA,NA,NA
"1659","325832",NA,"resources/real_fg_memory_images/fg12.jpg",NA,"artificial","Scam",NA,NA,NA,NA,NA,NA
"1660","325832",NA,"resources/real_fg_memory_images/fg8.jpg",NA,"artificial","Scam",NA,NA,NA,NA,NA,NA
"1661","325832",NA,"resources/real_fg_memory_images/fg6.jpg",NA,"artificial","Neutral",NA,NA,NA,NA,NA,NA
"1662","325832",NA,"resources/real_fg_memory_images/orig23.jpg",NA,"real","Neutral",NA,NA,NA,NA,NA,NA
"1663","325832",NA,"resources/real_fg_memory_images/orig30.jpg",NA,"real","Scam",NA,NA,NA,NA,NA,NA
"1664","325832",NA,"resources/real_fg_memory_images/fg4.jpg",NA,"artificial","Neutral",NA,NA,NA,NA,NA,NA
"1665","325832",NA,"resources/real_fg_memory_images/fg11.jpg",NA,"artificial","Scam",NA,NA,NA,NA,NA,NA
"1666","325832",NA,"resources/real_fg_memory_images/orig29.jpg",NA,"real","Scam",NA,NA,NA,NA,NA,NA
"1667","325832",NA,"resources/real_fg_memory_images/fg1.jpg",NA,"artificial","Neutral",NA,NA,NA,NA,NA,NA
"1668","325832",NA,"resources/real_fg_memory_images/fg10.jpg",NA,"artificial","Scam",NA,NA,NA,NA,NA,NA
"1669","325832",NA,"resources/real_fg_memory_images/orig19.jpg",NA,"real","Neutral",NA,NA,NA,NA,NA,NA
"1670","325832",NA,"resources/real_fg_memory_images/orig25.jpg",NA,"real","Scam",NA,NA,NA,NA,NA,NA
"1671","325832",NA,"resources/real_fg_memory_images/fg5.jpg",NA,"artificial","Neutral",NA,NA,NA,NA,NA,NA
"1672","325832",NA,NA,NA,NA,NA,NA,NA,NA,NA,NA,NA
"1673","325832",NA,"resources/real_fg_memory_images/fg1.jpg",NA,"artificial","Neutral","[""scam_button""]","7",NA,NA,NA,NA
"1674","325832",NA,"resources/real_fg_memory_images/fg6.jpg",NA,"artificial","Neutral","[""neutral_button""]","5",NA,NA,NA,NA
"1675","325832",NA,"resources/real_fg_memory_images/fg9.jpg",NA,"artificial","Scam","[""neutral_button""]","8",NA,NA,NA,NA
"1676","325832",NA,"resources/real_fg_memory_images/fg11.jpg",NA,"artificial","Scam","[""neutral_button""]","8",NA,NA,NA,NA
"1677","325832",NA,"resources/real_fg_memory_images/orig23.jpg",NA,"real","Neutral","[""neutral_button""]","9",NA,NA,NA,NA
"1678","325832",NA,"resources/real_fg_memory_images/fg3.jpg",NA,"artificial","Neutral","[""scam_button""]","9",NA,NA,NA,NA
"1679","325832",NA,"resources/real_fg_memory_images/fg7.jpg",NA,"artificial","Scam","[""scam_button""]","8",NA,NA,NA,NA
"1680","325832",NA,"resources/real_fg_memory_images/fg2.jpg",NA,"artificial","Neutral","[""neutral_button""]","7",NA,NA,NA,NA
"1681","325832",NA,"resources/real_fg_memory_images/orig24.jpg",NA,"real","Neutral","[""neutral_button""]","6",NA,NA,NA,NA
"1682","325832",NA,"resources/real_fg_memory_images/fg12.jpg",NA,"artificial","Scam","[""scam_button""]","10",NA,NA,NA,NA
"1683","325832",NA,"resources/real_fg_memory_images/orig20.jpg",NA,"real","Neutral","[""neutral_button""]","5",NA,NA,NA,NA
"1684","325832",NA,"resources/real_fg_memory_images/fg10.jpg",NA,"artificial","Scam","[""neutral_button""]","6",NA,NA,NA,NA
"1685","325832",NA,"resources/real_fg_memory_images/orig25.jpg",NA,"real","Scam","[""neutral_button""]","8",NA,NA,NA,NA
"1686","325832",NA,"resources/real_fg_memory_images/orig26.jpg",NA,"real","Scam","[""scam_button""]","7",NA,NA,NA,NA
"1687","325832",NA,"resources/real_fg_memory_images/orig21.jpg",NA,"real","Neutral","[""scam_button""]","10",NA,NA,NA,NA
"1688","325832",NA,"resources/real_fg_memory_images/orig19.jpg",NA,"real","Neutral","[""neutral_button""]","7",NA,NA,NA,NA
"1689","325832",NA,"resources/real_fg_memory_images/orig29.jpg",NA,"real","Scam","[""neutral_button""]","9",NA,NA,NA,NA
"1690","325832",NA,"resources/real_fg_memory_images/fg4.jpg",NA,"artificial","Neutral","[""scam_button""]","7",NA,NA,NA,NA
"1691","325832",NA,"resources/real_fg_memory_images/orig30.jpg",NA,"real","Scam","[""neutral_button""]","9",NA,NA,NA,NA
"1692","325832",NA,"resources/real_fg_memory_images/orig22.jpg",NA,"real","Neutral","[""scam_button""]","5",NA,NA,NA,NA
"1693","325832",NA,"resources/real_fg_memory_images/fg5.jpg",NA,"artificial","Neutral","[""neutral_button""]","2",NA,NA,NA,NA
"1694","325832",NA,"resources/real_fg_memory_images/fg8.jpg",NA,"artificial","Scam","[""neutral_button""]","5",NA,NA,NA,NA
"1695","325832",NA,"resources/real_fg_memory_images/orig28.jpg",NA,"real","Scam","[""neutral_button""]","6",NA,NA,NA,NA
"1696","325832",NA,"resources/real_fg_memory_images/orig27.jpg",NA,"real","Scam","[""scam_button""]","9",NA,NA,NA,NA
"1697","325832",NA,NA,NA,NA,NA,NA,NA,NA,NA,NA,NA
"1698","325832",3,"resources/real_fg_memory_images/fg11.jpg","artificial",NA,NA,NA,NA,NA,NA,NA,NA
"1699","325832",4,"resources/real_fg_memory_images/orig29.jpg","real",NA,NA,NA,NA,NA,NA,NA,NA
"1700","325832",0,"resources/real_fg_memory_images/orig31.jpg","real",NA,NA,NA,NA,NA,NA,NA,NA
"1701","325832",10,"resources/real_fg_memory_images/fg13.jpg","artificial",NA,NA,NA,NA,NA,NA,NA,NA
"1702","325832",7,"resources/real_fg_memory_images/orig19.jpg","real",NA,NA,NA,NA,NA,NA,NA,NA
"1703","325832",4,"resources/real_fg_memory_images/fg3.jpg","artificial",NA,NA,NA,NA,NA,NA,NA,NA
"1704","325832",7,"resources/real_fg_memory_images/orig30.jpg","real",NA,NA,NA,NA,NA,NA,NA,NA
"1705","325832",8,"resources/real_fg_memory_images/orig28.jpg","real",NA,NA,NA,NA,NA,NA,NA,NA
"1706","325832",5,"resources/real_fg_memory_images/orig34.jpg","real",NA,NA,NA,NA,NA,NA,NA,NA
"1707","325832",3,"resources/real_fg_memory_images/fg10.jpg","artificial",NA,NA,NA,NA,NA,NA,NA,NA
"1708","325832",6,"resources/real_fg_memory_images/orig23.jpg","real",NA,NA,NA,NA,NA,NA,NA,NA
"1709","325832",8,"resources/real_fg_memory_images/fg17.jpg","artificial",NA,NA,NA,NA,NA,NA,NA,NA
"1710","325832",7,"resources/real_fg_memory_images/fg14.jpg","artificial",NA,NA,NA,NA,NA,NA,NA,NA
"1711","325832",4,"resources/real_fg_memory_images/orig33.jpg","real",NA,NA,NA,NA,NA,NA,NA,NA
"1712","325832",2,"resources/real_fg_memory_images/fg16.jpg","artificial",NA,NA,NA,NA,NA,NA,NA,NA
"1713","325832",9,"resources/real_fg_memory_images/fg12.jpg","artificial",NA,NA,NA,NA,NA,NA,NA,NA
"1714","325832",6,"resources/real_fg_memory_images/orig35.jpg","real",NA,NA,NA,NA,NA,NA,NA,NA
"1715","325832",3,"resources/real_fg_memory_images/fg1.jpg","artificial",NA,NA,NA,NA,NA,NA,NA,NA
"1716","325832",1,"resources/real_fg_memory_images/fg6.jpg","artificial",NA,NA,NA,NA,NA,NA,NA,NA
"1717","325832",4,"resources/real_fg_memory_images/fg18.jpg","artificial",NA,NA,NA,NA,NA,NA,NA,NA
"1718","325832",4,"resources/real_fg_memory_images/fg15.jpg","artificial",NA,NA,NA,NA,NA,NA,NA,NA
"1719","325832",7,"resources/real_fg_memory_images/fg7.jpg","artificial",NA,NA,NA,NA,NA,NA,NA,NA
"1720","325832",4,"resources/real_fg_memory_images/fg4.jpg","artificial",NA,NA,NA,NA,NA,NA,NA,NA
"1721","325832",1,"resources/real_fg_memory_images/fg8.jpg","artificial",NA,NA,NA,NA,NA,NA,NA,NA
"1722","325832",0,"resources/real_fg_memory_images/orig21.jpg","real",NA,NA,NA,NA,NA,NA,NA,NA
"1723","325832",8,"resources/real_fg_memory_images/fg2.jpg","artificial",NA,NA,NA,NA,NA,NA,NA,NA
"1724","325832",7,"resources/real_fg_memory_images/orig20.jpg","real",NA,NA,NA,NA,NA,NA,NA,NA
"1725","325832",3,"resources/real_fg_memory_images/orig27.jpg","real",NA,NA,NA,NA,NA,NA,NA,NA
"1726","325832",7,"resources/real_fg_memory_images/orig32.jpg","real",NA,NA,NA,NA,NA,NA,NA,NA
"1727","325832",0,"resources/real_fg_memory_images/orig22.jpg","real",NA,NA,NA,NA,NA,NA,NA,NA
"1728","325832",8,"resources/real_fg_memory_images/orig36.jpg","real",NA,NA,NA,NA,NA,NA,NA,NA
"1729","325832",5,"resources/real_fg_memory_images/orig24.jpg","real",NA,NA,NA,NA,NA,NA,NA,NA
"1730","325832",4,"resources/real_fg_memory_images/fg5.jpg","artificial",NA,NA,NA,NA,NA,NA,NA,NA
"1731","325832",6,"resources/real_fg_memory_images/orig25.jpg","real",NA,NA,NA,NA,NA,NA,NA,NA
"1732","325832",3,"resources/real_fg_memory_images/orig26.jpg","real",NA,NA,NA,NA,NA,NA,NA,NA
"1733","325832",1,"resources/real_fg_memory_images/fg9.jpg","artificial",NA,NA,NA,NA,NA,NA,NA,NA
"1734","325832",NA,NA,NA,NA,NA,NA,NA,NA,NA,NA,NA
"1735","325832",NA,NA,NA,NA,NA,NA,NA,3,"If a telemarketer calls me, I usually listen to what they have to say",NA,NA
"1736","325832",NA,NA,NA,NA,NA,NA,NA,3,"I have difficulty ending a phone call, even if the caller is a telemarketer, someone I do not know, or someone I do not wish to call me",NA,NA
"1737","325832",NA,NA,NA,NA,NA,NA,NA,3,"If something sounds too good to be true, it usually is",NA,NA
"1738","325832",NA,NA,NA,NA,NA,NA,NA,4,"Persons over the age of 65 are often targeted by con-artists",NA,NA
"1739","325832",NA,NA,NA,NA,NA,NA,NA,3,"I answer the phone whenever it rings, even if I do not know who is calling",NA,NA
"1740","325832",NA,NA,NA,NA,NA,NA,NA,NA,NA,NA,NA
"1741","325832",NA,NA,NA,NA,NA,NA,NA,NA,NA,"[""female_option""]",NA
"1742","325832",NA,NA,NA,NA,NA,NA,NA,NA,NA,NA,71
"1743","325832",NA,NA,NA,NA,NA,NA,NA,NA,NA,NA,NA
"1744","325832",NA,NA,NA,NA,NA,NA,NA,NA,NA,NA,NA
"1745","325832",NA,NA,NA,NA,NA,NA,NA,NA,NA,NA,NA
"1746","325832",NA,NA,NA,NA,NA,NA,NA,NA,NA,NA,NA
"1747","325832",NA,NA,NA,NA,NA,NA,NA,NA,NA,NA,NA
"1748","325832",NA,NA,NA,NA,NA,NA,NA,NA,NA,NA,NA
"1749","325832",NA,NA,NA,NA,NA,NA,NA,NA,NA,NA,NA
"1750","325832",NA,NA,NA,NA,NA,NA,NA,NA,NA,NA,NA
"1751","325832",NA,NA,NA,NA,NA,NA,NA,NA,NA,NA,NA
"1752","325832",NA,NA,NA,NA,NA,NA,NA,NA,NA,NA,NA
"1753","327982",NA,NA,NA,NA,NA,NA,NA,NA,NA,NA,NA
"1754","327982",NA,NA,NA,NA,NA,NA,NA,NA,NA,NA,NA
"1755","327982",NA,NA,NA,NA,NA,NA,NA,NA,NA,NA,NA
"1756","327982",NA,NA,NA,NA,NA,NA,NA,NA,NA,NA,NA
"1757","327982",3,"resources/real_fg_memory_images/fg5.jpg","artificial",NA,NA,NA,NA,NA,NA,NA,NA
"1758","327982",7,"resources/real_fg_memory_images/orig36.jpg","real",NA,NA,NA,NA,NA,NA,NA,NA
"1759","327982",3,"resources/real_fg_memory_images/fg7.jpg","artificial",NA,NA,NA,NA,NA,NA,NA,NA
"1760","327982",3,"resources/real_fg_memory_images/fg3.jpg","artificial",NA,NA,NA,NA,NA,NA,NA,NA
"1761","327982",6,"resources/real_fg_memory_images/orig33.jpg","real",NA,NA,NA,NA,NA,NA,NA,NA
"1762","327982",4,"resources/real_fg_memory_images/orig23.jpg","real",NA,NA,NA,NA,NA,NA,NA,NA
"1763","327982",5,"resources/real_fg_memory_images/orig25.jpg","real",NA,NA,NA,NA,NA,NA,NA,NA
"1764","327982",7,"resources/real_fg_memory_images/orig32.jpg","real",NA,NA,NA,NA,NA,NA,NA,NA
"1765","327982",1,"resources/real_fg_memory_images/fg1.jpg","artificial",NA,NA,NA,NA,NA,NA,NA,NA
"1766","327982",5,"resources/real_fg_memory_images/orig31.jpg","real",NA,NA,NA,NA,NA,NA,NA,NA
"1767","327982",3,"resources/real_fg_memory_images/fg13.jpg","artificial",NA,NA,NA,NA,NA,NA,NA,NA
"1768","327982",4,"resources/real_fg_memory_images/fg10.jpg","artificial",NA,NA,NA,NA,NA,NA,NA,NA
"1769","327982",8,"resources/real_fg_memory_images/fg14.jpg","artificial",NA,NA,NA,NA,NA,NA,NA,NA
"1770","327982",5,"resources/real_fg_memory_images/orig21.jpg","real",NA,NA,NA,NA,NA,NA,NA,NA
"1771","327982",9,"resources/real_fg_memory_images/fg18.jpg","artificial",NA,NA,NA,NA,NA,NA,NA,NA
"1772","327982",8,"resources/real_fg_memory_images/orig22.jpg","real",NA,NA,NA,NA,NA,NA,NA,NA
"1773","327982",7,"resources/real_fg_memory_images/fg6.jpg","artificial",NA,NA,NA,NA,NA,NA,NA,NA
"1774","327982",5,"resources/real_fg_memory_images/orig35.jpg","real",NA,NA,NA,NA,NA,NA,NA,NA
"1775","327982",3,"resources/real_fg_memory_images/fg4.jpg","artificial",NA,NA,NA,NA,NA,NA,NA,NA
"1776","327982",6,"resources/real_fg_memory_images/fg17.jpg","artificial",NA,NA,NA,NA,NA,NA,NA,NA
"1777","327982",7,"resources/real_fg_memory_images/orig24.jpg","real",NA,NA,NA,NA,NA,NA,NA,NA
"1778","327982",8,"resources/real_fg_memory_images/orig28.jpg","real",NA,NA,NA,NA,NA,NA,NA,NA
"1779","327982",4,"resources/real_fg_memory_images/fg9.jpg","artificial",NA,NA,NA,NA,NA,NA,NA,NA
"1780","327982",8,"resources/real_fg_memory_images/orig34.jpg","real",NA,NA,NA,NA,NA,NA,NA,NA
"1781","327982",3,"resources/real_fg_memory_images/orig20.jpg","real",NA,NA,NA,NA,NA,NA,NA,NA
"1782","327982",3,"resources/real_fg_memory_images/orig27.jpg","real",NA,NA,NA,NA,NA,NA,NA,NA
"1783","327982",7,"resources/real_fg_memory_images/fg15.jpg","artificial",NA,NA,NA,NA,NA,NA,NA,NA
"1784","327982",6,"resources/real_fg_memory_images/fg2.jpg","artificial",NA,NA,NA,NA,NA,NA,NA,NA
"1785","327982",8,"resources/real_fg_memory_images/orig26.jpg","real",NA,NA,NA,NA,NA,NA,NA,NA
"1786","327982",8,"resources/real_fg_memory_images/orig30.jpg","real",NA,NA,NA,NA,NA,NA,NA,NA
"1787","327982",7,"resources/real_fg_memory_images/orig29.jpg","real",NA,NA,NA,NA,NA,NA,NA,NA
"1788","327982",6,"resources/real_fg_memory_images/fg11.jpg","artificial",NA,NA,NA,NA,NA,NA,NA,NA
"1789","327982",1,"resources/real_fg_memory_images/fg12.jpg","artificial",NA,NA,NA,NA,NA,NA,NA,NA
"1790","327982",2,"resources/real_fg_memory_images/fg8.jpg","artificial",NA,NA,NA,NA,NA,NA,NA,NA
"1791","327982",7,"resources/real_fg_memory_images/fg16.jpg","artificial",NA,NA,NA,NA,NA,NA,NA,NA
"1792","327982",7,"resources/real_fg_memory_images/orig19.jpg","real",NA,NA,NA,NA,NA,NA,NA,NA
"1793","327982",NA,NA,NA,NA,NA,NA,NA,NA,NA,NA,NA
"1794","327982",NA,"resources/real_fg_memory_images/fg8.jpg",NA,"artificial","Scam",NA,NA,NA,NA,NA,NA
"1795","327982",NA,"resources/real_fg_memory_images/orig20.jpg",NA,"real","Neutral",NA,NA,NA,NA,NA,NA
"1796","327982",NA,"resources/real_fg_memory_images/orig27.jpg",NA,"real","Scam",NA,NA,NA,NA,NA,NA
"1797","327982",NA,"resources/real_fg_memory_images/fg6.jpg",NA,"artificial","Neutral",NA,NA,NA,NA,NA,NA
"1798","327982",NA,"resources/real_fg_memory_images/fg9.jpg",NA,"artificial","Scam",NA,NA,NA,NA,NA,NA
"1799","327982",NA,"resources/real_fg_memory_images/orig23.jpg",NA,"real","Neutral",NA,NA,NA,NA,NA,NA
"1800","327982",NA,"resources/real_fg_memory_images/fg7.jpg",NA,"artificial","Scam",NA,NA,NA,NA,NA,NA
"1801","327982",NA,"resources/real_fg_memory_images/orig28.jpg",NA,"real","Scam",NA,NA,NA,NA,NA,NA
"1802","327982",NA,"resources/real_fg_memory_images/fg11.jpg",NA,"artificial","Scam",NA,NA,NA,NA,NA,NA
"1803","327982",NA,"resources/real_fg_memory_images/orig29.jpg",NA,"real","Scam",NA,NA,NA,NA,NA,NA
"1804","327982",NA,"resources/real_fg_memory_images/fg3.jpg",NA,"artificial","Neutral",NA,NA,NA,NA,NA,NA
"1805","327982",NA,"resources/real_fg_memory_images/fg2.jpg",NA,"artificial","Neutral",NA,NA,NA,NA,NA,NA
"1806","327982",NA,"resources/real_fg_memory_images/orig25.jpg",NA,"real","Scam",NA,NA,NA,NA,NA,NA
"1807","327982",NA,"resources/real_fg_memory_images/orig22.jpg",NA,"real","Neutral",NA,NA,NA,NA,NA,NA
"1808","327982",NA,"resources/real_fg_memory_images/fg10.jpg",NA,"artificial","Scam",NA,NA,NA,NA,NA,NA
"1809","327982",NA,"resources/real_fg_memory_images/fg1.jpg",NA,"artificial","Neutral",NA,NA,NA,NA,NA,NA
"1810","327982",NA,"resources/real_fg_memory_images/orig19.jpg",NA,"real","Neutral",NA,NA,NA,NA,NA,NA
"1811","327982",NA,"resources/real_fg_memory_images/fg4.jpg",NA,"artificial","Neutral",NA,NA,NA,NA,NA,NA
"1812","327982",NA,"resources/real_fg_memory_images/orig30.jpg",NA,"real","Scam",NA,NA,NA,NA,NA,NA
"1813","327982",NA,"resources/real_fg_memory_images/fg5.jpg",NA,"artificial","Neutral",NA,NA,NA,NA,NA,NA
"1814","327982",NA,"resources/real_fg_memory_images/orig24.jpg",NA,"real","Neutral",NA,NA,NA,NA,NA,NA
"1815","327982",NA,"resources/real_fg_memory_images/orig26.jpg",NA,"real","Scam",NA,NA,NA,NA,NA,NA
"1816","327982",NA,"resources/real_fg_memory_images/fg12.jpg",NA,"artificial","Scam",NA,NA,NA,NA,NA,NA
"1817","327982",NA,"resources/real_fg_memory_images/orig21.jpg",NA,"real","Neutral",NA,NA,NA,NA,NA,NA
"1818","327982",NA,NA,NA,NA,NA,NA,NA,NA,NA,NA,NA
"1819","327982",NA,"resources/real_fg_memory_images/orig19.jpg",NA,"real","Neutral","[""neutral_button""]","8",NA,NA,NA,NA
"1820","327982",NA,"resources/real_fg_memory_images/orig25.jpg",NA,"real","Scam","[""scam_button""]","10",NA,NA,NA,NA
"1821","327982",NA,"resources/real_fg_memory_images/orig23.jpg",NA,"real","Neutral","[""neutral_button""]","10",NA,NA,NA,NA
"1822","327982",NA,"resources/real_fg_memory_images/fg7.jpg",NA,"artificial","Scam","[""scam_button""]","8",NA,NA,NA,NA
"1823","327982",NA,"resources/real_fg_memory_images/fg11.jpg",NA,"artificial","Scam","[""neutral_button""]","5",NA,NA,NA,NA
"1824","327982",NA,"resources/real_fg_memory_images/orig21.jpg",NA,"real","Neutral","[""scam_button""]","5",NA,NA,NA,NA
"1825","327982",NA,"resources/real_fg_memory_images/orig26.jpg",NA,"real","Scam","[""scam_button""]","10",NA,NA,NA,NA
"1826","327982",NA,"resources/real_fg_memory_images/orig28.jpg",NA,"real","Scam","[""scam_button""]","10",NA,NA,NA,NA
"1827","327982",NA,"resources/real_fg_memory_images/fg3.jpg",NA,"artificial","Neutral","[""neutral_button""]","8",NA,NA,NA,NA
"1828","327982",NA,"resources/real_fg_memory_images/fg10.jpg",NA,"artificial","Scam","[""scam_button""]","9",NA,NA,NA,NA
"1829","327982",NA,"resources/real_fg_memory_images/orig30.jpg",NA,"real","Scam","[""neutral_button""]","7",NA,NA,NA,NA
"1830","327982",NA,"resources/real_fg_memory_images/fg8.jpg",NA,"artificial","Scam","[""scam_button""]","10",NA,NA,NA,NA
"1831","327982",NA,"resources/real_fg_memory_images/fg2.jpg",NA,"artificial","Neutral","[""neutral_button""]","7",NA,NA,NA,NA
"1832","327982",NA,"resources/real_fg_memory_images/orig20.jpg",NA,"real","Neutral","[""scam_button""]","7",NA,NA,NA,NA
"1833","327982",NA,"resources/real_fg_memory_images/fg9.jpg",NA,"artificial","Scam","[""neutral_button""]","8",NA,NA,NA,NA
"1834","327982",NA,"resources/real_fg_memory_images/orig22.jpg",NA,"real","Neutral","[""neutral_button""]","8",NA,NA,NA,NA
"1835","327982",NA,"resources/real_fg_memory_images/fg12.jpg",NA,"artificial","Scam","[""scam_button""]","9",NA,NA,NA,NA
"1836","327982",NA,"resources/real_fg_memory_images/orig29.jpg",NA,"real","Scam","[""scam_button""]","7",NA,NA,NA,NA
"1837","327982",NA,"resources/real_fg_memory_images/orig27.jpg",NA,"real","Scam","[""scam_button""]","10",NA,NA,NA,NA
"1838","327982",NA,"resources/real_fg_memory_images/fg1.jpg",NA,"artificial","Neutral","[""scam_button""]","10",NA,NA,NA,NA
"1839","327982",NA,"resources/real_fg_memory_images/orig24.jpg",NA,"real","Neutral","[""scam_button""]","7",NA,NA,NA,NA
"1840","327982",NA,"resources/real_fg_memory_images/fg5.jpg",NA,"artificial","Neutral","[""neutral_button""]","7",NA,NA,NA,NA
"1841","327982",NA,"resources/real_fg_memory_images/fg6.jpg",NA,"artificial","Neutral","[""neutral_button""]","6",NA,NA,NA,NA
"1842","327982",NA,"resources/real_fg_memory_images/fg4.jpg",NA,"artificial","Neutral","[""neutral_button""]","5",NA,NA,NA,NA
"1843","327982",NA,NA,NA,NA,NA,NA,NA,NA,NA,NA,NA
"1844","327982",0,"resources/real_fg_memory_images/orig26.jpg","real",NA,NA,NA,NA,NA,NA,NA,NA
"1845","327982",7,"resources/real_fg_memory_images/fg4.jpg","artificial",NA,NA,NA,NA,NA,NA,NA,NA
"1846","327982",7,"resources/real_fg_memory_images/orig32.jpg","real",NA,NA,NA,NA,NA,NA,NA,NA
"1847","327982",8,"resources/real_fg_memory_images/fg7.jpg","artificial",NA,NA,NA,NA,NA,NA,NA,NA
"1848","327982",0,"resources/real_fg_memory_images/orig35.jpg","real",NA,NA,NA,NA,NA,NA,NA,NA
"1849","327982",7,"resources/real_fg_memory_images/fg17.jpg","artificial",NA,NA,NA,NA,NA,NA,NA,NA
"1850","327982",10,"resources/real_fg_memory_images/orig23.jpg","real",NA,NA,NA,NA,NA,NA,NA,NA
"1851","327982",10,"resources/real_fg_memory_images/fg3.jpg","artificial",NA,NA,NA,NA,NA,NA,NA,NA
"1852","327982",0,"resources/real_fg_memory_images/fg2.jpg","artificial",NA,NA,NA,NA,NA,NA,NA,NA
"1853","327982",5,"resources/real_fg_memory_images/fg15.jpg","artificial",NA,NA,NA,NA,NA,NA,NA,NA
"1854","327982",0,"resources/real_fg_memory_images/orig25.jpg","real",NA,NA,NA,NA,NA,NA,NA,NA
"1855","327982",10,"resources/real_fg_memory_images/fg11.jpg","artificial",NA,NA,NA,NA,NA,NA,NA,NA
"1856","327982",10,"resources/real_fg_memory_images/fg5.jpg","artificial",NA,NA,NA,NA,NA,NA,NA,NA
"1857","327982",7,"resources/real_fg_memory_images/fg14.jpg","artificial",NA,NA,NA,NA,NA,NA,NA,NA
"1858","327982",0,"resources/real_fg_memory_images/fg8.jpg","artificial",NA,NA,NA,NA,NA,NA,NA,NA
"1859","327982",0,"resources/real_fg_memory_images/orig27.jpg","real",NA,NA,NA,NA,NA,NA,NA,NA
"1860","327982",0,"resources/real_fg_memory_images/orig28.jpg","real",NA,NA,NA,NA,NA,NA,NA,NA
"1861","327982",5,"resources/real_fg_memory_images/fg18.jpg","artificial",NA,NA,NA,NA,NA,NA,NA,NA
"1862","327982",0,"resources/real_fg_memory_images/fg12.jpg","artificial",NA,NA,NA,NA,NA,NA,NA,NA
"1863","327982",5,"resources/real_fg_memory_images/fg6.jpg","artificial",NA,NA,NA,NA,NA,NA,NA,NA
"1864","327982",5,"resources/real_fg_memory_images/orig19.jpg","real",NA,NA,NA,NA,NA,NA,NA,NA
"1865","327982",0,"resources/real_fg_memory_images/fg13.jpg","artificial",NA,NA,NA,NA,NA,NA,NA,NA
"1866","327982",7,"resources/real_fg_memory_images/orig24.jpg","real",NA,NA,NA,NA,NA,NA,NA,NA
"1867","327982",7,"resources/real_fg_memory_images/fg9.jpg","artificial",NA,NA,NA,NA,NA,NA,NA,NA
"1868","327982",0,"resources/real_fg_memory_images/orig29.jpg","real",NA,NA,NA,NA,NA,NA,NA,NA
"1869","327982",0,"resources/real_fg_memory_images/orig20.jpg","real",NA,NA,NA,NA,NA,NA,NA,NA
"1870","327982",0,"resources/real_fg_memory_images/orig31.jpg","real",NA,NA,NA,NA,NA,NA,NA,NA
"1871","327982",0,"resources/real_fg_memory_images/fg1.jpg","artificial",NA,NA,NA,NA,NA,NA,NA,NA
"1872","327982",7,"resources/real_fg_memory_images/orig34.jpg","real",NA,NA,NA,NA,NA,NA,NA,NA
"1873","327982",8,"resources/real_fg_memory_images/fg16.jpg","artificial",NA,NA,NA,NA,NA,NA,NA,NA
"1874","327982",3,"resources/real_fg_memory_images/orig36.jpg","real",NA,NA,NA,NA,NA,NA,NA,NA
"1875","327982",0,"resources/real_fg_memory_images/orig21.jpg","real",NA,NA,NA,NA,NA,NA,NA,NA
"1876","327982",5,"resources/real_fg_memory_images/orig33.jpg","real",NA,NA,NA,NA,NA,NA,NA,NA
"1877","327982",3,"resources/real_fg_memory_images/orig30.jpg","real",NA,NA,NA,NA,NA,NA,NA,NA
"1878","327982",4,"resources/real_fg_memory_images/fg10.jpg","artificial",NA,NA,NA,NA,NA,NA,NA,NA
"1879","327982",7,"resources/real_fg_memory_images/orig22.jpg","real",NA,NA,NA,NA,NA,NA,NA,NA
"1880","327982",NA,NA,NA,NA,NA,NA,NA,NA,NA,NA,NA
"1881","327982",NA,NA,NA,NA,NA,NA,NA,4,"If something sounds too good to be true, it usually is",NA,NA
"1882","327982",NA,NA,NA,NA,NA,NA,NA,1,"I have difficulty ending a phone call, even if the caller is a telemarketer, someone I do not know, or someone I do not wish to call me",NA,NA
"1883","327982",NA,NA,NA,NA,NA,NA,NA,1,"I answer the phone whenever it rings, even if I do not know who is calling",NA,NA
"1884","327982",NA,NA,NA,NA,NA,NA,NA,1,"If a telemarketer calls me, I usually listen to what they have to say",NA,NA
"1885","327982",NA,NA,NA,NA,NA,NA,NA,4,"Persons over the age of 65 are often targeted by con-artists",NA,NA
"1886","327982",NA,NA,NA,NA,NA,NA,NA,NA,NA,NA,NA
"1887","327982",NA,NA,NA,NA,NA,NA,NA,NA,NA,"[""female_option""]",NA
"1888","327982",NA,NA,NA,NA,NA,NA,NA,NA,NA,NA,67
"1889","327982",NA,NA,NA,NA,NA,NA,NA,NA,NA,NA,NA
"1890","327982",NA,NA,NA,NA,NA,NA,NA,NA,NA,NA,NA
"1891","327982",NA,NA,NA,NA,NA,NA,NA,NA,NA,NA,NA
"1892","327982",NA,NA,NA,NA,NA,NA,NA,NA,NA,NA,NA
"1893","327982",NA,NA,NA,NA,NA,NA,NA,NA,NA,NA,NA
"1894","327982",NA,NA,NA,NA,NA,NA,NA,NA,NA,NA,NA
"1895","327982",NA,NA,NA,NA,NA,NA,NA,NA,NA,NA,NA
"1896","327982",NA,NA,NA,NA,NA,NA,NA,NA,NA,NA,NA
"1897","327982",NA,NA,NA,NA,NA,NA,NA,NA,NA,NA,NA
"1898","327982",NA,NA,NA,NA,NA,NA,NA,NA,NA,NA,NA
"1899","357269",NA,NA,NA,NA,NA,NA,NA,NA,NA,NA,NA
"1900","357269",NA,NA,NA,NA,NA,NA,NA,NA,NA,NA,NA
"1901","357269",NA,NA,NA,NA,NA,NA,NA,NA,NA,NA,NA
"1902","357269",NA,NA,NA,NA,NA,NA,NA,NA,NA,NA,NA
"1903","357269",3,"resources/real_fg_memory_images/fg7.jpg","artificial",NA,NA,NA,NA,NA,NA,NA,NA
"1904","357269",3,"resources/real_fg_memory_images/orig27.jpg","real",NA,NA,NA,NA,NA,NA,NA,NA
"1905","357269",3,"resources/real_fg_memory_images/fg12.jpg","artificial",NA,NA,NA,NA,NA,NA,NA,NA
"1906","357269",4,"resources/real_fg_memory_images/orig24.jpg","real",NA,NA,NA,NA,NA,NA,NA,NA
"1907","357269",4,"resources/real_fg_memory_images/orig20.jpg","real",NA,NA,NA,NA,NA,NA,NA,NA
"1908","357269",2,"resources/real_fg_memory_images/fg10.jpg","artificial",NA,NA,NA,NA,NA,NA,NA,NA
"1909","357269",3,"resources/real_fg_memory_images/fg17.jpg","artificial",NA,NA,NA,NA,NA,NA,NA,NA
"1910","357269",4,"resources/real_fg_memory_images/fg16.jpg","artificial",NA,NA,NA,NA,NA,NA,NA,NA
"1911","357269",3,"resources/real_fg_memory_images/orig19.jpg","real",NA,NA,NA,NA,NA,NA,NA,NA
"1912","357269",2,"resources/real_fg_memory_images/fg3.jpg","artificial",NA,NA,NA,NA,NA,NA,NA,NA
"1913","357269",2,"resources/real_fg_memory_images/fg1.jpg","artificial",NA,NA,NA,NA,NA,NA,NA,NA
"1914","357269",5,"resources/real_fg_memory_images/fg4.jpg","artificial",NA,NA,NA,NA,NA,NA,NA,NA
"1915","357269",4,"resources/real_fg_memory_images/fg2.jpg","artificial",NA,NA,NA,NA,NA,NA,NA,NA
"1916","357269",7,"resources/real_fg_memory_images/orig34.jpg","real",NA,NA,NA,NA,NA,NA,NA,NA
"1917","357269",5,"resources/real_fg_memory_images/orig23.jpg","real",NA,NA,NA,NA,NA,NA,NA,NA
"1918","357269",2,"resources/real_fg_memory_images/fg8.jpg","artificial",NA,NA,NA,NA,NA,NA,NA,NA
"1919","357269",3,"resources/real_fg_memory_images/orig26.jpg","real",NA,NA,NA,NA,NA,NA,NA,NA
"1920","357269",2,"resources/real_fg_memory_images/fg5.jpg","artificial",NA,NA,NA,NA,NA,NA,NA,NA
"1921","357269",6,"resources/real_fg_memory_images/orig25.jpg","real",NA,NA,NA,NA,NA,NA,NA,NA
"1922","357269",1,"resources/real_fg_memory_images/orig31.jpg","real",NA,NA,NA,NA,NA,NA,NA,NA
"1923","357269",3,"resources/real_fg_memory_images/orig33.jpg","real",NA,NA,NA,NA,NA,NA,NA,NA
"1924","357269",2,"resources/real_fg_memory_images/fg13.jpg","artificial",NA,NA,NA,NA,NA,NA,NA,NA
"1925","357269",2,"resources/real_fg_memory_images/orig35.jpg","real",NA,NA,NA,NA,NA,NA,NA,NA
"1926","357269",2,"resources/real_fg_memory_images/orig32.jpg","real",NA,NA,NA,NA,NA,NA,NA,NA
"1927","357269",6,"resources/real_fg_memory_images/fg14.jpg","artificial",NA,NA,NA,NA,NA,NA,NA,NA
"1928","357269",5,"resources/real_fg_memory_images/orig36.jpg","real",NA,NA,NA,NA,NA,NA,NA,NA
"1929","357269",4,"resources/real_fg_memory_images/fg9.jpg","artificial",NA,NA,NA,NA,NA,NA,NA,NA
"1930","357269",4,"resources/real_fg_memory_images/fg11.jpg","artificial",NA,NA,NA,NA,NA,NA,NA,NA
"1931","357269",6,"resources/real_fg_memory_images/orig30.jpg","real",NA,NA,NA,NA,NA,NA,NA,NA
"1932","357269",5,"resources/real_fg_memory_images/orig22.jpg","real",NA,NA,NA,NA,NA,NA,NA,NA
"1933","357269",4,"resources/real_fg_memory_images/fg6.jpg","artificial",NA,NA,NA,NA,NA,NA,NA,NA
"1934","357269",4,"resources/real_fg_memory_images/fg15.jpg","artificial",NA,NA,NA,NA,NA,NA,NA,NA
"1935","357269",6,"resources/real_fg_memory_images/orig28.jpg","real",NA,NA,NA,NA,NA,NA,NA,NA
"1936","357269",4,"resources/real_fg_memory_images/orig29.jpg","real",NA,NA,NA,NA,NA,NA,NA,NA
"1937","357269",3,"resources/real_fg_memory_images/orig21.jpg","real",NA,NA,NA,NA,NA,NA,NA,NA
"1938","357269",4,"resources/real_fg_memory_images/fg18.jpg","artificial",NA,NA,NA,NA,NA,NA,NA,NA
"1939","357269",NA,NA,NA,NA,NA,NA,NA,NA,NA,NA,NA
"1940","357269",NA,"resources/real_fg_memory_images/fg4.jpg",NA,"artificial","Neutral",NA,NA,NA,NA,NA,NA
"1941","357269",NA,"resources/real_fg_memory_images/orig24.jpg",NA,"real","Neutral",NA,NA,NA,NA,NA,NA
"1942","357269",NA,"resources/real_fg_memory_images/orig28.jpg",NA,"real","Scam",NA,NA,NA,NA,NA,NA
"1943","357269",NA,"resources/real_fg_memory_images/fg12.jpg",NA,"artificial","Scam",NA,NA,NA,NA,NA,NA
"1944","357269",NA,"resources/real_fg_memory_images/orig21.jpg",NA,"real","Neutral",NA,NA,NA,NA,NA,NA
"1945","357269",NA,"resources/real_fg_memory_images/fg5.jpg",NA,"artificial","Neutral",NA,NA,NA,NA,NA,NA
"1946","357269",NA,"resources/real_fg_memory_images/orig23.jpg",NA,"real","Neutral",NA,NA,NA,NA,NA,NA
"1947","357269",NA,"resources/real_fg_memory_images/fg8.jpg",NA,"artificial","Scam",NA,NA,NA,NA,NA,NA
"1948","357269",NA,"resources/real_fg_memory_images/orig25.jpg",NA,"real","Scam",NA,NA,NA,NA,NA,NA
"1949","357269",NA,"resources/real_fg_memory_images/fg6.jpg",NA,"artificial","Neutral",NA,NA,NA,NA,NA,NA
"1950","357269",NA,"resources/real_fg_memory_images/fg3.jpg",NA,"artificial","Neutral",NA,NA,NA,NA,NA,NA
"1951","357269",NA,"resources/real_fg_memory_images/orig26.jpg",NA,"real","Scam",NA,NA,NA,NA,NA,NA
"1952","357269",NA,"resources/real_fg_memory_images/fg2.jpg",NA,"artificial","Neutral",NA,NA,NA,NA,NA,NA
"1953","357269",NA,"resources/real_fg_memory_images/fg1.jpg",NA,"artificial","Neutral",NA,NA,NA,NA,NA,NA
"1954","357269",NA,"resources/real_fg_memory_images/orig27.jpg",NA,"real","Scam",NA,NA,NA,NA,NA,NA
"1955","357269",NA,"resources/real_fg_memory_images/fg7.jpg",NA,"artificial","Scam",NA,NA,NA,NA,NA,NA
"1956","357269",NA,"resources/real_fg_memory_images/orig20.jpg",NA,"real","Neutral",NA,NA,NA,NA,NA,NA
"1957","357269",NA,"resources/real_fg_memory_images/orig30.jpg",NA,"real","Scam",NA,NA,NA,NA,NA,NA
"1958","357269",NA,"resources/real_fg_memory_images/orig19.jpg",NA,"real","Neutral",NA,NA,NA,NA,NA,NA
"1959","357269",NA,"resources/real_fg_memory_images/fg11.jpg",NA,"artificial","Scam",NA,NA,NA,NA,NA,NA
"1960","357269",NA,"resources/real_fg_memory_images/fg9.jpg",NA,"artificial","Scam",NA,NA,NA,NA,NA,NA
"1961","357269",NA,"resources/real_fg_memory_images/orig29.jpg",NA,"real","Scam",NA,NA,NA,NA,NA,NA
"1962","357269",NA,"resources/real_fg_memory_images/fg10.jpg",NA,"artificial","Scam",NA,NA,NA,NA,NA,NA
"1963","357269",NA,"resources/real_fg_memory_images/orig22.jpg",NA,"real","Neutral",NA,NA,NA,NA,NA,NA
"1964","357269",NA,NA,NA,NA,NA,NA,NA,NA,NA,NA,NA
"1965","357269",NA,"resources/real_fg_memory_images/fg2.jpg",NA,"artificial","Neutral","[""scam_button""]","5",NA,NA,NA,NA
"1966","357269",NA,"resources/real_fg_memory_images/orig25.jpg",NA,"real","Scam","[""scam_button""]","8",NA,NA,NA,NA
"1967","357269",NA,"resources/real_fg_memory_images/fg7.jpg",NA,"artificial","Scam","[""scam_button""]","5",NA,NA,NA,NA
"1968","357269",NA,"resources/real_fg_memory_images/fg4.jpg",NA,"artificial","Neutral","[""scam_button""]","4",NA,NA,NA,NA
"1969","357269",NA,"resources/real_fg_memory_images/orig20.jpg",NA,"real","Neutral","[""scam_button""]","6",NA,NA,NA,NA
"1970","357269",NA,"resources/real_fg_memory_images/orig26.jpg",NA,"real","Scam","[""scam_button""]","10",NA,NA,NA,NA
"1971","357269",NA,"resources/real_fg_memory_images/fg1.jpg",NA,"artificial","Neutral","[""scam_button""]","5",NA,NA,NA,NA
"1972","357269",NA,"resources/real_fg_memory_images/fg11.jpg",NA,"artificial","Scam","[""scam_button""]","4",NA,NA,NA,NA
"1973","357269",NA,"resources/real_fg_memory_images/orig28.jpg",NA,"real","Scam","[""scam_button""]","6",NA,NA,NA,NA
"1974","357269",NA,"resources/real_fg_memory_images/orig19.jpg",NA,"real","Neutral","[""neutral_button""]","3",NA,NA,NA,NA
"1975","357269",NA,"resources/real_fg_memory_images/orig27.jpg",NA,"real","Scam","[""scam_button""]","8",NA,NA,NA,NA
"1976","357269",NA,"resources/real_fg_memory_images/orig24.jpg",NA,"real","Neutral","[""scam_button""]","5",NA,NA,NA,NA
"1977","357269",NA,"resources/real_fg_memory_images/orig21.jpg",NA,"real","Neutral","[""neutral_button""]","4",NA,NA,NA,NA
"1978","357269",NA,"resources/real_fg_memory_images/fg6.jpg",NA,"artificial","Neutral","[""neutral_button""]","4",NA,NA,NA,NA
"1979","357269",NA,"resources/real_fg_memory_images/orig22.jpg",NA,"real","Neutral","[""scam_button""]","8",NA,NA,NA,NA
"1980","357269",NA,"resources/real_fg_memory_images/fg10.jpg",NA,"artificial","Scam","[""neutral_button""]","5",NA,NA,NA,NA
"1981","357269",NA,"resources/real_fg_memory_images/orig30.jpg",NA,"real","Scam","[""scam_button""]","7",NA,NA,NA,NA
"1982","357269",NA,"resources/real_fg_memory_images/fg5.jpg",NA,"artificial","Neutral","[""neutral_button""]","5",NA,NA,NA,NA
"1983","357269",NA,"resources/real_fg_memory_images/orig23.jpg",NA,"real","Neutral","[""scam_button""]","3",NA,NA,NA,NA
"1984","357269",NA,"resources/real_fg_memory_images/orig29.jpg",NA,"real","Scam","[""scam_button""]","9",NA,NA,NA,NA
"1985","357269",NA,"resources/real_fg_memory_images/fg12.jpg",NA,"artificial","Scam","[""neutral_button""]","3",NA,NA,NA,NA
"1986","357269",NA,"resources/real_fg_memory_images/fg3.jpg",NA,"artificial","Neutral","[""scam_button""]","3",NA,NA,NA,NA
"1987","357269",NA,"resources/real_fg_memory_images/fg8.jpg",NA,"artificial","Scam","[""neutral_button""]","4",NA,NA,NA,NA
"1988","357269",NA,"resources/real_fg_memory_images/fg9.jpg",NA,"artificial","Scam","[""scam_button""]","3",NA,NA,NA,NA
"1989","357269",NA,NA,NA,NA,NA,NA,NA,NA,NA,NA,NA
"1990","357269",5,"resources/real_fg_memory_images/fg18.jpg","artificial",NA,NA,NA,NA,NA,NA,NA,NA
"1991","357269",7,"resources/real_fg_memory_images/orig21.jpg","real",NA,NA,NA,NA,NA,NA,NA,NA
"1992","357269",6,"resources/real_fg_memory_images/orig29.jpg","real",NA,NA,NA,NA,NA,NA,NA,NA
"1993","357269",5,"resources/real_fg_memory_images/fg12.jpg","artificial",NA,NA,NA,NA,NA,NA,NA,NA
"1994","357269",5,"resources/real_fg_memory_images/orig19.jpg","real",NA,NA,NA,NA,NA,NA,NA,NA
"1995","357269",1,"resources/real_fg_memory_images/fg3.jpg","artificial",NA,NA,NA,NA,NA,NA,NA,NA
"1996","357269",4,"resources/real_fg_memory_images/fg14.jpg","artificial",NA,NA,NA,NA,NA,NA,NA,NA
"1997","357269",4,"resources/real_fg_memory_images/fg5.jpg","artificial",NA,NA,NA,NA,NA,NA,NA,NA
"1998","357269",8,"resources/real_fg_memory_images/orig27.jpg","real",NA,NA,NA,NA,NA,NA,NA,NA
"1999","357269",6,"resources/real_fg_memory_images/fg17.jpg","artificial",NA,NA,NA,NA,NA,NA,NA,NA
"2000","357269",5,"resources/real_fg_memory_images/orig23.jpg","real",NA,NA,NA,NA,NA,NA,NA,NA
"2001","357269",5,"resources/real_fg_memory_images/fg1.jpg","artificial",NA,NA,NA,NA,NA,NA,NA,NA
"2002","357269",7,"resources/real_fg_memory_images/fg6.jpg","artificial",NA,NA,NA,NA,NA,NA,NA,NA
"2003","357269",7,"resources/real_fg_memory_images/orig33.jpg","real",NA,NA,NA,NA,NA,NA,NA,NA
"2004","357269",7,"resources/real_fg_memory_images/orig36.jpg","real",NA,NA,NA,NA,NA,NA,NA,NA
"2005","357269",6,"resources/real_fg_memory_images/fg11.jpg","artificial",NA,NA,NA,NA,NA,NA,NA,NA
"2006","357269",7,"resources/real_fg_memory_images/fg2.jpg","artificial",NA,NA,NA,NA,NA,NA,NA,NA
"2007","357269",1,"resources/real_fg_memory_images/orig26.jpg","real",NA,NA,NA,NA,NA,NA,NA,NA
"2008","357269",3,"resources/real_fg_memory_images/orig25.jpg","real",NA,NA,NA,NA,NA,NA,NA,NA
"2009","357269",3,"resources/real_fg_memory_images/fg9.jpg","artificial",NA,NA,NA,NA,NA,NA,NA,NA
"2010","357269",5,"resources/real_fg_memory_images/fg16.jpg","artificial",NA,NA,NA,NA,NA,NA,NA,NA
"2011","357269",4,"resources/real_fg_memory_images/orig35.jpg","real",NA,NA,NA,NA,NA,NA,NA,NA
"2012","357269",4,"resources/real_fg_memory_images/orig22.jpg","real",NA,NA,NA,NA,NA,NA,NA,NA
"2013","357269",4,"resources/real_fg_memory_images/fg7.jpg","artificial",NA,NA,NA,NA,NA,NA,NA,NA
"2014","357269",5,"resources/real_fg_memory_images/fg15.jpg","artificial",NA,NA,NA,NA,NA,NA,NA,NA
"2015","357269",5,"resources/real_fg_memory_images/orig24.jpg","real",NA,NA,NA,NA,NA,NA,NA,NA
"2016","357269",4,"resources/real_fg_memory_images/fg13.jpg","artificial",NA,NA,NA,NA,NA,NA,NA,NA
"2017","357269",5,"resources/real_fg_memory_images/orig31.jpg","real",NA,NA,NA,NA,NA,NA,NA,NA
"2018","357269",6,"resources/real_fg_memory_images/fg4.jpg","artificial",NA,NA,NA,NA,NA,NA,NA,NA
"2019","357269",6,"resources/real_fg_memory_images/orig30.jpg","real",NA,NA,NA,NA,NA,NA,NA,NA
"2020","357269",6,"resources/real_fg_memory_images/orig32.jpg","real",NA,NA,NA,NA,NA,NA,NA,NA
"2021","357269",7,"resources/real_fg_memory_images/fg10.jpg","artificial",NA,NA,NA,NA,NA,NA,NA,NA
"2022","357269",6,"resources/real_fg_memory_images/orig28.jpg","real",NA,NA,NA,NA,NA,NA,NA,NA
"2023","357269",5,"resources/real_fg_memory_images/fg8.jpg","artificial",NA,NA,NA,NA,NA,NA,NA,NA
"2024","357269",6,"resources/real_fg_memory_images/orig34.jpg","real",NA,NA,NA,NA,NA,NA,NA,NA
"2025","357269",6,"resources/real_fg_memory_images/orig20.jpg","real",NA,NA,NA,NA,NA,NA,NA,NA
"2026","357269",NA,NA,NA,NA,NA,NA,NA,NA,NA,NA,NA
"2027","357269",NA,NA,NA,NA,NA,NA,NA,1,"If a telemarketer calls me, I usually listen to what they have to say",NA,NA
"2028","357269",NA,NA,NA,NA,NA,NA,NA,5,"If something sounds too good to be true, it usually is",NA,NA
"2029","357269",NA,NA,NA,NA,NA,NA,NA,1,"I have difficulty ending a phone call, even if the caller is a telemarketer, someone I do not know, or someone I do not wish to call me",NA,NA
"2030","357269",NA,NA,NA,NA,NA,NA,NA,1,"I answer the phone whenever it rings, even if I do not know who is calling",NA,NA
"2031","357269",NA,NA,NA,NA,NA,NA,NA,4,"Persons over the age of 65 are often targeted by con-artists",NA,NA
"2032","357269",NA,NA,NA,NA,NA,NA,NA,NA,NA,NA,NA
"2033","357269",NA,NA,NA,NA,NA,NA,NA,NA,NA,"[""female_option""]",NA
"2034","357269",NA,NA,NA,NA,NA,NA,NA,NA,NA,NA,78
"2035","357269",NA,NA,NA,NA,NA,NA,NA,NA,NA,NA,NA
"2036","357269",NA,NA,NA,NA,NA,NA,NA,NA,NA,NA,NA
"2037","357269",NA,NA,NA,NA,NA,NA,NA,NA,NA,NA,NA
"2038","357269",NA,NA,NA,NA,NA,NA,NA,NA,NA,NA,NA
"2039","357269",NA,NA,NA,NA,NA,NA,NA,NA,NA,NA,NA
"2040","357269",NA,NA,NA,NA,NA,NA,NA,NA,NA,NA,NA
"2041","357269",NA,NA,NA,NA,NA,NA,NA,NA,NA,NA,NA
"2042","357269",NA,NA,NA,NA,NA,NA,NA,NA,NA,NA,NA
"2043","357269",NA,NA,NA,NA,NA,NA,NA,NA,NA,NA,NA
"2044","357269",NA,NA,NA,NA,NA,NA,NA,NA,NA,NA,NA
"2045","398217",NA,NA,NA,NA,NA,NA,NA,NA,NA,NA,NA
"2046","398217",NA,NA,NA,NA,NA,NA,NA,NA,NA,NA,NA
"2047","398217",NA,NA,NA,NA,NA,NA,NA,NA,NA,NA,NA
"2048","398217",NA,NA,NA,NA,NA,NA,NA,NA,NA,NA,NA
"2049","398217",7,"resources/real_fg_memory_images/orig23.jpg","real",NA,NA,NA,NA,NA,NA,NA,NA
"2050","398217",4,"resources/real_fg_memory_images/orig27.jpg","real",NA,NA,NA,NA,NA,NA,NA,NA
"2051","398217",8,"resources/real_fg_memory_images/orig32.jpg","real",NA,NA,NA,NA,NA,NA,NA,NA
"2052","398217",1,"resources/real_fg_memory_images/fg13.jpg","artificial",NA,NA,NA,NA,NA,NA,NA,NA
"2053","398217",3,"resources/real_fg_memory_images/orig26.jpg","real",NA,NA,NA,NA,NA,NA,NA,NA
"2054","398217",8,"resources/real_fg_memory_images/orig25.jpg","real",NA,NA,NA,NA,NA,NA,NA,NA
"2055","398217",10,"resources/real_fg_memory_images/fg6.jpg","artificial",NA,NA,NA,NA,NA,NA,NA,NA
"2056","398217",8,"resources/real_fg_memory_images/orig20.jpg","real",NA,NA,NA,NA,NA,NA,NA,NA
"2057","398217",1,"resources/real_fg_memory_images/fg9.jpg","artificial",NA,NA,NA,NA,NA,NA,NA,NA
"2058","398217",8,"resources/real_fg_memory_images/orig28.jpg","real",NA,NA,NA,NA,NA,NA,NA,NA
"2059","398217",1,"resources/real_fg_memory_images/fg4.jpg","artificial",NA,NA,NA,NA,NA,NA,NA,NA
"2060","398217",9,"resources/real_fg_memory_images/fg14.jpg","artificial",NA,NA,NA,NA,NA,NA,NA,NA
"2061","398217",10,"resources/real_fg_memory_images/fg8.jpg","artificial",NA,NA,NA,NA,NA,NA,NA,NA
"2062","398217",1,"resources/real_fg_memory_images/orig21.jpg","real",NA,NA,NA,NA,NA,NA,NA,NA
"2063","398217",9,"resources/real_fg_memory_images/orig30.jpg","real",NA,NA,NA,NA,NA,NA,NA,NA
"2064","398217",10,"resources/real_fg_memory_images/fg5.jpg","artificial",NA,NA,NA,NA,NA,NA,NA,NA
"2065","398217",3,"resources/real_fg_memory_images/orig19.jpg","real",NA,NA,NA,NA,NA,NA,NA,NA
"2066","398217",1,"resources/real_fg_memory_images/fg2.jpg","artificial",NA,NA,NA,NA,NA,NA,NA,NA
"2067","398217",1,"resources/real_fg_memory_images/fg15.jpg","artificial",NA,NA,NA,NA,NA,NA,NA,NA
"2068","398217",8,"resources/real_fg_memory_images/orig35.jpg","real",NA,NA,NA,NA,NA,NA,NA,NA
"2069","398217",10,"resources/real_fg_memory_images/orig24.jpg","real",NA,NA,NA,NA,NA,NA,NA,NA
"2070","398217",1,"resources/real_fg_memory_images/fg7.jpg","artificial",NA,NA,NA,NA,NA,NA,NA,NA
"2071","398217",6,"resources/real_fg_memory_images/fg11.jpg","artificial",NA,NA,NA,NA,NA,NA,NA,NA
"2072","398217",10,"resources/real_fg_memory_images/fg16.jpg","artificial",NA,NA,NA,NA,NA,NA,NA,NA
"2073","398217",8,"resources/real_fg_memory_images/fg1.jpg","artificial",NA,NA,NA,NA,NA,NA,NA,NA
"2074","398217",1,"resources/real_fg_memory_images/orig31.jpg","real",NA,NA,NA,NA,NA,NA,NA,NA
"2075","398217",5,"resources/real_fg_memory_images/fg18.jpg","artificial",NA,NA,NA,NA,NA,NA,NA,NA
"2076","398217",2,"resources/real_fg_memory_images/fg3.jpg","artificial",NA,NA,NA,NA,NA,NA,NA,NA
"2077","398217",10,"resources/real_fg_memory_images/fg10.jpg","artificial",NA,NA,NA,NA,NA,NA,NA,NA
"2078","398217",9,"resources/real_fg_memory_images/orig34.jpg","real",NA,NA,NA,NA,NA,NA,NA,NA
"2079","398217",9,"resources/real_fg_memory_images/fg17.jpg","artificial",NA,NA,NA,NA,NA,NA,NA,NA
"2080","398217",1,"resources/real_fg_memory_images/orig33.jpg","real",NA,NA,NA,NA,NA,NA,NA,NA
"2081","398217",10,"resources/real_fg_memory_images/orig36.jpg","real",NA,NA,NA,NA,NA,NA,NA,NA
"2082","398217",8,"resources/real_fg_memory_images/orig29.jpg","real",NA,NA,NA,NA,NA,NA,NA,NA
"2083","398217",1,"resources/real_fg_memory_images/fg12.jpg","artificial",NA,NA,NA,NA,NA,NA,NA,NA
"2084","398217",1,"resources/real_fg_memory_images/orig22.jpg","real",NA,NA,NA,NA,NA,NA,NA,NA
"2085","398217",NA,NA,NA,NA,NA,NA,NA,NA,NA,NA,NA
"2086","398217",NA,"resources/real_fg_memory_images/orig29.jpg",NA,"real","Scam",NA,NA,NA,NA,NA,NA
"2087","398217",NA,"resources/real_fg_memory_images/fg3.jpg",NA,"artificial","Neutral",NA,NA,NA,NA,NA,NA
"2088","398217",NA,"resources/real_fg_memory_images/orig21.jpg",NA,"real","Neutral",NA,NA,NA,NA,NA,NA
"2089","398217",NA,"resources/real_fg_memory_images/fg6.jpg",NA,"artificial","Neutral",NA,NA,NA,NA,NA,NA
"2090","398217",NA,"resources/real_fg_memory_images/fg2.jpg",NA,"artificial","Neutral",NA,NA,NA,NA,NA,NA
"2091","398217",NA,"resources/real_fg_memory_images/orig23.jpg",NA,"real","Neutral",NA,NA,NA,NA,NA,NA
"2092","398217",NA,"resources/real_fg_memory_images/orig25.jpg",NA,"real","Scam",NA,NA,NA,NA,NA,NA
"2093","398217",NA,"resources/real_fg_memory_images/orig19.jpg",NA,"real","Neutral",NA,NA,NA,NA,NA,NA
"2094","398217",NA,"resources/real_fg_memory_images/fg11.jpg",NA,"artificial","Scam",NA,NA,NA,NA,NA,NA
"2095","398217",NA,"resources/real_fg_memory_images/orig20.jpg",NA,"real","Neutral",NA,NA,NA,NA,NA,NA
"2096","398217",NA,"resources/real_fg_memory_images/orig26.jpg",NA,"real","Scam",NA,NA,NA,NA,NA,NA
"2097","398217",NA,"resources/real_fg_memory_images/orig30.jpg",NA,"real","Scam",NA,NA,NA,NA,NA,NA
"2098","398217",NA,"resources/real_fg_memory_images/fg8.jpg",NA,"artificial","Scam",NA,NA,NA,NA,NA,NA
"2099","398217",NA,"resources/real_fg_memory_images/fg7.jpg",NA,"artificial","Scam",NA,NA,NA,NA,NA,NA
"2100","398217",NA,"resources/real_fg_memory_images/orig22.jpg",NA,"real","Neutral",NA,NA,NA,NA,NA,NA
"2101","398217",NA,"resources/real_fg_memory_images/fg1.jpg",NA,"artificial","Neutral",NA,NA,NA,NA,NA,NA
"2102","398217",NA,"resources/real_fg_memory_images/fg4.jpg",NA,"artificial","Neutral",NA,NA,NA,NA,NA,NA
"2103","398217",NA,"resources/real_fg_memory_images/fg12.jpg",NA,"artificial","Scam",NA,NA,NA,NA,NA,NA
"2104","398217",NA,"resources/real_fg_memory_images/orig27.jpg",NA,"real","Scam",NA,NA,NA,NA,NA,NA
"2105","398217",NA,"resources/real_fg_memory_images/fg9.jpg",NA,"artificial","Scam",NA,NA,NA,NA,NA,NA
"2106","398217",NA,"resources/real_fg_memory_images/orig24.jpg",NA,"real","Neutral",NA,NA,NA,NA,NA,NA
"2107","398217",NA,"resources/real_fg_memory_images/orig28.jpg",NA,"real","Scam",NA,NA,NA,NA,NA,NA
"2108","398217",NA,"resources/real_fg_memory_images/fg5.jpg",NA,"artificial","Neutral",NA,NA,NA,NA,NA,NA
"2109","398217",NA,"resources/real_fg_memory_images/fg10.jpg",NA,"artificial","Scam",NA,NA,NA,NA,NA,NA
"2110","398217",NA,NA,NA,NA,NA,NA,NA,NA,NA,NA,NA
"2111","398217",NA,"resources/real_fg_memory_images/orig26.jpg",NA,"real","Scam","[""scam_button""]","10",NA,NA,NA,NA
"2112","398217",NA,"resources/real_fg_memory_images/orig19.jpg",NA,"real","Neutral","[""neutral_button""]","7",NA,NA,NA,NA
"2113","398217",NA,"resources/real_fg_memory_images/orig24.jpg",NA,"real","Neutral","[""neutral_button""]","9",NA,NA,NA,NA
"2114","398217",NA,"resources/real_fg_memory_images/orig21.jpg",NA,"real","Neutral","[""neutral_button""]","10",NA,NA,NA,NA
"2115","398217",NA,"resources/real_fg_memory_images/fg7.jpg",NA,"artificial","Scam","[""scam_button""]","10",NA,NA,NA,NA
"2116","398217",NA,"resources/real_fg_memory_images/orig22.jpg",NA,"real","Neutral","[""neutral_button""]","10",NA,NA,NA,NA
"2117","398217",NA,"resources/real_fg_memory_images/fg2.jpg",NA,"artificial","Neutral","[""scam_button""]","4",NA,NA,NA,NA
"2118","398217",NA,"resources/real_fg_memory_images/orig28.jpg",NA,"real","Scam","[""neutral_button""]","9",NA,NA,NA,NA
"2119","398217",NA,"resources/real_fg_memory_images/fg5.jpg",NA,"artificial","Neutral","[""scam_button""]","5",NA,NA,NA,NA
"2120","398217",NA,"resources/real_fg_memory_images/fg8.jpg",NA,"artificial","Scam","[""scam_button""]","10",NA,NA,NA,NA
"2121","398217",NA,"resources/real_fg_memory_images/fg12.jpg",NA,"artificial","Scam","[""neutral_button""]","2",NA,NA,NA,NA
"2122","398217",NA,"resources/real_fg_memory_images/orig27.jpg",NA,"real","Scam","[""scam_button""]","9",NA,NA,NA,NA
"2123","398217",NA,"resources/real_fg_memory_images/fg1.jpg",NA,"artificial","Neutral","[""neutral_button""]","10",NA,NA,NA,NA
"2124","398217",NA,"resources/real_fg_memory_images/fg9.jpg",NA,"artificial","Scam","[""neutral_button""]","10",NA,NA,NA,NA
"2125","398217",NA,"resources/real_fg_memory_images/orig20.jpg",NA,"real","Neutral","[""scam_button""]","7",NA,NA,NA,NA
"2126","398217",NA,"resources/real_fg_memory_images/fg4.jpg",NA,"artificial","Neutral","[""scam_button""]","10",NA,NA,NA,NA
"2127","398217",NA,"resources/real_fg_memory_images/fg3.jpg",NA,"artificial","Neutral","[""neutral_button""]","8",NA,NA,NA,NA
"2128","398217",NA,"resources/real_fg_memory_images/orig30.jpg",NA,"real","Scam","[""neutral_button""]","10",NA,NA,NA,NA
"2129","398217",NA,"resources/real_fg_memory_images/fg6.jpg",NA,"artificial","Neutral","[""scam_button""]","7",NA,NA,NA,NA
"2130","398217",NA,"resources/real_fg_memory_images/orig25.jpg",NA,"real","Scam","[""neutral_button""]","8",NA,NA,NA,NA
"2131","398217",NA,"resources/real_fg_memory_images/fg10.jpg",NA,"artificial","Scam","[""scam_button""]","4",NA,NA,NA,NA
"2132","398217",NA,"resources/real_fg_memory_images/fg11.jpg",NA,"artificial","Scam","[""neutral_button""]","9",NA,NA,NA,NA
"2133","398217",NA,"resources/real_fg_memory_images/orig29.jpg",NA,"real","Scam","[""scam_button""]","10",NA,NA,NA,NA
"2134","398217",NA,"resources/real_fg_memory_images/orig23.jpg",NA,"real","Neutral","[""neutral_button""]","4",NA,NA,NA,NA
"2135","398217",NA,NA,NA,NA,NA,NA,NA,NA,NA,NA,NA
"2136","398217",7,"resources/real_fg_memory_images/orig21.jpg","real",NA,NA,NA,NA,NA,NA,NA,NA
"2137","398217",5,"resources/real_fg_memory_images/fg14.jpg","artificial",NA,NA,NA,NA,NA,NA,NA,NA
"2138","398217",1,"resources/real_fg_memory_images/fg3.jpg","artificial",NA,NA,NA,NA,NA,NA,NA,NA
"2139","398217",2,"resources/real_fg_memory_images/fg1.jpg","artificial",NA,NA,NA,NA,NA,NA,NA,NA
"2140","398217",3,"resources/real_fg_memory_images/fg2.jpg","artificial",NA,NA,NA,NA,NA,NA,NA,NA
"2141","398217",8,"resources/real_fg_memory_images/orig20.jpg","real",NA,NA,NA,NA,NA,NA,NA,NA
"2142","398217",9,"resources/real_fg_memory_images/orig34.jpg","real",NA,NA,NA,NA,NA,NA,NA,NA
"2143","398217",10,"resources/real_fg_memory_images/orig35.jpg","real",NA,NA,NA,NA,NA,NA,NA,NA
"2144","398217",2,"resources/real_fg_memory_images/orig31.jpg","real",NA,NA,NA,NA,NA,NA,NA,NA
"2145","398217",3,"resources/real_fg_memory_images/fg17.jpg","artificial",NA,NA,NA,NA,NA,NA,NA,NA
"2146","398217",8,"resources/real_fg_memory_images/fg15.jpg","artificial",NA,NA,NA,NA,NA,NA,NA,NA
"2147","398217",10,"resources/real_fg_memory_images/orig23.jpg","real",NA,NA,NA,NA,NA,NA,NA,NA
"2148","398217",8,"resources/real_fg_memory_images/orig29.jpg","real",NA,NA,NA,NA,NA,NA,NA,NA
"2149","398217",10,"resources/real_fg_memory_images/orig36.jpg","real",NA,NA,NA,NA,NA,NA,NA,NA
"2150","398217",2,"resources/real_fg_memory_images/orig33.jpg","real",NA,NA,NA,NA,NA,NA,NA,NA
"2151","398217",10,"resources/real_fg_memory_images/fg16.jpg","artificial",NA,NA,NA,NA,NA,NA,NA,NA
"2152","398217",1,"resources/real_fg_memory_images/fg11.jpg","artificial",NA,NA,NA,NA,NA,NA,NA,NA
"2153","398217",10,"resources/real_fg_memory_images/orig24.jpg","real",NA,NA,NA,NA,NA,NA,NA,NA
"2154","398217",1,"resources/real_fg_memory_images/fg6.jpg","artificial",NA,NA,NA,NA,NA,NA,NA,NA
"2155","398217",1,"resources/real_fg_memory_images/orig27.jpg","real",NA,NA,NA,NA,NA,NA,NA,NA
"2156","398217",1,"resources/real_fg_memory_images/fg5.jpg","artificial",NA,NA,NA,NA,NA,NA,NA,NA
"2157","398217",6,"resources/real_fg_memory_images/fg12.jpg","artificial",NA,NA,NA,NA,NA,NA,NA,NA
"2158","398217",9,"resources/real_fg_memory_images/orig30.jpg","real",NA,NA,NA,NA,NA,NA,NA,NA
"2159","398217",10,"resources/real_fg_memory_images/fg10.jpg","artificial",NA,NA,NA,NA,NA,NA,NA,NA
"2160","398217",4,"resources/real_fg_memory_images/fg18.jpg","artificial",NA,NA,NA,NA,NA,NA,NA,NA
"2161","398217",1,"resources/real_fg_memory_images/fg13.jpg","artificial",NA,NA,NA,NA,NA,NA,NA,NA
"2162","398217",8,"resources/real_fg_memory_images/orig25.jpg","real",NA,NA,NA,NA,NA,NA,NA,NA
"2163","398217",10,"resources/real_fg_memory_images/orig19.jpg","real",NA,NA,NA,NA,NA,NA,NA,NA
"2164","398217",1,"resources/real_fg_memory_images/fg7.jpg","artificial",NA,NA,NA,NA,NA,NA,NA,NA
"2165","398217",1,"resources/real_fg_memory_images/orig26.jpg","real",NA,NA,NA,NA,NA,NA,NA,NA
"2166","398217",1,"resources/real_fg_memory_images/fg4.jpg","artificial",NA,NA,NA,NA,NA,NA,NA,NA
"2167","398217",10,"resources/real_fg_memory_images/orig28.jpg","real",NA,NA,NA,NA,NA,NA,NA,NA
"2168","398217",1,"resources/real_fg_memory_images/fg8.jpg","artificial",NA,NA,NA,NA,NA,NA,NA,NA
"2169","398217",1,"resources/real_fg_memory_images/fg9.jpg","artificial",NA,NA,NA,NA,NA,NA,NA,NA
"2170","398217",12,"resources/real_fg_memory_images/orig32.jpg","real",NA,NA,NA,NA,NA,NA,NA,NA
"2171","398217",10,"resources/real_fg_memory_images/orig22.jpg","real",NA,NA,NA,NA,NA,NA,NA,NA
"2172","398217",NA,NA,NA,NA,NA,NA,NA,NA,NA,NA,NA
"2173","398217",NA,NA,NA,NA,NA,NA,NA,4,"I have difficulty ending a phone call, even if the caller is a telemarketer, someone I do not know, or someone I do not wish to call me",NA,NA
"2174","398217",NA,NA,NA,NA,NA,NA,NA,5,"If a telemarketer calls me, I usually listen to what they have to say",NA,NA
"2175","398217",NA,NA,NA,NA,NA,NA,NA,4,"If something sounds too good to be true, it usually is",NA,NA
"2176","398217",NA,NA,NA,NA,NA,NA,NA,5,"Persons over the age of 65 are often targeted by con-artists",NA,NA
"2177","398217",NA,NA,NA,NA,NA,NA,NA,5,"I answer the phone whenever it rings, even if I do not know who is calling",NA,NA
"2178","398217",NA,NA,NA,NA,NA,NA,NA,NA,NA,NA,NA
"2179","398217",NA,NA,NA,NA,NA,NA,NA,NA,NA,"[""male_option""]",NA
"2180","398217",NA,NA,NA,NA,NA,NA,NA,NA,NA,NA,65
"2181","398217",NA,NA,NA,NA,NA,NA,NA,NA,NA,NA,NA
"2182","398217",NA,NA,NA,NA,NA,NA,NA,NA,NA,NA,NA
"2183","398217",NA,NA,NA,NA,NA,NA,NA,NA,NA,NA,NA
"2184","398217",NA,NA,NA,NA,NA,NA,NA,NA,NA,NA,NA
"2185","398217",NA,NA,NA,NA,NA,NA,NA,NA,NA,NA,NA
"2186","398217",NA,NA,NA,NA,NA,NA,NA,NA,NA,NA,NA
"2187","398217",NA,NA,NA,NA,NA,NA,NA,NA,NA,NA,NA
"2188","398217",NA,NA,NA,NA,NA,NA,NA,NA,NA,NA,NA
"2189","398217",NA,NA,NA,NA,NA,NA,NA,NA,NA,NA,NA
"2190","398217",NA,NA,NA,NA,NA,NA,NA,NA,NA,NA,NA
"2191","569229",NA,NA,NA,NA,NA,NA,NA,NA,NA,NA,NA
"2192","569229",NA,NA,NA,NA,NA,NA,NA,NA,NA,NA,NA
"2193","569229",NA,NA,NA,NA,NA,NA,NA,NA,NA,NA,NA
"2194","569229",NA,NA,NA,NA,NA,NA,NA,NA,NA,NA,NA
"2195","569229",7,"resources/real_fg_memory_images/fg4.jpg","artificial",NA,NA,NA,NA,NA,NA,NA,NA
"2196","569229",4,"resources/real_fg_memory_images/orig29.jpg","real",NA,NA,NA,NA,NA,NA,NA,NA
"2197","569229",6,"resources/real_fg_memory_images/fg18.jpg","artificial",NA,NA,NA,NA,NA,NA,NA,NA
"2198","569229",3,"resources/real_fg_memory_images/orig33.jpg","real",NA,NA,NA,NA,NA,NA,NA,NA
"2199","569229",7,"resources/real_fg_memory_images/fg13.jpg","artificial",NA,NA,NA,NA,NA,NA,NA,NA
"2200","569229",8,"resources/real_fg_memory_images/fg16.jpg","artificial",NA,NA,NA,NA,NA,NA,NA,NA
"2201","569229",4,"resources/real_fg_memory_images/fg7.jpg","artificial",NA,NA,NA,NA,NA,NA,NA,NA
"2202","569229",8,"resources/real_fg_memory_images/orig24.jpg","real",NA,NA,NA,NA,NA,NA,NA,NA
"2203","569229",3,"resources/real_fg_memory_images/orig35.jpg","real",NA,NA,NA,NA,NA,NA,NA,NA
"2204","569229",5,"resources/real_fg_memory_images/orig36.jpg","real",NA,NA,NA,NA,NA,NA,NA,NA
"2205","569229",9,"resources/real_fg_memory_images/orig28.jpg","real",NA,NA,NA,NA,NA,NA,NA,NA
"2206","569229",7,"resources/real_fg_memory_images/fg14.jpg","artificial",NA,NA,NA,NA,NA,NA,NA,NA
"2207","569229",7,"resources/real_fg_memory_images/fg9.jpg","artificial",NA,NA,NA,NA,NA,NA,NA,NA
"2208","569229",6,"resources/real_fg_memory_images/orig19.jpg","real",NA,NA,NA,NA,NA,NA,NA,NA
"2209","569229",7,"resources/real_fg_memory_images/orig25.jpg","real",NA,NA,NA,NA,NA,NA,NA,NA
"2210","569229",5,"resources/real_fg_memory_images/fg5.jpg","artificial",NA,NA,NA,NA,NA,NA,NA,NA
"2211","569229",8,"resources/real_fg_memory_images/fg6.jpg","artificial",NA,NA,NA,NA,NA,NA,NA,NA
"2212","569229",6,"resources/real_fg_memory_images/fg12.jpg","artificial",NA,NA,NA,NA,NA,NA,NA,NA
"2213","569229",3,"resources/real_fg_memory_images/orig27.jpg","real",NA,NA,NA,NA,NA,NA,NA,NA
"2214","569229",1,"resources/real_fg_memory_images/fg15.jpg","artificial",NA,NA,NA,NA,NA,NA,NA,NA
"2215","569229",0,"resources/real_fg_memory_images/orig22.jpg","real",NA,NA,NA,NA,NA,NA,NA,NA
"2216","569229",8,"resources/real_fg_memory_images/orig32.jpg","real",NA,NA,NA,NA,NA,NA,NA,NA
"2217","569229",4,"resources/real_fg_memory_images/fg2.jpg","artificial",NA,NA,NA,NA,NA,NA,NA,NA
"2218","569229",5,"resources/real_fg_memory_images/orig26.jpg","real",NA,NA,NA,NA,NA,NA,NA,NA
"2219","569229",2,"resources/real_fg_memory_images/fg3.jpg","artificial",NA,NA,NA,NA,NA,NA,NA,NA
"2220","569229",7,"resources/real_fg_memory_images/orig30.jpg","real",NA,NA,NA,NA,NA,NA,NA,NA
"2221","569229",6,"resources/real_fg_memory_images/fg17.jpg","artificial",NA,NA,NA,NA,NA,NA,NA,NA
"2222","569229",4,"resources/real_fg_memory_images/fg11.jpg","artificial",NA,NA,NA,NA,NA,NA,NA,NA
"2223","569229",7,"resources/real_fg_memory_images/orig34.jpg","real",NA,NA,NA,NA,NA,NA,NA,NA
"2224","569229",3,"resources/real_fg_memory_images/fg1.jpg","artificial",NA,NA,NA,NA,NA,NA,NA,NA
"2225","569229",4,"resources/real_fg_memory_images/orig20.jpg","real",NA,NA,NA,NA,NA,NA,NA,NA
"2226","569229",6,"resources/real_fg_memory_images/fg8.jpg","artificial",NA,NA,NA,NA,NA,NA,NA,NA
"2227","569229",4,"resources/real_fg_memory_images/orig21.jpg","real",NA,NA,NA,NA,NA,NA,NA,NA
"2228","569229",2,"resources/real_fg_memory_images/orig31.jpg","real",NA,NA,NA,NA,NA,NA,NA,NA
"2229","569229",5,"resources/real_fg_memory_images/orig23.jpg","real",NA,NA,NA,NA,NA,NA,NA,NA
"2230","569229",7,"resources/real_fg_memory_images/fg10.jpg","artificial",NA,NA,NA,NA,NA,NA,NA,NA
"2231","569229",NA,NA,NA,NA,NA,NA,NA,NA,NA,NA,NA
"2232","569229",NA,"resources/real_fg_memory_images/orig25.jpg",NA,"real","Scam",NA,NA,NA,NA,NA,NA
"2233","569229",NA,"resources/real_fg_memory_images/orig20.jpg",NA,"real","Neutral",NA,NA,NA,NA,NA,NA
"2234","569229",NA,"resources/real_fg_memory_images/fg5.jpg",NA,"artificial","Neutral",NA,NA,NA,NA,NA,NA
"2235","569229",NA,"resources/real_fg_memory_images/orig30.jpg",NA,"real","Scam",NA,NA,NA,NA,NA,NA
"2236","569229",NA,"resources/real_fg_memory_images/fg4.jpg",NA,"artificial","Neutral",NA,NA,NA,NA,NA,NA
"2237","569229",NA,"resources/real_fg_memory_images/fg12.jpg",NA,"artificial","Scam",NA,NA,NA,NA,NA,NA
"2238","569229",NA,"resources/real_fg_memory_images/orig21.jpg",NA,"real","Neutral",NA,NA,NA,NA,NA,NA
"2239","569229",NA,"resources/real_fg_memory_images/fg7.jpg",NA,"artificial","Scam",NA,NA,NA,NA,NA,NA
"2240","569229",NA,"resources/real_fg_memory_images/orig28.jpg",NA,"real","Scam",NA,NA,NA,NA,NA,NA
"2241","569229",NA,"resources/real_fg_memory_images/orig19.jpg",NA,"real","Neutral",NA,NA,NA,NA,NA,NA
"2242","569229",NA,"resources/real_fg_memory_images/orig29.jpg",NA,"real","Scam",NA,NA,NA,NA,NA,NA
"2243","569229",NA,"resources/real_fg_memory_images/fg3.jpg",NA,"artificial","Neutral",NA,NA,NA,NA,NA,NA
"2244","569229",NA,"resources/real_fg_memory_images/fg9.jpg",NA,"artificial","Scam",NA,NA,NA,NA,NA,NA
"2245","569229",NA,"resources/real_fg_memory_images/orig26.jpg",NA,"real","Scam",NA,NA,NA,NA,NA,NA
"2246","569229",NA,"resources/real_fg_memory_images/fg8.jpg",NA,"artificial","Scam",NA,NA,NA,NA,NA,NA
"2247","569229",NA,"resources/real_fg_memory_images/fg2.jpg",NA,"artificial","Neutral",NA,NA,NA,NA,NA,NA
"2248","569229",NA,"resources/real_fg_memory_images/orig23.jpg",NA,"real","Neutral",NA,NA,NA,NA,NA,NA
"2249","569229",NA,"resources/real_fg_memory_images/fg1.jpg",NA,"artificial","Neutral",NA,NA,NA,NA,NA,NA
"2250","569229",NA,"resources/real_fg_memory_images/fg11.jpg",NA,"artificial","Scam",NA,NA,NA,NA,NA,NA
"2251","569229",NA,"resources/real_fg_memory_images/orig24.jpg",NA,"real","Neutral",NA,NA,NA,NA,NA,NA
"2252","569229",NA,"resources/real_fg_memory_images/fg6.jpg",NA,"artificial","Neutral",NA,NA,NA,NA,NA,NA
"2253","569229",NA,"resources/real_fg_memory_images/fg10.jpg",NA,"artificial","Scam",NA,NA,NA,NA,NA,NA
"2254","569229",NA,"resources/real_fg_memory_images/orig27.jpg",NA,"real","Scam",NA,NA,NA,NA,NA,NA
"2255","569229",NA,"resources/real_fg_memory_images/orig22.jpg",NA,"real","Neutral",NA,NA,NA,NA,NA,NA
"2256","569229",NA,NA,NA,NA,NA,NA,NA,NA,NA,NA,NA
"2257","569229",NA,"resources/real_fg_memory_images/fg5.jpg",NA,"artificial","Neutral","[""neutral_button""]","9",NA,NA,NA,NA
"2258","569229",NA,"resources/real_fg_memory_images/orig25.jpg",NA,"real","Scam","[""scam_button""]","5",NA,NA,NA,NA
"2259","569229",NA,"resources/real_fg_memory_images/orig30.jpg",NA,"real","Scam","[""scam_button""]","10",NA,NA,NA,NA
"2260","569229",NA,"resources/real_fg_memory_images/orig28.jpg",NA,"real","Scam","[""scam_button""]","8",NA,NA,NA,NA
"2261","569229",NA,"resources/real_fg_memory_images/fg9.jpg",NA,"artificial","Scam","[""neutral_button""]","3",NA,NA,NA,NA
"2262","569229",NA,"resources/real_fg_memory_images/orig29.jpg",NA,"real","Scam","[""scam_button""]","7",NA,NA,NA,NA
"2263","569229",NA,"resources/real_fg_memory_images/fg12.jpg",NA,"artificial","Scam","[""neutral_button""]","4",NA,NA,NA,NA
"2264","569229",NA,"resources/real_fg_memory_images/fg8.jpg",NA,"artificial","Scam","[""scam_button""]","9",NA,NA,NA,NA
"2265","569229",NA,"resources/real_fg_memory_images/orig24.jpg",NA,"real","Neutral","[""neutral_button""]","10",NA,NA,NA,NA
"2266","569229",NA,"resources/real_fg_memory_images/orig20.jpg",NA,"real","Neutral","[""neutral_button""]","6",NA,NA,NA,NA
"2267","569229",NA,"resources/real_fg_memory_images/fg6.jpg",NA,"artificial","Neutral","[""neutral_button""]","4",NA,NA,NA,NA
"2268","569229",NA,"resources/real_fg_memory_images/orig19.jpg",NA,"real","Neutral","[""scam_button""]","3",NA,NA,NA,NA
"2269","569229",NA,"resources/real_fg_memory_images/orig26.jpg",NA,"real","Scam","[""scam_button""]","10",NA,NA,NA,NA
"2270","569229",NA,"resources/real_fg_memory_images/fg7.jpg",NA,"artificial","Scam","[""neutral_button""]","2",NA,NA,NA,NA
"2271","569229",NA,"resources/real_fg_memory_images/fg1.jpg",NA,"artificial","Neutral","[""neutral_button""]","8",NA,NA,NA,NA
"2272","569229",NA,"resources/real_fg_memory_images/orig27.jpg",NA,"real","Scam","[""scam_button""]","9",NA,NA,NA,NA
"2273","569229",NA,"resources/real_fg_memory_images/fg10.jpg",NA,"artificial","Scam","[""scam_button""]","1",NA,NA,NA,NA
"2274","569229",NA,"resources/real_fg_memory_images/fg3.jpg",NA,"artificial","Neutral","[""neutral_button""]","8",NA,NA,NA,NA
"2275","569229",NA,"resources/real_fg_memory_images/fg11.jpg",NA,"artificial","Scam","[""scam_button""]","3",NA,NA,NA,NA
"2276","569229",NA,"resources/real_fg_memory_images/fg2.jpg",NA,"artificial","Neutral","[""neutral_button""]","8",NA,NA,NA,NA
"2277","569229",NA,"resources/real_fg_memory_images/fg4.jpg",NA,"artificial","Neutral","[""scam_button""]","6",NA,NA,NA,NA
"2278","569229",NA,"resources/real_fg_memory_images/orig22.jpg",NA,"real","Neutral","[""neutral_button""]","9",NA,NA,NA,NA
"2279","569229",NA,"resources/real_fg_memory_images/orig23.jpg",NA,"real","Neutral","[""neutral_button""]","4",NA,NA,NA,NA
"2280","569229",NA,"resources/real_fg_memory_images/orig21.jpg",NA,"real","Neutral","[""neutral_button""]","10",NA,NA,NA,NA
"2281","569229",NA,NA,NA,NA,NA,NA,NA,NA,NA,NA,NA
"2282","569229",7,"resources/real_fg_memory_images/orig19.jpg","real",NA,NA,NA,NA,NA,NA,NA,NA
"2283","569229",8,"resources/real_fg_memory_images/fg14.jpg","artificial",NA,NA,NA,NA,NA,NA,NA,NA
"2284","569229",3,"resources/real_fg_memory_images/fg16.jpg","artificial",NA,NA,NA,NA,NA,NA,NA,NA
"2285","569229",5,"resources/real_fg_memory_images/orig28.jpg","real",NA,NA,NA,NA,NA,NA,NA,NA
"2286","569229",7,"resources/real_fg_memory_images/fg10.jpg","artificial",NA,NA,NA,NA,NA,NA,NA,NA
"2287","569229",8,"resources/real_fg_memory_images/orig32.jpg","real",NA,NA,NA,NA,NA,NA,NA,NA
"2288","569229",4,"resources/real_fg_memory_images/fg7.jpg","artificial",NA,NA,NA,NA,NA,NA,NA,NA
"2289","569229",5,"resources/real_fg_memory_images/fg6.jpg","artificial",NA,NA,NA,NA,NA,NA,NA,NA
"2290","569229",2,"resources/real_fg_memory_images/orig36.jpg","real",NA,NA,NA,NA,NA,NA,NA,NA
"2291","569229",8,"resources/real_fg_memory_images/fg11.jpg","artificial",NA,NA,NA,NA,NA,NA,NA,NA
"2292","569229",9,"resources/real_fg_memory_images/orig20.jpg","real",NA,NA,NA,NA,NA,NA,NA,NA
"2293","569229",2,"resources/real_fg_memory_images/fg2.jpg","artificial",NA,NA,NA,NA,NA,NA,NA,NA
"2294","569229",8,"resources/real_fg_memory_images/orig23.jpg","real",NA,NA,NA,NA,NA,NA,NA,NA
"2295","569229",10,"resources/real_fg_memory_images/fg4.jpg","artificial",NA,NA,NA,NA,NA,NA,NA,NA
"2296","569229",7,"resources/real_fg_memory_images/fg18.jpg","artificial",NA,NA,NA,NA,NA,NA,NA,NA
"2297","569229",1,"resources/real_fg_memory_images/orig27.jpg","real",NA,NA,NA,NA,NA,NA,NA,NA
"2298","569229",2,"resources/real_fg_memory_images/orig29.jpg","real",NA,NA,NA,NA,NA,NA,NA,NA
"2299","569229",8,"resources/real_fg_memory_images/orig30.jpg","real",NA,NA,NA,NA,NA,NA,NA,NA
"2300","569229",5,"resources/real_fg_memory_images/fg1.jpg","artificial",NA,NA,NA,NA,NA,NA,NA,NA
"2301","569229",1,"resources/real_fg_memory_images/fg8.jpg","artificial",NA,NA,NA,NA,NA,NA,NA,NA
"2302","569229",10,"resources/real_fg_memory_images/orig24.jpg","real",NA,NA,NA,NA,NA,NA,NA,NA
"2303","569229",3,"resources/real_fg_memory_images/fg15.jpg","artificial",NA,NA,NA,NA,NA,NA,NA,NA
"2304","569229",6,"resources/real_fg_memory_images/orig21.jpg","real",NA,NA,NA,NA,NA,NA,NA,NA
"2305","569229",0,"resources/real_fg_memory_images/orig31.jpg","real",NA,NA,NA,NA,NA,NA,NA,NA
"2306","569229",4,"resources/real_fg_memory_images/fg9.jpg","artificial",NA,NA,NA,NA,NA,NA,NA,NA
"2307","569229",1,"resources/real_fg_memory_images/fg3.jpg","artificial",NA,NA,NA,NA,NA,NA,NA,NA
"2308","569229",7,"resources/real_fg_memory_images/fg13.jpg","artificial",NA,NA,NA,NA,NA,NA,NA,NA
"2309","569229",8,"resources/real_fg_memory_images/fg17.jpg","artificial",NA,NA,NA,NA,NA,NA,NA,NA
"2310","569229",7,"resources/real_fg_memory_images/orig35.jpg","real",NA,NA,NA,NA,NA,NA,NA,NA
"2311","569229",3,"resources/real_fg_memory_images/orig22.jpg","real",NA,NA,NA,NA,NA,NA,NA,NA
"2312","569229",3,"resources/real_fg_memory_images/orig33.jpg","real",NA,NA,NA,NA,NA,NA,NA,NA
"2313","569229",5,"resources/real_fg_memory_images/orig26.jpg","real",NA,NA,NA,NA,NA,NA,NA,NA
"2314","569229",8,"resources/real_fg_memory_images/orig34.jpg","real",NA,NA,NA,NA,NA,NA,NA,NA
"2315","569229",9,"resources/real_fg_memory_images/orig25.jpg","real",NA,NA,NA,NA,NA,NA,NA,NA
"2316","569229",4,"resources/real_fg_memory_images/fg5.jpg","artificial",NA,NA,NA,NA,NA,NA,NA,NA
"2317","569229",2,"resources/real_fg_memory_images/fg12.jpg","artificial",NA,NA,NA,NA,NA,NA,NA,NA
"2318","569229",NA,NA,NA,NA,NA,NA,NA,NA,NA,NA,NA
"2319","569229",NA,NA,NA,NA,NA,NA,NA,5,"Persons over the age of 65 are often targeted by con-artists",NA,NA
"2320","569229",NA,NA,NA,NA,NA,NA,NA,5,"If something sounds too good to be true, it usually is",NA,NA
"2321","569229",NA,NA,NA,NA,NA,NA,NA,4,"If a telemarketer calls me, I usually listen to what they have to say",NA,NA
"2322","569229",NA,NA,NA,NA,NA,NA,NA,3,"I have difficulty ending a phone call, even if the caller is a telemarketer, someone I do not know, or someone I do not wish to call me",NA,NA
"2323","569229",NA,NA,NA,NA,NA,NA,NA,5,"I answer the phone whenever it rings, even if I do not know who is calling",NA,NA
"2324","569229",NA,NA,NA,NA,NA,NA,NA,NA,NA,NA,NA
"2325","569229",NA,NA,NA,NA,NA,NA,NA,NA,NA,"[""male_option""]",NA
"2326","569229",NA,NA,NA,NA,NA,NA,NA,NA,NA,NA,67
"2327","569229",NA,NA,NA,NA,NA,NA,NA,NA,NA,NA,NA
"2328","569229",NA,NA,NA,NA,NA,NA,NA,NA,NA,NA,NA
"2329","569229",NA,NA,NA,NA,NA,NA,NA,NA,NA,NA,NA
"2330","569229",NA,NA,NA,NA,NA,NA,NA,NA,NA,NA,NA
"2331","569229",NA,NA,NA,NA,NA,NA,NA,NA,NA,NA,NA
"2332","569229",NA,NA,NA,NA,NA,NA,NA,NA,NA,NA,NA
"2333","569229",NA,NA,NA,NA,NA,NA,NA,NA,NA,NA,NA
"2334","569229",NA,NA,NA,NA,NA,NA,NA,NA,NA,NA,NA
"2335","569229",NA,NA,NA,NA,NA,NA,NA,NA,NA,NA,NA
"2336","569229",NA,NA,NA,NA,NA,NA,NA,NA,NA,NA,NA
"2337","624497",NA,NA,NA,NA,NA,NA,NA,NA,NA,NA,NA
"2338","624497",NA,NA,NA,NA,NA,NA,NA,NA,NA,NA,NA
"2339","624497",NA,NA,NA,NA,NA,NA,NA,NA,NA,NA,NA
"2340","624497",NA,NA,NA,NA,NA,NA,NA,NA,NA,NA,NA
"2341","624497",3,"resources/real_fg_memory_images/fg10.jpg","artificial",NA,NA,NA,NA,NA,NA,NA,NA
"2342","624497",5,"resources/real_fg_memory_images/fg11.jpg","artificial",NA,NA,NA,NA,NA,NA,NA,NA
"2343","624497",5,"resources/real_fg_memory_images/orig19.jpg","real",NA,NA,NA,NA,NA,NA,NA,NA
"2344","624497",4,"resources/real_fg_memory_images/fg9.jpg","artificial",NA,NA,NA,NA,NA,NA,NA,NA
"2345","624497",6,"resources/real_fg_memory_images/orig32.jpg","real",NA,NA,NA,NA,NA,NA,NA,NA
"2346","624497",6,"resources/real_fg_memory_images/fg3.jpg","artificial",NA,NA,NA,NA,NA,NA,NA,NA
"2347","624497",4,"resources/real_fg_memory_images/fg12.jpg","artificial",NA,NA,NA,NA,NA,NA,NA,NA
"2348","624497",7,"resources/real_fg_memory_images/orig26.jpg","real",NA,NA,NA,NA,NA,NA,NA,NA
"2349","624497",5,"resources/real_fg_memory_images/fg5.jpg","artificial",NA,NA,NA,NA,NA,NA,NA,NA
"2350","624497",6,"resources/real_fg_memory_images/fg15.jpg","artificial",NA,NA,NA,NA,NA,NA,NA,NA
"2351","624497",3,"resources/real_fg_memory_images/orig30.jpg","real",NA,NA,NA,NA,NA,NA,NA,NA
"2352","624497",3,"resources/real_fg_memory_images/fg1.jpg","artificial",NA,NA,NA,NA,NA,NA,NA,NA
"2353","624497",2,"resources/real_fg_memory_images/orig35.jpg","real",NA,NA,NA,NA,NA,NA,NA,NA
"2354","624497",5,"resources/real_fg_memory_images/orig24.jpg","real",NA,NA,NA,NA,NA,NA,NA,NA
"2355","624497",6,"resources/real_fg_memory_images/fg18.jpg","artificial",NA,NA,NA,NA,NA,NA,NA,NA
"2356","624497",6,"resources/real_fg_memory_images/fg4.jpg","artificial",NA,NA,NA,NA,NA,NA,NA,NA
"2357","624497",8,"resources/real_fg_memory_images/fg6.jpg","artificial",NA,NA,NA,NA,NA,NA,NA,NA
"2358","624497",7,"resources/real_fg_memory_images/fg16.jpg","artificial",NA,NA,NA,NA,NA,NA,NA,NA
"2359","624497",4,"resources/real_fg_memory_images/orig28.jpg","real",NA,NA,NA,NA,NA,NA,NA,NA
"2360","624497",2,"resources/real_fg_memory_images/fg8.jpg","artificial",NA,NA,NA,NA,NA,NA,NA,NA
"2361","624497",6,"resources/real_fg_memory_images/orig23.jpg","real",NA,NA,NA,NA,NA,NA,NA,NA
"2362","624497",4,"resources/real_fg_memory_images/orig20.jpg","real",NA,NA,NA,NA,NA,NA,NA,NA
"2363","624497",7,"resources/real_fg_memory_images/fg14.jpg","artificial",NA,NA,NA,NA,NA,NA,NA,NA
"2364","624497",5,"resources/real_fg_memory_images/fg17.jpg","artificial",NA,NA,NA,NA,NA,NA,NA,NA
"2365","624497",4,"resources/real_fg_memory_images/fg13.jpg","artificial",NA,NA,NA,NA,NA,NA,NA,NA
"2366","624497",4,"resources/real_fg_memory_images/orig34.jpg","real",NA,NA,NA,NA,NA,NA,NA,NA
"2367","624497",5,"resources/real_fg_memory_images/orig25.jpg","real",NA,NA,NA,NA,NA,NA,NA,NA
"2368","624497",4,"resources/real_fg_memory_images/fg2.jpg","artificial",NA,NA,NA,NA,NA,NA,NA,NA
"2369","624497",3,"resources/real_fg_memory_images/orig27.jpg","real",NA,NA,NA,NA,NA,NA,NA,NA
"2370","624497",5,"resources/real_fg_memory_images/orig21.jpg","real",NA,NA,NA,NA,NA,NA,NA,NA
"2371","624497",3,"resources/real_fg_memory_images/orig31.jpg","real",NA,NA,NA,NA,NA,NA,NA,NA
"2372","624497",6,"resources/real_fg_memory_images/orig33.jpg","real",NA,NA,NA,NA,NA,NA,NA,NA
"2373","624497",5,"resources/real_fg_memory_images/fg7.jpg","artificial",NA,NA,NA,NA,NA,NA,NA,NA
"2374","624497",4,"resources/real_fg_memory_images/orig36.jpg","real",NA,NA,NA,NA,NA,NA,NA,NA
"2375","624497",3,"resources/real_fg_memory_images/orig29.jpg","real",NA,NA,NA,NA,NA,NA,NA,NA
"2376","624497",6,"resources/real_fg_memory_images/orig22.jpg","real",NA,NA,NA,NA,NA,NA,NA,NA
"2377","624497",NA,NA,NA,NA,NA,NA,NA,NA,NA,NA,NA
"2378","624497",NA,"resources/real_fg_memory_images/fg9.jpg",NA,"artificial","Scam",NA,NA,NA,NA,NA,NA
"2379","624497",NA,"resources/real_fg_memory_images/fg1.jpg",NA,"artificial","Neutral",NA,NA,NA,NA,NA,NA
"2380","624497",NA,"resources/real_fg_memory_images/orig25.jpg",NA,"real","Scam",NA,NA,NA,NA,NA,NA
"2381","624497",NA,"resources/real_fg_memory_images/orig26.jpg",NA,"real","Scam",NA,NA,NA,NA,NA,NA
"2382","624497",NA,"resources/real_fg_memory_images/fg12.jpg",NA,"artificial","Scam",NA,NA,NA,NA,NA,NA
"2383","624497",NA,"resources/real_fg_memory_images/fg5.jpg",NA,"artificial","Neutral",NA,NA,NA,NA,NA,NA
"2384","624497",NA,"resources/real_fg_memory_images/fg8.jpg",NA,"artificial","Scam",NA,NA,NA,NA,NA,NA
"2385","624497",NA,"resources/real_fg_memory_images/orig20.jpg",NA,"real","Neutral",NA,NA,NA,NA,NA,NA
"2386","624497",NA,"resources/real_fg_memory_images/orig24.jpg",NA,"real","Neutral",NA,NA,NA,NA,NA,NA
"2387","624497",NA,"resources/real_fg_memory_images/orig23.jpg",NA,"real","Neutral",NA,NA,NA,NA,NA,NA
"2388","624497",NA,"resources/real_fg_memory_images/fg3.jpg",NA,"artificial","Neutral",NA,NA,NA,NA,NA,NA
"2389","624497",NA,"resources/real_fg_memory_images/fg6.jpg",NA,"artificial","Neutral",NA,NA,NA,NA,NA,NA
"2390","624497",NA,"resources/real_fg_memory_images/orig28.jpg",NA,"real","Scam",NA,NA,NA,NA,NA,NA
"2391","624497",NA,"resources/real_fg_memory_images/orig21.jpg",NA,"real","Neutral",NA,NA,NA,NA,NA,NA
"2392","624497",NA,"resources/real_fg_memory_images/fg10.jpg",NA,"artificial","Scam",NA,NA,NA,NA,NA,NA
"2393","624497",NA,"resources/real_fg_memory_images/fg11.jpg",NA,"artificial","Scam",NA,NA,NA,NA,NA,NA
"2394","624497",NA,"resources/real_fg_memory_images/orig30.jpg",NA,"real","Scam",NA,NA,NA,NA,NA,NA
"2395","624497",NA,"resources/real_fg_memory_images/orig29.jpg",NA,"real","Scam",NA,NA,NA,NA,NA,NA
"2396","624497",NA,"resources/real_fg_memory_images/orig27.jpg",NA,"real","Scam",NA,NA,NA,NA,NA,NA
"2397","624497",NA,"resources/real_fg_memory_images/fg2.jpg",NA,"artificial","Neutral",NA,NA,NA,NA,NA,NA
"2398","624497",NA,"resources/real_fg_memory_images/fg4.jpg",NA,"artificial","Neutral",NA,NA,NA,NA,NA,NA
"2399","624497",NA,"resources/real_fg_memory_images/fg7.jpg",NA,"artificial","Scam",NA,NA,NA,NA,NA,NA
"2400","624497",NA,"resources/real_fg_memory_images/orig19.jpg",NA,"real","Neutral",NA,NA,NA,NA,NA,NA
"2401","624497",NA,"resources/real_fg_memory_images/orig22.jpg",NA,"real","Neutral",NA,NA,NA,NA,NA,NA
"2402","624497",NA,NA,NA,NA,NA,NA,NA,NA,NA,NA,NA
"2403","624497",NA,"resources/real_fg_memory_images/fg12.jpg",NA,"artificial","Scam","[""neutral_button""]","5",NA,NA,NA,NA
"2404","624497",NA,"resources/real_fg_memory_images/fg3.jpg",NA,"artificial","Neutral","[""scam_button""]","4",NA,NA,NA,NA
"2405","624497",NA,"resources/real_fg_memory_images/orig29.jpg",NA,"real","Scam","[""scam_button""]","8",NA,NA,NA,NA
"2406","624497",NA,"resources/real_fg_memory_images/orig22.jpg",NA,"real","Neutral","[""neutral_button""]","10",NA,NA,NA,NA
"2407","624497",NA,"resources/real_fg_memory_images/fg8.jpg",NA,"artificial","Scam","[""scam_button""]","10",NA,NA,NA,NA
"2408","624497",NA,"resources/real_fg_memory_images/orig21.jpg",NA,"real","Neutral","[""scam_button""]","5",NA,NA,NA,NA
"2409","624497",NA,"resources/real_fg_memory_images/fg1.jpg",NA,"artificial","Neutral","[""neutral_button""]","10",NA,NA,NA,NA
"2410","624497",NA,"resources/real_fg_memory_images/fg2.jpg",NA,"artificial","Neutral","[""scam_button""]","4",NA,NA,NA,NA
"2411","624497",NA,"resources/real_fg_memory_images/orig25.jpg",NA,"real","Scam","[""neutral_button""]","4",NA,NA,NA,NA
"2412","624497",NA,"resources/real_fg_memory_images/orig20.jpg",NA,"real","Neutral","[""scam_button""]","5",NA,NA,NA,NA
"2413","624497",NA,"resources/real_fg_memory_images/orig28.jpg",NA,"real","Scam","[""scam_button""]","5",NA,NA,NA,NA
"2414","624497",NA,"resources/real_fg_memory_images/fg4.jpg",NA,"artificial","Neutral","[""neutral_button""]","6",NA,NA,NA,NA
"2415","624497",NA,"resources/real_fg_memory_images/fg6.jpg",NA,"artificial","Neutral","[""scam_button""]","5",NA,NA,NA,NA
"2416","624497",NA,"resources/real_fg_memory_images/orig27.jpg",NA,"real","Scam","[""scam_button""]","10",NA,NA,NA,NA
"2417","624497",NA,"resources/real_fg_memory_images/orig30.jpg",NA,"real","Scam","[""scam_button""]","7",NA,NA,NA,NA
"2418","624497",NA,"resources/real_fg_memory_images/orig24.jpg",NA,"real","Neutral","[""neutral_button""]","5",NA,NA,NA,NA
"2419","624497",NA,"resources/real_fg_memory_images/fg9.jpg",NA,"artificial","Scam","[""scam_button""]","6",NA,NA,NA,NA
"2420","624497",NA,"resources/real_fg_memory_images/fg11.jpg",NA,"artificial","Scam","[""scam_button""]","6",NA,NA,NA,NA
"2421","624497",NA,"resources/real_fg_memory_images/orig19.jpg",NA,"real","Neutral","[""scam_button""]","6",NA,NA,NA,NA
"2422","624497",NA,"resources/real_fg_memory_images/fg5.jpg",NA,"artificial","Neutral","[""neutral_button""]","6",NA,NA,NA,NA
"2423","624497",NA,"resources/real_fg_memory_images/orig26.jpg",NA,"real","Scam","[""scam_button""]","5",NA,NA,NA,NA
"2424","624497",NA,"resources/real_fg_memory_images/fg10.jpg",NA,"artificial","Scam","[""scam_button""]","6",NA,NA,NA,NA
"2425","624497",NA,"resources/real_fg_memory_images/orig23.jpg",NA,"real","Neutral","[""scam_button""]","6",NA,NA,NA,NA
"2426","624497",NA,"resources/real_fg_memory_images/fg7.jpg",NA,"artificial","Scam","[""neutral_button""]","6",NA,NA,NA,NA
"2427","624497",NA,NA,NA,NA,NA,NA,NA,NA,NA,NA,NA
"2428","624497",3,"resources/real_fg_memory_images/orig27.jpg","real",NA,NA,NA,NA,NA,NA,NA,NA
"2429","624497",6,"resources/real_fg_memory_images/orig20.jpg","real",NA,NA,NA,NA,NA,NA,NA,NA
"2430","624497",5,"resources/real_fg_memory_images/orig33.jpg","real",NA,NA,NA,NA,NA,NA,NA,NA
"2431","624497",6,"resources/real_fg_memory_images/orig26.jpg","real",NA,NA,NA,NA,NA,NA,NA,NA
"2432","624497",4,"resources/real_fg_memory_images/orig23.jpg","real",NA,NA,NA,NA,NA,NA,NA,NA
"2433","624497",5,"resources/real_fg_memory_images/orig36.jpg","real",NA,NA,NA,NA,NA,NA,NA,NA
"2434","624497",7,"resources/real_fg_memory_images/fg7.jpg","artificial",NA,NA,NA,NA,NA,NA,NA,NA
"2435","624497",7,"resources/real_fg_memory_images/fg5.jpg","artificial",NA,NA,NA,NA,NA,NA,NA,NA
"2436","624497",3,"resources/real_fg_memory_images/orig21.jpg","real",NA,NA,NA,NA,NA,NA,NA,NA
"2437","624497",5,"resources/real_fg_memory_images/orig32.jpg","real",NA,NA,NA,NA,NA,NA,NA,NA
"2438","624497",6,"resources/real_fg_memory_images/fg17.jpg","artificial",NA,NA,NA,NA,NA,NA,NA,NA
"2439","624497",2,"resources/real_fg_memory_images/orig31.jpg","real",NA,NA,NA,NA,NA,NA,NA,NA
"2440","624497",7,"resources/real_fg_memory_images/fg13.jpg","artificial",NA,NA,NA,NA,NA,NA,NA,NA
"2441","624497",6,"resources/real_fg_memory_images/orig19.jpg","real",NA,NA,NA,NA,NA,NA,NA,NA
"2442","624497",6,"resources/real_fg_memory_images/orig34.jpg","real",NA,NA,NA,NA,NA,NA,NA,NA
"2443","624497",7,"resources/real_fg_memory_images/fg4.jpg","artificial",NA,NA,NA,NA,NA,NA,NA,NA
"2444","624497",4,"resources/real_fg_memory_images/fg9.jpg","artificial",NA,NA,NA,NA,NA,NA,NA,NA
"2445","624497",4,"resources/real_fg_memory_images/fg1.jpg","artificial",NA,NA,NA,NA,NA,NA,NA,NA
"2446","624497",7,"resources/real_fg_memory_images/orig28.jpg","real",NA,NA,NA,NA,NA,NA,NA,NA
"2447","624497",7,"resources/real_fg_memory_images/fg3.jpg","artificial",NA,NA,NA,NA,NA,NA,NA,NA
"2448","624497",3,"resources/real_fg_memory_images/orig35.jpg","real",NA,NA,NA,NA,NA,NA,NA,NA
"2449","624497",7,"resources/real_fg_memory_images/fg14.jpg","artificial",NA,NA,NA,NA,NA,NA,NA,NA
"2450","624497",7,"resources/real_fg_memory_images/fg11.jpg","artificial",NA,NA,NA,NA,NA,NA,NA,NA
"2451","624497",4,"resources/real_fg_memory_images/orig24.jpg","real",NA,NA,NA,NA,NA,NA,NA,NA
"2452","624497",7,"resources/real_fg_memory_images/orig22.jpg","real",NA,NA,NA,NA,NA,NA,NA,NA
"2453","624497",4,"resources/real_fg_memory_images/fg15.jpg","artificial",NA,NA,NA,NA,NA,NA,NA,NA
"2454","624497",3,"resources/real_fg_memory_images/orig25.jpg","real",NA,NA,NA,NA,NA,NA,NA,NA
"2455","624497",8,"resources/real_fg_memory_images/fg16.jpg","artificial",NA,NA,NA,NA,NA,NA,NA,NA
"2456","624497",4,"resources/real_fg_memory_images/fg12.jpg","artificial",NA,NA,NA,NA,NA,NA,NA,NA
"2457","624497",3,"resources/real_fg_memory_images/orig29.jpg","real",NA,NA,NA,NA,NA,NA,NA,NA
"2458","624497",7,"resources/real_fg_memory_images/fg6.jpg","artificial",NA,NA,NA,NA,NA,NA,NA,NA
"2459","624497",3,"resources/real_fg_memory_images/orig30.jpg","real",NA,NA,NA,NA,NA,NA,NA,NA
"2460","624497",5,"resources/real_fg_memory_images/fg10.jpg","artificial",NA,NA,NA,NA,NA,NA,NA,NA
"2461","624497",3,"resources/real_fg_memory_images/fg8.jpg","artificial",NA,NA,NA,NA,NA,NA,NA,NA
"2462","624497",6,"resources/real_fg_memory_images/fg2.jpg","artificial",NA,NA,NA,NA,NA,NA,NA,NA
"2463","624497",7,"resources/real_fg_memory_images/fg18.jpg","artificial",NA,NA,NA,NA,NA,NA,NA,NA
"2464","624497",NA,NA,NA,NA,NA,NA,NA,NA,NA,NA,NA
"2465","624497",NA,NA,NA,NA,NA,NA,NA,4,"If something sounds too good to be true, it usually is",NA,NA
"2466","624497",NA,NA,NA,NA,NA,NA,NA,1,"I answer the phone whenever it rings, even if I do not know who is calling",NA,NA
"2467","624497",NA,NA,NA,NA,NA,NA,NA,1,"If a telemarketer calls me, I usually listen to what they have to say",NA,NA
"2468","624497",NA,NA,NA,NA,NA,NA,NA,2,"I have difficulty ending a phone call, even if the caller is a telemarketer, someone I do not know, or someone I do not wish to call me",NA,NA
"2469","624497",NA,NA,NA,NA,NA,NA,NA,5,"Persons over the age of 65 are often targeted by con-artists",NA,NA
"2470","624497",NA,NA,NA,NA,NA,NA,NA,NA,NA,NA,NA
"2471","624497",NA,NA,NA,NA,NA,NA,NA,NA,NA,"[""female_option""]",NA
"2472","624497",NA,NA,NA,NA,NA,NA,NA,NA,NA,NA,67
"2473","624497",NA,NA,NA,NA,NA,NA,NA,NA,NA,NA,NA
"2474","624497",NA,NA,NA,NA,NA,NA,NA,NA,NA,NA,NA
"2475","624497",NA,NA,NA,NA,NA,NA,NA,NA,NA,NA,NA
"2476","624497",NA,NA,NA,NA,NA,NA,NA,NA,NA,NA,NA
"2477","624497",NA,NA,NA,NA,NA,NA,NA,NA,NA,NA,NA
"2478","624497",NA,NA,NA,NA,NA,NA,NA,NA,NA,NA,NA
"2479","624497",NA,NA,NA,NA,NA,NA,NA,NA,NA,NA,NA
"2480","624497",NA,NA,NA,NA,NA,NA,NA,NA,NA,NA,NA
"2481","624497",NA,NA,NA,NA,NA,NA,NA,NA,NA,NA,NA
"2482","624497",NA,NA,NA,NA,NA,NA,NA,NA,NA,NA,NA
"2483","708309",NA,NA,NA,NA,NA,NA,NA,NA,NA,NA,NA
"2484","708309",NA,NA,NA,NA,NA,NA,NA,NA,NA,NA,NA
"2485","708309",NA,NA,NA,NA,NA,NA,NA,NA,NA,NA,NA
"2486","708309",NA,NA,NA,NA,NA,NA,NA,NA,NA,NA,NA
"2487","708309",7,"resources/real_fg_memory_images/fg11.jpg","artificial",NA,NA,NA,NA,NA,NA,NA,NA
"2488","708309",8,"resources/real_fg_memory_images/orig36.jpg","real",NA,NA,NA,NA,NA,NA,NA,NA
"2489","708309",7,"resources/real_fg_memory_images/orig31.jpg","real",NA,NA,NA,NA,NA,NA,NA,NA
"2490","708309",7,"resources/real_fg_memory_images/fg12.jpg","artificial",NA,NA,NA,NA,NA,NA,NA,NA
"2491","708309",9,"resources/real_fg_memory_images/fg1.jpg","artificial",NA,NA,NA,NA,NA,NA,NA,NA
"2492","708309",6,"resources/real_fg_memory_images/fg13.jpg","artificial",NA,NA,NA,NA,NA,NA,NA,NA
"2493","708309",8,"resources/real_fg_memory_images/fg4.jpg","artificial",NA,NA,NA,NA,NA,NA,NA,NA
"2494","708309",7,"resources/real_fg_memory_images/orig20.jpg","real",NA,NA,NA,NA,NA,NA,NA,NA
"2495","708309",7,"resources/real_fg_memory_images/fg7.jpg","artificial",NA,NA,NA,NA,NA,NA,NA,NA
"2496","708309",6,"resources/real_fg_memory_images/orig19.jpg","real",NA,NA,NA,NA,NA,NA,NA,NA
"2497","708309",7,"resources/real_fg_memory_images/fg10.jpg","artificial",NA,NA,NA,NA,NA,NA,NA,NA
"2498","708309",9,"resources/real_fg_memory_images/orig29.jpg","real",NA,NA,NA,NA,NA,NA,NA,NA
"2499","708309",7,"resources/real_fg_memory_images/fg17.jpg","artificial",NA,NA,NA,NA,NA,NA,NA,NA
"2500","708309",7,"resources/real_fg_memory_images/fg2.jpg","artificial",NA,NA,NA,NA,NA,NA,NA,NA
"2501","708309",5,"resources/real_fg_memory_images/fg9.jpg","artificial",NA,NA,NA,NA,NA,NA,NA,NA
"2502","708309",7,"resources/real_fg_memory_images/fg15.jpg","artificial",NA,NA,NA,NA,NA,NA,NA,NA
"2503","708309",7,"resources/real_fg_memory_images/orig34.jpg","real",NA,NA,NA,NA,NA,NA,NA,NA
"2504","708309",5,"resources/real_fg_memory_images/orig32.jpg","real",NA,NA,NA,NA,NA,NA,NA,NA
"2505","708309",5,"resources/real_fg_memory_images/fg5.jpg","artificial",NA,NA,NA,NA,NA,NA,NA,NA
"2506","708309",5,"resources/real_fg_memory_images/orig35.jpg","real",NA,NA,NA,NA,NA,NA,NA,NA
"2507","708309",8,"resources/real_fg_memory_images/fg16.jpg","artificial",NA,NA,NA,NA,NA,NA,NA,NA
"2508","708309",7,"resources/real_fg_memory_images/fg18.jpg","artificial",NA,NA,NA,NA,NA,NA,NA,NA
"2509","708309",6,"resources/real_fg_memory_images/orig30.jpg","real",NA,NA,NA,NA,NA,NA,NA,NA
"2510","708309",5,"resources/real_fg_memory_images/fg3.jpg","artificial",NA,NA,NA,NA,NA,NA,NA,NA
"2511","708309",6,"resources/real_fg_memory_images/orig28.jpg","real",NA,NA,NA,NA,NA,NA,NA,NA
"2512","708309",9,"resources/real_fg_memory_images/orig22.jpg","real",NA,NA,NA,NA,NA,NA,NA,NA
"2513","708309",9,"resources/real_fg_memory_images/orig33.jpg","real",NA,NA,NA,NA,NA,NA,NA,NA
"2514","708309",8,"resources/real_fg_memory_images/orig23.jpg","real",NA,NA,NA,NA,NA,NA,NA,NA
"2515","708309",8,"resources/real_fg_memory_images/fg14.jpg","artificial",NA,NA,NA,NA,NA,NA,NA,NA
"2516","708309",2,"resources/real_fg_memory_images/fg8.jpg","artificial",NA,NA,NA,NA,NA,NA,NA,NA
"2517","708309",8,"resources/real_fg_memory_images/orig21.jpg","real",NA,NA,NA,NA,NA,NA,NA,NA
"2518","708309",8,"resources/real_fg_memory_images/orig26.jpg","real",NA,NA,NA,NA,NA,NA,NA,NA
"2519","708309",7,"resources/real_fg_memory_images/orig25.jpg","real",NA,NA,NA,NA,NA,NA,NA,NA
"2520","708309",6,"resources/real_fg_memory_images/orig27.jpg","real",NA,NA,NA,NA,NA,NA,NA,NA
"2521","708309",9,"resources/real_fg_memory_images/fg6.jpg","artificial",NA,NA,NA,NA,NA,NA,NA,NA
"2522","708309",7,"resources/real_fg_memory_images/orig24.jpg","real",NA,NA,NA,NA,NA,NA,NA,NA
"2523","708309",NA,NA,NA,NA,NA,NA,NA,NA,NA,NA,NA
"2524","708309",NA,"resources/real_fg_memory_images/orig24.jpg",NA,"real","Neutral",NA,NA,NA,NA,NA,NA
"2525","708309",NA,"resources/real_fg_memory_images/fg1.jpg",NA,"artificial","Neutral",NA,NA,NA,NA,NA,NA
"2526","708309",NA,"resources/real_fg_memory_images/fg3.jpg",NA,"artificial","Neutral",NA,NA,NA,NA,NA,NA
"2527","708309",NA,"resources/real_fg_memory_images/orig19.jpg",NA,"real","Neutral",NA,NA,NA,NA,NA,NA
"2528","708309",NA,"resources/real_fg_memory_images/orig29.jpg",NA,"real","Scam",NA,NA,NA,NA,NA,NA
"2529","708309",NA,"resources/real_fg_memory_images/fg8.jpg",NA,"artificial","Scam",NA,NA,NA,NA,NA,NA
"2530","708309",NA,"resources/real_fg_memory_images/fg9.jpg",NA,"artificial","Scam",NA,NA,NA,NA,NA,NA
"2531","708309",NA,"resources/real_fg_memory_images/orig22.jpg",NA,"real","Neutral",NA,NA,NA,NA,NA,NA
"2532","708309",NA,"resources/real_fg_memory_images/fg12.jpg",NA,"artificial","Scam",NA,NA,NA,NA,NA,NA
"2533","708309",NA,"resources/real_fg_memory_images/fg2.jpg",NA,"artificial","Neutral",NA,NA,NA,NA,NA,NA
"2534","708309",NA,"resources/real_fg_memory_images/orig25.jpg",NA,"real","Scam",NA,NA,NA,NA,NA,NA
"2535","708309",NA,"resources/real_fg_memory_images/orig27.jpg",NA,"real","Scam",NA,NA,NA,NA,NA,NA
"2536","708309",NA,"resources/real_fg_memory_images/orig28.jpg",NA,"real","Scam",NA,NA,NA,NA,NA,NA
"2537","708309",NA,"resources/real_fg_memory_images/orig23.jpg",NA,"real","Neutral",NA,NA,NA,NA,NA,NA
"2538","708309",NA,"resources/real_fg_memory_images/fg11.jpg",NA,"artificial","Scam",NA,NA,NA,NA,NA,NA
"2539","708309",NA,"resources/real_fg_memory_images/fg10.jpg",NA,"artificial","Scam",NA,NA,NA,NA,NA,NA
"2540","708309",NA,"resources/real_fg_memory_images/orig30.jpg",NA,"real","Scam",NA,NA,NA,NA,NA,NA
"2541","708309",NA,"resources/real_fg_memory_images/fg5.jpg",NA,"artificial","Neutral",NA,NA,NA,NA,NA,NA
"2542","708309",NA,"resources/real_fg_memory_images/orig26.jpg",NA,"real","Scam",NA,NA,NA,NA,NA,NA
"2543","708309",NA,"resources/real_fg_memory_images/orig21.jpg",NA,"real","Neutral",NA,NA,NA,NA,NA,NA
"2544","708309",NA,"resources/real_fg_memory_images/fg4.jpg",NA,"artificial","Neutral",NA,NA,NA,NA,NA,NA
"2545","708309",NA,"resources/real_fg_memory_images/orig20.jpg",NA,"real","Neutral",NA,NA,NA,NA,NA,NA
"2546","708309",NA,"resources/real_fg_memory_images/fg7.jpg",NA,"artificial","Scam",NA,NA,NA,NA,NA,NA
"2547","708309",NA,"resources/real_fg_memory_images/fg6.jpg",NA,"artificial","Neutral",NA,NA,NA,NA,NA,NA
"2548","708309",NA,NA,NA,NA,NA,NA,NA,NA,NA,NA,NA
"2549","708309",NA,"resources/real_fg_memory_images/fg2.jpg",NA,"artificial","Neutral","[""scam_button""]","6",NA,NA,NA,NA
"2550","708309",NA,"resources/real_fg_memory_images/orig27.jpg",NA,"real","Scam","[""scam_button""]","9",NA,NA,NA,NA
"2551","708309",NA,"resources/real_fg_memory_images/orig25.jpg",NA,"real","Scam","[""scam_button""]","8",NA,NA,NA,NA
"2552","708309",NA,"resources/real_fg_memory_images/fg6.jpg",NA,"artificial","Neutral","[""scam_button""]","7",NA,NA,NA,NA
"2553","708309",NA,"resources/real_fg_memory_images/fg10.jpg",NA,"artificial","Scam","[""scam_button""]","7",NA,NA,NA,NA
"2554","708309",NA,"resources/real_fg_memory_images/orig26.jpg",NA,"real","Scam","[""scam_button""]","8",NA,NA,NA,NA
"2555","708309",NA,"resources/real_fg_memory_images/fg3.jpg",NA,"artificial","Neutral","[""scam_button""]","8",NA,NA,NA,NA
"2556","708309",NA,"resources/real_fg_memory_images/orig22.jpg",NA,"real","Neutral","[""scam_button""]","7",NA,NA,NA,NA
"2557","708309",NA,"resources/real_fg_memory_images/fg1.jpg",NA,"artificial","Neutral","[""scam_button""]","7",NA,NA,NA,NA
"2558","708309",NA,"resources/real_fg_memory_images/orig28.jpg",NA,"real","Scam","[""scam_button""]","8",NA,NA,NA,NA
"2559","708309",NA,"resources/real_fg_memory_images/fg9.jpg",NA,"artificial","Scam","[""scam_button""]","7",NA,NA,NA,NA
"2560","708309",NA,"resources/real_fg_memory_images/orig20.jpg",NA,"real","Neutral","[""neutral_button""]","6",NA,NA,NA,NA
"2561","708309",NA,"resources/real_fg_memory_images/fg5.jpg",NA,"artificial","Neutral","[""scam_button""]","6",NA,NA,NA,NA
"2562","708309",NA,"resources/real_fg_memory_images/orig30.jpg",NA,"real","Scam","[""scam_button""]","5",NA,NA,NA,NA
"2563","708309",NA,"resources/real_fg_memory_images/fg8.jpg",NA,"artificial","Scam","[""scam_button""]","7",NA,NA,NA,NA
"2564","708309",NA,"resources/real_fg_memory_images/orig24.jpg",NA,"real","Neutral","[""scam_button""]","4",NA,NA,NA,NA
"2565","708309",NA,"resources/real_fg_memory_images/orig23.jpg",NA,"real","Neutral","[""scam_button""]","4",NA,NA,NA,NA
"2566","708309",NA,"resources/real_fg_memory_images/fg12.jpg",NA,"artificial","Scam","[""scam_button""]","2",NA,NA,NA,NA
"2567","708309",NA,"resources/real_fg_memory_images/orig19.jpg",NA,"real","Neutral","[""scam_button""]","4",NA,NA,NA,NA
"2568","708309",NA,"resources/real_fg_memory_images/orig21.jpg",NA,"real","Neutral","[""scam_button""]","6",NA,NA,NA,NA
"2569","708309",NA,"resources/real_fg_memory_images/orig29.jpg",NA,"real","Scam","[""scam_button""]","5",NA,NA,NA,NA
"2570","708309",NA,"resources/real_fg_memory_images/fg4.jpg",NA,"artificial","Neutral","[""scam_button""]","4",NA,NA,NA,NA
"2571","708309",NA,"resources/real_fg_memory_images/fg11.jpg",NA,"artificial","Scam","[""scam_button""]","4",NA,NA,NA,NA
"2572","708309",NA,"resources/real_fg_memory_images/fg7.jpg",NA,"artificial","Scam","[""neutral_button""]","6",NA,NA,NA,NA
"2573","708309",NA,NA,NA,NA,NA,NA,NA,NA,NA,NA,NA
"2574","708309",8,"resources/real_fg_memory_images/orig32.jpg","real",NA,NA,NA,NA,NA,NA,NA,NA
"2575","708309",5,"resources/real_fg_memory_images/fg12.jpg","artificial",NA,NA,NA,NA,NA,NA,NA,NA
"2576","708309",5,"resources/real_fg_memory_images/fg6.jpg","artificial",NA,NA,NA,NA,NA,NA,NA,NA
"2577","708309",9,"resources/real_fg_memory_images/fg5.jpg","artificial",NA,NA,NA,NA,NA,NA,NA,NA
"2578","708309",7,"resources/real_fg_memory_images/orig21.jpg","real",NA,NA,NA,NA,NA,NA,NA,NA
"2579","708309",6,"resources/real_fg_memory_images/orig27.jpg","real",NA,NA,NA,NA,NA,NA,NA,NA
"2580","708309",7,"resources/real_fg_memory_images/fg1.jpg","artificial",NA,NA,NA,NA,NA,NA,NA,NA
"2581","708309",7,"resources/real_fg_memory_images/orig31.jpg","real",NA,NA,NA,NA,NA,NA,NA,NA
"2582","708309",4,"resources/real_fg_memory_images/orig36.jpg","real",NA,NA,NA,NA,NA,NA,NA,NA
"2583","708309",5,"resources/real_fg_memory_images/fg18.jpg","artificial",NA,NA,NA,NA,NA,NA,NA,NA
"2584","708309",9,"resources/real_fg_memory_images/orig26.jpg","real",NA,NA,NA,NA,NA,NA,NA,NA
"2585","708309",9,"resources/real_fg_memory_images/orig19.jpg","real",NA,NA,NA,NA,NA,NA,NA,NA
"2586","708309",8,"resources/real_fg_memory_images/fg15.jpg","artificial",NA,NA,NA,NA,NA,NA,NA,NA
"2587","708309",8,"resources/real_fg_memory_images/fg9.jpg","artificial",NA,NA,NA,NA,NA,NA,NA,NA
"2588","708309",9,"resources/real_fg_memory_images/fg7.jpg","artificial",NA,NA,NA,NA,NA,NA,NA,NA
"2589","708309",7,"resources/real_fg_memory_images/orig34.jpg","real",NA,NA,NA,NA,NA,NA,NA,NA
"2590","708309",5,"resources/real_fg_memory_images/orig28.jpg","real",NA,NA,NA,NA,NA,NA,NA,NA
"2591","708309",8,"resources/real_fg_memory_images/fg14.jpg","artificial",NA,NA,NA,NA,NA,NA,NA,NA
"2592","708309",8,"resources/real_fg_memory_images/orig22.jpg","real",NA,NA,NA,NA,NA,NA,NA,NA
"2593","708309",9,"resources/real_fg_memory_images/fg16.jpg","artificial",NA,NA,NA,NA,NA,NA,NA,NA
"2594","708309",7,"resources/real_fg_memory_images/fg11.jpg","artificial",NA,NA,NA,NA,NA,NA,NA,NA
"2595","708309",8,"resources/real_fg_memory_images/fg2.jpg","artificial",NA,NA,NA,NA,NA,NA,NA,NA
"2596","708309",5,"resources/real_fg_memory_images/orig33.jpg","real",NA,NA,NA,NA,NA,NA,NA,NA
"2597","708309",8,"resources/real_fg_memory_images/orig24.jpg","real",NA,NA,NA,NA,NA,NA,NA,NA
"2598","708309",6,"resources/real_fg_memory_images/orig35.jpg","real",NA,NA,NA,NA,NA,NA,NA,NA
"2599","708309",8,"resources/real_fg_memory_images/fg10.jpg","artificial",NA,NA,NA,NA,NA,NA,NA,NA
"2600","708309",7,"resources/real_fg_memory_images/fg4.jpg","artificial",NA,NA,NA,NA,NA,NA,NA,NA
"2601","708309",8,"resources/real_fg_memory_images/orig30.jpg","real",NA,NA,NA,NA,NA,NA,NA,NA
"2602","708309",8,"resources/real_fg_memory_images/fg17.jpg","artificial",NA,NA,NA,NA,NA,NA,NA,NA
"2603","708309",9,"resources/real_fg_memory_images/orig29.jpg","real",NA,NA,NA,NA,NA,NA,NA,NA
"2604","708309",9,"resources/real_fg_memory_images/fg13.jpg","artificial",NA,NA,NA,NA,NA,NA,NA,NA
"2605","708309",7,"resources/real_fg_memory_images/orig20.jpg","real",NA,NA,NA,NA,NA,NA,NA,NA
"2606","708309",5,"resources/real_fg_memory_images/fg8.jpg","artificial",NA,NA,NA,NA,NA,NA,NA,NA
"2607","708309",7,"resources/real_fg_memory_images/orig23.jpg","real",NA,NA,NA,NA,NA,NA,NA,NA
"2608","708309",4,"resources/real_fg_memory_images/orig25.jpg","real",NA,NA,NA,NA,NA,NA,NA,NA
"2609","708309",6,"resources/real_fg_memory_images/fg3.jpg","artificial",NA,NA,NA,NA,NA,NA,NA,NA
"2610","708309",NA,NA,NA,NA,NA,NA,NA,NA,NA,NA,NA
"2611","708309",NA,NA,NA,NA,NA,NA,NA,3,"If something sounds too good to be true, it usually is",NA,NA
"2612","708309",NA,NA,NA,NA,NA,NA,NA,1,"I answer the phone whenever it rings, even if I do not know who is calling",NA,NA
"2613","708309",NA,NA,NA,NA,NA,NA,NA,1,"I have difficulty ending a phone call, even if the caller is a telemarketer, someone I do not know, or someone I do not wish to call me",NA,NA
"2614","708309",NA,NA,NA,NA,NA,NA,NA,5,"If a telemarketer calls me, I usually listen to what they have to say",NA,NA
"2615","708309",NA,NA,NA,NA,NA,NA,NA,4,"Persons over the age of 65 are often targeted by con-artists",NA,NA
"2616","708309",NA,NA,NA,NA,NA,NA,NA,NA,NA,NA,NA
"2617","708309",NA,NA,NA,NA,NA,NA,NA,NA,NA,"[""male_option""]",NA
"2618","708309",NA,NA,NA,NA,NA,NA,NA,NA,NA,NA,65
"2619","708309",NA,NA,NA,NA,NA,NA,NA,NA,NA,NA,NA
"2620","708309",NA,NA,NA,NA,NA,NA,NA,NA,NA,NA,NA
"2621","708309",NA,NA,NA,NA,NA,NA,NA,NA,NA,NA,NA
"2622","708309",NA,NA,NA,NA,NA,NA,NA,NA,NA,NA,NA
"2623","708309",NA,NA,NA,NA,NA,NA,NA,NA,NA,NA,NA
"2624","708309",NA,NA,NA,NA,NA,NA,NA,NA,NA,NA,NA
"2625","708309",NA,NA,NA,NA,NA,NA,NA,NA,NA,NA,NA
"2626","708309",NA,NA,NA,NA,NA,NA,NA,NA,NA,NA,NA
"2627","708309",NA,NA,NA,NA,NA,NA,NA,NA,NA,NA,NA
"2628","708309",NA,NA,NA,NA,NA,NA,NA,NA,NA,NA,NA
"2629","708983",NA,NA,NA,NA,NA,NA,NA,NA,NA,NA,NA
"2630","708983",NA,NA,NA,NA,NA,NA,NA,NA,NA,NA,NA
"2631","708983",NA,NA,NA,NA,NA,NA,NA,NA,NA,NA,NA
"2632","708983",NA,NA,NA,NA,NA,NA,NA,NA,NA,NA,NA
"2633","708983",5,"resources/real_fg_memory_images/orig34.jpg","real",NA,NA,NA,NA,NA,NA,NA,NA
"2634","708983",3,"resources/real_fg_memory_images/fg15.jpg","artificial",NA,NA,NA,NA,NA,NA,NA,NA
"2635","708983",3,"resources/real_fg_memory_images/orig30.jpg","real",NA,NA,NA,NA,NA,NA,NA,NA
"2636","708983",1,"resources/real_fg_memory_images/orig24.jpg","real",NA,NA,NA,NA,NA,NA,NA,NA
"2637","708983",1,"resources/real_fg_memory_images/orig19.jpg","real",NA,NA,NA,NA,NA,NA,NA,NA
"2638","708983",1,"resources/real_fg_memory_images/fg10.jpg","artificial",NA,NA,NA,NA,NA,NA,NA,NA
"2639","708983",2,"resources/real_fg_memory_images/orig28.jpg","real",NA,NA,NA,NA,NA,NA,NA,NA
"2640","708983",2,"resources/real_fg_memory_images/orig36.jpg","real",NA,NA,NA,NA,NA,NA,NA,NA
"2641","708983",1,"resources/real_fg_memory_images/fg5.jpg","artificial",NA,NA,NA,NA,NA,NA,NA,NA
"2642","708983",1,"resources/real_fg_memory_images/orig27.jpg","real",NA,NA,NA,NA,NA,NA,NA,NA
"2643","708983",2,"resources/real_fg_memory_images/fg17.jpg","artificial",NA,NA,NA,NA,NA,NA,NA,NA
"2644","708983",2,"resources/real_fg_memory_images/fg13.jpg","artificial",NA,NA,NA,NA,NA,NA,NA,NA
"2645","708983",3,"resources/real_fg_memory_images/fg11.jpg","artificial",NA,NA,NA,NA,NA,NA,NA,NA
"2646","708983",1,"resources/real_fg_memory_images/orig29.jpg","real",NA,NA,NA,NA,NA,NA,NA,NA
"2647","708983",5,"resources/real_fg_memory_images/orig32.jpg","real",NA,NA,NA,NA,NA,NA,NA,NA
"2648","708983",3,"resources/real_fg_memory_images/fg12.jpg","artificial",NA,NA,NA,NA,NA,NA,NA,NA
"2649","708983",2,"resources/real_fg_memory_images/orig23.jpg","real",NA,NA,NA,NA,NA,NA,NA,NA
"2650","708983",3,"resources/real_fg_memory_images/fg14.jpg","artificial",NA,NA,NA,NA,NA,NA,NA,NA
"2651","708983",3,"resources/real_fg_memory_images/fg8.jpg","artificial",NA,NA,NA,NA,NA,NA,NA,NA
"2652","708983",6,"resources/real_fg_memory_images/orig26.jpg","real",NA,NA,NA,NA,NA,NA,NA,NA
"2653","708983",2,"resources/real_fg_memory_images/fg9.jpg","artificial",NA,NA,NA,NA,NA,NA,NA,NA
"2654","708983",5,"resources/real_fg_memory_images/orig25.jpg","real",NA,NA,NA,NA,NA,NA,NA,NA
"2655","708983",7,"resources/real_fg_memory_images/fg4.jpg","artificial",NA,NA,NA,NA,NA,NA,NA,NA
"2656","708983",4,"resources/real_fg_memory_images/orig35.jpg","real",NA,NA,NA,NA,NA,NA,NA,NA
"2657","708983",2,"resources/real_fg_memory_images/fg3.jpg","artificial",NA,NA,NA,NA,NA,NA,NA,NA
"2658","708983",7,"resources/real_fg_memory_images/fg18.jpg","artificial",NA,NA,NA,NA,NA,NA,NA,NA
"2659","708983",2,"resources/real_fg_memory_images/fg7.jpg","artificial",NA,NA,NA,NA,NA,NA,NA,NA
"2660","708983",4,"resources/real_fg_memory_images/orig33.jpg","real",NA,NA,NA,NA,NA,NA,NA,NA
"2661","708983",4,"resources/real_fg_memory_images/fg6.jpg","artificial",NA,NA,NA,NA,NA,NA,NA,NA
"2662","708983",8,"resources/real_fg_memory_images/fg16.jpg","artificial",NA,NA,NA,NA,NA,NA,NA,NA
"2663","708983",1,"resources/real_fg_memory_images/orig31.jpg","real",NA,NA,NA,NA,NA,NA,NA,NA
"2664","708983",1,"resources/real_fg_memory_images/fg1.jpg","artificial",NA,NA,NA,NA,NA,NA,NA,NA
"2665","708983",5,"resources/real_fg_memory_images/orig21.jpg","real",NA,NA,NA,NA,NA,NA,NA,NA
"2666","708983",5,"resources/real_fg_memory_images/fg2.jpg","artificial",NA,NA,NA,NA,NA,NA,NA,NA
"2667","708983",3,"resources/real_fg_memory_images/orig20.jpg","real",NA,NA,NA,NA,NA,NA,NA,NA
"2668","708983",2,"resources/real_fg_memory_images/orig22.jpg","real",NA,NA,NA,NA,NA,NA,NA,NA
"2669","708983",NA,NA,NA,NA,NA,NA,NA,NA,NA,NA,NA
"2670","708983",NA,"resources/real_fg_memory_images/fg8.jpg",NA,"artificial","Scam",NA,NA,NA,NA,NA,NA
"2671","708983",NA,"resources/real_fg_memory_images/orig25.jpg",NA,"real","Scam",NA,NA,NA,NA,NA,NA
"2672","708983",NA,"resources/real_fg_memory_images/fg1.jpg",NA,"artificial","Neutral",NA,NA,NA,NA,NA,NA
"2673","708983",NA,"resources/real_fg_memory_images/fg6.jpg",NA,"artificial","Neutral",NA,NA,NA,NA,NA,NA
"2674","708983",NA,"resources/real_fg_memory_images/orig26.jpg",NA,"real","Scam",NA,NA,NA,NA,NA,NA
"2675","708983",NA,"resources/real_fg_memory_images/orig19.jpg",NA,"real","Neutral",NA,NA,NA,NA,NA,NA
"2676","708983",NA,"resources/real_fg_memory_images/fg3.jpg",NA,"artificial","Neutral",NA,NA,NA,NA,NA,NA
"2677","708983",NA,"resources/real_fg_memory_images/fg4.jpg",NA,"artificial","Neutral",NA,NA,NA,NA,NA,NA
"2678","708983",NA,"resources/real_fg_memory_images/fg7.jpg",NA,"artificial","Scam",NA,NA,NA,NA,NA,NA
"2679","708983",NA,"resources/real_fg_memory_images/orig24.jpg",NA,"real","Neutral",NA,NA,NA,NA,NA,NA
"2680","708983",NA,"resources/real_fg_memory_images/fg5.jpg",NA,"artificial","Neutral",NA,NA,NA,NA,NA,NA
"2681","708983",NA,"resources/real_fg_memory_images/orig21.jpg",NA,"real","Neutral",NA,NA,NA,NA,NA,NA
"2682","708983",NA,"resources/real_fg_memory_images/orig20.jpg",NA,"real","Neutral",NA,NA,NA,NA,NA,NA
"2683","708983",NA,"resources/real_fg_memory_images/orig22.jpg",NA,"real","Neutral",NA,NA,NA,NA,NA,NA
"2684","708983",NA,"resources/real_fg_memory_images/orig23.jpg",NA,"real","Neutral",NA,NA,NA,NA,NA,NA
"2685","708983",NA,"resources/real_fg_memory_images/fg11.jpg",NA,"artificial","Scam",NA,NA,NA,NA,NA,NA
"2686","708983",NA,"resources/real_fg_memory_images/fg10.jpg",NA,"artificial","Scam",NA,NA,NA,NA,NA,NA
"2687","708983",NA,"resources/real_fg_memory_images/fg9.jpg",NA,"artificial","Scam",NA,NA,NA,NA,NA,NA
"2688","708983",NA,"resources/real_fg_memory_images/orig28.jpg",NA,"real","Scam",NA,NA,NA,NA,NA,NA
"2689","708983",NA,"resources/real_fg_memory_images/fg12.jpg",NA,"artificial","Scam",NA,NA,NA,NA,NA,NA
"2690","708983",NA,"resources/real_fg_memory_images/orig29.jpg",NA,"real","Scam",NA,NA,NA,NA,NA,NA
"2691","708983",NA,"resources/real_fg_memory_images/orig30.jpg",NA,"real","Scam",NA,NA,NA,NA,NA,NA
"2692","708983",NA,"resources/real_fg_memory_images/fg2.jpg",NA,"artificial","Neutral",NA,NA,NA,NA,NA,NA
"2693","708983",NA,"resources/real_fg_memory_images/orig27.jpg",NA,"real","Scam",NA,NA,NA,NA,NA,NA
"2694","708983",NA,NA,NA,NA,NA,NA,NA,NA,NA,NA,NA
"2695","708983",NA,"resources/real_fg_memory_images/orig26.jpg",NA,"real","Scam","[""scam_button""]","10",NA,NA,NA,NA
"2696","708983",NA,"resources/real_fg_memory_images/orig24.jpg",NA,"real","Neutral","[""neutral_button""]","5",NA,NA,NA,NA
"2697","708983",NA,"resources/real_fg_memory_images/orig30.jpg",NA,"real","Scam","[""scam_button""]","10",NA,NA,NA,NA
"2698","708983",NA,"resources/real_fg_memory_images/fg6.jpg",NA,"artificial","Neutral","[""neutral_button""]","10",NA,NA,NA,NA
"2699","708983",NA,"resources/real_fg_memory_images/fg10.jpg",NA,"artificial","Scam","[""neutral_button""]","5",NA,NA,NA,NA
"2700","708983",NA,"resources/real_fg_memory_images/orig29.jpg",NA,"real","Scam","[""scam_button""]","10",NA,NA,NA,NA
"2701","708983",NA,"resources/real_fg_memory_images/fg2.jpg",NA,"artificial","Neutral","[""neutral_button""]","10",NA,NA,NA,NA
"2702","708983",NA,"resources/real_fg_memory_images/orig25.jpg",NA,"real","Scam","[""scam_button""]","5",NA,NA,NA,NA
"2703","708983",NA,"resources/real_fg_memory_images/fg7.jpg",NA,"artificial","Scam","[""neutral_button""]","10",NA,NA,NA,NA
"2704","708983",NA,"resources/real_fg_memory_images/fg1.jpg",NA,"artificial","Neutral","[""scam_button""]","5",NA,NA,NA,NA
"2705","708983",NA,"resources/real_fg_memory_images/fg8.jpg",NA,"artificial","Scam","[""scam_button""]","5",NA,NA,NA,NA
"2706","708983",NA,"resources/real_fg_memory_images/orig23.jpg",NA,"real","Neutral","[""neutral_button""]","5",NA,NA,NA,NA
"2707","708983",NA,"resources/real_fg_memory_images/orig22.jpg",NA,"real","Neutral","[""neutral_button""]","10",NA,NA,NA,NA
"2708","708983",NA,"resources/real_fg_memory_images/orig27.jpg",NA,"real","Scam","[""scam_button""]","10",NA,NA,NA,NA
"2709","708983",NA,"resources/real_fg_memory_images/orig19.jpg",NA,"real","Neutral","[""neutral_button""]","9",NA,NA,NA,NA
"2710","708983",NA,"resources/real_fg_memory_images/orig28.jpg",NA,"real","Scam","[""scam_button""]","10",NA,NA,NA,NA
"2711","708983",NA,"resources/real_fg_memory_images/fg12.jpg",NA,"artificial","Scam","[""neutral_button""]","8",NA,NA,NA,NA
"2712","708983",NA,"resources/real_fg_memory_images/fg11.jpg",NA,"artificial","Scam","[""scam_button""]","10",NA,NA,NA,NA
"2713","708983",NA,"resources/real_fg_memory_images/fg9.jpg",NA,"artificial","Scam","[""neutral_button""]","9",NA,NA,NA,NA
"2714","708983",NA,"resources/real_fg_memory_images/fg4.jpg",NA,"artificial","Neutral","[""neutral_button""]","9",NA,NA,NA,NA
"2715","708983",NA,"resources/real_fg_memory_images/orig21.jpg",NA,"real","Neutral","[""scam_button""]","7",NA,NA,NA,NA
"2716","708983",NA,"resources/real_fg_memory_images/orig20.jpg",NA,"real","Neutral","[""neutral_button""]","7",NA,NA,NA,NA
"2717","708983",NA,"resources/real_fg_memory_images/fg5.jpg",NA,"artificial","Neutral","[""scam_button""]","9",NA,NA,NA,NA
"2718","708983",NA,"resources/real_fg_memory_images/fg3.jpg",NA,"artificial","Neutral","[""neutral_button""]","10",NA,NA,NA,NA
"2719","708983",NA,NA,NA,NA,NA,NA,NA,NA,NA,NA,NA
"2720","708983",5,"resources/real_fg_memory_images/orig33.jpg","real",NA,NA,NA,NA,NA,NA,NA,NA
"2721","708983",4,"resources/real_fg_memory_images/orig20.jpg","real",NA,NA,NA,NA,NA,NA,NA,NA
"2722","708983",2,"resources/real_fg_memory_images/fg10.jpg","artificial",NA,NA,NA,NA,NA,NA,NA,NA
"2723","708983",7,"resources/real_fg_memory_images/orig30.jpg","real",NA,NA,NA,NA,NA,NA,NA,NA
"2724","708983",3,"resources/real_fg_memory_images/fg7.jpg","artificial",NA,NA,NA,NA,NA,NA,NA,NA
"2725","708983",5,"resources/real_fg_memory_images/orig35.jpg","real",NA,NA,NA,NA,NA,NA,NA,NA
"2726","708983",2,"resources/real_fg_memory_images/fg8.jpg","artificial",NA,NA,NA,NA,NA,NA,NA,NA
"2727","708983",2,"resources/real_fg_memory_images/orig26.jpg","real",NA,NA,NA,NA,NA,NA,NA,NA
"2728","708983",2,"resources/real_fg_memory_images/orig21.jpg","real",NA,NA,NA,NA,NA,NA,NA,NA
"2729","708983",5,"resources/real_fg_memory_images/fg16.jpg","artificial",NA,NA,NA,NA,NA,NA,NA,NA
"2730","708983",5,"resources/real_fg_memory_images/fg18.jpg","artificial",NA,NA,NA,NA,NA,NA,NA,NA
"2731","708983",5,"resources/real_fg_memory_images/fg11.jpg","artificial",NA,NA,NA,NA,NA,NA,NA,NA
"2732","708983",5,"resources/real_fg_memory_images/fg14.jpg","artificial",NA,NA,NA,NA,NA,NA,NA,NA
"2733","708983",2,"resources/real_fg_memory_images/fg9.jpg","artificial",NA,NA,NA,NA,NA,NA,NA,NA
"2734","708983",1,"resources/real_fg_memory_images/fg13.jpg","artificial",NA,NA,NA,NA,NA,NA,NA,NA
"2735","708983",2,"resources/real_fg_memory_images/fg17.jpg","artificial",NA,NA,NA,NA,NA,NA,NA,NA
"2736","708983",2,"resources/real_fg_memory_images/orig22.jpg","real",NA,NA,NA,NA,NA,NA,NA,NA
"2737","708983",5,"resources/real_fg_memory_images/fg6.jpg","artificial",NA,NA,NA,NA,NA,NA,NA,NA
"2738","708983",5,"resources/real_fg_memory_images/fg2.jpg","artificial",NA,NA,NA,NA,NA,NA,NA,NA
"2739","708983",6,"resources/real_fg_memory_images/orig19.jpg","real",NA,NA,NA,NA,NA,NA,NA,NA
"2740","708983",4,"resources/real_fg_memory_images/orig24.jpg","real",NA,NA,NA,NA,NA,NA,NA,NA
"2741","708983",1,"resources/real_fg_memory_images/fg1.jpg","artificial",NA,NA,NA,NA,NA,NA,NA,NA
"2742","708983",1,"resources/real_fg_memory_images/orig29.jpg","real",NA,NA,NA,NA,NA,NA,NA,NA
"2743","708983",3,"resources/real_fg_memory_images/orig36.jpg","real",NA,NA,NA,NA,NA,NA,NA,NA
"2744","708983",1,"resources/real_fg_memory_images/orig23.jpg","real",NA,NA,NA,NA,NA,NA,NA,NA
"2745","708983",1,"resources/real_fg_memory_images/fg3.jpg","artificial",NA,NA,NA,NA,NA,NA,NA,NA
"2746","708983",1,"resources/real_fg_memory_images/orig27.jpg","real",NA,NA,NA,NA,NA,NA,NA,NA
"2747","708983",7,"resources/real_fg_memory_images/orig34.jpg","real",NA,NA,NA,NA,NA,NA,NA,NA
"2748","708983",4,"resources/real_fg_memory_images/orig25.jpg","real",NA,NA,NA,NA,NA,NA,NA,NA
"2749","708983",2,"resources/real_fg_memory_images/fg5.jpg","artificial",NA,NA,NA,NA,NA,NA,NA,NA
"2750","708983",4,"resources/real_fg_memory_images/fg15.jpg","artificial",NA,NA,NA,NA,NA,NA,NA,NA
"2751","708983",7,"resources/real_fg_memory_images/orig32.jpg","real",NA,NA,NA,NA,NA,NA,NA,NA
"2752","708983",3,"resources/real_fg_memory_images/fg12.jpg","artificial",NA,NA,NA,NA,NA,NA,NA,NA
"2753","708983",1,"resources/real_fg_memory_images/orig31.jpg","real",NA,NA,NA,NA,NA,NA,NA,NA
"2754","708983",6,"resources/real_fg_memory_images/orig28.jpg","real",NA,NA,NA,NA,NA,NA,NA,NA
"2755","708983",5,"resources/real_fg_memory_images/fg4.jpg","artificial",NA,NA,NA,NA,NA,NA,NA,NA
"2756","708983",NA,NA,NA,NA,NA,NA,NA,NA,NA,NA,NA
"2757","708983",NA,NA,NA,NA,NA,NA,NA,4,"Persons over the age of 65 are often targeted by con-artists",NA,NA
"2758","708983",NA,NA,NA,NA,NA,NA,NA,1,"I answer the phone whenever it rings, even if I do not know who is calling",NA,NA
"2759","708983",NA,NA,NA,NA,NA,NA,NA,1,"I have difficulty ending a phone call, even if the caller is a telemarketer, someone I do not know, or someone I do not wish to call me",NA,NA
"2760","708983",NA,NA,NA,NA,NA,NA,NA,1,"If a telemarketer calls me, I usually listen to what they have to say",NA,NA
"2761","708983",NA,NA,NA,NA,NA,NA,NA,5,"If something sounds too good to be true, it usually is",NA,NA
"2762","708983",NA,NA,NA,NA,NA,NA,NA,NA,NA,NA,NA
"2763","708983",NA,NA,NA,NA,NA,NA,NA,NA,NA,"[""female_option""]",NA
"2764","708983",NA,NA,NA,NA,NA,NA,NA,NA,NA,NA,68
"2765","708983",NA,NA,NA,NA,NA,NA,NA,NA,NA,NA,NA
"2766","708983",NA,NA,NA,NA,NA,NA,NA,NA,NA,NA,NA
"2767","708983",NA,NA,NA,NA,NA,NA,NA,NA,NA,NA,NA
"2768","708983",NA,NA,NA,NA,NA,NA,NA,NA,NA,NA,NA
"2769","708983",NA,NA,NA,NA,NA,NA,NA,NA,NA,NA,NA
"2770","708983",NA,NA,NA,NA,NA,NA,NA,NA,NA,NA,NA
"2771","708983",NA,NA,NA,NA,NA,NA,NA,NA,NA,NA,NA
"2772","708983",NA,NA,NA,NA,NA,NA,NA,NA,NA,NA,NA
"2773","708983",NA,NA,NA,NA,NA,NA,NA,NA,NA,NA,NA
"2774","708983",NA,NA,NA,NA,NA,NA,NA,NA,NA,NA,NA
"2775","814543",NA,NA,NA,NA,NA,NA,NA,NA,NA,NA,NA
"2776","814543",NA,NA,NA,NA,NA,NA,NA,NA,NA,NA,NA
"2777","814543",NA,NA,NA,NA,NA,NA,NA,NA,NA,NA,NA
"2778","814543",NA,NA,NA,NA,NA,NA,NA,NA,NA,NA,NA
"2779","814543",5,"resources/real_fg_memory_images/fg11.jpg","artificial",NA,NA,NA,NA,NA,NA,NA,NA
"2780","814543",3,"resources/real_fg_memory_images/orig35.jpg","real",NA,NA,NA,NA,NA,NA,NA,NA
"2781","814543",7,"resources/real_fg_memory_images/orig36.jpg","real",NA,NA,NA,NA,NA,NA,NA,NA
"2782","814543",5,"resources/real_fg_memory_images/orig33.jpg","real",NA,NA,NA,NA,NA,NA,NA,NA
"2783","814543",6,"resources/real_fg_memory_images/orig19.jpg","real",NA,NA,NA,NA,NA,NA,NA,NA
"2784","814543",4,"resources/real_fg_memory_images/orig25.jpg","real",NA,NA,NA,NA,NA,NA,NA,NA
"2785","814543",2,"resources/real_fg_memory_images/fg15.jpg","artificial",NA,NA,NA,NA,NA,NA,NA,NA
"2786","814543",4,"resources/real_fg_memory_images/orig23.jpg","real",NA,NA,NA,NA,NA,NA,NA,NA
"2787","814543",5,"resources/real_fg_memory_images/fg17.jpg","artificial",NA,NA,NA,NA,NA,NA,NA,NA
"2788","814543",5,"resources/real_fg_memory_images/fg5.jpg","artificial",NA,NA,NA,NA,NA,NA,NA,NA
"2789","814543",3,"resources/real_fg_memory_images/fg10.jpg","artificial",NA,NA,NA,NA,NA,NA,NA,NA
"2790","814543",4,"resources/real_fg_memory_images/fg9.jpg","artificial",NA,NA,NA,NA,NA,NA,NA,NA
"2791","814543",4,"resources/real_fg_memory_images/orig21.jpg","real",NA,NA,NA,NA,NA,NA,NA,NA
"2792","814543",2,"resources/real_fg_memory_images/fg3.jpg","artificial",NA,NA,NA,NA,NA,NA,NA,NA
"2793","814543",8,"resources/real_fg_memory_images/orig24.jpg","real",NA,NA,NA,NA,NA,NA,NA,NA
"2794","814543",7,"resources/real_fg_memory_images/fg4.jpg","artificial",NA,NA,NA,NA,NA,NA,NA,NA
"2795","814543",4,"resources/real_fg_memory_images/orig31.jpg","real",NA,NA,NA,NA,NA,NA,NA,NA
"2796","814543",6,"resources/real_fg_memory_images/fg16.jpg","artificial",NA,NA,NA,NA,NA,NA,NA,NA
"2797","814543",5,"resources/real_fg_memory_images/fg1.jpg","artificial",NA,NA,NA,NA,NA,NA,NA,NA
"2798","814543",6,"resources/real_fg_memory_images/orig20.jpg","real",NA,NA,NA,NA,NA,NA,NA,NA
"2799","814543",7,"resources/real_fg_memory_images/orig28.jpg","real",NA,NA,NA,NA,NA,NA,NA,NA
"2800","814543",6,"resources/real_fg_memory_images/fg18.jpg","artificial",NA,NA,NA,NA,NA,NA,NA,NA
"2801","814543",5,"resources/real_fg_memory_images/orig27.jpg","real",NA,NA,NA,NA,NA,NA,NA,NA
"2802","814543",8,"resources/real_fg_memory_images/orig30.jpg","real",NA,NA,NA,NA,NA,NA,NA,NA
"2803","814543",6,"resources/real_fg_memory_images/orig26.jpg","real",NA,NA,NA,NA,NA,NA,NA,NA
"2804","814543",6,"resources/real_fg_memory_images/fg2.jpg","artificial",NA,NA,NA,NA,NA,NA,NA,NA
"2805","814543",7,"resources/real_fg_memory_images/fg12.jpg","artificial",NA,NA,NA,NA,NA,NA,NA,NA
"2806","814543",6,"resources/real_fg_memory_images/fg8.jpg","artificial",NA,NA,NA,NA,NA,NA,NA,NA
"2807","814543",5,"resources/real_fg_memory_images/fg7.jpg","artificial",NA,NA,NA,NA,NA,NA,NA,NA
"2808","814543",7,"resources/real_fg_memory_images/orig32.jpg","real",NA,NA,NA,NA,NA,NA,NA,NA
"2809","814543",6,"resources/real_fg_memory_images/fg14.jpg","artificial",NA,NA,NA,NA,NA,NA,NA,NA
"2810","814543",7,"resources/real_fg_memory_images/fg6.jpg","artificial",NA,NA,NA,NA,NA,NA,NA,NA
"2811","814543",4,"resources/real_fg_memory_images/orig22.jpg","real",NA,NA,NA,NA,NA,NA,NA,NA
"2812","814543",3,"resources/real_fg_memory_images/orig29.jpg","real",NA,NA,NA,NA,NA,NA,NA,NA
"2813","814543",6,"resources/real_fg_memory_images/fg13.jpg","artificial",NA,NA,NA,NA,NA,NA,NA,NA
"2814","814543",7,"resources/real_fg_memory_images/orig34.jpg","real",NA,NA,NA,NA,NA,NA,NA,NA
"2815","814543",NA,NA,NA,NA,NA,NA,NA,NA,NA,NA,NA
"2816","814543",NA,"resources/real_fg_memory_images/fg10.jpg",NA,"artificial","Scam",NA,NA,NA,NA,NA,NA
"2817","814543",NA,"resources/real_fg_memory_images/fg1.jpg",NA,"artificial","Neutral",NA,NA,NA,NA,NA,NA
"2818","814543",NA,"resources/real_fg_memory_images/orig27.jpg",NA,"real","Scam",NA,NA,NA,NA,NA,NA
"2819","814543",NA,"resources/real_fg_memory_images/orig29.jpg",NA,"real","Scam",NA,NA,NA,NA,NA,NA
"2820","814543",NA,"resources/real_fg_memory_images/fg7.jpg",NA,"artificial","Scam",NA,NA,NA,NA,NA,NA
"2821","814543",NA,"resources/real_fg_memory_images/orig28.jpg",NA,"real","Scam",NA,NA,NA,NA,NA,NA
"2822","814543",NA,"resources/real_fg_memory_images/fg9.jpg",NA,"artificial","Scam",NA,NA,NA,NA,NA,NA
"2823","814543",NA,"resources/real_fg_memory_images/orig26.jpg",NA,"real","Scam",NA,NA,NA,NA,NA,NA
"2824","814543",NA,"resources/real_fg_memory_images/orig24.jpg",NA,"real","Neutral",NA,NA,NA,NA,NA,NA
"2825","814543",NA,"resources/real_fg_memory_images/fg4.jpg",NA,"artificial","Neutral",NA,NA,NA,NA,NA,NA
"2826","814543",NA,"resources/real_fg_memory_images/fg8.jpg",NA,"artificial","Scam",NA,NA,NA,NA,NA,NA
"2827","814543",NA,"resources/real_fg_memory_images/fg3.jpg",NA,"artificial","Neutral",NA,NA,NA,NA,NA,NA
"2828","814543",NA,"resources/real_fg_memory_images/fg12.jpg",NA,"artificial","Scam",NA,NA,NA,NA,NA,NA
"2829","814543",NA,"resources/real_fg_memory_images/fg5.jpg",NA,"artificial","Neutral",NA,NA,NA,NA,NA,NA
"2830","814543",NA,"resources/real_fg_memory_images/orig21.jpg",NA,"real","Neutral",NA,NA,NA,NA,NA,NA
"2831","814543",NA,"resources/real_fg_memory_images/orig20.jpg",NA,"real","Neutral",NA,NA,NA,NA,NA,NA
"2832","814543",NA,"resources/real_fg_memory_images/orig23.jpg",NA,"real","Neutral",NA,NA,NA,NA,NA,NA
"2833","814543",NA,"resources/real_fg_memory_images/orig22.jpg",NA,"real","Neutral",NA,NA,NA,NA,NA,NA
"2834","814543",NA,"resources/real_fg_memory_images/orig25.jpg",NA,"real","Scam",NA,NA,NA,NA,NA,NA
"2835","814543",NA,"resources/real_fg_memory_images/fg11.jpg",NA,"artificial","Scam",NA,NA,NA,NA,NA,NA
"2836","814543",NA,"resources/real_fg_memory_images/fg6.jpg",NA,"artificial","Neutral",NA,NA,NA,NA,NA,NA
"2837","814543",NA,"resources/real_fg_memory_images/orig30.jpg",NA,"real","Scam",NA,NA,NA,NA,NA,NA
"2838","814543",NA,"resources/real_fg_memory_images/fg2.jpg",NA,"artificial","Neutral",NA,NA,NA,NA,NA,NA
"2839","814543",NA,"resources/real_fg_memory_images/orig19.jpg",NA,"real","Neutral",NA,NA,NA,NA,NA,NA
"2840","814543",NA,NA,NA,NA,NA,NA,NA,NA,NA,NA,NA
"2841","814543",NA,"resources/real_fg_memory_images/orig22.jpg",NA,"real","Neutral","[""neutral_button""]","6",NA,NA,NA,NA
"2842","814543",NA,"resources/real_fg_memory_images/fg2.jpg",NA,"artificial","Neutral","[""neutral_button""]","7",NA,NA,NA,NA
"2843","814543",NA,"resources/real_fg_memory_images/fg8.jpg",NA,"artificial","Scam","[""scam_button""]","6",NA,NA,NA,NA
"2844","814543",NA,"resources/real_fg_memory_images/fg7.jpg",NA,"artificial","Scam","[""scam_button""]","6",NA,NA,NA,NA
"2845","814543",NA,"resources/real_fg_memory_images/fg1.jpg",NA,"artificial","Neutral","[""neutral_button""]","8",NA,NA,NA,NA
"2846","814543",NA,"resources/real_fg_memory_images/orig26.jpg",NA,"real","Scam","[""scam_button""]","6",NA,NA,NA,NA
"2847","814543",NA,"resources/real_fg_memory_images/fg4.jpg",NA,"artificial","Neutral","[""neutral_button""]","5",NA,NA,NA,NA
"2848","814543",NA,"resources/real_fg_memory_images/orig24.jpg",NA,"real","Neutral","[""neutral_button""]","5",NA,NA,NA,NA
"2849","814543",NA,"resources/real_fg_memory_images/fg10.jpg",NA,"artificial","Scam","[""scam_button""]","5",NA,NA,NA,NA
"2850","814543",NA,"resources/real_fg_memory_images/orig21.jpg",NA,"real","Neutral","[""scam_button""]","5",NA,NA,NA,NA
"2851","814543",NA,"resources/real_fg_memory_images/orig25.jpg",NA,"real","Scam","[""scam_button""]","5",NA,NA,NA,NA
"2852","814543",NA,"resources/real_fg_memory_images/fg9.jpg",NA,"artificial","Scam","[""scam_button""]","5",NA,NA,NA,NA
"2853","814543",NA,"resources/real_fg_memory_images/fg6.jpg",NA,"artificial","Neutral","[""neutral_button""]","6",NA,NA,NA,NA
"2854","814543",NA,"resources/real_fg_memory_images/fg3.jpg",NA,"artificial","Neutral","[""neutral_button""]","9",NA,NA,NA,NA
"2855","814543",NA,"resources/real_fg_memory_images/fg5.jpg",NA,"artificial","Neutral","[""neutral_button""]","6",NA,NA,NA,NA
"2856","814543",NA,"resources/real_fg_memory_images/orig19.jpg",NA,"real","Neutral","[""neutral_button""]","5",NA,NA,NA,NA
"2857","814543",NA,"resources/real_fg_memory_images/orig28.jpg",NA,"real","Scam","[""scam_button""]","6",NA,NA,NA,NA
"2858","814543",NA,"resources/real_fg_memory_images/fg11.jpg",NA,"artificial","Scam","[""scam_button""]","5",NA,NA,NA,NA
"2859","814543",NA,"resources/real_fg_memory_images/fg12.jpg",NA,"artificial","Scam","[""neutral_button""]","6",NA,NA,NA,NA
"2860","814543",NA,"resources/real_fg_memory_images/orig30.jpg",NA,"real","Scam","[""neutral_button""]","6",NA,NA,NA,NA
"2861","814543",NA,"resources/real_fg_memory_images/orig20.jpg",NA,"real","Neutral","[""scam_button""]","5",NA,NA,NA,NA
"2862","814543",NA,"resources/real_fg_memory_images/orig29.jpg",NA,"real","Scam","[""scam_button""]","6",NA,NA,NA,NA
"2863","814543",NA,"resources/real_fg_memory_images/orig27.jpg",NA,"real","Scam","[""scam_button""]","7",NA,NA,NA,NA
"2864","814543",NA,"resources/real_fg_memory_images/orig23.jpg",NA,"real","Neutral","[""scam_button""]","7",NA,NA,NA,NA
"2865","814543",NA,NA,NA,NA,NA,NA,NA,NA,NA,NA,NA
"2866","814543",4,"resources/real_fg_memory_images/orig28.jpg","real",NA,NA,NA,NA,NA,NA,NA,NA
"2867","814543",5,"resources/real_fg_memory_images/orig29.jpg","real",NA,NA,NA,NA,NA,NA,NA,NA
"2868","814543",3,"resources/real_fg_memory_images/orig22.jpg","real",NA,NA,NA,NA,NA,NA,NA,NA
"2869","814543",6,"resources/real_fg_memory_images/fg6.jpg","artificial",NA,NA,NA,NA,NA,NA,NA,NA
"2870","814543",5,"resources/real_fg_memory_images/orig36.jpg","real",NA,NA,NA,NA,NA,NA,NA,NA
"2871","814543",4,"resources/real_fg_memory_images/orig23.jpg","real",NA,NA,NA,NA,NA,NA,NA,NA
"2872","814543",6,"resources/real_fg_memory_images/orig19.jpg","real",NA,NA,NA,NA,NA,NA,NA,NA
"2873","814543",3,"resources/real_fg_memory_images/fg9.jpg","artificial",NA,NA,NA,NA,NA,NA,NA,NA
"2874","814543",6,"resources/real_fg_memory_images/orig24.jpg","real",NA,NA,NA,NA,NA,NA,NA,NA
"2875","814543",4,"resources/real_fg_memory_images/fg18.jpg","artificial",NA,NA,NA,NA,NA,NA,NA,NA
"2876","814543",2,"resources/real_fg_memory_images/orig27.jpg","real",NA,NA,NA,NA,NA,NA,NA,NA
"2877","814543",5,"resources/real_fg_memory_images/orig33.jpg","real",NA,NA,NA,NA,NA,NA,NA,NA
"2878","814543",6,"resources/real_fg_memory_images/fg11.jpg","artificial",NA,NA,NA,NA,NA,NA,NA,NA
"2879","814543",5,"resources/real_fg_memory_images/fg8.jpg","artificial",NA,NA,NA,NA,NA,NA,NA,NA
"2880","814543",6,"resources/real_fg_memory_images/fg13.jpg","artificial",NA,NA,NA,NA,NA,NA,NA,NA
"2881","814543",3,"resources/real_fg_memory_images/orig35.jpg","real",NA,NA,NA,NA,NA,NA,NA,NA
"2882","814543",4,"resources/real_fg_memory_images/fg17.jpg","artificial",NA,NA,NA,NA,NA,NA,NA,NA
"2883","814543",5,"resources/real_fg_memory_images/fg7.jpg","artificial",NA,NA,NA,NA,NA,NA,NA,NA
"2884","814543",6,"resources/real_fg_memory_images/fg2.jpg","artificial",NA,NA,NA,NA,NA,NA,NA,NA
"2885","814543",4,"resources/real_fg_memory_images/fg1.jpg","artificial",NA,NA,NA,NA,NA,NA,NA,NA
"2886","814543",2,"resources/real_fg_memory_images/orig26.jpg","real",NA,NA,NA,NA,NA,NA,NA,NA
"2887","814543",5,"resources/real_fg_memory_images/orig20.jpg","real",NA,NA,NA,NA,NA,NA,NA,NA
"2888","814543",6,"resources/real_fg_memory_images/orig25.jpg","real",NA,NA,NA,NA,NA,NA,NA,NA
"2889","814543",4,"resources/real_fg_memory_images/fg15.jpg","artificial",NA,NA,NA,NA,NA,NA,NA,NA
"2890","814543",8,"resources/real_fg_memory_images/fg3.jpg","artificial",NA,NA,NA,NA,NA,NA,NA,NA
"2891","814543",6,"resources/real_fg_memory_images/fg5.jpg","artificial",NA,NA,NA,NA,NA,NA,NA,NA
"2892","814543",7,"resources/real_fg_memory_images/fg14.jpg","artificial",NA,NA,NA,NA,NA,NA,NA,NA
"2893","814543",7,"resources/real_fg_memory_images/orig30.jpg","real",NA,NA,NA,NA,NA,NA,NA,NA
"2894","814543",5,"resources/real_fg_memory_images/orig32.jpg","real",NA,NA,NA,NA,NA,NA,NA,NA
"2895","814543",4,"resources/real_fg_memory_images/fg12.jpg","artificial",NA,NA,NA,NA,NA,NA,NA,NA
"2896","814543",8,"resources/real_fg_memory_images/fg16.jpg","artificial",NA,NA,NA,NA,NA,NA,NA,NA
"2897","814543",6,"resources/real_fg_memory_images/fg10.jpg","artificial",NA,NA,NA,NA,NA,NA,NA,NA
"2898","814543",3,"resources/real_fg_memory_images/orig21.jpg","real",NA,NA,NA,NA,NA,NA,NA,NA
"2899","814543",5,"resources/real_fg_memory_images/orig34.jpg","real",NA,NA,NA,NA,NA,NA,NA,NA
"2900","814543",7,"resources/real_fg_memory_images/fg4.jpg","artificial",NA,NA,NA,NA,NA,NA,NA,NA
"2901","814543",2,"resources/real_fg_memory_images/orig31.jpg","real",NA,NA,NA,NA,NA,NA,NA,NA
"2902","814543",NA,NA,NA,NA,NA,NA,NA,NA,NA,NA,NA
"2903","814543",NA,NA,NA,NA,NA,NA,NA,1,"I have difficulty ending a phone call, even if the caller is a telemarketer, someone I do not know, or someone I do not wish to call me",NA,NA
"2904","814543",NA,NA,NA,NA,NA,NA,NA,1,"I answer the phone whenever it rings, even if I do not know who is calling",NA,NA
"2905","814543",NA,NA,NA,NA,NA,NA,NA,1,"If a telemarketer calls me, I usually listen to what they have to say",NA,NA
"2906","814543",NA,NA,NA,NA,NA,NA,NA,5,"If something sounds too good to be true, it usually is",NA,NA
"2907","814543",NA,NA,NA,NA,NA,NA,NA,4,"Persons over the age of 65 are often targeted by con-artists",NA,NA
"2908","814543",NA,NA,NA,NA,NA,NA,NA,NA,NA,NA,NA
"2909","814543",NA,NA,NA,NA,NA,NA,NA,NA,NA,"[""female_option""]",NA
"2910","814543",NA,NA,NA,NA,NA,NA,NA,NA,NA,NA,70
"2911","814543",NA,NA,NA,NA,NA,NA,NA,NA,NA,NA,NA
"2912","814543",NA,NA,NA,NA,NA,NA,NA,NA,NA,NA,NA
"2913","814543",NA,NA,NA,NA,NA,NA,NA,NA,NA,NA,NA
"2914","814543",NA,NA,NA,NA,NA,NA,NA,NA,NA,NA,NA
"2915","814543",NA,NA,NA,NA,NA,NA,NA,NA,NA,NA,NA
"2916","814543",NA,NA,NA,NA,NA,NA,NA,NA,NA,NA,NA
"2917","814543",NA,NA,NA,NA,NA,NA,NA,NA,NA,NA,NA
"2918","814543",NA,NA,NA,NA,NA,NA,NA,NA,NA,NA,NA
"2919","814543",NA,NA,NA,NA,NA,NA,NA,NA,NA,NA,NA
"2920","814543",NA,NA,NA,NA,NA,NA,NA,NA,NA,NA,NA
"2921","855924",NA,NA,NA,NA,NA,NA,NA,NA,NA,NA,NA
"2922","855924",NA,NA,NA,NA,NA,NA,NA,NA,NA,NA,NA
"2923","855924",NA,NA,NA,NA,NA,NA,NA,NA,NA,NA,NA
"2924","855924",NA,NA,NA,NA,NA,NA,NA,NA,NA,NA,NA
"2925","855924",10,"resources/real_fg_memory_images/orig28.jpg","real",NA,NA,NA,NA,NA,NA,NA,NA
"2926","855924",7,"resources/real_fg_memory_images/fg10.jpg","artificial",NA,NA,NA,NA,NA,NA,NA,NA
"2927","855924",7,"resources/real_fg_memory_images/fg9.jpg","artificial",NA,NA,NA,NA,NA,NA,NA,NA
"2928","855924",9,"resources/real_fg_memory_images/fg2.jpg","artificial",NA,NA,NA,NA,NA,NA,NA,NA
"2929","855924",7,"resources/real_fg_memory_images/orig35.jpg","real",NA,NA,NA,NA,NA,NA,NA,NA
"2930","855924",7,"resources/real_fg_memory_images/orig24.jpg","real",NA,NA,NA,NA,NA,NA,NA,NA
"2931","855924",7,"resources/real_fg_memory_images/orig25.jpg","real",NA,NA,NA,NA,NA,NA,NA,NA
"2932","855924",9,"resources/real_fg_memory_images/orig30.jpg","real",NA,NA,NA,NA,NA,NA,NA,NA
"2933","855924",9,"resources/real_fg_memory_images/fg17.jpg","artificial",NA,NA,NA,NA,NA,NA,NA,NA
"2934","855924",9,"resources/real_fg_memory_images/fg16.jpg","artificial",NA,NA,NA,NA,NA,NA,NA,NA
"2935","855924",9,"resources/real_fg_memory_images/orig32.jpg","real",NA,NA,NA,NA,NA,NA,NA,NA
"2936","855924",7,"resources/real_fg_memory_images/fg8.jpg","artificial",NA,NA,NA,NA,NA,NA,NA,NA
"2937","855924",7,"resources/real_fg_memory_images/orig23.jpg","real",NA,NA,NA,NA,NA,NA,NA,NA
"2938","855924",6,"resources/real_fg_memory_images/orig31.jpg","real",NA,NA,NA,NA,NA,NA,NA,NA
"2939","855924",6,"resources/real_fg_memory_images/orig21.jpg","real",NA,NA,NA,NA,NA,NA,NA,NA
"2940","855924",9,"resources/real_fg_memory_images/fg4.jpg","artificial",NA,NA,NA,NA,NA,NA,NA,NA
"2941","855924",6,"resources/real_fg_memory_images/fg7.jpg","artificial",NA,NA,NA,NA,NA,NA,NA,NA
"2942","855924",6,"resources/real_fg_memory_images/orig20.jpg","real",NA,NA,NA,NA,NA,NA,NA,NA
"2943","855924",6,"resources/real_fg_memory_images/fg1.jpg","artificial",NA,NA,NA,NA,NA,NA,NA,NA
"2944","855924",7,"resources/real_fg_memory_images/fg15.jpg","artificial",NA,NA,NA,NA,NA,NA,NA,NA
"2945","855924",7,"resources/real_fg_memory_images/orig33.jpg","real",NA,NA,NA,NA,NA,NA,NA,NA
"2946","855924",9,"resources/real_fg_memory_images/fg6.jpg","artificial",NA,NA,NA,NA,NA,NA,NA,NA
"2947","855924",7,"resources/real_fg_memory_images/orig19.jpg","real",NA,NA,NA,NA,NA,NA,NA,NA
"2948","855924",9,"resources/real_fg_memory_images/fg18.jpg","artificial",NA,NA,NA,NA,NA,NA,NA,NA
"2949","855924",9,"resources/real_fg_memory_images/orig34.jpg","real",NA,NA,NA,NA,NA,NA,NA,NA
"2950","855924",7,"resources/real_fg_memory_images/orig26.jpg","real",NA,NA,NA,NA,NA,NA,NA,NA
"2951","855924",6,"resources/real_fg_memory_images/fg12.jpg","artificial",NA,NA,NA,NA,NA,NA,NA,NA
"2952","855924",7,"resources/real_fg_memory_images/fg5.jpg","artificial",NA,NA,NA,NA,NA,NA,NA,NA
"2953","855924",9,"resources/real_fg_memory_images/fg14.jpg","artificial",NA,NA,NA,NA,NA,NA,NA,NA
"2954","855924",9,"resources/real_fg_memory_images/fg11.jpg","artificial",NA,NA,NA,NA,NA,NA,NA,NA
"2955","855924",9,"resources/real_fg_memory_images/fg13.jpg","artificial",NA,NA,NA,NA,NA,NA,NA,NA
"2956","855924",6,"resources/real_fg_memory_images/orig29.jpg","real",NA,NA,NA,NA,NA,NA,NA,NA
"2957","855924",6,"resources/real_fg_memory_images/orig36.jpg","real",NA,NA,NA,NA,NA,NA,NA,NA
"2958","855924",7,"resources/real_fg_memory_images/orig22.jpg","real",NA,NA,NA,NA,NA,NA,NA,NA
"2959","855924",6,"resources/real_fg_memory_images/orig27.jpg","real",NA,NA,NA,NA,NA,NA,NA,NA
"2960","855924",7,"resources/real_fg_memory_images/fg3.jpg","artificial",NA,NA,NA,NA,NA,NA,NA,NA
"2961","855924",NA,NA,NA,NA,NA,NA,NA,NA,NA,NA,NA
"2962","855924",NA,"resources/real_fg_memory_images/fg3.jpg",NA,"artificial","Neutral",NA,NA,NA,NA,NA,NA
"2963","855924",NA,"resources/real_fg_memory_images/fg4.jpg",NA,"artificial","Neutral",NA,NA,NA,NA,NA,NA
"2964","855924",NA,"resources/real_fg_memory_images/orig20.jpg",NA,"real","Neutral",NA,NA,NA,NA,NA,NA
"2965","855924",NA,"resources/real_fg_memory_images/orig26.jpg",NA,"real","Scam",NA,NA,NA,NA,NA,NA
"2966","855924",NA,"resources/real_fg_memory_images/orig19.jpg",NA,"real","Neutral",NA,NA,NA,NA,NA,NA
"2967","855924",NA,"resources/real_fg_memory_images/fg5.jpg",NA,"artificial","Neutral",NA,NA,NA,NA,NA,NA
"2968","855924",NA,"resources/real_fg_memory_images/orig23.jpg",NA,"real","Neutral",NA,NA,NA,NA,NA,NA
"2969","855924",NA,"resources/real_fg_memory_images/orig27.jpg",NA,"real","Scam",NA,NA,NA,NA,NA,NA
"2970","855924",NA,"resources/real_fg_memory_images/fg9.jpg",NA,"artificial","Scam",NA,NA,NA,NA,NA,NA
"2971","855924",NA,"resources/real_fg_memory_images/orig24.jpg",NA,"real","Neutral",NA,NA,NA,NA,NA,NA
"2972","855924",NA,"resources/real_fg_memory_images/fg8.jpg",NA,"artificial","Scam",NA,NA,NA,NA,NA,NA
"2973","855924",NA,"resources/real_fg_memory_images/orig30.jpg",NA,"real","Scam",NA,NA,NA,NA,NA,NA
"2974","855924",NA,"resources/real_fg_memory_images/orig28.jpg",NA,"real","Scam",NA,NA,NA,NA,NA,NA
"2975","855924",NA,"resources/real_fg_memory_images/fg2.jpg",NA,"artificial","Neutral",NA,NA,NA,NA,NA,NA
"2976","855924",NA,"resources/real_fg_memory_images/fg7.jpg",NA,"artificial","Scam",NA,NA,NA,NA,NA,NA
"2977","855924",NA,"resources/real_fg_memory_images/fg10.jpg",NA,"artificial","Scam",NA,NA,NA,NA,NA,NA
"2978","855924",NA,"resources/real_fg_memory_images/fg11.jpg",NA,"artificial","Scam",NA,NA,NA,NA,NA,NA
"2979","855924",NA,"resources/real_fg_memory_images/fg6.jpg",NA,"artificial","Neutral",NA,NA,NA,NA,NA,NA
"2980","855924",NA,"resources/real_fg_memory_images/orig22.jpg",NA,"real","Neutral",NA,NA,NA,NA,NA,NA
"2981","855924",NA,"resources/real_fg_memory_images/fg12.jpg",NA,"artificial","Scam",NA,NA,NA,NA,NA,NA
"2982","855924",NA,"resources/real_fg_memory_images/orig21.jpg",NA,"real","Neutral",NA,NA,NA,NA,NA,NA
"2983","855924",NA,"resources/real_fg_memory_images/orig29.jpg",NA,"real","Scam",NA,NA,NA,NA,NA,NA
"2984","855924",NA,"resources/real_fg_memory_images/orig25.jpg",NA,"real","Scam",NA,NA,NA,NA,NA,NA
"2985","855924",NA,"resources/real_fg_memory_images/fg1.jpg",NA,"artificial","Neutral",NA,NA,NA,NA,NA,NA
"2986","855924",NA,NA,NA,NA,NA,NA,NA,NA,NA,NA,NA
"2987","855924",NA,"resources/real_fg_memory_images/orig30.jpg",NA,"real","Scam","[""scam_button""]","5",NA,NA,NA,NA
"2988","855924",NA,"resources/real_fg_memory_images/fg4.jpg",NA,"artificial","Neutral","[""scam_button""]","5",NA,NA,NA,NA
"2989","855924",NA,"resources/real_fg_memory_images/orig27.jpg",NA,"real","Scam","[""scam_button""]","5",NA,NA,NA,NA
"2990","855924",NA,"resources/real_fg_memory_images/orig19.jpg",NA,"real","Neutral","[""neutral_button""]","5",NA,NA,NA,NA
"2991","855924",NA,"resources/real_fg_memory_images/orig24.jpg",NA,"real","Neutral","[""neutral_button""]","5",NA,NA,NA,NA
"2992","855924",NA,"resources/real_fg_memory_images/fg3.jpg",NA,"artificial","Neutral","[""neutral_button""]","7",NA,NA,NA,NA
"2993","855924",NA,"resources/real_fg_memory_images/fg12.jpg",NA,"artificial","Scam","[""scam_button""]","5",NA,NA,NA,NA
"2994","855924",NA,"resources/real_fg_memory_images/orig29.jpg",NA,"real","Scam","[""scam_button""]","8",NA,NA,NA,NA
"2995","855924",NA,"resources/real_fg_memory_images/fg10.jpg",NA,"artificial","Scam","[""neutral_button""]","5",NA,NA,NA,NA
"2996","855924",NA,"resources/real_fg_memory_images/fg2.jpg",NA,"artificial","Neutral","[""scam_button""]","5",NA,NA,NA,NA
"2997","855924",NA,"resources/real_fg_memory_images/orig26.jpg",NA,"real","Scam","[""scam_button""]","9",NA,NA,NA,NA
"2998","855924",NA,"resources/real_fg_memory_images/orig23.jpg",NA,"real","Neutral","[""neutral_button""]","5",NA,NA,NA,NA
"2999","855924",NA,"resources/real_fg_memory_images/orig21.jpg",NA,"real","Neutral","[""neutral_button""]","5",NA,NA,NA,NA
"3000","855924",NA,"resources/real_fg_memory_images/orig25.jpg",NA,"real","Scam","[""scam_button""]","5",NA,NA,NA,NA
"3001","855924",NA,"resources/real_fg_memory_images/fg11.jpg",NA,"artificial","Scam","[""scam_button""]","9",NA,NA,NA,NA
"3002","855924",NA,"resources/real_fg_memory_images/orig20.jpg",NA,"real","Neutral","[""neutral_button""]","5",NA,NA,NA,NA
"3003","855924",NA,"resources/real_fg_memory_images/fg8.jpg",NA,"artificial","Scam","[""neutral_button""]","5",NA,NA,NA,NA
"3004","855924",NA,"resources/real_fg_memory_images/fg6.jpg",NA,"artificial","Neutral","[""scam_button""]","5",NA,NA,NA,NA
"3005","855924",NA,"resources/real_fg_memory_images/orig28.jpg",NA,"real","Scam","[""neutral_button""]","5",NA,NA,NA,NA
"3006","855924",NA,"resources/real_fg_memory_images/fg7.jpg",NA,"artificial","Scam","[""neutral_button""]","6",NA,NA,NA,NA
"3007","855924",NA,"resources/real_fg_memory_images/fg5.jpg",NA,"artificial","Neutral","[""neutral_button""]","5",NA,NA,NA,NA
"3008","855924",NA,"resources/real_fg_memory_images/fg9.jpg",NA,"artificial","Scam","[""scam_button""]","8",NA,NA,NA,NA
"3009","855924",NA,"resources/real_fg_memory_images/fg1.jpg",NA,"artificial","Neutral","[""neutral_button""]","8",NA,NA,NA,NA
"3010","855924",NA,"resources/real_fg_memory_images/orig22.jpg",NA,"real","Neutral","[""scam_button""]","5",NA,NA,NA,NA
"3011","855924",NA,NA,NA,NA,NA,NA,NA,NA,NA,NA,NA
"3012","855924",9,"resources/real_fg_memory_images/fg8.jpg","artificial",NA,NA,NA,NA,NA,NA,NA,NA
"3013","855924",7,"resources/real_fg_memory_images/fg7.jpg","artificial",NA,NA,NA,NA,NA,NA,NA,NA
"3014","855924",7,"resources/real_fg_memory_images/orig33.jpg","real",NA,NA,NA,NA,NA,NA,NA,NA
"3015","855924",9,"resources/real_fg_memory_images/fg16.jpg","artificial",NA,NA,NA,NA,NA,NA,NA,NA
"3016","855924",7,"resources/real_fg_memory_images/fg5.jpg","artificial",NA,NA,NA,NA,NA,NA,NA,NA
"3017","855924",9,"resources/real_fg_memory_images/fg11.jpg","artificial",NA,NA,NA,NA,NA,NA,NA,NA
"3018","855924",9,"resources/real_fg_memory_images/fg4.jpg","artificial",NA,NA,NA,NA,NA,NA,NA,NA
"3019","855924",7,"resources/real_fg_memory_images/fg15.jpg","artificial",NA,NA,NA,NA,NA,NA,NA,NA
"3020","855924",7,"resources/real_fg_memory_images/fg12.jpg","artificial",NA,NA,NA,NA,NA,NA,NA,NA
"3021","855924",9,"resources/real_fg_memory_images/fg13.jpg","artificial",NA,NA,NA,NA,NA,NA,NA,NA
"3022","855924",6,"resources/real_fg_memory_images/orig27.jpg","real",NA,NA,NA,NA,NA,NA,NA,NA
"3023","855924",7,"resources/real_fg_memory_images/orig35.jpg","real",NA,NA,NA,NA,NA,NA,NA,NA
"3024","855924",9,"resources/real_fg_memory_images/orig32.jpg","real",NA,NA,NA,NA,NA,NA,NA,NA
"3025","855924",7,"resources/real_fg_memory_images/orig25.jpg","real",NA,NA,NA,NA,NA,NA,NA,NA
"3026","855924",9,"resources/real_fg_memory_images/fg14.jpg","artificial",NA,NA,NA,NA,NA,NA,NA,NA
"3027","855924",6,"resources/real_fg_memory_images/orig31.jpg","real",NA,NA,NA,NA,NA,NA,NA,NA
"3028","855924",7,"resources/real_fg_memory_images/fg10.jpg","artificial",NA,NA,NA,NA,NA,NA,NA,NA
"3029","855924",6,"resources/real_fg_memory_images/fg1.jpg","artificial",NA,NA,NA,NA,NA,NA,NA,NA
"3030","855924",7,"resources/real_fg_memory_images/orig24.jpg","real",NA,NA,NA,NA,NA,NA,NA,NA
"3031","855924",6,"resources/real_fg_memory_images/orig21.jpg","real",NA,NA,NA,NA,NA,NA,NA,NA
"3032","855924",9,"resources/real_fg_memory_images/orig30.jpg","real",NA,NA,NA,NA,NA,NA,NA,NA
"3033","855924",9,"resources/real_fg_memory_images/fg17.jpg","artificial",NA,NA,NA,NA,NA,NA,NA,NA
"3034","855924",6,"resources/real_fg_memory_images/orig29.jpg","real",NA,NA,NA,NA,NA,NA,NA,NA
"3035","855924",9,"resources/real_fg_memory_images/fg18.jpg","artificial",NA,NA,NA,NA,NA,NA,NA,NA
"3036","855924",6,"resources/real_fg_memory_images/fg3.jpg","artificial",NA,NA,NA,NA,NA,NA,NA,NA
"3037","855924",7,"resources/real_fg_memory_images/orig23.jpg","real",NA,NA,NA,NA,NA,NA,NA,NA
"3038","855924",7,"resources/real_fg_memory_images/orig36.jpg","real",NA,NA,NA,NA,NA,NA,NA,NA
"3039","855924",9,"resources/real_fg_memory_images/fg6.jpg","artificial",NA,NA,NA,NA,NA,NA,NA,NA
"3040","855924",6,"resources/real_fg_memory_images/orig20.jpg","real",NA,NA,NA,NA,NA,NA,NA,NA
"3041","855924",7,"resources/real_fg_memory_images/orig26.jpg","real",NA,NA,NA,NA,NA,NA,NA,NA
"3042","855924",9,"resources/real_fg_memory_images/fg2.jpg","artificial",NA,NA,NA,NA,NA,NA,NA,NA
"3043","855924",9,"resources/real_fg_memory_images/orig34.jpg","real",NA,NA,NA,NA,NA,NA,NA,NA
"3044","855924",7,"resources/real_fg_memory_images/orig19.jpg","real",NA,NA,NA,NA,NA,NA,NA,NA
"3045","855924",6,"resources/real_fg_memory_images/orig22.jpg","real",NA,NA,NA,NA,NA,NA,NA,NA
"3046","855924",9,"resources/real_fg_memory_images/orig28.jpg","real",NA,NA,NA,NA,NA,NA,NA,NA
"3047","855924",7,"resources/real_fg_memory_images/fg9.jpg","artificial",NA,NA,NA,NA,NA,NA,NA,NA
"3048","855924",NA,NA,NA,NA,NA,NA,NA,NA,NA,NA,NA
"3049","855924",NA,NA,NA,NA,NA,NA,NA,4,"If something sounds too good to be true, it usually is",NA,NA
"3050","855924",NA,NA,NA,NA,NA,NA,NA,5,"If a telemarketer calls me, I usually listen to what they have to say",NA,NA
"3051","855924",NA,NA,NA,NA,NA,NA,NA,2,"I have difficulty ending a phone call, even if the caller is a telemarketer, someone I do not know, or someone I do not wish to call me",NA,NA
"3052","855924",NA,NA,NA,NA,NA,NA,NA,5,"I answer the phone whenever it rings, even if I do not know who is calling",NA,NA
"3053","855924",NA,NA,NA,NA,NA,NA,NA,5,"Persons over the age of 65 are often targeted by con-artists",NA,NA
"3054","855924",NA,NA,NA,NA,NA,NA,NA,NA,NA,NA,NA
"3055","855924",NA,NA,NA,NA,NA,NA,NA,NA,NA,"[""female_option""]",NA
"3056","855924",NA,NA,NA,NA,NA,NA,NA,NA,NA,NA,72
"3057","855924",NA,NA,NA,NA,NA,NA,NA,NA,NA,NA,NA
"3058","855924",NA,NA,NA,NA,NA,NA,NA,NA,NA,NA,NA
"3059","855924",NA,NA,NA,NA,NA,NA,NA,NA,NA,NA,NA
"3060","855924",NA,NA,NA,NA,NA,NA,NA,NA,NA,NA,NA
"3061","855924",NA,NA,NA,NA,NA,NA,NA,NA,NA,NA,NA
"3062","855924",NA,NA,NA,NA,NA,NA,NA,NA,NA,NA,NA
"3063","855924",NA,NA,NA,NA,NA,NA,NA,NA,NA,NA,NA
"3064","855924",NA,NA,NA,NA,NA,NA,NA,NA,NA,NA,NA
"3065","855924",NA,NA,NA,NA,NA,NA,NA,NA,NA,NA,NA
"3066","855924",NA,NA,NA,NA,NA,NA,NA,NA,NA,NA,NA
"3067","870665",NA,NA,NA,NA,NA,NA,NA,NA,NA,NA,NA
"3068","870665",NA,NA,NA,NA,NA,NA,NA,NA,NA,NA,NA
"3069","870665",NA,NA,NA,NA,NA,NA,NA,NA,NA,NA,NA
"3070","870665",NA,NA,NA,NA,NA,NA,NA,NA,NA,NA,NA
"3071","870665",6,"resources/real_fg_memory_images/orig21.jpg","real",NA,NA,NA,NA,NA,NA,NA,NA
"3072","870665",8,"resources/real_fg_memory_images/orig36.jpg","real",NA,NA,NA,NA,NA,NA,NA,NA
"3073","870665",5,"resources/real_fg_memory_images/fg6.jpg","artificial",NA,NA,NA,NA,NA,NA,NA,NA
"3074","870665",5,"resources/real_fg_memory_images/orig27.jpg","real",NA,NA,NA,NA,NA,NA,NA,NA
"3075","870665",7,"resources/real_fg_memory_images/orig26.jpg","real",NA,NA,NA,NA,NA,NA,NA,NA
"3076","870665",5,"resources/real_fg_memory_images/fg11.jpg","artificial",NA,NA,NA,NA,NA,NA,NA,NA
"3077","870665",4,"resources/real_fg_memory_images/fg7.jpg","artificial",NA,NA,NA,NA,NA,NA,NA,NA
"3078","870665",7,"resources/real_fg_memory_images/fg9.jpg","artificial",NA,NA,NA,NA,NA,NA,NA,NA
"3079","870665",8,"resources/real_fg_memory_images/orig34.jpg","real",NA,NA,NA,NA,NA,NA,NA,NA
"3080","870665",6,"resources/real_fg_memory_images/fg13.jpg","artificial",NA,NA,NA,NA,NA,NA,NA,NA
"3081","870665",5,"resources/real_fg_memory_images/orig29.jpg","real",NA,NA,NA,NA,NA,NA,NA,NA
"3082","870665",7,"resources/real_fg_memory_images/fg4.jpg","artificial",NA,NA,NA,NA,NA,NA,NA,NA
"3083","870665",0,"resources/real_fg_memory_images/fg3.jpg","artificial",NA,NA,NA,NA,NA,NA,NA,NA
"3084","870665",6,"resources/real_fg_memory_images/orig24.jpg","real",NA,NA,NA,NA,NA,NA,NA,NA
"3085","870665",0,"resources/real_fg_memory_images/fg1.jpg","artificial",NA,NA,NA,NA,NA,NA,NA,NA
"3086","870665",6,"resources/real_fg_memory_images/orig19.jpg","real",NA,NA,NA,NA,NA,NA,NA,NA
"3087","870665",8,"resources/real_fg_memory_images/fg14.jpg","artificial",NA,NA,NA,NA,NA,NA,NA,NA
"3088","870665",3,"resources/real_fg_memory_images/fg17.jpg","artificial",NA,NA,NA,NA,NA,NA,NA,NA
"3089","870665",3,"resources/real_fg_memory_images/orig25.jpg","real",NA,NA,NA,NA,NA,NA,NA,NA
"3090","870665",5,"resources/real_fg_memory_images/orig32.jpg","real",NA,NA,NA,NA,NA,NA,NA,NA
"3091","870665",7,"resources/real_fg_memory_images/orig23.jpg","real",NA,NA,NA,NA,NA,NA,NA,NA
"3092","870665",5,"resources/real_fg_memory_images/fg2.jpg","artificial",NA,NA,NA,NA,NA,NA,NA,NA
"3093","870665",5,"resources/real_fg_memory_images/orig33.jpg","real",NA,NA,NA,NA,NA,NA,NA,NA
"3094","870665",4,"resources/real_fg_memory_images/fg8.jpg","artificial",NA,NA,NA,NA,NA,NA,NA,NA
"3095","870665",8,"resources/real_fg_memory_images/orig30.jpg","real",NA,NA,NA,NA,NA,NA,NA,NA
"3096","870665",5,"resources/real_fg_memory_images/fg18.jpg","artificial",NA,NA,NA,NA,NA,NA,NA,NA
"3097","870665",6,"resources/real_fg_memory_images/fg16.jpg","artificial",NA,NA,NA,NA,NA,NA,NA,NA
"3098","870665",3,"resources/real_fg_memory_images/orig35.jpg","real",NA,NA,NA,NA,NA,NA,NA,NA
"3099","870665",5,"resources/real_fg_memory_images/fg12.jpg","artificial",NA,NA,NA,NA,NA,NA,NA,NA
"3100","870665",1,"resources/real_fg_memory_images/fg10.jpg","artificial",NA,NA,NA,NA,NA,NA,NA,NA
"3101","870665",1,"resources/real_fg_memory_images/fg15.jpg","artificial",NA,NA,NA,NA,NA,NA,NA,NA
"3102","870665",3,"resources/real_fg_memory_images/orig22.jpg","real",NA,NA,NA,NA,NA,NA,NA,NA
"3103","870665",4,"resources/real_fg_memory_images/orig20.jpg","real",NA,NA,NA,NA,NA,NA,NA,NA
"3104","870665",0,"resources/real_fg_memory_images/fg5.jpg","artificial",NA,NA,NA,NA,NA,NA,NA,NA
"3105","870665",0,"resources/real_fg_memory_images/orig31.jpg","real",NA,NA,NA,NA,NA,NA,NA,NA
"3106","870665",6,"resources/real_fg_memory_images/orig28.jpg","real",NA,NA,NA,NA,NA,NA,NA,NA
"3107","870665",NA,NA,NA,NA,NA,NA,NA,NA,NA,NA,NA
"3108","870665",NA,"resources/real_fg_memory_images/orig23.jpg",NA,"real","Neutral",NA,NA,NA,NA,NA,NA
"3109","870665",NA,"resources/real_fg_memory_images/orig24.jpg",NA,"real","Neutral",NA,NA,NA,NA,NA,NA
"3110","870665",NA,"resources/real_fg_memory_images/orig25.jpg",NA,"real","Scam",NA,NA,NA,NA,NA,NA
"3111","870665",NA,"resources/real_fg_memory_images/fg8.jpg",NA,"artificial","Scam",NA,NA,NA,NA,NA,NA
"3112","870665",NA,"resources/real_fg_memory_images/fg7.jpg",NA,"artificial","Scam",NA,NA,NA,NA,NA,NA
"3113","870665",NA,"resources/real_fg_memory_images/fg3.jpg",NA,"artificial","Neutral",NA,NA,NA,NA,NA,NA
"3114","870665",NA,"resources/real_fg_memory_images/fg5.jpg",NA,"artificial","Neutral",NA,NA,NA,NA,NA,NA
"3115","870665",NA,"resources/real_fg_memory_images/orig28.jpg",NA,"real","Scam",NA,NA,NA,NA,NA,NA
"3116","870665",NA,"resources/real_fg_memory_images/orig21.jpg",NA,"real","Neutral",NA,NA,NA,NA,NA,NA
"3117","870665",NA,"resources/real_fg_memory_images/orig27.jpg",NA,"real","Scam",NA,NA,NA,NA,NA,NA
"3118","870665",NA,"resources/real_fg_memory_images/fg1.jpg",NA,"artificial","Neutral",NA,NA,NA,NA,NA,NA
"3119","870665",NA,"resources/real_fg_memory_images/fg2.jpg",NA,"artificial","Neutral",NA,NA,NA,NA,NA,NA
"3120","870665",NA,"resources/real_fg_memory_images/fg6.jpg",NA,"artificial","Neutral",NA,NA,NA,NA,NA,NA
"3121","870665",NA,"resources/real_fg_memory_images/fg11.jpg",NA,"artificial","Scam",NA,NA,NA,NA,NA,NA
"3122","870665",NA,"resources/real_fg_memory_images/orig30.jpg",NA,"real","Scam",NA,NA,NA,NA,NA,NA
"3123","870665",NA,"resources/real_fg_memory_images/fg9.jpg",NA,"artificial","Scam",NA,NA,NA,NA,NA,NA
"3124","870665",NA,"resources/real_fg_memory_images/orig19.jpg",NA,"real","Neutral",NA,NA,NA,NA,NA,NA
"3125","870665",NA,"resources/real_fg_memory_images/orig22.jpg",NA,"real","Neutral",NA,NA,NA,NA,NA,NA
"3126","870665",NA,"resources/real_fg_memory_images/fg4.jpg",NA,"artificial","Neutral",NA,NA,NA,NA,NA,NA
"3127","870665",NA,"resources/real_fg_memory_images/orig20.jpg",NA,"real","Neutral",NA,NA,NA,NA,NA,NA
"3128","870665",NA,"resources/real_fg_memory_images/orig26.jpg",NA,"real","Scam",NA,NA,NA,NA,NA,NA
"3129","870665",NA,"resources/real_fg_memory_images/fg10.jpg",NA,"artificial","Scam",NA,NA,NA,NA,NA,NA
"3130","870665",NA,"resources/real_fg_memory_images/fg12.jpg",NA,"artificial","Scam",NA,NA,NA,NA,NA,NA
"3131","870665",NA,"resources/real_fg_memory_images/orig29.jpg",NA,"real","Scam",NA,NA,NA,NA,NA,NA
"3132","870665",NA,NA,NA,NA,NA,NA,NA,NA,NA,NA,NA
"3133","870665",NA,"resources/real_fg_memory_images/orig27.jpg",NA,"real","Scam","[""scam_button""]","10",NA,NA,NA,NA
"3134","870665",NA,"resources/real_fg_memory_images/fg6.jpg",NA,"artificial","Neutral","[""scam_button""]","9",NA,NA,NA,NA
"3135","870665",NA,"resources/real_fg_memory_images/fg5.jpg",NA,"artificial","Neutral","[""scam_button""]","10",NA,NA,NA,NA
"3136","870665",NA,"resources/real_fg_memory_images/orig24.jpg",NA,"real","Neutral","[""scam_button""]","9",NA,NA,NA,NA
"3137","870665",NA,"resources/real_fg_memory_images/fg4.jpg",NA,"artificial","Neutral","[""scam_button""]","10",NA,NA,NA,NA
"3138","870665",NA,"resources/real_fg_memory_images/orig29.jpg",NA,"real","Scam","[""scam_button""]","10",NA,NA,NA,NA
"3139","870665",NA,"resources/real_fg_memory_images/orig23.jpg",NA,"real","Neutral","[""neutral_button""]","8",NA,NA,NA,NA
"3140","870665",NA,"resources/real_fg_memory_images/fg1.jpg",NA,"artificial","Neutral","[""scam_button""]","10",NA,NA,NA,NA
"3141","870665",NA,"resources/real_fg_memory_images/orig21.jpg",NA,"real","Neutral","[""scam_button""]","8",NA,NA,NA,NA
"3142","870665",NA,"resources/real_fg_memory_images/orig30.jpg",NA,"real","Scam","[""scam_button""]","10",NA,NA,NA,NA
"3143","870665",NA,"resources/real_fg_memory_images/orig28.jpg",NA,"real","Scam","[""scam_button""]","10",NA,NA,NA,NA
"3144","870665",NA,"resources/real_fg_memory_images/orig26.jpg",NA,"real","Scam","[""scam_button""]","10",NA,NA,NA,NA
"3145","870665",NA,"resources/real_fg_memory_images/fg12.jpg",NA,"artificial","Scam","[""scam_button""]","10",NA,NA,NA,NA
"3146","870665",NA,"resources/real_fg_memory_images/orig20.jpg",NA,"real","Neutral","[""neutral_button""]","8",NA,NA,NA,NA
"3147","870665",NA,"resources/real_fg_memory_images/orig19.jpg",NA,"real","Neutral","[""neutral_button""]","9",NA,NA,NA,NA
"3148","870665",NA,"resources/real_fg_memory_images/fg7.jpg",NA,"artificial","Scam","[""scam_button""]","10",NA,NA,NA,NA
"3149","870665",NA,"resources/real_fg_memory_images/fg10.jpg",NA,"artificial","Scam","[""scam_button""]","10",NA,NA,NA,NA
"3150","870665",NA,"resources/real_fg_memory_images/orig22.jpg",NA,"real","Neutral","[""neutral_button""]","10",NA,NA,NA,NA
"3151","870665",NA,"resources/real_fg_memory_images/fg9.jpg",NA,"artificial","Scam","[""scam_button""]","9",NA,NA,NA,NA
"3152","870665",NA,"resources/real_fg_memory_images/fg3.jpg",NA,"artificial","Neutral","[""neutral_button""]","10",NA,NA,NA,NA
"3153","870665",NA,"resources/real_fg_memory_images/orig25.jpg",NA,"real","Scam","[""scam_button""]","10",NA,NA,NA,NA
"3154","870665",NA,"resources/real_fg_memory_images/fg11.jpg",NA,"artificial","Scam","[""scam_button""]","10",NA,NA,NA,NA
"3155","870665",NA,"resources/real_fg_memory_images/fg2.jpg",NA,"artificial","Neutral","[""neutral_button""]","10",NA,NA,NA,NA
"3156","870665",NA,"resources/real_fg_memory_images/fg8.jpg",NA,"artificial","Scam","[""scam_button""]","10",NA,NA,NA,NA
"3157","870665",NA,NA,NA,NA,NA,NA,NA,NA,NA,NA,NA
"3158","870665",6,"resources/real_fg_memory_images/orig21.jpg","real",NA,NA,NA,NA,NA,NA,NA,NA
"3159","870665",5,"resources/real_fg_memory_images/fg3.jpg","artificial",NA,NA,NA,NA,NA,NA,NA,NA
"3160","870665",7,"resources/real_fg_memory_images/fg2.jpg","artificial",NA,NA,NA,NA,NA,NA,NA,NA
"3161","870665",4,"resources/real_fg_memory_images/orig31.jpg","real",NA,NA,NA,NA,NA,NA,NA,NA
"3162","870665",2,"resources/real_fg_memory_images/orig27.jpg","real",NA,NA,NA,NA,NA,NA,NA,NA
"3163","870665",1,"resources/real_fg_memory_images/orig29.jpg","real",NA,NA,NA,NA,NA,NA,NA,NA
"3164","870665",3,"resources/real_fg_memory_images/orig23.jpg","real",NA,NA,NA,NA,NA,NA,NA,NA
"3165","870665",3,"resources/real_fg_memory_images/fg4.jpg","artificial",NA,NA,NA,NA,NA,NA,NA,NA
"3166","870665",8,"resources/real_fg_memory_images/orig22.jpg","real",NA,NA,NA,NA,NA,NA,NA,NA
"3167","870665",5,"resources/real_fg_memory_images/orig33.jpg","real",NA,NA,NA,NA,NA,NA,NA,NA
"3168","870665",1,"resources/real_fg_memory_images/fg17.jpg","artificial",NA,NA,NA,NA,NA,NA,NA,NA
"3169","870665",0,"resources/real_fg_memory_images/fg12.jpg","artificial",NA,NA,NA,NA,NA,NA,NA,NA
"3170","870665",4,"resources/real_fg_memory_images/orig19.jpg","real",NA,NA,NA,NA,NA,NA,NA,NA
"3171","870665",5,"resources/real_fg_memory_images/orig36.jpg","real",NA,NA,NA,NA,NA,NA,NA,NA
"3172","870665",3,"resources/real_fg_memory_images/orig24.jpg","real",NA,NA,NA,NA,NA,NA,NA,NA
"3173","870665",5,"resources/real_fg_memory_images/fg13.jpg","artificial",NA,NA,NA,NA,NA,NA,NA,NA
"3174","870665",1,"resources/real_fg_memory_images/fg11.jpg","artificial",NA,NA,NA,NA,NA,NA,NA,NA
"3175","870665",2,"resources/real_fg_memory_images/orig25.jpg","real",NA,NA,NA,NA,NA,NA,NA,NA
"3176","870665",3,"resources/real_fg_memory_images/fg5.jpg","artificial",NA,NA,NA,NA,NA,NA,NA,NA
"3177","870665",6,"resources/real_fg_memory_images/fg14.jpg","artificial",NA,NA,NA,NA,NA,NA,NA,NA
"3178","870665",0,"resources/real_fg_memory_images/orig34.jpg","real",NA,NA,NA,NA,NA,NA,NA,NA
"3179","870665",5,"resources/real_fg_memory_images/orig35.jpg","real",NA,NA,NA,NA,NA,NA,NA,NA
"3180","870665",1,"resources/real_fg_memory_images/orig20.jpg","real",NA,NA,NA,NA,NA,NA,NA,NA
"3181","870665",6,"resources/real_fg_memory_images/fg16.jpg","artificial",NA,NA,NA,NA,NA,NA,NA,NA
"3182","870665",4,"resources/real_fg_memory_images/orig32.jpg","real",NA,NA,NA,NA,NA,NA,NA,NA
"3183","870665",0,"resources/real_fg_memory_images/fg8.jpg","artificial",NA,NA,NA,NA,NA,NA,NA,NA
"3184","870665",0,"resources/real_fg_memory_images/orig28.jpg","real",NA,NA,NA,NA,NA,NA,NA,NA
"3185","870665",0,"resources/real_fg_memory_images/fg1.jpg","artificial",NA,NA,NA,NA,NA,NA,NA,NA
"3186","870665",1,"resources/real_fg_memory_images/fg7.jpg","artificial",NA,NA,NA,NA,NA,NA,NA,NA
"3187","870665",3,"resources/real_fg_memory_images/fg9.jpg","artificial",NA,NA,NA,NA,NA,NA,NA,NA
"3188","870665",4,"resources/real_fg_memory_images/fg6.jpg","artificial",NA,NA,NA,NA,NA,NA,NA,NA
"3189","870665",6,"resources/real_fg_memory_images/fg18.jpg","artificial",NA,NA,NA,NA,NA,NA,NA,NA
"3190","870665",9,"resources/real_fg_memory_images/orig30.jpg","real",NA,NA,NA,NA,NA,NA,NA,NA
"3191","870665",5,"resources/real_fg_memory_images/fg15.jpg","artificial",NA,NA,NA,NA,NA,NA,NA,NA
"3192","870665",5,"resources/real_fg_memory_images/orig26.jpg","real",NA,NA,NA,NA,NA,NA,NA,NA
"3193","870665",4,"resources/real_fg_memory_images/fg10.jpg","artificial",NA,NA,NA,NA,NA,NA,NA,NA
"3194","870665",NA,NA,NA,NA,NA,NA,NA,NA,NA,NA,NA
"3195","870665",NA,NA,NA,NA,NA,NA,NA,3,"If something sounds too good to be true, it usually is",NA,NA
"3196","870665",NA,NA,NA,NA,NA,NA,NA,5,"If a telemarketer calls me, I usually listen to what they have to say",NA,NA
"3197","870665",NA,NA,NA,NA,NA,NA,NA,3,"I answer the phone whenever it rings, even if I do not know who is calling",NA,NA
"3198","870665",NA,NA,NA,NA,NA,NA,NA,3,"I have difficulty ending a phone call, even if the caller is a telemarketer, someone I do not know, or someone I do not wish to call me",NA,NA
"3199","870665",NA,NA,NA,NA,NA,NA,NA,5,"Persons over the age of 65 are often targeted by con-artists",NA,NA
"3200","870665",NA,NA,NA,NA,NA,NA,NA,NA,NA,NA,NA
"3201","870665",NA,NA,NA,NA,NA,NA,NA,NA,NA,"[""female_option""]",NA
"3202","870665",NA,NA,NA,NA,NA,NA,NA,NA,NA,NA,69
"3203","870665",NA,NA,NA,NA,NA,NA,NA,NA,NA,NA,NA
"3204","870665",NA,NA,NA,NA,NA,NA,NA,NA,NA,NA,NA
"3205","870665",NA,NA,NA,NA,NA,NA,NA,NA,NA,NA,NA
"3206","870665",NA,NA,NA,NA,NA,NA,NA,NA,NA,NA,NA
"3207","870665",NA,NA,NA,NA,NA,NA,NA,NA,NA,NA,NA
"3208","870665",NA,NA,NA,NA,NA,NA,NA,NA,NA,NA,NA
"3209","870665",NA,NA,NA,NA,NA,NA,NA,NA,NA,NA,NA
"3210","870665",NA,NA,NA,NA,NA,NA,NA,NA,NA,NA,NA
"3211","870665",NA,NA,NA,NA,NA,NA,NA,NA,NA,NA,NA
"3212","870665",NA,NA,NA,NA,NA,NA,NA,NA,NA,NA,NA
"3213","909530",NA,NA,NA,NA,NA,NA,NA,NA,NA,NA,NA
"3214","909530",NA,NA,NA,NA,NA,NA,NA,NA,NA,NA,NA
"3215","909530",NA,NA,NA,NA,NA,NA,NA,NA,NA,NA,NA
"3216","909530",NA,NA,NA,NA,NA,NA,NA,NA,NA,NA,NA
"3217","909530",8,"resources/real_fg_memory_images/orig19.jpg","real",NA,NA,NA,NA,NA,NA,NA,NA
"3218","909530",8,"resources/real_fg_memory_images/fg18.jpg","artificial",NA,NA,NA,NA,NA,NA,NA,NA
"3219","909530",8,"resources/real_fg_memory_images/fg15.jpg","artificial",NA,NA,NA,NA,NA,NA,NA,NA
"3220","909530",9,"resources/real_fg_memory_images/orig30.jpg","real",NA,NA,NA,NA,NA,NA,NA,NA
"3221","909530",9,"resources/real_fg_memory_images/fg4.jpg","artificial",NA,NA,NA,NA,NA,NA,NA,NA
"3222","909530",9,"resources/real_fg_memory_images/orig32.jpg","real",NA,NA,NA,NA,NA,NA,NA,NA
"3223","909530",8,"resources/real_fg_memory_images/fg13.jpg","artificial",NA,NA,NA,NA,NA,NA,NA,NA
"3224","909530",8,"resources/real_fg_memory_images/orig35.jpg","real",NA,NA,NA,NA,NA,NA,NA,NA
"3225","909530",8,"resources/real_fg_memory_images/orig36.jpg","real",NA,NA,NA,NA,NA,NA,NA,NA
"3226","909530",7,"resources/real_fg_memory_images/orig22.jpg","real",NA,NA,NA,NA,NA,NA,NA,NA
"3227","909530",8,"resources/real_fg_memory_images/orig26.jpg","real",NA,NA,NA,NA,NA,NA,NA,NA
"3228","909530",8,"resources/real_fg_memory_images/fg2.jpg","artificial",NA,NA,NA,NA,NA,NA,NA,NA
"3229","909530",7,"resources/real_fg_memory_images/orig21.jpg","real",NA,NA,NA,NA,NA,NA,NA,NA
"3230","909530",6,"resources/real_fg_memory_images/fg3.jpg","artificial",NA,NA,NA,NA,NA,NA,NA,NA
"3231","909530",5,"resources/real_fg_memory_images/orig31.jpg","real",NA,NA,NA,NA,NA,NA,NA,NA
"3232","909530",6,"resources/real_fg_memory_images/fg1.jpg","artificial",NA,NA,NA,NA,NA,NA,NA,NA
"3233","909530",7,"resources/real_fg_memory_images/fg17.jpg","artificial",NA,NA,NA,NA,NA,NA,NA,NA
"3234","909530",6,"resources/real_fg_memory_images/orig29.jpg","real",NA,NA,NA,NA,NA,NA,NA,NA
"3235","909530",6,"resources/real_fg_memory_images/orig25.jpg","real",NA,NA,NA,NA,NA,NA,NA,NA
"3236","909530",6,"resources/real_fg_memory_images/orig34.jpg","real",NA,NA,NA,NA,NA,NA,NA,NA
"3237","909530",7,"resources/real_fg_memory_images/fg11.jpg","artificial",NA,NA,NA,NA,NA,NA,NA,NA
"3238","909530",6,"resources/real_fg_memory_images/orig20.jpg","real",NA,NA,NA,NA,NA,NA,NA,NA
"3239","909530",6,"resources/real_fg_memory_images/fg10.jpg","artificial",NA,NA,NA,NA,NA,NA,NA,NA
"3240","909530",4,"resources/real_fg_memory_images/orig27.jpg","real",NA,NA,NA,NA,NA,NA,NA,NA
"3241","909530",6,"resources/real_fg_memory_images/fg8.jpg","artificial",NA,NA,NA,NA,NA,NA,NA,NA
"3242","909530",5,"resources/real_fg_memory_images/fg16.jpg","artificial",NA,NA,NA,NA,NA,NA,NA,NA
"3243","909530",5,"resources/real_fg_memory_images/orig24.jpg","real",NA,NA,NA,NA,NA,NA,NA,NA
"3244","909530",5,"resources/real_fg_memory_images/fg6.jpg","artificial",NA,NA,NA,NA,NA,NA,NA,NA
"3245","909530",5,"resources/real_fg_memory_images/fg7.jpg","artificial",NA,NA,NA,NA,NA,NA,NA,NA
"3246","909530",4,"resources/real_fg_memory_images/orig23.jpg","real",NA,NA,NA,NA,NA,NA,NA,NA
"3247","909530",4,"resources/real_fg_memory_images/orig28.jpg","real",NA,NA,NA,NA,NA,NA,NA,NA
"3248","909530",4,"resources/real_fg_memory_images/fg5.jpg","artificial",NA,NA,NA,NA,NA,NA,NA,NA
"3249","909530",4,"resources/real_fg_memory_images/orig33.jpg","real",NA,NA,NA,NA,NA,NA,NA,NA
"3250","909530",7,"resources/real_fg_memory_images/fg14.jpg","artificial",NA,NA,NA,NA,NA,NA,NA,NA
"3251","909530",7,"resources/real_fg_memory_images/fg12.jpg","artificial",NA,NA,NA,NA,NA,NA,NA,NA
"3252","909530",6,"resources/real_fg_memory_images/fg9.jpg","artificial",NA,NA,NA,NA,NA,NA,NA,NA
"3253","909530",NA,NA,NA,NA,NA,NA,NA,NA,NA,NA,NA
"3254","909530",NA,"resources/real_fg_memory_images/fg6.jpg",NA,"artificial","Neutral",NA,NA,NA,NA,NA,NA
"3255","909530",NA,"resources/real_fg_memory_images/fg10.jpg",NA,"artificial","Scam",NA,NA,NA,NA,NA,NA
"3256","909530",NA,"resources/real_fg_memory_images/orig27.jpg",NA,"real","Scam",NA,NA,NA,NA,NA,NA
"3257","909530",NA,"resources/real_fg_memory_images/fg9.jpg",NA,"artificial","Scam",NA,NA,NA,NA,NA,NA
"3258","909530",NA,"resources/real_fg_memory_images/orig22.jpg",NA,"real","Neutral",NA,NA,NA,NA,NA,NA
"3259","909530",NA,"resources/real_fg_memory_images/orig21.jpg",NA,"real","Neutral",NA,NA,NA,NA,NA,NA
"3260","909530",NA,"resources/real_fg_memory_images/fg5.jpg",NA,"artificial","Neutral",NA,NA,NA,NA,NA,NA
"3261","909530",NA,"resources/real_fg_memory_images/orig26.jpg",NA,"real","Scam",NA,NA,NA,NA,NA,NA
"3262","909530",NA,"resources/real_fg_memory_images/orig29.jpg",NA,"real","Scam",NA,NA,NA,NA,NA,NA
"3263","909530",NA,"resources/real_fg_memory_images/fg3.jpg",NA,"artificial","Neutral",NA,NA,NA,NA,NA,NA
"3264","909530",NA,"resources/real_fg_memory_images/orig30.jpg",NA,"real","Scam",NA,NA,NA,NA,NA,NA
"3265","909530",NA,"resources/real_fg_memory_images/fg1.jpg",NA,"artificial","Neutral",NA,NA,NA,NA,NA,NA
"3266","909530",NA,"resources/real_fg_memory_images/orig20.jpg",NA,"real","Neutral",NA,NA,NA,NA,NA,NA
"3267","909530",NA,"resources/real_fg_memory_images/orig24.jpg",NA,"real","Neutral",NA,NA,NA,NA,NA,NA
"3268","909530",NA,"resources/real_fg_memory_images/orig25.jpg",NA,"real","Scam",NA,NA,NA,NA,NA,NA
"3269","909530",NA,"resources/real_fg_memory_images/fg4.jpg",NA,"artificial","Neutral",NA,NA,NA,NA,NA,NA
"3270","909530",NA,"resources/real_fg_memory_images/fg12.jpg",NA,"artificial","Scam",NA,NA,NA,NA,NA,NA
"3271","909530",NA,"resources/real_fg_memory_images/fg8.jpg",NA,"artificial","Scam",NA,NA,NA,NA,NA,NA
"3272","909530",NA,"resources/real_fg_memory_images/fg7.jpg",NA,"artificial","Scam",NA,NA,NA,NA,NA,NA
"3273","909530",NA,"resources/real_fg_memory_images/orig28.jpg",NA,"real","Scam",NA,NA,NA,NA,NA,NA
"3274","909530",NA,"resources/real_fg_memory_images/fg11.jpg",NA,"artificial","Scam",NA,NA,NA,NA,NA,NA
"3275","909530",NA,"resources/real_fg_memory_images/orig23.jpg",NA,"real","Neutral",NA,NA,NA,NA,NA,NA
"3276","909530",NA,"resources/real_fg_memory_images/orig19.jpg",NA,"real","Neutral",NA,NA,NA,NA,NA,NA
"3277","909530",NA,"resources/real_fg_memory_images/fg2.jpg",NA,"artificial","Neutral",NA,NA,NA,NA,NA,NA
"3278","909530",NA,NA,NA,NA,NA,NA,NA,NA,NA,NA,NA
"3279","909530",NA,"resources/real_fg_memory_images/fg11.jpg",NA,"artificial","Scam","[""scam_button""]","7",NA,NA,NA,NA
"3280","909530",NA,"resources/real_fg_memory_images/orig28.jpg",NA,"real","Scam","[""scam_button""]","8",NA,NA,NA,NA
"3281","909530",NA,"resources/real_fg_memory_images/fg6.jpg",NA,"artificial","Neutral","[""scam_button""]","6",NA,NA,NA,NA
"3282","909530",NA,"resources/real_fg_memory_images/fg5.jpg",NA,"artificial","Neutral","[""scam_button""]","9",NA,NA,NA,NA
"3283","909530",NA,"resources/real_fg_memory_images/orig21.jpg",NA,"real","Neutral","[""neutral_button""]","10",NA,NA,NA,NA
"3284","909530",NA,"resources/real_fg_memory_images/orig23.jpg",NA,"real","Neutral","[""neutral_button""]","7",NA,NA,NA,NA
"3285","909530",NA,"resources/real_fg_memory_images/orig19.jpg",NA,"real","Neutral","[""neutral_button""]","8",NA,NA,NA,NA
"3286","909530",NA,"resources/real_fg_memory_images/orig20.jpg",NA,"real","Neutral","[""scam_button""]","8",NA,NA,NA,NA
"3287","909530",NA,"resources/real_fg_memory_images/orig22.jpg",NA,"real","Neutral","[""neutral_button""]","10",NA,NA,NA,NA
"3288","909530",NA,"resources/real_fg_memory_images/fg9.jpg",NA,"artificial","Scam","[""scam_button""]","5",NA,NA,NA,NA
"3289","909530",NA,"resources/real_fg_memory_images/fg8.jpg",NA,"artificial","Scam","[""scam_button""]","10",NA,NA,NA,NA
"3290","909530",NA,"resources/real_fg_memory_images/fg12.jpg",NA,"artificial","Scam","[""scam_button""]","6",NA,NA,NA,NA
"3291","909530",NA,"resources/real_fg_memory_images/fg10.jpg",NA,"artificial","Scam","[""scam_button""]","10",NA,NA,NA,NA
"3292","909530",NA,"resources/real_fg_memory_images/fg2.jpg",NA,"artificial","Neutral","[""neutral_button""]","10",NA,NA,NA,NA
"3293","909530",NA,"resources/real_fg_memory_images/fg7.jpg",NA,"artificial","Scam","[""neutral_button""]","7",NA,NA,NA,NA
"3294","909530",NA,"resources/real_fg_memory_images/orig24.jpg",NA,"real","Neutral","[""neutral_button""]","10",NA,NA,NA,NA
"3295","909530",NA,"resources/real_fg_memory_images/fg4.jpg",NA,"artificial","Neutral","[""neutral_button""]","7",NA,NA,NA,NA
"3296","909530",NA,"resources/real_fg_memory_images/orig26.jpg",NA,"real","Scam","[""scam_button""]","10",NA,NA,NA,NA
"3297","909530",NA,"resources/real_fg_memory_images/orig30.jpg",NA,"real","Scam","[""scam_button""]","10",NA,NA,NA,NA
"3298","909530",NA,"resources/real_fg_memory_images/orig29.jpg",NA,"real","Scam","[""scam_button""]","10",NA,NA,NA,NA
"3299","909530",NA,"resources/real_fg_memory_images/fg3.jpg",NA,"artificial","Neutral","[""neutral_button""]","8",NA,NA,NA,NA
"3300","909530",NA,"resources/real_fg_memory_images/orig25.jpg",NA,"real","Scam","[""neutral_button""]","8",NA,NA,NA,NA
"3301","909530",NA,"resources/real_fg_memory_images/orig27.jpg",NA,"real","Scam","[""scam_button""]","10",NA,NA,NA,NA
"3302","909530",NA,"resources/real_fg_memory_images/fg1.jpg",NA,"artificial","Neutral","[""neutral_button""]","4",NA,NA,NA,NA
"3303","909530",NA,NA,NA,NA,NA,NA,NA,NA,NA,NA,NA
"3304","909530",4,"resources/real_fg_memory_images/fg12.jpg","artificial",NA,NA,NA,NA,NA,NA,NA,NA
"3305","909530",7,"resources/real_fg_memory_images/orig35.jpg","real",NA,NA,NA,NA,NA,NA,NA,NA
"3306","909530",7,"resources/real_fg_memory_images/fg6.jpg","artificial",NA,NA,NA,NA,NA,NA,NA,NA
"3307","909530",6,"resources/real_fg_memory_images/orig20.jpg","real",NA,NA,NA,NA,NA,NA,NA,NA
"3308","909530",7,"resources/real_fg_memory_images/orig24.jpg","real",NA,NA,NA,NA,NA,NA,NA,NA
"3309","909530",7,"resources/real_fg_memory_images/orig25.jpg","real",NA,NA,NA,NA,NA,NA,NA,NA
"3310","909530",6,"resources/real_fg_memory_images/fg5.jpg","artificial",NA,NA,NA,NA,NA,NA,NA,NA
"3311","909530",7,"resources/real_fg_memory_images/fg14.jpg","artificial",NA,NA,NA,NA,NA,NA,NA,NA
"3312","909530",6,"resources/real_fg_memory_images/fg17.jpg","artificial",NA,NA,NA,NA,NA,NA,NA,NA
"3313","909530",4,"resources/real_fg_memory_images/fg8.jpg","artificial",NA,NA,NA,NA,NA,NA,NA,NA
"3314","909530",7,"resources/real_fg_memory_images/orig21.jpg","real",NA,NA,NA,NA,NA,NA,NA,NA
"3315","909530",7,"resources/real_fg_memory_images/fg18.jpg","artificial",NA,NA,NA,NA,NA,NA,NA,NA
"3316","909530",6,"resources/real_fg_memory_images/fg4.jpg","artificial",NA,NA,NA,NA,NA,NA,NA,NA
"3317","909530",4,"resources/real_fg_memory_images/fg9.jpg","artificial",NA,NA,NA,NA,NA,NA,NA,NA
"3318","909530",5,"resources/real_fg_memory_images/fg11.jpg","artificial",NA,NA,NA,NA,NA,NA,NA,NA
"3319","909530",7,"resources/real_fg_memory_images/fg10.jpg","artificial",NA,NA,NA,NA,NA,NA,NA,NA
"3320","909530",6,"resources/real_fg_memory_images/orig33.jpg","real",NA,NA,NA,NA,NA,NA,NA,NA
"3321","909530",7,"resources/real_fg_memory_images/orig31.jpg","real",NA,NA,NA,NA,NA,NA,NA,NA
"3322","909530",5,"resources/real_fg_memory_images/orig22.jpg","real",NA,NA,NA,NA,NA,NA,NA,NA
"3323","909530",6,"resources/real_fg_memory_images/orig23.jpg","real",NA,NA,NA,NA,NA,NA,NA,NA
"3324","909530",6,"resources/real_fg_memory_images/fg3.jpg","artificial",NA,NA,NA,NA,NA,NA,NA,NA
"3325","909530",6,"resources/real_fg_memory_images/orig32.jpg","real",NA,NA,NA,NA,NA,NA,NA,NA
"3326","909530",6,"resources/real_fg_memory_images/orig19.jpg","real",NA,NA,NA,NA,NA,NA,NA,NA
"3327","909530",3,"resources/real_fg_memory_images/orig27.jpg","real",NA,NA,NA,NA,NA,NA,NA,NA
"3328","909530",5,"resources/real_fg_memory_images/fg13.jpg","artificial",NA,NA,NA,NA,NA,NA,NA,NA
"3329","909530",5,"resources/real_fg_memory_images/fg15.jpg","artificial",NA,NA,NA,NA,NA,NA,NA,NA
"3330","909530",5,"resources/real_fg_memory_images/orig30.jpg","real",NA,NA,NA,NA,NA,NA,NA,NA
"3331","909530",4,"resources/real_fg_memory_images/fg7.jpg","artificial",NA,NA,NA,NA,NA,NA,NA,NA
"3332","909530",5,"resources/real_fg_memory_images/orig34.jpg","real",NA,NA,NA,NA,NA,NA,NA,NA
"3333","909530",6,"resources/real_fg_memory_images/orig29.jpg","real",NA,NA,NA,NA,NA,NA,NA,NA
"3334","909530",6,"resources/real_fg_memory_images/fg2.jpg","artificial",NA,NA,NA,NA,NA,NA,NA,NA
"3335","909530",6,"resources/real_fg_memory_images/orig28.jpg","real",NA,NA,NA,NA,NA,NA,NA,NA
"3336","909530",6,"resources/real_fg_memory_images/fg1.jpg","artificial",NA,NA,NA,NA,NA,NA,NA,NA
"3337","909530",4,"resources/real_fg_memory_images/orig26.jpg","real",NA,NA,NA,NA,NA,NA,NA,NA
"3338","909530",5,"resources/real_fg_memory_images/fg16.jpg","artificial",NA,NA,NA,NA,NA,NA,NA,NA
"3339","909530",5,"resources/real_fg_memory_images/orig36.jpg","real",NA,NA,NA,NA,NA,NA,NA,NA
"3340","909530",NA,NA,NA,NA,NA,NA,NA,NA,NA,NA,NA
"3341","909530",NA,NA,NA,NA,NA,NA,NA,4,"Persons over the age of 65 are often targeted by con-artists",NA,NA
"3342","909530",NA,NA,NA,NA,NA,NA,NA,4,"If something sounds too good to be true, it usually is",NA,NA
"3343","909530",NA,NA,NA,NA,NA,NA,NA,4,"I answer the phone whenever it rings, even if I do not know who is calling",NA,NA
"3344","909530",NA,NA,NA,NA,NA,NA,NA,4,"If a telemarketer calls me, I usually listen to what they have to say",NA,NA
"3345","909530",NA,NA,NA,NA,NA,NA,NA,4,"I have difficulty ending a phone call, even if the caller is a telemarketer, someone I do not know, or someone I do not wish to call me",NA,NA
"3346","909530",NA,NA,NA,NA,NA,NA,NA,NA,NA,NA,NA
"3347","909530",NA,NA,NA,NA,NA,NA,NA,NA,NA,"[""female_option""]",NA
"3348","909530",NA,NA,NA,NA,NA,NA,NA,NA,NA,NA,71
"3349","909530",NA,NA,NA,NA,NA,NA,NA,NA,NA,NA,NA
"3350","909530",NA,NA,NA,NA,NA,NA,NA,NA,NA,NA,NA
"3351","909530",NA,NA,NA,NA,NA,NA,NA,NA,NA,NA,NA
"3352","909530",NA,NA,NA,NA,NA,NA,NA,NA,NA,NA,NA
"3353","909530",NA,NA,NA,NA,NA,NA,NA,NA,NA,NA,NA
"3354","909530",NA,NA,NA,NA,NA,NA,NA,NA,NA,NA,NA
"3355","909530",NA,NA,NA,NA,NA,NA,NA,NA,NA,NA,NA
"3356","909530",NA,NA,NA,NA,NA,NA,NA,NA,NA,NA,NA
"3357","909530",NA,NA,NA,NA,NA,NA,NA,NA,NA,NA,NA
"3358","909530",NA,NA,NA,NA,NA,NA,NA,NA,NA,NA,NA
"3359","966235",NA,NA,NA,NA,NA,NA,NA,NA,NA,NA,NA
"3360","966235",NA,NA,NA,NA,NA,NA,NA,NA,NA,NA,NA
"3361","966235",NA,NA,NA,NA,NA,NA,NA,NA,NA,NA,NA
"3362","966235",NA,NA,NA,NA,NA,NA,NA,NA,NA,NA,NA
"3363","966235",4,"resources/real_fg_memory_images/fg15.jpg","artificial",NA,NA,NA,NA,NA,NA,NA,NA
"3364","966235",6,"resources/real_fg_memory_images/orig28.jpg","real",NA,NA,NA,NA,NA,NA,NA,NA
"3365","966235",8,"resources/real_fg_memory_images/orig35.jpg","real",NA,NA,NA,NA,NA,NA,NA,NA
"3366","966235",7,"resources/real_fg_memory_images/orig34.jpg","real",NA,NA,NA,NA,NA,NA,NA,NA
"3367","966235",5,"resources/real_fg_memory_images/orig21.jpg","real",NA,NA,NA,NA,NA,NA,NA,NA
"3368","966235",3,"resources/real_fg_memory_images/fg6.jpg","artificial",NA,NA,NA,NA,NA,NA,NA,NA
"3369","966235",6,"resources/real_fg_memory_images/fg10.jpg","artificial",NA,NA,NA,NA,NA,NA,NA,NA
"3370","966235",5,"resources/real_fg_memory_images/orig25.jpg","real",NA,NA,NA,NA,NA,NA,NA,NA
"3371","966235",5,"resources/real_fg_memory_images/fg5.jpg","artificial",NA,NA,NA,NA,NA,NA,NA,NA
"3372","966235",6,"resources/real_fg_memory_images/orig33.jpg","real",NA,NA,NA,NA,NA,NA,NA,NA
"3373","966235",9,"resources/real_fg_memory_images/orig26.jpg","real",NA,NA,NA,NA,NA,NA,NA,NA
"3374","966235",7,"resources/real_fg_memory_images/fg17.jpg","artificial",NA,NA,NA,NA,NA,NA,NA,NA
"3375","966235",7,"resources/real_fg_memory_images/fg18.jpg","artificial",NA,NA,NA,NA,NA,NA,NA,NA
"3376","966235",6,"resources/real_fg_memory_images/fg1.jpg","artificial",NA,NA,NA,NA,NA,NA,NA,NA
"3377","966235",6,"resources/real_fg_memory_images/orig32.jpg","real",NA,NA,NA,NA,NA,NA,NA,NA
"3378","966235",4,"resources/real_fg_memory_images/orig23.jpg","real",NA,NA,NA,NA,NA,NA,NA,NA
"3379","966235",6,"resources/real_fg_memory_images/orig19.jpg","real",NA,NA,NA,NA,NA,NA,NA,NA
"3380","966235",4,"resources/real_fg_memory_images/fg8.jpg","artificial",NA,NA,NA,NA,NA,NA,NA,NA
"3381","966235",8,"resources/real_fg_memory_images/fg14.jpg","artificial",NA,NA,NA,NA,NA,NA,NA,NA
"3382","966235",7,"resources/real_fg_memory_images/fg12.jpg","artificial",NA,NA,NA,NA,NA,NA,NA,NA
"3383","966235",2,"resources/real_fg_memory_images/orig29.jpg","real",NA,NA,NA,NA,NA,NA,NA,NA
"3384","966235",6,"resources/real_fg_memory_images/fg16.jpg","artificial",NA,NA,NA,NA,NA,NA,NA,NA
"3385","966235",2,"resources/real_fg_memory_images/orig22.jpg","real",NA,NA,NA,NA,NA,NA,NA,NA
"3386","966235",6,"resources/real_fg_memory_images/fg7.jpg","artificial",NA,NA,NA,NA,NA,NA,NA,NA
"3387","966235",4,"resources/real_fg_memory_images/orig27.jpg","real",NA,NA,NA,NA,NA,NA,NA,NA
"3388","966235",3,"resources/real_fg_memory_images/orig24.jpg","real",NA,NA,NA,NA,NA,NA,NA,NA
"3389","966235",7,"resources/real_fg_memory_images/fg4.jpg","artificial",NA,NA,NA,NA,NA,NA,NA,NA
"3390","966235",4,"resources/real_fg_memory_images/orig20.jpg","real",NA,NA,NA,NA,NA,NA,NA,NA
"3391","966235",4,"resources/real_fg_memory_images/fg11.jpg","artificial",NA,NA,NA,NA,NA,NA,NA,NA
"3392","966235",2,"resources/real_fg_memory_images/fg3.jpg","artificial",NA,NA,NA,NA,NA,NA,NA,NA
"3393","966235",5,"resources/real_fg_memory_images/fg9.jpg","artificial",NA,NA,NA,NA,NA,NA,NA,NA
"3394","966235",8,"resources/real_fg_memory_images/orig31.jpg","real",NA,NA,NA,NA,NA,NA,NA,NA
"3395","966235",7,"resources/real_fg_memory_images/orig36.jpg","real",NA,NA,NA,NA,NA,NA,NA,NA
"3396","966235",5,"resources/real_fg_memory_images/orig30.jpg","real",NA,NA,NA,NA,NA,NA,NA,NA
"3397","966235",3,"resources/real_fg_memory_images/fg2.jpg","artificial",NA,NA,NA,NA,NA,NA,NA,NA
"3398","966235",4,"resources/real_fg_memory_images/fg13.jpg","artificial",NA,NA,NA,NA,NA,NA,NA,NA
"3399","966235",NA,NA,NA,NA,NA,NA,NA,NA,NA,NA,NA
"3400","966235",NA,"resources/real_fg_memory_images/orig25.jpg",NA,"real","Scam",NA,NA,NA,NA,NA,NA
"3401","966235",NA,"resources/real_fg_memory_images/fg7.jpg",NA,"artificial","Scam",NA,NA,NA,NA,NA,NA
"3402","966235",NA,"resources/real_fg_memory_images/orig28.jpg",NA,"real","Scam",NA,NA,NA,NA,NA,NA
"3403","966235",NA,"resources/real_fg_memory_images/orig21.jpg",NA,"real","Neutral",NA,NA,NA,NA,NA,NA
"3404","966235",NA,"resources/real_fg_memory_images/orig22.jpg",NA,"real","Neutral",NA,NA,NA,NA,NA,NA
"3405","966235",NA,"resources/real_fg_memory_images/fg4.jpg",NA,"artificial","Neutral",NA,NA,NA,NA,NA,NA
"3406","966235",NA,"resources/real_fg_memory_images/fg3.jpg",NA,"artificial","Neutral",NA,NA,NA,NA,NA,NA
"3407","966235",NA,"resources/real_fg_memory_images/orig24.jpg",NA,"real","Neutral",NA,NA,NA,NA,NA,NA
"3408","966235",NA,"resources/real_fg_memory_images/fg1.jpg",NA,"artificial","Neutral",NA,NA,NA,NA,NA,NA
"3409","966235",NA,"resources/real_fg_memory_images/fg12.jpg",NA,"artificial","Scam",NA,NA,NA,NA,NA,NA
"3410","966235",NA,"resources/real_fg_memory_images/orig23.jpg",NA,"real","Neutral",NA,NA,NA,NA,NA,NA
"3411","966235",NA,"resources/real_fg_memory_images/fg10.jpg",NA,"artificial","Scam",NA,NA,NA,NA,NA,NA
"3412","966235",NA,"resources/real_fg_memory_images/fg8.jpg",NA,"artificial","Scam",NA,NA,NA,NA,NA,NA
"3413","966235",NA,"resources/real_fg_memory_images/fg2.jpg",NA,"artificial","Neutral",NA,NA,NA,NA,NA,NA
"3414","966235",NA,"resources/real_fg_memory_images/orig30.jpg",NA,"real","Scam",NA,NA,NA,NA,NA,NA
"3415","966235",NA,"resources/real_fg_memory_images/orig20.jpg",NA,"real","Neutral",NA,NA,NA,NA,NA,NA
"3416","966235",NA,"resources/real_fg_memory_images/orig29.jpg",NA,"real","Scam",NA,NA,NA,NA,NA,NA
"3417","966235",NA,"resources/real_fg_memory_images/fg6.jpg",NA,"artificial","Neutral",NA,NA,NA,NA,NA,NA
"3418","966235",NA,"resources/real_fg_memory_images/fg9.jpg",NA,"artificial","Scam",NA,NA,NA,NA,NA,NA
"3419","966235",NA,"resources/real_fg_memory_images/orig19.jpg",NA,"real","Neutral",NA,NA,NA,NA,NA,NA
"3420","966235",NA,"resources/real_fg_memory_images/orig27.jpg",NA,"real","Scam",NA,NA,NA,NA,NA,NA
"3421","966235",NA,"resources/real_fg_memory_images/fg5.jpg",NA,"artificial","Neutral",NA,NA,NA,NA,NA,NA
"3422","966235",NA,"resources/real_fg_memory_images/fg11.jpg",NA,"artificial","Scam",NA,NA,NA,NA,NA,NA
"3423","966235",NA,"resources/real_fg_memory_images/orig26.jpg",NA,"real","Scam",NA,NA,NA,NA,NA,NA
"3424","966235",NA,NA,NA,NA,NA,NA,NA,NA,NA,NA,NA
"3425","966235",NA,"resources/real_fg_memory_images/fg2.jpg",NA,"artificial","Neutral","[""scam_button""]","5",NA,NA,NA,NA
"3426","966235",NA,"resources/real_fg_memory_images/orig28.jpg",NA,"real","Scam","[""neutral_button""]","10",NA,NA,NA,NA
"3427","966235",NA,"resources/real_fg_memory_images/fg3.jpg",NA,"artificial","Neutral","[""neutral_button""]","9",NA,NA,NA,NA
"3428","966235",NA,"resources/real_fg_memory_images/orig20.jpg",NA,"real","Neutral","[""scam_button""]","5",NA,NA,NA,NA
"3429","966235",NA,"resources/real_fg_memory_images/fg12.jpg",NA,"artificial","Scam","[""neutral_button""]","6",NA,NA,NA,NA
"3430","966235",NA,"resources/real_fg_memory_images/orig19.jpg",NA,"real","Neutral","[""scam_button""]","4",NA,NA,NA,NA
"3431","966235",NA,"resources/real_fg_memory_images/orig30.jpg",NA,"real","Scam","[""scam_button""]","6",NA,NA,NA,NA
"3432","966235",NA,"resources/real_fg_memory_images/orig21.jpg",NA,"real","Neutral","[""neutral_button""]","66",NA,NA,NA,NA
"3433","966235",NA,"resources/real_fg_memory_images/fg11.jpg",NA,"artificial","Scam","[""scam_button""]","5",NA,NA,NA,NA
"3434","966235",NA,"resources/real_fg_memory_images/fg1.jpg",NA,"artificial","Neutral","[""neutral_button""]","8",NA,NA,NA,NA
"3435","966235",NA,"resources/real_fg_memory_images/orig24.jpg",NA,"real","Neutral","[""neutral_button""]","8",NA,NA,NA,NA
"3436","966235",NA,"resources/real_fg_memory_images/fg9.jpg",NA,"artificial","Scam","[""neutral_button""]","6",NA,NA,NA,NA
"3437","966235",NA,"resources/real_fg_memory_images/orig22.jpg",NA,"real","Neutral","[""scam_button""]","8",NA,NA,NA,NA
"3438","966235",NA,"resources/real_fg_memory_images/orig26.jpg",NA,"real","Scam","[""scam_button""]","8",NA,NA,NA,NA
"3439","966235",NA,"resources/real_fg_memory_images/fg6.jpg",NA,"artificial","Neutral","[""neutral_button""]","88",NA,NA,NA,NA
"3440","966235",NA,"resources/real_fg_memory_images/fg5.jpg",NA,"artificial","Neutral","[""neutral_button""]","8",NA,NA,NA,NA
"3441","966235",NA,"resources/real_fg_memory_images/fg8.jpg",NA,"artificial","Scam","[""neutral_button""]","8",NA,NA,NA,NA
"3442","966235",NA,"resources/real_fg_memory_images/orig23.jpg",NA,"real","Neutral","[""scam_button""]","8",NA,NA,NA,NA
"3443","966235",NA,"resources/real_fg_memory_images/orig27.jpg",NA,"real","Scam","[""scam_button""]","5",NA,NA,NA,NA
"3444","966235",NA,"resources/real_fg_memory_images/fg10.jpg",NA,"artificial","Scam","[""neutral_button""]","7",NA,NA,NA,NA
"3445","966235",NA,"resources/real_fg_memory_images/fg7.jpg",NA,"artificial","Scam","[""neutral_button""]","8",NA,NA,NA,NA
"3446","966235",NA,"resources/real_fg_memory_images/orig29.jpg",NA,"real","Scam","[""neutral_button""]","5",NA,NA,NA,NA
"3447","966235",NA,"resources/real_fg_memory_images/fg4.jpg",NA,"artificial","Neutral","[""scam_button""]","8",NA,NA,NA,NA
"3448","966235",NA,"resources/real_fg_memory_images/orig25.jpg",NA,"real","Scam","[""neutral_button""]","5",NA,NA,NA,NA
"3449","966235",NA,NA,NA,NA,NA,NA,NA,NA,NA,NA,NA
"3450","966235",6,"resources/real_fg_memory_images/fg16.jpg","artificial",NA,NA,NA,NA,NA,NA,NA,NA
"3451","966235",7,"resources/real_fg_memory_images/orig28.jpg","real",NA,NA,NA,NA,NA,NA,NA,NA
"3452","966235",6,"resources/real_fg_memory_images/orig36.jpg","real",NA,NA,NA,NA,NA,NA,NA,NA
"3453","966235",5,"resources/real_fg_memory_images/orig29.jpg","real",NA,NA,NA,NA,NA,NA,NA,NA
"3454","966235",2,"resources/real_fg_memory_images/fg2.jpg","artificial",NA,NA,NA,NA,NA,NA,NA,NA
"3455","966235",4,"resources/real_fg_memory_images/orig25.jpg","real",NA,NA,NA,NA,NA,NA,NA,NA
"3456","966235",3,"resources/real_fg_memory_images/fg8.jpg","artificial",NA,NA,NA,NA,NA,NA,NA,NA
"3457","966235",7,"resources/real_fg_memory_images/orig24.jpg","real",NA,NA,NA,NA,NA,NA,NA,NA
"3458","966235",6,"resources/real_fg_memory_images/orig34.jpg","real",NA,NA,NA,NA,NA,NA,NA,NA
"3459","966235",1,"resources/real_fg_memory_images/orig26.jpg","real",NA,NA,NA,NA,NA,NA,NA,NA
"3460","966235",1,"resources/real_fg_memory_images/fg4.jpg","artificial",NA,NA,NA,NA,NA,NA,NA,NA
"3461","966235",7,"resources/real_fg_memory_images/fg11.jpg","artificial",NA,NA,NA,NA,NA,NA,NA,NA
"3462","966235",8,"resources/real_fg_memory_images/fg14.jpg","artificial",NA,NA,NA,NA,NA,NA,NA,NA
"3463","966235",6,"resources/real_fg_memory_images/orig22.jpg","real",NA,NA,NA,NA,NA,NA,NA,NA
"3464","966235",6,"resources/real_fg_memory_images/orig27.jpg","real",NA,NA,NA,NA,NA,NA,NA,NA
"3465","966235",5,"resources/real_fg_memory_images/fg18.jpg","artificial",NA,NA,NA,NA,NA,NA,NA,NA
"3466","966235",6,"resources/real_fg_memory_images/fg9.jpg","artificial",NA,NA,NA,NA,NA,NA,NA,NA
"3467","966235",4,"resources/real_fg_memory_images/fg7.jpg","artificial",NA,NA,NA,NA,NA,NA,NA,NA
"3468","966235",5,"resources/real_fg_memory_images/orig23.jpg","real",NA,NA,NA,NA,NA,NA,NA,NA
"3469","966235",7,"resources/real_fg_memory_images/orig32.jpg","real",NA,NA,NA,NA,NA,NA,NA,NA
"3470","966235",5,"resources/real_fg_memory_images/orig19.jpg","real",NA,NA,NA,NA,NA,NA,NA,NA
"3471","966235",6,"resources/real_fg_memory_images/fg12.jpg","artificial",NA,NA,NA,NA,NA,NA,NA,NA
"3472","966235",5,"resources/real_fg_memory_images/fg6.jpg","artificial",NA,NA,NA,NA,NA,NA,NA,NA
"3473","966235",6,"resources/real_fg_memory_images/fg5.jpg","artificial",NA,NA,NA,NA,NA,NA,NA,NA
"3474","966235",7,"resources/real_fg_memory_images/orig21.jpg","real",NA,NA,NA,NA,NA,NA,NA,NA
"3475","966235",2,"resources/real_fg_memory_images/orig35.jpg","real",NA,NA,NA,NA,NA,NA,NA,NA
"3476","966235",8,"resources/real_fg_memory_images/fg15.jpg","artificial",NA,NA,NA,NA,NA,NA,NA,NA
"3477","966235",7,"resources/real_fg_memory_images/orig30.jpg","real",NA,NA,NA,NA,NA,NA,NA,NA
"3478","966235",5,"resources/real_fg_memory_images/fg1.jpg","artificial",NA,NA,NA,NA,NA,NA,NA,NA
"3479","966235",6,"resources/real_fg_memory_images/orig20.jpg","real",NA,NA,NA,NA,NA,NA,NA,NA
"3480","966235",6,"resources/real_fg_memory_images/orig31.jpg","real",NA,NA,NA,NA,NA,NA,NA,NA
"3481","966235",3,"resources/real_fg_memory_images/fg3.jpg","artificial",NA,NA,NA,NA,NA,NA,NA,NA
"3482","966235",6,"resources/real_fg_memory_images/fg13.jpg","artificial",NA,NA,NA,NA,NA,NA,NA,NA
"3483","966235",5,"resources/real_fg_memory_images/orig33.jpg","real",NA,NA,NA,NA,NA,NA,NA,NA
"3484","966235",5,"resources/real_fg_memory_images/fg17.jpg","artificial",NA,NA,NA,NA,NA,NA,NA,NA
"3485","966235",5,"resources/real_fg_memory_images/fg10.jpg","artificial",NA,NA,NA,NA,NA,NA,NA,NA
"3486","966235",NA,NA,NA,NA,NA,NA,NA,NA,NA,NA,NA
"3487","966235",NA,NA,NA,NA,NA,NA,NA,5,"Persons over the age of 65 are often targeted by con-artists",NA,NA
"3488","966235",NA,NA,NA,NA,NA,NA,NA,3,"I answer the phone whenever it rings, even if I do not know who is calling",NA,NA
"3489","966235",NA,NA,NA,NA,NA,NA,NA,5,"If something sounds too good to be true, it usually is",NA,NA
"3490","966235",NA,NA,NA,NA,NA,NA,NA,3,"If a telemarketer calls me, I usually listen to what they have to say",NA,NA
"3491","966235",NA,NA,NA,NA,NA,NA,NA,5,"I have difficulty ending a phone call, even if the caller is a telemarketer, someone I do not know, or someone I do not wish to call me",NA,NA
"3492","966235",NA,NA,NA,NA,NA,NA,NA,NA,NA,NA,NA
"3493","966235",NA,NA,NA,NA,NA,NA,NA,NA,NA,"[""female_option""]",NA
"3494","966235",NA,NA,NA,NA,NA,NA,NA,NA,NA,NA,66
"3495","966235",NA,NA,NA,NA,NA,NA,NA,NA,NA,NA,NA
"3496","966235",NA,NA,NA,NA,NA,NA,NA,NA,NA,NA,NA
"3497","966235",NA,NA,NA,NA,NA,NA,NA,NA,NA,NA,NA
"3498","966235",NA,NA,NA,NA,NA,NA,NA,NA,NA,NA,NA
"3499","966235",NA,NA,NA,NA,NA,NA,NA,NA,NA,NA,NA
"3500","966235",NA,NA,NA,NA,NA,NA,NA,NA,NA,NA,NA
"3501","966235",NA,NA,NA,NA,NA,NA,NA,NA,NA,NA,NA
"3502","966235",NA,NA,NA,NA,NA,NA,NA,NA,NA,NA,NA
"3503","966235",NA,NA,NA,NA,NA,NA,NA,NA,NA,NA,NA
"3504","966235",NA,NA,NA,NA,NA,NA,NA,NA,NA,NA,NA
