"","participant","textbox_comp.text","figure2","Type","type","label2","button_selections_test","textbox_comp_2.text","slider1.response","ss_question","Gender","textboxAge.text"
"1","007629",NA,NA,NA,NA,NA,NA,NA,NA,NA,NA,NA
"2","007629",NA,NA,NA,NA,NA,NA,NA,NA,NA,NA,NA
"3","007629",NA,NA,NA,NA,NA,NA,NA,NA,NA,NA,NA
"4","007629",NA,NA,NA,NA,NA,NA,NA,NA,NA,NA,NA
"5","007629",0,"resources/real_fg_memory_images/fg8.jpg","artificial",NA,NA,NA,NA,NA,NA,NA,NA
"6","007629",0,"resources/real_fg_memory_images/orig31.jpg","real",NA,NA,NA,NA,NA,NA,NA,NA
"7","007629",4,"resources/real_fg_memory_images/orig26.jpg","real",NA,NA,NA,NA,NA,NA,NA,NA
"8","007629",0,"resources/real_fg_memory_images/orig21.jpg","real",NA,NA,NA,NA,NA,NA,NA,NA
"9","007629",0,"resources/real_fg_memory_images/fg18.jpg","artificial",NA,NA,NA,NA,NA,NA,NA,NA
"10","007629",6,"resources/real_fg_memory_images/fg2.jpg","artificial",NA,NA,NA,NA,NA,NA,NA,NA
"11","007629",4,"resources/real_fg_memory_images/fg6.jpg","artificial",NA,NA,NA,NA,NA,NA,NA,NA
"12","007629",4,"resources/real_fg_memory_images/fg9.jpg","artificial",NA,NA,NA,NA,NA,NA,NA,NA
"13","007629",8,"resources/real_fg_memory_images/orig19.jpg","real",NA,NA,NA,NA,NA,NA,NA,NA
"14","007629",5,"resources/real_fg_memory_images/orig32.jpg","real",NA,NA,NA,NA,NA,NA,NA,NA
"15","007629",10,"resources/real_fg_memory_images/orig28.jpg","real",NA,NA,NA,NA,NA,NA,NA,NA
"16","007629",6,"resources/real_fg_memory_images/fg7.jpg","artificial",NA,NA,NA,NA,NA,NA,NA,NA
"17","007629",4,"resources/real_fg_memory_images/fg5.jpg","artificial",NA,NA,NA,NA,NA,NA,NA,NA
"18","007629",4,"resources/real_fg_memory_images/fg15.jpg","artificial",NA,NA,NA,NA,NA,NA,NA,NA
"19","007629",4,"resources/real_fg_memory_images/orig36.jpg","real",NA,NA,NA,NA,NA,NA,NA,NA
"20","007629",4,"resources/real_fg_memory_images/orig22.jpg","real",NA,NA,NA,NA,NA,NA,NA,NA
"21","007629",5,"resources/real_fg_memory_images/orig34.jpg","real",NA,NA,NA,NA,NA,NA,NA,NA
"22","007629",3,"resources/real_fg_memory_images/fg13.jpg","artificial",NA,NA,NA,NA,NA,NA,NA,NA
"23","007629",4,"resources/real_fg_memory_images/fg3.jpg","artificial",NA,NA,NA,NA,NA,NA,NA,NA
"24","007629",3,"resources/real_fg_memory_images/fg16.jpg","artificial",NA,NA,NA,NA,NA,NA,NA,NA
"25","007629",0,"resources/real_fg_memory_images/orig27.jpg","real",NA,NA,NA,NA,NA,NA,NA,NA
"26","007629",5,"resources/real_fg_memory_images/fg11.jpg","artificial",NA,NA,NA,NA,NA,NA,NA,NA
"27","007629",6,"resources/real_fg_memory_images/orig24.jpg","real",NA,NA,NA,NA,NA,NA,NA,NA
"28","007629",4,"resources/real_fg_memory_images/fg4.jpg","artificial",NA,NA,NA,NA,NA,NA,NA,NA
"29","007629",2,"resources/real_fg_memory_images/fg12.jpg","artificial",NA,NA,NA,NA,NA,NA,NA,NA
"30","007629",4,"resources/real_fg_memory_images/orig33.jpg","real",NA,NA,NA,NA,NA,NA,NA,NA
"31","007629",3,"resources/real_fg_memory_images/orig23.jpg","real",NA,NA,NA,NA,NA,NA,NA,NA
"32","007629",3,"resources/real_fg_memory_images/orig25.jpg","real",NA,NA,NA,NA,NA,NA,NA,NA
"33","007629",4,"resources/real_fg_memory_images/orig29.jpg","real",NA,NA,NA,NA,NA,NA,NA,NA
"34","007629",4,"resources/real_fg_memory_images/orig35.jpg","real",NA,NA,NA,NA,NA,NA,NA,NA
"35","007629",2,"resources/real_fg_memory_images/fg17.jpg","artificial",NA,NA,NA,NA,NA,NA,NA,NA
"36","007629",2,"resources/real_fg_memory_images/fg10.jpg","artificial",NA,NA,NA,NA,NA,NA,NA,NA
"37","007629",4,"resources/real_fg_memory_images/orig30.jpg","real",NA,NA,NA,NA,NA,NA,NA,NA
"38","007629",6,"resources/real_fg_memory_images/fg14.jpg","artificial",NA,NA,NA,NA,NA,NA,NA,NA
"39","007629",3,"resources/real_fg_memory_images/fg1.jpg","artificial",NA,NA,NA,NA,NA,NA,NA,NA
"40","007629",0,"resources/real_fg_memory_images/orig20.jpg","real",NA,NA,NA,NA,NA,NA,NA,NA
"41","007629",NA,NA,NA,NA,NA,NA,NA,NA,NA,NA,NA
"42","007629",NA,"resources/real_fg_memory_images/fg11.jpg",NA,"artificial","Scam",NA,NA,NA,NA,NA,NA
"43","007629",NA,"resources/real_fg_memory_images/fg5.jpg",NA,"artificial","Neutral",NA,NA,NA,NA,NA,NA
"44","007629",NA,"resources/real_fg_memory_images/orig28.jpg",NA,"real","Scam",NA,NA,NA,NA,NA,NA
"45","007629",NA,"resources/real_fg_memory_images/fg10.jpg",NA,"artificial","Scam",NA,NA,NA,NA,NA,NA
"46","007629",NA,"resources/real_fg_memory_images/orig26.jpg",NA,"real","Scam",NA,NA,NA,NA,NA,NA
"47","007629",NA,"resources/real_fg_memory_images/orig19.jpg",NA,"real","Neutral",NA,NA,NA,NA,NA,NA
"48","007629",NA,"resources/real_fg_memory_images/fg2.jpg",NA,"artificial","Neutral",NA,NA,NA,NA,NA,NA
"49","007629",NA,"resources/real_fg_memory_images/orig22.jpg",NA,"real","Neutral",NA,NA,NA,NA,NA,NA
"50","007629",NA,"resources/real_fg_memory_images/fg4.jpg",NA,"artificial","Neutral",NA,NA,NA,NA,NA,NA
"51","007629",NA,"resources/real_fg_memory_images/fg12.jpg",NA,"artificial","Scam",NA,NA,NA,NA,NA,NA
"52","007629",NA,"resources/real_fg_memory_images/orig24.jpg",NA,"real","Neutral",NA,NA,NA,NA,NA,NA
"53","007629",NA,"resources/real_fg_memory_images/fg3.jpg",NA,"artificial","Neutral",NA,NA,NA,NA,NA,NA
"54","007629",NA,"resources/real_fg_memory_images/fg1.jpg",NA,"artificial","Neutral",NA,NA,NA,NA,NA,NA
"55","007629",NA,"resources/real_fg_memory_images/orig27.jpg",NA,"real","Scam",NA,NA,NA,NA,NA,NA
"56","007629",NA,"resources/real_fg_memory_images/fg9.jpg",NA,"artificial","Scam",NA,NA,NA,NA,NA,NA
"57","007629",NA,"resources/real_fg_memory_images/orig23.jpg",NA,"real","Neutral",NA,NA,NA,NA,NA,NA
"58","007629",NA,"resources/real_fg_memory_images/orig25.jpg",NA,"real","Scam",NA,NA,NA,NA,NA,NA
"59","007629",NA,"resources/real_fg_memory_images/fg8.jpg",NA,"artificial","Scam",NA,NA,NA,NA,NA,NA
"60","007629",NA,"resources/real_fg_memory_images/orig20.jpg",NA,"real","Neutral",NA,NA,NA,NA,NA,NA
"61","007629",NA,"resources/real_fg_memory_images/fg6.jpg",NA,"artificial","Neutral",NA,NA,NA,NA,NA,NA
"62","007629",NA,"resources/real_fg_memory_images/orig30.jpg",NA,"real","Scam",NA,NA,NA,NA,NA,NA
"63","007629",NA,"resources/real_fg_memory_images/orig21.jpg",NA,"real","Neutral",NA,NA,NA,NA,NA,NA
"64","007629",NA,"resources/real_fg_memory_images/fg7.jpg",NA,"artificial","Scam",NA,NA,NA,NA,NA,NA
"65","007629",NA,"resources/real_fg_memory_images/orig29.jpg",NA,"real","Scam",NA,NA,NA,NA,NA,NA
"66","007629",NA,NA,NA,NA,NA,NA,NA,NA,NA,NA,NA
"67","007629",NA,"resources/real_fg_memory_images/orig29.jpg",NA,"real","Scam","[""scam_button""]","0",NA,NA,NA,NA
"68","007629",NA,"resources/real_fg_memory_images/orig20.jpg",NA,"real","Neutral","[""neutral_button""]","10",NA,NA,NA,NA
"69","007629",NA,"resources/real_fg_memory_images/orig26.jpg",NA,"real","Scam","[""scam_button""]","10",NA,NA,NA,NA
"70","007629",NA,"resources/real_fg_memory_images/fg11.jpg",NA,"artificial","Scam","[""neutral_button""]","0",NA,NA,NA,NA
"71","007629",NA,"resources/real_fg_memory_images/orig22.jpg",NA,"real","Neutral","[""neutral_button""]","10",NA,NA,NA,NA
"72","007629",NA,"resources/real_fg_memory_images/orig21.jpg",NA,"real","Neutral","[""neutral_button""]","10",NA,NA,NA,NA
"73","007629",NA,"resources/real_fg_memory_images/fg8.jpg",NA,"artificial","Scam","[""scam_button""]","0",NA,NA,NA,NA
"74","007629",NA,"resources/real_fg_memory_images/orig30.jpg",NA,"real","Scam","[""scam_button""]","5",NA,NA,NA,NA
"75","007629",NA,"resources/real_fg_memory_images/orig25.jpg",NA,"real","Scam","[""scam_button""]","10",NA,NA,NA,NA
"76","007629",NA,"resources/real_fg_memory_images/fg5.jpg",NA,"artificial","Neutral","[""neutral_button""]","5",NA,NA,NA,NA
"77","007629",NA,"resources/real_fg_memory_images/fg12.jpg",NA,"artificial","Scam","[""neutral_button""]","0",NA,NA,NA,NA
"78","007629",NA,"resources/real_fg_memory_images/fg3.jpg",NA,"artificial","Neutral","[""neutral_button""]","0",NA,NA,NA,NA
"79","007629",NA,"resources/real_fg_memory_images/fg9.jpg",NA,"artificial","Scam","[""neutral_button""]","0",NA,NA,NA,NA
"80","007629",NA,"resources/real_fg_memory_images/orig27.jpg",NA,"real","Scam","[""scam_button""]","10",NA,NA,NA,NA
"81","007629",NA,"resources/real_fg_memory_images/orig28.jpg",NA,"real","Scam","[""scam_button""]","10",NA,NA,NA,NA
"82","007629",NA,"resources/real_fg_memory_images/orig23.jpg",NA,"real","Neutral","[""neutral_button""]","10",NA,NA,NA,NA
"83","007629",NA,"resources/real_fg_memory_images/fg6.jpg",NA,"artificial","Neutral","[""neutral_button""]","0",NA,NA,NA,NA
"84","007629",NA,"resources/real_fg_memory_images/fg1.jpg",NA,"artificial","Neutral","[""neutral_button""]","0",NA,NA,NA,NA
"85","007629",NA,"resources/real_fg_memory_images/fg2.jpg",NA,"artificial","Neutral","[""neutral_button""]","0",NA,NA,NA,NA
"86","007629",NA,"resources/real_fg_memory_images/orig19.jpg",NA,"real","Neutral","[""neutral_button""]","5",NA,NA,NA,NA
"87","007629",NA,"resources/real_fg_memory_images/fg7.jpg",NA,"artificial","Scam","[""neutral_button""]","0",NA,NA,NA,NA
"88","007629",NA,"resources/real_fg_memory_images/orig24.jpg",NA,"real","Neutral","[""scam_button""]","0",NA,NA,NA,NA
"89","007629",NA,"resources/real_fg_memory_images/fg4.jpg",NA,"artificial","Neutral","[""neutral_button""]","0",NA,NA,NA,NA
"90","007629",NA,"resources/real_fg_memory_images/fg10.jpg",NA,"artificial","Scam","[""scam_button""]","2",NA,NA,NA,NA
"91","007629",NA,NA,NA,NA,NA,NA,NA,NA,NA,NA,NA
"92","007629",6,"resources/real_fg_memory_images/fg3.jpg","artificial",NA,NA,NA,NA,NA,NA,NA,NA
"93","007629",6,"resources/real_fg_memory_images/fg5.jpg","artificial",NA,NA,NA,NA,NA,NA,NA,NA
"94","007629",0,"resources/real_fg_memory_images/orig26.jpg","real",NA,NA,NA,NA,NA,NA,NA,NA
"95","007629",4,"resources/real_fg_memory_images/orig31.jpg","real",NA,NA,NA,NA,NA,NA,NA,NA
"96","007629",4,"resources/real_fg_memory_images/fg2.jpg","artificial",NA,NA,NA,NA,NA,NA,NA,NA
"97","007629",2,"resources/real_fg_memory_images/orig24.jpg","real",NA,NA,NA,NA,NA,NA,NA,NA
"98","007629",7,"resources/real_fg_memory_images/orig22.jpg","real",NA,NA,NA,NA,NA,NA,NA,NA
"99","007629",0,"resources/real_fg_memory_images/fg18.jpg","artificial",NA,NA,NA,NA,NA,NA,NA,NA
"100","007629",0,"resources/real_fg_memory_images/fg15.jpg","artificial",NA,NA,NA,NA,NA,NA,NA,NA
"101","007629",4,"resources/real_fg_memory_images/fg9.jpg","artificial",NA,NA,NA,NA,NA,NA,NA,NA
"102","007629",5,"resources/real_fg_memory_images/orig36.jpg","real",NA,NA,NA,NA,NA,NA,NA,NA
"103","007629",0,"resources/real_fg_memory_images/orig32.jpg","real",NA,NA,NA,NA,NA,NA,NA,NA
"104","007629",0,"resources/real_fg_memory_images/orig27.jpg","real",NA,NA,NA,NA,NA,NA,NA,NA
"105","007629",0,"resources/real_fg_memory_images/fg4.jpg","artificial",NA,NA,NA,NA,NA,NA,NA,NA
"106","007629",0,"resources/real_fg_memory_images/fg10.jpg","artificial",NA,NA,NA,NA,NA,NA,NA,NA
"107","007629",0,"resources/real_fg_memory_images/orig35.jpg","real",NA,NA,NA,NA,NA,NA,NA,NA
"108","007629",0,"resources/real_fg_memory_images/orig29.jpg","real",NA,NA,NA,NA,NA,NA,NA,NA
"109","007629",0,"resources/real_fg_memory_images/orig25.jpg","real",NA,NA,NA,NA,NA,NA,NA,NA
"110","007629",0,"resources/real_fg_memory_images/orig30.jpg","real",NA,NA,NA,NA,NA,NA,NA,NA
"111","007629",4,"resources/real_fg_memory_images/orig23.jpg","real",NA,NA,NA,NA,NA,NA,NA,NA
"112","007629",0,"resources/real_fg_memory_images/orig34.jpg","real",NA,NA,NA,NA,NA,NA,NA,NA
"113","007629",0,"resources/real_fg_memory_images/fg8.jpg","artificial",NA,NA,NA,NA,NA,NA,NA,NA
"114","007629",0,"resources/real_fg_memory_images/fg16.jpg","artificial",NA,NA,NA,NA,NA,NA,NA,NA
"115","007629",0,"resources/real_fg_memory_images/fg14.jpg","artificial",NA,NA,NA,NA,NA,NA,NA,NA
"116","007629",0,"resources/real_fg_memory_images/fg1.jpg","artificial",NA,NA,NA,NA,NA,NA,NA,NA
"117","007629",0,"resources/real_fg_memory_images/orig28.jpg","real",NA,NA,NA,NA,NA,NA,NA,NA
"118","007629",0,"resources/real_fg_memory_images/fg13.jpg","artificial",NA,NA,NA,NA,NA,NA,NA,NA
"119","007629",4,"resources/real_fg_memory_images/fg7.jpg","artificial",NA,NA,NA,NA,NA,NA,NA,NA
"120","007629",0,"resources/real_fg_memory_images/orig33.jpg","real",NA,NA,NA,NA,NA,NA,NA,NA
"121","007629",7,"resources/real_fg_memory_images/orig20.jpg","real",NA,NA,NA,NA,NA,NA,NA,NA
"122","007629",0,"resources/real_fg_memory_images/fg17.jpg","artificial",NA,NA,NA,NA,NA,NA,NA,NA
"123","007629",0,"resources/real_fg_memory_images/orig21.jpg","real",NA,NA,NA,NA,NA,NA,NA,NA
"124","007629",6,"resources/real_fg_memory_images/orig19.jpg","real",NA,NA,NA,NA,NA,NA,NA,NA
"125","007629",0,"resources/real_fg_memory_images/fg11.jpg","artificial",NA,NA,NA,NA,NA,NA,NA,NA
"126","007629",0,"resources/real_fg_memory_images/fg6.jpg","artificial",NA,NA,NA,NA,NA,NA,NA,NA
"127","007629",0,"resources/real_fg_memory_images/fg12.jpg","artificial",NA,NA,NA,NA,NA,NA,NA,NA
"128","007629",NA,NA,NA,NA,NA,NA,NA,NA,NA,NA,NA
"129","007629",NA,NA,NA,NA,NA,NA,NA,1,"I have difficulty ending a phone call, even if the caller is a telemarketer, someone I do not know, or someone I do not wish to call me",NA,NA
"130","007629",NA,NA,NA,NA,NA,NA,NA,4,"Persons over the age of 65 are often targeted by con-artists",NA,NA
"131","007629",NA,NA,NA,NA,NA,NA,NA,1,"If a telemarketer calls me, I usually listen to what they have to say",NA,NA
"132","007629",NA,NA,NA,NA,NA,NA,NA,5,"If something sounds too good to be true, it usually is",NA,NA
"133","007629",NA,NA,NA,NA,NA,NA,NA,1,"I answer the phone whenever it rings, even if I do not know who is calling",NA,NA
"134","007629",NA,NA,NA,NA,NA,NA,NA,NA,NA,NA,NA
"135","007629",NA,NA,NA,NA,NA,NA,NA,NA,NA,"[""female_option""]",NA
"136","007629",NA,NA,NA,NA,NA,NA,NA,NA,NA,NA,20
"137","007629",NA,NA,NA,NA,NA,NA,NA,NA,NA,NA,NA
"138","007629",NA,NA,NA,NA,NA,NA,NA,NA,NA,NA,NA
"139","007629",NA,NA,NA,NA,NA,NA,NA,NA,NA,NA,NA
"140","007629",NA,NA,NA,NA,NA,NA,NA,NA,NA,NA,NA
"141","007629",NA,NA,NA,NA,NA,NA,NA,NA,NA,NA,NA
"142","007629",NA,NA,NA,NA,NA,NA,NA,NA,NA,NA,NA
"143","007629",NA,NA,NA,NA,NA,NA,NA,NA,NA,NA,NA
"144","007629",NA,NA,NA,NA,NA,NA,NA,NA,NA,NA,NA
"145","007629",NA,NA,NA,NA,NA,NA,NA,NA,NA,NA,NA
"146","007629",NA,NA,NA,NA,NA,NA,NA,NA,NA,NA,NA
"147","089411",NA,NA,NA,NA,NA,NA,NA,NA,NA,NA,NA
"148","089411",NA,NA,NA,NA,NA,NA,NA,NA,NA,NA,NA
"149","089411",NA,NA,NA,NA,NA,NA,NA,NA,NA,NA,NA
"150","089411",NA,NA,NA,NA,NA,NA,NA,NA,NA,NA,NA
"151","089411",7,"resources/real_fg_memory_images/orig30.jpg","real",NA,NA,NA,NA,NA,NA,NA,NA
"152","089411",4,"resources/real_fg_memory_images/fg13.jpg","artificial",NA,NA,NA,NA,NA,NA,NA,NA
"153","089411",2,"resources/real_fg_memory_images/orig20.jpg","real",NA,NA,NA,NA,NA,NA,NA,NA
"154","089411",4,"resources/real_fg_memory_images/orig27.jpg","real",NA,NA,NA,NA,NA,NA,NA,NA
"155","089411",6,"resources/real_fg_memory_images/fg7.jpg","artificial",NA,NA,NA,NA,NA,NA,NA,NA
"156","089411",4,"resources/real_fg_memory_images/fg5.jpg","artificial",NA,NA,NA,NA,NA,NA,NA,NA
"157","089411",9,"resources/real_fg_memory_images/orig34.jpg","real",NA,NA,NA,NA,NA,NA,NA,NA
"158","089411",8,"resources/real_fg_memory_images/orig32.jpg","real",NA,NA,NA,NA,NA,NA,NA,NA
"159","089411",9,"resources/real_fg_memory_images/orig28.jpg","real",NA,NA,NA,NA,NA,NA,NA,NA
"160","089411",2,"resources/real_fg_memory_images/fg1.jpg","artificial",NA,NA,NA,NA,NA,NA,NA,NA
"161","089411",5,"resources/real_fg_memory_images/fg15.jpg","artificial",NA,NA,NA,NA,NA,NA,NA,NA
"162","089411",6,"resources/real_fg_memory_images/orig22.jpg","real",NA,NA,NA,NA,NA,NA,NA,NA
"163","089411",4,"resources/real_fg_memory_images/fg9.jpg","artificial",NA,NA,NA,NA,NA,NA,NA,NA
"164","089411",3,"resources/real_fg_memory_images/orig19.jpg","real",NA,NA,NA,NA,NA,NA,NA,NA
"165","089411",3,"resources/real_fg_memory_images/orig31.jpg","real",NA,NA,NA,NA,NA,NA,NA,NA
"166","089411",6,"resources/real_fg_memory_images/fg3.jpg","artificial",NA,NA,NA,NA,NA,NA,NA,NA
"167","089411",5,"resources/real_fg_memory_images/orig21.jpg","real",NA,NA,NA,NA,NA,NA,NA,NA
"168","089411",7,"resources/real_fg_memory_images/fg6.jpg","artificial",NA,NA,NA,NA,NA,NA,NA,NA
"169","089411",8,"resources/real_fg_memory_images/fg10.jpg","artificial",NA,NA,NA,NA,NA,NA,NA,NA
"170","089411",6,"resources/real_fg_memory_images/fg11.jpg","artificial",NA,NA,NA,NA,NA,NA,NA,NA
"171","089411",8,"resources/real_fg_memory_images/fg14.jpg","artificial",NA,NA,NA,NA,NA,NA,NA,NA
"172","089411",7,"resources/real_fg_memory_images/fg17.jpg","artificial",NA,NA,NA,NA,NA,NA,NA,NA
"173","089411",6,"resources/real_fg_memory_images/orig35.jpg","real",NA,NA,NA,NA,NA,NA,NA,NA
"174","089411",6,"resources/real_fg_memory_images/orig25.jpg","real",NA,NA,NA,NA,NA,NA,NA,NA
"175","089411",6,"resources/real_fg_memory_images/orig24.jpg","real",NA,NA,NA,NA,NA,NA,NA,NA
"176","089411",3,"resources/real_fg_memory_images/fg12.jpg","artificial",NA,NA,NA,NA,NA,NA,NA,NA
"177","089411",7,"resources/real_fg_memory_images/fg4.jpg","artificial",NA,NA,NA,NA,NA,NA,NA,NA
"178","089411",7,"resources/real_fg_memory_images/orig29.jpg","real",NA,NA,NA,NA,NA,NA,NA,NA
"179","089411",6,"resources/real_fg_memory_images/orig23.jpg","real",NA,NA,NA,NA,NA,NA,NA,NA
"180","089411",9,"resources/real_fg_memory_images/orig26.jpg","real",NA,NA,NA,NA,NA,NA,NA,NA
"181","089411",3,"resources/real_fg_memory_images/fg2.jpg","artificial",NA,NA,NA,NA,NA,NA,NA,NA
"182","089411",7,"resources/real_fg_memory_images/orig36.jpg","real",NA,NA,NA,NA,NA,NA,NA,NA
"183","089411",8,"resources/real_fg_memory_images/fg16.jpg","artificial",NA,NA,NA,NA,NA,NA,NA,NA
"184","089411",4,"resources/real_fg_memory_images/fg8.jpg","artificial",NA,NA,NA,NA,NA,NA,NA,NA
"185","089411",5,"resources/real_fg_memory_images/orig33.jpg","real",NA,NA,NA,NA,NA,NA,NA,NA
"186","089411",8,"resources/real_fg_memory_images/fg18.jpg","artificial",NA,NA,NA,NA,NA,NA,NA,NA
"187","089411",NA,NA,NA,NA,NA,NA,NA,NA,NA,NA,NA
"188","089411",NA,"resources/real_fg_memory_images/fg11.jpg",NA,"artificial","Scam",NA,NA,NA,NA,NA,NA
"189","089411",NA,"resources/real_fg_memory_images/orig21.jpg",NA,"real","Neutral",NA,NA,NA,NA,NA,NA
"190","089411",NA,"resources/real_fg_memory_images/fg2.jpg",NA,"artificial","Neutral",NA,NA,NA,NA,NA,NA
"191","089411",NA,"resources/real_fg_memory_images/fg1.jpg",NA,"artificial","Neutral",NA,NA,NA,NA,NA,NA
"192","089411",NA,"resources/real_fg_memory_images/fg5.jpg",NA,"artificial","Neutral",NA,NA,NA,NA,NA,NA
"193","089411",NA,"resources/real_fg_memory_images/orig24.jpg",NA,"real","Neutral",NA,NA,NA,NA,NA,NA
"194","089411",NA,"resources/real_fg_memory_images/orig20.jpg",NA,"real","Neutral",NA,NA,NA,NA,NA,NA
"195","089411",NA,"resources/real_fg_memory_images/orig28.jpg",NA,"real","Scam",NA,NA,NA,NA,NA,NA
"196","089411",NA,"resources/real_fg_memory_images/orig19.jpg",NA,"real","Neutral",NA,NA,NA,NA,NA,NA
"197","089411",NA,"resources/real_fg_memory_images/orig25.jpg",NA,"real","Scam",NA,NA,NA,NA,NA,NA
"198","089411",NA,"resources/real_fg_memory_images/fg12.jpg",NA,"artificial","Scam",NA,NA,NA,NA,NA,NA
"199","089411",NA,"resources/real_fg_memory_images/fg7.jpg",NA,"artificial","Scam",NA,NA,NA,NA,NA,NA
"200","089411",NA,"resources/real_fg_memory_images/orig22.jpg",NA,"real","Neutral",NA,NA,NA,NA,NA,NA
"201","089411",NA,"resources/real_fg_memory_images/orig29.jpg",NA,"real","Scam",NA,NA,NA,NA,NA,NA
"202","089411",NA,"resources/real_fg_memory_images/fg9.jpg",NA,"artificial","Scam",NA,NA,NA,NA,NA,NA
"203","089411",NA,"resources/real_fg_memory_images/fg4.jpg",NA,"artificial","Neutral",NA,NA,NA,NA,NA,NA
"204","089411",NA,"resources/real_fg_memory_images/fg8.jpg",NA,"artificial","Scam",NA,NA,NA,NA,NA,NA
"205","089411",NA,"resources/real_fg_memory_images/fg6.jpg",NA,"artificial","Neutral",NA,NA,NA,NA,NA,NA
"206","089411",NA,"resources/real_fg_memory_images/orig26.jpg",NA,"real","Scam",NA,NA,NA,NA,NA,NA
"207","089411",NA,"resources/real_fg_memory_images/orig23.jpg",NA,"real","Neutral",NA,NA,NA,NA,NA,NA
"208","089411",NA,"resources/real_fg_memory_images/orig27.jpg",NA,"real","Scam",NA,NA,NA,NA,NA,NA
"209","089411",NA,"resources/real_fg_memory_images/fg3.jpg",NA,"artificial","Neutral",NA,NA,NA,NA,NA,NA
"210","089411",NA,"resources/real_fg_memory_images/orig30.jpg",NA,"real","Scam",NA,NA,NA,NA,NA,NA
"211","089411",NA,"resources/real_fg_memory_images/fg10.jpg",NA,"artificial","Scam",NA,NA,NA,NA,NA,NA
"212","089411",NA,NA,NA,NA,NA,NA,NA,NA,NA,NA,NA
"213","089411",NA,"resources/real_fg_memory_images/fg8.jpg",NA,"artificial","Scam","[""scam_button""]","6",NA,NA,NA,NA
"214","089411",NA,"resources/real_fg_memory_images/fg4.jpg",NA,"artificial","Neutral","[""neutral_button""]","9",NA,NA,NA,NA
"215","089411",NA,"resources/real_fg_memory_images/fg3.jpg",NA,"artificial","Neutral","[""scam_button""]","7",NA,NA,NA,NA
"216","089411",NA,"resources/real_fg_memory_images/orig22.jpg",NA,"real","Neutral","[""neutral_button""]","10",NA,NA,NA,NA
"217","089411",NA,"resources/real_fg_memory_images/orig19.jpg",NA,"real","Neutral","[""neutral_button""]","3",NA,NA,NA,NA
"218","089411",NA,"resources/real_fg_memory_images/fg9.jpg",NA,"artificial","Scam","[""neutral_button""]","3",NA,NA,NA,NA
"219","089411",NA,"resources/real_fg_memory_images/orig24.jpg",NA,"real","Neutral","[""neutral_button""]","1",NA,NA,NA,NA
"220","089411",NA,"resources/real_fg_memory_images/fg6.jpg",NA,"artificial","Neutral","[""scam_button""]","3",NA,NA,NA,NA
"221","089411",NA,"resources/real_fg_memory_images/fg7.jpg",NA,"artificial","Scam","[""neutral_button""]","4",NA,NA,NA,NA
"222","089411",NA,"resources/real_fg_memory_images/orig23.jpg",NA,"real","Neutral","[""scam_button""]","9",NA,NA,NA,NA
"223","089411",NA,"resources/real_fg_memory_images/fg10.jpg",NA,"artificial","Scam","[""scam_button""]","4",NA,NA,NA,NA
"224","089411",NA,"resources/real_fg_memory_images/orig26.jpg",NA,"real","Scam","[""neutral_button""]","4",NA,NA,NA,NA
"225","089411",NA,"resources/real_fg_memory_images/fg12.jpg",NA,"artificial","Scam","[""scam_button""]","8",NA,NA,NA,NA
"226","089411",NA,"resources/real_fg_memory_images/orig21.jpg",NA,"real","Neutral","[""neutral_button""]","10",NA,NA,NA,NA
"227","089411",NA,"resources/real_fg_memory_images/orig27.jpg",NA,"real","Scam","[""scam_button""]","10",NA,NA,NA,NA
"228","089411",NA,"resources/real_fg_memory_images/orig29.jpg",NA,"real","Scam","[""scam_button""]","8",NA,NA,NA,NA
"229","089411",NA,"resources/real_fg_memory_images/fg11.jpg",NA,"artificial","Scam","[""neutral_button""]","7",NA,NA,NA,NA
"230","089411",NA,"resources/real_fg_memory_images/fg1.jpg",NA,"artificial","Neutral","[""scam_button""]","2",NA,NA,NA,NA
"231","089411",NA,"resources/real_fg_memory_images/fg5.jpg",NA,"artificial","Neutral","[""scam_button""]","7",NA,NA,NA,NA
"232","089411",NA,"resources/real_fg_memory_images/fg2.jpg",NA,"artificial","Neutral","[""scam_button""]","3",NA,NA,NA,NA
"233","089411",NA,"resources/real_fg_memory_images/orig20.jpg",NA,"real","Neutral","[""neutral_button""]","8",NA,NA,NA,NA
"234","089411",NA,"resources/real_fg_memory_images/orig30.jpg",NA,"real","Scam","[""scam_button""]","8",NA,NA,NA,NA
"235","089411",NA,"resources/real_fg_memory_images/orig28.jpg",NA,"real","Scam","[""scam_button""]","10",NA,NA,NA,NA
"236","089411",NA,"resources/real_fg_memory_images/orig25.jpg",NA,"real","Scam","[""neutral_button""]","3",NA,NA,NA,NA
"237","089411",NA,NA,NA,NA,NA,NA,NA,NA,NA,NA,NA
"238","089411",3,"resources/real_fg_memory_images/orig35.jpg","real",NA,NA,NA,NA,NA,NA,NA,NA
"239","089411",1,"resources/real_fg_memory_images/fg8.jpg","artificial",NA,NA,NA,NA,NA,NA,NA,NA
"240","089411",3,"resources/real_fg_memory_images/fg7.jpg","artificial",NA,NA,NA,NA,NA,NA,NA,NA
"241","089411",5,"resources/real_fg_memory_images/fg11.jpg","artificial",NA,NA,NA,NA,NA,NA,NA,NA
"242","089411",9,"resources/real_fg_memory_images/orig21.jpg","real",NA,NA,NA,NA,NA,NA,NA,NA
"243","089411",6,"resources/real_fg_memory_images/fg9.jpg","artificial",NA,NA,NA,NA,NA,NA,NA,NA
"244","089411",7,"resources/real_fg_memory_images/fg3.jpg","artificial",NA,NA,NA,NA,NA,NA,NA,NA
"245","089411",2,"resources/real_fg_memory_images/orig24.jpg","real",NA,NA,NA,NA,NA,NA,NA,NA
"246","089411",2,"resources/real_fg_memory_images/fg5.jpg","artificial",NA,NA,NA,NA,NA,NA,NA,NA
"247","089411",2,"resources/real_fg_memory_images/fg10.jpg","artificial",NA,NA,NA,NA,NA,NA,NA,NA
"248","089411",6,"resources/real_fg_memory_images/fg4.jpg","artificial",NA,NA,NA,NA,NA,NA,NA,NA
"249","089411",1,"resources/real_fg_memory_images/orig19.jpg","real",NA,NA,NA,NA,NA,NA,NA,NA
"250","089411",3,"resources/real_fg_memory_images/orig34.jpg","real",NA,NA,NA,NA,NA,NA,NA,NA
"251","089411",6,"resources/real_fg_memory_images/orig33.jpg","real",NA,NA,NA,NA,NA,NA,NA,NA
"252","089411",1,"resources/real_fg_memory_images/orig30.jpg","real",NA,NA,NA,NA,NA,NA,NA,NA
"253","089411",3,"resources/real_fg_memory_images/orig20.jpg","real",NA,NA,NA,NA,NA,NA,NA,NA
"254","089411",8,"resources/real_fg_memory_images/orig22.jpg","real",NA,NA,NA,NA,NA,NA,NA,NA
"255","089411",6,"resources/real_fg_memory_images/fg14.jpg","artificial",NA,NA,NA,NA,NA,NA,NA,NA
"256","089411",2,"resources/real_fg_memory_images/fg13.jpg","artificial",NA,NA,NA,NA,NA,NA,NA,NA
"257","089411",1,"resources/real_fg_memory_images/orig28.jpg","real",NA,NA,NA,NA,NA,NA,NA,NA
"258","089411",7,"resources/real_fg_memory_images/orig25.jpg","real",NA,NA,NA,NA,NA,NA,NA,NA
"259","089411",5,"resources/real_fg_memory_images/fg17.jpg","artificial",NA,NA,NA,NA,NA,NA,NA,NA
"260","089411",2,"resources/real_fg_memory_images/orig23.jpg","real",NA,NA,NA,NA,NA,NA,NA,NA
"261","089411",6,"resources/real_fg_memory_images/fg12.jpg","artificial",NA,NA,NA,NA,NA,NA,NA,NA
"262","089411",1,"resources/real_fg_memory_images/orig27.jpg","real",NA,NA,NA,NA,NA,NA,NA,NA
"263","089411",5,"resources/real_fg_memory_images/fg6.jpg","artificial",NA,NA,NA,NA,NA,NA,NA,NA
"264","089411",6,"resources/real_fg_memory_images/fg1.jpg","artificial",NA,NA,NA,NA,NA,NA,NA,NA
"265","089411",4,"resources/real_fg_memory_images/fg15.jpg","artificial",NA,NA,NA,NA,NA,NA,NA,NA
"266","089411",3,"resources/real_fg_memory_images/orig32.jpg","real",NA,NA,NA,NA,NA,NA,NA,NA
"267","089411",2,"resources/real_fg_memory_images/orig29.jpg","real",NA,NA,NA,NA,NA,NA,NA,NA
"268","089411",6,"resources/real_fg_memory_images/fg2.jpg","artificial",NA,NA,NA,NA,NA,NA,NA,NA
"269","089411",8,"resources/real_fg_memory_images/orig36.jpg","real",NA,NA,NA,NA,NA,NA,NA,NA
"270","089411",8,"resources/real_fg_memory_images/orig26.jpg","real",NA,NA,NA,NA,NA,NA,NA,NA
"271","089411",6,"resources/real_fg_memory_images/fg16.jpg","artificial",NA,NA,NA,NA,NA,NA,NA,NA
"272","089411",8,"resources/real_fg_memory_images/fg18.jpg","artificial",NA,NA,NA,NA,NA,NA,NA,NA
"273","089411",2,"resources/real_fg_memory_images/orig31.jpg","real",NA,NA,NA,NA,NA,NA,NA,NA
"274","089411",NA,NA,NA,NA,NA,NA,NA,NA,NA,NA,NA
"275","089411",NA,NA,NA,NA,NA,NA,NA,4,"Persons over the age of 65 are often targeted by con-artists",NA,NA
"276","089411",NA,NA,NA,NA,NA,NA,NA,1,"If a telemarketer calls me, I usually listen to what they have to say",NA,NA
"277","089411",NA,NA,NA,NA,NA,NA,NA,1,"I answer the phone whenever it rings, even if I do not know who is calling",NA,NA
"278","089411",NA,NA,NA,NA,NA,NA,NA,4,"If something sounds too good to be true, it usually is",NA,NA
"279","089411",NA,NA,NA,NA,NA,NA,NA,1,"I have difficulty ending a phone call, even if the caller is a telemarketer, someone I do not know, or someone I do not wish to call me",NA,NA
"280","089411",NA,NA,NA,NA,NA,NA,NA,NA,NA,NA,NA
"281","089411",NA,NA,NA,NA,NA,NA,NA,NA,NA,"[""female_option""]",NA
"282","089411",NA,NA,NA,NA,NA,NA,NA,NA,NA,NA,20
"283","089411",NA,NA,NA,NA,NA,NA,NA,NA,NA,NA,NA
"284","089411",NA,NA,NA,NA,NA,NA,NA,NA,NA,NA,NA
"285","089411",NA,NA,NA,NA,NA,NA,NA,NA,NA,NA,NA
"286","089411",NA,NA,NA,NA,NA,NA,NA,NA,NA,NA,NA
"287","089411",NA,NA,NA,NA,NA,NA,NA,NA,NA,NA,NA
"288","089411",NA,NA,NA,NA,NA,NA,NA,NA,NA,NA,NA
"289","089411",NA,NA,NA,NA,NA,NA,NA,NA,NA,NA,NA
"290","089411",NA,NA,NA,NA,NA,NA,NA,NA,NA,NA,NA
"291","089411",NA,NA,NA,NA,NA,NA,NA,NA,NA,NA,NA
"292","089411",NA,NA,NA,NA,NA,NA,NA,NA,NA,NA,NA
"293","123371",NA,NA,NA,NA,NA,NA,NA,NA,NA,NA,NA
"294","123371",NA,NA,NA,NA,NA,NA,NA,NA,NA,NA,NA
"295","123371",NA,NA,NA,NA,NA,NA,NA,NA,NA,NA,NA
"296","123371",NA,NA,NA,NA,NA,NA,NA,NA,NA,NA,NA
"297","123371",6,"resources/real_fg_memory_images/fg4.jpg","artificial",NA,NA,NA,NA,NA,NA,NA,NA
"298","123371",8,"resources/real_fg_memory_images/orig29.jpg","real",NA,NA,NA,NA,NA,NA,NA,NA
"299","123371",3,"resources/real_fg_memory_images/orig25.jpg","real",NA,NA,NA,NA,NA,NA,NA,NA
"300","123371",5,"resources/real_fg_memory_images/orig20.jpg","real",NA,NA,NA,NA,NA,NA,NA,NA
"301","123371",8,"resources/real_fg_memory_images/orig26.jpg","real",NA,NA,NA,NA,NA,NA,NA,NA
"302","123371",4,"resources/real_fg_memory_images/fg10.jpg","artificial",NA,NA,NA,NA,NA,NA,NA,NA
"303","123371",3,"resources/real_fg_memory_images/orig22.jpg","real",NA,NA,NA,NA,NA,NA,NA,NA
"304","123371",1,"resources/real_fg_memory_images/fg7.jpg","artificial",NA,NA,NA,NA,NA,NA,NA,NA
"305","123371",9,"resources/real_fg_memory_images/fg6.jpg","artificial",NA,NA,NA,NA,NA,NA,NA,NA
"306","123371",3,"resources/real_fg_memory_images/orig23.jpg","real",NA,NA,NA,NA,NA,NA,NA,NA
"307","123371",2,"resources/real_fg_memory_images/fg13.jpg","artificial",NA,NA,NA,NA,NA,NA,NA,NA
"308","123371",8,"resources/real_fg_memory_images/orig36.jpg","real",NA,NA,NA,NA,NA,NA,NA,NA
"309","123371",3,"resources/real_fg_memory_images/fg1.jpg","artificial",NA,NA,NA,NA,NA,NA,NA,NA
"310","123371",9,"resources/real_fg_memory_images/fg14.jpg","artificial",NA,NA,NA,NA,NA,NA,NA,NA
"311","123371",9,"resources/real_fg_memory_images/orig24.jpg","real",NA,NA,NA,NA,NA,NA,NA,NA
"312","123371",4,"resources/real_fg_memory_images/orig31.jpg","real",NA,NA,NA,NA,NA,NA,NA,NA
"313","123371",6,"resources/real_fg_memory_images/fg17.jpg","artificial",NA,NA,NA,NA,NA,NA,NA,NA
"314","123371",5,"resources/real_fg_memory_images/fg8.jpg","artificial",NA,NA,NA,NA,NA,NA,NA,NA
"315","123371",0,"resources/real_fg_memory_images/fg12.jpg","artificial",NA,NA,NA,NA,NA,NA,NA,NA
"316","123371",3,"resources/real_fg_memory_images/orig27.jpg","real",NA,NA,NA,NA,NA,NA,NA,NA
"317","123371",4,"resources/real_fg_memory_images/fg2.jpg","artificial",NA,NA,NA,NA,NA,NA,NA,NA
"318","123371",8,"resources/real_fg_memory_images/orig30.jpg","real",NA,NA,NA,NA,NA,NA,NA,NA
"319","123371",6,"resources/real_fg_memory_images/fg15.jpg","artificial",NA,NA,NA,NA,NA,NA,NA,NA
"320","123371",2,"resources/real_fg_memory_images/fg5.jpg","artificial",NA,NA,NA,NA,NA,NA,NA,NA
"321","123371",6,"resources/real_fg_memory_images/orig21.jpg","real",NA,NA,NA,NA,NA,NA,NA,NA
"322","123371",7,"resources/real_fg_memory_images/orig32.jpg","real",NA,NA,NA,NA,NA,NA,NA,NA
"323","123371",4,"resources/real_fg_memory_images/fg3.jpg","artificial",NA,NA,NA,NA,NA,NA,NA,NA
"324","123371",10,"resources/real_fg_memory_images/orig28.jpg","real",NA,NA,NA,NA,NA,NA,NA,NA
"325","123371",2,"resources/real_fg_memory_images/fg18.jpg","artificial",NA,NA,NA,NA,NA,NA,NA,NA
"326","123371",5,"resources/real_fg_memory_images/fg16.jpg","artificial",NA,NA,NA,NA,NA,NA,NA,NA
"327","123371",6,"resources/real_fg_memory_images/orig33.jpg","real",NA,NA,NA,NA,NA,NA,NA,NA
"328","123371",6,"resources/real_fg_memory_images/fg11.jpg","artificial",NA,NA,NA,NA,NA,NA,NA,NA
"329","123371",5,"resources/real_fg_memory_images/orig35.jpg","real",NA,NA,NA,NA,NA,NA,NA,NA
"330","123371",5,"resources/real_fg_memory_images/orig19.jpg","real",NA,NA,NA,NA,NA,NA,NA,NA
"331","123371",2,"resources/real_fg_memory_images/fg9.jpg","artificial",NA,NA,NA,NA,NA,NA,NA,NA
"332","123371",8,"resources/real_fg_memory_images/orig34.jpg","real",NA,NA,NA,NA,NA,NA,NA,NA
"333","123371",NA,NA,NA,NA,NA,NA,NA,NA,NA,NA,NA
"334","123371",NA,"resources/real_fg_memory_images/fg1.jpg",NA,"artificial","Neutral",NA,NA,NA,NA,NA,NA
"335","123371",NA,"resources/real_fg_memory_images/orig27.jpg",NA,"real","Scam",NA,NA,NA,NA,NA,NA
"336","123371",NA,"resources/real_fg_memory_images/orig19.jpg",NA,"real","Neutral",NA,NA,NA,NA,NA,NA
"337","123371",NA,"resources/real_fg_memory_images/fg9.jpg",NA,"artificial","Scam",NA,NA,NA,NA,NA,NA
"338","123371",NA,"resources/real_fg_memory_images/fg8.jpg",NA,"artificial","Scam",NA,NA,NA,NA,NA,NA
"339","123371",NA,"resources/real_fg_memory_images/orig22.jpg",NA,"real","Neutral",NA,NA,NA,NA,NA,NA
"340","123371",NA,"resources/real_fg_memory_images/orig21.jpg",NA,"real","Neutral",NA,NA,NA,NA,NA,NA
"341","123371",NA,"resources/real_fg_memory_images/fg6.jpg",NA,"artificial","Neutral",NA,NA,NA,NA,NA,NA
"342","123371",NA,"resources/real_fg_memory_images/fg5.jpg",NA,"artificial","Neutral",NA,NA,NA,NA,NA,NA
"343","123371",NA,"resources/real_fg_memory_images/fg3.jpg",NA,"artificial","Neutral",NA,NA,NA,NA,NA,NA
"344","123371",NA,"resources/real_fg_memory_images/fg12.jpg",NA,"artificial","Scam",NA,NA,NA,NA,NA,NA
"345","123371",NA,"resources/real_fg_memory_images/fg2.jpg",NA,"artificial","Neutral",NA,NA,NA,NA,NA,NA
"346","123371",NA,"resources/real_fg_memory_images/fg7.jpg",NA,"artificial","Scam",NA,NA,NA,NA,NA,NA
"347","123371",NA,"resources/real_fg_memory_images/orig26.jpg",NA,"real","Scam",NA,NA,NA,NA,NA,NA
"348","123371",NA,"resources/real_fg_memory_images/orig28.jpg",NA,"real","Scam",NA,NA,NA,NA,NA,NA
"349","123371",NA,"resources/real_fg_memory_images/orig30.jpg",NA,"real","Scam",NA,NA,NA,NA,NA,NA
"350","123371",NA,"resources/real_fg_memory_images/fg11.jpg",NA,"artificial","Scam",NA,NA,NA,NA,NA,NA
"351","123371",NA,"resources/real_fg_memory_images/orig23.jpg",NA,"real","Neutral",NA,NA,NA,NA,NA,NA
"352","123371",NA,"resources/real_fg_memory_images/orig25.jpg",NA,"real","Scam",NA,NA,NA,NA,NA,NA
"353","123371",NA,"resources/real_fg_memory_images/fg4.jpg",NA,"artificial","Neutral",NA,NA,NA,NA,NA,NA
"354","123371",NA,"resources/real_fg_memory_images/orig20.jpg",NA,"real","Neutral",NA,NA,NA,NA,NA,NA
"355","123371",NA,"resources/real_fg_memory_images/orig29.jpg",NA,"real","Scam",NA,NA,NA,NA,NA,NA
"356","123371",NA,"resources/real_fg_memory_images/fg10.jpg",NA,"artificial","Scam",NA,NA,NA,NA,NA,NA
"357","123371",NA,"resources/real_fg_memory_images/orig24.jpg",NA,"real","Neutral",NA,NA,NA,NA,NA,NA
"358","123371",NA,NA,NA,NA,NA,NA,NA,NA,NA,NA,NA
"359","123371",NA,"resources/real_fg_memory_images/orig23.jpg",NA,"real","Neutral","[""neutral_button""]","10",NA,NA,NA,NA
"360","123371",NA,"resources/real_fg_memory_images/orig22.jpg",NA,"real","Neutral","[""neutral_button""]","10
",NA,NA,NA,NA
"361","123371",NA,"resources/real_fg_memory_images/orig19.jpg",NA,"real","Neutral","[""scam_button""]","6",NA,NA,NA,NA
"362","123371",NA,"resources/real_fg_memory_images/fg11.jpg",NA,"artificial","Scam","[""scam_button""]","10",NA,NA,NA,NA
"363","123371",NA,"resources/real_fg_memory_images/orig25.jpg",NA,"real","Scam","[""neutral_button""]","8",NA,NA,NA,NA
"364","123371",NA,"resources/real_fg_memory_images/fg9.jpg",NA,"artificial","Scam","[""scam_button""]","8",NA,NA,NA,NA
"365","123371",NA,"resources/real_fg_memory_images/fg3.jpg",NA,"artificial","Neutral","[""neutral_button""]","10",NA,NA,NA,NA
"366","123371",NA,"resources/real_fg_memory_images/orig30.jpg",NA,"real","Scam","[""scam_button""]","10",NA,NA,NA,NA
"367","123371",NA,"resources/real_fg_memory_images/fg6.jpg",NA,"artificial","Neutral","[""neutral_button""]","5",NA,NA,NA,NA
"368","123371",NA,"resources/real_fg_memory_images/fg8.jpg",NA,"artificial","Scam","[""scam_button""]","9",NA,NA,NA,NA
"369","123371",NA,"resources/real_fg_memory_images/orig24.jpg",NA,"real","Neutral","[""scam_button""]","4",NA,NA,NA,NA
"370","123371",NA,"resources/real_fg_memory_images/fg5.jpg",NA,"artificial","Neutral","[""scam_button""]","6",NA,NA,NA,NA
"371","123371",NA,"resources/real_fg_memory_images/fg1.jpg",NA,"artificial","Neutral","[""neutral_button""]","3",NA,NA,NA,NA
"372","123371",NA,"resources/real_fg_memory_images/fg10.jpg",NA,"artificial","Scam","[""scam_button""]","9",NA,NA,NA,NA
"373","123371",NA,"resources/real_fg_memory_images/fg2.jpg",NA,"artificial","Neutral","[""neutral_button""]","6",NA,NA,NA,NA
"374","123371",NA,"resources/real_fg_memory_images/fg7.jpg",NA,"artificial","Scam","[""scam_button""]","7",NA,NA,NA,NA
"375","123371",NA,"resources/real_fg_memory_images/orig21.jpg",NA,"real","Neutral","[""neutral_button""]","10",NA,NA,NA,NA
"376","123371",NA,"resources/real_fg_memory_images/orig20.jpg",NA,"real","Neutral","[""neutral_button""]","5",NA,NA,NA,NA
"377","123371",NA,"resources/real_fg_memory_images/orig29.jpg",NA,"real","Scam","[""scam_button""]","9",NA,NA,NA,NA
"378","123371",NA,"resources/real_fg_memory_images/orig26.jpg",NA,"real","Scam","[""scam_button""]","8",NA,NA,NA,NA
"379","123371",NA,"resources/real_fg_memory_images/orig28.jpg",NA,"real","Scam","[""scam_button""]","10",NA,NA,NA,NA
"380","123371",NA,"resources/real_fg_memory_images/fg4.jpg",NA,"artificial","Neutral","[""neutral_button""]","10",NA,NA,NA,NA
"381","123371",NA,"resources/real_fg_memory_images/fg12.jpg",NA,"artificial","Scam","[""scam_button""]","4",NA,NA,NA,NA
"382","123371",NA,"resources/real_fg_memory_images/orig27.jpg",NA,"real","Scam","[""scam_button""]","10",NA,NA,NA,NA
"383","123371",NA,NA,NA,NA,NA,NA,NA,NA,NA,NA,NA
"384","123371",0,"resources/real_fg_memory_images/orig31.jpg","real",NA,NA,NA,NA,NA,NA,NA,NA
"385","123371",8,"resources/real_fg_memory_images/fg17.jpg","artificial",NA,NA,NA,NA,NA,NA,NA,NA
"386","123371",3,"resources/real_fg_memory_images/fg5.jpg","artificial",NA,NA,NA,NA,NA,NA,NA,NA
"387","123371",6,"resources/real_fg_memory_images/orig33.jpg","real",NA,NA,NA,NA,NA,NA,NA,NA
"388","123371",4,"resources/real_fg_memory_images/orig36.jpg","real",NA,NA,NA,NA,NA,NA,NA,NA
"389","123371",9,"resources/real_fg_memory_images/orig32.jpg","real",NA,NA,NA,NA,NA,NA,NA,NA
"390","123371",3,"resources/real_fg_memory_images/fg12.jpg","artificial",NA,NA,NA,NA,NA,NA,NA,NA
"391","123371",4,"resources/real_fg_memory_images/fg7.jpg","artificial",NA,NA,NA,NA,NA,NA,NA,NA
"392","123371",5,"resources/real_fg_memory_images/fg10.jpg","artificial",NA,NA,NA,NA,NA,NA,NA,NA
"393","123371",2,"resources/real_fg_memory_images/fg13.jpg","artificial",NA,NA,NA,NA,NA,NA,NA,NA
"394","123371",8,"resources/real_fg_memory_images/fg3.jpg","artificial",NA,NA,NA,NA,NA,NA,NA,NA
"395","123371",7,"resources/real_fg_memory_images/orig19.jpg","real",NA,NA,NA,NA,NA,NA,NA,NA
"396","123371",2,"resources/real_fg_memory_images/orig20.jpg","real",NA,NA,NA,NA,NA,NA,NA,NA
"397","123371",1,"resources/real_fg_memory_images/fg4.jpg","artificial",NA,NA,NA,NA,NA,NA,NA,NA
"398","123371",8,"resources/real_fg_memory_images/fg16.jpg","artificial",NA,NA,NA,NA,NA,NA,NA,NA
"399","123371",6,"resources/real_fg_memory_images/orig24.jpg","real",NA,NA,NA,NA,NA,NA,NA,NA
"400","123371",5,"resources/real_fg_memory_images/fg1.jpg","artificial",NA,NA,NA,NA,NA,NA,NA,NA
"401","123371",7,"resources/real_fg_memory_images/orig29.jpg","real",NA,NA,NA,NA,NA,NA,NA,NA
"402","123371",4,"resources/real_fg_memory_images/orig26.jpg","real",NA,NA,NA,NA,NA,NA,NA,NA
"403","123371",2,"resources/real_fg_memory_images/orig25.jpg","real",NA,NA,NA,NA,NA,NA,NA,NA
"404","123371",5,"resources/real_fg_memory_images/orig34.jpg","real",NA,NA,NA,NA,NA,NA,NA,NA
"405","123371",1,"resources/real_fg_memory_images/fg18.jpg","artificial",NA,NA,NA,NA,NA,NA,NA,NA
"406","123371",3,"resources/real_fg_memory_images/fg6.jpg","artificial",NA,NA,NA,NA,NA,NA,NA,NA
"407","123371",5,"resources/real_fg_memory_images/fg14.jpg","artificial",NA,NA,NA,NA,NA,NA,NA,NA
"408","123371",9,"resources/real_fg_memory_images/orig28.jpg","real",NA,NA,NA,NA,NA,NA,NA,NA
"409","123371",1,"resources/real_fg_memory_images/orig22.jpg","real",NA,NA,NA,NA,NA,NA,NA,NA
"410","123371",6,"resources/real_fg_memory_images/orig21.jpg","real",NA,NA,NA,NA,NA,NA,NA,NA
"411","123371",2,"resources/real_fg_memory_images/fg8.jpg","artificial",NA,NA,NA,NA,NA,NA,NA,NA
"412","123371",2,"resources/real_fg_memory_images/orig27.jpg","real",NA,NA,NA,NA,NA,NA,NA,NA
"413","123371",0,"resources/real_fg_memory_images/fg2.jpg","artificial",NA,NA,NA,NA,NA,NA,NA,NA
"414","123371",5,"resources/real_fg_memory_images/orig23.jpg","real",NA,NA,NA,NA,NA,NA,NA,NA
"415","123371",3,"resources/real_fg_memory_images/fg9.jpg","artificial",NA,NA,NA,NA,NA,NA,NA,NA
"416","123371",5,"resources/real_fg_memory_images/fg11.jpg","artificial",NA,NA,NA,NA,NA,NA,NA,NA
"417","123371",8,"resources/real_fg_memory_images/orig30.jpg","real",NA,NA,NA,NA,NA,NA,NA,NA
"418","123371",3,"resources/real_fg_memory_images/orig35.jpg","real",NA,NA,NA,NA,NA,NA,NA,NA
"419","123371",6,"resources/real_fg_memory_images/fg15.jpg","artificial",NA,NA,NA,NA,NA,NA,NA,NA
"420","123371",NA,NA,NA,NA,NA,NA,NA,NA,NA,NA,NA
"421","123371",NA,NA,NA,NA,NA,NA,NA,1,"If a telemarketer calls me, I usually listen to what they have to say",NA,NA
"422","123371",NA,NA,NA,NA,NA,NA,NA,2,"I answer the phone whenever it rings, even if I do not know who is calling",NA,NA
"423","123371",NA,NA,NA,NA,NA,NA,NA,5,"Persons over the age of 65 are often targeted by con-artists",NA,NA
"424","123371",NA,NA,NA,NA,NA,NA,NA,4,"If something sounds too good to be true, it usually is",NA,NA
"425","123371",NA,NA,NA,NA,NA,NA,NA,2,"I have difficulty ending a phone call, even if the caller is a telemarketer, someone I do not know, or someone I do not wish to call me",NA,NA
"426","123371",NA,NA,NA,NA,NA,NA,NA,NA,NA,NA,NA
"427","123371",NA,NA,NA,NA,NA,NA,NA,NA,NA,"[""female_option""]",NA
"428","123371",NA,NA,NA,NA,NA,NA,NA,NA,NA,NA,18
"429","123371",NA,NA,NA,NA,NA,NA,NA,NA,NA,NA,NA
"430","123371",NA,NA,NA,NA,NA,NA,NA,NA,NA,NA,NA
"431","123371",NA,NA,NA,NA,NA,NA,NA,NA,NA,NA,NA
"432","123371",NA,NA,NA,NA,NA,NA,NA,NA,NA,NA,NA
"433","123371",NA,NA,NA,NA,NA,NA,NA,NA,NA,NA,NA
"434","123371",NA,NA,NA,NA,NA,NA,NA,NA,NA,NA,NA
"435","123371",NA,NA,NA,NA,NA,NA,NA,NA,NA,NA,NA
"436","123371",NA,NA,NA,NA,NA,NA,NA,NA,NA,NA,NA
"437","123371",NA,NA,NA,NA,NA,NA,NA,NA,NA,NA,NA
"438","123371",NA,NA,NA,NA,NA,NA,NA,NA,NA,NA,NA
"439","129698",NA,NA,NA,NA,NA,NA,NA,NA,NA,NA,NA
"440","129698",NA,NA,NA,NA,NA,NA,NA,NA,NA,NA,NA
"441","129698",NA,NA,NA,NA,NA,NA,NA,NA,NA,NA,NA
"442","129698",NA,NA,NA,NA,NA,NA,NA,NA,NA,NA,NA
"443","129698",4,"resources/real_fg_memory_images/fg2.jpg","artificial",NA,NA,NA,NA,NA,NA,NA,NA
"444","129698",8,"resources/real_fg_memory_images/fg16.jpg","artificial",NA,NA,NA,NA,NA,NA,NA,NA
"445","129698",2,"resources/real_fg_memory_images/orig35.jpg","real",NA,NA,NA,NA,NA,NA,NA,NA
"446","129698",3,"resources/real_fg_memory_images/orig23.jpg","real",NA,NA,NA,NA,NA,NA,NA,NA
"447","129698",0,"resources/real_fg_memory_images/fg4.jpg","artificial",NA,NA,NA,NA,NA,NA,NA,NA
"448","129698",2,"resources/real_fg_memory_images/fg7.jpg","artificial",NA,NA,NA,NA,NA,NA,NA,NA
"449","129698",7,"resources/real_fg_memory_images/orig19.jpg","real",NA,NA,NA,NA,NA,NA,NA,NA
"450","129698",5,"resources/real_fg_memory_images/fg10.jpg","artificial",NA,NA,NA,NA,NA,NA,NA,NA
"451","129698",8,"resources/real_fg_memory_images/orig26.jpg","real",NA,NA,NA,NA,NA,NA,NA,NA
"452","129698",7,"resources/real_fg_memory_images/orig24.jpg","real",NA,NA,NA,NA,NA,NA,NA,NA
"453","129698",6,"resources/real_fg_memory_images/fg3.jpg","artificial",NA,NA,NA,NA,NA,NA,NA,NA
"454","129698",4,"resources/real_fg_memory_images/fg17.jpg","artificial",NA,NA,NA,NA,NA,NA,NA,NA
"455","129698",6,"resources/real_fg_memory_images/fg15.jpg","artificial",NA,NA,NA,NA,NA,NA,NA,NA
"456","129698",7,"resources/real_fg_memory_images/orig33.jpg","real",NA,NA,NA,NA,NA,NA,NA,NA
"457","129698",9,"resources/real_fg_memory_images/orig28.jpg","real",NA,NA,NA,NA,NA,NA,NA,NA
"458","129698",8,"resources/real_fg_memory_images/orig34.jpg","real",NA,NA,NA,NA,NA,NA,NA,NA
"459","129698",1,"resources/real_fg_memory_images/fg18.jpg","artificial",NA,NA,NA,NA,NA,NA,NA,NA
"460","129698",5,"resources/real_fg_memory_images/orig21.jpg","real",NA,NA,NA,NA,NA,NA,NA,NA
"461","129698",5,"resources/real_fg_memory_images/orig22.jpg","real",NA,NA,NA,NA,NA,NA,NA,NA
"462","129698",5,"resources/real_fg_memory_images/orig20.jpg","real",NA,NA,NA,NA,NA,NA,NA,NA
"463","129698",0,"resources/real_fg_memory_images/fg5.jpg","artificial",NA,NA,NA,NA,NA,NA,NA,NA
"464","129698",3,"resources/real_fg_memory_images/fg6.jpg","artificial",NA,NA,NA,NA,NA,NA,NA,NA
"465","129698",2,"resources/real_fg_memory_images/fg12.jpg","artificial",NA,NA,NA,NA,NA,NA,NA,NA
"466","129698",3,"resources/real_fg_memory_images/fg8.jpg","artificial",NA,NA,NA,NA,NA,NA,NA,NA
"467","129698",8,"resources/real_fg_memory_images/orig25.jpg","real",NA,NA,NA,NA,NA,NA,NA,NA
"468","129698",4,"resources/real_fg_memory_images/orig27.jpg","real",NA,NA,NA,NA,NA,NA,NA,NA
"469","129698",3,"resources/real_fg_memory_images/fg14.jpg","artificial",NA,NA,NA,NA,NA,NA,NA,NA
"470","129698",0,"resources/real_fg_memory_images/fg1.jpg","artificial",NA,NA,NA,NA,NA,NA,NA,NA
"471","129698",8,"resources/real_fg_memory_images/orig30.jpg","real",NA,NA,NA,NA,NA,NA,NA,NA
"472","129698",7,"resources/real_fg_memory_images/orig29.jpg","real",NA,NA,NA,NA,NA,NA,NA,NA
"473","129698",3,"resources/real_fg_memory_images/fg9.jpg","artificial",NA,NA,NA,NA,NA,NA,NA,NA
"474","129698",4,"resources/real_fg_memory_images/orig31.jpg","real",NA,NA,NA,NA,NA,NA,NA,NA
"475","129698",7,"resources/real_fg_memory_images/fg11.jpg","artificial",NA,NA,NA,NA,NA,NA,NA,NA
"476","129698",9,"resources/real_fg_memory_images/orig36.jpg","real",NA,NA,NA,NA,NA,NA,NA,NA
"477","129698",1,"resources/real_fg_memory_images/fg13.jpg","artificial",NA,NA,NA,NA,NA,NA,NA,NA
"478","129698",9,"resources/real_fg_memory_images/orig32.jpg","real",NA,NA,NA,NA,NA,NA,NA,NA
"479","129698",NA,NA,NA,NA,NA,NA,NA,NA,NA,NA,NA
"480","129698",NA,"resources/real_fg_memory_images/orig20.jpg",NA,"real","Neutral",NA,NA,NA,NA,NA,NA
"481","129698",NA,"resources/real_fg_memory_images/orig27.jpg",NA,"real","Scam",NA,NA,NA,NA,NA,NA
"482","129698",NA,"resources/real_fg_memory_images/fg11.jpg",NA,"artificial","Scam",NA,NA,NA,NA,NA,NA
"483","129698",NA,"resources/real_fg_memory_images/fg1.jpg",NA,"artificial","Neutral",NA,NA,NA,NA,NA,NA
"484","129698",NA,"resources/real_fg_memory_images/fg7.jpg",NA,"artificial","Scam",NA,NA,NA,NA,NA,NA
"485","129698",NA,"resources/real_fg_memory_images/fg5.jpg",NA,"artificial","Neutral",NA,NA,NA,NA,NA,NA
"486","129698",NA,"resources/real_fg_memory_images/fg9.jpg",NA,"artificial","Scam",NA,NA,NA,NA,NA,NA
"487","129698",NA,"resources/real_fg_memory_images/fg12.jpg",NA,"artificial","Scam",NA,NA,NA,NA,NA,NA
"488","129698",NA,"resources/real_fg_memory_images/orig23.jpg",NA,"real","Neutral",NA,NA,NA,NA,NA,NA
"489","129698",NA,"resources/real_fg_memory_images/orig21.jpg",NA,"real","Neutral",NA,NA,NA,NA,NA,NA
"490","129698",NA,"resources/real_fg_memory_images/fg6.jpg",NA,"artificial","Neutral",NA,NA,NA,NA,NA,NA
"491","129698",NA,"resources/real_fg_memory_images/orig19.jpg",NA,"real","Neutral",NA,NA,NA,NA,NA,NA
"492","129698",NA,"resources/real_fg_memory_images/fg3.jpg",NA,"artificial","Neutral",NA,NA,NA,NA,NA,NA
"493","129698",NA,"resources/real_fg_memory_images/orig30.jpg",NA,"real","Scam",NA,NA,NA,NA,NA,NA
"494","129698",NA,"resources/real_fg_memory_images/orig24.jpg",NA,"real","Neutral",NA,NA,NA,NA,NA,NA
"495","129698",NA,"resources/real_fg_memory_images/fg8.jpg",NA,"artificial","Scam",NA,NA,NA,NA,NA,NA
"496","129698",NA,"resources/real_fg_memory_images/fg10.jpg",NA,"artificial","Scam",NA,NA,NA,NA,NA,NA
"497","129698",NA,"resources/real_fg_memory_images/fg4.jpg",NA,"artificial","Neutral",NA,NA,NA,NA,NA,NA
"498","129698",NA,"resources/real_fg_memory_images/orig29.jpg",NA,"real","Scam",NA,NA,NA,NA,NA,NA
"499","129698",NA,"resources/real_fg_memory_images/orig26.jpg",NA,"real","Scam",NA,NA,NA,NA,NA,NA
"500","129698",NA,"resources/real_fg_memory_images/orig25.jpg",NA,"real","Scam",NA,NA,NA,NA,NA,NA
"501","129698",NA,"resources/real_fg_memory_images/orig28.jpg",NA,"real","Scam",NA,NA,NA,NA,NA,NA
"502","129698",NA,"resources/real_fg_memory_images/fg2.jpg",NA,"artificial","Neutral",NA,NA,NA,NA,NA,NA
"503","129698",NA,"resources/real_fg_memory_images/orig22.jpg",NA,"real","Neutral",NA,NA,NA,NA,NA,NA
"504","129698",NA,NA,NA,NA,NA,NA,NA,NA,NA,NA,NA
"505","129698",NA,"resources/real_fg_memory_images/fg7.jpg",NA,"artificial","Scam","[""scam_button""]","10",NA,NA,NA,NA
"506","129698",NA,"resources/real_fg_memory_images/fg11.jpg",NA,"artificial","Scam","[""scam_button""]","6",NA,NA,NA,NA
"507","129698",NA,"resources/real_fg_memory_images/fg3.jpg",NA,"artificial","Neutral","[""neutral_button""]","10",NA,NA,NA,NA
"508","129698",NA,"resources/real_fg_memory_images/fg5.jpg",NA,"artificial","Neutral","[""neutral_button""]","8",NA,NA,NA,NA
"509","129698",NA,"resources/real_fg_memory_images/orig20.jpg",NA,"real","Neutral","[""neutral_button""]","10",NA,NA,NA,NA
"510","129698",NA,"resources/real_fg_memory_images/orig26.jpg",NA,"real","Scam","[""scam_button""]","10",NA,NA,NA,NA
"511","129698",NA,"resources/real_fg_memory_images/orig27.jpg",NA,"real","Scam","[""scam_button""]","10",NA,NA,NA,NA
"512","129698",NA,"resources/real_fg_memory_images/orig23.jpg",NA,"real","Neutral","[""neutral_button""]","10",NA,NA,NA,NA
"513","129698",NA,"resources/real_fg_memory_images/fg12.jpg",NA,"artificial","Scam","[""neutral_button""]","8",NA,NA,NA,NA
"514","129698",NA,"resources/real_fg_memory_images/orig30.jpg",NA,"real","Scam","[""scam_button""]","10",NA,NA,NA,NA
"515","129698",NA,"resources/real_fg_memory_images/fg8.jpg",NA,"artificial","Scam","[""scam_button""]","10",NA,NA,NA,NA
"516","129698",NA,"resources/real_fg_memory_images/fg9.jpg",NA,"artificial","Scam","[""scam_button""]","4",NA,NA,NA,NA
"517","129698",NA,"resources/real_fg_memory_images/orig24.jpg",NA,"real","Neutral","[""neutral_button""]","10",NA,NA,NA,NA
"518","129698",NA,"resources/real_fg_memory_images/orig28.jpg",NA,"real","Scam","[""scam_button""]","10",NA,NA,NA,NA
"519","129698",NA,"resources/real_fg_memory_images/fg1.jpg",NA,"artificial","Neutral","[""neutral_button""]","4",NA,NA,NA,NA
"520","129698",NA,"resources/real_fg_memory_images/fg6.jpg",NA,"artificial","Neutral","[""scam_button""]","4",NA,NA,NA,NA
"521","129698",NA,"resources/real_fg_memory_images/fg4.jpg",NA,"artificial","Neutral","[""neutral_button""]","4",NA,NA,NA,NA
"522","129698",NA,"resources/real_fg_memory_images/orig19.jpg",NA,"real","Neutral","[""neutral_button""]","4",NA,NA,NA,NA
"523","129698",NA,"resources/real_fg_memory_images/orig25.jpg",NA,"real","Scam","[""scam_button""]","10",NA,NA,NA,NA
"524","129698",NA,"resources/real_fg_memory_images/fg2.jpg",NA,"artificial","Neutral","[""neutral_button""]","5",NA,NA,NA,NA
"525","129698",NA,"resources/real_fg_memory_images/orig22.jpg",NA,"real","Neutral","[""neutral_button""]","7",NA,NA,NA,NA
"526","129698",NA,"resources/real_fg_memory_images/fg10.jpg",NA,"artificial","Scam","[""neutral_button""]","7",NA,NA,NA,NA
"527","129698",NA,"resources/real_fg_memory_images/orig29.jpg",NA,"real","Scam","[""scam_button""]","5",NA,NA,NA,NA
"528","129698",NA,"resources/real_fg_memory_images/orig21.jpg",NA,"real","Neutral","[""neutral_button""]","5",NA,NA,NA,NA
"529","129698",NA,NA,NA,NA,NA,NA,NA,NA,NA,NA,NA
"530","129698",5,"resources/real_fg_memory_images/orig31.jpg","real",NA,NA,NA,NA,NA,NA,NA,NA
"531","129698",6,"resources/real_fg_memory_images/fg11.jpg","artificial",NA,NA,NA,NA,NA,NA,NA,NA
"532","129698",4,"resources/real_fg_memory_images/orig28.jpg","real",NA,NA,NA,NA,NA,NA,NA,NA
"533","129698",3,"resources/real_fg_memory_images/fg1.jpg","artificial",NA,NA,NA,NA,NA,NA,NA,NA
"534","129698",5,"resources/real_fg_memory_images/orig21.jpg","real",NA,NA,NA,NA,NA,NA,NA,NA
"535","129698",8,"resources/real_fg_memory_images/orig36.jpg","real",NA,NA,NA,NA,NA,NA,NA,NA
"536","129698",8,"resources/real_fg_memory_images/orig34.jpg","real",NA,NA,NA,NA,NA,NA,NA,NA
"537","129698",7,"resources/real_fg_memory_images/fg7.jpg","artificial",NA,NA,NA,NA,NA,NA,NA,NA
"538","129698",7,"resources/real_fg_memory_images/orig19.jpg","real",NA,NA,NA,NA,NA,NA,NA,NA
"539","129698",8,"resources/real_fg_memory_images/fg16.jpg","artificial",NA,NA,NA,NA,NA,NA,NA,NA
"540","129698",7,"resources/real_fg_memory_images/fg2.jpg","artificial",NA,NA,NA,NA,NA,NA,NA,NA
"541","129698",8,"resources/real_fg_memory_images/orig22.jpg","real",NA,NA,NA,NA,NA,NA,NA,NA
"542","129698",3,"resources/real_fg_memory_images/fg5.jpg","artificial",NA,NA,NA,NA,NA,NA,NA,NA
"543","129698",6,"resources/real_fg_memory_images/orig35.jpg","real",NA,NA,NA,NA,NA,NA,NA,NA
"544","129698",6,"resources/real_fg_memory_images/fg3.jpg","artificial",NA,NA,NA,NA,NA,NA,NA,NA
"545","129698",4,"resources/real_fg_memory_images/fg10.jpg","artificial",NA,NA,NA,NA,NA,NA,NA,NA
"546","129698",7,"resources/real_fg_memory_images/orig32.jpg","real",NA,NA,NA,NA,NA,NA,NA,NA
"547","129698",8,"resources/real_fg_memory_images/orig23.jpg","real",NA,NA,NA,NA,NA,NA,NA,NA
"548","129698",7,"resources/real_fg_memory_images/fg17.jpg","artificial",NA,NA,NA,NA,NA,NA,NA,NA
"549","129698",6,"resources/real_fg_memory_images/fg18.jpg","artificial",NA,NA,NA,NA,NA,NA,NA,NA
"550","129698",5,"resources/real_fg_memory_images/fg9.jpg","artificial",NA,NA,NA,NA,NA,NA,NA,NA
"551","129698",0,"resources/real_fg_memory_images/orig27.jpg","real",NA,NA,NA,NA,NA,NA,NA,NA
"552","129698",3,"resources/real_fg_memory_images/orig30.jpg","real",NA,NA,NA,NA,NA,NA,NA,NA
"553","129698",3,"resources/real_fg_memory_images/fg6.jpg","artificial",NA,NA,NA,NA,NA,NA,NA,NA
"554","129698",5,"resources/real_fg_memory_images/fg15.jpg","artificial",NA,NA,NA,NA,NA,NA,NA,NA
"555","129698",8,"resources/real_fg_memory_images/orig25.jpg","real",NA,NA,NA,NA,NA,NA,NA,NA
"556","129698",6,"resources/real_fg_memory_images/orig29.jpg","real",NA,NA,NA,NA,NA,NA,NA,NA
"557","129698",8,"resources/real_fg_memory_images/orig20.jpg","real",NA,NA,NA,NA,NA,NA,NA,NA
"558","129698",0,"resources/real_fg_memory_images/fg4.jpg","artificial",NA,NA,NA,NA,NA,NA,NA,NA
"559","129698",9,"resources/real_fg_memory_images/orig24.jpg","real",NA,NA,NA,NA,NA,NA,NA,NA
"560","129698",3,"resources/real_fg_memory_images/fg8.jpg","artificial",NA,NA,NA,NA,NA,NA,NA,NA
"561","129698",6,"resources/real_fg_memory_images/orig33.jpg","real",NA,NA,NA,NA,NA,NA,NA,NA
"562","129698",0,"resources/real_fg_memory_images/fg12.jpg","artificial",NA,NA,NA,NA,NA,NA,NA,NA
"563","129698",3,"resources/real_fg_memory_images/fg14.jpg","artificial",NA,NA,NA,NA,NA,NA,NA,NA
"564","129698",2,"resources/real_fg_memory_images/orig26.jpg","real",NA,NA,NA,NA,NA,NA,NA,NA
"565","129698",5,"resources/real_fg_memory_images/fg13.jpg","artificial",NA,NA,NA,NA,NA,NA,NA,NA
"566","129698",NA,NA,NA,NA,NA,NA,NA,NA,NA,NA,NA
"567","129698",NA,NA,NA,NA,NA,NA,NA,1,"I answer the phone whenever it rings, even if I do not know who is calling",NA,NA
"568","129698",NA,NA,NA,NA,NA,NA,NA,4,"I have difficulty ending a phone call, even if the caller is a telemarketer, someone I do not know, or someone I do not wish to call me",NA,NA
"569","129698",NA,NA,NA,NA,NA,NA,NA,2,"If a telemarketer calls me, I usually listen to what they have to say",NA,NA
"570","129698",NA,NA,NA,NA,NA,NA,NA,5,"Persons over the age of 65 are often targeted by con-artists",NA,NA
"571","129698",NA,NA,NA,NA,NA,NA,NA,4,"If something sounds too good to be true, it usually is",NA,NA
"572","129698",NA,NA,NA,NA,NA,NA,NA,NA,NA,NA,NA
"573","129698",NA,NA,NA,NA,NA,NA,NA,NA,NA,"[""female_option""]",NA
"574","129698",NA,NA,NA,NA,NA,NA,NA,NA,NA,NA,21
"575","129698",NA,NA,NA,NA,NA,NA,NA,NA,NA,NA,NA
"576","129698",NA,NA,NA,NA,NA,NA,NA,NA,NA,NA,NA
"577","129698",NA,NA,NA,NA,NA,NA,NA,NA,NA,NA,NA
"578","129698",NA,NA,NA,NA,NA,NA,NA,NA,NA,NA,NA
"579","129698",NA,NA,NA,NA,NA,NA,NA,NA,NA,NA,NA
"580","129698",NA,NA,NA,NA,NA,NA,NA,NA,NA,NA,NA
"581","129698",NA,NA,NA,NA,NA,NA,NA,NA,NA,NA,NA
"582","129698",NA,NA,NA,NA,NA,NA,NA,NA,NA,NA,NA
"583","129698",NA,NA,NA,NA,NA,NA,NA,NA,NA,NA,NA
"584","129698",NA,NA,NA,NA,NA,NA,NA,NA,NA,NA,NA
"585","143839",NA,NA,NA,NA,NA,NA,NA,NA,NA,NA,NA
"586","143839",NA,NA,NA,NA,NA,NA,NA,NA,NA,NA,NA
"587","143839",NA,NA,NA,NA,NA,NA,NA,NA,NA,NA,NA
"588","143839",NA,NA,NA,NA,NA,NA,NA,NA,NA,NA,NA
"589","143839",3,"resources/real_fg_memory_images/orig35.jpg","real",NA,NA,NA,NA,NA,NA,NA,NA
"590","143839",4,"resources/real_fg_memory_images/orig22.jpg","real",NA,NA,NA,NA,NA,NA,NA,NA
"591","143839",8,"resources/real_fg_memory_images/orig24.jpg","real",NA,NA,NA,NA,NA,NA,NA,NA
"592","143839",3,"resources/real_fg_memory_images/fg10.jpg","artificial",NA,NA,NA,NA,NA,NA,NA,NA
"593","143839",5,"resources/real_fg_memory_images/fg5.jpg","artificial",NA,NA,NA,NA,NA,NA,NA,NA
"594","143839",6,"resources/real_fg_memory_images/fg6.jpg","artificial",NA,NA,NA,NA,NA,NA,NA,NA
"595","143839",3,"resources/real_fg_memory_images/orig33.jpg","real",NA,NA,NA,NA,NA,NA,NA,NA
"596","143839",5,"resources/real_fg_memory_images/orig25.jpg","real",NA,NA,NA,NA,NA,NA,NA,NA
"597","143839",6,"resources/real_fg_memory_images/orig36.jpg","real",NA,NA,NA,NA,NA,NA,NA,NA
"598","143839",4,"resources/real_fg_memory_images/fg16.jpg","artificial",NA,NA,NA,NA,NA,NA,NA,NA
"599","143839",8,"resources/real_fg_memory_images/orig28.jpg","real",NA,NA,NA,NA,NA,NA,NA,NA
"600","143839",8,"resources/real_fg_memory_images/fg2.jpg","artificial",NA,NA,NA,NA,NA,NA,NA,NA
"601","143839",9,"resources/real_fg_memory_images/fg9.jpg","artificial",NA,NA,NA,NA,NA,NA,NA,NA
"602","143839",6,"resources/real_fg_memory_images/orig20.jpg","real",NA,NA,NA,NA,NA,NA,NA,NA
"603","143839",8,"resources/real_fg_memory_images/orig32.jpg","real",NA,NA,NA,NA,NA,NA,NA,NA
"604","143839",9,"resources/real_fg_memory_images/fg13.jpg","artificial",NA,NA,NA,NA,NA,NA,NA,NA
"605","143839",6,"resources/real_fg_memory_images/orig19.jpg","real",NA,NA,NA,NA,NA,NA,NA,NA
"606","143839",8,"resources/real_fg_memory_images/orig26.jpg","real",NA,NA,NA,NA,NA,NA,NA,NA
"607","143839",7,"resources/real_fg_memory_images/fg11.jpg","artificial",NA,NA,NA,NA,NA,NA,NA,NA
"608","143839",4,"resources/real_fg_memory_images/fg7.jpg","artificial",NA,NA,NA,NA,NA,NA,NA,NA
"609","143839",9,"resources/real_fg_memory_images/orig29.jpg","real",NA,NA,NA,NA,NA,NA,NA,NA
"610","143839",8,"resources/real_fg_memory_images/orig30.jpg","real",NA,NA,NA,NA,NA,NA,NA,NA
"611","143839",8,"resources/real_fg_memory_images/fg18.jpg","artificial",NA,NA,NA,NA,NA,NA,NA,NA
"612","143839",4,"resources/real_fg_memory_images/fg12.jpg","artificial",NA,NA,NA,NA,NA,NA,NA,NA
"613","143839",5,"resources/real_fg_memory_images/fg1.jpg","artificial",NA,NA,NA,NA,NA,NA,NA,NA
"614","143839",7,"resources/real_fg_memory_images/fg14.jpg","artificial",NA,NA,NA,NA,NA,NA,NA,NA
"615","143839",7,"resources/real_fg_memory_images/orig34.jpg","real",NA,NA,NA,NA,NA,NA,NA,NA
"616","143839",3,"resources/real_fg_memory_images/orig27.jpg","real",NA,NA,NA,NA,NA,NA,NA,NA
"617","143839",6,"resources/real_fg_memory_images/fg4.jpg","artificial",NA,NA,NA,NA,NA,NA,NA,NA
"618","143839",6,"resources/real_fg_memory_images/fg17.jpg","artificial",NA,NA,NA,NA,NA,NA,NA,NA
"619","143839",4,"resources/real_fg_memory_images/fg8.jpg","artificial",NA,NA,NA,NA,NA,NA,NA,NA
"620","143839",4,"resources/real_fg_memory_images/fg3.jpg","artificial",NA,NA,NA,NA,NA,NA,NA,NA
"621","143839",5,"resources/real_fg_memory_images/orig23.jpg","real",NA,NA,NA,NA,NA,NA,NA,NA
"622","143839",2,"resources/real_fg_memory_images/orig31.jpg","real",NA,NA,NA,NA,NA,NA,NA,NA
"623","143839",5,"resources/real_fg_memory_images/fg15.jpg","artificial",NA,NA,NA,NA,NA,NA,NA,NA
"624","143839",5,"resources/real_fg_memory_images/orig21.jpg","real",NA,NA,NA,NA,NA,NA,NA,NA
"625","143839",NA,NA,NA,NA,NA,NA,NA,NA,NA,NA,NA
"626","143839",NA,"resources/real_fg_memory_images/fg7.jpg",NA,"artificial","Scam",NA,NA,NA,NA,NA,NA
"627","143839",NA,"resources/real_fg_memory_images/orig25.jpg",NA,"real","Scam",NA,NA,NA,NA,NA,NA
"628","143839",NA,"resources/real_fg_memory_images/orig21.jpg",NA,"real","Neutral",NA,NA,NA,NA,NA,NA
"629","143839",NA,"resources/real_fg_memory_images/orig20.jpg",NA,"real","Neutral",NA,NA,NA,NA,NA,NA
"630","143839",NA,"resources/real_fg_memory_images/fg2.jpg",NA,"artificial","Neutral",NA,NA,NA,NA,NA,NA
"631","143839",NA,"resources/real_fg_memory_images/orig27.jpg",NA,"real","Scam",NA,NA,NA,NA,NA,NA
"632","143839",NA,"resources/real_fg_memory_images/fg11.jpg",NA,"artificial","Scam",NA,NA,NA,NA,NA,NA
"633","143839",NA,"resources/real_fg_memory_images/fg10.jpg",NA,"artificial","Scam",NA,NA,NA,NA,NA,NA
"634","143839",NA,"resources/real_fg_memory_images/orig22.jpg",NA,"real","Neutral",NA,NA,NA,NA,NA,NA
"635","143839",NA,"resources/real_fg_memory_images/fg9.jpg",NA,"artificial","Scam",NA,NA,NA,NA,NA,NA
"636","143839",NA,"resources/real_fg_memory_images/fg12.jpg",NA,"artificial","Scam",NA,NA,NA,NA,NA,NA
"637","143839",NA,"resources/real_fg_memory_images/orig26.jpg",NA,"real","Scam",NA,NA,NA,NA,NA,NA
"638","143839",NA,"resources/real_fg_memory_images/fg1.jpg",NA,"artificial","Neutral",NA,NA,NA,NA,NA,NA
"639","143839",NA,"resources/real_fg_memory_images/orig30.jpg",NA,"real","Scam",NA,NA,NA,NA,NA,NA
"640","143839",NA,"resources/real_fg_memory_images/fg8.jpg",NA,"artificial","Scam",NA,NA,NA,NA,NA,NA
"641","143839",NA,"resources/real_fg_memory_images/fg5.jpg",NA,"artificial","Neutral",NA,NA,NA,NA,NA,NA
"642","143839",NA,"resources/real_fg_memory_images/orig28.jpg",NA,"real","Scam",NA,NA,NA,NA,NA,NA
"643","143839",NA,"resources/real_fg_memory_images/orig23.jpg",NA,"real","Neutral",NA,NA,NA,NA,NA,NA
"644","143839",NA,"resources/real_fg_memory_images/orig19.jpg",NA,"real","Neutral",NA,NA,NA,NA,NA,NA
"645","143839",NA,"resources/real_fg_memory_images/fg6.jpg",NA,"artificial","Neutral",NA,NA,NA,NA,NA,NA
"646","143839",NA,"resources/real_fg_memory_images/fg3.jpg",NA,"artificial","Neutral",NA,NA,NA,NA,NA,NA
"647","143839",NA,"resources/real_fg_memory_images/orig29.jpg",NA,"real","Scam",NA,NA,NA,NA,NA,NA
"648","143839",NA,"resources/real_fg_memory_images/orig24.jpg",NA,"real","Neutral",NA,NA,NA,NA,NA,NA
"649","143839",NA,"resources/real_fg_memory_images/fg4.jpg",NA,"artificial","Neutral",NA,NA,NA,NA,NA,NA
"650","143839",NA,NA,NA,NA,NA,NA,NA,NA,NA,NA,NA
"651","143839",NA,"resources/real_fg_memory_images/fg6.jpg",NA,"artificial","Neutral","[""scam_button""]","3",NA,NA,NA,NA
"652","143839",NA,"resources/real_fg_memory_images/orig21.jpg",NA,"real","Neutral","[""neutral_button""]","6",NA,NA,NA,NA
"653","143839",NA,"resources/real_fg_memory_images/fg9.jpg",NA,"artificial","Scam","[""scam_button""]","2",NA,NA,NA,NA
"654","143839",NA,"resources/real_fg_memory_images/fg10.jpg",NA,"artificial","Scam","[""neutral_button""]","8",NA,NA,NA,NA
"655","143839",NA,"resources/real_fg_memory_images/fg12.jpg",NA,"artificial","Scam","[""neutral_button""]","2",NA,NA,NA,NA
"656","143839",NA,"resources/real_fg_memory_images/orig28.jpg",NA,"real","Scam","[""scam_button""]","8",NA,NA,NA,NA
"657","143839",NA,"resources/real_fg_memory_images/fg2.jpg",NA,"artificial","Neutral","[""scam_button""]","4",NA,NA,NA,NA
"658","143839",NA,"resources/real_fg_memory_images/fg7.jpg",NA,"artificial","Scam","[""scam_button""]","3",NA,NA,NA,NA
"659","143839",NA,"resources/real_fg_memory_images/orig19.jpg",NA,"real","Neutral","[""neutral_button""]","4",NA,NA,NA,NA
"660","143839",NA,"resources/real_fg_memory_images/fg4.jpg",NA,"artificial","Neutral","[""neutral_button""]","2",NA,NA,NA,NA
"661","143839",NA,"resources/real_fg_memory_images/orig22.jpg",NA,"real","Neutral","[""scam_button""]","2",NA,NA,NA,NA
"662","143839",NA,"resources/real_fg_memory_images/fg8.jpg",NA,"artificial","Scam","[""neutral_button""]","3",NA,NA,NA,NA
"663","143839",NA,"resources/real_fg_memory_images/orig24.jpg",NA,"real","Neutral","[""neutral_button""]","2",NA,NA,NA,NA
"664","143839",NA,"resources/real_fg_memory_images/orig29.jpg",NA,"real","Scam","[""scam_button""]","10",NA,NA,NA,NA
"665","143839",NA,"resources/real_fg_memory_images/fg1.jpg",NA,"artificial","Neutral","[""scam_button""]","2",NA,NA,NA,NA
"666","143839",NA,"resources/real_fg_memory_images/fg11.jpg",NA,"artificial","Scam","[""neutral_button""]","8",NA,NA,NA,NA
"667","143839",NA,"resources/real_fg_memory_images/orig25.jpg",NA,"real","Scam","[""scam_button""]","2",NA,NA,NA,NA
"668","143839",NA,"resources/real_fg_memory_images/orig30.jpg",NA,"real","Scam","[""scam_button""]","2",NA,NA,NA,NA
"669","143839",NA,"resources/real_fg_memory_images/orig26.jpg",NA,"real","Scam","[""scam_button""]","8",NA,NA,NA,NA
"670","143839",NA,"resources/real_fg_memory_images/orig23.jpg",NA,"real","Neutral","[""scam_button""]","0",NA,NA,NA,NA
"671","143839",NA,"resources/real_fg_memory_images/fg5.jpg",NA,"artificial","Neutral","[""neutral_button""]","2",NA,NA,NA,NA
"672","143839",NA,"resources/real_fg_memory_images/fg3.jpg",NA,"artificial","Neutral","[""scam_button""]","5",NA,NA,NA,NA
"673","143839",NA,"resources/real_fg_memory_images/orig27.jpg",NA,"real","Scam","[""scam_button""]","10",NA,NA,NA,NA
"674","143839",NA,"resources/real_fg_memory_images/orig20.jpg",NA,"real","Neutral","[""neutral_button""]","2",NA,NA,NA,NA
"675","143839",NA,NA,NA,NA,NA,NA,NA,NA,NA,NA,NA
"676","143839",2,"resources/real_fg_memory_images/fg17.jpg","artificial",NA,NA,NA,NA,NA,NA,NA,NA
"677","143839",1,"resources/real_fg_memory_images/orig31.jpg","real",NA,NA,NA,NA,NA,NA,NA,NA
"678","143839",6,"resources/real_fg_memory_images/fg18.jpg","artificial",NA,NA,NA,NA,NA,NA,NA,NA
"679","143839",NA,"resources/real_fg_memory_images/fg7.jpg","artificial",NA,NA,NA,NA,NA,NA,NA,NA
"680","143839",9,"resources/real_fg_memory_images/orig23.jpg","real",NA,NA,NA,NA,NA,NA,NA,NA
"681","143839",3,"resources/real_fg_memory_images/orig34.jpg","real",NA,NA,NA,NA,NA,NA,NA,NA
"682","143839",5,"resources/real_fg_memory_images/fg4.jpg","artificial",NA,NA,NA,NA,NA,NA,NA,NA
"683","143839",5,"resources/real_fg_memory_images/fg2.jpg","artificial",NA,NA,NA,NA,NA,NA,NA,NA
"684","143839",4,"resources/real_fg_memory_images/fg14.jpg","artificial",NA,NA,NA,NA,NA,NA,NA,NA
"685","143839",4,"resources/real_fg_memory_images/orig32.jpg","real",NA,NA,NA,NA,NA,NA,NA,NA
"686","143839",2,"resources/real_fg_memory_images/orig28.jpg","real",NA,NA,NA,NA,NA,NA,NA,NA
"687","143839",5,"resources/real_fg_memory_images/orig36.jpg","real",NA,NA,NA,NA,NA,NA,NA,NA
"688","143839",2,"resources/real_fg_memory_images/orig19.jpg","real",NA,NA,NA,NA,NA,NA,NA,NA
"689","143839",1,"resources/real_fg_memory_images/fg3.jpg","artificial",NA,NA,NA,NA,NA,NA,NA,NA
"690","143839",2,"resources/real_fg_memory_images/fg8.jpg","artificial",NA,NA,NA,NA,NA,NA,NA,NA
"691","143839",4,"resources/real_fg_memory_images/orig30.jpg","real",NA,NA,NA,NA,NA,NA,NA,NA
"692","143839",3,"resources/real_fg_memory_images/fg11.jpg","artificial",NA,NA,NA,NA,NA,NA,NA,NA
"693","143839",5,"resources/real_fg_memory_images/orig24.jpg","real",NA,NA,NA,NA,NA,NA,NA,NA
"694","143839",5,"resources/real_fg_memory_images/fg15.jpg","artificial",NA,NA,NA,NA,NA,NA,NA,NA
"695","143839",6,"resources/real_fg_memory_images/fg10.jpg","artificial",NA,NA,NA,NA,NA,NA,NA,NA
"696","143839",4,"resources/real_fg_memory_images/fg9.jpg","artificial",NA,NA,NA,NA,NA,NA,NA,NA
"697","143839",3,"resources/real_fg_memory_images/fg16.jpg","artificial",NA,NA,NA,NA,NA,NA,NA,NA
"698","143839",1,"resources/real_fg_memory_images/orig26.jpg","real",NA,NA,NA,NA,NA,NA,NA,NA
"699","143839",1,"resources/real_fg_memory_images/orig27.jpg","real",NA,NA,NA,NA,NA,NA,NA,NA
"700","143839",2,"resources/real_fg_memory_images/orig33.jpg","real",NA,NA,NA,NA,NA,NA,NA,NA
"701","143839",5,"resources/real_fg_memory_images/orig25.jpg","real",NA,NA,NA,NA,NA,NA,NA,NA
"702","143839",2,"resources/real_fg_memory_images/orig29.jpg","real",NA,NA,NA,NA,NA,NA,NA,NA
"703","143839",4,"resources/real_fg_memory_images/fg12.jpg","artificial",NA,NA,NA,NA,NA,NA,NA,NA
"704","143839",8,"resources/real_fg_memory_images/fg13.jpg","artificial",NA,NA,NA,NA,NA,NA,NA,NA
"705","143839",7,"resources/real_fg_memory_images/fg1.jpg","artificial",NA,NA,NA,NA,NA,NA,NA,NA
"706","143839",6,"resources/real_fg_memory_images/fg5.jpg","artificial",NA,NA,NA,NA,NA,NA,NA,NA
"707","143839",4,"resources/real_fg_memory_images/orig22.jpg","real",NA,NA,NA,NA,NA,NA,NA,NA
"708","143839",4,"resources/real_fg_memory_images/orig21.jpg","real",NA,NA,NA,NA,NA,NA,NA,NA
"709","143839",5,"resources/real_fg_memory_images/orig20.jpg","real",NA,NA,NA,NA,NA,NA,NA,NA
"710","143839",3,"resources/real_fg_memory_images/orig35.jpg","real",NA,NA,NA,NA,NA,NA,NA,NA
"711","143839",6,"resources/real_fg_memory_images/fg6.jpg","artificial",NA,NA,NA,NA,NA,NA,NA,NA
"712","143839",NA,NA,NA,NA,NA,NA,NA,NA,NA,NA,NA
"713","143839",NA,NA,NA,NA,NA,NA,NA,4,"I answer the phone whenever it rings, even if I do not know who is calling",NA,NA
"714","143839",NA,NA,NA,NA,NA,NA,NA,3,"Persons over the age of 65 are often targeted by con-artists",NA,NA
"715","143839",NA,NA,NA,NA,NA,NA,NA,4,"If something sounds too good to be true, it usually is",NA,NA
"716","143839",NA,NA,NA,NA,NA,NA,NA,2,"I have difficulty ending a phone call, even if the caller is a telemarketer, someone I do not know, or someone I do not wish to call me",NA,NA
"717","143839",NA,NA,NA,NA,NA,NA,NA,2,"If a telemarketer calls me, I usually listen to what they have to say",NA,NA
"718","143839",NA,NA,NA,NA,NA,NA,NA,NA,NA,NA,NA
"719","143839",NA,NA,NA,NA,NA,NA,NA,NA,NA,"[""female_option""]",NA
"720","143839",NA,NA,NA,NA,NA,NA,NA,NA,NA,NA,20
"721","143839",NA,NA,NA,NA,NA,NA,NA,NA,NA,NA,NA
"722","143839",NA,NA,NA,NA,NA,NA,NA,NA,NA,NA,NA
"723","143839",NA,NA,NA,NA,NA,NA,NA,NA,NA,NA,NA
"724","143839",NA,NA,NA,NA,NA,NA,NA,NA,NA,NA,NA
"725","143839",NA,NA,NA,NA,NA,NA,NA,NA,NA,NA,NA
"726","143839",NA,NA,NA,NA,NA,NA,NA,NA,NA,NA,NA
"727","143839",NA,NA,NA,NA,NA,NA,NA,NA,NA,NA,NA
"728","143839",NA,NA,NA,NA,NA,NA,NA,NA,NA,NA,NA
"729","143839",NA,NA,NA,NA,NA,NA,NA,NA,NA,NA,NA
"730","143839",NA,NA,NA,NA,NA,NA,NA,NA,NA,NA,NA
"731","204436",NA,NA,NA,NA,NA,NA,NA,NA,NA,NA,NA
"732","204436",NA,NA,NA,NA,NA,NA,NA,NA,NA,NA,NA
"733","204436",NA,NA,NA,NA,NA,NA,NA,NA,NA,NA,NA
"734","204436",NA,NA,NA,NA,NA,NA,NA,NA,NA,NA,NA
"735","204436",4,"resources/real_fg_memory_images/orig29.jpg","real",NA,NA,NA,NA,NA,NA,NA,NA
"736","204436",5,"resources/real_fg_memory_images/orig33.jpg","real",NA,NA,NA,NA,NA,NA,NA,NA
"737","204436",3,"resources/real_fg_memory_images/fg13.jpg","artificial",NA,NA,NA,NA,NA,NA,NA,NA
"738","204436",2,"resources/real_fg_memory_images/fg4.jpg","artificial",NA,NA,NA,NA,NA,NA,NA,NA
"739","204436",2,"resources/real_fg_memory_images/fg9.jpg","artificial",NA,NA,NA,NA,NA,NA,NA,NA
"740","204436",5,"resources/real_fg_memory_images/fg15.jpg","artificial",NA,NA,NA,NA,NA,NA,NA,NA
"741","204436",4,"resources/real_fg_memory_images/orig20.jpg","real",NA,NA,NA,NA,NA,NA,NA,NA
"742","204436",3,"resources/real_fg_memory_images/fg6.jpg","artificial",NA,NA,NA,NA,NA,NA,NA,NA
"743","204436",3,"resources/real_fg_memory_images/orig25.jpg","real",NA,NA,NA,NA,NA,NA,NA,NA
"744","204436",5,"resources/real_fg_memory_images/fg12.jpg","artificial",NA,NA,NA,NA,NA,NA,NA,NA
"745","204436",6,"resources/real_fg_memory_images/fg18.jpg","artificial",NA,NA,NA,NA,NA,NA,NA,NA
"746","204436",7,"resources/real_fg_memory_images/fg1.jpg","artificial",NA,NA,NA,NA,NA,NA,NA,NA
"747","204436",8,"resources/real_fg_memory_images/orig36.jpg","real",NA,NA,NA,NA,NA,NA,NA,NA
"748","204436",7,"resources/real_fg_memory_images/orig23.jpg","real",NA,NA,NA,NA,NA,NA,NA,NA
"749","204436",8,"resources/real_fg_memory_images/orig34.jpg","real",NA,NA,NA,NA,NA,NA,NA,NA
"750","204436",6,"resources/real_fg_memory_images/orig21.jpg","real",NA,NA,NA,NA,NA,NA,NA,NA
"751","204436",6,"resources/real_fg_memory_images/fg17.jpg","artificial",NA,NA,NA,NA,NA,NA,NA,NA
"752","204436",8,"resources/real_fg_memory_images/orig32.jpg","real",NA,NA,NA,NA,NA,NA,NA,NA
"753","204436",5,"resources/real_fg_memory_images/orig19.jpg","real",NA,NA,NA,NA,NA,NA,NA,NA
"754","204436",6,"resources/real_fg_memory_images/fg10.jpg","artificial",NA,NA,NA,NA,NA,NA,NA,NA
"755","204436",7,"resources/real_fg_memory_images/orig35.jpg","real",NA,NA,NA,NA,NA,NA,NA,NA
"756","204436",6,"resources/real_fg_memory_images/fg8.jpg","artificial",NA,NA,NA,NA,NA,NA,NA,NA
"757","204436",7,"resources/real_fg_memory_images/fg11.jpg","artificial",NA,NA,NA,NA,NA,NA,NA,NA
"758","204436",6,"resources/real_fg_memory_images/orig31.jpg","real",NA,NA,NA,NA,NA,NA,NA,NA
"759","204436",5,"resources/real_fg_memory_images/fg5.jpg","artificial",NA,NA,NA,NA,NA,NA,NA,NA
"760","204436",8,"resources/real_fg_memory_images/orig28.jpg","real",NA,NA,NA,NA,NA,NA,NA,NA
"761","204436",8,"resources/real_fg_memory_images/orig30.jpg","real",NA,NA,NA,NA,NA,NA,NA,NA
"762","204436",6,"resources/real_fg_memory_images/orig27.jpg","real",NA,NA,NA,NA,NA,NA,NA,NA
"763","204436",6,"resources/real_fg_memory_images/orig24.jpg","real",NA,NA,NA,NA,NA,NA,NA,NA
"764","204436",6,"resources/real_fg_memory_images/orig22.jpg","real",NA,NA,NA,NA,NA,NA,NA,NA
"765","204436",7,"resources/real_fg_memory_images/fg7.jpg","artificial",NA,NA,NA,NA,NA,NA,NA,NA
"766","204436",6,"resources/real_fg_memory_images/orig26.jpg","real",NA,NA,NA,NA,NA,NA,NA,NA
"767","204436",7,"resources/real_fg_memory_images/fg14.jpg","artificial",NA,NA,NA,NA,NA,NA,NA,NA
"768","204436",5,"resources/real_fg_memory_images/fg3.jpg","artificial",NA,NA,NA,NA,NA,NA,NA,NA
"769","204436",6,"resources/real_fg_memory_images/fg2.jpg","artificial",NA,NA,NA,NA,NA,NA,NA,NA
"770","204436",7,"resources/real_fg_memory_images/fg16.jpg","artificial",NA,NA,NA,NA,NA,NA,NA,NA
"771","204436",NA,NA,NA,NA,NA,NA,NA,NA,NA,NA,NA
"772","204436",NA,"resources/real_fg_memory_images/fg8.jpg",NA,"artificial","Scam",NA,NA,NA,NA,NA,NA
"773","204436",NA,"resources/real_fg_memory_images/fg6.jpg",NA,"artificial","Neutral",NA,NA,NA,NA,NA,NA
"774","204436",NA,"resources/real_fg_memory_images/orig20.jpg",NA,"real","Neutral",NA,NA,NA,NA,NA,NA
"775","204436",NA,"resources/real_fg_memory_images/orig30.jpg",NA,"real","Scam",NA,NA,NA,NA,NA,NA
"776","204436",NA,"resources/real_fg_memory_images/orig27.jpg",NA,"real","Scam",NA,NA,NA,NA,NA,NA
"777","204436",NA,"resources/real_fg_memory_images/orig21.jpg",NA,"real","Neutral",NA,NA,NA,NA,NA,NA
"778","204436",NA,"resources/real_fg_memory_images/fg11.jpg",NA,"artificial","Scam",NA,NA,NA,NA,NA,NA
"779","204436",NA,"resources/real_fg_memory_images/orig24.jpg",NA,"real","Neutral",NA,NA,NA,NA,NA,NA
"780","204436",NA,"resources/real_fg_memory_images/fg12.jpg",NA,"artificial","Scam",NA,NA,NA,NA,NA,NA
"781","204436",NA,"resources/real_fg_memory_images/fg3.jpg",NA,"artificial","Neutral",NA,NA,NA,NA,NA,NA
"782","204436",NA,"resources/real_fg_memory_images/orig25.jpg",NA,"real","Scam",NA,NA,NA,NA,NA,NA
"783","204436",NA,"resources/real_fg_memory_images/fg10.jpg",NA,"artificial","Scam",NA,NA,NA,NA,NA,NA
"784","204436",NA,"resources/real_fg_memory_images/fg7.jpg",NA,"artificial","Scam",NA,NA,NA,NA,NA,NA
"785","204436",NA,"resources/real_fg_memory_images/fg2.jpg",NA,"artificial","Neutral",NA,NA,NA,NA,NA,NA
"786","204436",NA,"resources/real_fg_memory_images/fg1.jpg",NA,"artificial","Neutral",NA,NA,NA,NA,NA,NA
"787","204436",NA,"resources/real_fg_memory_images/orig19.jpg",NA,"real","Neutral",NA,NA,NA,NA,NA,NA
"788","204436",NA,"resources/real_fg_memory_images/orig28.jpg",NA,"real","Scam",NA,NA,NA,NA,NA,NA
"789","204436",NA,"resources/real_fg_memory_images/fg4.jpg",NA,"artificial","Neutral",NA,NA,NA,NA,NA,NA
"790","204436",NA,"resources/real_fg_memory_images/orig29.jpg",NA,"real","Scam",NA,NA,NA,NA,NA,NA
"791","204436",NA,"resources/real_fg_memory_images/orig22.jpg",NA,"real","Neutral",NA,NA,NA,NA,NA,NA
"792","204436",NA,"resources/real_fg_memory_images/orig26.jpg",NA,"real","Scam",NA,NA,NA,NA,NA,NA
"793","204436",NA,"resources/real_fg_memory_images/fg9.jpg",NA,"artificial","Scam",NA,NA,NA,NA,NA,NA
"794","204436",NA,"resources/real_fg_memory_images/orig23.jpg",NA,"real","Neutral",NA,NA,NA,NA,NA,NA
"795","204436",NA,"resources/real_fg_memory_images/fg5.jpg",NA,"artificial","Neutral",NA,NA,NA,NA,NA,NA
"796","204436",NA,NA,NA,NA,NA,NA,NA,NA,NA,NA,NA
"797","204436",NA,"resources/real_fg_memory_images/fg2.jpg",NA,"artificial","Neutral","[""neutral_button""]","5",NA,NA,NA,NA
"798","204436",NA,"resources/real_fg_memory_images/fg4.jpg",NA,"artificial","Neutral","[""scam_button""]","5",NA,NA,NA,NA
"799","204436",NA,"resources/real_fg_memory_images/fg5.jpg",NA,"artificial","Neutral","[""neutral_button""]","6",NA,NA,NA,NA
"800","204436",NA,"resources/real_fg_memory_images/orig22.jpg",NA,"real","Neutral","[""neutral_button""]","7",NA,NA,NA,NA
"801","204436",NA,"resources/real_fg_memory_images/fg1.jpg",NA,"artificial","Neutral","[""scam_button""]","6",NA,NA,NA,NA
"802","204436",NA,"resources/real_fg_memory_images/fg10.jpg",NA,"artificial","Scam","[""scam_button""]","5",NA,NA,NA,NA
"803","204436",NA,"resources/real_fg_memory_images/orig24.jpg",NA,"real","Neutral","[""scam_button""]","4",NA,NA,NA,NA
"804","204436",NA,"resources/real_fg_memory_images/fg11.jpg",NA,"artificial","Scam","[""scam_button""]","7",NA,NA,NA,NA
"805","204436",NA,"resources/real_fg_memory_images/fg8.jpg",NA,"artificial","Scam","[""scam_button""]","9",NA,NA,NA,NA
"806","204436",NA,"resources/real_fg_memory_images/orig21.jpg",NA,"real","Neutral","[""neutral_button""]","5",NA,NA,NA,NA
"807","204436",NA,"resources/real_fg_memory_images/fg12.jpg",NA,"artificial","Scam","[""neutral_button""]","4",NA,NA,NA,NA
"808","204436",NA,"resources/real_fg_memory_images/fg3.jpg",NA,"artificial","Neutral","[""neutral_button""]","6",NA,NA,NA,NA
"809","204436",NA,"resources/real_fg_memory_images/orig26.jpg",NA,"real","Scam","[""scam_button""]","4",NA,NA,NA,NA
"810","204436",NA,"resources/real_fg_memory_images/fg6.jpg",NA,"artificial","Neutral","[""scam_button""]","6",NA,NA,NA,NA
"811","204436",NA,"resources/real_fg_memory_images/fg7.jpg",NA,"artificial","Scam","[""scam_button""]","6",NA,NA,NA,NA
"812","204436",NA,"resources/real_fg_memory_images/orig19.jpg",NA,"real","Neutral","[""scam_button""]","6",NA,NA,NA,NA
"813","204436",NA,"resources/real_fg_memory_images/orig29.jpg",NA,"real","Scam","[""neutral_button""]","6",NA,NA,NA,NA
"814","204436",NA,"resources/real_fg_memory_images/orig30.jpg",NA,"real","Scam","[""neutral_button""]","7",NA,NA,NA,NA
"815","204436",NA,"resources/real_fg_memory_images/orig28.jpg",NA,"real","Scam","[""neutral_button""]","7",NA,NA,NA,NA
"816","204436",NA,"resources/real_fg_memory_images/fg9.jpg",NA,"artificial","Scam","[""scam_button""]","6",NA,NA,NA,NA
"817","204436",NA,"resources/real_fg_memory_images/orig20.jpg",NA,"real","Neutral","[""scam_button""]","6",NA,NA,NA,NA
"818","204436",NA,"resources/real_fg_memory_images/orig25.jpg",NA,"real","Scam","[""neutral_button""]","6",NA,NA,NA,NA
"819","204436",NA,"resources/real_fg_memory_images/orig27.jpg",NA,"real","Scam","[""scam_button""]","4",NA,NA,NA,NA
"820","204436",NA,"resources/real_fg_memory_images/orig23.jpg",NA,"real","Neutral","[""neutral_button""]","3",NA,NA,NA,NA
"821","204436",NA,NA,NA,NA,NA,NA,NA,NA,NA,NA,NA
"822","204436",7,"resources/real_fg_memory_images/orig26.jpg","real",NA,NA,NA,NA,NA,NA,NA,NA
"823","204436",8,"resources/real_fg_memory_images/fg18.jpg","artificial",NA,NA,NA,NA,NA,NA,NA,NA
"824","204436",5,"resources/real_fg_memory_images/orig35.jpg","real",NA,NA,NA,NA,NA,NA,NA,NA
"825","204436",5,"resources/real_fg_memory_images/fg3.jpg","artificial",NA,NA,NA,NA,NA,NA,NA,NA
"826","204436",6,"resources/real_fg_memory_images/orig22.jpg","real",NA,NA,NA,NA,NA,NA,NA,NA
"827","204436",7,"resources/real_fg_memory_images/fg16.jpg","artificial",NA,NA,NA,NA,NA,NA,NA,NA
"828","204436",5,"resources/real_fg_memory_images/fg8.jpg","artificial",NA,NA,NA,NA,NA,NA,NA,NA
"829","204436",4,"resources/real_fg_memory_images/fg12.jpg","artificial",NA,NA,NA,NA,NA,NA,NA,NA
"830","204436",7,"resources/real_fg_memory_images/orig33.jpg","real",NA,NA,NA,NA,NA,NA,NA,NA
"831","204436",3,"resources/real_fg_memory_images/fg6.jpg","artificial",NA,NA,NA,NA,NA,NA,NA,NA
"832","204436",2,"resources/real_fg_memory_images/fg9.jpg","artificial",NA,NA,NA,NA,NA,NA,NA,NA
"833","204436",8,"resources/real_fg_memory_images/orig34.jpg","real",NA,NA,NA,NA,NA,NA,NA,NA
"834","204436",7,"resources/real_fg_memory_images/orig31.jpg","real",NA,NA,NA,NA,NA,NA,NA,NA
"835","204436",8,"resources/real_fg_memory_images/fg14.jpg","artificial",NA,NA,NA,NA,NA,NA,NA,NA
"836","204436",7,"resources/real_fg_memory_images/fg1.jpg","artificial",NA,NA,NA,NA,NA,NA,NA,NA
"837","204436",7,"resources/real_fg_memory_images/orig19.jpg","real",NA,NA,NA,NA,NA,NA,NA,NA
"838","204436",6,"resources/real_fg_memory_images/orig20.jpg","real",NA,NA,NA,NA,NA,NA,NA,NA
"839","204436",7,"resources/real_fg_memory_images/orig36.jpg","real",NA,NA,NA,NA,NA,NA,NA,NA
"840","204436",4,"resources/real_fg_memory_images/fg5.jpg","artificial",NA,NA,NA,NA,NA,NA,NA,NA
"841","204436",6,"resources/real_fg_memory_images/fg10.jpg","artificial",NA,NA,NA,NA,NA,NA,NA,NA
"842","204436",6,"resources/real_fg_memory_images/fg15.jpg","artificial",NA,NA,NA,NA,NA,NA,NA,NA
"843","204436",5,"resources/real_fg_memory_images/orig32.jpg","real",NA,NA,NA,NA,NA,NA,NA,NA
"844","204436",7,"resources/real_fg_memory_images/orig29.jpg","real",NA,NA,NA,NA,NA,NA,NA,NA
"845","204436",7,"resources/real_fg_memory_images/fg11.jpg","artificial",NA,NA,NA,NA,NA,NA,NA,NA
"846","204436",8,"resources/real_fg_memory_images/orig23.jpg","real",NA,NA,NA,NA,NA,NA,NA,NA
"847","204436",4,"resources/real_fg_memory_images/fg4.jpg","artificial",NA,NA,NA,NA,NA,NA,NA,NA
"848","204436",5,"resources/real_fg_memory_images/fg7.jpg","artificial",NA,NA,NA,NA,NA,NA,NA,NA
"849","204436",3,"resources/real_fg_memory_images/fg13.jpg","artificial",NA,NA,NA,NA,NA,NA,NA,NA
"850","204436",10,"resources/real_fg_memory_images/orig30.jpg","real",NA,NA,NA,NA,NA,NA,NA,NA
"851","204436",8,"resources/real_fg_memory_images/orig27.jpg","real",NA,NA,NA,NA,NA,NA,NA,NA
"852","204436",5,"resources/real_fg_memory_images/orig25.jpg","real",NA,NA,NA,NA,NA,NA,NA,NA
"853","204436",7,"resources/real_fg_memory_images/orig24.jpg","real",NA,NA,NA,NA,NA,NA,NA,NA
"854","204436",4,"resources/real_fg_memory_images/fg17.jpg","artificial",NA,NA,NA,NA,NA,NA,NA,NA
"855","204436",6,"resources/real_fg_memory_images/fg2.jpg","artificial",NA,NA,NA,NA,NA,NA,NA,NA
"856","204436",9,"resources/real_fg_memory_images/orig28.jpg","real",NA,NA,NA,NA,NA,NA,NA,NA
"857","204436",8,"resources/real_fg_memory_images/orig21.jpg","real",NA,NA,NA,NA,NA,NA,NA,NA
"858","204436",NA,NA,NA,NA,NA,NA,NA,NA,NA,NA,NA
"859","204436",NA,NA,NA,NA,NA,NA,NA,3,"If something sounds too good to be true, it usually is",NA,NA
"860","204436",NA,NA,NA,NA,NA,NA,NA,5,"I answer the phone whenever it rings, even if I do not know who is calling",NA,NA
"861","204436",NA,NA,NA,NA,NA,NA,NA,4,"Persons over the age of 65 are often targeted by con-artists",NA,NA
"862","204436",NA,NA,NA,NA,NA,NA,NA,1,"I have difficulty ending a phone call, even if the caller is a telemarketer, someone I do not know, or someone I do not wish to call me",NA,NA
"863","204436",NA,NA,NA,NA,NA,NA,NA,1,"If a telemarketer calls me, I usually listen to what they have to say",NA,NA
"864","204436",NA,NA,NA,NA,NA,NA,NA,NA,NA,NA,NA
"865","204436",NA,NA,NA,NA,NA,NA,NA,NA,NA,"[""female_option""]",NA
"866","204436",NA,NA,NA,NA,NA,NA,NA,NA,NA,NA,21
"867","204436",NA,NA,NA,NA,NA,NA,NA,NA,NA,NA,NA
"868","204436",NA,NA,NA,NA,NA,NA,NA,NA,NA,NA,NA
"869","204436",NA,NA,NA,NA,NA,NA,NA,NA,NA,NA,NA
"870","204436",NA,NA,NA,NA,NA,NA,NA,NA,NA,NA,NA
"871","204436",NA,NA,NA,NA,NA,NA,NA,NA,NA,NA,NA
"872","204436",NA,NA,NA,NA,NA,NA,NA,NA,NA,NA,NA
"873","204436",NA,NA,NA,NA,NA,NA,NA,NA,NA,NA,NA
"874","204436",NA,NA,NA,NA,NA,NA,NA,NA,NA,NA,NA
"875","204436",NA,NA,NA,NA,NA,NA,NA,NA,NA,NA,NA
"876","204436",NA,NA,NA,NA,NA,NA,NA,NA,NA,NA,NA
"877","232451",NA,NA,NA,NA,NA,NA,NA,NA,NA,NA,NA
"878","232451",NA,NA,NA,NA,NA,NA,NA,NA,NA,NA,NA
"879","232451",NA,NA,NA,NA,NA,NA,NA,NA,NA,NA,NA
"880","232451",NA,NA,NA,NA,NA,NA,NA,NA,NA,NA,NA
"881","232451",3,"resources/real_fg_memory_images/fg10.jpg","artificial",NA,NA,NA,NA,NA,NA,NA,NA
"882","232451",3,"resources/real_fg_memory_images/fg5.jpg","artificial",NA,NA,NA,NA,NA,NA,NA,NA
"883","232451",6,"resources/real_fg_memory_images/fg17.jpg","artificial",NA,NA,NA,NA,NA,NA,NA,NA
"884","232451",6,"resources/real_fg_memory_images/orig29.jpg","real",NA,NA,NA,NA,NA,NA,NA,NA
"885","232451",5,"resources/real_fg_memory_images/fg8.jpg","artificial",NA,NA,NA,NA,NA,NA,NA,NA
"886","232451",7,"resources/real_fg_memory_images/fg2.jpg","artificial",NA,NA,NA,NA,NA,NA,NA,NA
"887","232451",4,"resources/real_fg_memory_images/fg7.jpg","artificial",NA,NA,NA,NA,NA,NA,NA,NA
"888","232451",7,"resources/real_fg_memory_images/fg18.jpg","artificial",NA,NA,NA,NA,NA,NA,NA,NA
"889","232451",7,"resources/real_fg_memory_images/orig23.jpg","real",NA,NA,NA,NA,NA,NA,NA,NA
"890","232451",4,"resources/real_fg_memory_images/fg15.jpg","artificial",NA,NA,NA,NA,NA,NA,NA,NA
"891","232451",6,"resources/real_fg_memory_images/orig22.jpg","real",NA,NA,NA,NA,NA,NA,NA,NA
"892","232451",3,"resources/real_fg_memory_images/fg9.jpg","artificial",NA,NA,NA,NA,NA,NA,NA,NA
"893","232451",6,"resources/real_fg_memory_images/orig33.jpg","real",NA,NA,NA,NA,NA,NA,NA,NA
"894","232451",8,"resources/real_fg_memory_images/orig32.jpg","real",NA,NA,NA,NA,NA,NA,NA,NA
"895","232451",2,"resources/real_fg_memory_images/fg12.jpg","artificial",NA,NA,NA,NA,NA,NA,NA,NA
"896","232451",4,"resources/real_fg_memory_images/orig20.jpg","real",NA,NA,NA,NA,NA,NA,NA,NA
"897","232451",9,"resources/real_fg_memory_images/orig28.jpg","real",NA,NA,NA,NA,NA,NA,NA,NA
"898","232451",6,"resources/real_fg_memory_images/fg11.jpg","artificial",NA,NA,NA,NA,NA,NA,NA,NA
"899","232451",3,"resources/real_fg_memory_images/orig21.jpg","real",NA,NA,NA,NA,NA,NA,NA,NA
"900","232451",2,"resources/real_fg_memory_images/fg13.jpg","artificial",NA,NA,NA,NA,NA,NA,NA,NA
"901","232451",5,"resources/real_fg_memory_images/orig30.jpg","real",NA,NA,NA,NA,NA,NA,NA,NA
"902","232451",7,"resources/real_fg_memory_images/orig36.jpg","real",NA,NA,NA,NA,NA,NA,NA,NA
"903","232451",3,"resources/real_fg_memory_images/orig27.jpg","real",NA,NA,NA,NA,NA,NA,NA,NA
"904","232451",3,"resources/real_fg_memory_images/fg16.jpg","artificial",NA,NA,NA,NA,NA,NA,NA,NA
"905","232451",6,"resources/real_fg_memory_images/orig31.jpg","real",NA,NA,NA,NA,NA,NA,NA,NA
"906","232451",4,"resources/real_fg_memory_images/fg6.jpg","artificial",NA,NA,NA,NA,NA,NA,NA,NA
"907","232451",5,"resources/real_fg_memory_images/orig24.jpg","real",NA,NA,NA,NA,NA,NA,NA,NA
"908","232451",1,"resources/real_fg_memory_images/fg1.jpg","artificial",NA,NA,NA,NA,NA,NA,NA,NA
"909","232451",7,"resources/real_fg_memory_images/orig26.jpg","real",NA,NA,NA,NA,NA,NA,NA,NA
"910","232451",7,"resources/real_fg_memory_images/orig19.jpg","real",NA,NA,NA,NA,NA,NA,NA,NA
"911","232451",2,"resources/real_fg_memory_images/fg3.jpg","artificial",NA,NA,NA,NA,NA,NA,NA,NA
"912","232451",5,"resources/real_fg_memory_images/orig35.jpg","real",NA,NA,NA,NA,NA,NA,NA,NA
"913","232451",5,"resources/real_fg_memory_images/fg4.jpg","artificial",NA,NA,NA,NA,NA,NA,NA,NA
"914","232451",7,"resources/real_fg_memory_images/fg14.jpg","artificial",NA,NA,NA,NA,NA,NA,NA,NA
"915","232451",7,"resources/real_fg_memory_images/orig25.jpg","real",NA,NA,NA,NA,NA,NA,NA,NA
"916","232451",6,"resources/real_fg_memory_images/orig34.jpg","real",NA,NA,NA,NA,NA,NA,NA,NA
"917","232451",NA,NA,NA,NA,NA,NA,NA,NA,NA,NA,NA
"918","232451",NA,"resources/real_fg_memory_images/orig20.jpg",NA,"real","Neutral",NA,NA,NA,NA,NA,NA
"919","232451",NA,"resources/real_fg_memory_images/orig26.jpg",NA,"real","Scam",NA,NA,NA,NA,NA,NA
"920","232451",NA,"resources/real_fg_memory_images/orig25.jpg",NA,"real","Scam",NA,NA,NA,NA,NA,NA
"921","232451",NA,"resources/real_fg_memory_images/orig29.jpg",NA,"real","Scam",NA,NA,NA,NA,NA,NA
"922","232451",NA,"resources/real_fg_memory_images/fg2.jpg",NA,"artificial","Neutral",NA,NA,NA,NA,NA,NA
"923","232451",NA,"resources/real_fg_memory_images/fg7.jpg",NA,"artificial","Scam",NA,NA,NA,NA,NA,NA
"924","232451",NA,"resources/real_fg_memory_images/orig24.jpg",NA,"real","Neutral",NA,NA,NA,NA,NA,NA
"925","232451",NA,"resources/real_fg_memory_images/orig28.jpg",NA,"real","Scam",NA,NA,NA,NA,NA,NA
"926","232451",NA,"resources/real_fg_memory_images/orig22.jpg",NA,"real","Neutral",NA,NA,NA,NA,NA,NA
"927","232451",NA,"resources/real_fg_memory_images/orig23.jpg",NA,"real","Neutral",NA,NA,NA,NA,NA,NA
"928","232451",NA,"resources/real_fg_memory_images/fg10.jpg",NA,"artificial","Scam",NA,NA,NA,NA,NA,NA
"929","232451",NA,"resources/real_fg_memory_images/fg1.jpg",NA,"artificial","Neutral",NA,NA,NA,NA,NA,NA
"930","232451",NA,"resources/real_fg_memory_images/fg6.jpg",NA,"artificial","Neutral",NA,NA,NA,NA,NA,NA
"931","232451",NA,"resources/real_fg_memory_images/fg12.jpg",NA,"artificial","Scam",NA,NA,NA,NA,NA,NA
"932","232451",NA,"resources/real_fg_memory_images/orig30.jpg",NA,"real","Scam",NA,NA,NA,NA,NA,NA
"933","232451",NA,"resources/real_fg_memory_images/fg11.jpg",NA,"artificial","Scam",NA,NA,NA,NA,NA,NA
"934","232451",NA,"resources/real_fg_memory_images/fg8.jpg",NA,"artificial","Scam",NA,NA,NA,NA,NA,NA
"935","232451",NA,"resources/real_fg_memory_images/orig21.jpg",NA,"real","Neutral",NA,NA,NA,NA,NA,NA
"936","232451",NA,"resources/real_fg_memory_images/fg5.jpg",NA,"artificial","Neutral",NA,NA,NA,NA,NA,NA
"937","232451",NA,"resources/real_fg_memory_images/fg9.jpg",NA,"artificial","Scam",NA,NA,NA,NA,NA,NA
"938","232451",NA,"resources/real_fg_memory_images/fg4.jpg",NA,"artificial","Neutral",NA,NA,NA,NA,NA,NA
"939","232451",NA,"resources/real_fg_memory_images/orig19.jpg",NA,"real","Neutral",NA,NA,NA,NA,NA,NA
"940","232451",NA,"resources/real_fg_memory_images/orig27.jpg",NA,"real","Scam",NA,NA,NA,NA,NA,NA
"941","232451",NA,"resources/real_fg_memory_images/fg3.jpg",NA,"artificial","Neutral",NA,NA,NA,NA,NA,NA
"942","232451",NA,NA,NA,NA,NA,NA,NA,NA,NA,NA,NA
"943","232451",NA,"resources/real_fg_memory_images/fg8.jpg",NA,"artificial","Scam","[""scam_button""]","4",NA,NA,NA,NA
"944","232451",NA,"resources/real_fg_memory_images/fg12.jpg",NA,"artificial","Scam","[""scam_button""]","5",NA,NA,NA,NA
"945","232451",NA,"resources/real_fg_memory_images/orig19.jpg",NA,"real","Neutral","[""neutral_button""]","5",NA,NA,NA,NA
"946","232451",NA,"resources/real_fg_memory_images/orig23.jpg",NA,"real","Neutral","[""neutral_button""]","9",NA,NA,NA,NA
"947","232451",NA,"resources/real_fg_memory_images/fg11.jpg",NA,"artificial","Scam","[""neutral_button""]","3",NA,NA,NA,NA
"948","232451",NA,"resources/real_fg_memory_images/orig29.jpg",NA,"real","Scam","[""scam_button""]","9",NA,NA,NA,NA
"949","232451",NA,"resources/real_fg_memory_images/orig30.jpg",NA,"real","Scam","[""scam_button""]","8",NA,NA,NA,NA
"950","232451",NA,"resources/real_fg_memory_images/orig20.jpg",NA,"real","Neutral","[""neutral_button""]","9",NA,NA,NA,NA
"951","232451",NA,"resources/real_fg_memory_images/orig26.jpg",NA,"real","Scam","[""scam_button""]","8",NA,NA,NA,NA
"952","232451",NA,"resources/real_fg_memory_images/orig28.jpg",NA,"real","Scam","[""neutral_button""]","8",NA,NA,NA,NA
"953","232451",NA,"resources/real_fg_memory_images/fg5.jpg",NA,"artificial","Neutral","[""neutral_button""]","7",NA,NA,NA,NA
"954","232451",NA,"resources/real_fg_memory_images/orig21.jpg",NA,"real","Neutral","[""neutral_button""]","5",NA,NA,NA,NA
"955","232451",NA,"resources/real_fg_memory_images/fg3.jpg",NA,"artificial","Neutral","[""neutral_button""]","4",NA,NA,NA,NA
"956","232451",NA,"resources/real_fg_memory_images/orig25.jpg",NA,"real","Scam","[""neutral_button""]","2",NA,NA,NA,NA
"957","232451",NA,"resources/real_fg_memory_images/orig27.jpg",NA,"real","Scam","[""scam_button""]","10",NA,NA,NA,NA
"958","232451",NA,"resources/real_fg_memory_images/orig22.jpg",NA,"real","Neutral","[""neutral_button""]","7",NA,NA,NA,NA
"959","232451",NA,"resources/real_fg_memory_images/orig24.jpg",NA,"real","Neutral","[""scam_button""]","4",NA,NA,NA,NA
"960","232451",NA,"resources/real_fg_memory_images/fg7.jpg",NA,"artificial","Scam","[""neutral_button""]","4",NA,NA,NA,NA
"961","232451",NA,"resources/real_fg_memory_images/fg1.jpg",NA,"artificial","Neutral","[""scam_button""]","3",NA,NA,NA,NA
"962","232451",NA,"resources/real_fg_memory_images/fg10.jpg",NA,"artificial","Scam","[""scam_button""]","3",NA,NA,NA,NA
"963","232451",NA,"resources/real_fg_memory_images/fg2.jpg",NA,"artificial","Neutral","[""scam_button""]","3",NA,NA,NA,NA
"964","232451",NA,"resources/real_fg_memory_images/fg9.jpg",NA,"artificial","Scam","[""scam_button""]","8",NA,NA,NA,NA
"965","232451",NA,"resources/real_fg_memory_images/fg6.jpg",NA,"artificial","Neutral","[""neutral_button""]","2",NA,NA,NA,NA
"966","232451",NA,"resources/real_fg_memory_images/fg4.jpg",NA,"artificial","Neutral","[""neutral_button""]","2",NA,NA,NA,NA
"967","232451",NA,NA,NA,NA,NA,NA,NA,NA,NA,NA,NA
"968","232451",6,"resources/real_fg_memory_images/fg13.jpg","artificial",NA,NA,NA,NA,NA,NA,NA,NA
"969","232451",5,"resources/real_fg_memory_images/fg8.jpg","artificial",NA,NA,NA,NA,NA,NA,NA,NA
"970","232451",5,"resources/real_fg_memory_images/orig35.jpg","real",NA,NA,NA,NA,NA,NA,NA,NA
"971","232451",7,"resources/real_fg_memory_images/orig34.jpg","real",NA,NA,NA,NA,NA,NA,NA,NA
"972","232451",6,"resources/real_fg_memory_images/orig30.jpg","real",NA,NA,NA,NA,NA,NA,NA,NA
"973","232451",6,"resources/real_fg_memory_images/fg16.jpg","artificial",NA,NA,NA,NA,NA,NA,NA,NA
"974","232451",7,"resources/real_fg_memory_images/orig25.jpg","real",NA,NA,NA,NA,NA,NA,NA,NA
"975","232451",7,"resources/real_fg_memory_images/orig19.jpg","real",NA,NA,NA,NA,NA,NA,NA,NA
"976","232451",4,"resources/real_fg_memory_images/fg12.jpg","artificial",NA,NA,NA,NA,NA,NA,NA,NA
"977","232451",4,"resources/real_fg_memory_images/fg5.jpg","artificial",NA,NA,NA,NA,NA,NA,NA,NA
"978","232451",5,"resources/real_fg_memory_images/fg2.jpg","artificial",NA,NA,NA,NA,NA,NA,NA,NA
"979","232451",7,"resources/real_fg_memory_images/fg17.jpg","artificial",NA,NA,NA,NA,NA,NA,NA,NA
"980","232451",5,"resources/real_fg_memory_images/fg15.jpg","artificial",NA,NA,NA,NA,NA,NA,NA,NA
"981","232451",8,"resources/real_fg_memory_images/orig28.jpg","real",NA,NA,NA,NA,NA,NA,NA,NA
"982","232451",4,"resources/real_fg_memory_images/fg10.jpg","artificial",NA,NA,NA,NA,NA,NA,NA,NA
"983","232451",3,"resources/real_fg_memory_images/orig27.jpg","real",NA,NA,NA,NA,NA,NA,NA,NA
"984","232451",5,"resources/real_fg_memory_images/orig24.jpg","real",NA,NA,NA,NA,NA,NA,NA,NA
"985","232451",5,"resources/real_fg_memory_images/fg14.jpg","artificial",NA,NA,NA,NA,NA,NA,NA,NA
"986","232451",3,"resources/real_fg_memory_images/fg9.jpg","artificial",NA,NA,NA,NA,NA,NA,NA,NA
"987","232451",4,"resources/real_fg_memory_images/orig22.jpg","real",NA,NA,NA,NA,NA,NA,NA,NA
"988","232451",5,"resources/real_fg_memory_images/fg11.jpg","artificial",NA,NA,NA,NA,NA,NA,NA,NA
"989","232451",6,"resources/real_fg_memory_images/orig21.jpg","real",NA,NA,NA,NA,NA,NA,NA,NA
"990","232451",7,"resources/real_fg_memory_images/orig36.jpg","real",NA,NA,NA,NA,NA,NA,NA,NA
"991","232451",4,"resources/real_fg_memory_images/orig20.jpg","real",NA,NA,NA,NA,NA,NA,NA,NA
"992","232451",4,"resources/real_fg_memory_images/orig29.jpg","real",NA,NA,NA,NA,NA,NA,NA,NA
"993","232451",2,"resources/real_fg_memory_images/fg4.jpg","artificial",NA,NA,NA,NA,NA,NA,NA,NA
"994","232451",4,"resources/real_fg_memory_images/fg18.jpg","artificial",NA,NA,NA,NA,NA,NA,NA,NA
"995","232451",6,"resources/real_fg_memory_images/fg7.jpg","artificial",NA,NA,NA,NA,NA,NA,NA,NA
"996","232451",4,"resources/real_fg_memory_images/fg6.jpg","artificial",NA,NA,NA,NA,NA,NA,NA,NA
"997","232451",6,"resources/real_fg_memory_images/orig32.jpg","real",NA,NA,NA,NA,NA,NA,NA,NA
"998","232451",6,"resources/real_fg_memory_images/orig31.jpg","real",NA,NA,NA,NA,NA,NA,NA,NA
"999","232451",3,"resources/real_fg_memory_images/fg1.jpg","artificial",NA,NA,NA,NA,NA,NA,NA,NA
"1000","232451",6,"resources/real_fg_memory_images/orig26.jpg","real",NA,NA,NA,NA,NA,NA,NA,NA
"1001","232451",6,"resources/real_fg_memory_images/fg3.jpg","artificial",NA,NA,NA,NA,NA,NA,NA,NA
"1002","232451",6,"resources/real_fg_memory_images/orig33.jpg","real",NA,NA,NA,NA,NA,NA,NA,NA
"1003","232451",6,"resources/real_fg_memory_images/orig23.jpg","real",NA,NA,NA,NA,NA,NA,NA,NA
"1004","232451",NA,NA,NA,NA,NA,NA,NA,NA,NA,NA,NA
"1005","232451",NA,NA,NA,NA,NA,NA,NA,3,"If something sounds too good to be true, it usually is",NA,NA
"1006","232451",NA,NA,NA,NA,NA,NA,NA,2,"I have difficulty ending a phone call, even if the caller is a telemarketer, someone I do not know, or someone I do not wish to call me",NA,NA
"1007","232451",NA,NA,NA,NA,NA,NA,NA,4,"Persons over the age of 65 are often targeted by con-artists",NA,NA
"1008","232451",NA,NA,NA,NA,NA,NA,NA,2,"I answer the phone whenever it rings, even if I do not know who is calling",NA,NA
"1009","232451",NA,NA,NA,NA,NA,NA,NA,1,"If a telemarketer calls me, I usually listen to what they have to say",NA,NA
"1010","232451",NA,NA,NA,NA,NA,NA,NA,NA,NA,NA,NA
"1011","232451",NA,NA,NA,NA,NA,NA,NA,NA,NA,"[""female_option""]",NA
"1012","232451",NA,NA,NA,NA,NA,NA,NA,NA,NA,NA,21
"1013","232451",NA,NA,NA,NA,NA,NA,NA,NA,NA,NA,NA
"1014","232451",NA,NA,NA,NA,NA,NA,NA,NA,NA,NA,NA
"1015","232451",NA,NA,NA,NA,NA,NA,NA,NA,NA,NA,NA
"1016","232451",NA,NA,NA,NA,NA,NA,NA,NA,NA,NA,NA
"1017","232451",NA,NA,NA,NA,NA,NA,NA,NA,NA,NA,NA
"1018","232451",NA,NA,NA,NA,NA,NA,NA,NA,NA,NA,NA
"1019","232451",NA,NA,NA,NA,NA,NA,NA,NA,NA,NA,NA
"1020","232451",NA,NA,NA,NA,NA,NA,NA,NA,NA,NA,NA
"1021","232451",NA,NA,NA,NA,NA,NA,NA,NA,NA,NA,NA
"1022","232451",NA,NA,NA,NA,NA,NA,NA,NA,NA,NA,NA
"1023","271667",NA,NA,NA,NA,NA,NA,NA,NA,NA,NA,NA
"1024","271667",NA,NA,NA,NA,NA,NA,NA,NA,NA,NA,NA
"1025","271667",NA,NA,NA,NA,NA,NA,NA,NA,NA,NA,NA
"1026","271667",NA,NA,NA,NA,NA,NA,NA,NA,NA,NA,NA
"1027","271667",4,"resources/real_fg_memory_images/fg9.jpg","artificial",NA,NA,NA,NA,NA,NA,NA,NA
"1028","271667",8,"resources/real_fg_memory_images/orig32.jpg","real",NA,NA,NA,NA,NA,NA,NA,NA
"1029","271667",2,"resources/real_fg_memory_images/fg18.jpg","artificial",NA,NA,NA,NA,NA,NA,NA,NA
"1030","271667",2,"resources/real_fg_memory_images/fg8.jpg","artificial",NA,NA,NA,NA,NA,NA,NA,NA
"1031","271667",9,"resources/real_fg_memory_images/orig30.jpg","real",NA,NA,NA,NA,NA,NA,NA,NA
"1032","271667",7,"resources/real_fg_memory_images/fg6.jpg","artificial",NA,NA,NA,NA,NA,NA,NA,NA
"1033","271667",3,"resources/real_fg_memory_images/fg2.jpg","artificial",NA,NA,NA,NA,NA,NA,NA,NA
"1034","271667",2,"resources/real_fg_memory_images/fg17.jpg","artificial",NA,NA,NA,NA,NA,NA,NA,NA
"1035","271667",4,"resources/real_fg_memory_images/orig22.jpg","real",NA,NA,NA,NA,NA,NA,NA,NA
"1036","271667",9,"resources/real_fg_memory_images/orig28.jpg","real",NA,NA,NA,NA,NA,NA,NA,NA
"1037","271667",4,"resources/real_fg_memory_images/fg5.jpg","artificial",NA,NA,NA,NA,NA,NA,NA,NA
"1038","271667",4,"resources/real_fg_memory_images/fg11.jpg","artificial",NA,NA,NA,NA,NA,NA,NA,NA
"1039","271667",8,"resources/real_fg_memory_images/orig34.jpg","real",NA,NA,NA,NA,NA,NA,NA,NA
"1040","271667",6,"resources/real_fg_memory_images/orig21.jpg","real",NA,NA,NA,NA,NA,NA,NA,NA
"1041","271667",3,"resources/real_fg_memory_images/fg1.jpg","artificial",NA,NA,NA,NA,NA,NA,NA,NA
"1042","271667",6,"resources/real_fg_memory_images/orig19.jpg","real",NA,NA,NA,NA,NA,NA,NA,NA
"1043","271667",4,"resources/real_fg_memory_images/fg7.jpg","artificial",NA,NA,NA,NA,NA,NA,NA,NA
"1044","271667",9,"resources/real_fg_memory_images/fg16.jpg","artificial",NA,NA,NA,NA,NA,NA,NA,NA
"1045","271667",5,"resources/real_fg_memory_images/fg15.jpg","artificial",NA,NA,NA,NA,NA,NA,NA,NA
"1046","271667",3,"resources/real_fg_memory_images/orig27.jpg","real",NA,NA,NA,NA,NA,NA,NA,NA
"1047","271667",5,"resources/real_fg_memory_images/orig29.jpg","real",NA,NA,NA,NA,NA,NA,NA,NA
"1048","271667",4,"resources/real_fg_memory_images/fg10.jpg","artificial",NA,NA,NA,NA,NA,NA,NA,NA
"1049","271667",8,"resources/real_fg_memory_images/orig20.jpg","real",NA,NA,NA,NA,NA,NA,NA,NA
"1050","271667",9,"resources/real_fg_memory_images/orig36.jpg","real",NA,NA,NA,NA,NA,NA,NA,NA
"1051","271667",6,"resources/real_fg_memory_images/orig23.jpg","real",NA,NA,NA,NA,NA,NA,NA,NA
"1052","271667",8,"resources/real_fg_memory_images/orig26.jpg","real",NA,NA,NA,NA,NA,NA,NA,NA
"1053","271667",5,"resources/real_fg_memory_images/orig31.jpg","real",NA,NA,NA,NA,NA,NA,NA,NA
"1054","271667",4,"resources/real_fg_memory_images/fg14.jpg","artificial",NA,NA,NA,NA,NA,NA,NA,NA
"1055","271667",3,"resources/real_fg_memory_images/fg3.jpg","artificial",NA,NA,NA,NA,NA,NA,NA,NA
"1056","271667",4,"resources/real_fg_memory_images/fg13.jpg","artificial",NA,NA,NA,NA,NA,NA,NA,NA
"1057","271667",7,"resources/real_fg_memory_images/orig25.jpg","real",NA,NA,NA,NA,NA,NA,NA,NA
"1058","271667",3,"resources/real_fg_memory_images/fg12.jpg","artificial",NA,NA,NA,NA,NA,NA,NA,NA
"1059","271667",8,"resources/real_fg_memory_images/orig35.jpg","real",NA,NA,NA,NA,NA,NA,NA,NA
"1060","271667",10,"resources/real_fg_memory_images/orig24.jpg","real",NA,NA,NA,NA,NA,NA,NA,NA
"1061","271667",10,"resources/real_fg_memory_images/fg4.jpg","artificial",NA,NA,NA,NA,NA,NA,NA,NA
"1062","271667",9,"resources/real_fg_memory_images/orig33.jpg","real",NA,NA,NA,NA,NA,NA,NA,NA
"1063","271667",NA,NA,NA,NA,NA,NA,NA,NA,NA,NA,NA
"1064","271667",NA,"resources/real_fg_memory_images/fg4.jpg",NA,"artificial","Neutral",NA,NA,NA,NA,NA,NA
"1065","271667",NA,"resources/real_fg_memory_images/fg10.jpg",NA,"artificial","Scam",NA,NA,NA,NA,NA,NA
"1066","271667",NA,"resources/real_fg_memory_images/orig23.jpg",NA,"real","Neutral",NA,NA,NA,NA,NA,NA
"1067","271667",NA,"resources/real_fg_memory_images/orig28.jpg",NA,"real","Scam",NA,NA,NA,NA,NA,NA
"1068","271667",NA,"resources/real_fg_memory_images/fg3.jpg",NA,"artificial","Neutral",NA,NA,NA,NA,NA,NA
"1069","271667",NA,"resources/real_fg_memory_images/fg12.jpg",NA,"artificial","Scam",NA,NA,NA,NA,NA,NA
"1070","271667",NA,"resources/real_fg_memory_images/fg7.jpg",NA,"artificial","Scam",NA,NA,NA,NA,NA,NA
"1071","271667",NA,"resources/real_fg_memory_images/orig25.jpg",NA,"real","Scam",NA,NA,NA,NA,NA,NA
"1072","271667",NA,"resources/real_fg_memory_images/orig29.jpg",NA,"real","Scam",NA,NA,NA,NA,NA,NA
"1073","271667",NA,"resources/real_fg_memory_images/fg1.jpg",NA,"artificial","Neutral",NA,NA,NA,NA,NA,NA
"1074","271667",NA,"resources/real_fg_memory_images/fg5.jpg",NA,"artificial","Neutral",NA,NA,NA,NA,NA,NA
"1075","271667",NA,"resources/real_fg_memory_images/orig22.jpg",NA,"real","Neutral",NA,NA,NA,NA,NA,NA
"1076","271667",NA,"resources/real_fg_memory_images/fg9.jpg",NA,"artificial","Scam",NA,NA,NA,NA,NA,NA
"1077","271667",NA,"resources/real_fg_memory_images/orig26.jpg",NA,"real","Scam",NA,NA,NA,NA,NA,NA
"1078","271667",NA,"resources/real_fg_memory_images/orig21.jpg",NA,"real","Neutral",NA,NA,NA,NA,NA,NA
"1079","271667",NA,"resources/real_fg_memory_images/orig30.jpg",NA,"real","Scam",NA,NA,NA,NA,NA,NA
"1080","271667",NA,"resources/real_fg_memory_images/orig24.jpg",NA,"real","Neutral",NA,NA,NA,NA,NA,NA
"1081","271667",NA,"resources/real_fg_memory_images/orig20.jpg",NA,"real","Neutral",NA,NA,NA,NA,NA,NA
"1082","271667",NA,"resources/real_fg_memory_images/fg11.jpg",NA,"artificial","Scam",NA,NA,NA,NA,NA,NA
"1083","271667",NA,"resources/real_fg_memory_images/fg2.jpg",NA,"artificial","Neutral",NA,NA,NA,NA,NA,NA
"1084","271667",NA,"resources/real_fg_memory_images/orig19.jpg",NA,"real","Neutral",NA,NA,NA,NA,NA,NA
"1085","271667",NA,"resources/real_fg_memory_images/fg8.jpg",NA,"artificial","Scam",NA,NA,NA,NA,NA,NA
"1086","271667",NA,"resources/real_fg_memory_images/orig27.jpg",NA,"real","Scam",NA,NA,NA,NA,NA,NA
"1087","271667",NA,"resources/real_fg_memory_images/fg6.jpg",NA,"artificial","Neutral",NA,NA,NA,NA,NA,NA
"1088","271667",NA,NA,NA,NA,NA,NA,NA,NA,NA,NA,NA
"1089","271667",NA,"resources/real_fg_memory_images/orig20.jpg",NA,"real","Neutral","[""scam_button""]","3",NA,NA,NA,NA
"1090","271667",NA,"resources/real_fg_memory_images/orig24.jpg",NA,"real","Neutral","[""neutral_button""]","7",NA,NA,NA,NA
"1091","271667",NA,"resources/real_fg_memory_images/fg9.jpg",NA,"artificial","Scam","[""neutral_button""]","3",NA,NA,NA,NA
"1092","271667",NA,"resources/real_fg_memory_images/orig28.jpg",NA,"real","Scam","[""neutral_button""]","8",NA,NA,NA,NA
"1093","271667",NA,"resources/real_fg_memory_images/fg6.jpg",NA,"artificial","Neutral","[""neutral_button""]","3",NA,NA,NA,NA
"1094","271667",NA,"resources/real_fg_memory_images/orig21.jpg",NA,"real","Neutral","[""neutral_button""]","4",NA,NA,NA,NA
"1095","271667",NA,"resources/real_fg_memory_images/fg12.jpg",NA,"artificial","Scam","[""scam_button""]","9",NA,NA,NA,NA
"1096","271667",NA,"resources/real_fg_memory_images/orig26.jpg",NA,"real","Scam","[""scam_button""]","4",NA,NA,NA,NA
"1097","271667",NA,"resources/real_fg_memory_images/fg8.jpg",NA,"artificial","Scam","[""scam_button""]","3",NA,NA,NA,NA
"1098","271667",NA,"resources/real_fg_memory_images/fg1.jpg",NA,"artificial","Neutral","[""scam_button""]","3",NA,NA,NA,NA
"1099","271667",NA,"resources/real_fg_memory_images/fg5.jpg",NA,"artificial","Neutral","[""neutral_button""]","9",NA,NA,NA,NA
"1100","271667",NA,"resources/real_fg_memory_images/orig23.jpg",NA,"real","Neutral","[""neutral_button""]","10",NA,NA,NA,NA
"1101","271667",NA,"resources/real_fg_memory_images/orig29.jpg",NA,"real","Scam","[""neutral_button""]","4",NA,NA,NA,NA
"1102","271667",NA,"resources/real_fg_memory_images/fg11.jpg",NA,"artificial","Scam","[""scam_button""]","5",NA,NA,NA,NA
"1103","271667",NA,"resources/real_fg_memory_images/fg7.jpg",NA,"artificial","Scam","[""neutral_button""]","7",NA,NA,NA,NA
"1104","271667",NA,"resources/real_fg_memory_images/fg3.jpg",NA,"artificial","Neutral","[""neutral_button""]","9",NA,NA,NA,NA
"1105","271667",NA,"resources/real_fg_memory_images/orig19.jpg",NA,"real","Neutral","[""scam_button""]","5",NA,NA,NA,NA
"1106","271667",NA,"resources/real_fg_memory_images/orig25.jpg",NA,"real","Scam","[""neutral_button""]","3",NA,NA,NA,NA
"1107","271667",NA,"resources/real_fg_memory_images/orig22.jpg",NA,"real","Neutral","[""neutral_button""]","8",NA,NA,NA,NA
"1108","271667",NA,"resources/real_fg_memory_images/orig27.jpg",NA,"real","Scam","[""scam_button""]","4",NA,NA,NA,NA
"1109","271667",NA,"resources/real_fg_memory_images/orig30.jpg",NA,"real","Scam","[""scam_button""]","7",NA,NA,NA,NA
"1110","271667",NA,"resources/real_fg_memory_images/fg4.jpg",NA,"artificial","Neutral","[""scam_button""]","4",NA,NA,NA,NA
"1111","271667",NA,"resources/real_fg_memory_images/fg2.jpg",NA,"artificial","Neutral","[""neutral_button""]","3",NA,NA,NA,NA
"1112","271667",NA,"resources/real_fg_memory_images/fg10.jpg",NA,"artificial","Scam","[""scam_button""]","7",NA,NA,NA,NA
"1113","271667",NA,NA,NA,NA,NA,NA,NA,NA,NA,NA,NA
"1114","271667",8,"resources/real_fg_memory_images/orig19.jpg","real",NA,NA,NA,NA,NA,NA,NA,NA
"1115","271667",4,"resources/real_fg_memory_images/orig29.jpg","real",NA,NA,NA,NA,NA,NA,NA,NA
"1116","271667",4,"resources/real_fg_memory_images/fg6.jpg","artificial",NA,NA,NA,NA,NA,NA,NA,NA
"1117","271667",2,"resources/real_fg_memory_images/fg2.jpg","artificial",NA,NA,NA,NA,NA,NA,NA,NA
"1118","271667",2,"resources/real_fg_memory_images/orig21.jpg","real",NA,NA,NA,NA,NA,NA,NA,NA
"1119","271667",6,"resources/real_fg_memory_images/orig25.jpg","real",NA,NA,NA,NA,NA,NA,NA,NA
"1120","271667",4,"resources/real_fg_memory_images/fg4.jpg","artificial",NA,NA,NA,NA,NA,NA,NA,NA
"1121","271667",5,"resources/real_fg_memory_images/fg17.jpg","artificial",NA,NA,NA,NA,NA,NA,NA,NA
"1122","271667",10,"resources/real_fg_memory_images/orig36.jpg","real",NA,NA,NA,NA,NA,NA,NA,NA
"1123","271667",4,"resources/real_fg_memory_images/fg12.jpg","artificial",NA,NA,NA,NA,NA,NA,NA,NA
"1124","271667",3,"resources/real_fg_memory_images/orig34.jpg","real",NA,NA,NA,NA,NA,NA,NA,NA
"1125","271667",9,"resources/real_fg_memory_images/orig35.jpg","real",NA,NA,NA,NA,NA,NA,NA,NA
"1126","271667",7,"resources/real_fg_memory_images/orig31.jpg","real",NA,NA,NA,NA,NA,NA,NA,NA
"1127","271667",4,"resources/real_fg_memory_images/fg13.jpg","artificial",NA,NA,NA,NA,NA,NA,NA,NA
"1128","271667",4,"resources/real_fg_memory_images/fg1.jpg","artificial",NA,NA,NA,NA,NA,NA,NA,NA
"1129","271667",10,"resources/real_fg_memory_images/orig20.jpg","real",NA,NA,NA,NA,NA,NA,NA,NA
"1130","271667",10,"resources/real_fg_memory_images/orig24.jpg","real",NA,NA,NA,NA,NA,NA,NA,NA
"1131","271667",8,"resources/real_fg_memory_images/fg9.jpg","artificial",NA,NA,NA,NA,NA,NA,NA,NA
"1132","271667",10,"resources/real_fg_memory_images/orig30.jpg","real",NA,NA,NA,NA,NA,NA,NA,NA
"1133","271667",9,"resources/real_fg_memory_images/fg16.jpg","artificial",NA,NA,NA,NA,NA,NA,NA,NA
"1134","271667",6,"resources/real_fg_memory_images/fg8.jpg","artificial",NA,NA,NA,NA,NA,NA,NA,NA
"1135","271667",8,"resources/real_fg_memory_images/fg15.jpg","artificial",NA,NA,NA,NA,NA,NA,NA,NA
"1136","271667",8,"resources/real_fg_memory_images/fg10.jpg","artificial",NA,NA,NA,NA,NA,NA,NA,NA
"1137","271667",9,"resources/real_fg_memory_images/orig23.jpg","real",NA,NA,NA,NA,NA,NA,NA,NA
"1138","271667",5,"resources/real_fg_memory_images/fg5.jpg","artificial",NA,NA,NA,NA,NA,NA,NA,NA
"1139","271667",7,"resources/real_fg_memory_images/orig33.jpg","real",NA,NA,NA,NA,NA,NA,NA,NA
"1140","271667",6,"resources/real_fg_memory_images/orig26.jpg","real",NA,NA,NA,NA,NA,NA,NA,NA
"1141","271667",7,"resources/real_fg_memory_images/fg14.jpg","artificial",NA,NA,NA,NA,NA,NA,NA,NA
"1142","271667",3,"resources/real_fg_memory_images/orig27.jpg","real",NA,NA,NA,NA,NA,NA,NA,NA
"1143","271667",5,"resources/real_fg_memory_images/fg3.jpg","artificial",NA,NA,NA,NA,NA,NA,NA,NA
"1144","271667",5,"resources/real_fg_memory_images/fg7.jpg","artificial",NA,NA,NA,NA,NA,NA,NA,NA
"1145","271667",8,"resources/real_fg_memory_images/orig32.jpg","real",NA,NA,NA,NA,NA,NA,NA,NA
"1146","271667",5,"resources/real_fg_memory_images/fg11.jpg","artificial",NA,NA,NA,NA,NA,NA,NA,NA
"1147","271667",6,"resources/real_fg_memory_images/fg18.jpg","artificial",NA,NA,NA,NA,NA,NA,NA,NA
"1148","271667",8,"resources/real_fg_memory_images/orig28.jpg","real",NA,NA,NA,NA,NA,NA,NA,NA
"1149","271667",3,"resources/real_fg_memory_images/orig22.jpg","real",NA,NA,NA,NA,NA,NA,NA,NA
"1150","271667",NA,NA,NA,NA,NA,NA,NA,NA,NA,NA,NA
"1151","271667",NA,NA,NA,NA,NA,NA,NA,2,"I have difficulty ending a phone call, even if the caller is a telemarketer, someone I do not know, or someone I do not wish to call me",NA,NA
"1152","271667",NA,NA,NA,NA,NA,NA,NA,2,"If a telemarketer calls me, I usually listen to what they have to say",NA,NA
"1153","271667",NA,NA,NA,NA,NA,NA,NA,5,"Persons over the age of 65 are often targeted by con-artists",NA,NA
"1154","271667",NA,NA,NA,NA,NA,NA,NA,1,"I answer the phone whenever it rings, even if I do not know who is calling",NA,NA
"1155","271667",NA,NA,NA,NA,NA,NA,NA,5,"If something sounds too good to be true, it usually is",NA,NA
"1156","271667",NA,NA,NA,NA,NA,NA,NA,NA,NA,NA,NA
"1157","271667",NA,NA,NA,NA,NA,NA,NA,NA,NA,"[""female_option""]",NA
"1158","271667",NA,NA,NA,NA,NA,NA,NA,NA,NA,NA,20
"1159","271667",NA,NA,NA,NA,NA,NA,NA,NA,NA,NA,NA
"1160","271667",NA,NA,NA,NA,NA,NA,NA,NA,NA,NA,NA
"1161","271667",NA,NA,NA,NA,NA,NA,NA,NA,NA,NA,NA
"1162","271667",NA,NA,NA,NA,NA,NA,NA,NA,NA,NA,NA
"1163","271667",NA,NA,NA,NA,NA,NA,NA,NA,NA,NA,NA
"1164","271667",NA,NA,NA,NA,NA,NA,NA,NA,NA,NA,NA
"1165","271667",NA,NA,NA,NA,NA,NA,NA,NA,NA,NA,NA
"1166","271667",NA,NA,NA,NA,NA,NA,NA,NA,NA,NA,NA
"1167","271667",NA,NA,NA,NA,NA,NA,NA,NA,NA,NA,NA
"1168","271667",NA,NA,NA,NA,NA,NA,NA,NA,NA,NA,NA
"1169","277518",NA,NA,NA,NA,NA,NA,NA,NA,NA,NA,NA
"1170","277518",NA,NA,NA,NA,NA,NA,NA,NA,NA,NA,NA
"1171","277518",NA,NA,NA,NA,NA,NA,NA,NA,NA,NA,NA
"1172","277518",NA,NA,NA,NA,NA,NA,NA,NA,NA,NA,NA
"1173","277518",4,"resources/real_fg_memory_images/fg13.jpg","artificial",NA,NA,NA,NA,NA,NA,NA,NA
"1174","277518",7,"resources/real_fg_memory_images/orig36.jpg","real",NA,NA,NA,NA,NA,NA,NA,NA
"1175","277518",6,"resources/real_fg_memory_images/fg8.jpg","artificial",NA,NA,NA,NA,NA,NA,NA,NA
"1176","277518",8,"resources/real_fg_memory_images/orig30.jpg","real",NA,NA,NA,NA,NA,NA,NA,NA
"1177","277518",6,"resources/real_fg_memory_images/orig27.jpg","real",NA,NA,NA,NA,NA,NA,NA,NA
"1178","277518",7,"resources/real_fg_memory_images/orig21.jpg","real",NA,NA,NA,NA,NA,NA,NA,NA
"1179","277518",8,"resources/real_fg_memory_images/orig29.jpg","real",NA,NA,NA,NA,NA,NA,NA,NA
"1180","277518",6,"resources/real_fg_memory_images/fg5.jpg","artificial",NA,NA,NA,NA,NA,NA,NA,NA
"1181","277518",8,"resources/real_fg_memory_images/orig24.jpg","real",NA,NA,NA,NA,NA,NA,NA,NA
"1182","277518",8,"resources/real_fg_memory_images/fg11.jpg","artificial",NA,NA,NA,NA,NA,NA,NA,NA
"1183","277518",7,"resources/real_fg_memory_images/fg4.jpg","artificial",NA,NA,NA,NA,NA,NA,NA,NA
"1184","277518",7,"resources/real_fg_memory_images/orig25.jpg","real",NA,NA,NA,NA,NA,NA,NA,NA
"1185","277518",7,"resources/real_fg_memory_images/fg9.jpg","artificial",NA,NA,NA,NA,NA,NA,NA,NA
"1186","277518",9,"resources/real_fg_memory_images/orig28.jpg","real",NA,NA,NA,NA,NA,NA,NA,NA
"1187","277518",6,"resources/real_fg_memory_images/orig35.jpg","real",NA,NA,NA,NA,NA,NA,NA,NA
"1188","277518",7,"resources/real_fg_memory_images/fg2.jpg","artificial",NA,NA,NA,NA,NA,NA,NA,NA
"1189","277518",7,"resources/real_fg_memory_images/fg16.jpg","artificial",NA,NA,NA,NA,NA,NA,NA,NA
"1190","277518",6,"resources/real_fg_memory_images/fg1.jpg","artificial",NA,NA,NA,NA,NA,NA,NA,NA
"1191","277518",6,"resources/real_fg_memory_images/orig22.jpg","real",NA,NA,NA,NA,NA,NA,NA,NA
"1192","277518",7,"resources/real_fg_memory_images/orig23.jpg","real",NA,NA,NA,NA,NA,NA,NA,NA
"1193","277518",7,"resources/real_fg_memory_images/fg14.jpg","artificial",NA,NA,NA,NA,NA,NA,NA,NA
"1194","277518",8,"resources/real_fg_memory_images/orig26.jpg","real",NA,NA,NA,NA,NA,NA,NA,NA
"1195","277518",8,"resources/real_fg_memory_images/orig32.jpg","real",NA,NA,NA,NA,NA,NA,NA,NA
"1196","277518",8,"resources/real_fg_memory_images/orig34.jpg","real",NA,NA,NA,NA,NA,NA,NA,NA
"1197","277518",7,"resources/real_fg_memory_images/orig31.jpg","real",NA,NA,NA,NA,NA,NA,NA,NA
"1198","277518",6,"resources/real_fg_memory_images/fg12.jpg","artificial",NA,NA,NA,NA,NA,NA,NA,NA
"1199","277518",8,"resources/real_fg_memory_images/fg7.jpg","artificial",NA,NA,NA,NA,NA,NA,NA,NA
"1200","277518",6,"resources/real_fg_memory_images/orig19.jpg","real",NA,NA,NA,NA,NA,NA,NA,NA
"1201","277518",7,"resources/real_fg_memory_images/fg3.jpg","artificial",NA,NA,NA,NA,NA,NA,NA,NA
"1202","277518",6,"resources/real_fg_memory_images/orig20.jpg","real",NA,NA,NA,NA,NA,NA,NA,NA
"1203","277518",7,"resources/real_fg_memory_images/fg6.jpg","artificial",NA,NA,NA,NA,NA,NA,NA,NA
"1204","277518",7,"resources/real_fg_memory_images/fg18.jpg","artificial",NA,NA,NA,NA,NA,NA,NA,NA
"1205","277518",6,"resources/real_fg_memory_images/fg10.jpg","artificial",NA,NA,NA,NA,NA,NA,NA,NA
"1206","277518",7,"resources/real_fg_memory_images/fg17.jpg","artificial",NA,NA,NA,NA,NA,NA,NA,NA
"1207","277518",7,"resources/real_fg_memory_images/orig33.jpg","real",NA,NA,NA,NA,NA,NA,NA,NA
"1208","277518",5,"resources/real_fg_memory_images/fg15.jpg","artificial",NA,NA,NA,NA,NA,NA,NA,NA
"1209","277518",NA,NA,NA,NA,NA,NA,NA,NA,NA,NA,NA
"1210","277518",NA,"resources/real_fg_memory_images/fg10.jpg",NA,"artificial","Scam",NA,NA,NA,NA,NA,NA
"1211","277518",NA,"resources/real_fg_memory_images/orig24.jpg",NA,"real","Neutral",NA,NA,NA,NA,NA,NA
"1212","277518",NA,"resources/real_fg_memory_images/fg7.jpg",NA,"artificial","Scam",NA,NA,NA,NA,NA,NA
"1213","277518",NA,"resources/real_fg_memory_images/orig21.jpg",NA,"real","Neutral",NA,NA,NA,NA,NA,NA
"1214","277518",NA,"resources/real_fg_memory_images/orig30.jpg",NA,"real","Scam",NA,NA,NA,NA,NA,NA
"1215","277518",NA,"resources/real_fg_memory_images/fg4.jpg",NA,"artificial","Neutral",NA,NA,NA,NA,NA,NA
"1216","277518",NA,"resources/real_fg_memory_images/orig23.jpg",NA,"real","Neutral",NA,NA,NA,NA,NA,NA
"1217","277518",NA,"resources/real_fg_memory_images/orig19.jpg",NA,"real","Neutral",NA,NA,NA,NA,NA,NA
"1218","277518",NA,"resources/real_fg_memory_images/orig26.jpg",NA,"real","Scam",NA,NA,NA,NA,NA,NA
"1219","277518",NA,"resources/real_fg_memory_images/fg8.jpg",NA,"artificial","Scam",NA,NA,NA,NA,NA,NA
"1220","277518",NA,"resources/real_fg_memory_images/fg5.jpg",NA,"artificial","Neutral",NA,NA,NA,NA,NA,NA
"1221","277518",NA,"resources/real_fg_memory_images/fg9.jpg",NA,"artificial","Scam",NA,NA,NA,NA,NA,NA
"1222","277518",NA,"resources/real_fg_memory_images/fg2.jpg",NA,"artificial","Neutral",NA,NA,NA,NA,NA,NA
"1223","277518",NA,"resources/real_fg_memory_images/orig22.jpg",NA,"real","Neutral",NA,NA,NA,NA,NA,NA
"1224","277518",NA,"resources/real_fg_memory_images/fg12.jpg",NA,"artificial","Scam",NA,NA,NA,NA,NA,NA
"1225","277518",NA,"resources/real_fg_memory_images/fg1.jpg",NA,"artificial","Neutral",NA,NA,NA,NA,NA,NA
"1226","277518",NA,"resources/real_fg_memory_images/orig20.jpg",NA,"real","Neutral",NA,NA,NA,NA,NA,NA
"1227","277518",NA,"resources/real_fg_memory_images/orig27.jpg",NA,"real","Scam",NA,NA,NA,NA,NA,NA
"1228","277518",NA,"resources/real_fg_memory_images/orig25.jpg",NA,"real","Scam",NA,NA,NA,NA,NA,NA
"1229","277518",NA,"resources/real_fg_memory_images/orig29.jpg",NA,"real","Scam",NA,NA,NA,NA,NA,NA
"1230","277518",NA,"resources/real_fg_memory_images/fg6.jpg",NA,"artificial","Neutral",NA,NA,NA,NA,NA,NA
"1231","277518",NA,"resources/real_fg_memory_images/orig28.jpg",NA,"real","Scam",NA,NA,NA,NA,NA,NA
"1232","277518",NA,"resources/real_fg_memory_images/fg3.jpg",NA,"artificial","Neutral",NA,NA,NA,NA,NA,NA
"1233","277518",NA,"resources/real_fg_memory_images/fg11.jpg",NA,"artificial","Scam",NA,NA,NA,NA,NA,NA
"1234","277518",NA,NA,NA,NA,NA,NA,NA,NA,NA,NA,NA
"1235","277518",NA,"resources/real_fg_memory_images/fg4.jpg",NA,"artificial","Neutral","[""neutral_button""]","8",NA,NA,NA,NA
"1236","277518",NA,"resources/real_fg_memory_images/fg9.jpg",NA,"artificial","Scam","[""scam_button""]","5",NA,NA,NA,NA
"1237","277518",NA,"resources/real_fg_memory_images/orig20.jpg",NA,"real","Neutral","[""scam_button""]","9",NA,NA,NA,NA
"1238","277518",NA,"resources/real_fg_memory_images/fg11.jpg",NA,"artificial","Scam","[""neutral_button""]","7",NA,NA,NA,NA
"1239","277518",NA,"resources/real_fg_memory_images/fg2.jpg",NA,"artificial","Neutral","[""scam_button""]","4",NA,NA,NA,NA
"1240","277518",NA,"resources/real_fg_memory_images/fg10.jpg",NA,"artificial","Scam","[""scam_button""]","9",NA,NA,NA,NA
"1241","277518",NA,"resources/real_fg_memory_images/orig23.jpg",NA,"real","Neutral","[""neutral_button""]","7",NA,NA,NA,NA
"1242","277518",NA,"resources/real_fg_memory_images/orig21.jpg",NA,"real","Neutral","[""scam_button""]","8",NA,NA,NA,NA
"1243","277518",NA,"resources/real_fg_memory_images/orig29.jpg",NA,"real","Scam","[""scam_button""]","10",NA,NA,NA,NA
"1244","277518",NA,"resources/real_fg_memory_images/fg5.jpg",NA,"artificial","Neutral","[""neutral_button""]","8",NA,NA,NA,NA
"1245","277518",NA,"resources/real_fg_memory_images/orig26.jpg",NA,"real","Scam","[""scam_button""]","6",NA,NA,NA,NA
"1246","277518",NA,"resources/real_fg_memory_images/fg3.jpg",NA,"artificial","Neutral","[""scam_button""]","5",NA,NA,NA,NA
"1247","277518",NA,"resources/real_fg_memory_images/orig19.jpg",NA,"real","Neutral","[""neutral_button""]","7",NA,NA,NA,NA
"1248","277518",NA,"resources/real_fg_memory_images/fg6.jpg",NA,"artificial","Neutral","[""neutral_button""]","10",NA,NA,NA,NA
"1249","277518",NA,"resources/real_fg_memory_images/orig24.jpg",NA,"real","Neutral","[""scam_button""]","8",NA,NA,NA,NA
"1250","277518",NA,"resources/real_fg_memory_images/fg12.jpg",NA,"artificial","Scam","[""neutral_button""]","6",NA,NA,NA,NA
"1251","277518",NA,"resources/real_fg_memory_images/orig27.jpg",NA,"real","Scam","[""neutral_button""]","6",NA,NA,NA,NA
"1252","277518",NA,"resources/real_fg_memory_images/fg7.jpg",NA,"artificial","Scam","[""scam_button""]","4",NA,NA,NA,NA
"1253","277518",NA,"resources/real_fg_memory_images/fg8.jpg",NA,"artificial","Scam","[""neutral_button""]","6",NA,NA,NA,NA
"1254","277518",NA,"resources/real_fg_memory_images/fg1.jpg",NA,"artificial","Neutral","[""neutral_button""]","7",NA,NA,NA,NA
"1255","277518",NA,"resources/real_fg_memory_images/orig30.jpg",NA,"real","Scam","[""neutral_button""]","8",NA,NA,NA,NA
"1256","277518",NA,"resources/real_fg_memory_images/orig28.jpg",NA,"real","Scam","[""neutral_button""]","8",NA,NA,NA,NA
"1257","277518",NA,"resources/real_fg_memory_images/orig22.jpg",NA,"real","Neutral","[""scam_button""]","8",NA,NA,NA,NA
"1258","277518",NA,"resources/real_fg_memory_images/orig25.jpg",NA,"real","Scam","[""neutral_button""]","6",NA,NA,NA,NA
"1259","277518",NA,NA,NA,NA,NA,NA,NA,NA,NA,NA,NA
"1260","277518",6,"resources/real_fg_memory_images/fg16.jpg","artificial",NA,NA,NA,NA,NA,NA,NA,NA
"1261","277518",8,"resources/real_fg_memory_images/fg2.jpg","artificial",NA,NA,NA,NA,NA,NA,NA,NA
"1262","277518",7,"resources/real_fg_memory_images/fg13.jpg","artificial",NA,NA,NA,NA,NA,NA,NA,NA
"1263","277518",7,"resources/real_fg_memory_images/fg17.jpg","artificial",NA,NA,NA,NA,NA,NA,NA,NA
"1264","277518",5,"resources/real_fg_memory_images/fg15.jpg","artificial",NA,NA,NA,NA,NA,NA,NA,NA
"1265","277518",4,"resources/real_fg_memory_images/orig30.jpg","real",NA,NA,NA,NA,NA,NA,NA,NA
"1266","277518",5,"resources/real_fg_memory_images/fg7.jpg","artificial",NA,NA,NA,NA,NA,NA,NA,NA
"1267","277518",4,"resources/real_fg_memory_images/fg3.jpg","artificial",NA,NA,NA,NA,NA,NA,NA,NA
"1268","277518",5,"resources/real_fg_memory_images/fg5.jpg","artificial",NA,NA,NA,NA,NA,NA,NA,NA
"1269","277518",5,"resources/real_fg_memory_images/fg1.jpg","artificial",NA,NA,NA,NA,NA,NA,NA,NA
"1270","277518",6,"resources/real_fg_memory_images/orig24.jpg","real",NA,NA,NA,NA,NA,NA,NA,NA
"1271","277518",7,"resources/real_fg_memory_images/fg10.jpg","artificial",NA,NA,NA,NA,NA,NA,NA,NA
"1272","277518",4,"resources/real_fg_memory_images/orig21.jpg","real",NA,NA,NA,NA,NA,NA,NA,NA
"1273","277518",6,"resources/real_fg_memory_images/orig22.jpg","real",NA,NA,NA,NA,NA,NA,NA,NA
"1274","277518",7,"resources/real_fg_memory_images/fg14.jpg","artificial",NA,NA,NA,NA,NA,NA,NA,NA
"1275","277518",5,"resources/real_fg_memory_images/orig31.jpg","real",NA,NA,NA,NA,NA,NA,NA,NA
"1276","277518",4,"resources/real_fg_memory_images/orig20.jpg","real",NA,NA,NA,NA,NA,NA,NA,NA
"1277","277518",5,"resources/real_fg_memory_images/orig27.jpg","real",NA,NA,NA,NA,NA,NA,NA,NA
"1278","277518",4,"resources/real_fg_memory_images/orig29.jpg","real",NA,NA,NA,NA,NA,NA,NA,NA
"1279","277518",7,"resources/real_fg_memory_images/orig35.jpg","real",NA,NA,NA,NA,NA,NA,NA,NA
"1280","277518",6,"resources/real_fg_memory_images/orig25.jpg","real",NA,NA,NA,NA,NA,NA,NA,NA
"1281","277518",8,"resources/real_fg_memory_images/orig28.jpg","real",NA,NA,NA,NA,NA,NA,NA,NA
"1282","277518",8,"resources/real_fg_memory_images/orig32.jpg","real",NA,NA,NA,NA,NA,NA,NA,NA
"1283","277518",6,"resources/real_fg_memory_images/fg6.jpg","artificial",NA,NA,NA,NA,NA,NA,NA,NA
"1284","277518",4,"resources/real_fg_memory_images/orig19.jpg","real",NA,NA,NA,NA,NA,NA,NA,NA
"1285","277518",4,"resources/real_fg_memory_images/fg18.jpg","artificial",NA,NA,NA,NA,NA,NA,NA,NA
"1286","277518",6,"resources/real_fg_memory_images/orig26.jpg","real",NA,NA,NA,NA,NA,NA,NA,NA
"1287","277518",5,"resources/real_fg_memory_images/orig36.jpg","real",NA,NA,NA,NA,NA,NA,NA,NA
"1288","277518",7,"resources/real_fg_memory_images/fg4.jpg","artificial",NA,NA,NA,NA,NA,NA,NA,NA
"1289","277518",7,"resources/real_fg_memory_images/fg9.jpg","artificial",NA,NA,NA,NA,NA,NA,NA,NA
"1290","277518",6,"resources/real_fg_memory_images/fg12.jpg","artificial",NA,NA,NA,NA,NA,NA,NA,NA
"1291","277518",6,"resources/real_fg_memory_images/fg11.jpg","artificial",NA,NA,NA,NA,NA,NA,NA,NA
"1292","277518",5,"resources/real_fg_memory_images/orig23.jpg","real",NA,NA,NA,NA,NA,NA,NA,NA
"1293","277518",6,"resources/real_fg_memory_images/orig34.jpg","real",NA,NA,NA,NA,NA,NA,NA,NA
"1294","277518",6,"resources/real_fg_memory_images/orig33.jpg","real",NA,NA,NA,NA,NA,NA,NA,NA
"1295","277518",4,"resources/real_fg_memory_images/fg8.jpg","artificial",NA,NA,NA,NA,NA,NA,NA,NA
"1296","277518",NA,NA,NA,NA,NA,NA,NA,NA,NA,NA,NA
"1297","277518",NA,NA,NA,NA,NA,NA,NA,2,"I answer the phone whenever it rings, even if I do not know who is calling",NA,NA
"1298","277518",NA,NA,NA,NA,NA,NA,NA,2,"Persons over the age of 65 are often targeted by con-artists",NA,NA
"1299","277518",NA,NA,NA,NA,NA,NA,NA,1,"If a telemarketer calls me, I usually listen to what they have to say",NA,NA
"1300","277518",NA,NA,NA,NA,NA,NA,NA,5,"If something sounds too good to be true, it usually is",NA,NA
"1301","277518",NA,NA,NA,NA,NA,NA,NA,2,"I have difficulty ending a phone call, even if the caller is a telemarketer, someone I do not know, or someone I do not wish to call me",NA,NA
"1302","277518",NA,NA,NA,NA,NA,NA,NA,NA,NA,NA,NA
"1303","277518",NA,NA,NA,NA,NA,NA,NA,NA,NA,"[""female_option""]",NA
"1304","277518",NA,NA,NA,NA,NA,NA,NA,NA,NA,NA,20
"1305","277518",NA,NA,NA,NA,NA,NA,NA,NA,NA,NA,NA
"1306","277518",NA,NA,NA,NA,NA,NA,NA,NA,NA,NA,NA
"1307","277518",NA,NA,NA,NA,NA,NA,NA,NA,NA,NA,NA
"1308","277518",NA,NA,NA,NA,NA,NA,NA,NA,NA,NA,NA
"1309","277518",NA,NA,NA,NA,NA,NA,NA,NA,NA,NA,NA
"1310","277518",NA,NA,NA,NA,NA,NA,NA,NA,NA,NA,NA
"1311","277518",NA,NA,NA,NA,NA,NA,NA,NA,NA,NA,NA
"1312","277518",NA,NA,NA,NA,NA,NA,NA,NA,NA,NA,NA
"1313","277518",NA,NA,NA,NA,NA,NA,NA,NA,NA,NA,NA
"1314","277518",NA,NA,NA,NA,NA,NA,NA,NA,NA,NA,NA
"1315","282486",NA,NA,NA,NA,NA,NA,NA,NA,NA,NA,NA
"1316","282486",NA,NA,NA,NA,NA,NA,NA,NA,NA,NA,NA
"1317","282486",NA,NA,NA,NA,NA,NA,NA,NA,NA,NA,NA
"1318","282486",NA,NA,NA,NA,NA,NA,NA,NA,NA,NA,NA
"1319","282486",5,"resources/real_fg_memory_images/fg14.jpg","artificial",NA,NA,NA,NA,NA,NA,NA,NA
"1320","282486",5,"resources/real_fg_memory_images/orig30.jpg","real",NA,NA,NA,NA,NA,NA,NA,NA
"1321","282486",3,"resources/real_fg_memory_images/fg13.jpg","artificial",NA,NA,NA,NA,NA,NA,NA,NA
"1322","282486",2,"resources/real_fg_memory_images/fg18.jpg","artificial",NA,NA,NA,NA,NA,NA,NA,NA
"1323","282486",2,"resources/real_fg_memory_images/fg10.jpg","artificial",NA,NA,NA,NA,NA,NA,NA,NA
"1324","282486",3,"resources/real_fg_memory_images/orig25.jpg","real",NA,NA,NA,NA,NA,NA,NA,NA
"1325","282486",2,"resources/real_fg_memory_images/fg5.jpg","artificial",NA,NA,NA,NA,NA,NA,NA,NA
"1326","282486",5,"resources/real_fg_memory_images/orig24.jpg","real",NA,NA,NA,NA,NA,NA,NA,NA
"1327","282486",2,"resources/real_fg_memory_images/fg6.jpg","artificial",NA,NA,NA,NA,NA,NA,NA,NA
"1328","282486",3,"resources/real_fg_memory_images/fg11.jpg","artificial",NA,NA,NA,NA,NA,NA,NA,NA
"1329","282486",2,"resources/real_fg_memory_images/fg9.jpg","artificial",NA,NA,NA,NA,NA,NA,NA,NA
"1330","282486",5,"resources/real_fg_memory_images/orig26.jpg","real",NA,NA,NA,NA,NA,NA,NA,NA
"1331","282486",1,"resources/real_fg_memory_images/fg2.jpg","artificial",NA,NA,NA,NA,NA,NA,NA,NA
"1332","282486",1,"resources/real_fg_memory_images/fg8.jpg","artificial",NA,NA,NA,NA,NA,NA,NA,NA
"1333","282486",1,"resources/real_fg_memory_images/fg7.jpg","artificial",NA,NA,NA,NA,NA,NA,NA,NA
"1334","282486",5,"resources/real_fg_memory_images/orig31.jpg","real",NA,NA,NA,NA,NA,NA,NA,NA
"1335","282486",1,"resources/real_fg_memory_images/fg12.jpg","artificial",NA,NA,NA,NA,NA,NA,NA,NA
"1336","282486",3,"resources/real_fg_memory_images/orig20.jpg","real",NA,NA,NA,NA,NA,NA,NA,NA
"1337","282486",4,"resources/real_fg_memory_images/orig21.jpg","real",NA,NA,NA,NA,NA,NA,NA,NA
"1338","282486",1,"resources/real_fg_memory_images/fg17.jpg","artificial",NA,NA,NA,NA,NA,NA,NA,NA
"1339","282486",5,"resources/real_fg_memory_images/orig29.jpg","real",NA,NA,NA,NA,NA,NA,NA,NA
"1340","282486",1,"resources/real_fg_memory_images/fg15.jpg","artificial",NA,NA,NA,NA,NA,NA,NA,NA
"1341","282486",2,"resources/real_fg_memory_images/fg3.jpg","artificial",NA,NA,NA,NA,NA,NA,NA,NA
"1342","282486",4,"resources/real_fg_memory_images/orig27.jpg","real",NA,NA,NA,NA,NA,NA,NA,NA
"1343","282486",1,"resources/real_fg_memory_images/fg4.jpg","artificial",NA,NA,NA,NA,NA,NA,NA,NA
"1344","282486",5,"resources/real_fg_memory_images/orig23.jpg","real",NA,NA,NA,NA,NA,NA,NA,NA
"1345","282486",5,"resources/real_fg_memory_images/orig19.jpg","real",NA,NA,NA,NA,NA,NA,NA,NA
"1346","282486",5,"resources/real_fg_memory_images/orig28.jpg","real",NA,NA,NA,NA,NA,NA,NA,NA
"1347","282486",11,"resources/real_fg_memory_images/fg1.jpg","artificial",NA,NA,NA,NA,NA,NA,NA,NA
"1348","282486",5,"resources/real_fg_memory_images/orig22.jpg","real",NA,NA,NA,NA,NA,NA,NA,NA
"1349","282486",3,"resources/real_fg_memory_images/fg16.jpg","artificial",NA,NA,NA,NA,NA,NA,NA,NA
"1350","282486",5,"resources/real_fg_memory_images/orig33.jpg","real",NA,NA,NA,NA,NA,NA,NA,NA
"1351","282486",5,"resources/real_fg_memory_images/orig35.jpg","real",NA,NA,NA,NA,NA,NA,NA,NA
"1352","282486",5,"resources/real_fg_memory_images/orig32.jpg","real",NA,NA,NA,NA,NA,NA,NA,NA
"1353","282486",5,"resources/real_fg_memory_images/orig36.jpg","real",NA,NA,NA,NA,NA,NA,NA,NA
"1354","282486",6,"resources/real_fg_memory_images/orig34.jpg","real",NA,NA,NA,NA,NA,NA,NA,NA
"1355","282486",NA,NA,NA,NA,NA,NA,NA,NA,NA,NA,NA
"1356","282486",NA,"resources/real_fg_memory_images/orig21.jpg",NA,"real","Neutral",NA,NA,NA,NA,NA,NA
"1357","282486",NA,"resources/real_fg_memory_images/fg1.jpg",NA,"artificial","Neutral",NA,NA,NA,NA,NA,NA
"1358","282486",NA,"resources/real_fg_memory_images/fg5.jpg",NA,"artificial","Neutral",NA,NA,NA,NA,NA,NA
"1359","282486",NA,"resources/real_fg_memory_images/orig19.jpg",NA,"real","Neutral",NA,NA,NA,NA,NA,NA
"1360","282486",NA,"resources/real_fg_memory_images/fg9.jpg",NA,"artificial","Scam",NA,NA,NA,NA,NA,NA
"1361","282486",NA,"resources/real_fg_memory_images/orig29.jpg",NA,"real","Scam",NA,NA,NA,NA,NA,NA
"1362","282486",NA,"resources/real_fg_memory_images/fg6.jpg",NA,"artificial","Neutral",NA,NA,NA,NA,NA,NA
"1363","282486",NA,"resources/real_fg_memory_images/orig22.jpg",NA,"real","Neutral",NA,NA,NA,NA,NA,NA
"1364","282486",NA,"resources/real_fg_memory_images/orig26.jpg",NA,"real","Scam",NA,NA,NA,NA,NA,NA
"1365","282486",NA,"resources/real_fg_memory_images/fg7.jpg",NA,"artificial","Scam",NA,NA,NA,NA,NA,NA
"1366","282486",NA,"resources/real_fg_memory_images/orig20.jpg",NA,"real","Neutral",NA,NA,NA,NA,NA,NA
"1367","282486",NA,"resources/real_fg_memory_images/orig30.jpg",NA,"real","Scam",NA,NA,NA,NA,NA,NA
"1368","282486",NA,"resources/real_fg_memory_images/orig27.jpg",NA,"real","Scam",NA,NA,NA,NA,NA,NA
"1369","282486",NA,"resources/real_fg_memory_images/fg2.jpg",NA,"artificial","Neutral",NA,NA,NA,NA,NA,NA
"1370","282486",NA,"resources/real_fg_memory_images/fg11.jpg",NA,"artificial","Scam",NA,NA,NA,NA,NA,NA
"1371","282486",NA,"resources/real_fg_memory_images/orig24.jpg",NA,"real","Neutral",NA,NA,NA,NA,NA,NA
"1372","282486",NA,"resources/real_fg_memory_images/fg10.jpg",NA,"artificial","Scam",NA,NA,NA,NA,NA,NA
"1373","282486",NA,"resources/real_fg_memory_images/orig28.jpg",NA,"real","Scam",NA,NA,NA,NA,NA,NA
"1374","282486",NA,"resources/real_fg_memory_images/orig23.jpg",NA,"real","Neutral",NA,NA,NA,NA,NA,NA
"1375","282486",NA,"resources/real_fg_memory_images/fg3.jpg",NA,"artificial","Neutral",NA,NA,NA,NA,NA,NA
"1376","282486",NA,"resources/real_fg_memory_images/orig25.jpg",NA,"real","Scam",NA,NA,NA,NA,NA,NA
"1377","282486",NA,"resources/real_fg_memory_images/fg8.jpg",NA,"artificial","Scam",NA,NA,NA,NA,NA,NA
"1378","282486",NA,"resources/real_fg_memory_images/fg4.jpg",NA,"artificial","Neutral",NA,NA,NA,NA,NA,NA
"1379","282486",NA,"resources/real_fg_memory_images/fg12.jpg",NA,"artificial","Scam",NA,NA,NA,NA,NA,NA
"1380","282486",NA,NA,NA,NA,NA,NA,NA,NA,NA,NA,NA
"1381","282486",NA,"resources/real_fg_memory_images/orig24.jpg",NA,"real","Neutral","[""neutral_button""]","6",NA,NA,NA,NA
"1382","282486",NA,"resources/real_fg_memory_images/fg8.jpg",NA,"artificial","Scam","[""scam_button""]","10",NA,NA,NA,NA
"1383","282486",NA,"resources/real_fg_memory_images/fg6.jpg",NA,"artificial","Neutral","[""scam_button""]","5",NA,NA,NA,NA
"1384","282486",NA,"resources/real_fg_memory_images/fg12.jpg",NA,"artificial","Scam","[""scam_button""]","9",NA,NA,NA,NA
"1385","282486",NA,"resources/real_fg_memory_images/orig27.jpg",NA,"real","Scam","[""scam_button""]","6",NA,NA,NA,NA
"1386","282486",NA,"resources/real_fg_memory_images/fg2.jpg",NA,"artificial","Neutral","[""neutral_button""]","5",NA,NA,NA,NA
"1387","282486",NA,"resources/real_fg_memory_images/fg11.jpg",NA,"artificial","Scam","[""scam_button""]","4",NA,NA,NA,NA
"1388","282486",NA,"resources/real_fg_memory_images/orig29.jpg",NA,"real","Scam","[""scam_button""]","9",NA,NA,NA,NA
"1389","282486",NA,"resources/real_fg_memory_images/fg5.jpg",NA,"artificial","Neutral","[""scam_button""]","10",NA,NA,NA,NA
"1390","282486",NA,"resources/real_fg_memory_images/orig22.jpg",NA,"real","Neutral","[""neutral_button""]","4",NA,NA,NA,NA
"1391","282486",NA,"resources/real_fg_memory_images/orig20.jpg",NA,"real","Neutral","[""neutral_button""]","3",NA,NA,NA,NA
"1392","282486",NA,"resources/real_fg_memory_images/fg10.jpg",NA,"artificial","Scam","[""neutral_button""]","5",NA,NA,NA,NA
"1393","282486",NA,"resources/real_fg_memory_images/fg3.jpg",NA,"artificial","Neutral","[""neutral_button""]","9",NA,NA,NA,NA
"1394","282486",NA,"resources/real_fg_memory_images/orig28.jpg",NA,"real","Scam","[""scam_button""]","8",NA,NA,NA,NA
"1395","282486",NA,"resources/real_fg_memory_images/fg4.jpg",NA,"artificial","Neutral","[""scam_button""]","5",NA,NA,NA,NA
"1396","282486",NA,"resources/real_fg_memory_images/fg9.jpg",NA,"artificial","Scam","[""scam_button""]","9",NA,NA,NA,NA
"1397","282486",NA,"resources/real_fg_memory_images/fg7.jpg",NA,"artificial","Scam","[""scam_button""]","8",NA,NA,NA,NA
"1398","282486",NA,"resources/real_fg_memory_images/orig19.jpg",NA,"real","Neutral","[""neutral_button""]","5",NA,NA,NA,NA
"1399","282486",NA,"resources/real_fg_memory_images/orig26.jpg",NA,"real","Scam","[""scam_button""]","10",NA,NA,NA,NA
"1400","282486",NA,"resources/real_fg_memory_images/orig21.jpg",NA,"real","Neutral","[""neutral_button""]","5",NA,NA,NA,NA
"1401","282486",NA,"resources/real_fg_memory_images/orig25.jpg",NA,"real","Scam","[""scam_button""]","10",NA,NA,NA,NA
"1402","282486",NA,"resources/real_fg_memory_images/orig23.jpg",NA,"real","Neutral","[""neutral_button""]","6",NA,NA,NA,NA
"1403","282486",NA,"resources/real_fg_memory_images/orig30.jpg",NA,"real","Scam","[""neutral_button""]","7",NA,NA,NA,NA
"1404","282486",NA,"resources/real_fg_memory_images/fg1.jpg",NA,"artificial","Neutral","[""scam_button""]","5",NA,NA,NA,NA
"1405","282486",NA,NA,NA,NA,NA,NA,NA,NA,NA,NA,NA
"1406","282486",4,"resources/real_fg_memory_images/fg4.jpg","artificial",NA,NA,NA,NA,NA,NA,NA,NA
"1407","282486",3,"resources/real_fg_memory_images/orig28.jpg","real",NA,NA,NA,NA,NA,NA,NA,NA
"1408","282486",4,"resources/real_fg_memory_images/fg15.jpg","artificial",NA,NA,NA,NA,NA,NA,NA,NA
"1409","282486",3,"resources/real_fg_memory_images/fg14.jpg","artificial",NA,NA,NA,NA,NA,NA,NA,NA
"1410","282486",3,"resources/real_fg_memory_images/fg11.jpg","artificial",NA,NA,NA,NA,NA,NA,NA,NA
"1411","282486",3,"resources/real_fg_memory_images/orig34.jpg","real",NA,NA,NA,NA,NA,NA,NA,NA
"1412","282486",6,"resources/real_fg_memory_images/orig32.jpg","real",NA,NA,NA,NA,NA,NA,NA,NA
"1413","282486",2,"resources/real_fg_memory_images/orig25.jpg","real",NA,NA,NA,NA,NA,NA,NA,NA
"1414","282486",2,"resources/real_fg_memory_images/fg18.jpg","artificial",NA,NA,NA,NA,NA,NA,NA,NA
"1415","282486",2,"resources/real_fg_memory_images/fg6.jpg","artificial",NA,NA,NA,NA,NA,NA,NA,NA
"1416","282486",4,"resources/real_fg_memory_images/fg16.jpg","artificial",NA,NA,NA,NA,NA,NA,NA,NA
"1417","282486",3,"resources/real_fg_memory_images/fg2.jpg","artificial",NA,NA,NA,NA,NA,NA,NA,NA
"1418","282486",1,"resources/real_fg_memory_images/orig27.jpg","real",NA,NA,NA,NA,NA,NA,NA,NA
"1419","282486",3,"resources/real_fg_memory_images/fg10.jpg","artificial",NA,NA,NA,NA,NA,NA,NA,NA
"1420","282486",3,"resources/real_fg_memory_images/orig33.jpg","real",NA,NA,NA,NA,NA,NA,NA,NA
"1421","282486",3,"resources/real_fg_memory_images/orig26.jpg","real",NA,NA,NA,NA,NA,NA,NA,NA
"1422","282486",2,"resources/real_fg_memory_images/orig22.jpg","real",NA,NA,NA,NA,NA,NA,NA,NA
"1423","282486",2,"resources/real_fg_memory_images/orig23.jpg","real",NA,NA,NA,NA,NA,NA,NA,NA
"1424","282486",4,"resources/real_fg_memory_images/orig19.jpg","real",NA,NA,NA,NA,NA,NA,NA,NA
"1425","282486",4,"resources/real_fg_memory_images/orig36.jpg","real",NA,NA,NA,NA,NA,NA,NA,NA
"1426","282486",3,"resources/real_fg_memory_images/fg3.jpg","artificial",NA,NA,NA,NA,NA,NA,NA,NA
"1427","282486",1,"resources/real_fg_memory_images/fg12.jpg","artificial",NA,NA,NA,NA,NA,NA,NA,NA
"1428","282486",1,"resources/real_fg_memory_images/fg7.jpg","artificial",NA,NA,NA,NA,NA,NA,NA,NA
"1429","282486",1,"resources/real_fg_memory_images/fg13.jpg","artificial",NA,NA,NA,NA,NA,NA,NA,NA
"1430","282486",1,"resources/real_fg_memory_images/fg1.jpg","artificial",NA,NA,NA,NA,NA,NA,NA,NA
"1431","282486",1,"resources/real_fg_memory_images/fg9.jpg","artificial",NA,NA,NA,NA,NA,NA,NA,NA
"1432","282486",1,"resources/real_fg_memory_images/orig21.jpg","real",NA,NA,NA,NA,NA,NA,NA,NA
"1433","282486",3,"resources/real_fg_memory_images/orig30.jpg","real",NA,NA,NA,NA,NA,NA,NA,NA
"1434","282486",22,"resources/real_fg_memory_images/fg5.jpg","artificial",NA,NA,NA,NA,NA,NA,NA,NA
"1435","282486",2,"resources/real_fg_memory_images/orig20.jpg","real",NA,NA,NA,NA,NA,NA,NA,NA
"1436","282486",1,"resources/real_fg_memory_images/fg8.jpg","artificial",NA,NA,NA,NA,NA,NA,NA,NA
"1437","282486",2,"resources/real_fg_memory_images/orig24.jpg","real",NA,NA,NA,NA,NA,NA,NA,NA
"1438","282486",1,"resources/real_fg_memory_images/orig31.jpg","real",NA,NA,NA,NA,NA,NA,NA,NA
"1439","282486",2,"resources/real_fg_memory_images/fg17.jpg","artificial",NA,NA,NA,NA,NA,NA,NA,NA
"1440","282486",1,"resources/real_fg_memory_images/orig29.jpg","real",NA,NA,NA,NA,NA,NA,NA,NA
"1441","282486",1,"resources/real_fg_memory_images/orig35.jpg","real",NA,NA,NA,NA,NA,NA,NA,NA
"1442","282486",NA,NA,NA,NA,NA,NA,NA,NA,NA,NA,NA
"1443","282486",NA,NA,NA,NA,NA,NA,NA,5,"If something sounds too good to be true, it usually is",NA,NA
"1444","282486",NA,NA,NA,NA,NA,NA,NA,1,"I answer the phone whenever it rings, even if I do not know who is calling",NA,NA
"1445","282486",NA,NA,NA,NA,NA,NA,NA,4,"I have difficulty ending a phone call, even if the caller is a telemarketer, someone I do not know, or someone I do not wish to call me",NA,NA
"1446","282486",NA,NA,NA,NA,NA,NA,NA,2,"If a telemarketer calls me, I usually listen to what they have to say",NA,NA
"1447","282486",NA,NA,NA,NA,NA,NA,NA,4,"Persons over the age of 65 are often targeted by con-artists",NA,NA
"1448","282486",NA,NA,NA,NA,NA,NA,NA,NA,NA,NA,NA
"1449","282486",NA,NA,NA,NA,NA,NA,NA,NA,NA,"[""female_option""]",NA
"1450","282486",NA,NA,NA,NA,NA,NA,NA,NA,NA,NA,20
"1451","282486",NA,NA,NA,NA,NA,NA,NA,NA,NA,NA,NA
"1452","282486",NA,NA,NA,NA,NA,NA,NA,NA,NA,NA,NA
"1453","282486",NA,NA,NA,NA,NA,NA,NA,NA,NA,NA,NA
"1454","282486",NA,NA,NA,NA,NA,NA,NA,NA,NA,NA,NA
"1455","282486",NA,NA,NA,NA,NA,NA,NA,NA,NA,NA,NA
"1456","282486",NA,NA,NA,NA,NA,NA,NA,NA,NA,NA,NA
"1457","282486",NA,NA,NA,NA,NA,NA,NA,NA,NA,NA,NA
"1458","282486",NA,NA,NA,NA,NA,NA,NA,NA,NA,NA,NA
"1459","282486",NA,NA,NA,NA,NA,NA,NA,NA,NA,NA,NA
"1460","282486",NA,NA,NA,NA,NA,NA,NA,NA,NA,NA,NA
"1461","305753",NA,NA,NA,NA,NA,NA,NA,NA,NA,NA,NA
"1462","305753",NA,NA,NA,NA,NA,NA,NA,NA,NA,NA,NA
"1463","305753",NA,NA,NA,NA,NA,NA,NA,NA,NA,NA,NA
"1464","305753",NA,NA,NA,NA,NA,NA,NA,NA,NA,NA,NA
"1465","305753",2,"resources/real_fg_memory_images/fg8.jpg","artificial",NA,NA,NA,NA,NA,NA,NA,NA
"1466","305753",6,"resources/real_fg_memory_images/fg3.jpg","artificial",NA,NA,NA,NA,NA,NA,NA,NA
"1467","305753",3,"resources/real_fg_memory_images/fg10.jpg","artificial",NA,NA,NA,NA,NA,NA,NA,NA
"1468","305753",5,"resources/real_fg_memory_images/orig21.jpg","real",NA,NA,NA,NA,NA,NA,NA,NA
"1469","305753",1,"resources/real_fg_memory_images/orig35.jpg","real",NA,NA,NA,NA,NA,NA,NA,NA
"1470","305753",3,"resources/real_fg_memory_images/fg6.jpg","artificial",NA,NA,NA,NA,NA,NA,NA,NA
"1471","305753",4,"resources/real_fg_memory_images/orig20.jpg","real",NA,NA,NA,NA,NA,NA,NA,NA
"1472","305753",8,"resources/real_fg_memory_images/orig29.jpg","real",NA,NA,NA,NA,NA,NA,NA,NA
"1473","305753",7,"resources/real_fg_memory_images/orig19.jpg","real",NA,NA,NA,NA,NA,NA,NA,NA
"1474","305753",9,"resources/real_fg_memory_images/orig30.jpg","real",NA,NA,NA,NA,NA,NA,NA,NA
"1475","305753",9,"resources/real_fg_memory_images/orig26.jpg","real",NA,NA,NA,NA,NA,NA,NA,NA
"1476","305753",5,"resources/real_fg_memory_images/fg7.jpg","artificial",NA,NA,NA,NA,NA,NA,NA,NA
"1477","305753",8,"resources/real_fg_memory_images/fg16.jpg","artificial",NA,NA,NA,NA,NA,NA,NA,NA
"1478","305753",1,"resources/real_fg_memory_images/orig31.jpg","real",NA,NA,NA,NA,NA,NA,NA,NA
"1479","305753",10,"resources/real_fg_memory_images/orig28.jpg","real",NA,NA,NA,NA,NA,NA,NA,NA
"1480","305753",2,"resources/real_fg_memory_images/orig33.jpg","real",NA,NA,NA,NA,NA,NA,NA,NA
"1481","305753",1,"resources/real_fg_memory_images/fg5.jpg","artificial",NA,NA,NA,NA,NA,NA,NA,NA
"1482","305753",5,"resources/real_fg_memory_images/orig23.jpg","real",NA,NA,NA,NA,NA,NA,NA,NA
"1483","305753",1,"resources/real_fg_memory_images/fg13.jpg","artificial",NA,NA,NA,NA,NA,NA,NA,NA
"1484","305753",6,"resources/real_fg_memory_images/orig22.jpg","real",NA,NA,NA,NA,NA,NA,NA,NA
"1485","305753",2,"resources/real_fg_memory_images/fg4.jpg","artificial",NA,NA,NA,NA,NA,NA,NA,NA
"1486","305753",1,"resources/real_fg_memory_images/orig27.jpg","real",NA,NA,NA,NA,NA,NA,NA,NA
"1487","305753",4,"resources/real_fg_memory_images/fg2.jpg","artificial",NA,NA,NA,NA,NA,NA,NA,NA
"1488","305753",7,"resources/real_fg_memory_images/fg9.jpg","artificial",NA,NA,NA,NA,NA,NA,NA,NA
"1489","305753",8,"resources/real_fg_memory_images/fg17.jpg","artificial",NA,NA,NA,NA,NA,NA,NA,NA
"1490","305753",5,"resources/real_fg_memory_images/orig32.jpg","real",NA,NA,NA,NA,NA,NA,NA,NA
"1491","305753",3,"resources/real_fg_memory_images/fg12.jpg","artificial",NA,NA,NA,NA,NA,NA,NA,NA
"1492","305753",7,"resources/real_fg_memory_images/fg14.jpg","artificial",NA,NA,NA,NA,NA,NA,NA,NA
"1493","305753",4,"resources/real_fg_memory_images/orig34.jpg","real",NA,NA,NA,NA,NA,NA,NA,NA
"1494","305753",8,"resources/real_fg_memory_images/fg1.jpg","artificial",NA,NA,NA,NA,NA,NA,NA,NA
"1495","305753",7,"resources/real_fg_memory_images/orig36.jpg","real",NA,NA,NA,NA,NA,NA,NA,NA
"1496","305753",7,"resources/real_fg_memory_images/fg11.jpg","artificial",NA,NA,NA,NA,NA,NA,NA,NA
"1497","305753",3,"resources/real_fg_memory_images/fg18.jpg","artificial",NA,NA,NA,NA,NA,NA,NA,NA
"1498","305753",5,"resources/real_fg_memory_images/orig25.jpg","real",NA,NA,NA,NA,NA,NA,NA,NA
"1499","305753",7,"resources/real_fg_memory_images/orig24.jpg","real",NA,NA,NA,NA,NA,NA,NA,NA
"1500","305753",8,"resources/real_fg_memory_images/fg15.jpg","artificial",NA,NA,NA,NA,NA,NA,NA,NA
"1501","305753",NA,NA,NA,NA,NA,NA,NA,NA,NA,NA,NA
"1502","305753",NA,"resources/real_fg_memory_images/fg12.jpg",NA,"artificial","Scam",NA,NA,NA,NA,NA,NA
"1503","305753",NA,"resources/real_fg_memory_images/orig25.jpg",NA,"real","Scam",NA,NA,NA,NA,NA,NA
"1504","305753",NA,"resources/real_fg_memory_images/orig29.jpg",NA,"real","Scam",NA,NA,NA,NA,NA,NA
"1505","305753",NA,"resources/real_fg_memory_images/orig28.jpg",NA,"real","Scam",NA,NA,NA,NA,NA,NA
"1506","305753",NA,"resources/real_fg_memory_images/orig22.jpg",NA,"real","Neutral",NA,NA,NA,NA,NA,NA
"1507","305753",NA,"resources/real_fg_memory_images/fg6.jpg",NA,"artificial","Neutral",NA,NA,NA,NA,NA,NA
"1508","305753",NA,"resources/real_fg_memory_images/fg10.jpg",NA,"artificial","Scam",NA,NA,NA,NA,NA,NA
"1509","305753",NA,"resources/real_fg_memory_images/fg9.jpg",NA,"artificial","Scam",NA,NA,NA,NA,NA,NA
"1510","305753",NA,"resources/real_fg_memory_images/orig30.jpg",NA,"real","Scam",NA,NA,NA,NA,NA,NA
"1511","305753",NA,"resources/real_fg_memory_images/orig19.jpg",NA,"real","Neutral",NA,NA,NA,NA,NA,NA
"1512","305753",NA,"resources/real_fg_memory_images/fg7.jpg",NA,"artificial","Scam",NA,NA,NA,NA,NA,NA
"1513","305753",NA,"resources/real_fg_memory_images/fg11.jpg",NA,"artificial","Scam",NA,NA,NA,NA,NA,NA
"1514","305753",NA,"resources/real_fg_memory_images/fg4.jpg",NA,"artificial","Neutral",NA,NA,NA,NA,NA,NA
"1515","305753",NA,"resources/real_fg_memory_images/fg3.jpg",NA,"artificial","Neutral",NA,NA,NA,NA,NA,NA
"1516","305753",NA,"resources/real_fg_memory_images/orig21.jpg",NA,"real","Neutral",NA,NA,NA,NA,NA,NA
"1517","305753",NA,"resources/real_fg_memory_images/orig26.jpg",NA,"real","Scam",NA,NA,NA,NA,NA,NA
"1518","305753",NA,"resources/real_fg_memory_images/orig24.jpg",NA,"real","Neutral",NA,NA,NA,NA,NA,NA
"1519","305753",NA,"resources/real_fg_memory_images/orig20.jpg",NA,"real","Neutral",NA,NA,NA,NA,NA,NA
"1520","305753",NA,"resources/real_fg_memory_images/fg5.jpg",NA,"artificial","Neutral",NA,NA,NA,NA,NA,NA
"1521","305753",NA,"resources/real_fg_memory_images/fg1.jpg",NA,"artificial","Neutral",NA,NA,NA,NA,NA,NA
"1522","305753",NA,"resources/real_fg_memory_images/orig23.jpg",NA,"real","Neutral",NA,NA,NA,NA,NA,NA
"1523","305753",NA,"resources/real_fg_memory_images/fg2.jpg",NA,"artificial","Neutral",NA,NA,NA,NA,NA,NA
"1524","305753",NA,"resources/real_fg_memory_images/fg8.jpg",NA,"artificial","Scam",NA,NA,NA,NA,NA,NA
"1525","305753",NA,"resources/real_fg_memory_images/orig27.jpg",NA,"real","Scam",NA,NA,NA,NA,NA,NA
"1526","305753",NA,NA,NA,NA,NA,NA,NA,NA,NA,NA,NA
"1527","305753",NA,"resources/real_fg_memory_images/orig23.jpg",NA,"real","Neutral","[""neutral_button""]","7",NA,NA,NA,NA
"1528","305753",NA,"resources/real_fg_memory_images/fg9.jpg",NA,"artificial","Scam","[""neutral_button""]","5",NA,NA,NA,NA
"1529","305753",NA,"resources/real_fg_memory_images/fg7.jpg",NA,"artificial","Scam","[""neutral_button""]","2",NA,NA,NA,NA
"1530","305753",NA,"resources/real_fg_memory_images/orig27.jpg",NA,"real","Scam","[""scam_button""]","10",NA,NA,NA,NA
"1531","305753",NA,"resources/real_fg_memory_images/fg6.jpg",NA,"artificial","Neutral","[""neutral_button""]","7",NA,NA,NA,NA
"1532","305753",NA,"resources/real_fg_memory_images/fg11.jpg",NA,"artificial","Scam","[""neutral_button""]","7",NA,NA,NA,NA
"1533","305753",NA,"resources/real_fg_memory_images/fg12.jpg",NA,"artificial","Scam","[""scam_button""]","8",NA,NA,NA,NA
"1534","305753",NA,"resources/real_fg_memory_images/orig21.jpg",NA,"real","Neutral","[""neutral_button""]","10",NA,NA,NA,NA
"1535","305753",NA,"resources/real_fg_memory_images/fg10.jpg",NA,"artificial","Scam","[""neutral_button""]","9",NA,NA,NA,NA
"1536","305753",NA,"resources/real_fg_memory_images/fg4.jpg",NA,"artificial","Neutral","[""neutral_button""]","9",NA,NA,NA,NA
"1537","305753",NA,"resources/real_fg_memory_images/orig25.jpg",NA,"real","Scam","[""scam_button""]","10",NA,NA,NA,NA
"1538","305753",NA,"resources/real_fg_memory_images/orig29.jpg",NA,"real","Scam","[""neutral_button""]","1",NA,NA,NA,NA
"1539","305753",NA,"resources/real_fg_memory_images/fg1.jpg",NA,"artificial","Neutral","[""neutral_button""]","4",NA,NA,NA,NA
"1540","305753",NA,"resources/real_fg_memory_images/orig19.jpg",NA,"real","Neutral","[""neutral_button""]","8",NA,NA,NA,NA
"1541","305753",NA,"resources/real_fg_memory_images/fg3.jpg",NA,"artificial","Neutral","[""neutral_button""]","10",NA,NA,NA,NA
"1542","305753",NA,"resources/real_fg_memory_images/orig26.jpg",NA,"real","Scam","[""scam_button""]","10",NA,NA,NA,NA
"1543","305753",NA,"resources/real_fg_memory_images/fg8.jpg",NA,"artificial","Scam","[""scam_button""]","10",NA,NA,NA,NA
"1544","305753",NA,"resources/real_fg_memory_images/fg2.jpg",NA,"artificial","Neutral","[""neutral_button""]","10",NA,NA,NA,NA
"1545","305753",NA,"resources/real_fg_memory_images/fg5.jpg",NA,"artificial","Neutral","[""neutral_button""]","7",NA,NA,NA,NA
"1546","305753",NA,"resources/real_fg_memory_images/orig28.jpg",NA,"real","Scam","[""scam_button""]","10",NA,NA,NA,NA
"1547","305753",NA,"resources/real_fg_memory_images/orig20.jpg",NA,"real","Neutral","[""scam_button""]","4",NA,NA,NA,NA
"1548","305753",NA,"resources/real_fg_memory_images/orig24.jpg",NA,"real","Neutral","[""neutral_button""]","10",NA,NA,NA,NA
"1549","305753",NA,"resources/real_fg_memory_images/orig30.jpg",NA,"real","Scam","[""neutral_button""]","1",NA,NA,NA,NA
"1550","305753",NA,"resources/real_fg_memory_images/orig22.jpg",NA,"real","Neutral","[""neutral_button""]","4",NA,NA,NA,NA
"1551","305753",NA,NA,NA,NA,NA,NA,NA,NA,NA,NA,NA
"1552","305753",7,"resources/real_fg_memory_images/fg7.jpg","artificial",NA,NA,NA,NA,NA,NA,NA,NA
"1553","305753",8,"resources/real_fg_memory_images/orig36.jpg","real",NA,NA,NA,NA,NA,NA,NA,NA
"1554","305753",7,"resources/real_fg_memory_images/fg4.jpg","artificial",NA,NA,NA,NA,NA,NA,NA,NA
"1555","305753",4,"resources/real_fg_memory_images/orig34.jpg","real",NA,NA,NA,NA,NA,NA,NA,NA
"1556","305753",7,"resources/real_fg_memory_images/fg9.jpg","artificial",NA,NA,NA,NA,NA,NA,NA,NA
"1557","305753",1,"resources/real_fg_memory_images/orig26.jpg","real",NA,NA,NA,NA,NA,NA,NA,NA
"1558","305753",9,"resources/real_fg_memory_images/fg2.jpg","artificial",NA,NA,NA,NA,NA,NA,NA,NA
"1559","305753",3,"resources/real_fg_memory_images/orig29.jpg","real",NA,NA,NA,NA,NA,NA,NA,NA
"1560","305753",7,"resources/real_fg_memory_images/fg15.jpg","artificial",NA,NA,NA,NA,NA,NA,NA,NA
"1561","305753",1,"resources/real_fg_memory_images/orig25.jpg","real",NA,NA,NA,NA,NA,NA,NA,NA
"1562","305753",7,"resources/real_fg_memory_images/fg11.jpg","artificial",NA,NA,NA,NA,NA,NA,NA,NA
"1563","305753",5,"resources/real_fg_memory_images/fg16.jpg","artificial",NA,NA,NA,NA,NA,NA,NA,NA
"1564","305753",5,"resources/real_fg_memory_images/orig33.jpg","real",NA,NA,NA,NA,NA,NA,NA,NA
"1565","305753",8,"resources/real_fg_memory_images/fg17.jpg","artificial",NA,NA,NA,NA,NA,NA,NA,NA
"1566","305753",7,"resources/real_fg_memory_images/orig30.jpg","real",NA,NA,NA,NA,NA,NA,NA,NA
"1567","305753",3,"resources/real_fg_memory_images/fg10.jpg","artificial",NA,NA,NA,NA,NA,NA,NA,NA
"1568","305753",2,"resources/real_fg_memory_images/orig31.jpg","real",NA,NA,NA,NA,NA,NA,NA,NA
"1569","305753",1,"resources/real_fg_memory_images/orig28.jpg","real",NA,NA,NA,NA,NA,NA,NA,NA
"1570","305753",3,"resources/real_fg_memory_images/fg12.jpg","artificial",NA,NA,NA,NA,NA,NA,NA,NA
"1571","305753",1,"resources/real_fg_memory_images/orig27.jpg","real",NA,NA,NA,NA,NA,NA,NA,NA
"1572","305753",9,"resources/real_fg_memory_images/fg18.jpg","artificial",NA,NA,NA,NA,NA,NA,NA,NA
"1573","305753",9,"resources/real_fg_memory_images/fg3.jpg","artificial",NA,NA,NA,NA,NA,NA,NA,NA
"1574","305753",8,"resources/real_fg_memory_images/orig21.jpg","real",NA,NA,NA,NA,NA,NA,NA,NA
"1575","305753",7,"resources/real_fg_memory_images/orig22.jpg","real",NA,NA,NA,NA,NA,NA,NA,NA
"1576","305753",8,"resources/real_fg_memory_images/fg1.jpg","artificial",NA,NA,NA,NA,NA,NA,NA,NA
"1577","305753",9,"resources/real_fg_memory_images/orig23.jpg","real",NA,NA,NA,NA,NA,NA,NA,NA
"1578","305753",3,"resources/real_fg_memory_images/orig32.jpg","real",NA,NA,NA,NA,NA,NA,NA,NA
"1579","305753",1,"resources/real_fg_memory_images/orig35.jpg","real",NA,NA,NA,NA,NA,NA,NA,NA
"1580","305753",1,"resources/real_fg_memory_images/fg8.jpg","artificial",NA,NA,NA,NA,NA,NA,NA,NA
"1581","305753",9,"resources/real_fg_memory_images/orig19.jpg","real",NA,NA,NA,NA,NA,NA,NA,NA
"1582","305753",8,"resources/real_fg_memory_images/fg14.jpg","artificial",NA,NA,NA,NA,NA,NA,NA,NA
"1583","305753",5,"resources/real_fg_memory_images/fg13.jpg","artificial",NA,NA,NA,NA,NA,NA,NA,NA
"1584","305753",6,"resources/real_fg_memory_images/fg5.jpg","artificial",NA,NA,NA,NA,NA,NA,NA,NA
"1585","305753",3,"resources/real_fg_memory_images/orig20.jpg","real",NA,NA,NA,NA,NA,NA,NA,NA
"1586","305753",3,"resources/real_fg_memory_images/orig24.jpg","real",NA,NA,NA,NA,NA,NA,NA,NA
"1587","305753",7,"resources/real_fg_memory_images/fg6.jpg","artificial",NA,NA,NA,NA,NA,NA,NA,NA
"1588","305753",NA,NA,NA,NA,NA,NA,NA,NA,NA,NA,NA
"1589","305753",NA,NA,NA,NA,NA,NA,NA,1,"If a telemarketer calls me, I usually listen to what they have to say",NA,NA
"1590","305753",NA,NA,NA,NA,NA,NA,NA,4,"Persons over the age of 65 are often targeted by con-artists",NA,NA
"1591","305753",NA,NA,NA,NA,NA,NA,NA,4,"If something sounds too good to be true, it usually is",NA,NA
"1592","305753",NA,NA,NA,NA,NA,NA,NA,1,"I answer the phone whenever it rings, even if I do not know who is calling",NA,NA
"1593","305753",NA,NA,NA,NA,NA,NA,NA,1,"I have difficulty ending a phone call, even if the caller is a telemarketer, someone I do not know, or someone I do not wish to call me",NA,NA
"1594","305753",NA,NA,NA,NA,NA,NA,NA,NA,NA,NA,NA
"1595","305753",NA,NA,NA,NA,NA,NA,NA,NA,NA,"[""female_option""]",NA
"1596","305753",NA,NA,NA,NA,NA,NA,NA,NA,NA,NA,20
"1597","305753",NA,NA,NA,NA,NA,NA,NA,NA,NA,NA,NA
"1598","305753",NA,NA,NA,NA,NA,NA,NA,NA,NA,NA,NA
"1599","305753",NA,NA,NA,NA,NA,NA,NA,NA,NA,NA,NA
"1600","305753",NA,NA,NA,NA,NA,NA,NA,NA,NA,NA,NA
"1601","305753",NA,NA,NA,NA,NA,NA,NA,NA,NA,NA,NA
"1602","305753",NA,NA,NA,NA,NA,NA,NA,NA,NA,NA,NA
"1603","305753",NA,NA,NA,NA,NA,NA,NA,NA,NA,NA,NA
"1604","305753",NA,NA,NA,NA,NA,NA,NA,NA,NA,NA,NA
"1605","305753",NA,NA,NA,NA,NA,NA,NA,NA,NA,NA,NA
"1606","305753",NA,NA,NA,NA,NA,NA,NA,NA,NA,NA,NA
"1607","419102",NA,NA,NA,NA,NA,NA,NA,NA,NA,NA,NA
"1608","419102",NA,NA,NA,NA,NA,NA,NA,NA,NA,NA,NA
"1609","419102",NA,NA,NA,NA,NA,NA,NA,NA,NA,NA,NA
"1610","419102",NA,NA,NA,NA,NA,NA,NA,NA,NA,NA,NA
"1611","419102",5,"resources/real_fg_memory_images/orig29.jpg","real",NA,NA,NA,NA,NA,NA,NA,NA
"1612","419102",3,"resources/real_fg_memory_images/fg9.jpg","artificial",NA,NA,NA,NA,NA,NA,NA,NA
"1613","419102",7,"resources/real_fg_memory_images/orig23.jpg","real",NA,NA,NA,NA,NA,NA,NA,NA
"1614","419102",7.5,"resources/real_fg_memory_images/fg16.jpg","artificial",NA,NA,NA,NA,NA,NA,NA,NA
"1615","419102",4,"resources/real_fg_memory_images/orig20.jpg","real",NA,NA,NA,NA,NA,NA,NA,NA
"1616","419102",5,"resources/real_fg_memory_images/fg2.jpg","artificial",NA,NA,NA,NA,NA,NA,NA,NA
"1617","419102",4,"resources/real_fg_memory_images/fg4.jpg","artificial",NA,NA,NA,NA,NA,NA,NA,NA
"1618","419102",6,"resources/real_fg_memory_images/orig35.jpg","real",NA,NA,NA,NA,NA,NA,NA,NA
"1619","419102",4,"resources/real_fg_memory_images/fg15.jpg","artificial",NA,NA,NA,NA,NA,NA,NA,NA
"1620","419102",4,"resources/real_fg_memory_images/fg6.jpg","artificial",NA,NA,NA,NA,NA,NA,NA,NA
"1621","419102",6,"resources/real_fg_memory_images/orig19.jpg","real",NA,NA,NA,NA,NA,NA,NA,NA
"1622","419102",4,"resources/real_fg_memory_images/fg13.jpg","artificial",NA,NA,NA,NA,NA,NA,NA,NA
"1623","419102",3,"resources/real_fg_memory_images/fg1.jpg","artificial",NA,NA,NA,NA,NA,NA,NA,NA
"1624","419102",6,"resources/real_fg_memory_images/orig34.jpg","real",NA,NA,NA,NA,NA,NA,NA,NA
"1625","419102",5,"resources/real_fg_memory_images/orig27.jpg","real",NA,NA,NA,NA,NA,NA,NA,NA
"1626","419102",7,"resources/real_fg_memory_images/orig22.jpg","real",NA,NA,NA,NA,NA,NA,NA,NA
"1627","419102",5,"resources/real_fg_memory_images/orig21.jpg","real",NA,NA,NA,NA,NA,NA,NA,NA
"1628","419102",4,"resources/real_fg_memory_images/orig31.jpg","real",NA,NA,NA,NA,NA,NA,NA,NA
"1629","419102",6,"resources/real_fg_memory_images/orig36.jpg","real",NA,NA,NA,NA,NA,NA,NA,NA
"1630","419102",5,"resources/real_fg_memory_images/fg3.jpg","artificial",NA,NA,NA,NA,NA,NA,NA,NA
"1631","419102",8,"resources/real_fg_memory_images/orig28.jpg","real",NA,NA,NA,NA,NA,NA,NA,NA
"1632","419102",3,"resources/real_fg_memory_images/orig33.jpg","real",NA,NA,NA,NA,NA,NA,NA,NA
"1633","419102",3,"resources/real_fg_memory_images/fg5.jpg","artificial",NA,NA,NA,NA,NA,NA,NA,NA
"1634","419102",5,"resources/real_fg_memory_images/orig30.jpg","real",NA,NA,NA,NA,NA,NA,NA,NA
"1635","419102",4,"resources/real_fg_memory_images/fg10.jpg","artificial",NA,NA,NA,NA,NA,NA,NA,NA
"1636","419102",4,"resources/real_fg_memory_images/orig24.jpg","real",NA,NA,NA,NA,NA,NA,NA,NA
"1637","419102",3,"resources/real_fg_memory_images/orig25.jpg","real",NA,NA,NA,NA,NA,NA,NA,NA
"1638","419102",4,"resources/real_fg_memory_images/orig32.jpg","real",NA,NA,NA,NA,NA,NA,NA,NA
"1639","419102",5,"resources/real_fg_memory_images/fg17.jpg","artificial",NA,NA,NA,NA,NA,NA,NA,NA
"1640","419102",6,"resources/real_fg_memory_images/orig26.jpg","real",NA,NA,NA,NA,NA,NA,NA,NA
"1641","419102",4,"resources/real_fg_memory_images/fg8.jpg","artificial",NA,NA,NA,NA,NA,NA,NA,NA
"1642","419102",3,"resources/real_fg_memory_images/fg18.jpg","artificial",NA,NA,NA,NA,NA,NA,NA,NA
"1643","419102",5,"resources/real_fg_memory_images/fg7.jpg","artificial",NA,NA,NA,NA,NA,NA,NA,NA
"1644","419102",2,"resources/real_fg_memory_images/fg12.jpg","artificial",NA,NA,NA,NA,NA,NA,NA,NA
"1645","419102",6,"resources/real_fg_memory_images/fg14.jpg","artificial",NA,NA,NA,NA,NA,NA,NA,NA
"1646","419102",6,"resources/real_fg_memory_images/fg11.jpg","artificial",NA,NA,NA,NA,NA,NA,NA,NA
"1647","419102",NA,NA,NA,NA,NA,NA,NA,NA,NA,NA,NA
"1648","419102",NA,"resources/real_fg_memory_images/orig30.jpg",NA,"real","Scam",NA,NA,NA,NA,NA,NA
"1649","419102",NA,"resources/real_fg_memory_images/fg1.jpg",NA,"artificial","Neutral",NA,NA,NA,NA,NA,NA
"1650","419102",NA,"resources/real_fg_memory_images/fg2.jpg",NA,"artificial","Neutral",NA,NA,NA,NA,NA,NA
"1651","419102",NA,"resources/real_fg_memory_images/fg8.jpg",NA,"artificial","Scam",NA,NA,NA,NA,NA,NA
"1652","419102",NA,"resources/real_fg_memory_images/fg4.jpg",NA,"artificial","Neutral",NA,NA,NA,NA,NA,NA
"1653","419102",NA,"resources/real_fg_memory_images/orig26.jpg",NA,"real","Scam",NA,NA,NA,NA,NA,NA
"1654","419102",NA,"resources/real_fg_memory_images/orig25.jpg",NA,"real","Scam",NA,NA,NA,NA,NA,NA
"1655","419102",NA,"resources/real_fg_memory_images/fg11.jpg",NA,"artificial","Scam",NA,NA,NA,NA,NA,NA
"1656","419102",NA,"resources/real_fg_memory_images/fg10.jpg",NA,"artificial","Scam",NA,NA,NA,NA,NA,NA
"1657","419102",NA,"resources/real_fg_memory_images/fg12.jpg",NA,"artificial","Scam",NA,NA,NA,NA,NA,NA
"1658","419102",NA,"resources/real_fg_memory_images/orig21.jpg",NA,"real","Neutral",NA,NA,NA,NA,NA,NA
"1659","419102",NA,"resources/real_fg_memory_images/orig24.jpg",NA,"real","Neutral",NA,NA,NA,NA,NA,NA
"1660","419102",NA,"resources/real_fg_memory_images/orig29.jpg",NA,"real","Scam",NA,NA,NA,NA,NA,NA
"1661","419102",NA,"resources/real_fg_memory_images/fg6.jpg",NA,"artificial","Neutral",NA,NA,NA,NA,NA,NA
"1662","419102",NA,"resources/real_fg_memory_images/fg3.jpg",NA,"artificial","Neutral",NA,NA,NA,NA,NA,NA
"1663","419102",NA,"resources/real_fg_memory_images/fg9.jpg",NA,"artificial","Scam",NA,NA,NA,NA,NA,NA
"1664","419102",NA,"resources/real_fg_memory_images/fg5.jpg",NA,"artificial","Neutral",NA,NA,NA,NA,NA,NA
"1665","419102",NA,"resources/real_fg_memory_images/orig22.jpg",NA,"real","Neutral",NA,NA,NA,NA,NA,NA
"1666","419102",NA,"resources/real_fg_memory_images/orig28.jpg",NA,"real","Scam",NA,NA,NA,NA,NA,NA
"1667","419102",NA,"resources/real_fg_memory_images/orig19.jpg",NA,"real","Neutral",NA,NA,NA,NA,NA,NA
"1668","419102",NA,"resources/real_fg_memory_images/orig23.jpg",NA,"real","Neutral",NA,NA,NA,NA,NA,NA
"1669","419102",NA,"resources/real_fg_memory_images/orig20.jpg",NA,"real","Neutral",NA,NA,NA,NA,NA,NA
"1670","419102",NA,"resources/real_fg_memory_images/fg7.jpg",NA,"artificial","Scam",NA,NA,NA,NA,NA,NA
"1671","419102",NA,"resources/real_fg_memory_images/orig27.jpg",NA,"real","Scam",NA,NA,NA,NA,NA,NA
"1672","419102",NA,NA,NA,NA,NA,NA,NA,NA,NA,NA,NA
"1673","419102",NA,"resources/real_fg_memory_images/fg3.jpg",NA,"artificial","Neutral","[""neutral_button""]","10",NA,NA,NA,NA
"1674","419102",NA,"resources/real_fg_memory_images/orig25.jpg",NA,"real","Scam","[""neutral_button""]","3",NA,NA,NA,NA
"1675","419102",NA,"resources/real_fg_memory_images/orig23.jpg",NA,"real","Neutral","[""neutral_button""]","3",NA,NA,NA,NA
"1676","419102",NA,"resources/real_fg_memory_images/fg6.jpg",NA,"artificial","Neutral","[""scam_button""]","3",NA,NA,NA,NA
"1677","419102",NA,"resources/real_fg_memory_images/orig29.jpg",NA,"real","Scam","[""scam_button""]","8",NA,NA,NA,NA
"1678","419102",NA,"resources/real_fg_memory_images/fg12.jpg",NA,"artificial","Scam","[""neutral_button""]","5",NA,NA,NA,NA
"1679","419102",NA,"resources/real_fg_memory_images/fg8.jpg",NA,"artificial","Scam","[""scam_button""]","10",NA,NA,NA,NA
"1680","419102",NA,"resources/real_fg_memory_images/fg10.jpg",NA,"artificial","Scam","[""scam_button""]","3",NA,NA,NA,NA
"1681","419102",NA,"resources/real_fg_memory_images/fg5.jpg",NA,"artificial","Neutral","[""neutral_button""]","6",NA,NA,NA,NA
"1682","419102",NA,"resources/real_fg_memory_images/fg11.jpg",NA,"artificial","Scam","[""scam_button""]","4",NA,NA,NA,NA
"1683","419102",NA,"resources/real_fg_memory_images/orig26.jpg",NA,"real","Scam","[""scam_button""]","6",NA,NA,NA,NA
"1684","419102",NA,"resources/real_fg_memory_images/fg9.jpg",NA,"artificial","Scam","[""scam_button""]","5",NA,NA,NA,NA
"1685","419102",NA,"resources/real_fg_memory_images/orig19.jpg",NA,"real","Neutral","[""neutral_button""]","8",NA,NA,NA,NA
"1686","419102",NA,"resources/real_fg_memory_images/fg1.jpg",NA,"artificial","Neutral","[""scam_button""]","4",NA,NA,NA,NA
"1687","419102",NA,"resources/real_fg_memory_images/orig20.jpg",NA,"real","Neutral","[""scam_button""]","4",NA,NA,NA,NA
"1688","419102",NA,"resources/real_fg_memory_images/orig28.jpg",NA,"real","Scam","[""scam_button""]","10",NA,NA,NA,NA
"1689","419102",NA,"resources/real_fg_memory_images/orig30.jpg",NA,"real","Scam","[""scam_button""]","10",NA,NA,NA,NA
"1690","419102",NA,"resources/real_fg_memory_images/orig24.jpg",NA,"real","Neutral","[""neutral_button""]","4",NA,NA,NA,NA
"1691","419102",NA,"resources/real_fg_memory_images/fg4.jpg",NA,"artificial","Neutral","[""neutral_button""]","3",NA,NA,NA,NA
"1692","419102",NA,"resources/real_fg_memory_images/orig27.jpg",NA,"real","Scam","[""scam_button""]","7",NA,NA,NA,NA
"1693","419102",NA,"resources/real_fg_memory_images/fg2.jpg",NA,"artificial","Neutral","[""scam_button""]","5",NA,NA,NA,NA
"1694","419102",NA,"resources/real_fg_memory_images/orig21.jpg",NA,"real","Neutral","[""neutral_button""]","6",NA,NA,NA,NA
"1695","419102",NA,"resources/real_fg_memory_images/fg7.jpg",NA,"artificial","Scam","[""scam_button""]","4",NA,NA,NA,NA
"1696","419102",NA,"resources/real_fg_memory_images/orig22.jpg",NA,"real","Neutral","[""neutral_button""]","4",NA,NA,NA,NA
"1697","419102",NA,NA,NA,NA,NA,NA,NA,NA,NA,NA,NA
"1698","419102",4,"resources/real_fg_memory_images/orig29.jpg","real",NA,NA,NA,NA,NA,NA,NA,NA
"1699","419102",3,"resources/real_fg_memory_images/orig35.jpg","real",NA,NA,NA,NA,NA,NA,NA,NA
"1700","419102",5,"resources/real_fg_memory_images/fg11.jpg","artificial",NA,NA,NA,NA,NA,NA,NA,NA
"1701","419102",3,"resources/real_fg_memory_images/orig31.jpg","real",NA,NA,NA,NA,NA,NA,NA,NA
"1702","419102",5,"resources/real_fg_memory_images/fg6.jpg","artificial",NA,NA,NA,NA,NA,NA,NA,NA
"1703","419102",3,"resources/real_fg_memory_images/orig20.jpg","real",NA,NA,NA,NA,NA,NA,NA,NA
"1704","419102",5,"resources/real_fg_memory_images/orig22.jpg","real",NA,NA,NA,NA,NA,NA,NA,NA
"1705","419102",2,"resources/real_fg_memory_images/fg5.jpg","artificial",NA,NA,NA,NA,NA,NA,NA,NA
"1706","419102",3,"resources/real_fg_memory_images/fg12.jpg","artificial",NA,NA,NA,NA,NA,NA,NA,NA
"1707","419102",3,"resources/real_fg_memory_images/fg10.jpg","artificial",NA,NA,NA,NA,NA,NA,NA,NA
"1708","419102",2,"resources/real_fg_memory_images/fg8.jpg","artificial",NA,NA,NA,NA,NA,NA,NA,NA
"1709","419102",5,"resources/real_fg_memory_images/fg3.jpg","artificial",NA,NA,NA,NA,NA,NA,NA,NA
"1710","419102",4,"resources/real_fg_memory_images/orig24.jpg","real",NA,NA,NA,NA,NA,NA,NA,NA
"1711","419102",4,"resources/real_fg_memory_images/fg2.jpg","artificial",NA,NA,NA,NA,NA,NA,NA,NA
"1712","419102",3,"resources/real_fg_memory_images/orig27.jpg","real",NA,NA,NA,NA,NA,NA,NA,NA
"1713","419102",1,"resources/real_fg_memory_images/orig30.jpg","real",NA,NA,NA,NA,NA,NA,NA,NA
"1714","419102",4,"resources/real_fg_memory_images/orig34.jpg","real",NA,NA,NA,NA,NA,NA,NA,NA
"1715","419102",5,"resources/real_fg_memory_images/orig21.jpg","real",NA,NA,NA,NA,NA,NA,NA,NA
"1716","419102",4,"resources/real_fg_memory_images/orig33.jpg","real",NA,NA,NA,NA,NA,NA,NA,NA
"1717","419102",3,"resources/real_fg_memory_images/orig25.jpg","real",NA,NA,NA,NA,NA,NA,NA,NA
"1718","419102",5,"resources/real_fg_memory_images/fg14.jpg","artificial",NA,NA,NA,NA,NA,NA,NA,NA
"1719","419102",5,"resources/real_fg_memory_images/fg7.jpg","artificial",NA,NA,NA,NA,NA,NA,NA,NA
"1720","419102",4,"resources/real_fg_memory_images/fg17.jpg","artificial",NA,NA,NA,NA,NA,NA,NA,NA
"1721","419102",4,"resources/real_fg_memory_images/orig36.jpg","real",NA,NA,NA,NA,NA,NA,NA,NA
"1722","419102",3,"resources/real_fg_memory_images/fg18.jpg","artificial",NA,NA,NA,NA,NA,NA,NA,NA
"1723","419102",3,"resources/real_fg_memory_images/orig26.jpg","real",NA,NA,NA,NA,NA,NA,NA,NA
"1724","419102",2,"resources/real_fg_memory_images/fg1.jpg","artificial",NA,NA,NA,NA,NA,NA,NA,NA
"1725","419102",5,"resources/real_fg_memory_images/orig23.jpg","real",NA,NA,NA,NA,NA,NA,NA,NA
"1726","419102",4,"resources/real_fg_memory_images/fg9.jpg","artificial",NA,NA,NA,NA,NA,NA,NA,NA
"1727","419102",6,"resources/real_fg_memory_images/fg16.jpg","artificial",NA,NA,NA,NA,NA,NA,NA,NA
"1728","419102",3,"resources/real_fg_memory_images/orig28.jpg","real",NA,NA,NA,NA,NA,NA,NA,NA
"1729","419102",4,"resources/real_fg_memory_images/orig32.jpg","real",NA,NA,NA,NA,NA,NA,NA,NA
"1730","419102",4,"resources/real_fg_memory_images/fg13.jpg","artificial",NA,NA,NA,NA,NA,NA,NA,NA
"1731","419102",2,"resources/real_fg_memory_images/fg4.jpg","artificial",NA,NA,NA,NA,NA,NA,NA,NA
"1732","419102",3,"resources/real_fg_memory_images/fg15.jpg","artificial",NA,NA,NA,NA,NA,NA,NA,NA
"1733","419102",4,"resources/real_fg_memory_images/orig19.jpg","real",NA,NA,NA,NA,NA,NA,NA,NA
"1734","419102",NA,NA,NA,NA,NA,NA,NA,NA,NA,NA,NA
"1735","419102",NA,NA,NA,NA,NA,NA,NA,4,"If something sounds too good to be true, it usually is",NA,NA
"1736","419102",NA,NA,NA,NA,NA,NA,NA,2,"I have difficulty ending a phone call, even if the caller is a telemarketer, someone I do not know, or someone I do not wish to call me",NA,NA
"1737","419102",NA,NA,NA,NA,NA,NA,NA,4,"If a telemarketer calls me, I usually listen to what they have to say",NA,NA
"1738","419102",NA,NA,NA,NA,NA,NA,NA,4,"Persons over the age of 65 are often targeted by con-artists",NA,NA
"1739","419102",NA,NA,NA,NA,NA,NA,NA,1,"I answer the phone whenever it rings, even if I do not know who is calling",NA,NA
"1740","419102",NA,NA,NA,NA,NA,NA,NA,NA,NA,NA,NA
"1741","419102",NA,NA,NA,NA,NA,NA,NA,NA,NA,"[""female_option""]",NA
"1742","419102",NA,NA,NA,NA,NA,NA,NA,NA,NA,NA,20
"1743","419102",NA,NA,NA,NA,NA,NA,NA,NA,NA,NA,NA
"1744","419102",NA,NA,NA,NA,NA,NA,NA,NA,NA,NA,NA
"1745","419102",NA,NA,NA,NA,NA,NA,NA,NA,NA,NA,NA
"1746","419102",NA,NA,NA,NA,NA,NA,NA,NA,NA,NA,NA
"1747","419102",NA,NA,NA,NA,NA,NA,NA,NA,NA,NA,NA
"1748","419102",NA,NA,NA,NA,NA,NA,NA,NA,NA,NA,NA
"1749","419102",NA,NA,NA,NA,NA,NA,NA,NA,NA,NA,NA
"1750","419102",NA,NA,NA,NA,NA,NA,NA,NA,NA,NA,NA
"1751","419102",NA,NA,NA,NA,NA,NA,NA,NA,NA,NA,NA
"1752","419102",NA,NA,NA,NA,NA,NA,NA,NA,NA,NA,NA
"1753","432319",NA,NA,NA,NA,NA,NA,NA,NA,NA,NA,NA
"1754","432319",NA,NA,NA,NA,NA,NA,NA,NA,NA,NA,NA
"1755","432319",NA,NA,NA,NA,NA,NA,NA,NA,NA,NA,NA
"1756","432319",NA,NA,NA,NA,NA,NA,NA,NA,NA,NA,NA
"1757","432319",4,"resources/real_fg_memory_images/fg8.jpg","artificial",NA,NA,NA,NA,NA,NA,NA,NA
"1758","432319",7,"resources/real_fg_memory_images/orig34.jpg","real",NA,NA,NA,NA,NA,NA,NA,NA
"1759","432319",6,"resources/real_fg_memory_images/orig19.jpg","real",NA,NA,NA,NA,NA,NA,NA,NA
"1760","432319",3,"resources/real_fg_memory_images/fg4.jpg","artificial",NA,NA,NA,NA,NA,NA,NA,NA
"1761","432319",4,"resources/real_fg_memory_images/orig22.jpg","real",NA,NA,NA,NA,NA,NA,NA,NA
"1762","432319",1,"resources/real_fg_memory_images/fg9.jpg","artificial",NA,NA,NA,NA,NA,NA,NA,NA
"1763","432319",1,"resources/real_fg_memory_images/fg5.jpg","artificial",NA,NA,NA,NA,NA,NA,NA,NA
"1764","432319",2,"resources/real_fg_memory_images/orig27.jpg","real",NA,NA,NA,NA,NA,NA,NA,NA
"1765","432319",3,"resources/real_fg_memory_images/orig33.jpg","real",NA,NA,NA,NA,NA,NA,NA,NA
"1766","432319",5,"resources/real_fg_memory_images/orig32.jpg","real",NA,NA,NA,NA,NA,NA,NA,NA
"1767","432319",4,"resources/real_fg_memory_images/orig36.jpg","real",NA,NA,NA,NA,NA,NA,NA,NA
"1768","432319",5,"resources/real_fg_memory_images/orig21.jpg","real",NA,NA,NA,NA,NA,NA,NA,NA
"1769","432319",3,"resources/real_fg_memory_images/fg13.jpg","artificial",NA,NA,NA,NA,NA,NA,NA,NA
"1770","432319",5,"resources/real_fg_memory_images/fg16.jpg","artificial",NA,NA,NA,NA,NA,NA,NA,NA
"1771","432319",4,"resources/real_fg_memory_images/fg14.jpg","artificial",NA,NA,NA,NA,NA,NA,NA,NA
"1772","432319",3,"resources/real_fg_memory_images/fg15.jpg","artificial",NA,NA,NA,NA,NA,NA,NA,NA
"1773","432319",2,"resources/real_fg_memory_images/fg1.jpg","artificial",NA,NA,NA,NA,NA,NA,NA,NA
"1774","432319",3,"resources/real_fg_memory_images/fg12.jpg","artificial",NA,NA,NA,NA,NA,NA,NA,NA
"1775","432319",3,"resources/real_fg_memory_images/fg11.jpg","artificial",NA,NA,NA,NA,NA,NA,NA,NA
"1776","432319",2,"resources/real_fg_memory_images/fg10.jpg","artificial",NA,NA,NA,NA,NA,NA,NA,NA
"1777","432319",3,"resources/real_fg_memory_images/orig30.jpg","real",NA,NA,NA,NA,NA,NA,NA,NA
"1778","432319",1,"resources/real_fg_memory_images/orig31.jpg","real",NA,NA,NA,NA,NA,NA,NA,NA
"1779","432319",3,"resources/real_fg_memory_images/fg2.jpg","artificial",NA,NA,NA,NA,NA,NA,NA,NA
"1780","432319",4,"resources/real_fg_memory_images/orig35.jpg","real",NA,NA,NA,NA,NA,NA,NA,NA
"1781","432319",3,"resources/real_fg_memory_images/fg18.jpg","artificial",NA,NA,NA,NA,NA,NA,NA,NA
"1782","432319",3,"resources/real_fg_memory_images/fg3.jpg","artificial",NA,NA,NA,NA,NA,NA,NA,NA
"1783","432319",6,"resources/real_fg_memory_images/fg17.jpg","artificial",NA,NA,NA,NA,NA,NA,NA,NA
"1784","432319",8,"resources/real_fg_memory_images/orig29.jpg","real",NA,NA,NA,NA,NA,NA,NA,NA
"1785","432319",7,"resources/real_fg_memory_images/orig24.jpg","real",NA,NA,NA,NA,NA,NA,NA,NA
"1786","432319",5,"resources/real_fg_memory_images/fg7.jpg","artificial",NA,NA,NA,NA,NA,NA,NA,NA
"1787","432319",4,"resources/real_fg_memory_images/orig20.jpg","real",NA,NA,NA,NA,NA,NA,NA,NA
"1788","432319",4,"resources/real_fg_memory_images/orig23.jpg","real",NA,NA,NA,NA,NA,NA,NA,NA
"1789","432319",6,"resources/real_fg_memory_images/orig26.jpg","real",NA,NA,NA,NA,NA,NA,NA,NA
"1790","432319",7,"resources/real_fg_memory_images/orig28.jpg","real",NA,NA,NA,NA,NA,NA,NA,NA
"1791","432319",5,"resources/real_fg_memory_images/orig25.jpg","real",NA,NA,NA,NA,NA,NA,NA,NA
"1792","432319",3,"resources/real_fg_memory_images/fg6.jpg","artificial",NA,NA,NA,NA,NA,NA,NA,NA
"1793","432319",NA,NA,NA,NA,NA,NA,NA,NA,NA,NA,NA
"1794","432319",NA,"resources/real_fg_memory_images/orig28.jpg",NA,"real","Scam",NA,NA,NA,NA,NA,NA
"1795","432319",NA,"resources/real_fg_memory_images/fg3.jpg",NA,"artificial","Neutral",NA,NA,NA,NA,NA,NA
"1796","432319",NA,"resources/real_fg_memory_images/orig29.jpg",NA,"real","Scam",NA,NA,NA,NA,NA,NA
"1797","432319",NA,"resources/real_fg_memory_images/fg9.jpg",NA,"artificial","Scam",NA,NA,NA,NA,NA,NA
"1798","432319",NA,"resources/real_fg_memory_images/fg8.jpg",NA,"artificial","Scam",NA,NA,NA,NA,NA,NA
"1799","432319",NA,"resources/real_fg_memory_images/fg5.jpg",NA,"artificial","Neutral",NA,NA,NA,NA,NA,NA
"1800","432319",NA,"resources/real_fg_memory_images/orig24.jpg",NA,"real","Neutral",NA,NA,NA,NA,NA,NA
"1801","432319",NA,"resources/real_fg_memory_images/fg1.jpg",NA,"artificial","Neutral",NA,NA,NA,NA,NA,NA
"1802","432319",NA,"resources/real_fg_memory_images/fg4.jpg",NA,"artificial","Neutral",NA,NA,NA,NA,NA,NA
"1803","432319",NA,"resources/real_fg_memory_images/orig22.jpg",NA,"real","Neutral",NA,NA,NA,NA,NA,NA
"1804","432319",NA,"resources/real_fg_memory_images/orig19.jpg",NA,"real","Neutral",NA,NA,NA,NA,NA,NA
"1805","432319",NA,"resources/real_fg_memory_images/orig30.jpg",NA,"real","Scam",NA,NA,NA,NA,NA,NA
"1806","432319",NA,"resources/real_fg_memory_images/orig25.jpg",NA,"real","Scam",NA,NA,NA,NA,NA,NA
"1807","432319",NA,"resources/real_fg_memory_images/orig23.jpg",NA,"real","Neutral",NA,NA,NA,NA,NA,NA
"1808","432319",NA,"resources/real_fg_memory_images/orig26.jpg",NA,"real","Scam",NA,NA,NA,NA,NA,NA
"1809","432319",NA,"resources/real_fg_memory_images/fg12.jpg",NA,"artificial","Scam",NA,NA,NA,NA,NA,NA
"1810","432319",NA,"resources/real_fg_memory_images/fg7.jpg",NA,"artificial","Scam",NA,NA,NA,NA,NA,NA
"1811","432319",NA,"resources/real_fg_memory_images/orig20.jpg",NA,"real","Neutral",NA,NA,NA,NA,NA,NA
"1812","432319",NA,"resources/real_fg_memory_images/fg10.jpg",NA,"artificial","Scam",NA,NA,NA,NA,NA,NA
"1813","432319",NA,"resources/real_fg_memory_images/orig21.jpg",NA,"real","Neutral",NA,NA,NA,NA,NA,NA
"1814","432319",NA,"resources/real_fg_memory_images/fg11.jpg",NA,"artificial","Scam",NA,NA,NA,NA,NA,NA
"1815","432319",NA,"resources/real_fg_memory_images/fg6.jpg",NA,"artificial","Neutral",NA,NA,NA,NA,NA,NA
"1816","432319",NA,"resources/real_fg_memory_images/fg2.jpg",NA,"artificial","Neutral",NA,NA,NA,NA,NA,NA
"1817","432319",NA,"resources/real_fg_memory_images/orig27.jpg",NA,"real","Scam",NA,NA,NA,NA,NA,NA
"1818","432319",NA,NA,NA,NA,NA,NA,NA,NA,NA,NA,NA
"1819","432319",NA,"resources/real_fg_memory_images/fg8.jpg",NA,"artificial","Scam","[""neutral_button""]","6",NA,NA,NA,NA
"1820","432319",NA,"resources/real_fg_memory_images/orig19.jpg",NA,"real","Neutral","[""neutral_button""]","4",NA,NA,NA,NA
"1821","432319",NA,"resources/real_fg_memory_images/orig28.jpg",NA,"real","Scam","[""scam_button""]","5",NA,NA,NA,NA
"1822","432319",NA,"resources/real_fg_memory_images/orig21.jpg",NA,"real","Neutral","[""neutral_button""]","2",NA,NA,NA,NA
"1823","432319",NA,"resources/real_fg_memory_images/fg5.jpg",NA,"artificial","Neutral","[""scam_button""]","6",NA,NA,NA,NA
"1824","432319",NA,"resources/real_fg_memory_images/orig29.jpg",NA,"real","Scam","[""scam_button""]","10",NA,NA,NA,NA
"1825","432319",NA,"resources/real_fg_memory_images/fg9.jpg",NA,"artificial","Scam","[""neutral_button""]","1",NA,NA,NA,NA
"1826","432319",NA,"resources/real_fg_memory_images/orig27.jpg",NA,"real","Scam","[""scam_button""]","10",NA,NA,NA,NA
"1827","432319",NA,"resources/real_fg_memory_images/fg11.jpg",NA,"artificial","Scam","[""scam_button""]","5",NA,NA,NA,NA
"1828","432319",NA,"resources/real_fg_memory_images/orig26.jpg",NA,"real","Scam","[""neutral_button""]","6",NA,NA,NA,NA
"1829","432319",NA,"resources/real_fg_memory_images/fg2.jpg",NA,"artificial","Neutral","[""scam_button""]","5",NA,NA,NA,NA
"1830","432319",NA,"resources/real_fg_memory_images/orig30.jpg",NA,"real","Scam","[""neutral_button""]","3",NA,NA,NA,NA
"1831","432319",NA,"resources/real_fg_memory_images/fg1.jpg",NA,"artificial","Neutral","[""scam_button""]","6",NA,NA,NA,NA
"1832","432319",NA,"resources/real_fg_memory_images/orig23.jpg",NA,"real","Neutral","[""neutral_button""]","7",NA,NA,NA,NA
"1833","432319",NA,"resources/real_fg_memory_images/orig20.jpg",NA,"real","Neutral","[""neutral_button""]","8",NA,NA,NA,NA
"1834","432319",NA,"resources/real_fg_memory_images/fg6.jpg",NA,"artificial","Neutral","[""scam_button""]","3",NA,NA,NA,NA
"1835","432319",NA,"resources/real_fg_memory_images/fg7.jpg",NA,"artificial","Scam","[""neutral_button""]","4",NA,NA,NA,NA
"1836","432319",NA,"resources/real_fg_memory_images/orig25.jpg",NA,"real","Scam","[""scam_button""]","1",NA,NA,NA,NA
"1837","432319",NA,"resources/real_fg_memory_images/fg10.jpg",NA,"artificial","Scam","[""scam_button""]","5",NA,NA,NA,NA
"1838","432319",NA,"resources/real_fg_memory_images/orig24.jpg",NA,"real","Neutral","[""scam_button""]","2",NA,NA,NA,NA
"1839","432319",NA,"resources/real_fg_memory_images/fg4.jpg",NA,"artificial","Neutral","[""neutral_button""]","6",NA,NA,NA,NA
"1840","432319",NA,"resources/real_fg_memory_images/orig22.jpg",NA,"real","Neutral","[""neutral_button""]","7",NA,NA,NA,NA
"1841","432319",NA,"resources/real_fg_memory_images/fg12.jpg",NA,"artificial","Scam","[""scam_button""]","3",NA,NA,NA,NA
"1842","432319",NA,"resources/real_fg_memory_images/fg3.jpg",NA,"artificial","Neutral","[""scam_button""]","2",NA,NA,NA,NA
"1843","432319",NA,NA,NA,NA,NA,NA,NA,NA,NA,NA,NA
"1844","432319",4,"resources/real_fg_memory_images/fg13.jpg","artificial",NA,NA,NA,NA,NA,NA,NA,NA
"1845","432319",6,"resources/real_fg_memory_images/fg7.jpg","artificial",NA,NA,NA,NA,NA,NA,NA,NA
"1846","432319",8,"resources/real_fg_memory_images/fg1.jpg","artificial",NA,NA,NA,NA,NA,NA,NA,NA
"1847","432319",9,"resources/real_fg_memory_images/orig34.jpg","real",NA,NA,NA,NA,NA,NA,NA,NA
"1848","432319",7,"resources/real_fg_memory_images/fg4.jpg","artificial",NA,NA,NA,NA,NA,NA,NA,NA
"1849","432319",6,"resources/real_fg_memory_images/orig22.jpg","real",NA,NA,NA,NA,NA,NA,NA,NA
"1850","432319",4,"resources/real_fg_memory_images/orig21.jpg","real",NA,NA,NA,NA,NA,NA,NA,NA
"1851","432319",5,"resources/real_fg_memory_images/fg17.jpg","artificial",NA,NA,NA,NA,NA,NA,NA,NA
"1852","432319",8,"resources/real_fg_memory_images/orig36.jpg","real",NA,NA,NA,NA,NA,NA,NA,NA
"1853","432319",5,"resources/real_fg_memory_images/fg15.jpg","artificial",NA,NA,NA,NA,NA,NA,NA,NA
"1854","432319",4,"resources/real_fg_memory_images/fg16.jpg","artificial",NA,NA,NA,NA,NA,NA,NA,NA
"1855","432319",3,"resources/real_fg_memory_images/fg11.jpg","artificial",NA,NA,NA,NA,NA,NA,NA,NA
"1856","432319",2,"resources/real_fg_memory_images/fg8.jpg","artificial",NA,NA,NA,NA,NA,NA,NA,NA
"1857","432319",5,"resources/real_fg_memory_images/orig32.jpg","real",NA,NA,NA,NA,NA,NA,NA,NA
"1858","432319",3,"resources/real_fg_memory_images/fg6.jpg","artificial",NA,NA,NA,NA,NA,NA,NA,NA
"1859","432319",2,"resources/real_fg_memory_images/orig23.jpg","real",NA,NA,NA,NA,NA,NA,NA,NA
"1860","432319",4,"resources/real_fg_memory_images/orig33.jpg","real",NA,NA,NA,NA,NA,NA,NA,NA
"1861","432319",7,"resources/real_fg_memory_images/orig29.jpg","real",NA,NA,NA,NA,NA,NA,NA,NA
"1862","432319",8,"resources/real_fg_memory_images/orig27.jpg","real",NA,NA,NA,NA,NA,NA,NA,NA
"1863","432319",6,"resources/real_fg_memory_images/orig28.jpg","real",NA,NA,NA,NA,NA,NA,NA,NA
"1864","432319",3,"resources/real_fg_memory_images/fg5.jpg","artificial",NA,NA,NA,NA,NA,NA,NA,NA
"1865","432319",4,"resources/real_fg_memory_images/fg10.jpg","artificial",NA,NA,NA,NA,NA,NA,NA,NA
"1866","432319",5,"resources/real_fg_memory_images/orig31.jpg","real",NA,NA,NA,NA,NA,NA,NA,NA
"1867","432319",7,"resources/real_fg_memory_images/fg14.jpg","artificial",NA,NA,NA,NA,NA,NA,NA,NA
"1868","432319",5,"resources/real_fg_memory_images/orig24.jpg","real",NA,NA,NA,NA,NA,NA,NA,NA
"1869","432319",5,"resources/real_fg_memory_images/fg18.jpg","artificial",NA,NA,NA,NA,NA,NA,NA,NA
"1870","432319",4,"resources/real_fg_memory_images/orig35.jpg","real",NA,NA,NA,NA,NA,NA,NA,NA
"1871","432319",3,"resources/real_fg_memory_images/orig20.jpg","real",NA,NA,NA,NA,NA,NA,NA,NA
"1872","432319",5,"resources/real_fg_memory_images/orig19.jpg","real",NA,NA,NA,NA,NA,NA,NA,NA
"1873","432319",3,"resources/real_fg_memory_images/fg9.jpg","artificial",NA,NA,NA,NA,NA,NA,NA,NA
"1874","432319",5,"resources/real_fg_memory_images/orig25.jpg","real",NA,NA,NA,NA,NA,NA,NA,NA
"1875","432319",6,"resources/real_fg_memory_images/orig30.jpg","real",NA,NA,NA,NA,NA,NA,NA,NA
"1876","432319",2,"resources/real_fg_memory_images/fg12.jpg","artificial",NA,NA,NA,NA,NA,NA,NA,NA
"1877","432319",1,"resources/real_fg_memory_images/fg2.jpg","artificial",NA,NA,NA,NA,NA,NA,NA,NA
"1878","432319",3,"resources/real_fg_memory_images/fg3.jpg","artificial",NA,NA,NA,NA,NA,NA,NA,NA
"1879","432319",5,"resources/real_fg_memory_images/orig26.jpg","real",NA,NA,NA,NA,NA,NA,NA,NA
"1880","432319",NA,NA,NA,NA,NA,NA,NA,NA,NA,NA,NA
"1881","432319",NA,NA,NA,NA,NA,NA,NA,3,"If a telemarketer calls me, I usually listen to what they have to say",NA,NA
"1882","432319",NA,NA,NA,NA,NA,NA,NA,2,"Persons over the age of 65 are often targeted by con-artists",NA,NA
"1883","432319",NA,NA,NA,NA,NA,NA,NA,3,"I have difficulty ending a phone call, even if the caller is a telemarketer, someone I do not know, or someone I do not wish to call me",NA,NA
"1884","432319",NA,NA,NA,NA,NA,NA,NA,4,"If something sounds too good to be true, it usually is",NA,NA
"1885","432319",NA,NA,NA,NA,NA,NA,NA,4,"I answer the phone whenever it rings, even if I do not know who is calling",NA,NA
"1886","432319",NA,NA,NA,NA,NA,NA,NA,NA,NA,NA,NA
"1887","432319",NA,NA,NA,NA,NA,NA,NA,NA,NA,"[""female_option""]",NA
"1888","432319",NA,NA,NA,NA,NA,NA,NA,NA,NA,NA,20
"1889","432319",NA,NA,NA,NA,NA,NA,NA,NA,NA,NA,NA
"1890","432319",NA,NA,NA,NA,NA,NA,NA,NA,NA,NA,NA
"1891","432319",NA,NA,NA,NA,NA,NA,NA,NA,NA,NA,NA
"1892","432319",NA,NA,NA,NA,NA,NA,NA,NA,NA,NA,NA
"1893","432319",NA,NA,NA,NA,NA,NA,NA,NA,NA,NA,NA
"1894","432319",NA,NA,NA,NA,NA,NA,NA,NA,NA,NA,NA
"1895","432319",NA,NA,NA,NA,NA,NA,NA,NA,NA,NA,NA
"1896","432319",NA,NA,NA,NA,NA,NA,NA,NA,NA,NA,NA
"1897","432319",NA,NA,NA,NA,NA,NA,NA,NA,NA,NA,NA
"1898","432319",NA,NA,NA,NA,NA,NA,NA,NA,NA,NA,NA
"1899","439164",NA,NA,NA,NA,NA,NA,NA,NA,NA,NA,NA
"1900","439164",NA,NA,NA,NA,NA,NA,NA,NA,NA,NA,NA
"1901","439164",NA,NA,NA,NA,NA,NA,NA,NA,NA,NA,NA
"1902","439164",NA,NA,NA,NA,NA,NA,NA,NA,NA,NA,NA
"1903","439164",5,"resources/real_fg_memory_images/orig33.jpg","real",NA,NA,NA,NA,NA,NA,NA,NA
"1904","439164",5,"resources/real_fg_memory_images/fg3.jpg","artificial",NA,NA,NA,NA,NA,NA,NA,NA
"1905","439164",5,"resources/real_fg_memory_images/orig31.jpg","real",NA,NA,NA,NA,NA,NA,NA,NA
"1906","439164",5,"resources/real_fg_memory_images/fg13.jpg","artificial",NA,NA,NA,NA,NA,NA,NA,NA
"1907","439164",5,"resources/real_fg_memory_images/fg8.jpg","artificial",NA,NA,NA,NA,NA,NA,NA,NA
"1908","439164",4,"resources/real_fg_memory_images/fg12.jpg","artificial",NA,NA,NA,NA,NA,NA,NA,NA
"1909","439164",6,"resources/real_fg_memory_images/fg18.jpg","artificial",NA,NA,NA,NA,NA,NA,NA,NA
"1910","439164",4,"resources/real_fg_memory_images/orig23.jpg","real",NA,NA,NA,NA,NA,NA,NA,NA
"1911","439164",6,"resources/real_fg_memory_images/fg6.jpg","artificial",NA,NA,NA,NA,NA,NA,NA,NA
"1912","439164",4,"resources/real_fg_memory_images/fg2.jpg","artificial",NA,NA,NA,NA,NA,NA,NA,NA
"1913","439164",5,"resources/real_fg_memory_images/orig27.jpg","real",NA,NA,NA,NA,NA,NA,NA,NA
"1914","439164",5,"resources/real_fg_memory_images/orig21.jpg","real",NA,NA,NA,NA,NA,NA,NA,NA
"1915","439164",7,"resources/real_fg_memory_images/orig28.jpg","real",NA,NA,NA,NA,NA,NA,NA,NA
"1916","439164",5,"resources/real_fg_memory_images/fg11.jpg","artificial",NA,NA,NA,NA,NA,NA,NA,NA
"1917","439164",5,"resources/real_fg_memory_images/orig19.jpg","real",NA,NA,NA,NA,NA,NA,NA,NA
"1918","439164",6,"resources/real_fg_memory_images/fg16.jpg","artificial",NA,NA,NA,NA,NA,NA,NA,NA
"1919","439164",4,"resources/real_fg_memory_images/fg7.jpg","artificial",NA,NA,NA,NA,NA,NA,NA,NA
"1920","439164",7,"resources/real_fg_memory_images/orig34.jpg","real",NA,NA,NA,NA,NA,NA,NA,NA
"1921","439164",5,"resources/real_fg_memory_images/fg14.jpg","artificial",NA,NA,NA,NA,NA,NA,NA,NA
"1922","439164",4,"resources/real_fg_memory_images/fg4.jpg","artificial",NA,NA,NA,NA,NA,NA,NA,NA
"1923","439164",7,"resources/real_fg_memory_images/orig24.jpg","real",NA,NA,NA,NA,NA,NA,NA,NA
"1924","439164",4,"resources/real_fg_memory_images/orig20.jpg","real",NA,NA,NA,NA,NA,NA,NA,NA
"1925","439164",4,"resources/real_fg_memory_images/fg17.jpg","artificial",NA,NA,NA,NA,NA,NA,NA,NA
"1926","439164",5,"resources/real_fg_memory_images/fg10.jpg","artificial",NA,NA,NA,NA,NA,NA,NA,NA
"1927","439164",5,"resources/real_fg_memory_images/orig29.jpg","real",NA,NA,NA,NA,NA,NA,NA,NA
"1928","439164",7,"resources/real_fg_memory_images/orig32.jpg","real",NA,NA,NA,NA,NA,NA,NA,NA
"1929","439164",3,"resources/real_fg_memory_images/fg5.jpg","artificial",NA,NA,NA,NA,NA,NA,NA,NA
"1930","439164",7,"resources/real_fg_memory_images/orig30.jpg","real",NA,NA,NA,NA,NA,NA,NA,NA
"1931","439164",5,"resources/real_fg_memory_images/orig35.jpg","real",NA,NA,NA,NA,NA,NA,NA,NA
"1932","439164",7,"resources/real_fg_memory_images/orig36.jpg","real",NA,NA,NA,NA,NA,NA,NA,NA
"1933","439164",6,"resources/real_fg_memory_images/orig26.jpg","real",NA,NA,NA,NA,NA,NA,NA,NA
"1934","439164",3,"resources/real_fg_memory_images/fg1.jpg","artificial",NA,NA,NA,NA,NA,NA,NA,NA
"1935","439164",4,"resources/real_fg_memory_images/orig22.jpg","real",NA,NA,NA,NA,NA,NA,NA,NA
"1936","439164",5,"resources/real_fg_memory_images/orig25.jpg","real",NA,NA,NA,NA,NA,NA,NA,NA
"1937","439164",3,"resources/real_fg_memory_images/fg9.jpg","artificial",NA,NA,NA,NA,NA,NA,NA,NA
"1938","439164",3,"resources/real_fg_memory_images/fg15.jpg","artificial",NA,NA,NA,NA,NA,NA,NA,NA
"1939","439164",NA,NA,NA,NA,NA,NA,NA,NA,NA,NA,NA
"1940","439164",NA,"resources/real_fg_memory_images/fg11.jpg",NA,"artificial","Scam",NA,NA,NA,NA,NA,NA
"1941","439164",NA,"resources/real_fg_memory_images/orig30.jpg",NA,"real","Scam",NA,NA,NA,NA,NA,NA
"1942","439164",NA,"resources/real_fg_memory_images/fg8.jpg",NA,"artificial","Scam",NA,NA,NA,NA,NA,NA
"1943","439164",NA,"resources/real_fg_memory_images/fg1.jpg",NA,"artificial","Neutral",NA,NA,NA,NA,NA,NA
"1944","439164",NA,"resources/real_fg_memory_images/fg7.jpg",NA,"artificial","Scam",NA,NA,NA,NA,NA,NA
"1945","439164",NA,"resources/real_fg_memory_images/orig21.jpg",NA,"real","Neutral",NA,NA,NA,NA,NA,NA
"1946","439164",NA,"resources/real_fg_memory_images/fg5.jpg",NA,"artificial","Neutral",NA,NA,NA,NA,NA,NA
"1947","439164",NA,"resources/real_fg_memory_images/orig26.jpg",NA,"real","Scam",NA,NA,NA,NA,NA,NA
"1948","439164",NA,"resources/real_fg_memory_images/fg4.jpg",NA,"artificial","Neutral",NA,NA,NA,NA,NA,NA
"1949","439164",NA,"resources/real_fg_memory_images/fg10.jpg",NA,"artificial","Scam",NA,NA,NA,NA,NA,NA
"1950","439164",NA,"resources/real_fg_memory_images/orig23.jpg",NA,"real","Neutral",NA,NA,NA,NA,NA,NA
"1951","439164",NA,"resources/real_fg_memory_images/fg12.jpg",NA,"artificial","Scam",NA,NA,NA,NA,NA,NA
"1952","439164",NA,"resources/real_fg_memory_images/orig20.jpg",NA,"real","Neutral",NA,NA,NA,NA,NA,NA
"1953","439164",NA,"resources/real_fg_memory_images/orig22.jpg",NA,"real","Neutral",NA,NA,NA,NA,NA,NA
"1954","439164",NA,"resources/real_fg_memory_images/fg3.jpg",NA,"artificial","Neutral",NA,NA,NA,NA,NA,NA
"1955","439164",NA,"resources/real_fg_memory_images/fg2.jpg",NA,"artificial","Neutral",NA,NA,NA,NA,NA,NA
"1956","439164",NA,"resources/real_fg_memory_images/orig28.jpg",NA,"real","Scam",NA,NA,NA,NA,NA,NA
"1957","439164",NA,"resources/real_fg_memory_images/orig25.jpg",NA,"real","Scam",NA,NA,NA,NA,NA,NA
"1958","439164",NA,"resources/real_fg_memory_images/orig29.jpg",NA,"real","Scam",NA,NA,NA,NA,NA,NA
"1959","439164",NA,"resources/real_fg_memory_images/fg9.jpg",NA,"artificial","Scam",NA,NA,NA,NA,NA,NA
"1960","439164",NA,"resources/real_fg_memory_images/orig19.jpg",NA,"real","Neutral",NA,NA,NA,NA,NA,NA
"1961","439164",NA,"resources/real_fg_memory_images/orig27.jpg",NA,"real","Scam",NA,NA,NA,NA,NA,NA
"1962","439164",NA,"resources/real_fg_memory_images/fg6.jpg",NA,"artificial","Neutral",NA,NA,NA,NA,NA,NA
"1963","439164",NA,"resources/real_fg_memory_images/orig24.jpg",NA,"real","Neutral",NA,NA,NA,NA,NA,NA
"1964","439164",NA,NA,NA,NA,NA,NA,NA,NA,NA,NA,NA
"1965","439164",NA,"resources/real_fg_memory_images/orig24.jpg",NA,"real","Neutral","[""neutral_button""]","10",NA,NA,NA,NA
"1966","439164",NA,"resources/real_fg_memory_images/orig29.jpg",NA,"real","Scam","[""scam_button""]","10",NA,NA,NA,NA
"1967","439164",NA,"resources/real_fg_memory_images/fg12.jpg",NA,"artificial","Scam","[""scam_button""]","5",NA,NA,NA,NA
"1968","439164",NA,"resources/real_fg_memory_images/fg9.jpg",NA,"artificial","Scam","[""scam_button""]","10",NA,NA,NA,NA
"1969","439164",NA,"resources/real_fg_memory_images/orig30.jpg",NA,"real","Scam","[""scam_button""]","10",NA,NA,NA,NA
"1970","439164",NA,"resources/real_fg_memory_images/orig21.jpg",NA,"real","Neutral","[""neutral_button""]","10",NA,NA,NA,NA
"1971","439164",NA,"resources/real_fg_memory_images/orig28.jpg",NA,"real","Scam","[""scam_button""]","5",NA,NA,NA,NA
"1972","439164",NA,"resources/real_fg_memory_images/orig22.jpg",NA,"real","Neutral","[""scam_button""]","6",NA,NA,NA,NA
"1973","439164",NA,"resources/real_fg_memory_images/orig20.jpg",NA,"real","Neutral","[""neutral_button""]","4",NA,NA,NA,NA
"1974","439164",NA,"resources/real_fg_memory_images/fg11.jpg",NA,"artificial","Scam","[""scam_button""]","8",NA,NA,NA,NA
"1975","439164",NA,"resources/real_fg_memory_images/fg8.jpg",NA,"artificial","Scam","[""scam_button""]","10",NA,NA,NA,NA
"1976","439164",NA,"resources/real_fg_memory_images/fg6.jpg",NA,"artificial","Neutral","[""neutral_button""]","10",NA,NA,NA,NA
"1977","439164",NA,"resources/real_fg_memory_images/fg10.jpg",NA,"artificial","Scam","[""neutral_button""]","5",NA,NA,NA,NA
"1978","439164",NA,"resources/real_fg_memory_images/fg1.jpg",NA,"artificial","Neutral","[""neutral_button""]","10",NA,NA,NA,NA
"1979","439164",NA,"resources/real_fg_memory_images/orig25.jpg",NA,"real","Scam","[""neutral_button""]","10",NA,NA,NA,NA
"1980","439164",NA,"resources/real_fg_memory_images/fg2.jpg",NA,"artificial","Neutral","[""scam_button""]","6",NA,NA,NA,NA
"1981","439164",NA,"resources/real_fg_memory_images/orig23.jpg",NA,"real","Neutral","[""neutral_button""]","10",NA,NA,NA,NA
"1982","439164",NA,"resources/real_fg_memory_images/orig19.jpg",NA,"real","Neutral","[""neutral_button""]","10",NA,NA,NA,NA
"1983","439164",NA,"resources/real_fg_memory_images/orig26.jpg",NA,"real","Scam","[""scam_button""]","10",NA,NA,NA,NA
"1984","439164",NA,"resources/real_fg_memory_images/fg3.jpg",NA,"artificial","Neutral","[""neutral_button""]","10",NA,NA,NA,NA
"1985","439164",NA,"resources/real_fg_memory_images/orig27.jpg",NA,"real","Scam","[""scam_button""]","10",NA,NA,NA,NA
"1986","439164",NA,"resources/real_fg_memory_images/fg4.jpg",NA,"artificial","Neutral","[""neutral_button""]","7",NA,NA,NA,NA
"1987","439164",NA,"resources/real_fg_memory_images/fg5.jpg",NA,"artificial","Neutral","[""neutral_button""]","10",NA,NA,NA,NA
"1988","439164",NA,"resources/real_fg_memory_images/fg7.jpg",NA,"artificial","Scam","[""scam_button""]","5",NA,NA,NA,NA
"1989","439164",NA,NA,NA,NA,NA,NA,NA,NA,NA,NA,NA
"1990","439164",5,"resources/real_fg_memory_images/fg13.jpg","artificial",NA,NA,NA,NA,NA,NA,NA,NA
"1991","439164",6,"resources/real_fg_memory_images/orig23.jpg","real",NA,NA,NA,NA,NA,NA,NA,NA
"1992","439164",5,"resources/real_fg_memory_images/orig22.jpg","real",NA,NA,NA,NA,NA,NA,NA,NA
"1993","439164",6,"resources/real_fg_memory_images/orig30.jpg","real",NA,NA,NA,NA,NA,NA,NA,NA
"1994","439164",7,"resources/real_fg_memory_images/fg18.jpg","artificial",NA,NA,NA,NA,NA,NA,NA,NA
"1995","439164",4,"resources/real_fg_memory_images/orig33.jpg","real",NA,NA,NA,NA,NA,NA,NA,NA
"1996","439164",4,"resources/real_fg_memory_images/fg4.jpg","artificial",NA,NA,NA,NA,NA,NA,NA,NA
"1997","439164",4,"resources/real_fg_memory_images/fg10.jpg","artificial",NA,NA,NA,NA,NA,NA,NA,NA
"1998","439164",4,"resources/real_fg_memory_images/fg12.jpg","artificial",NA,NA,NA,NA,NA,NA,NA,NA
"1999","439164",4,"resources/real_fg_memory_images/orig26.jpg","real",NA,NA,NA,NA,NA,NA,NA,NA
"2000","439164",7,"resources/real_fg_memory_images/orig28.jpg","real",NA,NA,NA,NA,NA,NA,NA,NA
"2001","439164",7,"resources/real_fg_memory_images/orig32.jpg","real",NA,NA,NA,NA,NA,NA,NA,NA
"2002","439164",2,"resources/real_fg_memory_images/fg2.jpg","artificial",NA,NA,NA,NA,NA,NA,NA,NA
"2003","439164",5,"resources/real_fg_memory_images/fg14.jpg","artificial",NA,NA,NA,NA,NA,NA,NA,NA
"2004","439164",5,"resources/real_fg_memory_images/orig25.jpg","real",NA,NA,NA,NA,NA,NA,NA,NA
"2005","439164",3,"resources/real_fg_memory_images/fg8.jpg","artificial",NA,NA,NA,NA,NA,NA,NA,NA
"2006","439164",4,"resources/real_fg_memory_images/orig29.jpg","real",NA,NA,NA,NA,NA,NA,NA,NA
"2007","439164",5,"resources/real_fg_memory_images/orig35.jpg","real",NA,NA,NA,NA,NA,NA,NA,NA
"2008","439164",4,"resources/real_fg_memory_images/fg6.jpg","artificial",NA,NA,NA,NA,NA,NA,NA,NA
"2009","439164",5,"resources/real_fg_memory_images/fg3.jpg","artificial",NA,NA,NA,NA,NA,NA,NA,NA
"2010","439164",7,"resources/real_fg_memory_images/orig36.jpg","real",NA,NA,NA,NA,NA,NA,NA,NA
"2011","439164",4,"resources/real_fg_memory_images/fg9.jpg","artificial",NA,NA,NA,NA,NA,NA,NA,NA
"2012","439164",5,"resources/real_fg_memory_images/orig19.jpg","real",NA,NA,NA,NA,NA,NA,NA,NA
"2013","439164",7,"resources/real_fg_memory_images/fg16.jpg","artificial",NA,NA,NA,NA,NA,NA,NA,NA
"2014","439164",5,"resources/real_fg_memory_images/fg17.jpg","artificial",NA,NA,NA,NA,NA,NA,NA,NA
"2015","439164",5,"resources/real_fg_memory_images/fg15.jpg","artificial",NA,NA,NA,NA,NA,NA,NA,NA
"2016","439164",5,"resources/real_fg_memory_images/orig31.jpg","real",NA,NA,NA,NA,NA,NA,NA,NA
"2017","439164",4,"resources/real_fg_memory_images/fg1.jpg","artificial",NA,NA,NA,NA,NA,NA,NA,NA
"2018","439164",5,"resources/real_fg_memory_images/orig21.jpg","real",NA,NA,NA,NA,NA,NA,NA,NA
"2019","439164",4,"resources/real_fg_memory_images/fg7.jpg","artificial",NA,NA,NA,NA,NA,NA,NA,NA
"2020","439164",4,"resources/real_fg_memory_images/fg5.jpg","artificial",NA,NA,NA,NA,NA,NA,NA,NA
"2021","439164",4,"resources/real_fg_memory_images/orig27.jpg","real",NA,NA,NA,NA,NA,NA,NA,NA
"2022","439164",3,"resources/real_fg_memory_images/orig20.jpg","real",NA,NA,NA,NA,NA,NA,NA,NA
"2023","439164",5,"resources/real_fg_memory_images/fg11.jpg","artificial",NA,NA,NA,NA,NA,NA,NA,NA
"2024","439164",7,"resources/real_fg_memory_images/orig24.jpg","real",NA,NA,NA,NA,NA,NA,NA,NA
"2025","439164",7,"resources/real_fg_memory_images/orig34.jpg","real",NA,NA,NA,NA,NA,NA,NA,NA
"2026","439164",NA,NA,NA,NA,NA,NA,NA,NA,NA,NA,NA
"2027","439164",NA,NA,NA,NA,NA,NA,NA,4,"If a telemarketer calls me, I usually listen to what they have to say",NA,NA
"2028","439164",NA,NA,NA,NA,NA,NA,NA,1,"I have difficulty ending a phone call, even if the caller is a telemarketer, someone I do not know, or someone I do not wish to call me",NA,NA
"2029","439164",NA,NA,NA,NA,NA,NA,NA,5,"Persons over the age of 65 are often targeted by con-artists",NA,NA
"2030","439164",NA,NA,NA,NA,NA,NA,NA,5,"I answer the phone whenever it rings, even if I do not know who is calling",NA,NA
"2031","439164",NA,NA,NA,NA,NA,NA,NA,2,"If something sounds too good to be true, it usually is",NA,NA
"2032","439164",NA,NA,NA,NA,NA,NA,NA,NA,NA,NA,NA
"2033","439164",NA,NA,NA,NA,NA,NA,NA,NA,NA,"[""female_option""]",NA
"2034","439164",NA,NA,NA,NA,NA,NA,NA,NA,NA,NA,29
"2035","439164",NA,NA,NA,NA,NA,NA,NA,NA,NA,NA,NA
"2036","439164",NA,NA,NA,NA,NA,NA,NA,NA,NA,NA,NA
"2037","439164",NA,NA,NA,NA,NA,NA,NA,NA,NA,NA,NA
"2038","439164",NA,NA,NA,NA,NA,NA,NA,NA,NA,NA,NA
"2039","439164",NA,NA,NA,NA,NA,NA,NA,NA,NA,NA,NA
"2040","439164",NA,NA,NA,NA,NA,NA,NA,NA,NA,NA,NA
"2041","439164",NA,NA,NA,NA,NA,NA,NA,NA,NA,NA,NA
"2042","439164",NA,NA,NA,NA,NA,NA,NA,NA,NA,NA,NA
"2043","439164",NA,NA,NA,NA,NA,NA,NA,NA,NA,NA,NA
"2044","439164",NA,NA,NA,NA,NA,NA,NA,NA,NA,NA,NA
"2045","449778",NA,NA,NA,NA,NA,NA,NA,NA,NA,NA,NA
"2046","449778",NA,NA,NA,NA,NA,NA,NA,NA,NA,NA,NA
"2047","449778",NA,NA,NA,NA,NA,NA,NA,NA,NA,NA,NA
"2048","449778",NA,NA,NA,NA,NA,NA,NA,NA,NA,NA,NA
"2049","449778",7,"resources/real_fg_memory_images/orig32.jpg","real",NA,NA,NA,NA,NA,NA,NA,NA
"2050","449778",4,"resources/real_fg_memory_images/orig31.jpg","real",NA,NA,NA,NA,NA,NA,NA,NA
"2051","449778",4,"resources/real_fg_memory_images/fg7.jpg","artificial",NA,NA,NA,NA,NA,NA,NA,NA
"2052","449778",5,"resources/real_fg_memory_images/fg2.jpg","artificial",NA,NA,NA,NA,NA,NA,NA,NA
"2053","449778",5,"resources/real_fg_memory_images/orig29.jpg","real",NA,NA,NA,NA,NA,NA,NA,NA
"2054","449778",8,"resources/real_fg_memory_images/orig25.jpg","real",NA,NA,NA,NA,NA,NA,NA,NA
"2055","449778",8,"resources/real_fg_memory_images/fg16.jpg","artificial",NA,NA,NA,NA,NA,NA,NA,NA
"2056","449778",5,"resources/real_fg_memory_images/fg18.jpg","artificial",NA,NA,NA,NA,NA,NA,NA,NA
"2057","449778",7,"resources/real_fg_memory_images/orig34.jpg","real",NA,NA,NA,NA,NA,NA,NA,NA
"2058","449778",4,"resources/real_fg_memory_images/orig22.jpg","real",NA,NA,NA,NA,NA,NA,NA,NA
"2059","449778",8,"resources/real_fg_memory_images/orig19.jpg","real",NA,NA,NA,NA,NA,NA,NA,NA
"2060","449778",9,"resources/real_fg_memory_images/fg6.jpg","artificial",NA,NA,NA,NA,NA,NA,NA,NA
"2061","449778",6,"resources/real_fg_memory_images/orig23.jpg","real",NA,NA,NA,NA,NA,NA,NA,NA
"2062","449778",8,"resources/real_fg_memory_images/orig30.jpg","real",NA,NA,NA,NA,NA,NA,NA,NA
"2063","449778",7,"resources/real_fg_memory_images/fg4.jpg","artificial",NA,NA,NA,NA,NA,NA,NA,NA
"2064","449778",8,"resources/real_fg_memory_images/fg14.jpg","artificial",NA,NA,NA,NA,NA,NA,NA,NA
"2065","449778",5,"resources/real_fg_memory_images/fg8.jpg","artificial",NA,NA,NA,NA,NA,NA,NA,NA
"2066","449778",3,"resources/real_fg_memory_images/orig35.jpg","real",NA,NA,NA,NA,NA,NA,NA,NA
"2067","449778",4,"resources/real_fg_memory_images/fg10.jpg","artificial",NA,NA,NA,NA,NA,NA,NA,NA
"2068","449778",5,"resources/real_fg_memory_images/orig33.jpg","real",NA,NA,NA,NA,NA,NA,NA,NA
"2069","449778",5,"resources/real_fg_memory_images/fg3.jpg","artificial",NA,NA,NA,NA,NA,NA,NA,NA
"2070","449778",4,"resources/real_fg_memory_images/fg9.jpg","artificial",NA,NA,NA,NA,NA,NA,NA,NA
"2071","449778",5,"resources/real_fg_memory_images/orig21.jpg","real",NA,NA,NA,NA,NA,NA,NA,NA
"2072","449778",7,"resources/real_fg_memory_images/orig28.jpg","real",NA,NA,NA,NA,NA,NA,NA,NA
"2073","449778",2,"resources/real_fg_memory_images/fg12.jpg","artificial",NA,NA,NA,NA,NA,NA,NA,NA
"2074","449778",3,"resources/real_fg_memory_images/fg1.jpg","artificial",NA,NA,NA,NA,NA,NA,NA,NA
"2075","449778",4,"resources/real_fg_memory_images/fg5.jpg","artificial",NA,NA,NA,NA,NA,NA,NA,NA
"2076","449778",5,"resources/real_fg_memory_images/fg17.jpg","artificial",NA,NA,NA,NA,NA,NA,NA,NA
"2077","449778",7,"resources/real_fg_memory_images/orig24.jpg","real",NA,NA,NA,NA,NA,NA,NA,NA
"2078","449778",7,"resources/real_fg_memory_images/orig26.jpg","real",NA,NA,NA,NA,NA,NA,NA,NA
"2079","449778",5,"resources/real_fg_memory_images/fg11.jpg","artificial",NA,NA,NA,NA,NA,NA,NA,NA
"2080","449778",5,"resources/real_fg_memory_images/orig36.jpg","real",NA,NA,NA,NA,NA,NA,NA,NA
"2081","449778",5,"resources/real_fg_memory_images/orig20.jpg","real",NA,NA,NA,NA,NA,NA,NA,NA
"2082","449778",6,"resources/real_fg_memory_images/fg15.jpg","artificial",NA,NA,NA,NA,NA,NA,NA,NA
"2083","449778",4,"resources/real_fg_memory_images/fg13.jpg","artificial",NA,NA,NA,NA,NA,NA,NA,NA
"2084","449778",5,"resources/real_fg_memory_images/orig27.jpg","real",NA,NA,NA,NA,NA,NA,NA,NA
"2085","449778",NA,NA,NA,NA,NA,NA,NA,NA,NA,NA,NA
"2086","449778",NA,"resources/real_fg_memory_images/orig26.jpg",NA,"real","Scam",NA,NA,NA,NA,NA,NA
"2087","449778",NA,"resources/real_fg_memory_images/fg11.jpg",NA,"artificial","Scam",NA,NA,NA,NA,NA,NA
"2088","449778",NA,"resources/real_fg_memory_images/fg4.jpg",NA,"artificial","Neutral",NA,NA,NA,NA,NA,NA
"2089","449778",NA,"resources/real_fg_memory_images/fg9.jpg",NA,"artificial","Scam",NA,NA,NA,NA,NA,NA
"2090","449778",NA,"resources/real_fg_memory_images/orig19.jpg",NA,"real","Neutral",NA,NA,NA,NA,NA,NA
"2091","449778",NA,"resources/real_fg_memory_images/fg6.jpg",NA,"artificial","Neutral",NA,NA,NA,NA,NA,NA
"2092","449778",NA,"resources/real_fg_memory_images/fg2.jpg",NA,"artificial","Neutral",NA,NA,NA,NA,NA,NA
"2093","449778",NA,"resources/real_fg_memory_images/orig27.jpg",NA,"real","Scam",NA,NA,NA,NA,NA,NA
"2094","449778",NA,"resources/real_fg_memory_images/orig30.jpg",NA,"real","Scam",NA,NA,NA,NA,NA,NA
"2095","449778",NA,"resources/real_fg_memory_images/orig22.jpg",NA,"real","Neutral",NA,NA,NA,NA,NA,NA
"2096","449778",NA,"resources/real_fg_memory_images/orig28.jpg",NA,"real","Scam",NA,NA,NA,NA,NA,NA
"2097","449778",NA,"resources/real_fg_memory_images/fg10.jpg",NA,"artificial","Scam",NA,NA,NA,NA,NA,NA
"2098","449778",NA,"resources/real_fg_memory_images/orig25.jpg",NA,"real","Scam",NA,NA,NA,NA,NA,NA
"2099","449778",NA,"resources/real_fg_memory_images/fg8.jpg",NA,"artificial","Scam",NA,NA,NA,NA,NA,NA
"2100","449778",NA,"resources/real_fg_memory_images/orig23.jpg",NA,"real","Neutral",NA,NA,NA,NA,NA,NA
"2101","449778",NA,"resources/real_fg_memory_images/fg7.jpg",NA,"artificial","Scam",NA,NA,NA,NA,NA,NA
"2102","449778",NA,"resources/real_fg_memory_images/orig29.jpg",NA,"real","Scam",NA,NA,NA,NA,NA,NA
"2103","449778",NA,"resources/real_fg_memory_images/fg5.jpg",NA,"artificial","Neutral",NA,NA,NA,NA,NA,NA
"2104","449778",NA,"resources/real_fg_memory_images/orig20.jpg",NA,"real","Neutral",NA,NA,NA,NA,NA,NA
"2105","449778",NA,"resources/real_fg_memory_images/fg12.jpg",NA,"artificial","Scam",NA,NA,NA,NA,NA,NA
"2106","449778",NA,"resources/real_fg_memory_images/orig21.jpg",NA,"real","Neutral",NA,NA,NA,NA,NA,NA
"2107","449778",NA,"resources/real_fg_memory_images/fg1.jpg",NA,"artificial","Neutral",NA,NA,NA,NA,NA,NA
"2108","449778",NA,"resources/real_fg_memory_images/orig24.jpg",NA,"real","Neutral",NA,NA,NA,NA,NA,NA
"2109","449778",NA,"resources/real_fg_memory_images/fg3.jpg",NA,"artificial","Neutral",NA,NA,NA,NA,NA,NA
"2110","449778",NA,NA,NA,NA,NA,NA,NA,NA,NA,NA,NA
"2111","449778",NA,"resources/real_fg_memory_images/fg3.jpg",NA,"artificial","Neutral","[""scam_button""]","5",NA,NA,NA,NA
"2112","449778",NA,"resources/real_fg_memory_images/orig24.jpg",NA,"real","Neutral","[""neutral_button""]","5",NA,NA,NA,NA
"2113","449778",NA,"resources/real_fg_memory_images/fg2.jpg",NA,"artificial","Neutral","[""scam_button""]","8",NA,NA,NA,NA
"2114","449778",NA,"resources/real_fg_memory_images/orig20.jpg",NA,"real","Neutral","[""neutral_button""]","7",NA,NA,NA,NA
"2115","449778",NA,"resources/real_fg_memory_images/orig22.jpg",NA,"real","Neutral","[""neutral_button""]","6",NA,NA,NA,NA
"2116","449778",NA,"resources/real_fg_memory_images/fg7.jpg",NA,"artificial","Scam","[""scam_button""]","8",NA,NA,NA,NA
"2117","449778",NA,"resources/real_fg_memory_images/orig27.jpg",NA,"real","Scam","[""scam_button""]","9",NA,NA,NA,NA
"2118","449778",NA,"resources/real_fg_memory_images/orig26.jpg",NA,"real","Scam","[""neutral_button""]","6",NA,NA,NA,NA
"2119","449778",NA,"resources/real_fg_memory_images/orig23.jpg",NA,"real","Neutral","[""scam_button""]","8",NA,NA,NA,NA
"2120","449778",NA,"resources/real_fg_memory_images/orig30.jpg",NA,"real","Scam","[""neutral_button""]","5",NA,NA,NA,NA
"2121","449778",NA,"resources/real_fg_memory_images/fg8.jpg",NA,"artificial","Scam","[""neutral_button""]","7",NA,NA,NA,NA
"2122","449778",NA,"resources/real_fg_memory_images/orig19.jpg",NA,"real","Neutral","[""scam_button""]","9",NA,NA,NA,NA
"2123","449778",NA,"resources/real_fg_memory_images/fg10.jpg",NA,"artificial","Scam","[""neutral_button""]","6",NA,NA,NA,NA
"2124","449778",NA,"resources/real_fg_memory_images/fg9.jpg",NA,"artificial","Scam","[""neutral_button""]","8",NA,NA,NA,NA
"2125","449778",NA,"resources/real_fg_memory_images/fg6.jpg",NA,"artificial","Neutral","[""neutral_button""]","6",NA,NA,NA,NA
"2126","449778",NA,"resources/real_fg_memory_images/orig29.jpg",NA,"real","Scam","[""scam_button""]","7",NA,NA,NA,NA
"2127","449778",NA,"resources/real_fg_memory_images/fg1.jpg",NA,"artificial","Neutral","[""neutral_button""]","8",NA,NA,NA,NA
"2128","449778",NA,"resources/real_fg_memory_images/orig28.jpg",NA,"real","Scam","[""scam_button""]","7",NA,NA,NA,NA
"2129","449778",NA,"resources/real_fg_memory_images/fg5.jpg",NA,"artificial","Neutral","[""neutral_button""]","8",NA,NA,NA,NA
"2130","449778",NA,"resources/real_fg_memory_images/fg12.jpg",NA,"artificial","Scam","[""scam_button""]","7",NA,NA,NA,NA
"2131","449778",NA,"resources/real_fg_memory_images/orig21.jpg",NA,"real","Neutral","[""neutral_button""]","5",NA,NA,NA,NA
"2132","449778",NA,"resources/real_fg_memory_images/fg4.jpg",NA,"artificial","Neutral","[""neutral_button""]","8",NA,NA,NA,NA
"2133","449778",NA,"resources/real_fg_memory_images/fg11.jpg",NA,"artificial","Scam","[""neutral_button""]","4",NA,NA,NA,NA
"2134","449778",NA,"resources/real_fg_memory_images/orig25.jpg",NA,"real","Scam","[""scam_button""]","7",NA,NA,NA,NA
"2135","449778",NA,NA,NA,NA,NA,NA,NA,NA,NA,NA,NA
"2136","449778",7,"resources/real_fg_memory_images/orig32.jpg","real",NA,NA,NA,NA,NA,NA,NA,NA
"2137","449778",5,"resources/real_fg_memory_images/orig35.jpg","real",NA,NA,NA,NA,NA,NA,NA,NA
"2138","449778",5,"resources/real_fg_memory_images/fg4.jpg","artificial",NA,NA,NA,NA,NA,NA,NA,NA
"2139","449778",7,"resources/real_fg_memory_images/orig26.jpg","real",NA,NA,NA,NA,NA,NA,NA,NA
"2140","449778",5,"resources/real_fg_memory_images/orig31.jpg","real",NA,NA,NA,NA,NA,NA,NA,NA
"2141","449778",8,"resources/real_fg_memory_images/fg8.jpg","artificial",NA,NA,NA,NA,NA,NA,NA,NA
"2142","449778",4,"resources/real_fg_memory_images/fg13.jpg","artificial",NA,NA,NA,NA,NA,NA,NA,NA
"2143","449778",6,"resources/real_fg_memory_images/fg17.jpg","artificial",NA,NA,NA,NA,NA,NA,NA,NA
"2144","449778",6,"resources/real_fg_memory_images/fg7.jpg","artificial",NA,NA,NA,NA,NA,NA,NA,NA
"2145","449778",6,"resources/real_fg_memory_images/orig19.jpg","real",NA,NA,NA,NA,NA,NA,NA,NA
"2146","449778",6,"resources/real_fg_memory_images/fg2.jpg","artificial",NA,NA,NA,NA,NA,NA,NA,NA
"2147","449778",8,"resources/real_fg_memory_images/orig28.jpg","real",NA,NA,NA,NA,NA,NA,NA,NA
"2148","449778",7,"resources/real_fg_memory_images/fg5.jpg","artificial",NA,NA,NA,NA,NA,NA,NA,NA
"2149","449778",6,"resources/real_fg_memory_images/orig33.jpg","real",NA,NA,NA,NA,NA,NA,NA,NA
"2150","449778",8,"resources/real_fg_memory_images/fg10.jpg","artificial",NA,NA,NA,NA,NA,NA,NA,NA
"2151","449778",8,"resources/real_fg_memory_images/fg9.jpg","artificial",NA,NA,NA,NA,NA,NA,NA,NA
"2152","449778",8,"resources/real_fg_memory_images/fg18.jpg","artificial",NA,NA,NA,NA,NA,NA,NA,NA
"2153","449778",8,"resources/real_fg_memory_images/orig24.jpg","real",NA,NA,NA,NA,NA,NA,NA,NA
"2154","449778",8,"resources/real_fg_memory_images/orig23.jpg","real",NA,NA,NA,NA,NA,NA,NA,NA
"2155","449778",8,"resources/real_fg_memory_images/fg1.jpg","artificial",NA,NA,NA,NA,NA,NA,NA,NA
"2156","449778",7,"resources/real_fg_memory_images/orig20.jpg","real",NA,NA,NA,NA,NA,NA,NA,NA
"2157","449778",6,"resources/real_fg_memory_images/orig22.jpg","real",NA,NA,NA,NA,NA,NA,NA,NA
"2158","449778",8,"resources/real_fg_memory_images/orig36.jpg","real",NA,NA,NA,NA,NA,NA,NA,NA
"2159","449778",8,"resources/real_fg_memory_images/orig29.jpg","real",NA,NA,NA,NA,NA,NA,NA,NA
"2160","449778",7,"resources/real_fg_memory_images/orig27.jpg","real",NA,NA,NA,NA,NA,NA,NA,NA
"2161","449778",6,"resources/real_fg_memory_images/fg12.jpg","artificial",NA,NA,NA,NA,NA,NA,NA,NA
"2162","449778",6,"resources/real_fg_memory_images/fg11.jpg","artificial",NA,NA,NA,NA,NA,NA,NA,NA
"2163","449778",8,"resources/real_fg_memory_images/orig21.jpg","real",NA,NA,NA,NA,NA,NA,NA,NA
"2164","449778",6,"resources/real_fg_memory_images/fg16.jpg","artificial",NA,NA,NA,NA,NA,NA,NA,NA
"2165","449778",8,"resources/real_fg_memory_images/fg14.jpg","artificial",NA,NA,NA,NA,NA,NA,NA,NA
"2166","449778",6,"resources/real_fg_memory_images/fg6.jpg","artificial",NA,NA,NA,NA,NA,NA,NA,NA
"2167","449778",7,"resources/real_fg_memory_images/orig34.jpg","real",NA,NA,NA,NA,NA,NA,NA,NA
"2168","449778",5,"resources/real_fg_memory_images/fg3.jpg","artificial",NA,NA,NA,NA,NA,NA,NA,NA
"2169","449778",7,"resources/real_fg_memory_images/orig25.jpg","real",NA,NA,NA,NA,NA,NA,NA,NA
"2170","449778",6,"resources/real_fg_memory_images/fg15.jpg","artificial",NA,NA,NA,NA,NA,NA,NA,NA
"2171","449778",8,"resources/real_fg_memory_images/orig30.jpg","real",NA,NA,NA,NA,NA,NA,NA,NA
"2172","449778",NA,NA,NA,NA,NA,NA,NA,NA,NA,NA,NA
"2173","449778",NA,NA,NA,NA,NA,NA,NA,4,"Persons over the age of 65 are often targeted by con-artists",NA,NA
"2174","449778",NA,NA,NA,NA,NA,NA,NA,2,"If a telemarketer calls me, I usually listen to what they have to say",NA,NA
"2175","449778",NA,NA,NA,NA,NA,NA,NA,3,"I answer the phone whenever it rings, even if I do not know who is calling",NA,NA
"2176","449778",NA,NA,NA,NA,NA,NA,NA,1,"I have difficulty ending a phone call, even if the caller is a telemarketer, someone I do not know, or someone I do not wish to call me",NA,NA
"2177","449778",NA,NA,NA,NA,NA,NA,NA,3,"If something sounds too good to be true, it usually is",NA,NA
"2178","449778",NA,NA,NA,NA,NA,NA,NA,NA,NA,NA,NA
"2179","449778",NA,NA,NA,NA,NA,NA,NA,NA,NA,"[""female_option""]",NA
"2180","449778",NA,NA,NA,NA,NA,NA,NA,NA,NA,NA,19
"2181","449778",NA,NA,NA,NA,NA,NA,NA,NA,NA,NA,NA
"2182","449778",NA,NA,NA,NA,NA,NA,NA,NA,NA,NA,NA
"2183","449778",NA,NA,NA,NA,NA,NA,NA,NA,NA,NA,NA
"2184","449778",NA,NA,NA,NA,NA,NA,NA,NA,NA,NA,NA
"2185","449778",NA,NA,NA,NA,NA,NA,NA,NA,NA,NA,NA
"2186","449778",NA,NA,NA,NA,NA,NA,NA,NA,NA,NA,NA
"2187","449778",NA,NA,NA,NA,NA,NA,NA,NA,NA,NA,NA
"2188","449778",NA,NA,NA,NA,NA,NA,NA,NA,NA,NA,NA
"2189","449778",NA,NA,NA,NA,NA,NA,NA,NA,NA,NA,NA
"2190","449778",NA,NA,NA,NA,NA,NA,NA,NA,NA,NA,NA
"2191","484966",NA,NA,NA,NA,NA,NA,NA,NA,NA,NA,NA
"2192","484966",NA,NA,NA,NA,NA,NA,NA,NA,NA,NA,NA
"2193","484966",NA,NA,NA,NA,NA,NA,NA,NA,NA,NA,NA
"2194","484966",NA,NA,NA,NA,NA,NA,NA,NA,NA,NA,NA
"2195","484966",8,"resources/real_fg_memory_images/orig33.jpg","real",NA,NA,NA,NA,NA,NA,NA,NA
"2196","484966",6,"resources/real_fg_memory_images/orig29.jpg","real",NA,NA,NA,NA,NA,NA,NA,NA
"2197","484966",5,"resources/real_fg_memory_images/orig22.jpg","real",NA,NA,NA,NA,NA,NA,NA,NA
"2198","484966",9,"resources/real_fg_memory_images/orig28.jpg","real",NA,NA,NA,NA,NA,NA,NA,NA
"2199","484966",7,"resources/real_fg_memory_images/orig32.jpg","real",NA,NA,NA,NA,NA,NA,NA,NA
"2200","484966",7,"resources/real_fg_memory_images/orig25.jpg","real",NA,NA,NA,NA,NA,NA,NA,NA
"2201","484966",4,"resources/real_fg_memory_images/fg8.jpg","artificial",NA,NA,NA,NA,NA,NA,NA,NA
"2202","484966",7,"resources/real_fg_memory_images/orig34.jpg","real",NA,NA,NA,NA,NA,NA,NA,NA
"2203","484966",8,"resources/real_fg_memory_images/orig30.jpg","real",NA,NA,NA,NA,NA,NA,NA,NA
"2204","484966",6,"resources/real_fg_memory_images/fg15.jpg","artificial",NA,NA,NA,NA,NA,NA,NA,NA
"2205","484966",3,"resources/real_fg_memory_images/fg5.jpg","artificial",NA,NA,NA,NA,NA,NA,NA,NA
"2206","484966",4,"resources/real_fg_memory_images/orig27.jpg","real",NA,NA,NA,NA,NA,NA,NA,NA
"2207","484966",4,"resources/real_fg_memory_images/fg7.jpg","artificial",NA,NA,NA,NA,NA,NA,NA,NA
"2208","484966",5,"resources/real_fg_memory_images/fg17.jpg","artificial",NA,NA,NA,NA,NA,NA,NA,NA
"2209","484966",4,"resources/real_fg_memory_images/orig35.jpg","real",NA,NA,NA,NA,NA,NA,NA,NA
"2210","484966",3,"resources/real_fg_memory_images/fg13.jpg","artificial",NA,NA,NA,NA,NA,NA,NA,NA
"2211","484966",3,"resources/real_fg_memory_images/fg14.jpg","artificial",NA,NA,NA,NA,NA,NA,NA,NA
"2212","484966",4,"resources/real_fg_memory_images/orig24.jpg","real",NA,NA,NA,NA,NA,NA,NA,NA
"2213","484966",3,"resources/real_fg_memory_images/fg12.jpg","artificial",NA,NA,NA,NA,NA,NA,NA,NA
"2214","484966",4,"resources/real_fg_memory_images/orig20.jpg","real",NA,NA,NA,NA,NA,NA,NA,NA
"2215","484966",4,"resources/real_fg_memory_images/fg6.jpg","artificial",NA,NA,NA,NA,NA,NA,NA,NA
"2216","484966",4,"resources/real_fg_memory_images/fg11.jpg","artificial",NA,NA,NA,NA,NA,NA,NA,NA
"2217","484966",5,"resources/real_fg_memory_images/orig23.jpg","real",NA,NA,NA,NA,NA,NA,NA,NA
"2218","484966",4,"resources/real_fg_memory_images/fg18.jpg","artificial",NA,NA,NA,NA,NA,NA,NA,NA
"2219","484966",4,"resources/real_fg_memory_images/orig21.jpg","real",NA,NA,NA,NA,NA,NA,NA,NA
"2220","484966",8,"resources/real_fg_memory_images/orig26.jpg","real",NA,NA,NA,NA,NA,NA,NA,NA
"2221","484966",6,"resources/real_fg_memory_images/orig19.jpg","real",NA,NA,NA,NA,NA,NA,NA,NA
"2222","484966",2,"resources/real_fg_memory_images/fg1.jpg","artificial",NA,NA,NA,NA,NA,NA,NA,NA
"2223","484966",2,"resources/real_fg_memory_images/fg2.jpg","artificial",NA,NA,NA,NA,NA,NA,NA,NA
"2224","484966",8,"resources/real_fg_memory_images/fg16.jpg","artificial",NA,NA,NA,NA,NA,NA,NA,NA
"2225","484966",3,"resources/real_fg_memory_images/fg10.jpg","artificial",NA,NA,NA,NA,NA,NA,NA,NA
"2226","484966",6,"resources/real_fg_memory_images/orig36.jpg","real",NA,NA,NA,NA,NA,NA,NA,NA
"2227","484966",4,"resources/real_fg_memory_images/orig31.jpg","real",NA,NA,NA,NA,NA,NA,NA,NA
"2228","484966",2,"resources/real_fg_memory_images/fg9.jpg","artificial",NA,NA,NA,NA,NA,NA,NA,NA
"2229","484966",3,"resources/real_fg_memory_images/fg3.jpg","artificial",NA,NA,NA,NA,NA,NA,NA,NA
"2230","484966",0,"resources/real_fg_memory_images/fg4.jpg","artificial",NA,NA,NA,NA,NA,NA,NA,NA
"2231","484966",NA,NA,NA,NA,NA,NA,NA,NA,NA,NA,NA
"2232","484966",NA,"resources/real_fg_memory_images/fg2.jpg",NA,"artificial","Neutral",NA,NA,NA,NA,NA,NA
"2233","484966",NA,"resources/real_fg_memory_images/fg5.jpg",NA,"artificial","Neutral",NA,NA,NA,NA,NA,NA
"2234","484966",NA,"resources/real_fg_memory_images/orig28.jpg",NA,"real","Scam",NA,NA,NA,NA,NA,NA
"2235","484966",NA,"resources/real_fg_memory_images/orig20.jpg",NA,"real","Neutral",NA,NA,NA,NA,NA,NA
"2236","484966",NA,"resources/real_fg_memory_images/orig22.jpg",NA,"real","Neutral",NA,NA,NA,NA,NA,NA
"2237","484966",NA,"resources/real_fg_memory_images/orig19.jpg",NA,"real","Neutral",NA,NA,NA,NA,NA,NA
"2238","484966",NA,"resources/real_fg_memory_images/fg6.jpg",NA,"artificial","Neutral",NA,NA,NA,NA,NA,NA
"2239","484966",NA,"resources/real_fg_memory_images/fg8.jpg",NA,"artificial","Scam",NA,NA,NA,NA,NA,NA
"2240","484966",NA,"resources/real_fg_memory_images/orig27.jpg",NA,"real","Scam",NA,NA,NA,NA,NA,NA
"2241","484966",NA,"resources/real_fg_memory_images/orig30.jpg",NA,"real","Scam",NA,NA,NA,NA,NA,NA
"2242","484966",NA,"resources/real_fg_memory_images/fg10.jpg",NA,"artificial","Scam",NA,NA,NA,NA,NA,NA
"2243","484966",NA,"resources/real_fg_memory_images/fg7.jpg",NA,"artificial","Scam",NA,NA,NA,NA,NA,NA
"2244","484966",NA,"resources/real_fg_memory_images/fg1.jpg",NA,"artificial","Neutral",NA,NA,NA,NA,NA,NA
"2245","484966",NA,"resources/real_fg_memory_images/orig26.jpg",NA,"real","Scam",NA,NA,NA,NA,NA,NA
"2246","484966",NA,"resources/real_fg_memory_images/fg4.jpg",NA,"artificial","Neutral",NA,NA,NA,NA,NA,NA
"2247","484966",NA,"resources/real_fg_memory_images/fg3.jpg",NA,"artificial","Neutral",NA,NA,NA,NA,NA,NA
"2248","484966",NA,"resources/real_fg_memory_images/orig24.jpg",NA,"real","Neutral",NA,NA,NA,NA,NA,NA
"2249","484966",NA,"resources/real_fg_memory_images/fg12.jpg",NA,"artificial","Scam",NA,NA,NA,NA,NA,NA
"2250","484966",NA,"resources/real_fg_memory_images/orig23.jpg",NA,"real","Neutral",NA,NA,NA,NA,NA,NA
"2251","484966",NA,"resources/real_fg_memory_images/orig21.jpg",NA,"real","Neutral",NA,NA,NA,NA,NA,NA
"2252","484966",NA,"resources/real_fg_memory_images/fg9.jpg",NA,"artificial","Scam",NA,NA,NA,NA,NA,NA
"2253","484966",NA,"resources/real_fg_memory_images/orig29.jpg",NA,"real","Scam",NA,NA,NA,NA,NA,NA
"2254","484966",NA,"resources/real_fg_memory_images/fg11.jpg",NA,"artificial","Scam",NA,NA,NA,NA,NA,NA
"2255","484966",NA,"resources/real_fg_memory_images/orig25.jpg",NA,"real","Scam",NA,NA,NA,NA,NA,NA
"2256","484966",NA,NA,NA,NA,NA,NA,NA,NA,NA,NA,NA
"2257","484966",NA,"resources/real_fg_memory_images/orig30.jpg",NA,"real","Scam","[""scam_button""]","0",NA,NA,NA,NA
"2258","484966",NA,"resources/real_fg_memory_images/fg9.jpg",NA,"artificial","Scam","[""scam_button""]","10",NA,NA,NA,NA
"2259","484966",NA,"resources/real_fg_memory_images/orig20.jpg",NA,"real","Neutral","[""scam_button""]","5",NA,NA,NA,NA
"2260","484966",NA,"resources/real_fg_memory_images/fg5.jpg",NA,"artificial","Neutral","[""scam_button""]","10",NA,NA,NA,NA
"2261","484966",NA,"resources/real_fg_memory_images/orig25.jpg",NA,"real","Scam","[""neutral_button""]","5",NA,NA,NA,NA
"2262","484966",NA,"resources/real_fg_memory_images/fg2.jpg",NA,"artificial","Neutral","[""neutral_button""]","5",NA,NA,NA,NA
"2263","484966",NA,"resources/real_fg_memory_images/fg11.jpg",NA,"artificial","Scam","[""scam_button""]","6",NA,NA,NA,NA
"2264","484966",NA,"resources/real_fg_memory_images/fg6.jpg",NA,"artificial","Neutral","[""scam_button""]","5",NA,NA,NA,NA
"2265","484966",NA,"resources/real_fg_memory_images/fg12.jpg",NA,"artificial","Scam","[""scam_button""]","5",NA,NA,NA,NA
"2266","484966",NA,"resources/real_fg_memory_images/fg8.jpg",NA,"artificial","Scam","[""scam_button""]","5",NA,NA,NA,NA
"2267","484966",NA,"resources/real_fg_memory_images/fg10.jpg",NA,"artificial","Scam","[""scam_button""]","5",NA,NA,NA,NA
"2268","484966",NA,"resources/real_fg_memory_images/orig23.jpg",NA,"real","Neutral","[""neutral_button""]","9",NA,NA,NA,NA
"2269","484966",NA,"resources/real_fg_memory_images/orig28.jpg",NA,"real","Scam","[""scam_button""]","10",NA,NA,NA,NA
"2270","484966",NA,"resources/real_fg_memory_images/fg1.jpg",NA,"artificial","Neutral","[""scam_button""]","10",NA,NA,NA,NA
"2271","484966",NA,"resources/real_fg_memory_images/orig19.jpg",NA,"real","Neutral","[""neutral_button""]","5",NA,NA,NA,NA
"2272","484966",NA,"resources/real_fg_memory_images/orig29.jpg",NA,"real","Scam","[""scam_button""]","10",NA,NA,NA,NA
"2273","484966",NA,"resources/real_fg_memory_images/fg4.jpg",NA,"artificial","Neutral","[""scam_button""]","5",NA,NA,NA,NA
"2274","484966",NA,"resources/real_fg_memory_images/orig21.jpg",NA,"real","Neutral","[""neutral_button""]","9",NA,NA,NA,NA
"2275","484966",NA,"resources/real_fg_memory_images/orig22.jpg",NA,"real","Neutral","[""scam_button""]","8",NA,NA,NA,NA
"2276","484966",NA,"resources/real_fg_memory_images/orig26.jpg",NA,"real","Scam","[""scam_button""]","3",NA,NA,NA,NA
"2277","484966",NA,"resources/real_fg_memory_images/fg7.jpg",NA,"artificial","Scam","[""scam_button""]","4",NA,NA,NA,NA
"2278","484966",NA,"resources/real_fg_memory_images/orig24.jpg",NA,"real","Neutral","[""neutral_button""]","8",NA,NA,NA,NA
"2279","484966",NA,"resources/real_fg_memory_images/fg3.jpg",NA,"artificial","Neutral","[""neutral_button""]","7",NA,NA,NA,NA
"2280","484966",NA,"resources/real_fg_memory_images/orig27.jpg",NA,"real","Scam","[""scam_button""]","7",NA,NA,NA,NA
"2281","484966",NA,NA,NA,NA,NA,NA,NA,NA,NA,NA,NA
"2282","484966",7,"resources/real_fg_memory_images/orig35.jpg","real",NA,NA,NA,NA,NA,NA,NA,NA
"2283","484966",6,"resources/real_fg_memory_images/orig26.jpg","real",NA,NA,NA,NA,NA,NA,NA,NA
"2284","484966",0,"resources/real_fg_memory_images/fg12.jpg","artificial",NA,NA,NA,NA,NA,NA,NA,NA
"2285","484966",0,"resources/real_fg_memory_images/fg4.jpg","artificial",NA,NA,NA,NA,NA,NA,NA,NA
"2286","484966",0,"resources/real_fg_memory_images/orig20.jpg","real",NA,NA,NA,NA,NA,NA,NA,NA
"2287","484966",7,"resources/real_fg_memory_images/orig33.jpg","real",NA,NA,NA,NA,NA,NA,NA,NA
"2288","484966",5,"resources/real_fg_memory_images/orig22.jpg","real",NA,NA,NA,NA,NA,NA,NA,NA
"2289","484966",4,"resources/real_fg_memory_images/fg11.jpg","artificial",NA,NA,NA,NA,NA,NA,NA,NA
"2290","484966",3,"resources/real_fg_memory_images/fg6.jpg","artificial",NA,NA,NA,NA,NA,NA,NA,NA
"2291","484966",6,"resources/real_fg_memory_images/orig23.jpg","real",NA,NA,NA,NA,NA,NA,NA,NA
"2292","484966",8,"resources/real_fg_memory_images/orig30.jpg","real",NA,NA,NA,NA,NA,NA,NA,NA
"2293","484966",3,"resources/real_fg_memory_images/orig28.jpg","real",NA,NA,NA,NA,NA,NA,NA,NA
"2294","484966",6,"resources/real_fg_memory_images/orig36.jpg","real",NA,NA,NA,NA,NA,NA,NA,NA
"2295","484966",2,"resources/real_fg_memory_images/fg13.jpg","artificial",NA,NA,NA,NA,NA,NA,NA,NA
"2296","484966",2,"resources/real_fg_memory_images/orig27.jpg","real",NA,NA,NA,NA,NA,NA,NA,NA
"2297","484966",6,"resources/real_fg_memory_images/orig21.jpg","real",NA,NA,NA,NA,NA,NA,NA,NA
"2298","484966",7,"resources/real_fg_memory_images/fg16.jpg","artificial",NA,NA,NA,NA,NA,NA,NA,NA
"2299","484966",4,"resources/real_fg_memory_images/orig24.jpg","real",NA,NA,NA,NA,NA,NA,NA,NA
"2300","484966",3,"resources/real_fg_memory_images/fg17.jpg","artificial",NA,NA,NA,NA,NA,NA,NA,NA
"2301","484966",6,"resources/real_fg_memory_images/orig19.jpg","real",NA,NA,NA,NA,NA,NA,NA,NA
"2302","484966",3,"resources/real_fg_memory_images/fg15.jpg","artificial",NA,NA,NA,NA,NA,NA,NA,NA
"2303","484966",3,"resources/real_fg_memory_images/orig29.jpg","real",NA,NA,NA,NA,NA,NA,NA,NA
"2304","484966",3,"resources/real_fg_memory_images/orig31.jpg","real",NA,NA,NA,NA,NA,NA,NA,NA
"2305","484966",3,"resources/real_fg_memory_images/fg8.jpg","artificial",NA,NA,NA,NA,NA,NA,NA,NA
"2306","484966",6,"resources/real_fg_memory_images/orig34.jpg","real",NA,NA,NA,NA,NA,NA,NA,NA
"2307","484966",7,"resources/real_fg_memory_images/orig25.jpg","real",NA,NA,NA,NA,NA,NA,NA,NA
"2308","484966",5,"resources/real_fg_memory_images/orig32.jpg","real",NA,NA,NA,NA,NA,NA,NA,NA
"2309","484966",4,"resources/real_fg_memory_images/fg3.jpg","artificial",NA,NA,NA,NA,NA,NA,NA,NA
"2310","484966",2,"resources/real_fg_memory_images/fg2.jpg","artificial",NA,NA,NA,NA,NA,NA,NA,NA
"2311","484966",3,"resources/real_fg_memory_images/fg10.jpg","artificial",NA,NA,NA,NA,NA,NA,NA,NA
"2312","484966",2,"resources/real_fg_memory_images/fg5.jpg","artificial",NA,NA,NA,NA,NA,NA,NA,NA
"2313","484966",2,"resources/real_fg_memory_images/fg14.jpg","artificial",NA,NA,NA,NA,NA,NA,NA,NA
"2314","484966",1,"resources/real_fg_memory_images/fg1.jpg","artificial",NA,NA,NA,NA,NA,NA,NA,NA
"2315","484966",1,"resources/real_fg_memory_images/fg9.jpg","artificial",NA,NA,NA,NA,NA,NA,NA,NA
"2316","484966",1,"resources/real_fg_memory_images/fg7.jpg","artificial",NA,NA,NA,NA,NA,NA,NA,NA
"2317","484966",1,"resources/real_fg_memory_images/fg18.jpg","artificial",NA,NA,NA,NA,NA,NA,NA,NA
"2318","484966",NA,NA,NA,NA,NA,NA,NA,NA,NA,NA,NA
"2319","484966",NA,NA,NA,NA,NA,NA,NA,4,"I answer the phone whenever it rings, even if I do not know who is calling",NA,NA
"2320","484966",NA,NA,NA,NA,NA,NA,NA,5,"If something sounds too good to be true, it usually is",NA,NA
"2321","484966",NA,NA,NA,NA,NA,NA,NA,2,"Persons over the age of 65 are often targeted by con-artists",NA,NA
"2322","484966",NA,NA,NA,NA,NA,NA,NA,4,"I have difficulty ending a phone call, even if the caller is a telemarketer, someone I do not know, or someone I do not wish to call me",NA,NA
"2323","484966",NA,NA,NA,NA,NA,NA,NA,2,"If a telemarketer calls me, I usually listen to what they have to say",NA,NA
"2324","484966",NA,NA,NA,NA,NA,NA,NA,NA,NA,NA,NA
"2325","484966",NA,NA,NA,NA,NA,NA,NA,NA,NA,"[""female_option""]",NA
"2326","484966",NA,NA,NA,NA,NA,NA,NA,NA,NA,NA,21
"2327","484966",NA,NA,NA,NA,NA,NA,NA,NA,NA,NA,NA
"2328","484966",NA,NA,NA,NA,NA,NA,NA,NA,NA,NA,NA
"2329","484966",NA,NA,NA,NA,NA,NA,NA,NA,NA,NA,NA
"2330","484966",NA,NA,NA,NA,NA,NA,NA,NA,NA,NA,NA
"2331","484966",NA,NA,NA,NA,NA,NA,NA,NA,NA,NA,NA
"2332","484966",NA,NA,NA,NA,NA,NA,NA,NA,NA,NA,NA
"2333","484966",NA,NA,NA,NA,NA,NA,NA,NA,NA,NA,NA
"2334","484966",NA,NA,NA,NA,NA,NA,NA,NA,NA,NA,NA
"2335","484966",NA,NA,NA,NA,NA,NA,NA,NA,NA,NA,NA
"2336","484966",NA,NA,NA,NA,NA,NA,NA,NA,NA,NA,NA
"2337","502058",NA,NA,NA,NA,NA,NA,NA,NA,NA,NA,NA
"2338","502058",NA,NA,NA,NA,NA,NA,NA,NA,NA,NA,NA
"2339","502058",NA,NA,NA,NA,NA,NA,NA,NA,NA,NA,NA
"2340","502058",NA,NA,NA,NA,NA,NA,NA,NA,NA,NA,NA
"2341","502058",5,"resources/real_fg_memory_images/fg4.jpg","artificial",NA,NA,NA,NA,NA,NA,NA,NA
"2342","502058",7,"resources/real_fg_memory_images/orig30.jpg","real",NA,NA,NA,NA,NA,NA,NA,NA
"2343","502058",7,"resources/real_fg_memory_images/fg5.jpg","artificial",NA,NA,NA,NA,NA,NA,NA,NA
"2344","502058",1,"resources/real_fg_memory_images/orig19.jpg","real",NA,NA,NA,NA,NA,NA,NA,NA
"2345","502058",5,"resources/real_fg_memory_images/orig25.jpg","real",NA,NA,NA,NA,NA,NA,NA,NA
"2346","502058",1,"resources/real_fg_memory_images/fg8.jpg","artificial",NA,NA,NA,NA,NA,NA,NA,NA
"2347","502058",2,"resources/real_fg_memory_images/orig27.jpg","real",NA,NA,NA,NA,NA,NA,NA,NA
"2348","502058",3,"resources/real_fg_memory_images/orig36.jpg","real",NA,NA,NA,NA,NA,NA,NA,NA
"2349","502058",4,"resources/real_fg_memory_images/orig24.jpg","real",NA,NA,NA,NA,NA,NA,NA,NA
"2350","502058",4,"resources/real_fg_memory_images/fg6.jpg","artificial",NA,NA,NA,NA,NA,NA,NA,NA
"2351","502058",7,"resources/real_fg_memory_images/fg11.jpg","artificial",NA,NA,NA,NA,NA,NA,NA,NA
"2352","502058",6,"resources/real_fg_memory_images/fg10.jpg","artificial",NA,NA,NA,NA,NA,NA,NA,NA
"2353","502058",6,"resources/real_fg_memory_images/fg7.jpg","artificial",NA,NA,NA,NA,NA,NA,NA,NA
"2354","502058",7,"resources/real_fg_memory_images/orig20.jpg","real",NA,NA,NA,NA,NA,NA,NA,NA
"2355","502058",7,"resources/real_fg_memory_images/fg3.jpg","artificial",NA,NA,NA,NA,NA,NA,NA,NA
"2356","502058",6,"resources/real_fg_memory_images/fg17.jpg","artificial",NA,NA,NA,NA,NA,NA,NA,NA
"2357","502058",6,"resources/real_fg_memory_images/fg15.jpg","artificial",NA,NA,NA,NA,NA,NA,NA,NA
"2358","502058",6,"resources/real_fg_memory_images/fg1.jpg","artificial",NA,NA,NA,NA,NA,NA,NA,NA
"2359","502058",6,"resources/real_fg_memory_images/orig29.jpg","real",NA,NA,NA,NA,NA,NA,NA,NA
"2360","502058",6,"resources/real_fg_memory_images/orig32.jpg","real",NA,NA,NA,NA,NA,NA,NA,NA
"2361","502058",5,"resources/real_fg_memory_images/orig21.jpg","real",NA,NA,NA,NA,NA,NA,NA,NA
"2362","502058",5,"resources/real_fg_memory_images/fg9.jpg","artificial",NA,NA,NA,NA,NA,NA,NA,NA
"2363","502058",5,"resources/real_fg_memory_images/fg12.jpg","artificial",NA,NA,NA,NA,NA,NA,NA,NA
"2364","502058",3,"resources/real_fg_memory_images/orig28.jpg","real",NA,NA,NA,NA,NA,NA,NA,NA
"2365","502058",6,"resources/real_fg_memory_images/orig31.jpg","real",NA,NA,NA,NA,NA,NA,NA,NA
"2366","502058",6,"resources/real_fg_memory_images/orig23.jpg","real",NA,NA,NA,NA,NA,NA,NA,NA
"2367","502058",7,"resources/real_fg_memory_images/fg18.jpg","artificial",NA,NA,NA,NA,NA,NA,NA,NA
"2368","502058",8,"resources/real_fg_memory_images/orig22.jpg","real",NA,NA,NA,NA,NA,NA,NA,NA
"2369","502058",6,"resources/real_fg_memory_images/fg2.jpg","artificial",NA,NA,NA,NA,NA,NA,NA,NA
"2370","502058",6,"resources/real_fg_memory_images/fg13.jpg","artificial",NA,NA,NA,NA,NA,NA,NA,NA
"2371","502058",6,"resources/real_fg_memory_images/orig26.jpg","real",NA,NA,NA,NA,NA,NA,NA,NA
"2372","502058",6,"resources/real_fg_memory_images/fg14.jpg","artificial",NA,NA,NA,NA,NA,NA,NA,NA
"2373","502058",4,"resources/real_fg_memory_images/orig33.jpg","real",NA,NA,NA,NA,NA,NA,NA,NA
"2374","502058",7,"resources/real_fg_memory_images/orig35.jpg","real",NA,NA,NA,NA,NA,NA,NA,NA
"2375","502058",7,"resources/real_fg_memory_images/orig34.jpg","real",NA,NA,NA,NA,NA,NA,NA,NA
"2376","502058",8,"resources/real_fg_memory_images/fg16.jpg","artificial",NA,NA,NA,NA,NA,NA,NA,NA
"2377","502058",NA,NA,NA,NA,NA,NA,NA,NA,NA,NA,NA
"2378","502058",NA,"resources/real_fg_memory_images/fg5.jpg",NA,"artificial","Neutral",NA,NA,NA,NA,NA,NA
"2379","502058",NA,"resources/real_fg_memory_images/orig19.jpg",NA,"real","Neutral",NA,NA,NA,NA,NA,NA
"2380","502058",NA,"resources/real_fg_memory_images/fg1.jpg",NA,"artificial","Neutral",NA,NA,NA,NA,NA,NA
"2381","502058",NA,"resources/real_fg_memory_images/fg3.jpg",NA,"artificial","Neutral",NA,NA,NA,NA,NA,NA
"2382","502058",NA,"resources/real_fg_memory_images/fg7.jpg",NA,"artificial","Scam",NA,NA,NA,NA,NA,NA
"2383","502058",NA,"resources/real_fg_memory_images/fg4.jpg",NA,"artificial","Neutral",NA,NA,NA,NA,NA,NA
"2384","502058",NA,"resources/real_fg_memory_images/orig30.jpg",NA,"real","Scam",NA,NA,NA,NA,NA,NA
"2385","502058",NA,"resources/real_fg_memory_images/orig29.jpg",NA,"real","Scam",NA,NA,NA,NA,NA,NA
"2386","502058",NA,"resources/real_fg_memory_images/fg11.jpg",NA,"artificial","Scam",NA,NA,NA,NA,NA,NA
"2387","502058",NA,"resources/real_fg_memory_images/fg9.jpg",NA,"artificial","Scam",NA,NA,NA,NA,NA,NA
"2388","502058",NA,"resources/real_fg_memory_images/orig28.jpg",NA,"real","Scam",NA,NA,NA,NA,NA,NA
"2389","502058",NA,"resources/real_fg_memory_images/orig22.jpg",NA,"real","Neutral",NA,NA,NA,NA,NA,NA
"2390","502058",NA,"resources/real_fg_memory_images/fg6.jpg",NA,"artificial","Neutral",NA,NA,NA,NA,NA,NA
"2391","502058",NA,"resources/real_fg_memory_images/orig23.jpg",NA,"real","Neutral",NA,NA,NA,NA,NA,NA
"2392","502058",NA,"resources/real_fg_memory_images/fg10.jpg",NA,"artificial","Scam",NA,NA,NA,NA,NA,NA
"2393","502058",NA,"resources/real_fg_memory_images/orig25.jpg",NA,"real","Scam",NA,NA,NA,NA,NA,NA
"2394","502058",NA,"resources/real_fg_memory_images/orig24.jpg",NA,"real","Neutral",NA,NA,NA,NA,NA,NA
"2395","502058",NA,"resources/real_fg_memory_images/fg2.jpg",NA,"artificial","Neutral",NA,NA,NA,NA,NA,NA
"2396","502058",NA,"resources/real_fg_memory_images/fg12.jpg",NA,"artificial","Scam",NA,NA,NA,NA,NA,NA
"2397","502058",NA,"resources/real_fg_memory_images/orig27.jpg",NA,"real","Scam",NA,NA,NA,NA,NA,NA
"2398","502058",NA,"resources/real_fg_memory_images/orig20.jpg",NA,"real","Neutral",NA,NA,NA,NA,NA,NA
"2399","502058",NA,"resources/real_fg_memory_images/fg8.jpg",NA,"artificial","Scam",NA,NA,NA,NA,NA,NA
"2400","502058",NA,"resources/real_fg_memory_images/orig26.jpg",NA,"real","Scam",NA,NA,NA,NA,NA,NA
"2401","502058",NA,"resources/real_fg_memory_images/orig21.jpg",NA,"real","Neutral",NA,NA,NA,NA,NA,NA
"2402","502058",NA,NA,NA,NA,NA,NA,NA,NA,NA,NA,NA
"2403","502058",NA,"resources/real_fg_memory_images/orig29.jpg",NA,"real","Scam","[""neutral_button""]","1",NA,NA,NA,NA
"2404","502058",NA,"resources/real_fg_memory_images/orig28.jpg",NA,"real","Scam","[""neutral_button""]","2",NA,NA,NA,NA
"2405","502058",NA,"resources/real_fg_memory_images/fg7.jpg",NA,"artificial","Scam","[""scam_button""]","3",NA,NA,NA,NA
"2406","502058",NA,"resources/real_fg_memory_images/fg9.jpg",NA,"artificial","Scam","[""scam_button""]","3",NA,NA,NA,NA
"2407","502058",NA,"resources/real_fg_memory_images/orig30.jpg",NA,"real","Scam","[""neutral_button""]","3",NA,NA,NA,NA
"2408","502058",NA,"resources/real_fg_memory_images/fg8.jpg",NA,"artificial","Scam","[""scam_button""]","3",NA,NA,NA,NA
"2409","502058",NA,"resources/real_fg_memory_images/fg12.jpg",NA,"artificial","Scam","[""neutral_button""]","3",NA,NA,NA,NA
"2410","502058",NA,"resources/real_fg_memory_images/fg2.jpg",NA,"artificial","Neutral","[""scam_button""]","4",NA,NA,NA,NA
"2411","502058",NA,"resources/real_fg_memory_images/orig26.jpg",NA,"real","Scam","[""neutral_button""]","4",NA,NA,NA,NA
"2412","502058",NA,"resources/real_fg_memory_images/orig27.jpg",NA,"real","Scam","[""neutral_button""]","4",NA,NA,NA,NA
"2413","502058",NA,"resources/real_fg_memory_images/orig23.jpg",NA,"real","Neutral","[""scam_button""]","5",NA,NA,NA,NA
"2414","502058",NA,"resources/real_fg_memory_images/fg3.jpg",NA,"artificial","Neutral","[""neutral_button""]","7",NA,NA,NA,NA
"2415","502058",NA,"resources/real_fg_memory_images/fg1.jpg",NA,"artificial","Neutral","[""neutral_button""]","7",NA,NA,NA,NA
"2416","502058",NA,"resources/real_fg_memory_images/fg6.jpg",NA,"artificial","Neutral","[""neutral_button""]","7",NA,NA,NA,NA
"2417","502058",NA,"resources/real_fg_memory_images/orig21.jpg",NA,"real","Neutral","[""scam_button""]","6",NA,NA,NA,NA
"2418","502058",NA,"resources/real_fg_memory_images/orig22.jpg",NA,"real","Neutral","[""scam_button""]","6",NA,NA,NA,NA
"2419","502058",NA,"resources/real_fg_memory_images/fg10.jpg",NA,"artificial","Scam","[""scam_button""]","6",NA,NA,NA,NA
"2420","502058",NA,"resources/real_fg_memory_images/orig25.jpg",NA,"real","Scam","[""neutral_button""]","7",NA,NA,NA,NA
"2421","502058",NA,"resources/real_fg_memory_images/orig19.jpg",NA,"real","Neutral","[""neutral_button""]","7",NA,NA,NA,NA
"2422","502058",NA,"resources/real_fg_memory_images/fg5.jpg",NA,"artificial","Neutral","[""neutral_button""]","7",NA,NA,NA,NA
"2423","502058",NA,"resources/real_fg_memory_images/fg4.jpg",NA,"artificial","Neutral","[""neutral_button""]","7",NA,NA,NA,NA
"2424","502058",NA,"resources/real_fg_memory_images/orig20.jpg",NA,"real","Neutral","[""neutral_button""]","8",NA,NA,NA,NA
"2425","502058",NA,"resources/real_fg_memory_images/orig24.jpg",NA,"real","Neutral","[""neutral_button""]","8",NA,NA,NA,NA
"2426","502058",NA,"resources/real_fg_memory_images/fg11.jpg",NA,"artificial","Scam","[""neutral_button""]","8",NA,NA,NA,NA
"2427","502058",NA,NA,NA,NA,NA,NA,NA,NA,NA,NA,NA
"2428","502058",5,"resources/real_fg_memory_images/orig21.jpg","real",NA,NA,NA,NA,NA,NA,NA,NA
"2429","502058",6,"resources/real_fg_memory_images/orig19.jpg","real",NA,NA,NA,NA,NA,NA,NA,NA
"2430","502058",8,"resources/real_fg_memory_images/fg17.jpg","artificial",NA,NA,NA,NA,NA,NA,NA,NA
"2431","502058",7,"resources/real_fg_memory_images/orig29.jpg","real",NA,NA,NA,NA,NA,NA,NA,NA
"2432","502058",5,"resources/real_fg_memory_images/orig33.jpg","real",NA,NA,NA,NA,NA,NA,NA,NA
"2433","502058",5,"resources/real_fg_memory_images/orig30.jpg","real",NA,NA,NA,NA,NA,NA,NA,NA
"2434","502058",4,"resources/real_fg_memory_images/fg13.jpg","artificial",NA,NA,NA,NA,NA,NA,NA,NA
"2435","502058",4,"resources/real_fg_memory_images/fg9.jpg","artificial",NA,NA,NA,NA,NA,NA,NA,NA
"2436","502058",3,"resources/real_fg_memory_images/fg3.jpg","artificial",NA,NA,NA,NA,NA,NA,NA,NA
"2437","502058",8,"resources/real_fg_memory_images/fg1.jpg","artificial",NA,NA,NA,NA,NA,NA,NA,NA
"2438","502058",8,"resources/real_fg_memory_images/orig20.jpg","real",NA,NA,NA,NA,NA,NA,NA,NA
"2439","502058",8,"resources/real_fg_memory_images/fg18.jpg","artificial",NA,NA,NA,NA,NA,NA,NA,NA
"2440","502058",6,"resources/real_fg_memory_images/orig36.jpg","real",NA,NA,NA,NA,NA,NA,NA,NA
"2441","502058",5,"resources/real_fg_memory_images/fg11.jpg","artificial",NA,NA,NA,NA,NA,NA,NA,NA
"2442","502058",6,"resources/real_fg_memory_images/orig32.jpg","real",NA,NA,NA,NA,NA,NA,NA,NA
"2443","502058",6,"resources/real_fg_memory_images/orig26.jpg","real",NA,NA,NA,NA,NA,NA,NA,NA
"2444","502058",6,"resources/real_fg_memory_images/orig34.jpg","real",NA,NA,NA,NA,NA,NA,NA,NA
"2445","502058",7,"resources/real_fg_memory_images/fg6.jpg","artificial",NA,NA,NA,NA,NA,NA,NA,NA
"2446","502058",7,"resources/real_fg_memory_images/orig25.jpg","real",NA,NA,NA,NA,NA,NA,NA,NA
"2447","502058",5,"resources/real_fg_memory_images/fg15.jpg","artificial",NA,NA,NA,NA,NA,NA,NA,NA
"2448","502058",4,"resources/real_fg_memory_images/orig31.jpg","real",NA,NA,NA,NA,NA,NA,NA,NA
"2449","502058",9,"resources/real_fg_memory_images/orig35.jpg","real",NA,NA,NA,NA,NA,NA,NA,NA
"2450","502058",8,"resources/real_fg_memory_images/fg4.jpg","artificial",NA,NA,NA,NA,NA,NA,NA,NA
"2451","502058",7,"resources/real_fg_memory_images/fg10.jpg","artificial",NA,NA,NA,NA,NA,NA,NA,NA
"2452","502058",7,"resources/real_fg_memory_images/orig23.jpg","real",NA,NA,NA,NA,NA,NA,NA,NA
"2453","502058",7,"resources/real_fg_memory_images/fg8.jpg","artificial",NA,NA,NA,NA,NA,NA,NA,NA
"2454","502058",6,"resources/real_fg_memory_images/orig24.jpg","real",NA,NA,NA,NA,NA,NA,NA,NA
"2455","502058",6,"resources/real_fg_memory_images/fg5.jpg","artificial",NA,NA,NA,NA,NA,NA,NA,NA
"2456","502058",4,"resources/real_fg_memory_images/fg16.jpg","artificial",NA,NA,NA,NA,NA,NA,NA,NA
"2457","502058",7,"resources/real_fg_memory_images/fg7.jpg","artificial",NA,NA,NA,NA,NA,NA,NA,NA
"2458","502058",8,"resources/real_fg_memory_images/orig28.jpg","real",NA,NA,NA,NA,NA,NA,NA,NA
"2459","502058",9,"resources/real_fg_memory_images/fg14.jpg","artificial",NA,NA,NA,NA,NA,NA,NA,NA
"2460","502058",9,"resources/real_fg_memory_images/fg2.jpg","artificial",NA,NA,NA,NA,NA,NA,NA,NA
"2461","502058",4,"resources/real_fg_memory_images/orig27.jpg","real",NA,NA,NA,NA,NA,NA,NA,NA
"2462","502058",5,"resources/real_fg_memory_images/orig22.jpg","real",NA,NA,NA,NA,NA,NA,NA,NA
"2463","502058",7,"resources/real_fg_memory_images/fg12.jpg","artificial",NA,NA,NA,NA,NA,NA,NA,NA
"2464","502058",NA,NA,NA,NA,NA,NA,NA,NA,NA,NA,NA
"2465","502058",NA,NA,NA,NA,NA,NA,NA,3,"Persons over the age of 65 are often targeted by con-artists",NA,NA
"2466","502058",NA,NA,NA,NA,NA,NA,NA,3,"I answer the phone whenever it rings, even if I do not know who is calling",NA,NA
"2467","502058",NA,NA,NA,NA,NA,NA,NA,3,"I have difficulty ending a phone call, even if the caller is a telemarketer, someone I do not know, or someone I do not wish to call me",NA,NA
"2468","502058",NA,NA,NA,NA,NA,NA,NA,3,"If something sounds too good to be true, it usually is",NA,NA
"2469","502058",NA,NA,NA,NA,NA,NA,NA,3,"If a telemarketer calls me, I usually listen to what they have to say",NA,NA
"2470","502058",NA,NA,NA,NA,NA,NA,NA,NA,NA,NA,NA
"2471","502058",NA,NA,NA,NA,NA,NA,NA,NA,NA,"[""male_option""]",NA
"2472","502058",NA,NA,NA,NA,NA,NA,NA,NA,NA,NA,18
"2473","502058",NA,NA,NA,NA,NA,NA,NA,NA,NA,NA,NA
"2474","502058",NA,NA,NA,NA,NA,NA,NA,NA,NA,NA,NA
"2475","502058",NA,NA,NA,NA,NA,NA,NA,NA,NA,NA,NA
"2476","502058",NA,NA,NA,NA,NA,NA,NA,NA,NA,NA,NA
"2477","502058",NA,NA,NA,NA,NA,NA,NA,NA,NA,NA,NA
"2478","502058",NA,NA,NA,NA,NA,NA,NA,NA,NA,NA,NA
"2479","502058",NA,NA,NA,NA,NA,NA,NA,NA,NA,NA,NA
"2480","502058",NA,NA,NA,NA,NA,NA,NA,NA,NA,NA,NA
"2481","502058",NA,NA,NA,NA,NA,NA,NA,NA,NA,NA,NA
"2482","502058",NA,NA,NA,NA,NA,NA,NA,NA,NA,NA,NA
"2483","651013",NA,NA,NA,NA,NA,NA,NA,NA,NA,NA,NA
"2484","651013",NA,NA,NA,NA,NA,NA,NA,NA,NA,NA,NA
"2485","651013",NA,NA,NA,NA,NA,NA,NA,NA,NA,NA,NA
"2486","651013",NA,NA,NA,NA,NA,NA,NA,NA,NA,NA,NA
"2487","651013",2,"resources/real_fg_memory_images/orig20.jpg","real",NA,NA,NA,NA,NA,NA,NA,NA
"2488","651013",3,"resources/real_fg_memory_images/fg8.jpg","artificial",NA,NA,NA,NA,NA,NA,NA,NA
"2489","651013",6,"resources/real_fg_memory_images/fg7.jpg","artificial",NA,NA,NA,NA,NA,NA,NA,NA
"2490","651013",5,"resources/real_fg_memory_images/fg3.jpg","artificial",NA,NA,NA,NA,NA,NA,NA,NA
"2491","651013",6,"resources/real_fg_memory_images/orig25.jpg","real",NA,NA,NA,NA,NA,NA,NA,NA
"2492","651013",8,"resources/real_fg_memory_images/orig30.jpg","real",NA,NA,NA,NA,NA,NA,NA,NA
"2493","651013",7,"resources/real_fg_memory_images/fg17.jpg","artificial",NA,NA,NA,NA,NA,NA,NA,NA
"2494","651013",4,"resources/real_fg_memory_images/fg5.jpg","artificial",NA,NA,NA,NA,NA,NA,NA,NA
"2495","651013",2,"resources/real_fg_memory_images/orig23.jpg","real",NA,NA,NA,NA,NA,NA,NA,NA
"2496","651013",9,"resources/real_fg_memory_images/fg16.jpg","artificial",NA,NA,NA,NA,NA,NA,NA,NA
"2497","651013",3,"resources/real_fg_memory_images/fg1.jpg","artificial",NA,NA,NA,NA,NA,NA,NA,NA
"2498","651013",8,"resources/real_fg_memory_images/orig29.jpg","real",NA,NA,NA,NA,NA,NA,NA,NA
"2499","651013",4,"resources/real_fg_memory_images/orig27.jpg","real",NA,NA,NA,NA,NA,NA,NA,NA
"2500","651013",8,"resources/real_fg_memory_images/orig33.jpg","real",NA,NA,NA,NA,NA,NA,NA,NA
"2501","651013",7,"resources/real_fg_memory_images/orig26.jpg","real",NA,NA,NA,NA,NA,NA,NA,NA
"2502","651013",4,"resources/real_fg_memory_images/fg4.jpg","artificial",NA,NA,NA,NA,NA,NA,NA,NA
"2503","651013",3,"resources/real_fg_memory_images/fg12.jpg","artificial",NA,NA,NA,NA,NA,NA,NA,NA
"2504","651013",10,"resources/real_fg_memory_images/orig28.jpg","real",NA,NA,NA,NA,NA,NA,NA,NA
"2505","651013",9,"resources/real_fg_memory_images/orig34.jpg","real",NA,NA,NA,NA,NA,NA,NA,NA
"2506","651013",7,"resources/real_fg_memory_images/orig19.jpg","real",NA,NA,NA,NA,NA,NA,NA,NA
"2507","651013",4,"resources/real_fg_memory_images/orig36.jpg","real",NA,NA,NA,NA,NA,NA,NA,NA
"2508","651013",3,"resources/real_fg_memory_images/orig24.jpg","real",NA,NA,NA,NA,NA,NA,NA,NA
"2509","651013",2,"resources/real_fg_memory_images/fg6.jpg","artificial",NA,NA,NA,NA,NA,NA,NA,NA
"2510","651013",1,"resources/real_fg_memory_images/fg2.jpg","artificial",NA,NA,NA,NA,NA,NA,NA,NA
"2511","651013",4,"resources/real_fg_memory_images/fg10.jpg","artificial",NA,NA,NA,NA,NA,NA,NA,NA
"2512","651013",6,"resources/real_fg_memory_images/fg15.jpg","artificial",NA,NA,NA,NA,NA,NA,NA,NA
"2513","651013",8,"resources/real_fg_memory_images/orig32.jpg","real",NA,NA,NA,NA,NA,NA,NA,NA
"2514","651013",5,"resources/real_fg_memory_images/orig31.jpg","real",NA,NA,NA,NA,NA,NA,NA,NA
"2515","651013",4,"resources/real_fg_memory_images/orig22.jpg","real",NA,NA,NA,NA,NA,NA,NA,NA
"2516","651013",2,"resources/real_fg_memory_images/fg18.jpg","artificial",NA,NA,NA,NA,NA,NA,NA,NA
"2517","651013",1,"resources/real_fg_memory_images/fg9.jpg","artificial",NA,NA,NA,NA,NA,NA,NA,NA
"2518","651013",4,"resources/real_fg_memory_images/fg13.jpg","artificial",NA,NA,NA,NA,NA,NA,NA,NA
"2519","651013",6,"resources/real_fg_memory_images/fg14.jpg","artificial",NA,NA,NA,NA,NA,NA,NA,NA
"2520","651013",2,"resources/real_fg_memory_images/orig35.jpg","real",NA,NA,NA,NA,NA,NA,NA,NA
"2521","651013",4,"resources/real_fg_memory_images/orig21.jpg","real",NA,NA,NA,NA,NA,NA,NA,NA
"2522","651013",5,"resources/real_fg_memory_images/fg11.jpg","artificial",NA,NA,NA,NA,NA,NA,NA,NA
"2523","651013",NA,NA,NA,NA,NA,NA,NA,NA,NA,NA,NA
"2524","651013",NA,"resources/real_fg_memory_images/fg2.jpg",NA,"artificial","Neutral",NA,NA,NA,NA,NA,NA
"2525","651013",NA,"resources/real_fg_memory_images/orig21.jpg",NA,"real","Neutral",NA,NA,NA,NA,NA,NA
"2526","651013",NA,"resources/real_fg_memory_images/orig19.jpg",NA,"real","Neutral",NA,NA,NA,NA,NA,NA
"2527","651013",NA,"resources/real_fg_memory_images/orig22.jpg",NA,"real","Neutral",NA,NA,NA,NA,NA,NA
"2528","651013",NA,"resources/real_fg_memory_images/fg9.jpg",NA,"artificial","Scam",NA,NA,NA,NA,NA,NA
"2529","651013",NA,"resources/real_fg_memory_images/fg12.jpg",NA,"artificial","Scam",NA,NA,NA,NA,NA,NA
"2530","651013",NA,"resources/real_fg_memory_images/fg10.jpg",NA,"artificial","Scam",NA,NA,NA,NA,NA,NA
"2531","651013",NA,"resources/real_fg_memory_images/fg7.jpg",NA,"artificial","Scam",NA,NA,NA,NA,NA,NA
"2532","651013",NA,"resources/real_fg_memory_images/orig29.jpg",NA,"real","Scam",NA,NA,NA,NA,NA,NA
"2533","651013",NA,"resources/real_fg_memory_images/orig24.jpg",NA,"real","Neutral",NA,NA,NA,NA,NA,NA
"2534","651013",NA,"resources/real_fg_memory_images/orig30.jpg",NA,"real","Scam",NA,NA,NA,NA,NA,NA
"2535","651013",NA,"resources/real_fg_memory_images/orig23.jpg",NA,"real","Neutral",NA,NA,NA,NA,NA,NA
"2536","651013",NA,"resources/real_fg_memory_images/orig25.jpg",NA,"real","Scam",NA,NA,NA,NA,NA,NA
"2537","651013",NA,"resources/real_fg_memory_images/orig26.jpg",NA,"real","Scam",NA,NA,NA,NA,NA,NA
"2538","651013",NA,"resources/real_fg_memory_images/fg3.jpg",NA,"artificial","Neutral",NA,NA,NA,NA,NA,NA
"2539","651013",NA,"resources/real_fg_memory_images/fg11.jpg",NA,"artificial","Scam",NA,NA,NA,NA,NA,NA
"2540","651013",NA,"resources/real_fg_memory_images/fg1.jpg",NA,"artificial","Neutral",NA,NA,NA,NA,NA,NA
"2541","651013",NA,"resources/real_fg_memory_images/fg5.jpg",NA,"artificial","Neutral",NA,NA,NA,NA,NA,NA
"2542","651013",NA,"resources/real_fg_memory_images/orig27.jpg",NA,"real","Scam",NA,NA,NA,NA,NA,NA
"2543","651013",NA,"resources/real_fg_memory_images/orig20.jpg",NA,"real","Neutral",NA,NA,NA,NA,NA,NA
"2544","651013",NA,"resources/real_fg_memory_images/fg6.jpg",NA,"artificial","Neutral",NA,NA,NA,NA,NA,NA
"2545","651013",NA,"resources/real_fg_memory_images/fg8.jpg",NA,"artificial","Scam",NA,NA,NA,NA,NA,NA
"2546","651013",NA,"resources/real_fg_memory_images/fg4.jpg",NA,"artificial","Neutral",NA,NA,NA,NA,NA,NA
"2547","651013",NA,"resources/real_fg_memory_images/orig28.jpg",NA,"real","Scam",NA,NA,NA,NA,NA,NA
"2548","651013",NA,NA,NA,NA,NA,NA,NA,NA,NA,NA,NA
"2549","651013",NA,"resources/real_fg_memory_images/orig22.jpg",NA,"real","Neutral","[""neutral_button""]","10",NA,NA,NA,NA
"2550","651013",NA,"resources/real_fg_memory_images/orig21.jpg",NA,"real","Neutral","[""neutral_button""]","10",NA,NA,NA,NA
"2551","651013",NA,"resources/real_fg_memory_images/fg10.jpg",NA,"artificial","Scam","[""scam_button""]","3",NA,NA,NA,NA
"2552","651013",NA,"resources/real_fg_memory_images/orig19.jpg",NA,"real","Neutral","[""scam_button""]","4",NA,NA,NA,NA
"2553","651013",NA,"resources/real_fg_memory_images/orig24.jpg",NA,"real","Neutral","[""neutral_button""]","7",NA,NA,NA,NA
"2554","651013",NA,"resources/real_fg_memory_images/fg9.jpg",NA,"artificial","Scam","[""scam_button""]","6",NA,NA,NA,NA
"2555","651013",NA,"resources/real_fg_memory_images/fg1.jpg",NA,"artificial","Neutral","[""scam_button""]","5",NA,NA,NA,NA
"2556","651013",NA,"resources/real_fg_memory_images/fg8.jpg",NA,"artificial","Scam","[""neutral_button""]","8",NA,NA,NA,NA
"2557","651013",NA,"resources/real_fg_memory_images/orig23.jpg",NA,"real","Neutral","[""neutral_button""]","7",NA,NA,NA,NA
"2558","651013",NA,"resources/real_fg_memory_images/orig25.jpg",NA,"real","Scam","[""scam_button""]","3",NA,NA,NA,NA
"2559","651013",NA,"resources/real_fg_memory_images/fg6.jpg",NA,"artificial","Neutral","[""neutral_button""]","8",NA,NA,NA,NA
"2560","651013",NA,"resources/real_fg_memory_images/orig27.jpg",NA,"real","Scam","[""scam_button""]","8",NA,NA,NA,NA
"2561","651013",NA,"resources/real_fg_memory_images/fg12.jpg",NA,"artificial","Scam","[""neutral_button""]","3",NA,NA,NA,NA
"2562","651013",NA,"resources/real_fg_memory_images/fg7.jpg",NA,"artificial","Scam","[""scam_button""]","7",NA,NA,NA,NA
"2563","651013",NA,"resources/real_fg_memory_images/fg2.jpg",NA,"artificial","Neutral","[""neutral_button""]","4",NA,NA,NA,NA
"2564","651013",NA,"resources/real_fg_memory_images/orig28.jpg",NA,"real","Scam","[""scam_button""]","2",NA,NA,NA,NA
"2565","651013",NA,"resources/real_fg_memory_images/orig30.jpg",NA,"real","Scam","[""scam_button""]","9",NA,NA,NA,NA
"2566","651013",NA,"resources/real_fg_memory_images/orig26.jpg",NA,"real","Scam","[""neutral_button""]","5",NA,NA,NA,NA
"2567","651013",NA,"resources/real_fg_memory_images/fg3.jpg",NA,"artificial","Neutral","[""neutral_button""]","6",NA,NA,NA,NA
"2568","651013",NA,"resources/real_fg_memory_images/fg11.jpg",NA,"artificial","Scam","[""neutral_button""]","3",NA,NA,NA,NA
"2569","651013",NA,"resources/real_fg_memory_images/fg4.jpg",NA,"artificial","Neutral","[""scam_button""]","7",NA,NA,NA,NA
"2570","651013",NA,"resources/real_fg_memory_images/fg5.jpg",NA,"artificial","Neutral","[""scam_button""]","3",NA,NA,NA,NA
"2571","651013",NA,"resources/real_fg_memory_images/orig29.jpg",NA,"real","Scam","[""neutral_button""]","9",NA,NA,NA,NA
"2572","651013",NA,"resources/real_fg_memory_images/orig20.jpg",NA,"real","Neutral","[""neutral_button""]","7",NA,NA,NA,NA
"2573","651013",NA,NA,NA,NA,NA,NA,NA,NA,NA,NA,NA
"2574","651013",5,"resources/real_fg_memory_images/orig23.jpg","real",NA,NA,NA,NA,NA,NA,NA,NA
"2575","651013",6,"resources/real_fg_memory_images/fg2.jpg","artificial",NA,NA,NA,NA,NA,NA,NA,NA
"2576","651013",4,"resources/real_fg_memory_images/orig36.jpg","real",NA,NA,NA,NA,NA,NA,NA,NA
"2577","651013",2,"resources/real_fg_memory_images/fg12.jpg","artificial",NA,NA,NA,NA,NA,NA,NA,NA
"2578","651013",7,"resources/real_fg_memory_images/orig26.jpg","real",NA,NA,NA,NA,NA,NA,NA,NA
"2579","651013",6,"resources/real_fg_memory_images/fg17.jpg","artificial",NA,NA,NA,NA,NA,NA,NA,NA
"2580","651013",3,"resources/real_fg_memory_images/orig24.jpg","real",NA,NA,NA,NA,NA,NA,NA,NA
"2581","651013",6,"resources/real_fg_memory_images/orig21.jpg","real",NA,NA,NA,NA,NA,NA,NA,NA
"2582","651013",5,"resources/real_fg_memory_images/orig33.jpg","real",NA,NA,NA,NA,NA,NA,NA,NA
"2583","651013",7,"resources/real_fg_memory_images/fg14.jpg","artificial",NA,NA,NA,NA,NA,NA,NA,NA
"2584","651013",89,"resources/real_fg_memory_images/fg11.jpg","artificial",NA,NA,NA,NA,NA,NA,NA,NA
"2585","651013",6,"resources/real_fg_memory_images/orig19.jpg","real",NA,NA,NA,NA,NA,NA,NA,NA
"2586","651013",4,"resources/real_fg_memory_images/fg3.jpg","artificial",NA,NA,NA,NA,NA,NA,NA,NA
"2587","651013",6,"resources/real_fg_memory_images/orig29.jpg","real",NA,NA,NA,NA,NA,NA,NA,NA
"2588","651013",4,"resources/real_fg_memory_images/orig20.jpg","real",NA,NA,NA,NA,NA,NA,NA,NA
"2589","651013",5,"resources/real_fg_memory_images/fg6.jpg","artificial",NA,NA,NA,NA,NA,NA,NA,NA
"2590","651013",3,"resources/real_fg_memory_images/fg9.jpg","artificial",NA,NA,NA,NA,NA,NA,NA,NA
"2591","651013",4,"resources/real_fg_memory_images/orig27.jpg","real",NA,NA,NA,NA,NA,NA,NA,NA
"2592","651013",2,"resources/real_fg_memory_images/fg8.jpg","artificial",NA,NA,NA,NA,NA,NA,NA,NA
"2593","651013",5,"resources/real_fg_memory_images/orig22.jpg","real",NA,NA,NA,NA,NA,NA,NA,NA
"2594","651013",5,"resources/real_fg_memory_images/orig25.jpg","real",NA,NA,NA,NA,NA,NA,NA,NA
"2595","651013",3,"resources/real_fg_memory_images/fg1.jpg","artificial",NA,NA,NA,NA,NA,NA,NA,NA
"2596","651013",7,"resources/real_fg_memory_images/orig32.jpg","real",NA,NA,NA,NA,NA,NA,NA,NA
"2597","651013",8,"resources/real_fg_memory_images/orig34.jpg","real",NA,NA,NA,NA,NA,NA,NA,NA
"2598","651013",7,"resources/real_fg_memory_images/orig28.jpg","real",NA,NA,NA,NA,NA,NA,NA,NA
"2599","651013",9,"resources/real_fg_memory_images/fg18.jpg","artificial",NA,NA,NA,NA,NA,NA,NA,NA
"2600","651013",5,"resources/real_fg_memory_images/fg15.jpg","artificial",NA,NA,NA,NA,NA,NA,NA,NA
"2601","651013",7,"resources/real_fg_memory_images/fg5.jpg","artificial",NA,NA,NA,NA,NA,NA,NA,NA
"2602","651013",6,"resources/real_fg_memory_images/fg7.jpg","artificial",NA,NA,NA,NA,NA,NA,NA,NA
"2603","651013",3,"resources/real_fg_memory_images/fg4.jpg","artificial",NA,NA,NA,NA,NA,NA,NA,NA
"2604","651013",8,"resources/real_fg_memory_images/orig30.jpg","real",NA,NA,NA,NA,NA,NA,NA,NA
"2605","651013",2,"resources/real_fg_memory_images/fg13.jpg","artificial",NA,NA,NA,NA,NA,NA,NA,NA
"2606","651013",4,"resources/real_fg_memory_images/orig31.jpg","real",NA,NA,NA,NA,NA,NA,NA,NA
"2607","651013",5,"resources/real_fg_memory_images/fg10.jpg","artificial",NA,NA,NA,NA,NA,NA,NA,NA
"2608","651013",6,"resources/real_fg_memory_images/orig35.jpg","real",NA,NA,NA,NA,NA,NA,NA,NA
"2609","651013",3,"resources/real_fg_memory_images/fg16.jpg","artificial",NA,NA,NA,NA,NA,NA,NA,NA
"2610","651013",NA,NA,NA,NA,NA,NA,NA,NA,NA,NA,NA
"2611","651013",NA,NA,NA,NA,NA,NA,NA,2,"I answer the phone whenever it rings, even if I do not know who is calling",NA,NA
"2612","651013",NA,NA,NA,NA,NA,NA,NA,3,"If something sounds too good to be true, it usually is",NA,NA
"2613","651013",NA,NA,NA,NA,NA,NA,NA,5,"Persons over the age of 65 are often targeted by con-artists",NA,NA
"2614","651013",NA,NA,NA,NA,NA,NA,NA,1,"I have difficulty ending a phone call, even if the caller is a telemarketer, someone I do not know, or someone I do not wish to call me",NA,NA
"2615","651013",NA,NA,NA,NA,NA,NA,NA,1,"If a telemarketer calls me, I usually listen to what they have to say",NA,NA
"2616","651013",NA,NA,NA,NA,NA,NA,NA,NA,NA,NA,NA
"2617","651013",NA,NA,NA,NA,NA,NA,NA,NA,NA,"[""female_option""]",NA
"2618","651013",NA,NA,NA,NA,NA,NA,NA,NA,NA,NA,20
"2619","651013",NA,NA,NA,NA,NA,NA,NA,NA,NA,NA,NA
"2620","651013",NA,NA,NA,NA,NA,NA,NA,NA,NA,NA,NA
"2621","651013",NA,NA,NA,NA,NA,NA,NA,NA,NA,NA,NA
"2622","651013",NA,NA,NA,NA,NA,NA,NA,NA,NA,NA,NA
"2623","651013",NA,NA,NA,NA,NA,NA,NA,NA,NA,NA,NA
"2624","651013",NA,NA,NA,NA,NA,NA,NA,NA,NA,NA,NA
"2625","651013",NA,NA,NA,NA,NA,NA,NA,NA,NA,NA,NA
"2626","651013",NA,NA,NA,NA,NA,NA,NA,NA,NA,NA,NA
"2627","651013",NA,NA,NA,NA,NA,NA,NA,NA,NA,NA,NA
"2628","651013",NA,NA,NA,NA,NA,NA,NA,NA,NA,NA,NA
"2629","699511",NA,NA,NA,NA,NA,NA,NA,NA,NA,NA,NA
"2630","699511",NA,NA,NA,NA,NA,NA,NA,NA,NA,NA,NA
"2631","699511",NA,NA,NA,NA,NA,NA,NA,NA,NA,NA,NA
"2632","699511",NA,NA,NA,NA,NA,NA,NA,NA,NA,NA,NA
"2633","699511",3,"resources/real_fg_memory_images/fg17.jpg","artificial",NA,NA,NA,NA,NA,NA,NA,NA
"2634","699511",3,"resources/real_fg_memory_images/fg3.jpg","artificial",NA,NA,NA,NA,NA,NA,NA,NA
"2635","699511",3,"resources/real_fg_memory_images/fg10.jpg","artificial",NA,NA,NA,NA,NA,NA,NA,NA
"2636","699511",3,"resources/real_fg_memory_images/fg1.jpg","artificial",NA,NA,NA,NA,NA,NA,NA,NA
"2637","699511",3,"resources/real_fg_memory_images/fg6.jpg","artificial",NA,NA,NA,NA,NA,NA,NA,NA
"2638","699511",3,"resources/real_fg_memory_images/orig29.jpg","real",NA,NA,NA,NA,NA,NA,NA,NA
"2639","699511",3,"resources/real_fg_memory_images/orig35.jpg","real",NA,NA,NA,NA,NA,NA,NA,NA
"2640","699511",3,"resources/real_fg_memory_images/fg18.jpg","artificial",NA,NA,NA,NA,NA,NA,NA,NA
"2641","699511",3,"resources/real_fg_memory_images/fg9.jpg","artificial",NA,NA,NA,NA,NA,NA,NA,NA
"2642","699511",3,"resources/real_fg_memory_images/fg12.jpg","artificial",NA,NA,NA,NA,NA,NA,NA,NA
"2643","699511",3,"resources/real_fg_memory_images/fg16.jpg","artificial",NA,NA,NA,NA,NA,NA,NA,NA
"2644","699511",3,"resources/real_fg_memory_images/fg5.jpg","artificial",NA,NA,NA,NA,NA,NA,NA,NA
"2645","699511",3,"resources/real_fg_memory_images/fg2.jpg","artificial",NA,NA,NA,NA,NA,NA,NA,NA
"2646","699511",3,"resources/real_fg_memory_images/orig34.jpg","real",NA,NA,NA,NA,NA,NA,NA,NA
"2647","699511",3,"resources/real_fg_memory_images/fg11.jpg","artificial",NA,NA,NA,NA,NA,NA,NA,NA
"2648","699511",3,"resources/real_fg_memory_images/orig25.jpg","real",NA,NA,NA,NA,NA,NA,NA,NA
"2649","699511",3,"resources/real_fg_memory_images/fg8.jpg","artificial",NA,NA,NA,NA,NA,NA,NA,NA
"2650","699511",3,"resources/real_fg_memory_images/orig33.jpg","real",NA,NA,NA,NA,NA,NA,NA,NA
"2651","699511",3,"resources/real_fg_memory_images/orig26.jpg","real",NA,NA,NA,NA,NA,NA,NA,NA
"2652","699511",3,"resources/real_fg_memory_images/fg13.jpg","artificial",NA,NA,NA,NA,NA,NA,NA,NA
"2653","699511",3,"resources/real_fg_memory_images/fg14.jpg","artificial",NA,NA,NA,NA,NA,NA,NA,NA
"2654","699511",2,"resources/real_fg_memory_images/orig23.jpg","real",NA,NA,NA,NA,NA,NA,NA,NA
"2655","699511",3,"resources/real_fg_memory_images/orig21.jpg","real",NA,NA,NA,NA,NA,NA,NA,NA
"2656","699511",3,"resources/real_fg_memory_images/orig36.jpg","real",NA,NA,NA,NA,NA,NA,NA,NA
"2657","699511",2,"resources/real_fg_memory_images/orig32.jpg","real",NA,NA,NA,NA,NA,NA,NA,NA
"2658","699511",3,"resources/real_fg_memory_images/fg4.jpg","artificial",NA,NA,NA,NA,NA,NA,NA,NA
"2659","699511",3,"resources/real_fg_memory_images/orig20.jpg","real",NA,NA,NA,NA,NA,NA,NA,NA
"2660","699511",3,"resources/real_fg_memory_images/orig28.jpg","real",NA,NA,NA,NA,NA,NA,NA,NA
"2661","699511",3,"resources/real_fg_memory_images/fg7.jpg","artificial",NA,NA,NA,NA,NA,NA,NA,NA
"2662","699511",3,"resources/real_fg_memory_images/fg15.jpg","artificial",NA,NA,NA,NA,NA,NA,NA,NA
"2663","699511",3,"resources/real_fg_memory_images/orig30.jpg","real",NA,NA,NA,NA,NA,NA,NA,NA
"2664","699511",3,"resources/real_fg_memory_images/orig19.jpg","real",NA,NA,NA,NA,NA,NA,NA,NA
"2665","699511",3,"resources/real_fg_memory_images/orig22.jpg","real",NA,NA,NA,NA,NA,NA,NA,NA
"2666","699511",3,"resources/real_fg_memory_images/orig27.jpg","real",NA,NA,NA,NA,NA,NA,NA,NA
"2667","699511",2,"resources/real_fg_memory_images/orig31.jpg","real",NA,NA,NA,NA,NA,NA,NA,NA
"2668","699511",2,"resources/real_fg_memory_images/orig24.jpg","real",NA,NA,NA,NA,NA,NA,NA,NA
"2669","699511",NA,NA,NA,NA,NA,NA,NA,NA,NA,NA,NA
"2670","699511",NA,"resources/real_fg_memory_images/orig26.jpg",NA,"real","Scam",NA,NA,NA,NA,NA,NA
"2671","699511",NA,"resources/real_fg_memory_images/orig19.jpg",NA,"real","Neutral",NA,NA,NA,NA,NA,NA
"2672","699511",NA,"resources/real_fg_memory_images/fg12.jpg",NA,"artificial","Scam",NA,NA,NA,NA,NA,NA
"2673","699511",NA,"resources/real_fg_memory_images/fg2.jpg",NA,"artificial","Neutral",NA,NA,NA,NA,NA,NA
"2674","699511",NA,"resources/real_fg_memory_images/orig29.jpg",NA,"real","Scam",NA,NA,NA,NA,NA,NA
"2675","699511",NA,"resources/real_fg_memory_images/fg9.jpg",NA,"artificial","Scam",NA,NA,NA,NA,NA,NA
"2676","699511",NA,"resources/real_fg_memory_images/fg4.jpg",NA,"artificial","Neutral",NA,NA,NA,NA,NA,NA
"2677","699511",NA,"resources/real_fg_memory_images/orig22.jpg",NA,"real","Neutral",NA,NA,NA,NA,NA,NA
"2678","699511",NA,"resources/real_fg_memory_images/fg5.jpg",NA,"artificial","Neutral",NA,NA,NA,NA,NA,NA
"2679","699511",NA,"resources/real_fg_memory_images/fg7.jpg",NA,"artificial","Scam",NA,NA,NA,NA,NA,NA
"2680","699511",NA,"resources/real_fg_memory_images/orig24.jpg",NA,"real","Neutral",NA,NA,NA,NA,NA,NA
"2681","699511",NA,"resources/real_fg_memory_images/orig23.jpg",NA,"real","Neutral",NA,NA,NA,NA,NA,NA
"2682","699511",NA,"resources/real_fg_memory_images/fg3.jpg",NA,"artificial","Neutral",NA,NA,NA,NA,NA,NA
"2683","699511",NA,"resources/real_fg_memory_images/fg11.jpg",NA,"artificial","Scam",NA,NA,NA,NA,NA,NA
"2684","699511",NA,"resources/real_fg_memory_images/orig25.jpg",NA,"real","Scam",NA,NA,NA,NA,NA,NA
"2685","699511",NA,"resources/real_fg_memory_images/orig27.jpg",NA,"real","Scam",NA,NA,NA,NA,NA,NA
"2686","699511",NA,"resources/real_fg_memory_images/fg8.jpg",NA,"artificial","Scam",NA,NA,NA,NA,NA,NA
"2687","699511",NA,"resources/real_fg_memory_images/orig30.jpg",NA,"real","Scam",NA,NA,NA,NA,NA,NA
"2688","699511",NA,"resources/real_fg_memory_images/orig28.jpg",NA,"real","Scam",NA,NA,NA,NA,NA,NA
"2689","699511",NA,"resources/real_fg_memory_images/fg10.jpg",NA,"artificial","Scam",NA,NA,NA,NA,NA,NA
"2690","699511",NA,"resources/real_fg_memory_images/fg1.jpg",NA,"artificial","Neutral",NA,NA,NA,NA,NA,NA
"2691","699511",NA,"resources/real_fg_memory_images/orig21.jpg",NA,"real","Neutral",NA,NA,NA,NA,NA,NA
"2692","699511",NA,"resources/real_fg_memory_images/orig20.jpg",NA,"real","Neutral",NA,NA,NA,NA,NA,NA
"2693","699511",NA,"resources/real_fg_memory_images/fg6.jpg",NA,"artificial","Neutral",NA,NA,NA,NA,NA,NA
"2694","699511",NA,NA,NA,NA,NA,NA,NA,NA,NA,NA,NA
"2695","699511",NA,"resources/real_fg_memory_images/orig30.jpg",NA,"real","Scam","[""scam_button""]","2",NA,NA,NA,NA
"2696","699511",NA,"resources/real_fg_memory_images/orig29.jpg",NA,"real","Scam","[""neutral_button""]","3",NA,NA,NA,NA
"2697","699511",NA,"resources/real_fg_memory_images/orig28.jpg",NA,"real","Scam","[""scam_button""]","3",NA,NA,NA,NA
"2698","699511",NA,"resources/real_fg_memory_images/fg4.jpg",NA,"artificial","Neutral","[""neutral_button""]","3",NA,NA,NA,NA
"2699","699511",NA,"resources/real_fg_memory_images/orig25.jpg",NA,"real","Scam","[""scam_button""]","3",NA,NA,NA,NA
"2700","699511",NA,"resources/real_fg_memory_images/fg10.jpg",NA,"artificial","Scam","[""neutral_button""]","3",NA,NA,NA,NA
"2701","699511",NA,"resources/real_fg_memory_images/fg3.jpg",NA,"artificial","Neutral","[""neutral_button""]","3",NA,NA,NA,NA
"2702","699511",NA,"resources/real_fg_memory_images/fg6.jpg",NA,"artificial","Neutral","[""neutral_button""]","3",NA,NA,NA,NA
"2703","699511",NA,"resources/real_fg_memory_images/orig24.jpg",NA,"real","Neutral","[""scam_button""]","3",NA,NA,NA,NA
"2704","699511",NA,"resources/real_fg_memory_images/fg7.jpg",NA,"artificial","Scam","[""neutral_button""]","3",NA,NA,NA,NA
"2705","699511",NA,"resources/real_fg_memory_images/fg8.jpg",NA,"artificial","Scam","[""scam_button""]","3",NA,NA,NA,NA
"2706","699511",NA,"resources/real_fg_memory_images/fg1.jpg",NA,"artificial","Neutral","[""neutral_button""]","3",NA,NA,NA,NA
"2707","699511",NA,"resources/real_fg_memory_images/orig20.jpg",NA,"real","Neutral","[""scam_button""]","3",NA,NA,NA,NA
"2708","699511",NA,"resources/real_fg_memory_images/orig23.jpg",NA,"real","Neutral","[""neutral_button""]","3",NA,NA,NA,NA
"2709","699511",NA,"resources/real_fg_memory_images/fg2.jpg",NA,"artificial","Neutral","[""neutral_button""]","3",NA,NA,NA,NA
"2710","699511",NA,"resources/real_fg_memory_images/fg5.jpg",NA,"artificial","Neutral","[""scam_button""]","3",NA,NA,NA,NA
"2711","699511",NA,"resources/real_fg_memory_images/orig19.jpg",NA,"real","Neutral","[""scam_button""]","3",NA,NA,NA,NA
"2712","699511",NA,"resources/real_fg_memory_images/fg9.jpg",NA,"artificial","Scam","[""scam_button""]","3",NA,NA,NA,NA
"2713","699511",NA,"resources/real_fg_memory_images/fg12.jpg",NA,"artificial","Scam","[""scam_button""]","3",NA,NA,NA,NA
"2714","699511",NA,"resources/real_fg_memory_images/fg11.jpg",NA,"artificial","Scam","[""scam_button""]","3",NA,NA,NA,NA
"2715","699511",NA,"resources/real_fg_memory_images/orig26.jpg",NA,"real","Scam","[""neutral_button""]","3",NA,NA,NA,NA
"2716","699511",NA,"resources/real_fg_memory_images/orig21.jpg",NA,"real","Neutral","[""scam_button""]","3",NA,NA,NA,NA
"2717","699511",NA,"resources/real_fg_memory_images/orig22.jpg",NA,"real","Neutral","[""neutral_button""]","3",NA,NA,NA,NA
"2718","699511",NA,"resources/real_fg_memory_images/orig27.jpg",NA,"real","Scam","[""neutral_button""]","3",NA,NA,NA,NA
"2719","699511",NA,NA,NA,NA,NA,NA,NA,NA,NA,NA,NA
"2720","699511",3,"resources/real_fg_memory_images/fg3.jpg","artificial",NA,NA,NA,NA,NA,NA,NA,NA
"2721","699511",5,"resources/real_fg_memory_images/orig28.jpg","real",NA,NA,NA,NA,NA,NA,NA,NA
"2722","699511",4,"resources/real_fg_memory_images/fg14.jpg","artificial",NA,NA,NA,NA,NA,NA,NA,NA
"2723","699511",4,"resources/real_fg_memory_images/orig36.jpg","real",NA,NA,NA,NA,NA,NA,NA,NA
"2724","699511",5,"resources/real_fg_memory_images/orig22.jpg","real",NA,NA,NA,NA,NA,NA,NA,NA
"2725","699511",5,"resources/real_fg_memory_images/orig30.jpg","real",NA,NA,NA,NA,NA,NA,NA,NA
"2726","699511",5,"resources/real_fg_memory_images/orig26.jpg","real",NA,NA,NA,NA,NA,NA,NA,NA
"2727","699511",5,"resources/real_fg_memory_images/orig35.jpg","real",NA,NA,NA,NA,NA,NA,NA,NA
"2728","699511",5,"resources/real_fg_memory_images/fg13.jpg","artificial",NA,NA,NA,NA,NA,NA,NA,NA
"2729","699511",3,"resources/real_fg_memory_images/orig32.jpg","real",NA,NA,NA,NA,NA,NA,NA,NA
"2730","699511",3,"resources/real_fg_memory_images/orig31.jpg","real",NA,NA,NA,NA,NA,NA,NA,NA
"2731","699511",3,"resources/real_fg_memory_images/orig33.jpg","real",NA,NA,NA,NA,NA,NA,NA,NA
"2732","699511",3,"resources/real_fg_memory_images/fg6.jpg","artificial",NA,NA,NA,NA,NA,NA,NA,NA
"2733","699511",3,"resources/real_fg_memory_images/orig24.jpg","real",NA,NA,NA,NA,NA,NA,NA,NA
"2734","699511",3,"resources/real_fg_memory_images/orig25.jpg","real",NA,NA,NA,NA,NA,NA,NA,NA
"2735","699511",3,"resources/real_fg_memory_images/fg15.jpg","artificial",NA,NA,NA,NA,NA,NA,NA,NA
"2736","699511",4,"resources/real_fg_memory_images/fg11.jpg","artificial",NA,NA,NA,NA,NA,NA,NA,NA
"2737","699511",3,"resources/real_fg_memory_images/orig29.jpg","real",NA,NA,NA,NA,NA,NA,NA,NA
"2738","699511",4,"resources/real_fg_memory_images/orig21.jpg","real",NA,NA,NA,NA,NA,NA,NA,NA
"2739","699511",2,"resources/real_fg_memory_images/orig27.jpg","real",NA,NA,NA,NA,NA,NA,NA,NA
"2740","699511",3,"resources/real_fg_memory_images/fg8.jpg","artificial",NA,NA,NA,NA,NA,NA,NA,NA
"2741","699511",4,"resources/real_fg_memory_images/fg7.jpg","artificial",NA,NA,NA,NA,NA,NA,NA,NA
"2742","699511",3,"resources/real_fg_memory_images/fg10.jpg","artificial",NA,NA,NA,NA,NA,NA,NA,NA
"2743","699511",3,"resources/real_fg_memory_images/orig23.jpg","real",NA,NA,NA,NA,NA,NA,NA,NA
"2744","699511",3,"resources/real_fg_memory_images/fg18.jpg","artificial",NA,NA,NA,NA,NA,NA,NA,NA
"2745","699511",3,"resources/real_fg_memory_images/orig19.jpg","real",NA,NA,NA,NA,NA,NA,NA,NA
"2746","699511",3,"resources/real_fg_memory_images/orig34.jpg","real",NA,NA,NA,NA,NA,NA,NA,NA
"2747","699511",2,"resources/real_fg_memory_images/fg1.jpg","artificial",NA,NA,NA,NA,NA,NA,NA,NA
"2748","699511",3,"resources/real_fg_memory_images/fg16.jpg","artificial",NA,NA,NA,NA,NA,NA,NA,NA
"2749","699511",3,"resources/real_fg_memory_images/fg17.jpg","artificial",NA,NA,NA,NA,NA,NA,NA,NA
"2750","699511",3,"resources/real_fg_memory_images/fg12.jpg","artificial",NA,NA,NA,NA,NA,NA,NA,NA
"2751","699511",3,"resources/real_fg_memory_images/fg4.jpg","artificial",NA,NA,NA,NA,NA,NA,NA,NA
"2752","699511",3,"resources/real_fg_memory_images/orig20.jpg","real",NA,NA,NA,NA,NA,NA,NA,NA
"2753","699511",3,"resources/real_fg_memory_images/fg2.jpg","artificial",NA,NA,NA,NA,NA,NA,NA,NA
"2754","699511",3,"resources/real_fg_memory_images/fg9.jpg","artificial",NA,NA,NA,NA,NA,NA,NA,NA
"2755","699511",2,"resources/real_fg_memory_images/fg5.jpg","artificial",NA,NA,NA,NA,NA,NA,NA,NA
"2756","699511",NA,NA,NA,NA,NA,NA,NA,NA,NA,NA,NA
"2757","699511",NA,NA,NA,NA,NA,NA,NA,3,"I have difficulty ending a phone call, even if the caller is a telemarketer, someone I do not know, or someone I do not wish to call me",NA,NA
"2758","699511",NA,NA,NA,NA,NA,NA,NA,3,"I answer the phone whenever it rings, even if I do not know who is calling",NA,NA
"2759","699511",NA,NA,NA,NA,NA,NA,NA,3,"If a telemarketer calls me, I usually listen to what they have to say",NA,NA
"2760","699511",NA,NA,NA,NA,NA,NA,NA,3,"If something sounds too good to be true, it usually is",NA,NA
"2761","699511",NA,NA,NA,NA,NA,NA,NA,3,"Persons over the age of 65 are often targeted by con-artists",NA,NA
"2762","699511",NA,NA,NA,NA,NA,NA,NA,NA,NA,NA,NA
"2763","699511",NA,NA,NA,NA,NA,NA,NA,NA,NA,"[]",NA
"2764","699511",NA,NA,NA,NA,NA,NA,NA,NA,NA,NA,21
"2765","699511",NA,NA,NA,NA,NA,NA,NA,NA,NA,NA,NA
"2766","699511",NA,NA,NA,NA,NA,NA,NA,NA,NA,NA,NA
"2767","699511",NA,NA,NA,NA,NA,NA,NA,NA,NA,NA,NA
"2768","699511",NA,NA,NA,NA,NA,NA,NA,NA,NA,NA,NA
"2769","699511",NA,NA,NA,NA,NA,NA,NA,NA,NA,NA,NA
"2770","699511",NA,NA,NA,NA,NA,NA,NA,NA,NA,NA,NA
"2771","699511",NA,NA,NA,NA,NA,NA,NA,NA,NA,NA,NA
"2772","699511",NA,NA,NA,NA,NA,NA,NA,NA,NA,NA,NA
"2773","699511",NA,NA,NA,NA,NA,NA,NA,NA,NA,NA,NA
"2774","699511",NA,NA,NA,NA,NA,NA,NA,NA,NA,NA,NA
"2775","752215",NA,NA,NA,NA,NA,NA,NA,NA,NA,NA,NA
"2776","752215",NA,NA,NA,NA,NA,NA,NA,NA,NA,NA,NA
"2777","752215",NA,NA,NA,NA,NA,NA,NA,NA,NA,NA,NA
"2778","752215",NA,NA,NA,NA,NA,NA,NA,NA,NA,NA,NA
"2779","752215",5,"resources/real_fg_memory_images/orig28.jpg","real",NA,NA,NA,NA,NA,NA,NA,NA
"2780","752215",2,"resources/real_fg_memory_images/fg3.jpg","artificial",NA,NA,NA,NA,NA,NA,NA,NA
"2781","752215",4,"resources/real_fg_memory_images/orig20.jpg","real",NA,NA,NA,NA,NA,NA,NA,NA
"2782","752215",0,"resources/real_fg_memory_images/fg6.jpg","artificial",NA,NA,NA,NA,NA,NA,NA,NA
"2783","752215",4,"resources/real_fg_memory_images/fg10.jpg","artificial",NA,NA,NA,NA,NA,NA,NA,NA
"2784","752215",6,"resources/real_fg_memory_images/orig25.jpg","real",NA,NA,NA,NA,NA,NA,NA,NA
"2785","752215",9,"resources/real_fg_memory_images/orig26.jpg","real",NA,NA,NA,NA,NA,NA,NA,NA
"2786","752215",7,"resources/real_fg_memory_images/orig32.jpg","real",NA,NA,NA,NA,NA,NA,NA,NA
"2787","752215",0,"resources/real_fg_memory_images/fg15.jpg","artificial",NA,NA,NA,NA,NA,NA,NA,NA
"2788","752215",0,"resources/real_fg_memory_images/fg12.jpg","artificial",NA,NA,NA,NA,NA,NA,NA,NA
"2789","752215",6,"resources/real_fg_memory_images/fg4.jpg","artificial",NA,NA,NA,NA,NA,NA,NA,NA
"2790","752215",10,"resources/real_fg_memory_images/orig30.jpg","real",NA,NA,NA,NA,NA,NA,NA,NA
"2791","752215",6,"resources/real_fg_memory_images/fg14.jpg","artificial",NA,NA,NA,NA,NA,NA,NA,NA
"2792","752215",7,"resources/real_fg_memory_images/fg8.jpg","artificial",NA,NA,NA,NA,NA,NA,NA,NA
"2793","752215",0,"resources/real_fg_memory_images/fg13.jpg","artificial",NA,NA,NA,NA,NA,NA,NA,NA
"2794","752215",8,"resources/real_fg_memory_images/orig36.jpg","real",NA,NA,NA,NA,NA,NA,NA,NA
"2795","752215",2,"resources/real_fg_memory_images/orig27.jpg","real",NA,NA,NA,NA,NA,NA,NA,NA
"2796","752215",7,"resources/real_fg_memory_images/orig23.jpg","real",NA,NA,NA,NA,NA,NA,NA,NA
"2797","752215",7,"resources/real_fg_memory_images/orig35.jpg","real",NA,NA,NA,NA,NA,NA,NA,NA
"2798","752215",0,"resources/real_fg_memory_images/fg9.jpg","artificial",NA,NA,NA,NA,NA,NA,NA,NA
"2799","752215",8,"resources/real_fg_memory_images/orig22.jpg","real",NA,NA,NA,NA,NA,NA,NA,NA
"2800","752215",7,"resources/real_fg_memory_images/fg7.jpg","artificial",NA,NA,NA,NA,NA,NA,NA,NA
"2801","752215",6,"resources/real_fg_memory_images/fg11.jpg","artificial",NA,NA,NA,NA,NA,NA,NA,NA
"2802","752215",6,"resources/real_fg_memory_images/orig33.jpg","real",NA,NA,NA,NA,NA,NA,NA,NA
"2803","752215",3,"resources/real_fg_memory_images/orig34.jpg","real",NA,NA,NA,NA,NA,NA,NA,NA
"2804","752215",5,"resources/real_fg_memory_images/fg16.jpg","artificial",NA,NA,NA,NA,NA,NA,NA,NA
"2805","752215",0,"resources/real_fg_memory_images/fg5.jpg","artificial",NA,NA,NA,NA,NA,NA,NA,NA
"2806","752215",3,"resources/real_fg_memory_images/fg18.jpg","artificial",NA,NA,NA,NA,NA,NA,NA,NA
"2807","752215",7,"resources/real_fg_memory_images/orig21.jpg","real",NA,NA,NA,NA,NA,NA,NA,NA
"2808","752215",8,"resources/real_fg_memory_images/orig29.jpg","real",NA,NA,NA,NA,NA,NA,NA,NA
"2809","752215",4,"resources/real_fg_memory_images/fg17.jpg","artificial",NA,NA,NA,NA,NA,NA,NA,NA
"2810","752215",9,"resources/real_fg_memory_images/fg2.jpg","artificial",NA,NA,NA,NA,NA,NA,NA,NA
"2811","752215",10,"resources/real_fg_memory_images/orig24.jpg","real",NA,NA,NA,NA,NA,NA,NA,NA
"2812","752215",8,"resources/real_fg_memory_images/orig19.jpg","real",NA,NA,NA,NA,NA,NA,NA,NA
"2813","752215",7,"resources/real_fg_memory_images/orig31.jpg","real",NA,NA,NA,NA,NA,NA,NA,NA
"2814","752215",5,"resources/real_fg_memory_images/fg1.jpg","artificial",NA,NA,NA,NA,NA,NA,NA,NA
"2815","752215",NA,NA,NA,NA,NA,NA,NA,NA,NA,NA,NA
"2816","752215",NA,"resources/real_fg_memory_images/fg10.jpg",NA,"artificial","Scam",NA,NA,NA,NA,NA,NA
"2817","752215",NA,"resources/real_fg_memory_images/fg5.jpg",NA,"artificial","Neutral",NA,NA,NA,NA,NA,NA
"2818","752215",NA,"resources/real_fg_memory_images/fg9.jpg",NA,"artificial","Scam",NA,NA,NA,NA,NA,NA
"2819","752215",NA,"resources/real_fg_memory_images/orig19.jpg",NA,"real","Neutral",NA,NA,NA,NA,NA,NA
"2820","752215",NA,"resources/real_fg_memory_images/fg7.jpg",NA,"artificial","Scam",NA,NA,NA,NA,NA,NA
"2821","752215",NA,"resources/real_fg_memory_images/orig27.jpg",NA,"real","Scam",NA,NA,NA,NA,NA,NA
"2822","752215",NA,"resources/real_fg_memory_images/fg4.jpg",NA,"artificial","Neutral",NA,NA,NA,NA,NA,NA
"2823","752215",NA,"resources/real_fg_memory_images/fg12.jpg",NA,"artificial","Scam",NA,NA,NA,NA,NA,NA
"2824","752215",NA,"resources/real_fg_memory_images/orig20.jpg",NA,"real","Neutral",NA,NA,NA,NA,NA,NA
"2825","752215",NA,"resources/real_fg_memory_images/orig26.jpg",NA,"real","Scam",NA,NA,NA,NA,NA,NA
"2826","752215",NA,"resources/real_fg_memory_images/fg6.jpg",NA,"artificial","Neutral",NA,NA,NA,NA,NA,NA
"2827","752215",NA,"resources/real_fg_memory_images/orig21.jpg",NA,"real","Neutral",NA,NA,NA,NA,NA,NA
"2828","752215",NA,"resources/real_fg_memory_images/fg1.jpg",NA,"artificial","Neutral",NA,NA,NA,NA,NA,NA
"2829","752215",NA,"resources/real_fg_memory_images/fg8.jpg",NA,"artificial","Scam",NA,NA,NA,NA,NA,NA
"2830","752215",NA,"resources/real_fg_memory_images/orig29.jpg",NA,"real","Scam",NA,NA,NA,NA,NA,NA
"2831","752215",NA,"resources/real_fg_memory_images/fg2.jpg",NA,"artificial","Neutral",NA,NA,NA,NA,NA,NA
"2832","752215",NA,"resources/real_fg_memory_images/orig30.jpg",NA,"real","Scam",NA,NA,NA,NA,NA,NA
"2833","752215",NA,"resources/real_fg_memory_images/fg11.jpg",NA,"artificial","Scam",NA,NA,NA,NA,NA,NA
"2834","752215",NA,"resources/real_fg_memory_images/orig24.jpg",NA,"real","Neutral",NA,NA,NA,NA,NA,NA
"2835","752215",NA,"resources/real_fg_memory_images/orig25.jpg",NA,"real","Scam",NA,NA,NA,NA,NA,NA
"2836","752215",NA,"resources/real_fg_memory_images/fg3.jpg",NA,"artificial","Neutral",NA,NA,NA,NA,NA,NA
"2837","752215",NA,"resources/real_fg_memory_images/orig28.jpg",NA,"real","Scam",NA,NA,NA,NA,NA,NA
"2838","752215",NA,"resources/real_fg_memory_images/orig22.jpg",NA,"real","Neutral",NA,NA,NA,NA,NA,NA
"2839","752215",NA,"resources/real_fg_memory_images/orig23.jpg",NA,"real","Neutral",NA,NA,NA,NA,NA,NA
"2840","752215",NA,NA,NA,NA,NA,NA,NA,NA,NA,NA,NA
"2841","752215",NA,"resources/real_fg_memory_images/orig30.jpg",NA,"real","Scam","[""scam_button""]","8",NA,NA,NA,NA
"2842","752215",NA,"resources/real_fg_memory_images/orig21.jpg",NA,"real","Neutral","[""neutral_button""]","10",NA,NA,NA,NA
"2843","752215",NA,"resources/real_fg_memory_images/orig23.jpg",NA,"real","Neutral","[""neutral_button""]","10",NA,NA,NA,NA
"2844","752215",NA,"resources/real_fg_memory_images/fg12.jpg",NA,"artificial","Scam","[""neutral_button""]","5",NA,NA,NA,NA
"2845","752215",NA,"resources/real_fg_memory_images/fg8.jpg",NA,"artificial","Scam","[""scam_button""]","10",NA,NA,NA,NA
"2846","752215",NA,"resources/real_fg_memory_images/orig22.jpg",NA,"real","Neutral","[""neutral_button""]","10",NA,NA,NA,NA
"2847","752215",NA,"resources/real_fg_memory_images/fg9.jpg",NA,"artificial","Scam","[""neutral_button""]","10",NA,NA,NA,NA
"2848","752215",NA,"resources/real_fg_memory_images/fg3.jpg",NA,"artificial","Neutral","[""neutral_button""]","10",NA,NA,NA,NA
"2849","752215",NA,"resources/real_fg_memory_images/orig19.jpg",NA,"real","Neutral","[""neutral_button""]","7",NA,NA,NA,NA
"2850","752215",NA,"resources/real_fg_memory_images/orig26.jpg",NA,"real","Scam","[""scam_button""]","10",NA,NA,NA,NA
"2851","752215",NA,"resources/real_fg_memory_images/orig27.jpg",NA,"real","Scam","[""scam_button""]","10",NA,NA,NA,NA
"2852","752215",NA,"resources/real_fg_memory_images/orig25.jpg",NA,"real","Scam","[""scam_button""]","10",NA,NA,NA,NA
"2853","752215",NA,"resources/real_fg_memory_images/fg1.jpg",NA,"artificial","Neutral","[""neutral_button""]","6",NA,NA,NA,NA
"2854","752215",NA,"resources/real_fg_memory_images/fg6.jpg",NA,"artificial","Neutral","[""neutral_button""]","7",NA,NA,NA,NA
"2855","752215",NA,"resources/real_fg_memory_images/orig20.jpg",NA,"real","Neutral","[""neutral_button""]","4",NA,NA,NA,NA
"2856","752215",NA,"resources/real_fg_memory_images/fg10.jpg",NA,"artificial","Scam","[""scam_button""]","6",NA,NA,NA,NA
"2857","752215",NA,"resources/real_fg_memory_images/fg11.jpg",NA,"artificial","Scam","[""scam_button""]","6",NA,NA,NA,NA
"2858","752215",NA,"resources/real_fg_memory_images/fg7.jpg",NA,"artificial","Scam","[""scam_button""]","5",NA,NA,NA,NA
"2859","752215",NA,"resources/real_fg_memory_images/fg4.jpg",NA,"artificial","Neutral","[""neutral_button""]","8",NA,NA,NA,NA
"2860","752215",NA,"resources/real_fg_memory_images/orig28.jpg",NA,"real","Scam","[""scam_button""]","10",NA,NA,NA,NA
"2861","752215",NA,"resources/real_fg_memory_images/orig24.jpg",NA,"real","Neutral","[""neutral_button""]","10",NA,NA,NA,NA
"2862","752215",NA,"resources/real_fg_memory_images/fg2.jpg",NA,"artificial","Neutral","[""scam_button""]","3",NA,NA,NA,NA
"2863","752215",NA,"resources/real_fg_memory_images/orig29.jpg",NA,"real","Scam","[""scam_button""]","4",NA,NA,NA,NA
"2864","752215",NA,"resources/real_fg_memory_images/fg5.jpg",NA,"artificial","Neutral","[""neutral_button""]","10",NA,NA,NA,NA
"2865","752215",NA,NA,NA,NA,NA,NA,NA,NA,NA,NA,NA
"2866","752215",10,"resources/real_fg_memory_images/orig23.jpg","real",NA,NA,NA,NA,NA,NA,NA,NA
"2867","752215",5,"resources/real_fg_memory_images/fg1.jpg","artificial",NA,NA,NA,NA,NA,NA,NA,NA
"2868","752215",4,"resources/real_fg_memory_images/fg10.jpg","artificial",NA,NA,NA,NA,NA,NA,NA,NA
"2869","752215",0,"resources/real_fg_memory_images/fg18.jpg","artificial",NA,NA,NA,NA,NA,NA,NA,NA
"2870","752215",4,"resources/real_fg_memory_images/fg2.jpg","artificial",NA,NA,NA,NA,NA,NA,NA,NA
"2871","752215",6,"resources/real_fg_memory_images/fg17.jpg","artificial",NA,NA,NA,NA,NA,NA,NA,NA
"2872","752215",0,"resources/real_fg_memory_images/orig36.jpg","real",NA,NA,NA,NA,NA,NA,NA,NA
"2873","752215",8,"resources/real_fg_memory_images/fg9.jpg","artificial",NA,NA,NA,NA,NA,NA,NA,NA
"2874","752215",0,"resources/real_fg_memory_images/fg7.jpg","artificial",NA,NA,NA,NA,NA,NA,NA,NA
"2875","752215",4,"resources/real_fg_memory_images/orig33.jpg","real",NA,NA,NA,NA,NA,NA,NA,NA
"2876","752215",10,"resources/real_fg_memory_images/orig21.jpg","real",NA,NA,NA,NA,NA,NA,NA,NA
"2877","752215",3,"resources/real_fg_memory_images/orig31.jpg","real",NA,NA,NA,NA,NA,NA,NA,NA
"2878","752215",10,"resources/real_fg_memory_images/orig24.jpg","real",NA,NA,NA,NA,NA,NA,NA,NA
"2879","752215",0,"resources/real_fg_memory_images/orig27.jpg","real",NA,NA,NA,NA,NA,NA,NA,NA
"2880","752215",2,"resources/real_fg_memory_images/fg15.jpg","artificial",NA,NA,NA,NA,NA,NA,NA,NA
"2881","752215",3,"resources/real_fg_memory_images/orig35.jpg","real",NA,NA,NA,NA,NA,NA,NA,NA
"2882","752215",0,"resources/real_fg_memory_images/orig28.jpg","real",NA,NA,NA,NA,NA,NA,NA,NA
"2883","752215",3,"resources/real_fg_memory_images/fg13.jpg","artificial",NA,NA,NA,NA,NA,NA,NA,NA
"2884","752215",9,"resources/real_fg_memory_images/fg6.jpg","artificial",NA,NA,NA,NA,NA,NA,NA,NA
"2885","752215",0,"resources/real_fg_memory_images/orig26.jpg","real",NA,NA,NA,NA,NA,NA,NA,NA
"2886","752215",10,"resources/real_fg_memory_images/orig22.jpg","real",NA,NA,NA,NA,NA,NA,NA,NA
"2887","752215",4,"resources/real_fg_memory_images/orig32.jpg","real",NA,NA,NA,NA,NA,NA,NA,NA
"2888","752215",3,"resources/real_fg_memory_images/fg4.jpg","artificial",NA,NA,NA,NA,NA,NA,NA,NA
"2889","752215",4,"resources/real_fg_memory_images/orig19.jpg","real",NA,NA,NA,NA,NA,NA,NA,NA
"2890","752215",4,"resources/real_fg_memory_images/fg12.jpg","artificial",NA,NA,NA,NA,NA,NA,NA,NA
"2891","752215",0,"resources/real_fg_memory_images/orig30.jpg","real",NA,NA,NA,NA,NA,NA,NA,NA
"2892","752215",4,"resources/real_fg_memory_images/orig29.jpg","real",NA,NA,NA,NA,NA,NA,NA,NA
"2893","752215",0,"resources/real_fg_memory_images/fg8.jpg","artificial",NA,NA,NA,NA,NA,NA,NA,NA
"2894","752215",4,"resources/real_fg_memory_images/orig20.jpg","real",NA,NA,NA,NA,NA,NA,NA,NA
"2895","752215",6,"resources/real_fg_memory_images/fg14.jpg","artificial",NA,NA,NA,NA,NA,NA,NA,NA
"2896","752215",10,"resources/real_fg_memory_images/fg5.jpg","artificial",NA,NA,NA,NA,NA,NA,NA,NA
"2897","752215",5,"resources/real_fg_memory_images/fg11.jpg","artificial",NA,NA,NA,NA,NA,NA,NA,NA
"2898","752215",10,"resources/real_fg_memory_images/fg3.jpg","artificial",NA,NA,NA,NA,NA,NA,NA,NA
"2899","752215",0,"resources/real_fg_memory_images/orig25.jpg","real",NA,NA,NA,NA,NA,NA,NA,NA
"2900","752215",4,"resources/real_fg_memory_images/orig34.jpg","real",NA,NA,NA,NA,NA,NA,NA,NA
"2901","752215",4,"resources/real_fg_memory_images/fg16.jpg","artificial",NA,NA,NA,NA,NA,NA,NA,NA
"2902","752215",NA,NA,NA,NA,NA,NA,NA,NA,NA,NA,NA
"2903","752215",NA,NA,NA,NA,NA,NA,NA,5,"Persons over the age of 65 are often targeted by con-artists",NA,NA
"2904","752215",NA,NA,NA,NA,NA,NA,NA,4,"I answer the phone whenever it rings, even if I do not know who is calling",NA,NA
"2905","752215",NA,NA,NA,NA,NA,NA,NA,4,"If something sounds too good to be true, it usually is",NA,NA
"2906","752215",NA,NA,NA,NA,NA,NA,NA,2,"I have difficulty ending a phone call, even if the caller is a telemarketer, someone I do not know, or someone I do not wish to call me",NA,NA
"2907","752215",NA,NA,NA,NA,NA,NA,NA,1,"If a telemarketer calls me, I usually listen to what they have to say",NA,NA
"2908","752215",NA,NA,NA,NA,NA,NA,NA,NA,NA,NA,NA
"2909","752215",NA,NA,NA,NA,NA,NA,NA,NA,NA,"[""male_option""]",NA
"2910","752215",NA,NA,NA,NA,NA,NA,NA,NA,NA,NA,21
"2911","752215",NA,NA,NA,NA,NA,NA,NA,NA,NA,NA,NA
"2912","752215",NA,NA,NA,NA,NA,NA,NA,NA,NA,NA,NA
"2913","752215",NA,NA,NA,NA,NA,NA,NA,NA,NA,NA,NA
"2914","752215",NA,NA,NA,NA,NA,NA,NA,NA,NA,NA,NA
"2915","752215",NA,NA,NA,NA,NA,NA,NA,NA,NA,NA,NA
"2916","752215",NA,NA,NA,NA,NA,NA,NA,NA,NA,NA,NA
"2917","752215",NA,NA,NA,NA,NA,NA,NA,NA,NA,NA,NA
"2918","752215",NA,NA,NA,NA,NA,NA,NA,NA,NA,NA,NA
"2919","752215",NA,NA,NA,NA,NA,NA,NA,NA,NA,NA,NA
"2920","752215",NA,NA,NA,NA,NA,NA,NA,NA,NA,NA,NA
"2921","761707",NA,NA,NA,NA,NA,NA,NA,NA,NA,NA,NA
"2922","761707",NA,NA,NA,NA,NA,NA,NA,NA,NA,NA,NA
"2923","761707",NA,NA,NA,NA,NA,NA,NA,NA,NA,NA,NA
"2924","761707",NA,NA,NA,NA,NA,NA,NA,NA,NA,NA,NA
"2925","761707",5,"resources/real_fg_memory_images/fg3.jpg","artificial",NA,NA,NA,NA,NA,NA,NA,NA
"2926","761707",2,"resources/real_fg_memory_images/fg7.jpg","artificial",NA,NA,NA,NA,NA,NA,NA,NA
"2927","761707",1,"resources/real_fg_memory_images/orig19.jpg","real",NA,NA,NA,NA,NA,NA,NA,NA
"2928","761707",5,"resources/real_fg_memory_images/fg11.jpg","artificial",NA,NA,NA,NA,NA,NA,NA,NA
"2929","761707",2,"resources/real_fg_memory_images/orig34.jpg","real",NA,NA,NA,NA,NA,NA,NA,NA
"2930","761707",7,"resources/real_fg_memory_images/orig32.jpg","real",NA,NA,NA,NA,NA,NA,NA,NA
"2931","761707",4,"resources/real_fg_memory_images/fg15.jpg","artificial",NA,NA,NA,NA,NA,NA,NA,NA
"2932","761707",2,"resources/real_fg_memory_images/orig29.jpg","real",NA,NA,NA,NA,NA,NA,NA,NA
"2933","761707",1,"resources/real_fg_memory_images/orig22.jpg","real",NA,NA,NA,NA,NA,NA,NA,NA
"2934","761707",4,"resources/real_fg_memory_images/fg2.jpg","artificial",NA,NA,NA,NA,NA,NA,NA,NA
"2935","761707",3,"resources/real_fg_memory_images/orig21.jpg","real",NA,NA,NA,NA,NA,NA,NA,NA
"2936","761707",5,"resources/real_fg_memory_images/orig24.jpg","real",NA,NA,NA,NA,NA,NA,NA,NA
"2937","761707",8,"resources/real_fg_memory_images/fg1.jpg","artificial",NA,NA,NA,NA,NA,NA,NA,NA
"2938","761707",5,"resources/real_fg_memory_images/fg17.jpg","artificial",NA,NA,NA,NA,NA,NA,NA,NA
"2939","761707",8,"resources/real_fg_memory_images/fg14.jpg","artificial",NA,NA,NA,NA,NA,NA,NA,NA
"2940","761707",2,"resources/real_fg_memory_images/fg6.jpg","artificial",NA,NA,NA,NA,NA,NA,NA,NA
"2941","761707",8,"resources/real_fg_memory_images/fg4.jpg","artificial",NA,NA,NA,NA,NA,NA,NA,NA
"2942","761707",2,"resources/real_fg_memory_images/fg5.jpg","artificial",NA,NA,NA,NA,NA,NA,NA,NA
"2943","761707",6,"resources/real_fg_memory_images/fg13.jpg","artificial",NA,NA,NA,NA,NA,NA,NA,NA
"2944","761707",8,"resources/real_fg_memory_images/orig28.jpg","real",NA,NA,NA,NA,NA,NA,NA,NA
"2945","761707",2,"resources/real_fg_memory_images/fg18.jpg","artificial",NA,NA,NA,NA,NA,NA,NA,NA
"2946","761707",7,"resources/real_fg_memory_images/orig30.jpg","real",NA,NA,NA,NA,NA,NA,NA,NA
"2947","761707",1,"resources/real_fg_memory_images/orig36.jpg","real",NA,NA,NA,NA,NA,NA,NA,NA
"2948","761707",7,"resources/real_fg_memory_images/orig33.jpg","real",NA,NA,NA,NA,NA,NA,NA,NA
"2949","761707",2,"resources/real_fg_memory_images/orig35.jpg","real",NA,NA,NA,NA,NA,NA,NA,NA
"2950","761707",4,"resources/real_fg_memory_images/orig25.jpg","real",NA,NA,NA,NA,NA,NA,NA,NA
"2951","761707",4,"resources/real_fg_memory_images/orig31.jpg","real",NA,NA,NA,NA,NA,NA,NA,NA
"2952","761707",7,"resources/real_fg_memory_images/fg8.jpg","artificial",NA,NA,NA,NA,NA,NA,NA,NA
"2953","761707",2,"resources/real_fg_memory_images/orig20.jpg","real",NA,NA,NA,NA,NA,NA,NA,NA
"2954","761707",5,"resources/real_fg_memory_images/fg16.jpg","artificial",NA,NA,NA,NA,NA,NA,NA,NA
"2955","761707",6,"resources/real_fg_memory_images/orig27.jpg","real",NA,NA,NA,NA,NA,NA,NA,NA
"2956","761707",7,"resources/real_fg_memory_images/orig26.jpg","real",NA,NA,NA,NA,NA,NA,NA,NA
"2957","761707",8,"resources/real_fg_memory_images/fg10.jpg","artificial",NA,NA,NA,NA,NA,NA,NA,NA
"2958","761707",3,"resources/real_fg_memory_images/fg12.jpg","artificial",NA,NA,NA,NA,NA,NA,NA,NA
"2959","761707",3,"resources/real_fg_memory_images/fg9.jpg","artificial",NA,NA,NA,NA,NA,NA,NA,NA
"2960","761707",6,"resources/real_fg_memory_images/orig23.jpg","real",NA,NA,NA,NA,NA,NA,NA,NA
"2961","761707",NA,NA,NA,NA,NA,NA,NA,NA,NA,NA,NA
"2962","761707",NA,"resources/real_fg_memory_images/fg8.jpg",NA,"artificial","Scam",NA,NA,NA,NA,NA,NA
"2963","761707",NA,"resources/real_fg_memory_images/fg10.jpg",NA,"artificial","Scam",NA,NA,NA,NA,NA,NA
"2964","761707",NA,"resources/real_fg_memory_images/orig29.jpg",NA,"real","Scam",NA,NA,NA,NA,NA,NA
"2965","761707",NA,"resources/real_fg_memory_images/orig19.jpg",NA,"real","Neutral",NA,NA,NA,NA,NA,NA
"2966","761707",NA,"resources/real_fg_memory_images/fg6.jpg",NA,"artificial","Neutral",NA,NA,NA,NA,NA,NA
"2967","761707",NA,"resources/real_fg_memory_images/fg2.jpg",NA,"artificial","Neutral",NA,NA,NA,NA,NA,NA
"2968","761707",NA,"resources/real_fg_memory_images/fg12.jpg",NA,"artificial","Scam",NA,NA,NA,NA,NA,NA
"2969","761707",NA,"resources/real_fg_memory_images/orig25.jpg",NA,"real","Scam",NA,NA,NA,NA,NA,NA
"2970","761707",NA,"resources/real_fg_memory_images/orig23.jpg",NA,"real","Neutral",NA,NA,NA,NA,NA,NA
"2971","761707",NA,"resources/real_fg_memory_images/orig30.jpg",NA,"real","Scam",NA,NA,NA,NA,NA,NA
"2972","761707",NA,"resources/real_fg_memory_images/fg3.jpg",NA,"artificial","Neutral",NA,NA,NA,NA,NA,NA
"2973","761707",NA,"resources/real_fg_memory_images/orig20.jpg",NA,"real","Neutral",NA,NA,NA,NA,NA,NA
"2974","761707",NA,"resources/real_fg_memory_images/fg4.jpg",NA,"artificial","Neutral",NA,NA,NA,NA,NA,NA
"2975","761707",NA,"resources/real_fg_memory_images/fg9.jpg",NA,"artificial","Scam",NA,NA,NA,NA,NA,NA
"2976","761707",NA,"resources/real_fg_memory_images/fg7.jpg",NA,"artificial","Scam",NA,NA,NA,NA,NA,NA
"2977","761707",NA,"resources/real_fg_memory_images/orig27.jpg",NA,"real","Scam",NA,NA,NA,NA,NA,NA
"2978","761707",NA,"resources/real_fg_memory_images/orig26.jpg",NA,"real","Scam",NA,NA,NA,NA,NA,NA
"2979","761707",NA,"resources/real_fg_memory_images/orig28.jpg",NA,"real","Scam",NA,NA,NA,NA,NA,NA
"2980","761707",NA,"resources/real_fg_memory_images/fg5.jpg",NA,"artificial","Neutral",NA,NA,NA,NA,NA,NA
"2981","761707",NA,"resources/real_fg_memory_images/fg11.jpg",NA,"artificial","Scam",NA,NA,NA,NA,NA,NA
"2982","761707",NA,"resources/real_fg_memory_images/orig22.jpg",NA,"real","Neutral",NA,NA,NA,NA,NA,NA
"2983","761707",NA,"resources/real_fg_memory_images/orig21.jpg",NA,"real","Neutral",NA,NA,NA,NA,NA,NA
"2984","761707",NA,"resources/real_fg_memory_images/orig24.jpg",NA,"real","Neutral",NA,NA,NA,NA,NA,NA
"2985","761707",NA,"resources/real_fg_memory_images/fg1.jpg",NA,"artificial","Neutral",NA,NA,NA,NA,NA,NA
"2986","761707",NA,NA,NA,NA,NA,NA,NA,NA,NA,NA,NA
"2987","761707",NA,"resources/real_fg_memory_images/orig26.jpg",NA,"real","Scam","[""scam_button""]","9",NA,NA,NA,NA
"2988","761707",NA,"resources/real_fg_memory_images/orig22.jpg",NA,"real","Neutral","[""neutral_button""]","10",NA,NA,NA,NA
"2989","761707",NA,"resources/real_fg_memory_images/orig25.jpg",NA,"real","Scam","[""scam_button""]","8",NA,NA,NA,NA
"2990","761707",NA,"resources/real_fg_memory_images/fg9.jpg",NA,"artificial","Scam","[""scam_button""]","5",NA,NA,NA,NA
"2991","761707",NA,"resources/real_fg_memory_images/fg1.jpg",NA,"artificial","Neutral","[""neutral_button""]","7",NA,NA,NA,NA
"2992","761707",NA,"resources/real_fg_memory_images/fg3.jpg",NA,"artificial","Neutral","[""scam_button""]","6",NA,NA,NA,NA
"2993","761707",NA,"resources/real_fg_memory_images/fg4.jpg",NA,"artificial","Neutral","[""scam_button""]","8",NA,NA,NA,NA
"2994","761707",NA,"resources/real_fg_memory_images/fg8.jpg",NA,"artificial","Scam","[""scam_button""]","10",NA,NA,NA,NA
"2995","761707",NA,"resources/real_fg_memory_images/orig23.jpg",NA,"real","Neutral","[""scam_button""]","5",NA,NA,NA,NA
"2996","761707",NA,"resources/real_fg_memory_images/fg6.jpg",NA,"artificial","Neutral","[""scam_button""]","8",NA,NA,NA,NA
"2997","761707",NA,"resources/real_fg_memory_images/orig29.jpg",NA,"real","Scam","[""scam_button""]","8",NA,NA,NA,NA
"2998","761707",NA,"resources/real_fg_memory_images/fg10.jpg",NA,"artificial","Scam","[""scam_button""]","5",NA,NA,NA,NA
"2999","761707",NA,"resources/real_fg_memory_images/orig27.jpg",NA,"real","Scam","[""scam_button""]","8",NA,NA,NA,NA
"3000","761707",NA,"resources/real_fg_memory_images/orig24.jpg",NA,"real","Neutral","[""neutral_button""]","4",NA,NA,NA,NA
"3001","761707",NA,"resources/real_fg_memory_images/orig28.jpg",NA,"real","Scam","[""scam_button""]","4",NA,NA,NA,NA
"3002","761707",NA,"resources/real_fg_memory_images/fg11.jpg",NA,"artificial","Scam","[""scam_button""]","9",NA,NA,NA,NA
"3003","761707",NA,"resources/real_fg_memory_images/fg7.jpg",NA,"artificial","Scam","[""scam_button""]","9",NA,NA,NA,NA
"3004","761707",NA,"resources/real_fg_memory_images/orig20.jpg",NA,"real","Neutral","[""neutral_button""]","3",NA,NA,NA,NA
"3005","761707",NA,"resources/real_fg_memory_images/fg2.jpg",NA,"artificial","Neutral","[""scam_button""]","4",NA,NA,NA,NA
"3006","761707",NA,"resources/real_fg_memory_images/orig30.jpg",NA,"real","Scam","[""scam_button""]","5",NA,NA,NA,NA
"3007","761707",NA,"resources/real_fg_memory_images/fg12.jpg",NA,"artificial","Scam","[""scam_button""]","5",NA,NA,NA,NA
"3008","761707",NA,"resources/real_fg_memory_images/orig19.jpg",NA,"real","Neutral","[""scam_button""]","5",NA,NA,NA,NA
"3009","761707",NA,"resources/real_fg_memory_images/orig21.jpg",NA,"real","Neutral","[""scam_button""]","4",NA,NA,NA,NA
"3010","761707",NA,"resources/real_fg_memory_images/fg5.jpg",NA,"artificial","Neutral","[""scam_button""]","5",NA,NA,NA,NA
"3011","761707",NA,NA,NA,NA,NA,NA,NA,NA,NA,NA,NA
"3012","761707",8,"resources/real_fg_memory_images/fg8.jpg","artificial",NA,NA,NA,NA,NA,NA,NA,NA
"3013","761707",9,"resources/real_fg_memory_images/fg1.jpg","artificial",NA,NA,NA,NA,NA,NA,NA,NA
"3014","761707",1,"resources/real_fg_memory_images/orig35.jpg","real",NA,NA,NA,NA,NA,NA,NA,NA
"3015","761707",2,"resources/real_fg_memory_images/orig25.jpg","real",NA,NA,NA,NA,NA,NA,NA,NA
"3016","761707",5,"resources/real_fg_memory_images/orig20.jpg","real",NA,NA,NA,NA,NA,NA,NA,NA
"3017","761707",4,"resources/real_fg_memory_images/orig28.jpg","real",NA,NA,NA,NA,NA,NA,NA,NA
"3018","761707",5,"resources/real_fg_memory_images/fg7.jpg","artificial",NA,NA,NA,NA,NA,NA,NA,NA
"3019","761707",9,"resources/real_fg_memory_images/fg14.jpg","artificial",NA,NA,NA,NA,NA,NA,NA,NA
"3020","761707",6,"resources/real_fg_memory_images/fg4.jpg","artificial",NA,NA,NA,NA,NA,NA,NA,NA
"3021","761707",8,"resources/real_fg_memory_images/orig29.jpg","real",NA,NA,NA,NA,NA,NA,NA,NA
"3022","761707",6,"resources/real_fg_memory_images/fg5.jpg","artificial",NA,NA,NA,NA,NA,NA,NA,NA
"3023","761707",9,"resources/real_fg_memory_images/orig33.jpg","real",NA,NA,NA,NA,NA,NA,NA,NA
"3024","761707",4,"resources/real_fg_memory_images/orig30.jpg","real",NA,NA,NA,NA,NA,NA,NA,NA
"3025","761707",2,"resources/real_fg_memory_images/orig19.jpg","real",NA,NA,NA,NA,NA,NA,NA,NA
"3026","761707",7,"resources/real_fg_memory_images/orig21.jpg","real",NA,NA,NA,NA,NA,NA,NA,NA
"3027","761707",3,"resources/real_fg_memory_images/fg15.jpg","artificial",NA,NA,NA,NA,NA,NA,NA,NA
"3028","761707",6,"resources/real_fg_memory_images/orig36.jpg","real",NA,NA,NA,NA,NA,NA,NA,NA
"3029","761707",8,"resources/real_fg_memory_images/fg6.jpg","artificial",NA,NA,NA,NA,NA,NA,NA,NA
"3030","761707",3,"resources/real_fg_memory_images/fg18.jpg","artificial",NA,NA,NA,NA,NA,NA,NA,NA
"3031","761707",5,"resources/real_fg_memory_images/fg11.jpg","artificial",NA,NA,NA,NA,NA,NA,NA,NA
"3032","761707",7,"resources/real_fg_memory_images/orig32.jpg","real",NA,NA,NA,NA,NA,NA,NA,NA
"3033","761707",2,"resources/real_fg_memory_images/fg13.jpg","artificial",NA,NA,NA,NA,NA,NA,NA,NA
"3034","761707",8,"resources/real_fg_memory_images/fg10.jpg","artificial",NA,NA,NA,NA,NA,NA,NA,NA
"3035","761707",2,"resources/real_fg_memory_images/orig27.jpg","real",NA,NA,NA,NA,NA,NA,NA,NA
"3036","761707",6,"resources/real_fg_memory_images/fg3.jpg","artificial",NA,NA,NA,NA,NA,NA,NA,NA
"3037","761707",3,"resources/real_fg_memory_images/fg2.jpg","artificial",NA,NA,NA,NA,NA,NA,NA,NA
"3038","761707",9,"resources/real_fg_memory_images/orig34.jpg","real",NA,NA,NA,NA,NA,NA,NA,NA
"3039","761707",4,"resources/real_fg_memory_images/fg9.jpg","artificial",NA,NA,NA,NA,NA,NA,NA,NA
"3040","761707",8,"resources/real_fg_memory_images/orig23.jpg","real",NA,NA,NA,NA,NA,NA,NA,NA
"3041","761707",3,"resources/real_fg_memory_images/orig24.jpg","real",NA,NA,NA,NA,NA,NA,NA,NA
"3042","761707",4,"resources/real_fg_memory_images/fg16.jpg","artificial",NA,NA,NA,NA,NA,NA,NA,NA
"3043","761707",7,"resources/real_fg_memory_images/orig31.jpg","real",NA,NA,NA,NA,NA,NA,NA,NA
"3044","761707",2,"resources/real_fg_memory_images/fg17.jpg","artificial",NA,NA,NA,NA,NA,NA,NA,NA
"3045","761707",8,"resources/real_fg_memory_images/fg12.jpg","artificial",NA,NA,NA,NA,NA,NA,NA,NA
"3046","761707",2,"resources/real_fg_memory_images/orig26.jpg","real",NA,NA,NA,NA,NA,NA,NA,NA
"3047","761707",7,"resources/real_fg_memory_images/orig22.jpg","real",NA,NA,NA,NA,NA,NA,NA,NA
"3048","761707",NA,NA,NA,NA,NA,NA,NA,NA,NA,NA,NA
"3049","761707",NA,NA,NA,NA,NA,NA,NA,4,"Persons over the age of 65 are often targeted by con-artists",NA,NA
"3050","761707",NA,NA,NA,NA,NA,NA,NA,2,"I answer the phone whenever it rings, even if I do not know who is calling",NA,NA
"3051","761707",NA,NA,NA,NA,NA,NA,NA,2,"I have difficulty ending a phone call, even if the caller is a telemarketer, someone I do not know, or someone I do not wish to call me",NA,NA
"3052","761707",NA,NA,NA,NA,NA,NA,NA,3,"If something sounds too good to be true, it usually is",NA,NA
"3053","761707",NA,NA,NA,NA,NA,NA,NA,1,"If a telemarketer calls me, I usually listen to what they have to say",NA,NA
"3054","761707",NA,NA,NA,NA,NA,NA,NA,NA,NA,NA,NA
"3055","761707",NA,NA,NA,NA,NA,NA,NA,NA,NA,"[""female_option""]",NA
"3056","761707",NA,NA,NA,NA,NA,NA,NA,NA,NA,NA,22
"3057","761707",NA,NA,NA,NA,NA,NA,NA,NA,NA,NA,NA
"3058","761707",NA,NA,NA,NA,NA,NA,NA,NA,NA,NA,NA
"3059","761707",NA,NA,NA,NA,NA,NA,NA,NA,NA,NA,NA
"3060","761707",NA,NA,NA,NA,NA,NA,NA,NA,NA,NA,NA
"3061","761707",NA,NA,NA,NA,NA,NA,NA,NA,NA,NA,NA
"3062","761707",NA,NA,NA,NA,NA,NA,NA,NA,NA,NA,NA
"3063","761707",NA,NA,NA,NA,NA,NA,NA,NA,NA,NA,NA
"3064","761707",NA,NA,NA,NA,NA,NA,NA,NA,NA,NA,NA
"3065","761707",NA,NA,NA,NA,NA,NA,NA,NA,NA,NA,NA
"3066","761707",NA,NA,NA,NA,NA,NA,NA,NA,NA,NA,NA
"3067","766655",NA,NA,NA,NA,NA,NA,NA,NA,NA,NA,NA
"3068","766655",NA,NA,NA,NA,NA,NA,NA,NA,NA,NA,NA
"3069","766655",NA,NA,NA,NA,NA,NA,NA,NA,NA,NA,NA
"3070","766655",NA,NA,NA,NA,NA,NA,NA,NA,NA,NA,NA
"3071","766655",6,"resources/real_fg_memory_images/orig32.jpg","real",NA,NA,NA,NA,NA,NA,NA,NA
"3072","766655",4,"resources/real_fg_memory_images/fg14.jpg","artificial",NA,NA,NA,NA,NA,NA,NA,NA
"3073","766655",3,"resources/real_fg_memory_images/fg1.jpg","artificial",NA,NA,NA,NA,NA,NA,NA,NA
"3074","766655",7,"resources/real_fg_memory_images/fg15.jpg","artificial",NA,NA,NA,NA,NA,NA,NA,NA
"3075","766655",4,"resources/real_fg_memory_images/orig30.jpg","real",NA,NA,NA,NA,NA,NA,NA,NA
"3076","766655",6,"resources/real_fg_memory_images/orig28.jpg","real",NA,NA,NA,NA,NA,NA,NA,NA
"3077","766655",6,"resources/real_fg_memory_images/orig24.jpg","real",NA,NA,NA,NA,NA,NA,NA,NA
"3078","766655",6,"resources/real_fg_memory_images/orig25.jpg","real",NA,NA,NA,NA,NA,NA,NA,NA
"3079","766655",3,"resources/real_fg_memory_images/orig20.jpg","real",NA,NA,NA,NA,NA,NA,NA,NA
"3080","766655",0,"resources/real_fg_memory_images/fg17.jpg","artificial",NA,NA,NA,NA,NA,NA,NA,NA
"3081","766655",3,"resources/real_fg_memory_images/fg2.jpg","artificial",NA,NA,NA,NA,NA,NA,NA,NA
"3082","766655",6,"resources/real_fg_memory_images/fg11.jpg","artificial",NA,NA,NA,NA,NA,NA,NA,NA
"3083","766655",4,"resources/real_fg_memory_images/fg9.jpg","artificial",NA,NA,NA,NA,NA,NA,NA,NA
"3084","766655",6,"resources/real_fg_memory_images/fg6.jpg","artificial",NA,NA,NA,NA,NA,NA,NA,NA
"3085","766655",6,"resources/real_fg_memory_images/fg5.jpg","artificial",NA,NA,NA,NA,NA,NA,NA,NA
"3086","766655",7,"resources/real_fg_memory_images/fg18.jpg","artificial",NA,NA,NA,NA,NA,NA,NA,NA
"3087","766655",4,"resources/real_fg_memory_images/fg3.jpg","artificial",NA,NA,NA,NA,NA,NA,NA,NA
"3088","766655",6,"resources/real_fg_memory_images/orig29.jpg","real",NA,NA,NA,NA,NA,NA,NA,NA
"3089","766655",3,"resources/real_fg_memory_images/orig22.jpg","real",NA,NA,NA,NA,NA,NA,NA,NA
"3090","766655",3,"resources/real_fg_memory_images/fg4.jpg","artificial",NA,NA,NA,NA,NA,NA,NA,NA
"3091","766655",6,"resources/real_fg_memory_images/fg16.jpg","artificial",NA,NA,NA,NA,NA,NA,NA,NA
"3092","766655",3,"resources/real_fg_memory_images/orig35.jpg","real",NA,NA,NA,NA,NA,NA,NA,NA
"3093","766655",5,"resources/real_fg_memory_images/orig23.jpg","real",NA,NA,NA,NA,NA,NA,NA,NA
"3094","766655",3,"resources/real_fg_memory_images/fg7.jpg","artificial",NA,NA,NA,NA,NA,NA,NA,NA
"3095","766655",6,"resources/real_fg_memory_images/orig36.jpg","real",NA,NA,NA,NA,NA,NA,NA,NA
"3096","766655",4,"resources/real_fg_memory_images/orig19.jpg","real",NA,NA,NA,NA,NA,NA,NA,NA
"3097","766655",2,"resources/real_fg_memory_images/fg12.jpg","artificial",NA,NA,NA,NA,NA,NA,NA,NA
"3098","766655",4,"resources/real_fg_memory_images/orig33.jpg","real",NA,NA,NA,NA,NA,NA,NA,NA
"3099","766655",5,"resources/real_fg_memory_images/fg10.jpg","artificial",NA,NA,NA,NA,NA,NA,NA,NA
"3100","766655",5,"resources/real_fg_memory_images/orig31.jpg","real",NA,NA,NA,NA,NA,NA,NA,NA
"3101","766655",6,"resources/real_fg_memory_images/fg13.jpg","artificial",NA,NA,NA,NA,NA,NA,NA,NA
"3102","766655",3,"resources/real_fg_memory_images/orig21.jpg","real",NA,NA,NA,NA,NA,NA,NA,NA
"3103","766655",6,"resources/real_fg_memory_images/fg8.jpg","artificial",NA,NA,NA,NA,NA,NA,NA,NA
"3104","766655",7,"resources/real_fg_memory_images/orig26.jpg","real",NA,NA,NA,NA,NA,NA,NA,NA
"3105","766655",6,"resources/real_fg_memory_images/orig34.jpg","real",NA,NA,NA,NA,NA,NA,NA,NA
"3106","766655",0,"resources/real_fg_memory_images/orig27.jpg","real",NA,NA,NA,NA,NA,NA,NA,NA
"3107","766655",NA,NA,NA,NA,NA,NA,NA,NA,NA,NA,NA
"3108","766655",NA,"resources/real_fg_memory_images/orig24.jpg",NA,"real","Neutral",NA,NA,NA,NA,NA,NA
"3109","766655",NA,"resources/real_fg_memory_images/orig30.jpg",NA,"real","Scam",NA,NA,NA,NA,NA,NA
"3110","766655",NA,"resources/real_fg_memory_images/fg8.jpg",NA,"artificial","Scam",NA,NA,NA,NA,NA,NA
"3111","766655",NA,"resources/real_fg_memory_images/fg10.jpg",NA,"artificial","Scam",NA,NA,NA,NA,NA,NA
"3112","766655",NA,"resources/real_fg_memory_images/fg4.jpg",NA,"artificial","Neutral",NA,NA,NA,NA,NA,NA
"3113","766655",NA,"resources/real_fg_memory_images/fg6.jpg",NA,"artificial","Neutral",NA,NA,NA,NA,NA,NA
"3114","766655",NA,"resources/real_fg_memory_images/fg9.jpg",NA,"artificial","Scam",NA,NA,NA,NA,NA,NA
"3115","766655",NA,"resources/real_fg_memory_images/fg3.jpg",NA,"artificial","Neutral",NA,NA,NA,NA,NA,NA
"3116","766655",NA,"resources/real_fg_memory_images/orig21.jpg",NA,"real","Neutral",NA,NA,NA,NA,NA,NA
"3117","766655",NA,"resources/real_fg_memory_images/orig25.jpg",NA,"real","Scam",NA,NA,NA,NA,NA,NA
"3118","766655",NA,"resources/real_fg_memory_images/fg1.jpg",NA,"artificial","Neutral",NA,NA,NA,NA,NA,NA
"3119","766655",NA,"resources/real_fg_memory_images/orig26.jpg",NA,"real","Scam",NA,NA,NA,NA,NA,NA
"3120","766655",NA,"resources/real_fg_memory_images/orig28.jpg",NA,"real","Scam",NA,NA,NA,NA,NA,NA
"3121","766655",NA,"resources/real_fg_memory_images/fg7.jpg",NA,"artificial","Scam",NA,NA,NA,NA,NA,NA
"3122","766655",NA,"resources/real_fg_memory_images/orig27.jpg",NA,"real","Scam",NA,NA,NA,NA,NA,NA
"3123","766655",NA,"resources/real_fg_memory_images/orig20.jpg",NA,"real","Neutral",NA,NA,NA,NA,NA,NA
"3124","766655",NA,"resources/real_fg_memory_images/orig22.jpg",NA,"real","Neutral",NA,NA,NA,NA,NA,NA
"3125","766655",NA,"resources/real_fg_memory_images/fg5.jpg",NA,"artificial","Neutral",NA,NA,NA,NA,NA,NA
"3126","766655",NA,"resources/real_fg_memory_images/fg2.jpg",NA,"artificial","Neutral",NA,NA,NA,NA,NA,NA
"3127","766655",NA,"resources/real_fg_memory_images/orig29.jpg",NA,"real","Scam",NA,NA,NA,NA,NA,NA
"3128","766655",NA,"resources/real_fg_memory_images/fg12.jpg",NA,"artificial","Scam",NA,NA,NA,NA,NA,NA
"3129","766655",NA,"resources/real_fg_memory_images/orig19.jpg",NA,"real","Neutral",NA,NA,NA,NA,NA,NA
"3130","766655",NA,"resources/real_fg_memory_images/fg11.jpg",NA,"artificial","Scam",NA,NA,NA,NA,NA,NA
"3131","766655",NA,"resources/real_fg_memory_images/orig23.jpg",NA,"real","Neutral",NA,NA,NA,NA,NA,NA
"3132","766655",NA,NA,NA,NA,NA,NA,NA,NA,NA,NA,NA
"3133","766655",NA,"resources/real_fg_memory_images/fg6.jpg",NA,"artificial","Neutral","[""scam_button""]","5",NA,NA,NA,NA
"3134","766655",NA,"resources/real_fg_memory_images/orig28.jpg",NA,"real","Scam","[""scam_button""]","8",NA,NA,NA,NA
"3135","766655",NA,"resources/real_fg_memory_images/orig29.jpg",NA,"real","Scam","[""scam_button""]","8",NA,NA,NA,NA
"3136","766655",NA,"resources/real_fg_memory_images/fg8.jpg",NA,"artificial","Scam","[""scam_button""]","10",NA,NA,NA,NA
"3137","766655",NA,"resources/real_fg_memory_images/fg7.jpg",NA,"artificial","Scam","[""scam_button""]","10",NA,NA,NA,NA
"3138","766655",NA,"resources/real_fg_memory_images/orig19.jpg",NA,"real","Neutral","[""neutral_button""]","8",NA,NA,NA,NA
"3139","766655",NA,"resources/real_fg_memory_images/orig27.jpg",NA,"real","Scam","[""scam_button""]","10",NA,NA,NA,NA
"3140","766655",NA,"resources/real_fg_memory_images/fg11.jpg",NA,"artificial","Scam","[""scam_button""]","5",NA,NA,NA,NA
"3141","766655",NA,"resources/real_fg_memory_images/orig20.jpg",NA,"real","Neutral","[""scam_button""]","5",NA,NA,NA,NA
"3142","766655",NA,"resources/real_fg_memory_images/orig30.jpg",NA,"real","Scam","[""scam_button""]","5",NA,NA,NA,NA
"3143","766655",NA,"resources/real_fg_memory_images/orig24.jpg",NA,"real","Neutral","[""neutral_button""]","5",NA,NA,NA,NA
"3144","766655",NA,"resources/real_fg_memory_images/fg10.jpg",NA,"artificial","Scam","[""scam_button""]","8",NA,NA,NA,NA
"3145","766655",NA,"resources/real_fg_memory_images/fg3.jpg",NA,"artificial","Neutral","[""neutral_button""]","10",NA,NA,NA,NA
"3146","766655",NA,"resources/real_fg_memory_images/orig23.jpg",NA,"real","Neutral","[""neutral_button""]","10",NA,NA,NA,NA
"3147","766655",NA,"resources/real_fg_memory_images/fg12.jpg",NA,"artificial","Scam","[""neutral_button""]","7",NA,NA,NA,NA
"3148","766655",NA,"resources/real_fg_memory_images/fg1.jpg",NA,"artificial","Neutral","[""neutral_button""]","7",NA,NA,NA,NA
"3149","766655",NA,"resources/real_fg_memory_images/fg4.jpg",NA,"artificial","Neutral","[""neutral_button""]","7",NA,NA,NA,NA
"3150","766655",NA,"resources/real_fg_memory_images/fg5.jpg",NA,"artificial","Neutral","[""neutral_button""]","8",NA,NA,NA,NA
"3151","766655",NA,"resources/real_fg_memory_images/fg2.jpg",NA,"artificial","Neutral","[""scam_button""]","4",NA,NA,NA,NA
"3152","766655",NA,"resources/real_fg_memory_images/orig21.jpg",NA,"real","Neutral","[""neutral_button""]","8",NA,NA,NA,NA
"3153","766655",NA,"resources/real_fg_memory_images/fg9.jpg",NA,"artificial","Scam","[""neutral_button""]","8",NA,NA,NA,NA
"3154","766655",NA,"resources/real_fg_memory_images/orig26.jpg",NA,"real","Scam","[""scam_button""]","10",NA,NA,NA,NA
"3155","766655",NA,"resources/real_fg_memory_images/orig25.jpg",NA,"real","Scam","[""scam_button""]","10",NA,NA,NA,NA
"3156","766655",NA,"resources/real_fg_memory_images/orig22.jpg",NA,"real","Neutral","[""scam_button""]","9",NA,NA,NA,NA
"3157","766655",NA,NA,NA,NA,NA,NA,NA,NA,NA,NA,NA
"3158","766655",4,"resources/real_fg_memory_images/orig34.jpg","real",NA,NA,NA,NA,NA,NA,NA,NA
"3159","766655",4,"resources/real_fg_memory_images/fg5.jpg","artificial",NA,NA,NA,NA,NA,NA,NA,NA
"3160","766655",3,"resources/real_fg_memory_images/orig33.jpg","real",NA,NA,NA,NA,NA,NA,NA,NA
"3161","766655",7,"resources/real_fg_memory_images/orig28.jpg","real",NA,NA,NA,NA,NA,NA,NA,NA
"3162","766655",4,"resources/real_fg_memory_images/orig20.jpg","real",NA,NA,NA,NA,NA,NA,NA,NA
"3163","766655",3,"resources/real_fg_memory_images/fg12.jpg","artificial",NA,NA,NA,NA,NA,NA,NA,NA
"3164","766655",0,"resources/real_fg_memory_images/orig27.jpg","real",NA,NA,NA,NA,NA,NA,NA,NA
"3165","766655",8,"resources/real_fg_memory_images/orig23.jpg","real",NA,NA,NA,NA,NA,NA,NA,NA
"3166","766655",6,"resources/real_fg_memory_images/fg17.jpg","artificial",NA,NA,NA,NA,NA,NA,NA,NA
"3167","766655",6,"resources/real_fg_memory_images/fg15.jpg","artificial",NA,NA,NA,NA,NA,NA,NA,NA
"3168","766655",3,"resources/real_fg_memory_images/orig35.jpg","real",NA,NA,NA,NA,NA,NA,NA,NA
"3169","766655",6,"resources/real_fg_memory_images/fg16.jpg","artificial",NA,NA,NA,NA,NA,NA,NA,NA
"3170","766655",4,"resources/real_fg_memory_images/fg4.jpg","artificial",NA,NA,NA,NA,NA,NA,NA,NA
"3171","766655",6,"resources/real_fg_memory_images/fg3.jpg","artificial",NA,NA,NA,NA,NA,NA,NA,NA
"3172","766655",7,"resources/real_fg_memory_images/fg11.jpg","artificial",NA,NA,NA,NA,NA,NA,NA,NA
"3173","766655",3,"resources/real_fg_memory_images/orig24.jpg","real",NA,NA,NA,NA,NA,NA,NA,NA
"3174","766655",3,"resources/real_fg_memory_images/orig36.jpg","real",NA,NA,NA,NA,NA,NA,NA,NA
"3175","766655",4,"resources/real_fg_memory_images/fg13.jpg","artificial",NA,NA,NA,NA,NA,NA,NA,NA
"3176","766655",5,"resources/real_fg_memory_images/orig32.jpg","real",NA,NA,NA,NA,NA,NA,NA,NA
"3177","766655",5,"resources/real_fg_memory_images/fg18.jpg","artificial",NA,NA,NA,NA,NA,NA,NA,NA
"3178","766655",3,"resources/real_fg_memory_images/orig22.jpg","real",NA,NA,NA,NA,NA,NA,NA,NA
"3179","766655",2,"resources/real_fg_memory_images/orig25.jpg","real",NA,NA,NA,NA,NA,NA,NA,NA
"3180","766655",3,"resources/real_fg_memory_images/orig29.jpg","real",NA,NA,NA,NA,NA,NA,NA,NA
"3181","766655",1,"resources/real_fg_memory_images/fg7.jpg","artificial",NA,NA,NA,NA,NA,NA,NA,NA
"3182","766655",5,"resources/real_fg_memory_images/orig21.jpg","real",NA,NA,NA,NA,NA,NA,NA,NA
"3183","766655",4,"resources/real_fg_memory_images/fg6.jpg","artificial",NA,NA,NA,NA,NA,NA,NA,NA
"3184","766655",1,"resources/real_fg_memory_images/orig26.jpg","real",NA,NA,NA,NA,NA,NA,NA,NA
"3185","766655",4,"resources/real_fg_memory_images/fg10.jpg","artificial",NA,NA,NA,NA,NA,NA,NA,NA
"3186","766655",6,"resources/real_fg_memory_images/fg14.jpg","artificial",NA,NA,NA,NA,NA,NA,NA,NA
"3187","766655",5,"resources/real_fg_memory_images/fg1.jpg","artificial",NA,NA,NA,NA,NA,NA,NA,NA
"3188","766655",4,"resources/real_fg_memory_images/orig19.jpg","real",NA,NA,NA,NA,NA,NA,NA,NA
"3189","766655",3,"resources/real_fg_memory_images/orig31.jpg","real",NA,NA,NA,NA,NA,NA,NA,NA
"3190","766655",4,"resources/real_fg_memory_images/fg9.jpg","artificial",NA,NA,NA,NA,NA,NA,NA,NA
"3191","766655",6,"resources/real_fg_memory_images/fg2.jpg","artificial",NA,NA,NA,NA,NA,NA,NA,NA
"3192","766655",3,"resources/real_fg_memory_images/orig30.jpg","real",NA,NA,NA,NA,NA,NA,NA,NA
"3193","766655",0,"resources/real_fg_memory_images/fg8.jpg","artificial",NA,NA,NA,NA,NA,NA,NA,NA
"3194","766655",NA,NA,NA,NA,NA,NA,NA,NA,NA,NA,NA
"3195","766655",NA,NA,NA,NA,NA,NA,NA,4,"If something sounds too good to be true, it usually is",NA,NA
"3196","766655",NA,NA,NA,NA,NA,NA,NA,1,"If a telemarketer calls me, I usually listen to what they have to say",NA,NA
"3197","766655",NA,NA,NA,NA,NA,NA,NA,2,"I answer the phone whenever it rings, even if I do not know who is calling",NA,NA
"3198","766655",NA,NA,NA,NA,NA,NA,NA,4,"Persons over the age of 65 are often targeted by con-artists",NA,NA
"3199","766655",NA,NA,NA,NA,NA,NA,NA,3,"I have difficulty ending a phone call, even if the caller is a telemarketer, someone I do not know, or someone I do not wish to call me",NA,NA
"3200","766655",NA,NA,NA,NA,NA,NA,NA,NA,NA,NA,NA
"3201","766655",NA,NA,NA,NA,NA,NA,NA,NA,NA,"[""male_option""]",NA
"3202","766655",NA,NA,NA,NA,NA,NA,NA,NA,NA,NA,20
"3203","766655",NA,NA,NA,NA,NA,NA,NA,NA,NA,NA,NA
"3204","766655",NA,NA,NA,NA,NA,NA,NA,NA,NA,NA,NA
"3205","766655",NA,NA,NA,NA,NA,NA,NA,NA,NA,NA,NA
"3206","766655",NA,NA,NA,NA,NA,NA,NA,NA,NA,NA,NA
"3207","766655",NA,NA,NA,NA,NA,NA,NA,NA,NA,NA,NA
"3208","766655",NA,NA,NA,NA,NA,NA,NA,NA,NA,NA,NA
"3209","766655",NA,NA,NA,NA,NA,NA,NA,NA,NA,NA,NA
"3210","766655",NA,NA,NA,NA,NA,NA,NA,NA,NA,NA,NA
"3211","766655",NA,NA,NA,NA,NA,NA,NA,NA,NA,NA,NA
"3212","766655",NA,NA,NA,NA,NA,NA,NA,NA,NA,NA,NA
"3213","806441",NA,NA,NA,NA,NA,NA,NA,NA,NA,NA,NA
"3214","806441",NA,NA,NA,NA,NA,NA,NA,NA,NA,NA,NA
"3215","806441",NA,NA,NA,NA,NA,NA,NA,NA,NA,NA,NA
"3216","806441",NA,NA,NA,NA,NA,NA,NA,NA,NA,NA,NA
"3217","806441",5,"resources/real_fg_memory_images/fg18.jpg","artificial",NA,NA,NA,NA,NA,NA,NA,NA
"3218","806441",4,"resources/real_fg_memory_images/fg5.jpg","artificial",NA,NA,NA,NA,NA,NA,NA,NA
"3219","806441",4,"resources/real_fg_memory_images/fg3.jpg","artificial",NA,NA,NA,NA,NA,NA,NA,NA
"3220","806441",4,"resources/real_fg_memory_images/fg7.jpg","artificial",NA,NA,NA,NA,NA,NA,NA,NA
"3221","806441",4,"resources/real_fg_memory_images/fg2.jpg","artificial",NA,NA,NA,NA,NA,NA,NA,NA
"3222","806441",5,"resources/real_fg_memory_images/orig36.jpg","real",NA,NA,NA,NA,NA,NA,NA,NA
"3223","806441",6,"resources/real_fg_memory_images/fg14.jpg","artificial",NA,NA,NA,NA,NA,NA,NA,NA
"3224","806441",5,"resources/real_fg_memory_images/orig31.jpg","real",NA,NA,NA,NA,NA,NA,NA,NA
"3225","806441",5,"resources/real_fg_memory_images/orig25.jpg","real",NA,NA,NA,NA,NA,NA,NA,NA
"3226","806441",4,"resources/real_fg_memory_images/fg9.jpg","artificial",NA,NA,NA,NA,NA,NA,NA,NA
"3227","806441",5,"resources/real_fg_memory_images/orig22.jpg","real",NA,NA,NA,NA,NA,NA,NA,NA
"3228","806441",5,"resources/real_fg_memory_images/orig30.jpg","real",NA,NA,NA,NA,NA,NA,NA,NA
"3229","806441",5,"resources/real_fg_memory_images/orig34.jpg","real",NA,NA,NA,NA,NA,NA,NA,NA
"3230","806441",5,"resources/real_fg_memory_images/fg8.jpg","artificial",NA,NA,NA,NA,NA,NA,NA,NA
"3231","806441",4,"resources/real_fg_memory_images/orig20.jpg","real",NA,NA,NA,NA,NA,NA,NA,NA
"3232","806441",5,"resources/real_fg_memory_images/fg13.jpg","artificial",NA,NA,NA,NA,NA,NA,NA,NA
"3233","806441",6,"resources/real_fg_memory_images/orig28.jpg","real",NA,NA,NA,NA,NA,NA,NA,NA
"3234","806441",5,"resources/real_fg_memory_images/fg17.jpg","artificial",NA,NA,NA,NA,NA,NA,NA,NA
"3235","806441",5,"resources/real_fg_memory_images/orig21.jpg","real",NA,NA,NA,NA,NA,NA,NA,NA
"3236","806441",6,"resources/real_fg_memory_images/orig29.jpg","real",NA,NA,NA,NA,NA,NA,NA,NA
"3237","806441",5,"resources/real_fg_memory_images/fg4.jpg","artificial",NA,NA,NA,NA,NA,NA,NA,NA
"3238","806441",6,"resources/real_fg_memory_images/fg16.jpg","artificial",NA,NA,NA,NA,NA,NA,NA,NA
"3239","806441",5,"resources/real_fg_memory_images/orig19.jpg","real",NA,NA,NA,NA,NA,NA,NA,NA
"3240","806441",4,"resources/real_fg_memory_images/orig27.jpg","real",NA,NA,NA,NA,NA,NA,NA,NA
"3241","806441",4,"resources/real_fg_memory_images/fg10.jpg","artificial",NA,NA,NA,NA,NA,NA,NA,NA
"3242","806441",4,"resources/real_fg_memory_images/orig35.jpg","real",NA,NA,NA,NA,NA,NA,NA,NA
"3243","806441",4,"resources/real_fg_memory_images/orig33.jpg","real",NA,NA,NA,NA,NA,NA,NA,NA
"3244","806441",6,"resources/real_fg_memory_images/orig26.jpg","real",NA,NA,NA,NA,NA,NA,NA,NA
"3245","806441",5,"resources/real_fg_memory_images/orig23.jpg","real",NA,NA,NA,NA,NA,NA,NA,NA
"3246","806441",5,"resources/real_fg_memory_images/orig24.jpg","real",NA,NA,NA,NA,NA,NA,NA,NA
"3247","806441",5,"resources/real_fg_memory_images/fg11.jpg","artificial",NA,NA,NA,NA,NA,NA,NA,NA
"3248","806441",4,"resources/real_fg_memory_images/fg6.jpg","artificial",NA,NA,NA,NA,NA,NA,NA,NA
"3249","806441",4,"resources/real_fg_memory_images/fg15.jpg","artificial",NA,NA,NA,NA,NA,NA,NA,NA
"3250","806441",4,"resources/real_fg_memory_images/orig32.jpg","real",NA,NA,NA,NA,NA,NA,NA,NA
"3251","806441",3,"resources/real_fg_memory_images/fg1.jpg","artificial",NA,NA,NA,NA,NA,NA,NA,NA
"3252","806441",3,"resources/real_fg_memory_images/fg12.jpg","artificial",NA,NA,NA,NA,NA,NA,NA,NA
"3253","806441",NA,NA,NA,NA,NA,NA,NA,NA,NA,NA,NA
"3254","806441",NA,"resources/real_fg_memory_images/fg6.jpg",NA,"artificial","Neutral",NA,NA,NA,NA,NA,NA
"3255","806441",NA,"resources/real_fg_memory_images/orig25.jpg",NA,"real","Scam",NA,NA,NA,NA,NA,NA
"3256","806441",NA,"resources/real_fg_memory_images/fg11.jpg",NA,"artificial","Scam",NA,NA,NA,NA,NA,NA
"3257","806441",NA,"resources/real_fg_memory_images/orig24.jpg",NA,"real","Neutral",NA,NA,NA,NA,NA,NA
"3258","806441",NA,"resources/real_fg_memory_images/orig19.jpg",NA,"real","Neutral",NA,NA,NA,NA,NA,NA
"3259","806441",NA,"resources/real_fg_memory_images/fg10.jpg",NA,"artificial","Scam",NA,NA,NA,NA,NA,NA
"3260","806441",NA,"resources/real_fg_memory_images/fg2.jpg",NA,"artificial","Neutral",NA,NA,NA,NA,NA,NA
"3261","806441",NA,"resources/real_fg_memory_images/fg12.jpg",NA,"artificial","Scam",NA,NA,NA,NA,NA,NA
"3262","806441",NA,"resources/real_fg_memory_images/orig27.jpg",NA,"real","Scam",NA,NA,NA,NA,NA,NA
"3263","806441",NA,"resources/real_fg_memory_images/fg3.jpg",NA,"artificial","Neutral",NA,NA,NA,NA,NA,NA
"3264","806441",NA,"resources/real_fg_memory_images/orig28.jpg",NA,"real","Scam",NA,NA,NA,NA,NA,NA
"3265","806441",NA,"resources/real_fg_memory_images/orig26.jpg",NA,"real","Scam",NA,NA,NA,NA,NA,NA
"3266","806441",NA,"resources/real_fg_memory_images/fg8.jpg",NA,"artificial","Scam",NA,NA,NA,NA,NA,NA
"3267","806441",NA,"resources/real_fg_memory_images/orig20.jpg",NA,"real","Neutral",NA,NA,NA,NA,NA,NA
"3268","806441",NA,"resources/real_fg_memory_images/fg7.jpg",NA,"artificial","Scam",NA,NA,NA,NA,NA,NA
"3269","806441",NA,"resources/real_fg_memory_images/orig21.jpg",NA,"real","Neutral",NA,NA,NA,NA,NA,NA
"3270","806441",NA,"resources/real_fg_memory_images/orig30.jpg",NA,"real","Scam",NA,NA,NA,NA,NA,NA
"3271","806441",NA,"resources/real_fg_memory_images/orig23.jpg",NA,"real","Neutral",NA,NA,NA,NA,NA,NA
"3272","806441",NA,"resources/real_fg_memory_images/fg4.jpg",NA,"artificial","Neutral",NA,NA,NA,NA,NA,NA
"3273","806441",NA,"resources/real_fg_memory_images/orig29.jpg",NA,"real","Scam",NA,NA,NA,NA,NA,NA
"3274","806441",NA,"resources/real_fg_memory_images/fg5.jpg",NA,"artificial","Neutral",NA,NA,NA,NA,NA,NA
"3275","806441",NA,"resources/real_fg_memory_images/orig22.jpg",NA,"real","Neutral",NA,NA,NA,NA,NA,NA
"3276","806441",NA,"resources/real_fg_memory_images/fg1.jpg",NA,"artificial","Neutral",NA,NA,NA,NA,NA,NA
"3277","806441",NA,"resources/real_fg_memory_images/fg9.jpg",NA,"artificial","Scam",NA,NA,NA,NA,NA,NA
"3278","806441",NA,NA,NA,NA,NA,NA,NA,NA,NA,NA,NA
"3279","806441",NA,"resources/real_fg_memory_images/orig30.jpg",NA,"real","Scam","[""scam_button""]","5",NA,NA,NA,NA
"3280","806441",NA,"resources/real_fg_memory_images/fg3.jpg",NA,"artificial","Neutral","[""neutral_button""]","9",NA,NA,NA,NA
"3281","806441",NA,"resources/real_fg_memory_images/fg6.jpg",NA,"artificial","Neutral","[""neutral_button""]","5",NA,NA,NA,NA
"3282","806441",NA,"resources/real_fg_memory_images/fg11.jpg",NA,"artificial","Scam","[""scam_button""]","5",NA,NA,NA,NA
"3283","806441",NA,"resources/real_fg_memory_images/fg9.jpg",NA,"artificial","Scam","[""scam_button""]","5",NA,NA,NA,NA
"3284","806441",NA,"resources/real_fg_memory_images/fg4.jpg",NA,"artificial","Neutral","[""neutral_button""]","5",NA,NA,NA,NA
"3285","806441",NA,"resources/real_fg_memory_images/orig26.jpg",NA,"real","Scam","[""scam_button""]","5",NA,NA,NA,NA
"3286","806441",NA,"resources/real_fg_memory_images/orig29.jpg",NA,"real","Scam","[""scam_button""]","6",NA,NA,NA,NA
"3287","806441",NA,"resources/real_fg_memory_images/fg2.jpg",NA,"artificial","Neutral","[""scam_button""]","5",NA,NA,NA,NA
"3288","806441",NA,"resources/real_fg_memory_images/fg10.jpg",NA,"artificial","Scam","[""neutral_button""]","5",NA,NA,NA,NA
"3289","806441",NA,"resources/real_fg_memory_images/orig25.jpg",NA,"real","Scam","[""neutral_button""]","5",NA,NA,NA,NA
"3290","806441",NA,"resources/real_fg_memory_images/orig22.jpg",NA,"real","Neutral","[""neutral_button""]","6",NA,NA,NA,NA
"3291","806441",NA,"resources/real_fg_memory_images/orig20.jpg",NA,"real","Neutral","[""neutral_button""]","5",NA,NA,NA,NA
"3292","806441",NA,"resources/real_fg_memory_images/orig24.jpg",NA,"real","Neutral","[""scam_button""]","5",NA,NA,NA,NA
"3293","806441",NA,"resources/real_fg_memory_images/fg12.jpg",NA,"artificial","Scam","[""scam_button""]","5",NA,NA,NA,NA
"3294","806441",NA,"resources/real_fg_memory_images/orig27.jpg",NA,"real","Scam","[""scam_button""]","10",NA,NA,NA,NA
"3295","806441",NA,"resources/real_fg_memory_images/fg1.jpg",NA,"artificial","Neutral","[""scam_button""]","5",NA,NA,NA,NA
"3296","806441",NA,"resources/real_fg_memory_images/orig23.jpg",NA,"real","Neutral","[""neutral_button""]","5",NA,NA,NA,NA
"3297","806441",NA,"resources/real_fg_memory_images/fg5.jpg",NA,"artificial","Neutral","[""scam_button""]","5",NA,NA,NA,NA
"3298","806441",NA,"resources/real_fg_memory_images/orig21.jpg",NA,"real","Neutral","[""neutral_button""]","5",NA,NA,NA,NA
"3299","806441",NA,"resources/real_fg_memory_images/orig19.jpg",NA,"real","Neutral","[""scam_button""]","5",NA,NA,NA,NA
"3300","806441",NA,"resources/real_fg_memory_images/fg7.jpg",NA,"artificial","Scam","[""neutral_button""]","5",NA,NA,NA,NA
"3301","806441",NA,"resources/real_fg_memory_images/orig28.jpg",NA,"real","Scam","[""neutral_button""]","6",NA,NA,NA,NA
"3302","806441",NA,"resources/real_fg_memory_images/fg8.jpg",NA,"artificial","Scam","[""scam_button""]","6",NA,NA,NA,NA
"3303","806441",NA,NA,NA,NA,NA,NA,NA,NA,NA,NA,NA
"3304","806441",5,"resources/real_fg_memory_images/fg15.jpg","artificial",NA,NA,NA,NA,NA,NA,NA,NA
"3305","806441",10,"resources/real_fg_memory_images/orig20.jpg","real",NA,NA,NA,NA,NA,NA,NA,NA
"3306","806441",5,"resources/real_fg_memory_images/fg1.jpg","artificial",NA,NA,NA,NA,NA,NA,NA,NA
"3307","806441",3,"resources/real_fg_memory_images/fg11.jpg","artificial",NA,NA,NA,NA,NA,NA,NA,NA
"3308","806441",5,"resources/real_fg_memory_images/orig33.jpg","real",NA,NA,NA,NA,NA,NA,NA,NA
"3309","806441",5,"resources/real_fg_memory_images/orig24.jpg","real",NA,NA,NA,NA,NA,NA,NA,NA
"3310","806441",4,"resources/real_fg_memory_images/orig26.jpg","real",NA,NA,NA,NA,NA,NA,NA,NA
"3311","806441",5,"resources/real_fg_memory_images/orig34.jpg","real",NA,NA,NA,NA,NA,NA,NA,NA
"3312","806441",3,"resources/real_fg_memory_images/fg8.jpg","artificial",NA,NA,NA,NA,NA,NA,NA,NA
"3313","806441",5,"resources/real_fg_memory_images/orig29.jpg","real",NA,NA,NA,NA,NA,NA,NA,NA
"3314","806441",5,"resources/real_fg_memory_images/fg13.jpg","artificial",NA,NA,NA,NA,NA,NA,NA,NA
"3315","806441",4,"resources/real_fg_memory_images/orig19.jpg","real",NA,NA,NA,NA,NA,NA,NA,NA
"3316","806441",5,"resources/real_fg_memory_images/fg10.jpg","artificial",NA,NA,NA,NA,NA,NA,NA,NA
"3317","806441",3,"resources/real_fg_memory_images/fg2.jpg","artificial",NA,NA,NA,NA,NA,NA,NA,NA
"3318","806441",5,"resources/real_fg_memory_images/fg5.jpg","artificial",NA,NA,NA,NA,NA,NA,NA,NA
"3319","806441",5,"resources/real_fg_memory_images/fg17.jpg","artificial",NA,NA,NA,NA,NA,NA,NA,NA
"3320","806441",8,"resources/real_fg_memory_images/orig22.jpg","real",NA,NA,NA,NA,NA,NA,NA,NA
"3321","806441",5,"resources/real_fg_memory_images/fg4.jpg","artificial",NA,NA,NA,NA,NA,NA,NA,NA
"3322","806441",0,"resources/real_fg_memory_images/orig27.jpg","real",NA,NA,NA,NA,NA,NA,NA,NA
"3323","806441",4,"resources/real_fg_memory_images/orig32.jpg","real",NA,NA,NA,NA,NA,NA,NA,NA
"3324","806441",6,"resources/real_fg_memory_images/fg16.jpg","artificial",NA,NA,NA,NA,NA,NA,NA,NA
"3325","806441",5,"resources/real_fg_memory_images/fg6.jpg","artificial",NA,NA,NA,NA,NA,NA,NA,NA
"3326","806441",5,"resources/real_fg_memory_images/fg18.jpg","artificial",NA,NA,NA,NA,NA,NA,NA,NA
"3327","806441",5,"resources/real_fg_memory_images/orig35.jpg","real",NA,NA,NA,NA,NA,NA,NA,NA
"3328","806441",6,"resources/real_fg_memory_images/orig21.jpg","real",NA,NA,NA,NA,NA,NA,NA,NA
"3329","806441",5,"resources/real_fg_memory_images/fg14.jpg","artificial",NA,NA,NA,NA,NA,NA,NA,NA
"3330","806441",5,"resources/real_fg_memory_images/orig23.jpg","real",NA,NA,NA,NA,NA,NA,NA,NA
"3331","806441",4,"resources/real_fg_memory_images/fg12.jpg","artificial",NA,NA,NA,NA,NA,NA,NA,NA
"3332","806441",5,"resources/real_fg_memory_images/orig36.jpg","real",NA,NA,NA,NA,NA,NA,NA,NA
"3333","806441",5,"resources/real_fg_memory_images/orig28.jpg","real",NA,NA,NA,NA,NA,NA,NA,NA
"3334","806441",5,"resources/real_fg_memory_images/orig25.jpg","real",NA,NA,NA,NA,NA,NA,NA,NA
"3335","806441",5,"resources/real_fg_memory_images/fg7.jpg","artificial",NA,NA,NA,NA,NA,NA,NA,NA
"3336","806441",5,"resources/real_fg_memory_images/orig30.jpg","real",NA,NA,NA,NA,NA,NA,NA,NA
"3337","806441",5,"resources/real_fg_memory_images/fg9.jpg","artificial",NA,NA,NA,NA,NA,NA,NA,NA
"3338","806441",4,"resources/real_fg_memory_images/orig31.jpg","real",NA,NA,NA,NA,NA,NA,NA,NA
"3339","806441",5,"resources/real_fg_memory_images/fg3.jpg","artificial",NA,NA,NA,NA,NA,NA,NA,NA
"3340","806441",NA,NA,NA,NA,NA,NA,NA,NA,NA,NA,NA
"3341","806441",NA,NA,NA,NA,NA,NA,NA,1,"If a telemarketer calls me, I usually listen to what they have to say",NA,NA
"3342","806441",NA,NA,NA,NA,NA,NA,NA,4,"If something sounds too good to be true, it usually is",NA,NA
"3343","806441",NA,NA,NA,NA,NA,NA,NA,2,"I have difficulty ending a phone call, even if the caller is a telemarketer, someone I do not know, or someone I do not wish to call me",NA,NA
"3344","806441",NA,NA,NA,NA,NA,NA,NA,3,"I answer the phone whenever it rings, even if I do not know who is calling",NA,NA
"3345","806441",NA,NA,NA,NA,NA,NA,NA,5,"Persons over the age of 65 are often targeted by con-artists",NA,NA
"3346","806441",NA,NA,NA,NA,NA,NA,NA,NA,NA,NA,NA
"3347","806441",NA,NA,NA,NA,NA,NA,NA,NA,NA,"[""female_option""]",NA
"3348","806441",NA,NA,NA,NA,NA,NA,NA,NA,NA,NA,21
"3349","806441",NA,NA,NA,NA,NA,NA,NA,NA,NA,NA,NA
"3350","806441",NA,NA,NA,NA,NA,NA,NA,NA,NA,NA,NA
"3351","806441",NA,NA,NA,NA,NA,NA,NA,NA,NA,NA,NA
"3352","806441",NA,NA,NA,NA,NA,NA,NA,NA,NA,NA,NA
"3353","806441",NA,NA,NA,NA,NA,NA,NA,NA,NA,NA,NA
"3354","806441",NA,NA,NA,NA,NA,NA,NA,NA,NA,NA,NA
"3355","806441",NA,NA,NA,NA,NA,NA,NA,NA,NA,NA,NA
"3356","806441",NA,NA,NA,NA,NA,NA,NA,NA,NA,NA,NA
"3357","806441",NA,NA,NA,NA,NA,NA,NA,NA,NA,NA,NA
"3358","806441",NA,NA,NA,NA,NA,NA,NA,NA,NA,NA,NA
"3359","841108",NA,NA,NA,NA,NA,NA,NA,NA,NA,NA,NA
"3360","841108",NA,NA,NA,NA,NA,NA,NA,NA,NA,NA,NA
"3361","841108",NA,NA,NA,NA,NA,NA,NA,NA,NA,NA,NA
"3362","841108",NA,NA,NA,NA,NA,NA,NA,NA,NA,NA,NA
"3363","841108",5,"resources/real_fg_memory_images/fg17.jpg","artificial",NA,NA,NA,NA,NA,NA,NA,NA
"3364","841108",5,"resources/real_fg_memory_images/orig23.jpg","real",NA,NA,NA,NA,NA,NA,NA,NA
"3365","841108",4,"resources/real_fg_memory_images/orig22.jpg","real",NA,NA,NA,NA,NA,NA,NA,NA
"3366","841108",5,"resources/real_fg_memory_images/fg11.jpg","artificial",NA,NA,NA,NA,NA,NA,NA,NA
"3367","841108",7,"resources/real_fg_memory_images/fg16.jpg","artificial",NA,NA,NA,NA,NA,NA,NA,NA
"3368","841108",6,"resources/real_fg_memory_images/orig19.jpg","real",NA,NA,NA,NA,NA,NA,NA,NA
"3369","841108",5,"resources/real_fg_memory_images/fg15.jpg","artificial",NA,NA,NA,NA,NA,NA,NA,NA
"3370","841108",4,"resources/real_fg_memory_images/fg7.jpg","artificial",NA,NA,NA,NA,NA,NA,NA,NA
"3371","841108",7,"resources/real_fg_memory_images/fg4.jpg","artificial",NA,NA,NA,NA,NA,NA,NA,NA
"3372","841108",4,"resources/real_fg_memory_images/fg5.jpg","artificial",NA,NA,NA,NA,NA,NA,NA,NA
"3373","841108",6,"resources/real_fg_memory_images/orig26.jpg","real",NA,NA,NA,NA,NA,NA,NA,NA
"3374","841108",8,"resources/real_fg_memory_images/orig32.jpg","real",NA,NA,NA,NA,NA,NA,NA,NA
"3375","841108",5,"resources/real_fg_memory_images/orig30.jpg","real",NA,NA,NA,NA,NA,NA,NA,NA
"3376","841108",5,"resources/real_fg_memory_images/fg3.jpg","artificial",NA,NA,NA,NA,NA,NA,NA,NA
"3377","841108",5,"resources/real_fg_memory_images/fg9.jpg","artificial",NA,NA,NA,NA,NA,NA,NA,NA
"3378","841108",4,"resources/real_fg_memory_images/fg13.jpg","artificial",NA,NA,NA,NA,NA,NA,NA,NA
"3379","841108",4,"resources/real_fg_memory_images/orig20.jpg","real",NA,NA,NA,NA,NA,NA,NA,NA
"3380","841108",5,"resources/real_fg_memory_images/orig33.jpg","real",NA,NA,NA,NA,NA,NA,NA,NA
"3381","841108",3,"resources/real_fg_memory_images/orig31.jpg","real",NA,NA,NA,NA,NA,NA,NA,NA
"3382","841108",4,"resources/real_fg_memory_images/fg8.jpg","artificial",NA,NA,NA,NA,NA,NA,NA,NA
"3383","841108",4,"resources/real_fg_memory_images/orig35.jpg","real",NA,NA,NA,NA,NA,NA,NA,NA
"3384","841108",5,"resources/real_fg_memory_images/fg2.jpg","artificial",NA,NA,NA,NA,NA,NA,NA,NA
"3385","841108",8,"resources/real_fg_memory_images/orig28.jpg","real",NA,NA,NA,NA,NA,NA,NA,NA
"3386","841108",6,"resources/real_fg_memory_images/fg14.jpg","artificial",NA,NA,NA,NA,NA,NA,NA,NA
"3387","841108",5,"resources/real_fg_memory_images/fg18.jpg","artificial",NA,NA,NA,NA,NA,NA,NA,NA
"3388","841108",5,"resources/real_fg_memory_images/fg6.jpg","artificial",NA,NA,NA,NA,NA,NA,NA,NA
"3389","841108",5,"resources/real_fg_memory_images/orig27.jpg","real",NA,NA,NA,NA,NA,NA,NA,NA
"3390","841108",4,"resources/real_fg_memory_images/fg10.jpg","artificial",NA,NA,NA,NA,NA,NA,NA,NA
"3391","841108",5,"resources/real_fg_memory_images/orig21.jpg","real",NA,NA,NA,NA,NA,NA,NA,NA
"3392","841108",6,"resources/real_fg_memory_images/orig24.jpg","real",NA,NA,NA,NA,NA,NA,NA,NA
"3393","841108",5,"resources/real_fg_memory_images/fg1.jpg","artificial",NA,NA,NA,NA,NA,NA,NA,NA
"3394","841108",4,"resources/real_fg_memory_images/orig25.jpg","real",NA,NA,NA,NA,NA,NA,NA,NA
"3395","841108",8,"resources/real_fg_memory_images/orig34.jpg","real",NA,NA,NA,NA,NA,NA,NA,NA
"3396","841108",4,"resources/real_fg_memory_images/orig29.jpg","real",NA,NA,NA,NA,NA,NA,NA,NA
"3397","841108",4,"resources/real_fg_memory_images/fg12.jpg","artificial",NA,NA,NA,NA,NA,NA,NA,NA
"3398","841108",5,"resources/real_fg_memory_images/orig36.jpg","real",NA,NA,NA,NA,NA,NA,NA,NA
"3399","841108",NA,NA,NA,NA,NA,NA,NA,NA,NA,NA,NA
"3400","841108",NA,"resources/real_fg_memory_images/orig20.jpg",NA,"real","Neutral",NA,NA,NA,NA,NA,NA
"3401","841108",NA,"resources/real_fg_memory_images/orig22.jpg",NA,"real","Neutral",NA,NA,NA,NA,NA,NA
"3402","841108",NA,"resources/real_fg_memory_images/orig30.jpg",NA,"real","Scam",NA,NA,NA,NA,NA,NA
"3403","841108",NA,"resources/real_fg_memory_images/fg10.jpg",NA,"artificial","Scam",NA,NA,NA,NA,NA,NA
"3404","841108",NA,"resources/real_fg_memory_images/orig24.jpg",NA,"real","Neutral",NA,NA,NA,NA,NA,NA
"3405","841108",NA,"resources/real_fg_memory_images/orig19.jpg",NA,"real","Neutral",NA,NA,NA,NA,NA,NA
"3406","841108",NA,"resources/real_fg_memory_images/fg9.jpg",NA,"artificial","Scam",NA,NA,NA,NA,NA,NA
"3407","841108",NA,"resources/real_fg_memory_images/fg11.jpg",NA,"artificial","Scam",NA,NA,NA,NA,NA,NA
"3408","841108",NA,"resources/real_fg_memory_images/orig27.jpg",NA,"real","Scam",NA,NA,NA,NA,NA,NA
"3409","841108",NA,"resources/real_fg_memory_images/orig28.jpg",NA,"real","Scam",NA,NA,NA,NA,NA,NA
"3410","841108",NA,"resources/real_fg_memory_images/fg6.jpg",NA,"artificial","Neutral",NA,NA,NA,NA,NA,NA
"3411","841108",NA,"resources/real_fg_memory_images/fg5.jpg",NA,"artificial","Neutral",NA,NA,NA,NA,NA,NA
"3412","841108",NA,"resources/real_fg_memory_images/fg1.jpg",NA,"artificial","Neutral",NA,NA,NA,NA,NA,NA
"3413","841108",NA,"resources/real_fg_memory_images/orig21.jpg",NA,"real","Neutral",NA,NA,NA,NA,NA,NA
"3414","841108",NA,"resources/real_fg_memory_images/fg12.jpg",NA,"artificial","Scam",NA,NA,NA,NA,NA,NA
"3415","841108",NA,"resources/real_fg_memory_images/fg2.jpg",NA,"artificial","Neutral",NA,NA,NA,NA,NA,NA
"3416","841108",NA,"resources/real_fg_memory_images/orig26.jpg",NA,"real","Scam",NA,NA,NA,NA,NA,NA
"3417","841108",NA,"resources/real_fg_memory_images/fg7.jpg",NA,"artificial","Scam",NA,NA,NA,NA,NA,NA
"3418","841108",NA,"resources/real_fg_memory_images/fg4.jpg",NA,"artificial","Neutral",NA,NA,NA,NA,NA,NA
"3419","841108",NA,"resources/real_fg_memory_images/orig23.jpg",NA,"real","Neutral",NA,NA,NA,NA,NA,NA
"3420","841108",NA,"resources/real_fg_memory_images/fg3.jpg",NA,"artificial","Neutral",NA,NA,NA,NA,NA,NA
"3421","841108",NA,"resources/real_fg_memory_images/fg8.jpg",NA,"artificial","Scam",NA,NA,NA,NA,NA,NA
"3422","841108",NA,"resources/real_fg_memory_images/orig29.jpg",NA,"real","Scam",NA,NA,NA,NA,NA,NA
"3423","841108",NA,"resources/real_fg_memory_images/orig25.jpg",NA,"real","Scam",NA,NA,NA,NA,NA,NA
"3424","841108",NA,NA,NA,NA,NA,NA,NA,NA,NA,NA,NA
"3425","841108",NA,"resources/real_fg_memory_images/fg6.jpg",NA,"artificial","Neutral","[""neutral_button""]","4",NA,NA,NA,NA
"3426","841108",NA,"resources/real_fg_memory_images/fg12.jpg",NA,"artificial","Scam","[""scam_button""]","8",NA,NA,NA,NA
"3427","841108",NA,"resources/real_fg_memory_images/orig21.jpg",NA,"real","Neutral","[""neutral_button""]","10",NA,NA,NA,NA
"3428","841108",NA,"resources/real_fg_memory_images/orig27.jpg",NA,"real","Scam","[""scam_button""]","10",NA,NA,NA,NA
"3429","841108",NA,"resources/real_fg_memory_images/orig23.jpg",NA,"real","Neutral","[""neutral_button""]","5",NA,NA,NA,NA
"3430","841108",NA,"resources/real_fg_memory_images/orig20.jpg",NA,"real","Neutral","[""neutral_button""]","10",NA,NA,NA,NA
"3431","841108",NA,"resources/real_fg_memory_images/orig25.jpg",NA,"real","Scam","[""scam_button""]","10",NA,NA,NA,NA
"3432","841108",NA,"resources/real_fg_memory_images/fg8.jpg",NA,"artificial","Scam","[""scam_button""]","10",NA,NA,NA,NA
"3433","841108",NA,"resources/real_fg_memory_images/orig22.jpg",NA,"real","Neutral","[""neutral_button""]","10",NA,NA,NA,NA
"3434","841108",NA,"resources/real_fg_memory_images/fg3.jpg",NA,"artificial","Neutral","[""neutral_button""]","10",NA,NA,NA,NA
"3435","841108",NA,"resources/real_fg_memory_images/fg7.jpg",NA,"artificial","Scam","[""scam_button""]","10",NA,NA,NA,NA
"3436","841108",NA,"resources/real_fg_memory_images/orig26.jpg",NA,"real","Scam","[""scam_button""]","10",NA,NA,NA,NA
"3437","841108",NA,"resources/real_fg_memory_images/fg5.jpg",NA,"artificial","Neutral","[""neutral_button""]","10",NA,NA,NA,NA
"3438","841108",NA,"resources/real_fg_memory_images/fg11.jpg",NA,"artificial","Scam","[""neutral_button""]","0",NA,NA,NA,NA
"3439","841108",NA,"resources/real_fg_memory_images/fg2.jpg",NA,"artificial","Neutral","[""scam_button""]","4",NA,NA,NA,NA
"3440","841108",NA,"resources/real_fg_memory_images/orig29.jpg",NA,"real","Scam","[""scam_button""]","10",NA,NA,NA,NA
"3441","841108",NA,"resources/real_fg_memory_images/fg9.jpg",NA,"artificial","Scam","[""neutral_button""]","3",NA,NA,NA,NA
"3442","841108",NA,"resources/real_fg_memory_images/fg1.jpg",NA,"artificial","Neutral","[""neutral_button""]","4",NA,NA,NA,NA
"3443","841108",NA,"resources/real_fg_memory_images/orig30.jpg",NA,"real","Scam","[""scam_button""]","10",NA,NA,NA,NA
"3444","841108",NA,"resources/real_fg_memory_images/orig24.jpg",NA,"real","Neutral","[""neutral_button""]","10",NA,NA,NA,NA
"3445","841108",NA,"resources/real_fg_memory_images/orig19.jpg",NA,"real","Neutral","[""neutral_button""]","3",NA,NA,NA,NA
"3446","841108",NA,"resources/real_fg_memory_images/orig28.jpg",NA,"real","Scam","[""scam_button""]","10",NA,NA,NA,NA
"3447","841108",NA,"resources/real_fg_memory_images/fg10.jpg",NA,"artificial","Scam","[""neutral_button""]","5",NA,NA,NA,NA
"3448","841108",NA,"resources/real_fg_memory_images/fg4.jpg",NA,"artificial","Neutral","[""neutral_button""]","7",NA,NA,NA,NA
"3449","841108",NA,NA,NA,NA,NA,NA,NA,NA,NA,NA,NA
"3450","841108",4,"resources/real_fg_memory_images/fg18.jpg","artificial",NA,NA,NA,NA,NA,NA,NA,NA
"3451","841108",5,"resources/real_fg_memory_images/orig28.jpg","real",NA,NA,NA,NA,NA,NA,NA,NA
"3452","841108",5,"resources/real_fg_memory_images/orig20.jpg","real",NA,NA,NA,NA,NA,NA,NA,NA
"3453","841108",4,"resources/real_fg_memory_images/orig35.jpg","real",NA,NA,NA,NA,NA,NA,NA,NA
"3454","841108",6,"resources/real_fg_memory_images/orig36.jpg","real",NA,NA,NA,NA,NA,NA,NA,NA
"3455","841108",5,"resources/real_fg_memory_images/orig25.jpg","real",NA,NA,NA,NA,NA,NA,NA,NA
"3456","841108",7,"resources/real_fg_memory_images/orig21.jpg","real",NA,NA,NA,NA,NA,NA,NA,NA
"3457","841108",6,"resources/real_fg_memory_images/fg3.jpg","artificial",NA,NA,NA,NA,NA,NA,NA,NA
"3458","841108",4,"resources/real_fg_memory_images/fg5.jpg","artificial",NA,NA,NA,NA,NA,NA,NA,NA
"3459","841108",4,"resources/real_fg_memory_images/fg8.jpg","artificial",NA,NA,NA,NA,NA,NA,NA,NA
"3460","841108",3,"resources/real_fg_memory_images/orig27.jpg","real",NA,NA,NA,NA,NA,NA,NA,NA
"3461","841108",6,"resources/real_fg_memory_images/fg10.jpg","artificial",NA,NA,NA,NA,NA,NA,NA,NA
"3462","841108",4,"resources/real_fg_memory_images/orig22.jpg","real",NA,NA,NA,NA,NA,NA,NA,NA
"3463","841108",4,"resources/real_fg_memory_images/fg7.jpg","artificial",NA,NA,NA,NA,NA,NA,NA,NA
"3464","841108",3,"resources/real_fg_memory_images/orig31.jpg","real",NA,NA,NA,NA,NA,NA,NA,NA
"3465","841108",5,"resources/real_fg_memory_images/fg1.jpg","artificial",NA,NA,NA,NA,NA,NA,NA,NA
"3466","841108",5,"resources/real_fg_memory_images/orig23.jpg","real",NA,NA,NA,NA,NA,NA,NA,NA
"3467","841108",3,"resources/real_fg_memory_images/fg12.jpg","artificial",NA,NA,NA,NA,NA,NA,NA,NA
"3468","841108",5,"resources/real_fg_memory_images/orig29.jpg","real",NA,NA,NA,NA,NA,NA,NA,NA
"3469","841108",4,"resources/real_fg_memory_images/fg13.jpg","artificial",NA,NA,NA,NA,NA,NA,NA,NA
"3470","841108",7,"resources/real_fg_memory_images/orig24.jpg","real",NA,NA,NA,NA,NA,NA,NA,NA
"3471","841108",5,"resources/real_fg_memory_images/orig26.jpg","real",NA,NA,NA,NA,NA,NA,NA,NA
"3472","841108",4,"resources/real_fg_memory_images/fg9.jpg","artificial",NA,NA,NA,NA,NA,NA,NA,NA
"3473","841108",4,"resources/real_fg_memory_images/orig30.jpg","real",NA,NA,NA,NA,NA,NA,NA,NA
"3474","841108",6,"resources/real_fg_memory_images/fg4.jpg","artificial",NA,NA,NA,NA,NA,NA,NA,NA
"3475","841108",6,"resources/real_fg_memory_images/fg6.jpg","artificial",NA,NA,NA,NA,NA,NA,NA,NA
"3476","841108",6,"resources/real_fg_memory_images/fg16.jpg","artificial",NA,NA,NA,NA,NA,NA,NA,NA
"3477","841108",6,"resources/real_fg_memory_images/fg14.jpg","artificial",NA,NA,NA,NA,NA,NA,NA,NA
"3478","841108",5,"resources/real_fg_memory_images/fg11.jpg","artificial",NA,NA,NA,NA,NA,NA,NA,NA
"3479","841108",4,"resources/real_fg_memory_images/fg2.jpg","artificial",NA,NA,NA,NA,NA,NA,NA,NA
"3480","841108",5,"resources/real_fg_memory_images/fg17.jpg","artificial",NA,NA,NA,NA,NA,NA,NA,NA
"3481","841108",6,"resources/real_fg_memory_images/orig19.jpg","real",NA,NA,NA,NA,NA,NA,NA,NA
"3482","841108",7,"resources/real_fg_memory_images/orig32.jpg","real",NA,NA,NA,NA,NA,NA,NA,NA
"3483","841108",5,"resources/real_fg_memory_images/orig33.jpg","real",NA,NA,NA,NA,NA,NA,NA,NA
"3484","841108",7,"resources/real_fg_memory_images/orig34.jpg","real",NA,NA,NA,NA,NA,NA,NA,NA
"3485","841108",4,"resources/real_fg_memory_images/fg15.jpg","artificial",NA,NA,NA,NA,NA,NA,NA,NA
"3486","841108",NA,NA,NA,NA,NA,NA,NA,NA,NA,NA,NA
"3487","841108",NA,NA,NA,NA,NA,NA,NA,1,"If a telemarketer calls me, I usually listen to what they have to say",NA,NA
"3488","841108",NA,NA,NA,NA,NA,NA,NA,1,"I answer the phone whenever it rings, even if I do not know who is calling",NA,NA
"3489","841108",NA,NA,NA,NA,NA,NA,NA,4,"If something sounds too good to be true, it usually is",NA,NA
"3490","841108",NA,NA,NA,NA,NA,NA,NA,2,"I have difficulty ending a phone call, even if the caller is a telemarketer, someone I do not know, or someone I do not wish to call me",NA,NA
"3491","841108",NA,NA,NA,NA,NA,NA,NA,4,"Persons over the age of 65 are often targeted by con-artists",NA,NA
"3492","841108",NA,NA,NA,NA,NA,NA,NA,NA,NA,NA,NA
"3493","841108",NA,NA,NA,NA,NA,NA,NA,NA,NA,"[""female_option""]",NA
"3494","841108",NA,NA,NA,NA,NA,NA,NA,NA,NA,NA,22
"3495","841108",NA,NA,NA,NA,NA,NA,NA,NA,NA,NA,NA
"3496","841108",NA,NA,NA,NA,NA,NA,NA,NA,NA,NA,NA
"3497","841108",NA,NA,NA,NA,NA,NA,NA,NA,NA,NA,NA
"3498","841108",NA,NA,NA,NA,NA,NA,NA,NA,NA,NA,NA
"3499","841108",NA,NA,NA,NA,NA,NA,NA,NA,NA,NA,NA
"3500","841108",NA,NA,NA,NA,NA,NA,NA,NA,NA,NA,NA
"3501","841108",NA,NA,NA,NA,NA,NA,NA,NA,NA,NA,NA
"3502","841108",NA,NA,NA,NA,NA,NA,NA,NA,NA,NA,NA
"3503","841108",NA,NA,NA,NA,NA,NA,NA,NA,NA,NA,NA
"3504","841108",NA,NA,NA,NA,NA,NA,NA,NA,NA,NA,NA
