"","participant","figure2","label2","textbox_comp_2.text","type","accurate","agegroup"
"1","026079","resources/real_fg_memory_images/orig29.jpg","Neutral",10,"real",1,"Young"
"2","026079","resources/real_fg_memory_images/orig21.jpg","Scam",2,"real",0,"Young"
"3","026079","resources/real_fg_memory_images/fg1.jpg","Scam",10,"artificial",1,"Young"
"4","026079","resources/real_fg_memory_images/fg11.jpg","Neutral",3,"artificial",1,"Young"
"5","026079","resources/real_fg_memory_images/fg12.jpg","Neutral",2,"artificial",1,"Young"
"6","026079","resources/real_fg_memory_images/fg4.jpg","Scam",0,"artificial",0,"Young"
"7","026079","resources/real_fg_memory_images/fg5.jpg","Scam",10,"artificial",1,"Young"
"8","026079","resources/real_fg_memory_images/orig28.jpg","Neutral",8,"real",1,"Young"
"9","026079","resources/real_fg_memory_images/fg9.jpg","Neutral",0,"artificial",1,"Young"
"10","026079","resources/real_fg_memory_images/fg3.jpg","Scam",4,"artificial",1,"Young"
"11","026079","resources/real_fg_memory_images/fg6.jpg","Scam",3,"artificial",1,"Young"
"12","026079","resources/real_fg_memory_images/orig24.jpg","Scam",5,"real",0,"Young"
"13","026079","resources/real_fg_memory_images/orig23.jpg","Scam",0,"real",0,"Young"
"14","026079","resources/real_fg_memory_images/fg7.jpg","Neutral",4,"artificial",0,"Young"
"15","026079","resources/real_fg_memory_images/orig20.jpg","Scam",2,"real",0,"Young"
"16","026079","resources/real_fg_memory_images/orig22.jpg","Scam",9,"real",0,"Young"
"17","026079","resources/real_fg_memory_images/orig30.jpg","Neutral",7,"real",1,"Young"
"18","026079","resources/real_fg_memory_images/orig19.jpg","Scam",1,"real",0,"Young"
"19","026079","resources/real_fg_memory_images/orig26.jpg","Neutral",10,"real",1,"Young"
"20","026079","resources/real_fg_memory_images/orig27.jpg","Neutral",10,"real",1,"Young"
"21","026079","resources/real_fg_memory_images/orig25.jpg","Neutral",2,"real",0,"Young"
"22","026079","resources/real_fg_memory_images/fg10.jpg","Neutral",0,"artificial",0,"Young"
"23","026079","resources/real_fg_memory_images/fg8.jpg","Neutral",4,"artificial",1,"Young"
"24","026079","resources/real_fg_memory_images/fg2.jpg","Scam",10,"artificial",1,"Young"
"25","152441","resources/real_fg_memory_images/fg7.jpg","Neutral",8,"artificial",0,"Young"
"26","152441","resources/real_fg_memory_images/fg2.jpg","Scam",10,"artificial",1,"Young"
"27","152441","resources/real_fg_memory_images/orig20.jpg","Scam",10,"real",1,"Young"
"28","152441","resources/real_fg_memory_images/orig26.jpg","Neutral",10,"real",1,"Young"
"29","152441","resources/real_fg_memory_images/fg6.jpg","Scam",10,"artificial",1,"Young"
"30","152441","resources/real_fg_memory_images/orig25.jpg","Neutral",10,"real",1,"Young"
"31","152441","resources/real_fg_memory_images/fg9.jpg","Neutral",7,"artificial",1,"Young"
"32","152441","resources/real_fg_memory_images/fg12.jpg","Neutral",8,"artificial",0,"Young"
"33","152441","resources/real_fg_memory_images/orig27.jpg","Neutral",10,"real",1,"Young"
"34","152441","resources/real_fg_memory_images/orig28.jpg","Neutral",10,"real",1,"Young"
"35","152441","resources/real_fg_memory_images/fg3.jpg","Scam",10,"artificial",1,"Young"
"36","152441","resources/real_fg_memory_images/orig19.jpg","Scam",10,"real",1,"Young"
"37","152441","resources/real_fg_memory_images/fg4.jpg","Scam",5,"artificial",0,"Young"
"38","152441","resources/real_fg_memory_images/orig30.jpg","Neutral",7,"real",1,"Young"
"39","152441","resources/real_fg_memory_images/fg11.jpg","Neutral",7,"artificial",1,"Young"
"40","152441","resources/real_fg_memory_images/orig24.jpg","Scam",7,"real",1,"Young"
"41","152441","resources/real_fg_memory_images/orig22.jpg","Scam",10,"real",1,"Young"
"42","152441","resources/real_fg_memory_images/fg10.jpg","Neutral",7,"artificial",1,"Young"
"43","152441","resources/real_fg_memory_images/orig21.jpg","Scam",10,"real",1,"Young"
"44","152441","resources/real_fg_memory_images/fg5.jpg","Scam",10,"artificial",1,"Young"
"45","152441","resources/real_fg_memory_images/fg8.jpg","Neutral",6,"artificial",1,"Young"
"46","152441","resources/real_fg_memory_images/orig29.jpg","Neutral",8,"real",1,"Young"
"47","152441","resources/real_fg_memory_images/fg1.jpg","Scam",7,"artificial",1,"Young"
"48","152441","resources/real_fg_memory_images/orig23.jpg","Scam",7,"real",0,"Young"
"49","184369","resources/real_fg_memory_images/fg9.jpg","Neutral",10,"artificial",0,"Young"
"50","184369","resources/real_fg_memory_images/orig19.jpg","Scam",10,"real",1,"Young"
"51","184369","resources/real_fg_memory_images/fg10.jpg","Neutral",6,"artificial",0,"Young"
"52","184369","resources/real_fg_memory_images/orig30.jpg","Neutral",10,"real",1,"Young"
"53","184369","resources/real_fg_memory_images/fg1.jpg","Scam",10,"artificial",1,"Young"
"54","184369","resources/real_fg_memory_images/fg2.jpg","Scam",8,"artificial",1,"Young"
"55","184369","resources/real_fg_memory_images/fg4.jpg","Scam",4,"artificial",1,"Young"
"56","184369","resources/real_fg_memory_images/orig21.jpg","Scam",6,"real",1,"Young"
"57","184369","resources/real_fg_memory_images/orig24.jpg","Scam",6,"real",1,"Young"
"58","184369","resources/real_fg_memory_images/orig26.jpg","Neutral",10,"real",1,"Young"
"59","184369","resources/real_fg_memory_images/orig20.jpg","Scam",5,"real",1,"Young"
"60","184369","resources/real_fg_memory_images/fg8.jpg","Neutral",10,"artificial",1,"Young"
"61","184369","resources/real_fg_memory_images/fg5.jpg","Scam",10,"artificial",1,"Young"
"62","184369","resources/real_fg_memory_images/fg11.jpg","Neutral",2,"artificial",1,"Young"
"63","184369","resources/real_fg_memory_images/fg7.jpg","Neutral",2,"artificial",1,"Young"
"64","184369","resources/real_fg_memory_images/orig27.jpg","Neutral",4,"real",0,"Young"
"65","184369","resources/real_fg_memory_images/orig23.jpg","Scam",5,"real",1,"Young"
"66","184369","resources/real_fg_memory_images/orig22.jpg","Scam",10,"real",1,"Young"
"67","184369","resources/real_fg_memory_images/orig29.jpg","Neutral",10,"real",1,"Young"
"68","184369","resources/real_fg_memory_images/fg12.jpg","Neutral",5,"artificial",0,"Young"
"69","184369","resources/real_fg_memory_images/orig28.jpg","Neutral",10,"real",1,"Young"
"70","184369","resources/real_fg_memory_images/orig25.jpg","Neutral",5,"real",0,"Young"
"71","184369","resources/real_fg_memory_images/fg3.jpg","Scam",3,"artificial",1,"Young"
"72","184369","resources/real_fg_memory_images/fg6.jpg","Scam",3,"artificial",1,"Young"
"73","217095","resources/real_fg_memory_images/orig19.jpg","Scam",5,"real",0,"Young"
"74","217095","resources/real_fg_memory_images/orig21.jpg","Scam",10,"real",1,"Young"
"75","217095","resources/real_fg_memory_images/orig30.jpg","Neutral",5,"real",1,"Young"
"76","217095","resources/real_fg_memory_images/fg2.jpg","Scam",6,"artificial",1,"Young"
"77","217095","resources/real_fg_memory_images/fg1.jpg","Scam",10,"artificial",1,"Young"
"78","217095","resources/real_fg_memory_images/fg12.jpg","Neutral",7,"artificial",0,"Young"
"79","217095","resources/real_fg_memory_images/fg3.jpg","Scam",5,"artificial",0,"Young"
"80","217095","resources/real_fg_memory_images/orig23.jpg","Scam",5,"real",0,"Young"
"81","217095","resources/real_fg_memory_images/fg8.jpg","Neutral",10,"artificial",0,"Young"
"82","217095","resources/real_fg_memory_images/orig26.jpg","Neutral",1,"real",0,"Young"
"83","217095","resources/real_fg_memory_images/orig24.jpg","Scam",5,"real",0,"Young"
"84","217095","resources/real_fg_memory_images/orig27.jpg","Neutral",10,"real",1,"Young"
"85","217095","resources/real_fg_memory_images/fg7.jpg","Neutral",5,"artificial",0,"Young"
"86","217095","resources/real_fg_memory_images/fg6.jpg","Scam",5,"artificial",1,"Young"
"87","217095","resources/real_fg_memory_images/fg4.jpg","Scam",5,"artificial",1,"Young"
"88","217095","resources/real_fg_memory_images/orig25.jpg","Neutral",5,"real",1,"Young"
"89","217095","resources/real_fg_memory_images/orig22.jpg","Scam",7,"real",0,"Young"
"90","217095","resources/real_fg_memory_images/fg9.jpg","Neutral",5,"artificial",0,"Young"
"91","217095","resources/real_fg_memory_images/orig28.jpg","Neutral",7,"real",1,"Young"
"92","217095","resources/real_fg_memory_images/orig20.jpg","Scam",10,"real",1,"Young"
"93","217095","resources/real_fg_memory_images/fg5.jpg","Scam",7,"artificial",1,"Young"
"94","217095","resources/real_fg_memory_images/orig29.jpg","Neutral",9,"real",1,"Young"
"95","217095","resources/real_fg_memory_images/fg11.jpg","Neutral",7,"artificial",0,"Young"
"96","217095","resources/real_fg_memory_images/fg10.jpg","Neutral",2,"artificial",0,"Young"
"97","287721","resources/real_fg_memory_images/orig24.jpg","Scam",10,"real",1,"Young"
"98","287721","resources/real_fg_memory_images/orig28.jpg","Neutral",8,"real",1,"Young"
"99","287721","resources/real_fg_memory_images/orig20.jpg","Scam",10,"real",1,"Young"
"100","287721","resources/real_fg_memory_images/orig30.jpg","Neutral",10,"real",1,"Young"
"101","287721","resources/real_fg_memory_images/fg12.jpg","Neutral",5,"artificial",0,"Young"
"102","287721","resources/real_fg_memory_images/orig29.jpg","Neutral",4,"real",1,"Young"
"103","287721","resources/real_fg_memory_images/fg8.jpg","Neutral",8,"artificial",1,"Young"
"104","287721","resources/real_fg_memory_images/fg7.jpg","Neutral",6,"artificial",0,"Young"
"105","287721","resources/real_fg_memory_images/fg9.jpg","Neutral",3,"artificial",0,"Young"
"106","287721","resources/real_fg_memory_images/orig25.jpg","Neutral",8,"real",1,"Young"
"107","287721","resources/real_fg_memory_images/orig22.jpg","Scam",10,"real",1,"Young"
"108","287721","resources/real_fg_memory_images/fg6.jpg","Scam",4,"artificial",1,"Young"
"109","287721","resources/real_fg_memory_images/fg4.jpg","Scam",7,"artificial",1,"Young"
"110","287721","resources/real_fg_memory_images/fg5.jpg","Scam",8,"artificial",1,"Young"
"111","287721","resources/real_fg_memory_images/orig21.jpg","Scam",10,"real",1,"Young"
"112","287721","resources/real_fg_memory_images/fg3.jpg","Scam",9,"artificial",1,"Young"
"113","287721","resources/real_fg_memory_images/orig19.jpg","Scam",10,"real",1,"Young"
"114","287721","resources/real_fg_memory_images/fg10.jpg","Neutral",5,"artificial",0,"Young"
"115","287721","resources/real_fg_memory_images/fg11.jpg","Neutral",5,"artificial",0,"Young"
"116","287721","resources/real_fg_memory_images/orig27.jpg","Neutral",8,"real",1,"Young"
"117","287721","resources/real_fg_memory_images/fg1.jpg","Scam",6,"artificial",1,"Young"
"118","287721","resources/real_fg_memory_images/orig26.jpg","Neutral",6,"real",1,"Young"
"119","287721","resources/real_fg_memory_images/fg2.jpg","Scam",5,"artificial",1,"Young"
"120","287721","resources/real_fg_memory_images/orig23.jpg","Scam",9,"real",1,"Young"
"121","387610","resources/real_fg_memory_images/orig26.jpg","Neutral",3,"real",0,"Young"
"122","387610","resources/real_fg_memory_images/fg5.jpg","Scam",3,"artificial",0,"Young"
"123","387610","resources/real_fg_memory_images/orig30.jpg","Neutral",3,"real",1,"Young"
"124","387610","resources/real_fg_memory_images/orig28.jpg","Neutral",5,"real",1,"Young"
"125","387610","resources/real_fg_memory_images/fg7.jpg","Neutral",6,"artificial",0,"Young"
"126","387610","resources/real_fg_memory_images/fg9.jpg","Neutral",6,"artificial",1,"Young"
"127","387610","resources/real_fg_memory_images/orig23.jpg","Scam",4,"real",0,"Young"
"128","387610","resources/real_fg_memory_images/fg8.jpg","Neutral",5,"artificial",0,"Young"
"129","387610","resources/real_fg_memory_images/orig25.jpg","Neutral",6,"real",1,"Young"
"130","387610","resources/real_fg_memory_images/orig24.jpg","Scam",9,"real",1,"Young"
"131","387610","resources/real_fg_memory_images/orig20.jpg","Scam",1,"real",0,"Young"
"132","387610","resources/real_fg_memory_images/fg11.jpg","Neutral",4,"artificial",0,"Young"
"133","387610","resources/real_fg_memory_images/fg4.jpg","Scam",6,"artificial",0,"Young"
"134","387610","resources/real_fg_memory_images/fg12.jpg","Neutral",2,"artificial",0,"Young"
"135","387610","resources/real_fg_memory_images/fg1.jpg","Scam",6,"artificial",0,"Young"
"136","387610","resources/real_fg_memory_images/orig27.jpg","Neutral",6,"real",0,"Young"
"137","387610","resources/real_fg_memory_images/orig29.jpg","Neutral",7,"real",0,"Young"
"138","387610","resources/real_fg_memory_images/orig19.jpg","Scam",2,"real",1,"Young"
"139","387610","resources/real_fg_memory_images/orig22.jpg","Scam",6,"real",0,"Young"
"140","387610","resources/real_fg_memory_images/fg3.jpg","Scam",4,"artificial",1,"Young"
"141","387610","resources/real_fg_memory_images/fg6.jpg","Scam",1,"artificial",0,"Young"
"142","387610","resources/real_fg_memory_images/fg2.jpg","Scam",0,"artificial",1,"Young"
"143","387610","resources/real_fg_memory_images/fg10.jpg","Neutral",0,"artificial",1,"Young"
"144","391653","resources/real_fg_memory_images/orig27.jpg","Neutral",10,"real",1,"Young"
"145","391653","resources/real_fg_memory_images/orig23.jpg","Scam",4,"real",0,"Young"
"146","391653","resources/real_fg_memory_images/fg5.jpg","Scam",10,"artificial",1,"Young"
"147","391653","resources/real_fg_memory_images/fg6.jpg","Scam",5,"artificial",0,"Young"
"148","391653","resources/real_fg_memory_images/orig19.jpg","Scam",7,"real",1,"Young"
"149","391653","resources/real_fg_memory_images/fg8.jpg","Neutral",6,"artificial",1,"Young"
"150","391653","resources/real_fg_memory_images/orig26.jpg","Neutral",7,"real",1,"Young"
"151","391653","resources/real_fg_memory_images/fg11.jpg","Neutral",4,"artificial",0,"Young"
"152","391653","resources/real_fg_memory_images/orig24.jpg","Scam",5,"real",1,"Young"
"153","391653","resources/real_fg_memory_images/orig28.jpg","Neutral",5,"real",0,"Young"
"154","391653","resources/real_fg_memory_images/fg1.jpg","Scam",8,"artificial",0,"Young"
"155","391653","resources/real_fg_memory_images/orig30.jpg","Neutral",8,"real",0,"Young"
"156","391653","resources/real_fg_memory_images/fg4.jpg","Scam",7,"artificial",0,"Young"
"157","391653","resources/real_fg_memory_images/orig20.jpg","Scam",7,"real",1,"Young"
"158","391653","resources/real_fg_memory_images/fg9.jpg","Neutral",7,"artificial",1,"Young"
"159","391653","resources/real_fg_memory_images/orig22.jpg","Scam",6,"real",1,"Young"
"160","391653","resources/real_fg_memory_images/orig25.jpg","Neutral",6,"real",0,"Young"
"161","391653","resources/real_fg_memory_images/fg7.jpg","Neutral",5,"artificial",1,"Young"
"162","391653","resources/real_fg_memory_images/fg12.jpg","Neutral",4,"artificial",0,"Young"
"163","391653","resources/real_fg_memory_images/fg2.jpg","Scam",7,"artificial",0,"Young"
"164","391653","resources/real_fg_memory_images/orig21.jpg","Scam",8,"real",1,"Young"
"165","391653","resources/real_fg_memory_images/fg3.jpg","Scam",7,"artificial",0,"Young"
"166","391653","resources/real_fg_memory_images/fg10.jpg","Neutral",6,"artificial",0,"Young"
"167","391653","resources/real_fg_memory_images/orig29.jpg","Neutral",8,"real",1,"Young"
"168","398010","resources/real_fg_memory_images/fg9.jpg","Neutral",5,"artificial",0,"Young"
"169","398010","resources/real_fg_memory_images/fg2.jpg","Scam",4,"artificial",1,"Young"
"170","398010","resources/real_fg_memory_images/fg3.jpg","Scam",7,"artificial",0,"Young"
"171","398010","resources/real_fg_memory_images/fg12.jpg","Neutral",6,"artificial",0,"Young"
"172","398010","resources/real_fg_memory_images/fg5.jpg","Scam",6,"artificial",0,"Young"
"173","398010","resources/real_fg_memory_images/orig22.jpg","Scam",7,"real",1,"Young"
"174","398010","resources/real_fg_memory_images/orig27.jpg","Neutral",8,"real",0,"Young"
"175","398010","resources/real_fg_memory_images/fg8.jpg","Neutral",6,"artificial",0,"Young"
"176","398010","resources/real_fg_memory_images/fg7.jpg","Neutral",4,"artificial",1,"Young"
"177","398010","resources/real_fg_memory_images/fg11.jpg","Neutral",3,"artificial",1,"Young"
"178","398010","resources/real_fg_memory_images/orig30.jpg","Neutral",6,"real",1,"Young"
"179","398010","resources/real_fg_memory_images/orig23.jpg","Scam",4,"real",1,"Young"
"180","398010","resources/real_fg_memory_images/fg4.jpg","Scam",7,"artificial",0,"Young"
"181","398010","resources/real_fg_memory_images/orig25.jpg","Neutral",4,"real",0,"Young"
"182","398010","resources/real_fg_memory_images/orig26.jpg","Neutral",4,"real",1,"Young"
"183","398010","resources/real_fg_memory_images/orig28.jpg","Neutral",10,"real",0,"Young"
"184","398010","resources/real_fg_memory_images/orig21.jpg","Scam",9,"real",1,"Young"
"185","398010","resources/real_fg_memory_images/fg6.jpg","Scam",3,"artificial",0,"Young"
"186","398010","resources/real_fg_memory_images/fg1.jpg","Scam",3,"artificial",0,"Young"
"187","398010","resources/real_fg_memory_images/orig29.jpg","Neutral",10,"real",1,"Young"
"188","398010","resources/real_fg_memory_images/orig19.jpg","Scam",4,"real",1,"Young"
"189","398010","resources/real_fg_memory_images/orig24.jpg","Scam",2,"real",0,"Young"
"190","398010","resources/real_fg_memory_images/fg10.jpg","Neutral",2,"artificial",0,"Young"
"191","398010","resources/real_fg_memory_images/orig20.jpg","Scam",10,"real",0,"Young"
"192","422657","resources/real_fg_memory_images/orig24.jpg","Scam",6,"real",1,"Young"
"193","422657","resources/real_fg_memory_images/fg4.jpg","Scam",8,"artificial",1,"Young"
"194","422657","resources/real_fg_memory_images/fg8.jpg","Neutral",10,"artificial",1,"Young"
"195","422657","resources/real_fg_memory_images/fg12.jpg","Neutral",4,"artificial",0,"Young"
"196","422657","resources/real_fg_memory_images/fg5.jpg","Scam",10,"artificial",1,"Young"
"197","422657","resources/real_fg_memory_images/fg10.jpg","Neutral",3,"artificial",1,"Young"
"198","422657","resources/real_fg_memory_images/orig20.jpg","Scam",10,"real",1,"Young"
"199","422657","resources/real_fg_memory_images/orig22.jpg","Scam",10,"real",1,"Young"
"200","422657","resources/real_fg_memory_images/orig28.jpg","Neutral",10,"real",1,"Young"
"201","422657","resources/real_fg_memory_images/fg11.jpg","Neutral",4,"artificial",1,"Young"
"202","422657","resources/real_fg_memory_images/orig29.jpg","Neutral",10,"real",1,"Young"
"203","422657","resources/real_fg_memory_images/orig30.jpg","Neutral",7,"real",1,"Young"
"204","422657","resources/real_fg_memory_images/fg7.jpg","Neutral",9,"artificial",1,"Young"
"205","422657","resources/real_fg_memory_images/orig26.jpg","Neutral",10,"real",1,"Young"
"206","422657","resources/real_fg_memory_images/fg3.jpg","Scam",10,"artificial",1,"Young"
"207","422657","resources/real_fg_memory_images/fg6.jpg","Scam",6,"artificial",1,"Young"
"208","422657","resources/real_fg_memory_images/fg9.jpg","Neutral",6,"artificial",0,"Young"
"209","422657","resources/real_fg_memory_images/orig27.jpg","Neutral",10,"real",1,"Young"
"210","422657","resources/real_fg_memory_images/orig23.jpg","Scam",10,"real",1,"Young"
"211","422657","resources/real_fg_memory_images/fg2.jpg","Scam",0,"artificial",0,"Young"
"212","422657","resources/real_fg_memory_images/fg1.jpg","Scam",4,"artificial",1,"Young"
"213","422657","resources/real_fg_memory_images/orig21.jpg","Scam",9,"real",1,"Young"
"214","422657","resources/real_fg_memory_images/orig19.jpg","Scam",10,"real",1,"Young"
"215","422657","resources/real_fg_memory_images/orig25.jpg","Neutral",6,"real",0,"Young"
"216","482395","resources/real_fg_memory_images/fg7.jpg","Neutral",5,"artificial",0,"Young"
"217","482395","resources/real_fg_memory_images/fg2.jpg","Scam",10,"artificial",1,"Young"
"218","482395","resources/real_fg_memory_images/fg8.jpg","Neutral",5,"artificial",0,"Young"
"219","482395","resources/real_fg_memory_images/fg11.jpg","Neutral",5,"artificial",0,"Young"
"220","482395","resources/real_fg_memory_images/fg1.jpg","Scam",10,"artificial",1,"Young"
"221","482395","resources/real_fg_memory_images/fg3.jpg","Scam",10,"artificial",1,"Young"
"222","482395","resources/real_fg_memory_images/fg9.jpg","Neutral",4,"artificial",1,"Young"
"223","482395","resources/real_fg_memory_images/orig26.jpg","Neutral",5,"real",1,"Young"
"224","482395","resources/real_fg_memory_images/fg5.jpg","Scam",10,"artificial",1,"Young"
"225","482395","resources/real_fg_memory_images/fg4.jpg","Scam",10,"artificial",1,"Young"
"226","482395","resources/real_fg_memory_images/orig29.jpg","Neutral",10,"real",1,"Young"
"227","482395","resources/real_fg_memory_images/orig24.jpg","Scam",6,"real",0,"Young"
"228","482395","resources/real_fg_memory_images/orig23.jpg","Scam",5,"real",0,"Young"
"229","482395","resources/real_fg_memory_images/orig28.jpg","Neutral",10,"real",1,"Young"
"230","482395","resources/real_fg_memory_images/orig20.jpg","Scam",5,"real",0,"Young"
"231","482395","resources/real_fg_memory_images/orig27.jpg","Neutral",10,"real",1,"Young"
"232","482395","resources/real_fg_memory_images/fg6.jpg","Scam",10,"artificial",1,"Young"
"233","482395","resources/real_fg_memory_images/orig19.jpg","Scam",5,"real",0,"Young"
"234","482395","resources/real_fg_memory_images/fg12.jpg","Neutral",5,"artificial",0,"Young"
"235","482395","resources/real_fg_memory_images/orig30.jpg","Neutral",4,"real",0,"Young"
"236","482395","resources/real_fg_memory_images/orig22.jpg","Scam",10,"real",1,"Young"
"237","482395","resources/real_fg_memory_images/orig25.jpg","Neutral",5,"real",1,"Young"
"238","482395","resources/real_fg_memory_images/orig21.jpg","Scam",10,"real",1,"Young"
"239","482395","resources/real_fg_memory_images/fg10.jpg","Neutral",5,"artificial",0,"Young"
"240","485618","resources/real_fg_memory_images/fg9.jpg","Neutral",6,"artificial",1,"Young"
"241","485618","resources/real_fg_memory_images/fg7.jpg","Neutral",8,"artificial",1,"Young"
"242","485618","resources/real_fg_memory_images/orig26.jpg","Neutral",10,"real",1,"Young"
"243","485618","resources/real_fg_memory_images/orig29.jpg","Neutral",10,"real",1,"Young"
"244","485618","resources/real_fg_memory_images/fg2.jpg","Scam",3,"artificial",0,"Young"
"245","485618","resources/real_fg_memory_images/orig28.jpg","Neutral",10,"real",1,"Young"
"246","485618","resources/real_fg_memory_images/orig19.jpg","Scam",10,"real",1,"Young"
"247","485618","resources/real_fg_memory_images/orig21.jpg","Scam",10,"real",1,"Young"
"248","485618","resources/real_fg_memory_images/orig20.jpg","Scam",10,"real",1,"Young"
"249","485618","resources/real_fg_memory_images/fg6.jpg","Scam",2,"artificial",0,"Young"
"250","485618","resources/real_fg_memory_images/fg3.jpg","Scam",5,"artificial",1,"Young"
"251","485618","resources/real_fg_memory_images/fg10.jpg","Neutral",2,"artificial",0,"Young"
"252","485618","resources/real_fg_memory_images/orig30.jpg","Neutral",10,"real",1,"Young"
"253","485618","resources/real_fg_memory_images/fg8.jpg","Neutral",10,"artificial",1,"Young"
"254","485618","resources/real_fg_memory_images/orig23.jpg","Scam",10,"real",1,"Young"
"255","485618","resources/real_fg_memory_images/fg11.jpg","Neutral",8,"artificial",1,"Young"
"256","485618","resources/real_fg_memory_images/fg4.jpg","Scam",4,"artificial",1,"Young"
"257","485618","resources/real_fg_memory_images/orig27.jpg","Neutral",10,"real",1,"Young"
"258","485618","resources/real_fg_memory_images/fg5.jpg","Scam",3,"artificial",1,"Young"
"259","485618","resources/real_fg_memory_images/fg1.jpg","Scam",0,"artificial",1,"Young"
"260","485618","resources/real_fg_memory_images/orig24.jpg","Scam",4,"real",1,"Young"
"261","485618","resources/real_fg_memory_images/orig22.jpg","Scam",10,"real",1,"Young"
"262","485618","resources/real_fg_memory_images/fg12.jpg","Neutral",7,"artificial",1,"Young"
"263","485618","resources/real_fg_memory_images/orig25.jpg","Neutral",9,"real",1,"Young"
"264","545017","resources/real_fg_memory_images/orig24.jpg","Scam",5,"real",0,"Young"
"265","545017","resources/real_fg_memory_images/orig21.jpg","Scam",4,"real",0,"Young"
"266","545017","resources/real_fg_memory_images/fg2.jpg","Scam",6,"artificial",1,"Young"
"267","545017","resources/real_fg_memory_images/fg3.jpg","Scam",7,"artificial",1,"Young"
"268","545017","resources/real_fg_memory_images/fg5.jpg","Scam",7,"artificial",1,"Young"
"269","545017","resources/real_fg_memory_images/orig29.jpg","Neutral",8,"real",1,"Young"
"270","545017","resources/real_fg_memory_images/fg7.jpg","Neutral",5,"artificial",0,"Young"
"271","545017","resources/real_fg_memory_images/fg10.jpg","Neutral",3,"artificial",0,"Young"
"272","545017","resources/real_fg_memory_images/orig27.jpg","Neutral",8,"real",1,"Young"
"273","545017","resources/real_fg_memory_images/fg11.jpg","Neutral",7,"artificial",1,"Young"
"274","545017","resources/real_fg_memory_images/orig25.jpg","Neutral",6,"real",1,"Young"
"275","545017","resources/real_fg_memory_images/orig22.jpg","Scam",10,"real",1,"Young"
"276","545017","resources/real_fg_memory_images/fg9.jpg","Neutral",5,"artificial",0,"Young"
"277","545017","resources/real_fg_memory_images/orig30.jpg","Neutral",9,"real",1,"Young"
"278","545017","resources/real_fg_memory_images/orig19.jpg","Scam",3,"real",1,"Young"
"279","545017","resources/real_fg_memory_images/fg4.jpg","Scam",6,"artificial",1,"Young"
"280","545017","resources/real_fg_memory_images/orig28.jpg","Neutral",8,"real",1,"Young"
"281","545017","resources/real_fg_memory_images/fg6.jpg","Scam",5,"artificial",1,"Young"
"282","545017","resources/real_fg_memory_images/fg8.jpg","Neutral",7,"artificial",1,"Young"
"283","545017","resources/real_fg_memory_images/orig23.jpg","Scam",5,"real",0,"Young"
"284","545017","resources/real_fg_memory_images/orig26.jpg","Neutral",8,"real",1,"Young"
"285","545017","resources/real_fg_memory_images/fg1.jpg","Scam",5,"artificial",1,"Young"
"286","545017","resources/real_fg_memory_images/orig20.jpg","Scam",7,"real",1,"Young"
"287","545017","resources/real_fg_memory_images/fg12.jpg","Neutral",6,"artificial",0,"Young"
"288","604060","resources/real_fg_memory_images/fg4.jpg","Scam",7,"artificial",1,"Young"
"289","604060","resources/real_fg_memory_images/fg11.jpg","Neutral",4,"artificial",1,"Young"
"290","604060","resources/real_fg_memory_images/fg7.jpg","Neutral",7,"artificial",1,"Young"
"291","604060","resources/real_fg_memory_images/orig29.jpg","Neutral",9,"real",1,"Young"
"292","604060","resources/real_fg_memory_images/orig28.jpg","Neutral",10,"real",1,"Young"
"293","604060","resources/real_fg_memory_images/fg5.jpg","Scam",10,"artificial",1,"Young"
"294","604060","resources/real_fg_memory_images/fg8.jpg","Neutral",5,"artificial",1,"Young"
"295","604060","resources/real_fg_memory_images/orig30.jpg","Neutral",9,"real",1,"Young"
"296","604060","resources/real_fg_memory_images/fg9.jpg","Neutral",3,"artificial",1,"Young"
"297","604060","resources/real_fg_memory_images/orig26.jpg","Neutral",9,"real",1,"Young"
"298","604060","resources/real_fg_memory_images/orig20.jpg","Scam",8,"real",1,"Young"
"299","604060","resources/real_fg_memory_images/fg2.jpg","Scam",3,"artificial",1,"Young"
"300","604060","resources/real_fg_memory_images/fg12.jpg","Neutral",5,"artificial",0,"Young"
"301","604060","resources/real_fg_memory_images/fg6.jpg","Scam",6,"artificial",0,"Young"
"302","604060","resources/real_fg_memory_images/orig27.jpg","Neutral",4,"real",0,"Young"
"303","604060","resources/real_fg_memory_images/orig25.jpg","Neutral",3,"real",1,"Young"
"304","604060","resources/real_fg_memory_images/orig19.jpg","Scam",10,"real",1,"Young"
"305","604060","resources/real_fg_memory_images/fg10.jpg","Neutral",6,"artificial",0,"Young"
"306","604060","resources/real_fg_memory_images/orig22.jpg","Scam",10,"real",1,"Young"
"307","604060","resources/real_fg_memory_images/orig21.jpg","Scam",10,"real",1,"Young"
"308","604060","resources/real_fg_memory_images/orig24.jpg","Scam",10,"real",1,"Young"
"309","604060","resources/real_fg_memory_images/fg3.jpg","Scam",10,"artificial",1,"Young"
"310","604060","resources/real_fg_memory_images/fg1.jpg","Scam",2,"artificial",0,"Young"
"311","604060","resources/real_fg_memory_images/orig23.jpg","Scam",3,"real",1,"Young"
"312","605061","resources/real_fg_memory_images/orig30.jpg","Neutral",3,"real",0,"Young"
"313","605061","resources/real_fg_memory_images/orig24.jpg","Scam",7,"real",0,"Young"
"314","605061","resources/real_fg_memory_images/fg8.jpg","Neutral",10,"artificial",0,"Young"
"315","605061","resources/real_fg_memory_images/orig28.jpg","Neutral",5,"real",1,"Young"
"316","605061","resources/real_fg_memory_images/orig19.jpg","Scam",9,"real",1,"Young"
"317","605061","resources/real_fg_memory_images/fg3.jpg","Scam",10,"artificial",1,"Young"
"318","605061","resources/real_fg_memory_images/fg1.jpg","Scam",8,"artificial",1,"Young"
"319","605061","resources/real_fg_memory_images/fg11.jpg","Neutral",7,"artificial",1,"Young"
"320","605061","resources/real_fg_memory_images/fg10.jpg","Neutral",4,"artificial",0,"Young"
"321","605061","resources/real_fg_memory_images/orig21.jpg","Scam",2,"real",1,"Young"
"322","605061","resources/real_fg_memory_images/orig22.jpg","Scam",8,"real",1,"Young"
"323","605061","resources/real_fg_memory_images/orig29.jpg","Neutral",5,"real",1,"Young"
"324","605061","resources/real_fg_memory_images/fg5.jpg","Scam",7,"artificial",1,"Young"
"325","605061","resources/real_fg_memory_images/orig27.jpg","Neutral",6,"real",0,"Young"
"326","605061","resources/real_fg_memory_images/fg9.jpg","Neutral",8,"artificial",0,"Young"
"327","605061","resources/real_fg_memory_images/orig25.jpg","Neutral",8,"real",1,"Young"
"328","605061","resources/real_fg_memory_images/fg7.jpg","Neutral",6,"artificial",0,"Young"
"329","605061","resources/real_fg_memory_images/fg4.jpg","Scam",2,"artificial",0,"Young"
"330","605061","resources/real_fg_memory_images/orig26.jpg","Neutral",0,"real",0,"Young"
"331","605061","resources/real_fg_memory_images/fg6.jpg","Scam",2,"artificial",0,"Young"
"332","605061","resources/real_fg_memory_images/fg12.jpg","Neutral",2,"artificial",0,"Young"
"333","605061","resources/real_fg_memory_images/fg2.jpg","Scam",4,"artificial",0,"Young"
"334","605061","resources/real_fg_memory_images/orig23.jpg","Scam",8,"real",1,"Young"
"335","605061","resources/real_fg_memory_images/orig20.jpg","Scam",10,"real",1,"Young"
"336","629998","resources/real_fg_memory_images/fg9.jpg","Neutral",5,"artificial",0,"Young"
"337","629998","resources/real_fg_memory_images/orig29.jpg","Neutral",3,"real",1,"Young"
"338","629998","resources/real_fg_memory_images/fg6.jpg","Scam",4,"artificial",1,"Young"
"339","629998","resources/real_fg_memory_images/orig21.jpg","Scam",2,"real",0,"Young"
"340","629998","resources/real_fg_memory_images/orig28.jpg","Neutral",5,"real",1,"Young"
"341","629998","resources/real_fg_memory_images/fg4.jpg","Scam",5,"artificial",1,"Young"
"342","629998","resources/real_fg_memory_images/fg7.jpg","Neutral",9,"artificial",1,"Young"
"343","629998","resources/real_fg_memory_images/orig20.jpg","Scam",7,"real",1,"Young"
"344","629998","resources/real_fg_memory_images/orig25.jpg","Neutral",3,"real",0,"Young"
"345","629998","resources/real_fg_memory_images/orig19.jpg","Scam",1,"real",0,"Young"
"346","629998","resources/real_fg_memory_images/orig27.jpg","Neutral",8,"real",1,"Young"
"347","629998","resources/real_fg_memory_images/orig23.jpg","Scam",3,"real",1,"Young"
"348","629998","resources/real_fg_memory_images/fg12.jpg","Neutral",8,"artificial",0,"Young"
"349","629998","resources/real_fg_memory_images/orig22.jpg","Scam",10,"real",1,"Young"
"350","629998","resources/real_fg_memory_images/fg5.jpg","Scam",8,"artificial",1,"Young"
"351","629998","resources/real_fg_memory_images/fg3.jpg","Scam",3,"artificial",1,"Young"
"352","629998","resources/real_fg_memory_images/orig30.jpg","Neutral",3,"real",1,"Young"
"353","629998","resources/real_fg_memory_images/fg1.jpg","Scam",2,"artificial",1,"Young"
"354","629998","resources/real_fg_memory_images/fg2.jpg","Scam",5,"artificial",1,"Young"
"355","629998","resources/real_fg_memory_images/fg11.jpg","Neutral",2,"artificial",1,"Young"
"356","629998","resources/real_fg_memory_images/fg10.jpg","Neutral",3,"artificial",1,"Young"
"357","629998","resources/real_fg_memory_images/orig24.jpg","Scam",4,"real",0,"Young"
"358","629998","resources/real_fg_memory_images/orig26.jpg","Neutral",8,"real",1,"Young"
"359","629998","resources/real_fg_memory_images/fg8.jpg","Neutral",7,"artificial",1,"Young"
"360","650573","resources/real_fg_memory_images/fg6.jpg","Scam",5,"artificial",1,"Young"
"361","650573","resources/real_fg_memory_images/fg12.jpg","Neutral",5,"artificial",0,"Young"
"362","650573","resources/real_fg_memory_images/fg11.jpg","Neutral",8,"artificial",1,"Young"
"363","650573","resources/real_fg_memory_images/fg2.jpg","Scam",10,"artificial",1,"Young"
"364","650573","resources/real_fg_memory_images/orig22.jpg","Scam",10,"real",1,"Young"
"365","650573","resources/real_fg_memory_images/fg10.jpg","Neutral",5,"artificial",1,"Young"
"366","650573","resources/real_fg_memory_images/fg3.jpg","Scam",9,"artificial",1,"Young"
"367","650573","resources/real_fg_memory_images/orig29.jpg","Neutral",5,"real",0,"Young"
"368","650573","resources/real_fg_memory_images/orig27.jpg","Neutral",5,"real",0,"Young"
"369","650573","resources/real_fg_memory_images/fg9.jpg","Neutral",10,"artificial",1,"Young"
"370","650573","resources/real_fg_memory_images/fg5.jpg","Scam",8,"artificial",1,"Young"
"371","650573","resources/real_fg_memory_images/orig24.jpg","Scam",10,"real",1,"Young"
"372","650573","resources/real_fg_memory_images/orig19.jpg","Scam",4,"real",0,"Young"
"373","650573","resources/real_fg_memory_images/orig21.jpg","Scam",1,"real",0,"Young"
"374","650573","resources/real_fg_memory_images/fg4.jpg","Scam",6,"artificial",1,"Young"
"375","650573","resources/real_fg_memory_images/orig30.jpg","Neutral",10,"real",1,"Young"
"376","650573","resources/real_fg_memory_images/orig28.jpg","Neutral",10,"real",1,"Young"
"377","650573","resources/real_fg_memory_images/orig20.jpg","Scam",5,"real",1,"Young"
"378","650573","resources/real_fg_memory_images/fg1.jpg","Scam",10,"artificial",1,"Young"
"379","650573","resources/real_fg_memory_images/orig23.jpg","Scam",5,"real",1,"Young"
"380","650573","resources/real_fg_memory_images/orig25.jpg","Neutral",6,"real",0,"Young"
"381","650573","resources/real_fg_memory_images/fg8.jpg","Neutral",3,"artificial",0,"Young"
"382","650573","resources/real_fg_memory_images/fg7.jpg","Neutral",3,"artificial",0,"Young"
"383","650573","resources/real_fg_memory_images/orig26.jpg","Neutral",8,"real",1,"Young"
"384","678280","resources/real_fg_memory_images/fg4.jpg","Scam",10,"artificial",1,"Young"
"385","678280","resources/real_fg_memory_images/fg6.jpg","Scam",4,"artificial",0,"Young"
"386","678280","resources/real_fg_memory_images/orig23.jpg","Scam",10,"real",1,"Young"
"387","678280","resources/real_fg_memory_images/orig29.jpg","Neutral",10,"real",1,"Young"
"388","678280","resources/real_fg_memory_images/fg10.jpg","Neutral",4,"artificial",1,"Young"
"389","678280","resources/real_fg_memory_images/orig22.jpg","Scam",1,"real",1,"Young"
"390","678280","resources/real_fg_memory_images/fg12.jpg","Neutral",4,"artificial",0,"Young"
"391","678280","resources/real_fg_memory_images/orig27.jpg","Neutral",9,"real",0,"Young"
"392","678280","resources/real_fg_memory_images/fg7.jpg","Neutral",1,"artificial",0,"Young"
"393","678280","resources/real_fg_memory_images/orig20.jpg","Scam",10,"real",1,"Young"
"394","678280","resources/real_fg_memory_images/fg2.jpg","Scam",4,"artificial",1,"Young"
"395","678280","resources/real_fg_memory_images/fg5.jpg","Scam",10,"artificial",1,"Young"
"396","678280","resources/real_fg_memory_images/fg1.jpg","Scam",9,"artificial",1,"Young"
"397","678280","resources/real_fg_memory_images/orig21.jpg","Scam",9,"real",1,"Young"
"398","678280","resources/real_fg_memory_images/orig30.jpg","Neutral",8,"real",0,"Young"
"399","678280","resources/real_fg_memory_images/fg9.jpg","Neutral",1,"artificial",0,"Young"
"400","678280","resources/real_fg_memory_images/fg3.jpg","Scam",9,"artificial",0,"Young"
"401","678280","resources/real_fg_memory_images/orig26.jpg","Neutral",9,"real",0,"Young"
"402","678280","resources/real_fg_memory_images/orig24.jpg","Scam",10,"real",1,"Young"
"403","678280","resources/real_fg_memory_images/orig19.jpg","Scam",2,"real",1,"Young"
"404","678280","resources/real_fg_memory_images/orig28.jpg","Neutral",3,"real",0,"Young"
"405","678280","resources/real_fg_memory_images/fg8.jpg","Neutral",4,"artificial",1,"Young"
"406","678280","resources/real_fg_memory_images/orig25.jpg","Neutral",10,"real",0,"Young"
"407","678280","resources/real_fg_memory_images/fg11.jpg","Neutral",9,"artificial",0,"Young"
"408","797770","resources/real_fg_memory_images/fg12.jpg","Neutral",3,"artificial",1,"Young"
"409","797770","resources/real_fg_memory_images/fg1.jpg","Scam",6,"artificial",1,"Young"
"410","797770","resources/real_fg_memory_images/orig22.jpg","Scam",4,"real",1,"Young"
"411","797770","resources/real_fg_memory_images/orig25.jpg","Neutral",4,"real",1,"Young"
"412","797770","resources/real_fg_memory_images/fg7.jpg","Neutral",3,"artificial",1,"Young"
"413","797770","resources/real_fg_memory_images/fg6.jpg","Scam",4,"artificial",0,"Young"
"414","797770","resources/real_fg_memory_images/orig21.jpg","Scam",4,"real",1,"Young"
"415","797770","resources/real_fg_memory_images/fg3.jpg","Scam",9,"artificial",1,"Young"
"416","797770","resources/real_fg_memory_images/orig30.jpg","Neutral",9,"real",1,"Young"
"417","797770","resources/real_fg_memory_images/fg10.jpg","Neutral",7,"artificial",0,"Young"
"418","797770","resources/real_fg_memory_images/orig29.jpg","Neutral",6,"real",1,"Young"
"419","797770","resources/real_fg_memory_images/fg8.jpg","Neutral",7,"artificial",0,"Young"
"420","797770","resources/real_fg_memory_images/orig23.jpg","Scam",7,"real",1,"Young"
"421","797770","resources/real_fg_memory_images/orig28.jpg","Neutral",7,"real",1,"Young"
"422","797770","resources/real_fg_memory_images/fg4.jpg","Scam",3,"artificial",0,"Young"
"423","797770","resources/real_fg_memory_images/orig20.jpg","Scam",4,"real",1,"Young"
"424","797770","resources/real_fg_memory_images/orig27.jpg","Neutral",7,"real",0,"Young"
"425","797770","resources/real_fg_memory_images/fg2.jpg","Scam",4,"artificial",1,"Young"
"426","797770","resources/real_fg_memory_images/fg11.jpg","Neutral",4,"artificial",1,"Young"
"427","797770","resources/real_fg_memory_images/orig19.jpg","Scam",3,"real",1,"Young"
"428","797770","resources/real_fg_memory_images/fg5.jpg","Scam",6,"artificial",1,"Young"
"429","797770","resources/real_fg_memory_images/orig26.jpg","Neutral",9,"real",1,"Young"
"430","797770","resources/real_fg_memory_images/orig24.jpg","Scam",3,"real",1,"Young"
"431","797770","resources/real_fg_memory_images/fg9.jpg","Neutral",3,"artificial",1,"Young"
"432","821820","resources/real_fg_memory_images/fg8.jpg","Neutral",9,"artificial",0,"Young"
"433","821820","resources/real_fg_memory_images/orig23.jpg","Scam",10,"real",1,"Young"
"434","821820","resources/real_fg_memory_images/orig29.jpg","Neutral",10,"real",1,"Young"
"435","821820","resources/real_fg_memory_images/orig21.jpg","Scam",10,"real",1,"Young"
"436","821820","resources/real_fg_memory_images/orig25.jpg","Neutral",6,"real",1,"Young"
"437","821820","resources/real_fg_memory_images/fg12.jpg","Neutral",8,"artificial",0,"Young"
"438","821820","resources/real_fg_memory_images/fg3.jpg","Scam",10,"artificial",1,"Young"
"439","821820","resources/real_fg_memory_images/orig27.jpg","Neutral",9,"real",1,"Young"
"440","821820","resources/real_fg_memory_images/fg10.jpg","Neutral",3,"artificial",1,"Young"
"441","821820","resources/real_fg_memory_images/orig24.jpg","Scam",4,"real",1,"Young"
"442","821820","resources/real_fg_memory_images/orig30.jpg","Neutral",10,"real",1,"Young"
"443","821820","resources/real_fg_memory_images/orig20.jpg","Scam",10,"real",1,"Young"
"444","821820","resources/real_fg_memory_images/orig19.jpg","Scam",8,"real",1,"Young"
"445","821820","resources/real_fg_memory_images/orig26.jpg","Neutral",10,"real",1,"Young"
"446","821820","resources/real_fg_memory_images/fg5.jpg","Scam",0,"artificial",0,"Young"
"447","821820","resources/real_fg_memory_images/fg2.jpg","Scam",0,"artificial",1,"Young"
"448","821820","resources/real_fg_memory_images/fg6.jpg","Scam",0,"artificial",1,"Young"
"449","821820","resources/real_fg_memory_images/fg4.jpg","Scam",0,"artificial",0,"Young"
"450","821820","resources/real_fg_memory_images/orig28.jpg","Neutral",3,"real",1,"Young"
"451","821820","resources/real_fg_memory_images/fg9.jpg","Neutral",2,"artificial",0,"Young"
"452","821820","resources/real_fg_memory_images/fg11.jpg","Neutral",1,"artificial",0,"Young"
"453","821820","resources/real_fg_memory_images/fg1.jpg","Scam",4,"artificial",1,"Young"
"454","821820","resources/real_fg_memory_images/orig22.jpg","Scam",5,"real",1,"Young"
"455","821820","resources/real_fg_memory_images/fg7.jpg","Neutral",3,"artificial",0,"Young"
"456","825683","resources/real_fg_memory_images/orig20.jpg","Scam",2,"real",1,"Young"
"457","825683","resources/real_fg_memory_images/fg2.jpg","Scam",0,"artificial",1,"Young"
"458","825683","resources/real_fg_memory_images/fg3.jpg","Scam",8,"artificial",1,"Young"
"459","825683","resources/real_fg_memory_images/fg12.jpg","Neutral",3,"artificial",1,"Young"
"460","825683","resources/real_fg_memory_images/orig28.jpg","Neutral",10,"real",0,"Young"
"461","825683","resources/real_fg_memory_images/fg1.jpg","Scam",2,"artificial",0,"Young"
"462","825683","resources/real_fg_memory_images/orig23.jpg","Scam",10,"real",1,"Young"
"463","825683","resources/real_fg_memory_images/orig27.jpg","Neutral",10,"real",1,"Young"
"464","825683","resources/real_fg_memory_images/orig25.jpg","Neutral",5,"real",0,"Young"
"465","825683","resources/real_fg_memory_images/fg4.jpg","Scam",3,"artificial",0,"Young"
"466","825683","resources/real_fg_memory_images/fg5.jpg","Scam",4,"artificial",1,"Young"
"467","825683","resources/real_fg_memory_images/orig24.jpg","Scam",2,"real",0,"Young"
"468","825683","resources/real_fg_memory_images/orig21.jpg","Scam",0,"real",0,"Young"
"469","825683","resources/real_fg_memory_images/orig22.jpg","Scam",5,"real",1,"Young"
"470","825683","resources/real_fg_memory_images/orig26.jpg","Neutral",10,"real",1,"Young"
"471","825683","resources/real_fg_memory_images/fg6.jpg","Scam",3,"artificial",1,"Young"
"472","825683","resources/real_fg_memory_images/fg8.jpg","Neutral",2,"artificial",1,"Young"
"473","825683","resources/real_fg_memory_images/fg9.jpg","Neutral",5,"artificial",0,"Young"
"474","825683","resources/real_fg_memory_images/fg10.jpg","Neutral",3,"artificial",1,"Young"
"475","825683","resources/real_fg_memory_images/orig29.jpg","Neutral",0,"real",1,"Young"
"476","825683","resources/real_fg_memory_images/fg11.jpg","Neutral",2,"artificial",1,"Young"
"477","825683","resources/real_fg_memory_images/orig30.jpg","Neutral",5,"real",1,"Young"
"478","825683","resources/real_fg_memory_images/fg7.jpg","Neutral",2,"artificial",1,"Young"
"479","825683","resources/real_fg_memory_images/orig19.jpg","Scam",5,"real",1,"Young"
"480","854508","resources/real_fg_memory_images/fg9.jpg","Neutral",10,"artificial",0,"Young"
"481","854508","resources/real_fg_memory_images/orig29.jpg","Neutral",10,"real",1,"Young"
"482","854508","resources/real_fg_memory_images/orig20.jpg","Scam",5,"real",1,"Young"
"483","854508","resources/real_fg_memory_images/orig30.jpg","Neutral",10,"real",1,"Young"
"484","854508","resources/real_fg_memory_images/fg10.jpg","Neutral",5,"artificial",1,"Young"
"485","854508","resources/real_fg_memory_images/orig27.jpg","Neutral",10,"real",0,"Young"
"486","854508","resources/real_fg_memory_images/orig26.jpg","Neutral",10,"real",1,"Young"
"487","854508","resources/real_fg_memory_images/fg11.jpg","Neutral",5,"artificial",1,"Young"
"488","854508","resources/real_fg_memory_images/fg5.jpg","Scam",10,"artificial",1,"Young"
"489","854508","resources/real_fg_memory_images/orig22.jpg","Scam",10,"real",1,"Young"
"490","854508","resources/real_fg_memory_images/fg4.jpg","Scam",10,"artificial",1,"Young"
"491","854508","resources/real_fg_memory_images/fg2.jpg","Scam",8,"artificial",1,"Young"
"492","854508","resources/real_fg_memory_images/orig28.jpg","Neutral",8,"real",1,"Young"
"493","854508","resources/real_fg_memory_images/fg3.jpg","Scam",8,"artificial",0,"Young"
"494","854508","resources/real_fg_memory_images/fg6.jpg","Scam",10,"artificial",1,"Young"
"495","854508","resources/real_fg_memory_images/orig24.jpg","Scam",2,"real",1,"Young"
"496","854508","resources/real_fg_memory_images/fg8.jpg","Neutral",7,"artificial",0,"Young"
"497","854508","resources/real_fg_memory_images/orig19.jpg","Scam",8,"real",1,"Young"
"498","854508","resources/real_fg_memory_images/fg12.jpg","Neutral",5,"artificial",0,"Young"
"499","854508","resources/real_fg_memory_images/orig25.jpg","Neutral",5,"real",0,"Young"
"500","854508","resources/real_fg_memory_images/fg1.jpg","Scam",6,"artificial",0,"Young"
"501","854508","resources/real_fg_memory_images/orig21.jpg","Scam",6,"real",0,"Young"
"502","854508","resources/real_fg_memory_images/orig23.jpg","Scam",5,"real",0,"Young"
"503","854508","resources/real_fg_memory_images/fg7.jpg","Neutral",7,"artificial",0,"Young"
"504","886833","resources/real_fg_memory_images/orig27.jpg","Neutral",8,"real",1,"Young"
"505","886833","resources/real_fg_memory_images/fg9.jpg","Neutral",6,"artificial",0,"Young"
"506","886833","resources/real_fg_memory_images/fg3.jpg","Scam",7,"artificial",1,"Young"
"507","886833","resources/real_fg_memory_images/fg4.jpg","Scam",6,"artificial",1,"Young"
"508","886833","resources/real_fg_memory_images/orig30.jpg","Neutral",8,"real",1,"Young"
"509","886833","resources/real_fg_memory_images/fg10.jpg","Neutral",4,"artificial",0,"Young"
"510","886833","resources/real_fg_memory_images/orig26.jpg","Neutral",9,"real",1,"Young"
"511","886833","resources/real_fg_memory_images/fg12.jpg","Neutral",5,"artificial",1,"Young"
"512","886833","resources/real_fg_memory_images/orig29.jpg","Neutral",4,"real",1,"Young"
"513","886833","resources/real_fg_memory_images/orig28.jpg","Neutral",9,"real",1,"Young"
"514","886833","resources/real_fg_memory_images/orig23.jpg","Scam",4,"real",1,"Young"
"515","886833","resources/real_fg_memory_images/fg8.jpg","Neutral",4,"artificial",0,"Young"
"516","886833","resources/real_fg_memory_images/orig19.jpg","Scam",5,"real",1,"Young"
"517","886833","resources/real_fg_memory_images/fg7.jpg","Neutral",8,"artificial",1,"Young"
"518","886833","resources/real_fg_memory_images/orig21.jpg","Scam",5,"real",0,"Young"
"519","886833","resources/real_fg_memory_images/orig25.jpg","Neutral",4,"real",0,"Young"
"520","886833","resources/real_fg_memory_images/fg5.jpg","Scam",8,"artificial",1,"Young"
"521","886833","resources/real_fg_memory_images/fg2.jpg","Scam",6,"artificial",1,"Young"
"522","886833","resources/real_fg_memory_images/orig22.jpg","Scam",9,"real",1,"Young"
"523","886833","resources/real_fg_memory_images/fg6.jpg","Scam",7,"artificial",1,"Young"
"524","886833","resources/real_fg_memory_images/orig20.jpg","Scam",6,"real",1,"Young"
"525","886833","resources/real_fg_memory_images/fg11.jpg","Neutral",4,"artificial",1,"Young"
"526","886833","resources/real_fg_memory_images/fg1.jpg","Scam",9,"artificial",1,"Young"
"527","886833","resources/real_fg_memory_images/orig24.jpg","Scam",7,"real",1,"Young"
"528","912125","resources/real_fg_memory_images/fg3.jpg","Scam",10,"artificial",1,"Young"
"529","912125","resources/real_fg_memory_images/fg11.jpg","Neutral",6,"artificial",1,"Young"
"530","912125","resources/real_fg_memory_images/fg8.jpg","Neutral",7,"artificial",1,"Young"
"531","912125","resources/real_fg_memory_images/orig21.jpg","Scam",10,"real",1,"Young"
"532","912125","resources/real_fg_memory_images/orig22.jpg","Scam",10,"real",1,"Young"
"533","912125","resources/real_fg_memory_images/orig26.jpg","Neutral",10,"real",1,"Young"
"534","912125","resources/real_fg_memory_images/fg4.jpg","Scam",7,"artificial",1,"Young"
"535","912125","resources/real_fg_memory_images/orig25.jpg","Neutral",6,"real",1,"Young"
"536","912125","resources/real_fg_memory_images/orig20.jpg","Scam",6,"real",0,"Young"
"537","912125","resources/real_fg_memory_images/orig30.jpg","Neutral",8,"real",1,"Young"
"538","912125","resources/real_fg_memory_images/fg6.jpg","Scam",8,"artificial",1,"Young"
"539","912125","resources/real_fg_memory_images/fg1.jpg","Scam",9,"artificial",1,"Young"
"540","912125","resources/real_fg_memory_images/fg10.jpg","Neutral",8,"artificial",0,"Young"
"541","912125","resources/real_fg_memory_images/orig19.jpg","Scam",10,"real",1,"Young"
"542","912125","resources/real_fg_memory_images/orig24.jpg","Scam",6,"real",0,"Young"
"543","912125","resources/real_fg_memory_images/fg12.jpg","Neutral",7,"artificial",0,"Young"
"544","912125","resources/real_fg_memory_images/fg5.jpg","Scam",9,"artificial",1,"Young"
"545","912125","resources/real_fg_memory_images/fg2.jpg","Scam",9,"artificial",1,"Young"
"546","912125","resources/real_fg_memory_images/orig23.jpg","Scam",10,"real",1,"Young"
"547","912125","resources/real_fg_memory_images/orig27.jpg","Neutral",10,"real",1,"Young"
"548","912125","resources/real_fg_memory_images/fg7.jpg","Neutral",7,"artificial",1,"Young"
"549","912125","resources/real_fg_memory_images/fg9.jpg","Neutral",9,"artificial",0,"Young"
"550","912125","resources/real_fg_memory_images/orig29.jpg","Neutral",7,"real",1,"Young"
"551","912125","resources/real_fg_memory_images/orig28.jpg","Neutral",8,"real",1,"Young"
"552","920910","resources/real_fg_memory_images/fg1.jpg","Scam",8,"artificial",1,"Young"
"553","920910","resources/real_fg_memory_images/orig19.jpg","Scam",5,"real",1,"Young"
"554","920910","resources/real_fg_memory_images/orig21.jpg","Scam",5,"real",1,"Young"
"555","920910","resources/real_fg_memory_images/orig25.jpg","Neutral",6,"real",1,"Young"
"556","920910","resources/real_fg_memory_images/orig23.jpg","Scam",9,"real",0,"Young"
"557","920910","resources/real_fg_memory_images/fg5.jpg","Scam",10,"artificial",1,"Young"
"558","920910","resources/real_fg_memory_images/orig24.jpg","Scam",8,"real",0,"Young"
"559","920910","resources/real_fg_memory_images/orig20.jpg","Scam",5,"real",1,"Young"
"560","920910","resources/real_fg_memory_images/orig29.jpg","Neutral",10,"real",1,"Young"
"561","920910","resources/real_fg_memory_images/fg11.jpg","Neutral",8,"artificial",0,"Young"
"562","920910","resources/real_fg_memory_images/fg7.jpg","Neutral",9,"artificial",1,"Young"
"563","920910","resources/real_fg_memory_images/orig30.jpg","Neutral",8,"real",1,"Young"
"564","920910","resources/real_fg_memory_images/fg2.jpg","Scam",5,"artificial",1,"Young"
"565","920910","resources/real_fg_memory_images/fg8.jpg","Neutral",6,"artificial",0,"Young"
"566","920910","resources/real_fg_memory_images/fg9.jpg","Neutral",5,"artificial",1,"Young"
"567","920910","resources/real_fg_memory_images/orig28.jpg","Neutral",10,"real",1,"Young"
"568","920910","resources/real_fg_memory_images/orig22.jpg","Scam",5,"real",1,"Young"
"569","920910","resources/real_fg_memory_images/fg6.jpg","Scam",8,"artificial",0,"Young"
"570","920910","resources/real_fg_memory_images/orig27.jpg","Neutral",10,"real",1,"Young"
"571","920910","resources/real_fg_memory_images/fg4.jpg","Scam",10,"artificial",1,"Young"
"572","920910","resources/real_fg_memory_images/fg12.jpg","Neutral",10,"artificial",0,"Young"
"573","920910","resources/real_fg_memory_images/orig26.jpg","Neutral",10,"real",1,"Young"
"574","920910","resources/real_fg_memory_images/fg10.jpg","Neutral",6,"artificial",0,"Young"
"575","920910","resources/real_fg_memory_images/fg3.jpg","Scam",10,"artificial",1,"Young"
"576","023395","resources/real_fg_memory_images/fg28.jpg","Neutral",6,"artificial",1,"Young"
"577","023395","resources/real_fg_memory_images/orig3.jpg","Scam",10,"real",1,"Young"
"578","023395","resources/real_fg_memory_images/fg27.jpg","Neutral",4,"artificial",1,"Young"
"579","023395","resources/real_fg_memory_images/orig7.jpg","Neutral",4,"real",1,"Young"
"580","023395","resources/real_fg_memory_images/fg19.jpg","Scam",5,"artificial",1,"Young"
"581","023395","resources/real_fg_memory_images/fg30.jpg","Neutral",6,"artificial",1,"Young"
"582","023395","resources/real_fg_memory_images/orig4.jpg","Scam",9,"real",1,"Young"
"583","023395","resources/real_fg_memory_images/fg20.jpg","Scam",10,"artificial",1,"Young"
"584","023395","resources/real_fg_memory_images/orig9.jpg","Neutral",7,"real",1,"Young"
"585","023395","resources/real_fg_memory_images/orig11.jpg","Neutral",6,"real",1,"Young"
"586","023395","resources/real_fg_memory_images/orig2.jpg","Scam",10,"real",1,"Young"
"587","023395","resources/real_fg_memory_images/orig6.jpg","Scam",9,"real",1,"Young"
"588","023395","resources/real_fg_memory_images/orig5.jpg","Scam",10,"real",1,"Young"
"589","023395","resources/real_fg_memory_images/fg21.jpg","Scam",10,"artificial",1,"Young"
"590","023395","resources/real_fg_memory_images/fg25.jpg","Neutral",3,"artificial",1,"Young"
"591","023395","resources/real_fg_memory_images/orig1.jpg","Scam",7,"real",1,"Young"
"592","023395","resources/real_fg_memory_images/fg29.jpg","Neutral",6,"artificial",1,"Young"
"593","023395","resources/real_fg_memory_images/fg24.jpg","Scam",5,"artificial",1,"Young"
"594","023395","resources/real_fg_memory_images/orig12.jpg","Neutral",3,"real",0,"Young"
"595","023395","resources/real_fg_memory_images/fg22.jpg","Scam",9,"artificial",1,"Young"
"596","023395","resources/real_fg_memory_images/fg26.jpg","Neutral",4,"artificial",1,"Young"
"597","023395","resources/real_fg_memory_images/orig8.jpg","Neutral",10,"real",1,"Young"
"598","023395","resources/real_fg_memory_images/fg23.jpg","Scam",8,"artificial",1,"Young"
"599","023395","resources/real_fg_memory_images/orig10.jpg","Neutral",4,"real",1,"Young"
"600","050143","resources/real_fg_memory_images/orig2.jpg","Scam",10,"real",1,"Young"
"601","050143","resources/real_fg_memory_images/fg22.jpg","Scam",8,"artificial",1,"Young"
"602","050143","resources/real_fg_memory_images/orig5.jpg","Scam",10,"real",1,"Young"
"603","050143","resources/real_fg_memory_images/orig11.jpg","Neutral",10,"real",1,"Young"
"604","050143","resources/real_fg_memory_images/orig4.jpg","Scam",10,"real",1,"Young"
"605","050143","resources/real_fg_memory_images/orig3.jpg","Scam",6,"real",0,"Young"
"606","050143","resources/real_fg_memory_images/orig8.jpg","Neutral",10,"real",1,"Young"
"607","050143","resources/real_fg_memory_images/fg25.jpg","Neutral",5,"artificial",1,"Young"
"608","050143","resources/real_fg_memory_images/orig6.jpg","Scam",10,"real",1,"Young"
"609","050143","resources/real_fg_memory_images/fg26.jpg","Neutral",5,"artificial",1,"Young"
"610","050143","resources/real_fg_memory_images/orig12.jpg","Neutral",5,"real",1,"Young"
"611","050143","resources/real_fg_memory_images/fg27.jpg","Neutral",5,"artificial",1,"Young"
"612","050143","resources/real_fg_memory_images/orig1.jpg","Scam",10,"real",1,"Young"
"613","050143","resources/real_fg_memory_images/orig9.jpg","Neutral",5,"real",1,"Young"
"614","050143","resources/real_fg_memory_images/fg20.jpg","Scam",7,"artificial",1,"Young"
"615","050143","resources/real_fg_memory_images/fg24.jpg","Scam",10,"artificial",1,"Young"
"616","050143","resources/real_fg_memory_images/orig10.jpg","Neutral",6,"real",1,"Young"
"617","050143","resources/real_fg_memory_images/fg23.jpg","Scam",10,"artificial",1,"Young"
"618","050143","resources/real_fg_memory_images/orig7.jpg","Neutral",7,"real",1,"Young"
"619","050143","resources/real_fg_memory_images/fg21.jpg","Scam",7,"artificial",0,"Young"
"620","050143","resources/real_fg_memory_images/fg28.jpg","Neutral",9,"artificial",1,"Young"
"621","050143","resources/real_fg_memory_images/fg29.jpg","Neutral",9,"artificial",1,"Young"
"622","050143","resources/real_fg_memory_images/fg30.jpg","Neutral",5,"artificial",0,"Young"
"623","050143","resources/real_fg_memory_images/fg19.jpg","Scam",5,"artificial",0,"Young"
"624","185163","resources/real_fg_memory_images/orig5.jpg","Scam",5,"real",0,"Young"
"625","185163","resources/real_fg_memory_images/fg23.jpg","Scam",5,"artificial",0,"Young"
"626","185163","resources/real_fg_memory_images/fg19.jpg","Scam",0,"artificial",1,"Young"
"627","185163","resources/real_fg_memory_images/fg28.jpg","Neutral",6,"artificial",1,"Young"
"628","185163","resources/real_fg_memory_images/orig3.jpg","Scam",7,"real",0,"Young"
"629","185163","resources/real_fg_memory_images/orig6.jpg","Scam",6,"real",1,"Young"
"630","185163","resources/real_fg_memory_images/orig8.jpg","Neutral",3,"real",0,"Young"
"631","185163","resources/real_fg_memory_images/orig11.jpg","Neutral",7,"real",1,"Young"
"632","185163","resources/real_fg_memory_images/orig10.jpg","Neutral",5,"real",0,"Young"
"633","185163","resources/real_fg_memory_images/orig9.jpg","Neutral",4,"real",1,"Young"
"634","185163","resources/real_fg_memory_images/orig7.jpg","Neutral",5,"real",1,"Young"
"635","185163","resources/real_fg_memory_images/fg27.jpg","Neutral",4,"artificial",1,"Young"
"636","185163","resources/real_fg_memory_images/fg25.jpg","Neutral",3,"artificial",1,"Young"
"637","185163","resources/real_fg_memory_images/fg29.jpg","Neutral",3,"artificial",1,"Young"
"638","185163","resources/real_fg_memory_images/orig4.jpg","Scam",6,"real",1,"Young"
"639","185163","resources/real_fg_memory_images/fg24.jpg","Scam",3,"artificial",0,"Young"
"640","185163","resources/real_fg_memory_images/fg26.jpg","Neutral",2,"artificial",1,"Young"
"641","185163","resources/real_fg_memory_images/orig12.jpg","Neutral",2,"real",0,"Young"
"642","185163","resources/real_fg_memory_images/orig1.jpg","Scam",7,"real",1,"Young"
"643","185163","resources/real_fg_memory_images/fg30.jpg","Neutral",3,"artificial",1,"Young"
"644","185163","resources/real_fg_memory_images/fg20.jpg","Scam",4,"artificial",0,"Young"
"645","185163","resources/real_fg_memory_images/fg22.jpg","Scam",5,"artificial",1,"Young"
"646","185163","resources/real_fg_memory_images/orig2.jpg","Scam",7,"real",1,"Young"
"647","185163","resources/real_fg_memory_images/fg21.jpg","Scam",3,"artificial",0,"Young"
"648","411563","resources/real_fg_memory_images/orig2.jpg","Scam",7,"real",1,"Young"
"649","411563","resources/real_fg_memory_images/orig1.jpg","Scam",10,"real",1,"Young"
"650","411563","resources/real_fg_memory_images/orig12.jpg","Neutral",10,"real",0,"Young"
"651","411563","resources/real_fg_memory_images/orig7.jpg","Neutral",7,"real",1,"Young"
"652","411563","resources/real_fg_memory_images/fg28.jpg","Neutral",10,"artificial",1,"Young"
"653","411563","resources/real_fg_memory_images/orig4.jpg","Scam",9,"real",1,"Young"
"654","411563","resources/real_fg_memory_images/fg22.jpg","Scam",10,"artificial",1,"Young"
"655","411563","resources/real_fg_memory_images/orig9.jpg","Neutral",6,"real",1,"Young"
"656","411563","resources/real_fg_memory_images/fg27.jpg","Neutral",7,"artificial",1,"Young"
"657","411563","resources/real_fg_memory_images/fg30.jpg","Neutral",7,"artificial",1,"Young"
"658","411563","resources/real_fg_memory_images/orig5.jpg","Scam",8,"real",1,"Young"
"659","411563","resources/real_fg_memory_images/orig3.jpg","Scam",7,"real",1,"Young"
"660","411563","resources/real_fg_memory_images/orig10.jpg","Neutral",5,"real",1,"Young"
"661","411563","resources/real_fg_memory_images/fg26.jpg","Neutral",7,"artificial",1,"Young"
"662","411563","resources/real_fg_memory_images/fg25.jpg","Neutral",6,"artificial",1,"Young"
"663","411563","resources/real_fg_memory_images/fg29.jpg","Neutral",7,"artificial",1,"Young"
"664","411563","resources/real_fg_memory_images/fg23.jpg","Scam",5,"artificial",0,"Young"
"665","411563","resources/real_fg_memory_images/orig8.jpg","Neutral",2,"real",0,"Young"
"666","411563","resources/real_fg_memory_images/fg19.jpg","Scam",7,"artificial",0,"Young"
"667","411563","resources/real_fg_memory_images/orig6.jpg","Scam",5,"real",0,"Young"
"668","411563","resources/real_fg_memory_images/fg20.jpg","Scam",3,"artificial",0,"Young"
"669","411563","resources/real_fg_memory_images/fg24.jpg","Scam",4,"artificial",0,"Young"
"670","411563","resources/real_fg_memory_images/fg21.jpg","Scam",5,"artificial",1,"Young"
"671","411563","resources/real_fg_memory_images/orig11.jpg","Neutral",5,"real",1,"Young"
"672","450404","resources/real_fg_memory_images/orig7.jpg","Neutral",5,"real",0,"Young"
"673","450404","resources/real_fg_memory_images/orig8.jpg","Neutral",5,"real",1,"Young"
"674","450404","resources/real_fg_memory_images/fg27.jpg","Neutral",8,"artificial",0,"Young"
"675","450404","resources/real_fg_memory_images/fg22.jpg","Scam",5,"artificial",0,"Young"
"676","450404","resources/real_fg_memory_images/fg21.jpg","Scam",5,"artificial",1,"Young"
"677","450404","resources/real_fg_memory_images/fg25.jpg","Neutral",5,"artificial",1,"Young"
"678","450404","resources/real_fg_memory_images/orig5.jpg","Scam",5,"real",1,"Young"
"679","450404","resources/real_fg_memory_images/orig9.jpg","Neutral",5,"real",0,"Young"
"680","450404","resources/real_fg_memory_images/fg28.jpg","Neutral",5,"artificial",1,"Young"
"681","450404","resources/real_fg_memory_images/fg29.jpg","Neutral",5,"artificial",0,"Young"
"682","450404","resources/real_fg_memory_images/orig6.jpg","Scam",5,"real",1,"Young"
"683","450404","resources/real_fg_memory_images/orig11.jpg","Neutral",5,"real",1,"Young"
"684","450404","resources/real_fg_memory_images/fg24.jpg","Scam",5,"artificial",1,"Young"
"685","450404","resources/real_fg_memory_images/fg26.jpg","Neutral",5,"artificial",1,"Young"
"686","450404","resources/real_fg_memory_images/fg30.jpg","Neutral",5,"artificial",1,"Young"
"687","450404","resources/real_fg_memory_images/orig12.jpg","Neutral",6,"real",1,"Young"
"688","450404","resources/real_fg_memory_images/orig2.jpg","Scam",5,"real",1,"Young"
"689","450404","resources/real_fg_memory_images/orig10.jpg","Neutral",5,"real",1,"Young"
"690","450404","resources/real_fg_memory_images/fg20.jpg","Scam",5,"artificial",1,"Young"
"691","450404","resources/real_fg_memory_images/orig3.jpg","Scam",5,"real",1,"Young"
"692","450404","resources/real_fg_memory_images/orig1.jpg","Scam",8,"real",0,"Young"
"693","450404","resources/real_fg_memory_images/fg23.jpg","Scam",6,"artificial",0,"Young"
"694","450404","resources/real_fg_memory_images/orig4.jpg","Scam",6,"real",1,"Young"
"695","450404","resources/real_fg_memory_images/fg19.jpg","Scam",6,"artificial",1,"Young"
"696","466599","resources/real_fg_memory_images/fg23.jpg","Scam",5,"artificial",1,"Young"
"697","466599","resources/real_fg_memory_images/orig7.jpg","Neutral",8,"real",1,"Young"
"698","466599","resources/real_fg_memory_images/orig6.jpg","Scam",5,"real",1,"Young"
"699","466599","resources/real_fg_memory_images/orig5.jpg","Scam",5,"real",1,"Young"
"700","466599","resources/real_fg_memory_images/orig11.jpg","Neutral",9,"real",1,"Young"
"701","466599","resources/real_fg_memory_images/fg22.jpg","Scam",5,"artificial",1,"Young"
"702","466599","resources/real_fg_memory_images/fg25.jpg","Neutral",5,"artificial",0,"Young"
"703","466599","resources/real_fg_memory_images/fg26.jpg","Neutral",7,"artificial",1,"Young"
"704","466599","resources/real_fg_memory_images/fg30.jpg","Neutral",7,"artificial",1,"Young"
"705","466599","resources/real_fg_memory_images/orig3.jpg","Scam",8,"real",1,"Young"
"706","466599","resources/real_fg_memory_images/fg29.jpg","Neutral",8,"artificial",1,"Young"
"707","466599","resources/real_fg_memory_images/orig4.jpg","Scam",6,"real",1,"Young"
"708","466599","resources/real_fg_memory_images/fg21.jpg","Scam",6,"artificial",0,"Young"
"709","466599","resources/real_fg_memory_images/orig10.jpg","Neutral",9,"real",1,"Young"
"710","466599","resources/real_fg_memory_images/orig8.jpg","Neutral",10,"real",1,"Young"
"711","466599","resources/real_fg_memory_images/orig2.jpg","Scam",7,"real",0,"Young"
"712","466599","resources/real_fg_memory_images/fg24.jpg","Scam",5,"artificial",1,"Young"
"713","466599","resources/real_fg_memory_images/fg28.jpg","Neutral",5,"artificial",0,"Young"
"714","466599","resources/real_fg_memory_images/orig9.jpg","Neutral",5,"real",0,"Young"
"715","466599","resources/real_fg_memory_images/orig1.jpg","Scam",6,"real",0,"Young"
"716","466599","resources/real_fg_memory_images/fg27.jpg","Neutral",8,"artificial",1,"Young"
"717","466599","resources/real_fg_memory_images/orig12.jpg","Neutral",0,"real",0,"Young"
"718","466599","resources/real_fg_memory_images/fg19.jpg","Scam",5,"artificial",1,"Young"
"719","466599","resources/real_fg_memory_images/fg20.jpg","Scam",5,"artificial",1,"Young"
"720","473890","resources/real_fg_memory_images/orig12.jpg","Neutral",8,"real",0,"Young"
"721","473890","resources/real_fg_memory_images/fg29.jpg","Neutral",8,"artificial",0,"Young"
"722","473890","resources/real_fg_memory_images/fg26.jpg","Neutral",8,"artificial",1,"Young"
"723","473890","resources/real_fg_memory_images/orig10.jpg","Neutral",5,"real",1,"Young"
"724","473890","resources/real_fg_memory_images/fg19.jpg","Scam",4,"artificial",1,"Young"
"725","473890","resources/real_fg_memory_images/fg24.jpg","Scam",4,"artificial",1,"Young"
"726","473890","resources/real_fg_memory_images/fg30.jpg","Neutral",7,"artificial",1,"Young"
"727","473890","resources/real_fg_memory_images/orig6.jpg","Scam",6,"real",1,"Young"
"728","473890","resources/real_fg_memory_images/fg20.jpg","Scam",7,"artificial",0,"Young"
"729","473890","resources/real_fg_memory_images/orig3.jpg","Scam",8,"real",1,"Young"
"730","473890","resources/real_fg_memory_images/orig2.jpg","Scam",6,"real",0,"Young"
"731","473890","resources/real_fg_memory_images/orig11.jpg","Neutral",4,"real",1,"Young"
"732","473890","resources/real_fg_memory_images/orig5.jpg","Scam",9,"real",1,"Young"
"733","473890","resources/real_fg_memory_images/orig4.jpg","Scam",3,"real",0,"Young"
"734","473890","resources/real_fg_memory_images/fg25.jpg","Neutral",6,"artificial",1,"Young"
"735","473890","resources/real_fg_memory_images/fg28.jpg","Neutral",6,"artificial",1,"Young"
"736","473890","resources/real_fg_memory_images/fg23.jpg","Scam",6,"artificial",0,"Young"
"737","473890","resources/real_fg_memory_images/fg21.jpg","Scam",8,"artificial",0,"Young"
"738","473890","resources/real_fg_memory_images/fg22.jpg","Scam",8,"artificial",1,"Young"
"739","473890","resources/real_fg_memory_images/orig8.jpg","Neutral",9,"real",1,"Young"
"740","473890","resources/real_fg_memory_images/orig1.jpg","Scam",7,"real",1,"Young"
"741","473890","resources/real_fg_memory_images/orig9.jpg","Neutral",9,"real",0,"Young"
"742","473890","resources/real_fg_memory_images/orig7.jpg","Neutral",6,"real",1,"Young"
"743","473890","resources/real_fg_memory_images/fg27.jpg","Neutral",2,"artificial",0,"Young"
"744","475074","resources/real_fg_memory_images/orig11.jpg","Neutral",10,"real",1,"Young"
"745","475074","resources/real_fg_memory_images/orig3.jpg","Scam",5,"real",1,"Young"
"746","475074","resources/real_fg_memory_images/fg26.jpg","Neutral",10,"artificial",0,"Young"
"747","475074","resources/real_fg_memory_images/orig5.jpg","Scam",9,"real",0,"Young"
"748","475074","resources/real_fg_memory_images/fg30.jpg","Neutral",10,"artificial",0,"Young"
"749","475074","resources/real_fg_memory_images/orig12.jpg","Neutral",5,"real",1,"Young"
"750","475074","resources/real_fg_memory_images/orig1.jpg","Scam",10,"real",1,"Young"
"751","475074","resources/real_fg_memory_images/fg23.jpg","Scam",10,"artificial",1,"Young"
"752","475074","resources/real_fg_memory_images/fg22.jpg","Scam",10,"artificial",1,"Young"
"753","475074","resources/real_fg_memory_images/fg29.jpg","Neutral",4,"artificial",1,"Young"
"754","475074","resources/real_fg_memory_images/fg25.jpg","Neutral",10,"artificial",0,"Young"
"755","475074","resources/real_fg_memory_images/orig8.jpg","Neutral",9,"real",1,"Young"
"756","475074","resources/real_fg_memory_images/fg27.jpg","Neutral",7,"artificial",0,"Young"
"757","475074","resources/real_fg_memory_images/orig10.jpg","Neutral",8,"real",0,"Young"
"758","475074","resources/real_fg_memory_images/orig2.jpg","Scam",9,"real",1,"Young"
"759","475074","resources/real_fg_memory_images/orig9.jpg","Neutral",8,"real",1,"Young"
"760","475074","resources/real_fg_memory_images/fg19.jpg","Scam",10,"artificial",1,"Young"
"761","475074","resources/real_fg_memory_images/fg24.jpg","Scam",10,"artificial",1,"Young"
"762","475074","resources/real_fg_memory_images/orig4.jpg","Scam",6,"real",1,"Young"
"763","475074","resources/real_fg_memory_images/orig7.jpg","Neutral",5,"real",1,"Young"
"764","475074","resources/real_fg_memory_images/fg28.jpg","Neutral",9,"artificial",0,"Young"
"765","475074","resources/real_fg_memory_images/fg21.jpg","Scam",10,"artificial",1,"Young"
"766","475074","resources/real_fg_memory_images/orig6.jpg","Scam",9,"real",0,"Young"
"767","475074","resources/real_fg_memory_images/fg20.jpg","Scam",8,"artificial",1,"Young"
"768","478150","resources/real_fg_memory_images/orig9.jpg","Neutral",6,"real",0,"Young"
"769","478150","resources/real_fg_memory_images/orig6.jpg","Scam",5,"real",0,"Young"
"770","478150","resources/real_fg_memory_images/fg21.jpg","Scam",5,"artificial",0,"Young"
"771","478150","resources/real_fg_memory_images/fg19.jpg","Scam",5,"artificial",1,"Young"
"772","478150","resources/real_fg_memory_images/orig10.jpg","Neutral",10,"real",1,"Young"
"773","478150","resources/real_fg_memory_images/fg25.jpg","Neutral",6,"artificial",0,"Young"
"774","478150","resources/real_fg_memory_images/fg29.jpg","Neutral",5,"artificial",0,"Young"
"775","478150","resources/real_fg_memory_images/orig7.jpg","Neutral",6,"real",0,"Young"
"776","478150","resources/real_fg_memory_images/fg28.jpg","Neutral",7,"artificial",1,"Young"
"777","478150","resources/real_fg_memory_images/fg23.jpg","Scam",8,"artificial",1,"Young"
"778","478150","resources/real_fg_memory_images/fg27.jpg","Neutral",5,"artificial",0,"Young"
"779","478150","resources/real_fg_memory_images/orig2.jpg","Scam",9,"real",1,"Young"
"780","478150","resources/real_fg_memory_images/orig4.jpg","Scam",9,"real",1,"Young"
"781","478150","resources/real_fg_memory_images/fg24.jpg","Scam",9,"artificial",1,"Young"
"782","478150","resources/real_fg_memory_images/fg30.jpg","Neutral",9,"artificial",1,"Young"
"783","478150","resources/real_fg_memory_images/fg20.jpg","Scam",10,"artificial",1,"Young"
"784","478150","resources/real_fg_memory_images/orig3.jpg","Scam",9,"real",0,"Young"
"785","478150","resources/real_fg_memory_images/fg22.jpg","Scam",7,"artificial",1,"Young"
"786","478150","resources/real_fg_memory_images/orig8.jpg","Neutral",10,"real",1,"Young"
"787","478150","resources/real_fg_memory_images/orig5.jpg","Scam",9,"real",1,"Young"
"788","478150","resources/real_fg_memory_images/orig12.jpg","Neutral",7,"real",1,"Young"
"789","478150","resources/real_fg_memory_images/orig1.jpg","Scam",8,"real",1,"Young"
"790","478150","resources/real_fg_memory_images/fg26.jpg","Neutral",8,"artificial",1,"Young"
"791","478150","resources/real_fg_memory_images/orig11.jpg","Neutral",7,"real",1,"Young"
"792","487325","resources/real_fg_memory_images/orig8.jpg","Neutral",9,"real",1,"Young"
"793","487325","resources/real_fg_memory_images/orig10.jpg","Neutral",10,"real",1,"Young"
"794","487325","resources/real_fg_memory_images/fg20.jpg","Scam",8,"artificial",1,"Young"
"795","487325","resources/real_fg_memory_images/orig12.jpg","Neutral",10,"real",1,"Young"
"796","487325","resources/real_fg_memory_images/fg21.jpg","Scam",6,"artificial",0,"Young"
"797","487325","resources/real_fg_memory_images/fg19.jpg","Scam",6,"artificial",0,"Young"
"798","487325","resources/real_fg_memory_images/orig1.jpg","Scam",9,"real",1,"Young"
"799","487325","resources/real_fg_memory_images/orig4.jpg","Scam",9,"real",1,"Young"
"800","487325","resources/real_fg_memory_images/fg24.jpg","Scam",7,"artificial",1,"Young"
"801","487325","resources/real_fg_memory_images/orig2.jpg","Scam",9,"real",1,"Young"
"802","487325","resources/real_fg_memory_images/fg23.jpg","Scam",5,"artificial",0,"Young"
"803","487325","resources/real_fg_memory_images/orig6.jpg","Scam",6,"real",0,"Young"
"804","487325","resources/real_fg_memory_images/orig5.jpg","Scam",8,"real",0,"Young"
"805","487325","resources/real_fg_memory_images/fg29.jpg","Neutral",5,"artificial",1,"Young"
"806","487325","resources/real_fg_memory_images/fg22.jpg","Scam",9,"artificial",1,"Young"
"807","487325","resources/real_fg_memory_images/orig7.jpg","Neutral",8,"real",1,"Young"
"808","487325","resources/real_fg_memory_images/fg26.jpg","Neutral",7,"artificial",1,"Young"
"809","487325","resources/real_fg_memory_images/orig9.jpg","Neutral",6,"real",1,"Young"
"810","487325","resources/real_fg_memory_images/orig11.jpg","Neutral",9,"real",1,"Young"
"811","487325","resources/real_fg_memory_images/fg25.jpg","Neutral",5,"artificial",0,"Young"
"812","487325","resources/real_fg_memory_images/fg28.jpg","Neutral",8,"artificial",1,"Young"
"813","487325","resources/real_fg_memory_images/fg27.jpg","Neutral",10,"artificial",1,"Young"
"814","487325","resources/real_fg_memory_images/fg30.jpg","Neutral",5,"artificial",0,"Young"
"815","487325","resources/real_fg_memory_images/orig3.jpg","Scam",10,"real",1,"Young"
"816","511","resources/real_fg_memory_images/orig11.jpg","Neutral",0,"real",1,"Young"
"817","511","resources/real_fg_memory_images/fg23.jpg","Scam",7,"artificial",1,"Young"
"818","511","resources/real_fg_memory_images/orig3.jpg","Scam",9,"real",1,"Young"
"819","511","resources/real_fg_memory_images/fg30.jpg","Neutral",5,"artificial",1,"Young"
"820","511","resources/real_fg_memory_images/fg22.jpg","Scam",9,"artificial",1,"Young"
"821","511","resources/real_fg_memory_images/fg21.jpg","Scam",1,"artificial",1,"Young"
"822","511","resources/real_fg_memory_images/fg25.jpg","Neutral",2,"artificial",0,"Young"
"823","511","resources/real_fg_memory_images/orig2.jpg","Scam",2,"real",1,"Young"
"824","511","resources/real_fg_memory_images/orig10.jpg","Neutral",5,"real",0,"Young"
"825","511","resources/real_fg_memory_images/fg29.jpg","Neutral",2,"artificial",0,"Young"
"826","511","resources/real_fg_memory_images/orig12.jpg","Neutral",2,"real",0,"Young"
"827","511","resources/real_fg_memory_images/orig6.jpg","Scam",3,"real",0,"Young"
"828","511","resources/real_fg_memory_images/orig1.jpg","Scam",1,"real",0,"Young"
"829","511","resources/real_fg_memory_images/fg27.jpg","Neutral",1,"artificial",0,"Young"
"830","511","resources/real_fg_memory_images/fg28.jpg","Neutral",10,"artificial",1,"Young"
"831","511","resources/real_fg_memory_images/fg24.jpg","Scam",2,"artificial",1,"Young"
"832","511","resources/real_fg_memory_images/orig8.jpg","Neutral",2,"real",0,"Young"
"833","511","resources/real_fg_memory_images/orig4.jpg","Scam",1,"real",1,"Young"
"834","511","resources/real_fg_memory_images/orig7.jpg","Neutral",1,"real",0,"Young"
"835","511","resources/real_fg_memory_images/fg20.jpg","Scam",1,"artificial",1,"Young"
"836","511","resources/real_fg_memory_images/orig9.jpg","Neutral",1,"real",0,"Young"
"837","511","resources/real_fg_memory_images/fg19.jpg","Scam",1,"artificial",1,"Young"
"838","511","resources/real_fg_memory_images/orig5.jpg","Scam",1,"real",1,"Young"
"839","511","resources/real_fg_memory_images/fg26.jpg","Neutral",2,"artificial",0,"Young"
"840","519824","resources/real_fg_memory_images/orig11.jpg","Neutral",5,"real",0,"Young"
"841","519824","resources/real_fg_memory_images/orig2.jpg","Scam",10,"real",0,"Young"
"842","519824","resources/real_fg_memory_images/orig5.jpg","Scam",5,"real",1,"Young"
"843","519824","resources/real_fg_memory_images/orig8.jpg","Neutral",5,"real",1,"Young"
"844","519824","resources/real_fg_memory_images/orig1.jpg","Scam",0,"real",0,"Young"
"845","519824","resources/real_fg_memory_images/orig10.jpg","Neutral",8,"real",0,"Young"
"846","519824","resources/real_fg_memory_images/orig4.jpg","Scam",7,"real",0,"Young"
"847","519824","resources/real_fg_memory_images/fg29.jpg","Neutral",7,"artificial",0,"Young"
"848","519824","resources/real_fg_memory_images/fg25.jpg","Neutral",9,"artificial",0,"Young"
"849","519824","resources/real_fg_memory_images/fg27.jpg","Neutral",8,"artificial",0,"Young"
"850","519824","resources/real_fg_memory_images/orig9.jpg","Neutral",0,"real",1,"Young"
"851","519824","resources/real_fg_memory_images/orig7.jpg","Neutral",7,"real",0,"Young"
"852","519824","resources/real_fg_memory_images/fg22.jpg","Scam",10,"artificial",1,"Young"
"853","519824","resources/real_fg_memory_images/fg20.jpg","Scam",5,"artificial",1,"Young"
"854","519824","resources/real_fg_memory_images/fg24.jpg","Scam",0,"artificial",0,"Young"
"855","519824","resources/real_fg_memory_images/fg23.jpg","Scam",5,"artificial",0,"Young"
"856","519824","resources/real_fg_memory_images/fg21.jpg","Scam",0,"artificial",0,"Young"
"857","519824","resources/real_fg_memory_images/orig6.jpg","Scam",5,"real",0,"Young"
"858","519824","resources/real_fg_memory_images/fg30.jpg","Neutral",0,"artificial",1,"Young"
"859","519824","resources/real_fg_memory_images/fg28.jpg","Neutral",0,"artificial",0,"Young"
"860","519824","resources/real_fg_memory_images/fg26.jpg","Neutral",5,"artificial",1,"Young"
"861","519824","resources/real_fg_memory_images/fg19.jpg","Scam",0,"artificial",1,"Young"
"862","519824","resources/real_fg_memory_images/orig12.jpg","Neutral",5,"real",0,"Young"
"863","519824","resources/real_fg_memory_images/orig3.jpg","Scam",10,"real",1,"Young"
"864","559091","resources/real_fg_memory_images/orig5.jpg","Scam",7,"real",1,"Young"
"865","559091","resources/real_fg_memory_images/fg22.jpg","Scam",3,"artificial",1,"Young"
"866","559091","resources/real_fg_memory_images/fg25.jpg","Neutral",4,"artificial",1,"Young"
"867","559091","resources/real_fg_memory_images/orig4.jpg","Scam",10,"real",1,"Young"
"868","559091","resources/real_fg_memory_images/fg24.jpg","Scam",3,"artificial",0,"Young"
"869","559091","resources/real_fg_memory_images/orig12.jpg","Neutral",9,"real",0,"Young"
"870","559091","resources/real_fg_memory_images/fg29.jpg","Neutral",4,"artificial",0,"Young"
"871","559091","resources/real_fg_memory_images/orig9.jpg","Neutral",4,"real",1,"Young"
"872","559091","resources/real_fg_memory_images/orig11.jpg","Neutral",4,"real",1,"Young"
"873","559091","resources/real_fg_memory_images/fg28.jpg","Neutral",4,"artificial",1,"Young"
"874","559091","resources/real_fg_memory_images/fg19.jpg","Scam",2,"artificial",0,"Young"
"875","559091","resources/real_fg_memory_images/fg27.jpg","Neutral",2,"artificial",0,"Young"
"876","559091","resources/real_fg_memory_images/fg30.jpg","Neutral",2,"artificial",1,"Young"
"877","559091","resources/real_fg_memory_images/fg21.jpg","Scam",3,"artificial",0,"Young"
"878","559091","resources/real_fg_memory_images/orig6.jpg","Scam",3,"real",0,"Young"
"879","559091","resources/real_fg_memory_images/orig2.jpg","Scam",9,"real",0,"Young"
"880","559091","resources/real_fg_memory_images/fg26.jpg","Neutral",3,"artificial",1,"Young"
"881","559091","resources/real_fg_memory_images/orig1.jpg","Scam",4,"real",0,"Young"
"882","559091","resources/real_fg_memory_images/orig3.jpg","Scam",4,"real",1,"Young"
"883","559091","resources/real_fg_memory_images/orig7.jpg","Neutral",4,"real",1,"Young"
"884","559091","resources/real_fg_memory_images/orig10.jpg","Neutral",4,"real",0,"Young"
"885","559091","resources/real_fg_memory_images/fg23.jpg","Scam",4,"artificial",0,"Young"
"886","559091","resources/real_fg_memory_images/fg20.jpg","Scam",3,"artificial",0,"Young"
"887","559091","resources/real_fg_memory_images/orig8.jpg","Neutral",3,"real",1,"Young"
"888","575041","resources/real_fg_memory_images/fg22.jpg","Scam",10,"artificial",0,"Young"
"889","575041","resources/real_fg_memory_images/orig9.jpg","Neutral",5,"real",1,"Young"
"890","575041","resources/real_fg_memory_images/orig2.jpg","Scam",10,"real",1,"Young"
"891","575041","resources/real_fg_memory_images/orig4.jpg","Scam",7,"real",1,"Young"
"892","575041","resources/real_fg_memory_images/fg26.jpg","Neutral",2,"artificial",1,"Young"
"893","575041","resources/real_fg_memory_images/fg30.jpg","Neutral",5,"artificial",0,"Young"
"894","575041","resources/real_fg_memory_images/orig3.jpg","Scam",10,"real",1,"Young"
"895","575041","resources/real_fg_memory_images/orig12.jpg","Neutral",10,"real",0,"Young"
"896","575041","resources/real_fg_memory_images/orig1.jpg","Scam",5,"real",1,"Young"
"897","575041","resources/real_fg_memory_images/orig5.jpg","Scam",5,"real",1,"Young"
"898","575041","resources/real_fg_memory_images/fg20.jpg","Scam",2,"artificial",1,"Young"
"899","575041","resources/real_fg_memory_images/fg23.jpg","Scam",1,"artificial",0,"Young"
"900","575041","resources/real_fg_memory_images/fg28.jpg","Neutral",7,"artificial",1,"Young"
"901","575041","resources/real_fg_memory_images/fg24.jpg","Scam",3,"artificial",1,"Young"
"902","575041","resources/real_fg_memory_images/orig8.jpg","Neutral",10,"real",1,"Young"
"903","575041","resources/real_fg_memory_images/orig10.jpg","Neutral",2,"real",0,"Young"
"904","575041","resources/real_fg_memory_images/fg25.jpg","Neutral",2,"artificial",0,"Young"
"905","575041","resources/real_fg_memory_images/orig11.jpg","Neutral",8,"real",1,"Young"
"906","575041","resources/real_fg_memory_images/orig7.jpg","Neutral",2,"real",1,"Young"
"907","575041","resources/real_fg_memory_images/fg29.jpg","Neutral",1,"artificial",1,"Young"
"908","575041","resources/real_fg_memory_images/fg27.jpg","Neutral",1,"artificial",1,"Young"
"909","575041","resources/real_fg_memory_images/orig6.jpg","Scam",5,"real",0,"Young"
"910","575041","resources/real_fg_memory_images/fg19.jpg","Scam",1,"artificial",1,"Young"
"911","575041","resources/real_fg_memory_images/fg21.jpg","Scam",1,"artificial",1,"Young"
"912","578449","resources/real_fg_memory_images/fg24.jpg","Scam",5,"artificial",1,"Young"
"913","578449","resources/real_fg_memory_images/fg20.jpg","Scam",8,"artificial",1,"Young"
"914","578449","resources/real_fg_memory_images/orig7.jpg","Neutral",10,"real",1,"Young"
"915","578449","resources/real_fg_memory_images/orig1.jpg","Scam",10,"real",1,"Young"
"916","578449","resources/real_fg_memory_images/fg29.jpg","Neutral",8,"artificial",1,"Young"
"917","578449","resources/real_fg_memory_images/fg25.jpg","Neutral",6,"artificial",1,"Young"
"918","578449","resources/real_fg_memory_images/orig12.jpg","Neutral",10,"real",1,"Young"
"919","578449","resources/real_fg_memory_images/orig2.jpg","Scam",8,"real",1,"Young"
"920","578449","resources/real_fg_memory_images/orig4.jpg","Scam",10,"real",1,"Young"
"921","578449","resources/real_fg_memory_images/fg21.jpg","Scam",6,"artificial",0,"Young"
"922","578449","resources/real_fg_memory_images/fg28.jpg","Neutral",10,"artificial",1,"Young"
"923","578449","resources/real_fg_memory_images/orig8.jpg","Neutral",10,"real",1,"Young"
"924","578449","resources/real_fg_memory_images/fg23.jpg","Scam",6,"artificial",1,"Young"
"925","578449","resources/real_fg_memory_images/orig5.jpg","Scam",10,"real",1,"Young"
"926","578449","resources/real_fg_memory_images/orig3.jpg","Scam",10,"real",0,"Young"
"927","578449","resources/real_fg_memory_images/fg30.jpg","Neutral",10,"artificial",1,"Young"
"928","578449","resources/real_fg_memory_images/orig6.jpg","Scam",5,"real",1,"Young"
"929","578449","resources/real_fg_memory_images/fg22.jpg","Scam",9,"artificial",1,"Young"
"930","578449","resources/real_fg_memory_images/orig11.jpg","Neutral",10,"real",1,"Young"
"931","578449","resources/real_fg_memory_images/fg26.jpg","Neutral",10,"artificial",1,"Young"
"932","578449","resources/real_fg_memory_images/fg19.jpg","Scam",6,"artificial",0,"Young"
"933","578449","resources/real_fg_memory_images/orig9.jpg","Neutral",8,"real",0,"Young"
"934","578449","resources/real_fg_memory_images/orig10.jpg","Neutral",8,"real",0,"Young"
"935","578449","resources/real_fg_memory_images/fg27.jpg","Neutral",10,"artificial",1,"Young"
"936","589213","resources/real_fg_memory_images/orig5.jpg","Scam",10,"real",1,"Young"
"937","589213","resources/real_fg_memory_images/fg24.jpg","Scam",7,"artificial",1,"Young"
"938","589213","resources/real_fg_memory_images/fg22.jpg","Scam",10,"artificial",1,"Young"
"939","589213","resources/real_fg_memory_images/fg23.jpg","Scam",6,"artificial",1,"Young"
"940","589213","resources/real_fg_memory_images/fg27.jpg","Neutral",10,"artificial",1,"Young"
"941","589213","resources/real_fg_memory_images/fg26.jpg","Neutral",7,"artificial",1,"Young"
"942","589213","resources/real_fg_memory_images/orig10.jpg","Neutral",5,"real",0,"Young"
"943","589213","resources/real_fg_memory_images/orig6.jpg","Scam",5,"real",1,"Young"
"944","589213","resources/real_fg_memory_images/fg19.jpg","Scam",6,"artificial",1,"Young"
"945","589213","resources/real_fg_memory_images/fg28.jpg","Neutral",8,"artificial",1,"Young"
"946","589213","resources/real_fg_memory_images/orig2.jpg","Scam",8,"real",1,"Young"
"947","589213","resources/real_fg_memory_images/orig4.jpg","Scam",8,"real",1,"Young"
"948","589213","resources/real_fg_memory_images/orig7.jpg","Neutral",6,"real",0,"Young"
"949","589213","resources/real_fg_memory_images/orig11.jpg","Neutral",6,"real",1,"Young"
"950","589213","resources/real_fg_memory_images/fg20.jpg","Scam",5,"artificial",0,"Young"
"951","589213","resources/real_fg_memory_images/fg30.jpg","Neutral",7,"artificial",0,"Young"
"952","589213","resources/real_fg_memory_images/fg21.jpg","Scam",6,"artificial",0,"Young"
"953","589213","resources/real_fg_memory_images/orig8.jpg","Neutral",10,"real",1,"Young"
"954","589213","resources/real_fg_memory_images/orig9.jpg","Neutral",8,"real",0,"Young"
"955","589213","resources/real_fg_memory_images/fg29.jpg","Neutral",8,"artificial",1,"Young"
"956","589213","resources/real_fg_memory_images/orig12.jpg","Neutral",9,"real",1,"Young"
"957","589213","resources/real_fg_memory_images/orig1.jpg","Scam",9,"real",1,"Young"
"958","589213","resources/real_fg_memory_images/fg25.jpg","Neutral",7,"artificial",0,"Young"
"959","589213","resources/real_fg_memory_images/orig3.jpg","Scam",10,"real",1,"Young"
"960","596496","resources/real_fg_memory_images/orig9.jpg","Neutral",5,"real",1,"Young"
"961","596496","resources/real_fg_memory_images/fg22.jpg","Scam",10,"artificial",1,"Young"
"962","596496","resources/real_fg_memory_images/fg21.jpg","Scam",5,"artificial",1,"Young"
"963","596496","resources/real_fg_memory_images/fg29.jpg","Neutral",5,"artificial",1,"Young"
"964","596496","resources/real_fg_memory_images/orig8.jpg","Neutral",10,"real",1,"Young"
"965","596496","resources/real_fg_memory_images/fg30.jpg","Neutral",3,"artificial",1,"Young"
"966","596496","resources/real_fg_memory_images/fg23.jpg","Scam",6,"artificial",1,"Young"
"967","596496","resources/real_fg_memory_images/orig6.jpg","Scam",7,"real",0,"Young"
"968","596496","resources/real_fg_memory_images/orig4.jpg","Scam",6,"real",1,"Young"
"969","596496","resources/real_fg_memory_images/fg19.jpg","Scam",5,"artificial",1,"Young"
"970","596496","resources/real_fg_memory_images/orig2.jpg","Scam",9,"real",1,"Young"
"971","596496","resources/real_fg_memory_images/fg25.jpg","Neutral",5,"artificial",0,"Young"
"972","596496","resources/real_fg_memory_images/orig10.jpg","Neutral",7,"real",1,"Young"
"973","596496","resources/real_fg_memory_images/fg28.jpg","Neutral",7,"artificial",1,"Young"
"974","596496","resources/real_fg_memory_images/fg27.jpg","Neutral",6,"artificial",1,"Young"
"975","596496","resources/real_fg_memory_images/fg24.jpg","Scam",3,"artificial",1,"Young"
"976","596496","resources/real_fg_memory_images/orig11.jpg","Neutral",9,"real",1,"Young"
"977","596496","resources/real_fg_memory_images/fg26.jpg","Neutral",6,"artificial",1,"Young"
"978","596496","resources/real_fg_memory_images/orig3.jpg","Scam",4,"real",1,"Young"
"979","596496","resources/real_fg_memory_images/orig7.jpg","Neutral",8,"real",1,"Young"
"980","596496","resources/real_fg_memory_images/orig5.jpg","Scam",10,"real",1,"Young"
"981","596496","resources/real_fg_memory_images/fg20.jpg","Scam",5,"artificial",1,"Young"
"982","596496","resources/real_fg_memory_images/orig1.jpg","Scam",9,"real",1,"Young"
"983","596496","resources/real_fg_memory_images/orig12.jpg","Neutral",9,"real",1,"Young"
"984","598033","resources/real_fg_memory_images/orig12.jpg","Neutral",3,"real",1,"Young"
"985","598033","resources/real_fg_memory_images/orig6.jpg","Scam",7,"real",1,"Young"
"986","598033","resources/real_fg_memory_images/orig1.jpg","Scam",3,"real",0,"Young"
"987","598033","resources/real_fg_memory_images/fg25.jpg","Neutral",5,"artificial",0,"Young"
"988","598033","resources/real_fg_memory_images/fg30.jpg","Neutral",5,"artificial",1,"Young"
"989","598033","resources/real_fg_memory_images/orig8.jpg","Neutral",8,"real",1,"Young"
"990","598033","resources/real_fg_memory_images/fg20.jpg","Scam",6,"artificial",0,"Young"
"991","598033","resources/real_fg_memory_images/orig3.jpg","Scam",10,"real",1,"Young"
"992","598033","resources/real_fg_memory_images/fg22.jpg","Scam",10,"artificial",1,"Young"
"993","598033","resources/real_fg_memory_images/fg29.jpg","Neutral",3,"artificial",1,"Young"
"994","598033","resources/real_fg_memory_images/fg23.jpg","Scam",4,"artificial",0,"Young"
"995","598033","resources/real_fg_memory_images/orig10.jpg","Neutral",8,"real",0,"Young"
"996","598033","resources/real_fg_memory_images/fg28.jpg","Neutral",7,"artificial",1,"Young"
"997","598033","resources/real_fg_memory_images/orig5.jpg","Scam",3,"real",1,"Young"
"998","598033","resources/real_fg_memory_images/fg21.jpg","Scam",3,"artificial",0,"Young"
"999","598033","resources/real_fg_memory_images/fg26.jpg","Neutral",3,"artificial",1,"Young"
"1000","598033","resources/real_fg_memory_images/fg19.jpg","Scam",7,"artificial",1,"Young"
"1001","598033","resources/real_fg_memory_images/orig4.jpg","Scam",3,"real",0,"Young"
"1002","598033","resources/real_fg_memory_images/fg24.jpg","Scam",5,"artificial",0,"Young"
"1003","598033","resources/real_fg_memory_images/orig9.jpg","Neutral",3,"real",1,"Young"
"1004","598033","resources/real_fg_memory_images/orig2.jpg","Scam",5,"real",1,"Young"
"1005","598033","resources/real_fg_memory_images/orig7.jpg","Neutral",7,"real",0,"Young"
"1006","598033","resources/real_fg_memory_images/fg27.jpg","Neutral",3,"artificial",1,"Young"
"1007","598033","resources/real_fg_memory_images/orig11.jpg","Neutral",3,"real",1,"Young"
"1008","672115","resources/real_fg_memory_images/fg20.jpg","Scam",7,"artificial",1,"Young"
"1009","672115","resources/real_fg_memory_images/orig4.jpg","Scam",8,"real",0,"Young"
"1010","672115","resources/real_fg_memory_images/orig6.jpg","Scam",4,"real",1,"Young"
"1011","672115","resources/real_fg_memory_images/fg29.jpg","Neutral",6,"artificial",1,"Young"
"1012","672115","resources/real_fg_memory_images/orig8.jpg","Neutral",9,"real",1,"Young"
"1013","672115","resources/real_fg_memory_images/fg19.jpg","Scam",4,"artificial",1,"Young"
"1014","672115","resources/real_fg_memory_images/orig3.jpg","Scam",8,"real",1,"Young"
"1015","672115","resources/real_fg_memory_images/fg30.jpg","Neutral",8,"artificial",1,"Young"
"1016","672115","resources/real_fg_memory_images/fg27.jpg","Neutral",4,"artificial",0,"Young"
"1017","672115","resources/real_fg_memory_images/orig1.jpg","Scam",4,"real",0,"Young"
"1018","672115","resources/real_fg_memory_images/orig2.jpg","Scam",6,"real",1,"Young"
"1019","672115","resources/real_fg_memory_images/orig9.jpg","Neutral",6,"real",0,"Young"
"1020","672115","resources/real_fg_memory_images/fg21.jpg","Scam",6,"artificial",0,"Young"
"1021","672115","resources/real_fg_memory_images/fg26.jpg","Neutral",6,"artificial",1,"Young"
"1022","672115","resources/real_fg_memory_images/orig12.jpg","Neutral",2,"real",0,"Young"
"1023","672115","resources/real_fg_memory_images/orig11.jpg","Neutral",6,"real",1,"Young"
"1024","672115","resources/real_fg_memory_images/fg28.jpg","Neutral",6,"artificial",1,"Young"
"1025","672115","resources/real_fg_memory_images/fg22.jpg","Scam",7,"artificial",1,"Young"
"1026","672115","resources/real_fg_memory_images/fg23.jpg","Scam",6,"artificial",0,"Young"
"1027","672115","resources/real_fg_memory_images/orig10.jpg","Neutral",8,"real",1,"Young"
"1028","672115","resources/real_fg_memory_images/fg24.jpg","Scam",6,"artificial",0,"Young"
"1029","672115","resources/real_fg_memory_images/fg25.jpg","Neutral",6,"artificial",0,"Young"
"1030","672115","resources/real_fg_memory_images/orig5.jpg","Scam",6,"real",1,"Young"
"1031","672115","resources/real_fg_memory_images/orig7.jpg","Neutral",8,"real",1,"Young"
"1032","701931","resources/real_fg_memory_images/orig10.jpg","Neutral",3,"real",0,"Young"
"1033","701931","resources/real_fg_memory_images/fg22.jpg","Scam",9,"artificial",0,"Young"
"1034","701931","resources/real_fg_memory_images/fg20.jpg","Scam",2,"artificial",0,"Young"
"1035","701931","resources/real_fg_memory_images/orig4.jpg","Scam",10,"real",1,"Young"
"1036","701931","resources/real_fg_memory_images/fg27.jpg","Neutral",10,"artificial",1,"Young"
"1037","701931","resources/real_fg_memory_images/orig5.jpg","Scam",10,"real",1,"Young"
"1038","701931","resources/real_fg_memory_images/fg21.jpg","Scam",1,"artificial",0,"Young"
"1039","701931","resources/real_fg_memory_images/orig6.jpg","Scam",10,"real",1,"Young"
"1040","701931","resources/real_fg_memory_images/orig8.jpg","Neutral",10,"real",1,"Young"
"1041","701931","resources/real_fg_memory_images/orig3.jpg","Scam",10,"real",0,"Young"
"1042","701931","resources/real_fg_memory_images/fg26.jpg","Neutral",1,"artificial",0,"Young"
"1043","701931","resources/real_fg_memory_images/orig2.jpg","Scam",5,"real",1,"Young"
"1044","701931","resources/real_fg_memory_images/fg25.jpg","Neutral",5,"artificial",1,"Young"
"1045","701931","resources/real_fg_memory_images/fg24.jpg","Scam",5,"artificial",0,"Young"
"1046","701931","resources/real_fg_memory_images/orig1.jpg","Scam",5,"real",1,"Young"
"1047","701931","resources/real_fg_memory_images/orig7.jpg","Neutral",6,"real",0,"Young"
"1048","701931","resources/real_fg_memory_images/orig9.jpg","Neutral",3,"real",1,"Young"
"1049","701931","resources/real_fg_memory_images/fg28.jpg","Neutral",4,"artificial",1,"Young"
"1050","701931","resources/real_fg_memory_images/orig12.jpg","Neutral",10,"real",0,"Young"
"1051","701931","resources/real_fg_memory_images/fg30.jpg","Neutral",5,"artificial",1,"Young"
"1052","701931","resources/real_fg_memory_images/orig11.jpg","Neutral",4,"real",1,"Young"
"1053","701931","resources/real_fg_memory_images/fg23.jpg","Scam",5,"artificial",1,"Young"
"1054","701931","resources/real_fg_memory_images/fg19.jpg","Scam",4,"artificial",1,"Young"
"1055","701931","resources/real_fg_memory_images/fg29.jpg","Neutral",4,"artificial",1,"Young"
"1056","804333","resources/real_fg_memory_images/orig2.jpg","Scam",10,"real",1,"Young"
"1057","804333","resources/real_fg_memory_images/fg26.jpg","Neutral",10,"artificial",1,"Young"
"1058","804333","resources/real_fg_memory_images/orig7.jpg","Neutral",5,"real",0,"Young"
"1059","804333","resources/real_fg_memory_images/orig11.jpg","Neutral",10,"real",1,"Young"
"1060","804333","resources/real_fg_memory_images/fg23.jpg","Scam",10,"artificial",1,"Young"
"1061","804333","resources/real_fg_memory_images/fg24.jpg","Scam",8,"artificial",1,"Young"
"1062","804333","resources/real_fg_memory_images/orig12.jpg","Neutral",10,"real",0,"Young"
"1063","804333","resources/real_fg_memory_images/fg28.jpg","Neutral",7,"artificial",1,"Young"
"1064","804333","resources/real_fg_memory_images/orig9.jpg","Neutral",8,"real",0,"Young"
"1065","804333","resources/real_fg_memory_images/fg30.jpg","Neutral",5,"artificial",1,"Young"
"1066","804333","resources/real_fg_memory_images/fg25.jpg","Neutral",7,"artificial",1,"Young"
"1067","804333","resources/real_fg_memory_images/orig4.jpg","Scam",10,"real",1,"Young"
"1068","804333","resources/real_fg_memory_images/orig10.jpg","Neutral",10,"real",1,"Young"
"1069","804333","resources/real_fg_memory_images/orig3.jpg","Scam",10,"real",1,"Young"
"1070","804333","resources/real_fg_memory_images/fg29.jpg","Neutral",10,"artificial",1,"Young"
"1071","804333","resources/real_fg_memory_images/orig8.jpg","Neutral",10,"real",1,"Young"
"1072","804333","resources/real_fg_memory_images/fg21.jpg","Scam",5,"artificial",0,"Young"
"1073","804333","resources/real_fg_memory_images/fg20.jpg","Scam",10,"artificial",1,"Young"
"1074","804333","resources/real_fg_memory_images/fg27.jpg","Neutral",10,"artificial",1,"Young"
"1075","804333","resources/real_fg_memory_images/fg19.jpg","Scam",8,"artificial",1,"Young"
"1076","804333","resources/real_fg_memory_images/orig1.jpg","Scam",10,"real",1,"Young"
"1077","804333","resources/real_fg_memory_images/orig5.jpg","Scam",6,"real",1,"Young"
"1078","804333","resources/real_fg_memory_images/fg22.jpg","Scam",10,"artificial",0,"Young"
"1079","804333","resources/real_fg_memory_images/orig6.jpg","Scam",7,"real",1,"Young"
"1080","815896","resources/real_fg_memory_images/orig8.jpg","Neutral",10,"real",1,"Young"
"1081","815896","resources/real_fg_memory_images/orig4.jpg","Scam",10,"real",1,"Young"
"1082","815896","resources/real_fg_memory_images/fg27.jpg","Neutral",7,"artificial",1,"Young"
"1083","815896","resources/real_fg_memory_images/fg20.jpg","Scam",6,"artificial",1,"Young"
"1084","815896","resources/real_fg_memory_images/orig12.jpg","Neutral",10,"real",0,"Young"
"1085","815896","resources/real_fg_memory_images/fg19.jpg","Scam",5,"artificial",1,"Young"
"1086","815896","resources/real_fg_memory_images/fg30.jpg","Neutral",4,"artificial",1,"Young"
"1087","815896","resources/real_fg_memory_images/fg25.jpg","Neutral",5,"artificial",0,"Young"
"1088","815896","resources/real_fg_memory_images/fg28.jpg","Neutral",6,"artificial",1,"Young"
"1089","815896","resources/real_fg_memory_images/fg24.jpg","Scam",5,"artificial",1,"Young"
"1090","815896","resources/real_fg_memory_images/orig11.jpg","Neutral",10,"real",1,"Young"
"1091","815896","resources/real_fg_memory_images/orig5.jpg","Scam",10,"real",1,"Young"
"1092","815896","resources/real_fg_memory_images/orig10.jpg","Neutral",6,"real",1,"Young"
"1093","815896","resources/real_fg_memory_images/orig3.jpg","Scam",10,"real",0,"Young"
"1094","815896","resources/real_fg_memory_images/orig2.jpg","Scam",6,"real",1,"Young"
"1095","815896","resources/real_fg_memory_images/fg26.jpg","Neutral",6,"artificial",1,"Young"
"1096","815896","resources/real_fg_memory_images/orig1.jpg","Scam",9,"real",1,"Young"
"1097","815896","resources/real_fg_memory_images/orig7.jpg","Neutral",10,"real",1,"Young"
"1098","815896","resources/real_fg_memory_images/fg29.jpg","Neutral",6,"artificial",0,"Young"
"1099","815896","resources/real_fg_memory_images/orig6.jpg","Scam",4,"real",1,"Young"
"1100","815896","resources/real_fg_memory_images/fg21.jpg","Scam",9,"artificial",1,"Young"
"1101","815896","resources/real_fg_memory_images/orig9.jpg","Neutral",5,"real",1,"Young"
"1102","815896","resources/real_fg_memory_images/fg23.jpg","Scam",10,"artificial",1,"Young"
"1103","815896","resources/real_fg_memory_images/fg22.jpg","Scam",10,"artificial",1,"Young"
"1104","824983","resources/real_fg_memory_images/fg20.jpg","Scam",10,"artificial",0,"Young"
"1105","824983","resources/real_fg_memory_images/fg21.jpg","Scam",5,"artificial",0,"Young"
"1106","824983","resources/real_fg_memory_images/fg30.jpg","Neutral",8,"artificial",0,"Young"
"1107","824983","resources/real_fg_memory_images/orig11.jpg","Neutral",10,"real",1,"Young"
"1108","824983","resources/real_fg_memory_images/orig7.jpg","Neutral",8,"real",0,"Young"
"1109","824983","resources/real_fg_memory_images/fg23.jpg","Scam",0,"artificial",0,"Young"
"1110","824983","resources/real_fg_memory_images/fg29.jpg","Neutral",7,"artificial",1,"Young"
"1111","824983","resources/real_fg_memory_images/orig1.jpg","Scam",10,"real",1,"Young"
"1112","824983","resources/real_fg_memory_images/fg28.jpg","Neutral",0,"artificial",1,"Young"
"1113","824983","resources/real_fg_memory_images/orig2.jpg","Scam",7,"real",1,"Young"
"1114","824983","resources/real_fg_memory_images/fg19.jpg","Scam",0,"artificial",1,"Young"
"1115","824983","resources/real_fg_memory_images/orig5.jpg","Scam",10,"real",1,"Young"
"1116","824983","resources/real_fg_memory_images/fg22.jpg","Scam",6,"artificial",0,"Young"
"1117","824983","resources/real_fg_memory_images/fg26.jpg","Neutral",10,"artificial",0,"Young"
"1118","824983","resources/real_fg_memory_images/orig12.jpg","Neutral",10,"real",0,"Young"
"1119","824983","resources/real_fg_memory_images/orig3.jpg","Scam",10,"real",1,"Young"
"1120","824983","resources/real_fg_memory_images/fg24.jpg","Scam",2,"artificial",0,"Young"
"1121","824983","resources/real_fg_memory_images/orig8.jpg","Neutral",10,"real",1,"Young"
"1122","824983","resources/real_fg_memory_images/orig4.jpg","Scam",10,"real",1,"Young"
"1123","824983","resources/real_fg_memory_images/fg27.jpg","Neutral",0,"artificial",1,"Young"
"1124","824983","resources/real_fg_memory_images/orig6.jpg","Scam",10,"real",1,"Young"
"1125","824983","resources/real_fg_memory_images/orig10.jpg","Neutral",7,"real",1,"Young"
"1126","824983","resources/real_fg_memory_images/fg25.jpg","Neutral",0,"artificial",0,"Young"
"1127","824983","resources/real_fg_memory_images/orig9.jpg","Neutral",10,"real",0,"Young"
"1128","966630","resources/real_fg_memory_images/orig5.jpg","Scam",10,"real",1,"Young"
"1129","966630","resources/real_fg_memory_images/fg28.jpg","Neutral",10,"artificial",1,"Young"
"1130","966630","resources/real_fg_memory_images/orig3.jpg","Scam",10,"real",1,"Young"
"1131","966630","resources/real_fg_memory_images/fg19.jpg","Scam",5,"artificial",0,"Young"
"1132","966630","resources/real_fg_memory_images/orig11.jpg","Neutral",10,"real",1,"Young"
"1133","966630","resources/real_fg_memory_images/orig2.jpg","Scam",10,"real",1,"Young"
"1134","966630","resources/real_fg_memory_images/fg20.jpg","Scam",10,"artificial",1,"Young"
"1135","966630","resources/real_fg_memory_images/fg24.jpg","Scam",10,"artificial",0,"Young"
"1136","966630","resources/real_fg_memory_images/fg22.jpg","Scam",10,"artificial",1,"Young"
"1137","966630","resources/real_fg_memory_images/orig6.jpg","Scam",10,"real",0,"Young"
"1138","966630","resources/real_fg_memory_images/orig1.jpg","Scam",10,"real",1,"Young"
"1139","966630","resources/real_fg_memory_images/fg25.jpg","Neutral",5,"artificial",1,"Young"
"1140","966630","resources/real_fg_memory_images/orig8.jpg","Neutral",10,"real",1,"Young"
"1141","966630","resources/real_fg_memory_images/orig4.jpg","Scam",5,"real",1,"Young"
"1142","966630","resources/real_fg_memory_images/fg23.jpg","Scam",5,"artificial",0,"Young"
"1143","966630","resources/real_fg_memory_images/fg29.jpg","Neutral",10,"artificial",1,"Young"
"1144","966630","resources/real_fg_memory_images/orig9.jpg","Neutral",7,"real",1,"Young"
"1145","966630","resources/real_fg_memory_images/fg21.jpg","Scam",10,"artificial",0,"Young"
"1146","966630","resources/real_fg_memory_images/orig7.jpg","Neutral",10,"real",1,"Young"
"1147","966630","resources/real_fg_memory_images/orig10.jpg","Neutral",10,"real",0,"Young"
"1148","966630","resources/real_fg_memory_images/fg27.jpg","Neutral",10,"artificial",1,"Young"
"1149","966630","resources/real_fg_memory_images/fg30.jpg","Neutral",10,"artificial",1,"Young"
"1150","966630","resources/real_fg_memory_images/orig12.jpg","Neutral",10,"real",0,"Young"
"1151","966630","resources/real_fg_memory_images/fg26.jpg","Neutral",10,"artificial",1,"Young"
"1152","007629","resources/real_fg_memory_images/orig29.jpg","Scam",0,"real",1,"Young"
"1153","007629","resources/real_fg_memory_images/orig20.jpg","Neutral",10,"real",1,"Young"
"1154","007629","resources/real_fg_memory_images/orig26.jpg","Scam",10,"real",1,"Young"
"1155","007629","resources/real_fg_memory_images/fg11.jpg","Scam",0,"artificial",0,"Young"
"1156","007629","resources/real_fg_memory_images/orig22.jpg","Neutral",10,"real",1,"Young"
"1157","007629","resources/real_fg_memory_images/orig21.jpg","Neutral",10,"real",1,"Young"
"1158","007629","resources/real_fg_memory_images/fg8.jpg","Scam",0,"artificial",1,"Young"
"1159","007629","resources/real_fg_memory_images/orig30.jpg","Scam",5,"real",1,"Young"
"1160","007629","resources/real_fg_memory_images/orig25.jpg","Scam",10,"real",1,"Young"
"1161","007629","resources/real_fg_memory_images/fg5.jpg","Neutral",5,"artificial",1,"Young"
"1162","007629","resources/real_fg_memory_images/fg12.jpg","Scam",0,"artificial",0,"Young"
"1163","007629","resources/real_fg_memory_images/fg3.jpg","Neutral",0,"artificial",1,"Young"
"1164","007629","resources/real_fg_memory_images/fg9.jpg","Scam",0,"artificial",0,"Young"
"1165","007629","resources/real_fg_memory_images/orig27.jpg","Scam",10,"real",1,"Young"
"1166","007629","resources/real_fg_memory_images/orig28.jpg","Scam",10,"real",1,"Young"
"1167","007629","resources/real_fg_memory_images/orig23.jpg","Neutral",10,"real",1,"Young"
"1168","007629","resources/real_fg_memory_images/fg6.jpg","Neutral",0,"artificial",1,"Young"
"1169","007629","resources/real_fg_memory_images/fg1.jpg","Neutral",0,"artificial",1,"Young"
"1170","007629","resources/real_fg_memory_images/fg2.jpg","Neutral",0,"artificial",1,"Young"
"1171","007629","resources/real_fg_memory_images/orig19.jpg","Neutral",5,"real",1,"Young"
"1172","007629","resources/real_fg_memory_images/fg7.jpg","Scam",0,"artificial",0,"Young"
"1173","007629","resources/real_fg_memory_images/orig24.jpg","Neutral",0,"real",0,"Young"
"1174","007629","resources/real_fg_memory_images/fg4.jpg","Neutral",0,"artificial",1,"Young"
"1175","007629","resources/real_fg_memory_images/fg10.jpg","Scam",2,"artificial",1,"Young"
"1176","089411","resources/real_fg_memory_images/fg8.jpg","Scam",6,"artificial",1,"Young"
"1177","089411","resources/real_fg_memory_images/fg4.jpg","Neutral",9,"artificial",1,"Young"
"1178","089411","resources/real_fg_memory_images/fg3.jpg","Neutral",7,"artificial",0,"Young"
"1179","089411","resources/real_fg_memory_images/orig22.jpg","Neutral",10,"real",1,"Young"
"1180","089411","resources/real_fg_memory_images/orig19.jpg","Neutral",3,"real",1,"Young"
"1181","089411","resources/real_fg_memory_images/fg9.jpg","Scam",3,"artificial",0,"Young"
"1182","089411","resources/real_fg_memory_images/orig24.jpg","Neutral",1,"real",1,"Young"
"1183","089411","resources/real_fg_memory_images/fg6.jpg","Neutral",3,"artificial",0,"Young"
"1184","089411","resources/real_fg_memory_images/fg7.jpg","Scam",4,"artificial",0,"Young"
"1185","089411","resources/real_fg_memory_images/orig23.jpg","Neutral",9,"real",0,"Young"
"1186","089411","resources/real_fg_memory_images/fg10.jpg","Scam",4,"artificial",1,"Young"
"1187","089411","resources/real_fg_memory_images/orig26.jpg","Scam",4,"real",0,"Young"
"1188","089411","resources/real_fg_memory_images/fg12.jpg","Scam",8,"artificial",1,"Young"
"1189","089411","resources/real_fg_memory_images/orig21.jpg","Neutral",10,"real",1,"Young"
"1190","089411","resources/real_fg_memory_images/orig27.jpg","Scam",10,"real",1,"Young"
"1191","089411","resources/real_fg_memory_images/orig29.jpg","Scam",8,"real",1,"Young"
"1192","089411","resources/real_fg_memory_images/fg11.jpg","Scam",7,"artificial",0,"Young"
"1193","089411","resources/real_fg_memory_images/fg1.jpg","Neutral",2,"artificial",0,"Young"
"1194","089411","resources/real_fg_memory_images/fg5.jpg","Neutral",7,"artificial",0,"Young"
"1195","089411","resources/real_fg_memory_images/fg2.jpg","Neutral",3,"artificial",0,"Young"
"1196","089411","resources/real_fg_memory_images/orig20.jpg","Neutral",8,"real",1,"Young"
"1197","089411","resources/real_fg_memory_images/orig30.jpg","Scam",8,"real",1,"Young"
"1198","089411","resources/real_fg_memory_images/orig28.jpg","Scam",10,"real",1,"Young"
"1199","089411","resources/real_fg_memory_images/orig25.jpg","Scam",3,"real",0,"Young"
"1200","123371","resources/real_fg_memory_images/orig23.jpg","Neutral",10,"real",1,"Young"
"1201","123371","resources/real_fg_memory_images/orig22.jpg","Neutral",10,"real",1,"Young"
"1202","123371","resources/real_fg_memory_images/orig19.jpg","Neutral",6,"real",0,"Young"
"1203","123371","resources/real_fg_memory_images/fg11.jpg","Scam",10,"artificial",1,"Young"
"1204","123371","resources/real_fg_memory_images/orig25.jpg","Scam",8,"real",0,"Young"
"1205","123371","resources/real_fg_memory_images/fg9.jpg","Scam",8,"artificial",1,"Young"
"1206","123371","resources/real_fg_memory_images/fg3.jpg","Neutral",10,"artificial",1,"Young"
"1207","123371","resources/real_fg_memory_images/orig30.jpg","Scam",10,"real",1,"Young"
"1208","123371","resources/real_fg_memory_images/fg6.jpg","Neutral",5,"artificial",1,"Young"
"1209","123371","resources/real_fg_memory_images/fg8.jpg","Scam",9,"artificial",1,"Young"
"1210","123371","resources/real_fg_memory_images/orig24.jpg","Neutral",4,"real",0,"Young"
"1211","123371","resources/real_fg_memory_images/fg5.jpg","Neutral",6,"artificial",0,"Young"
"1212","123371","resources/real_fg_memory_images/fg1.jpg","Neutral",3,"artificial",1,"Young"
"1213","123371","resources/real_fg_memory_images/fg10.jpg","Scam",9,"artificial",1,"Young"
"1214","123371","resources/real_fg_memory_images/fg2.jpg","Neutral",6,"artificial",1,"Young"
"1215","123371","resources/real_fg_memory_images/fg7.jpg","Scam",7,"artificial",1,"Young"
"1216","123371","resources/real_fg_memory_images/orig21.jpg","Neutral",10,"real",1,"Young"
"1217","123371","resources/real_fg_memory_images/orig20.jpg","Neutral",5,"real",1,"Young"
"1218","123371","resources/real_fg_memory_images/orig29.jpg","Scam",9,"real",1,"Young"
"1219","123371","resources/real_fg_memory_images/orig26.jpg","Scam",8,"real",1,"Young"
"1220","123371","resources/real_fg_memory_images/orig28.jpg","Scam",10,"real",1,"Young"
"1221","123371","resources/real_fg_memory_images/fg4.jpg","Neutral",10,"artificial",1,"Young"
"1222","123371","resources/real_fg_memory_images/fg12.jpg","Scam",4,"artificial",1,"Young"
"1223","123371","resources/real_fg_memory_images/orig27.jpg","Scam",10,"real",1,"Young"
"1224","129698","resources/real_fg_memory_images/fg7.jpg","Scam",10,"artificial",1,"Young"
"1225","129698","resources/real_fg_memory_images/fg11.jpg","Scam",6,"artificial",1,"Young"
"1226","129698","resources/real_fg_memory_images/fg3.jpg","Neutral",10,"artificial",1,"Young"
"1227","129698","resources/real_fg_memory_images/fg5.jpg","Neutral",8,"artificial",1,"Young"
"1228","129698","resources/real_fg_memory_images/orig20.jpg","Neutral",10,"real",1,"Young"
"1229","129698","resources/real_fg_memory_images/orig26.jpg","Scam",10,"real",1,"Young"
"1230","129698","resources/real_fg_memory_images/orig27.jpg","Scam",10,"real",1,"Young"
"1231","129698","resources/real_fg_memory_images/orig23.jpg","Neutral",10,"real",1,"Young"
"1232","129698","resources/real_fg_memory_images/fg12.jpg","Scam",8,"artificial",0,"Young"
"1233","129698","resources/real_fg_memory_images/orig30.jpg","Scam",10,"real",1,"Young"
"1234","129698","resources/real_fg_memory_images/fg8.jpg","Scam",10,"artificial",1,"Young"
"1235","129698","resources/real_fg_memory_images/fg9.jpg","Scam",4,"artificial",1,"Young"
"1236","129698","resources/real_fg_memory_images/orig24.jpg","Neutral",10,"real",1,"Young"
"1237","129698","resources/real_fg_memory_images/orig28.jpg","Scam",10,"real",1,"Young"
"1238","129698","resources/real_fg_memory_images/fg1.jpg","Neutral",4,"artificial",1,"Young"
"1239","129698","resources/real_fg_memory_images/fg6.jpg","Neutral",4,"artificial",0,"Young"
"1240","129698","resources/real_fg_memory_images/fg4.jpg","Neutral",4,"artificial",1,"Young"
"1241","129698","resources/real_fg_memory_images/orig19.jpg","Neutral",4,"real",1,"Young"
"1242","129698","resources/real_fg_memory_images/orig25.jpg","Scam",10,"real",1,"Young"
"1243","129698","resources/real_fg_memory_images/fg2.jpg","Neutral",5,"artificial",1,"Young"
"1244","129698","resources/real_fg_memory_images/orig22.jpg","Neutral",7,"real",1,"Young"
"1245","129698","resources/real_fg_memory_images/fg10.jpg","Scam",7,"artificial",0,"Young"
"1246","129698","resources/real_fg_memory_images/orig29.jpg","Scam",5,"real",1,"Young"
"1247","129698","resources/real_fg_memory_images/orig21.jpg","Neutral",5,"real",1,"Young"
"1248","143839","resources/real_fg_memory_images/fg6.jpg","Neutral",3,"artificial",0,"Young"
"1249","143839","resources/real_fg_memory_images/orig21.jpg","Neutral",6,"real",1,"Young"
"1250","143839","resources/real_fg_memory_images/fg9.jpg","Scam",2,"artificial",1,"Young"
"1251","143839","resources/real_fg_memory_images/fg10.jpg","Scam",8,"artificial",0,"Young"
"1252","143839","resources/real_fg_memory_images/fg12.jpg","Scam",2,"artificial",0,"Young"
"1253","143839","resources/real_fg_memory_images/orig28.jpg","Scam",8,"real",1,"Young"
"1254","143839","resources/real_fg_memory_images/fg2.jpg","Neutral",4,"artificial",0,"Young"
"1255","143839","resources/real_fg_memory_images/fg7.jpg","Scam",3,"artificial",1,"Young"
"1256","143839","resources/real_fg_memory_images/orig19.jpg","Neutral",4,"real",1,"Young"
"1257","143839","resources/real_fg_memory_images/fg4.jpg","Neutral",2,"artificial",1,"Young"
"1258","143839","resources/real_fg_memory_images/orig22.jpg","Neutral",2,"real",0,"Young"
"1259","143839","resources/real_fg_memory_images/fg8.jpg","Scam",3,"artificial",0,"Young"
"1260","143839","resources/real_fg_memory_images/orig24.jpg","Neutral",2,"real",1,"Young"
"1261","143839","resources/real_fg_memory_images/orig29.jpg","Scam",10,"real",1,"Young"
"1262","143839","resources/real_fg_memory_images/fg1.jpg","Neutral",2,"artificial",0,"Young"
"1263","143839","resources/real_fg_memory_images/fg11.jpg","Scam",8,"artificial",0,"Young"
"1264","143839","resources/real_fg_memory_images/orig25.jpg","Scam",2,"real",1,"Young"
"1265","143839","resources/real_fg_memory_images/orig30.jpg","Scam",2,"real",1,"Young"
"1266","143839","resources/real_fg_memory_images/orig26.jpg","Scam",8,"real",1,"Young"
"1267","143839","resources/real_fg_memory_images/orig23.jpg","Neutral",0,"real",0,"Young"
"1268","143839","resources/real_fg_memory_images/fg5.jpg","Neutral",2,"artificial",1,"Young"
"1269","143839","resources/real_fg_memory_images/fg3.jpg","Neutral",5,"artificial",0,"Young"
"1270","143839","resources/real_fg_memory_images/orig27.jpg","Scam",10,"real",1,"Young"
"1271","143839","resources/real_fg_memory_images/orig20.jpg","Neutral",2,"real",1,"Young"
"1272","204436","resources/real_fg_memory_images/fg2.jpg","Neutral",5,"artificial",1,"Young"
"1273","204436","resources/real_fg_memory_images/fg4.jpg","Neutral",5,"artificial",0,"Young"
"1274","204436","resources/real_fg_memory_images/fg5.jpg","Neutral",6,"artificial",1,"Young"
"1275","204436","resources/real_fg_memory_images/orig22.jpg","Neutral",7,"real",1,"Young"
"1276","204436","resources/real_fg_memory_images/fg1.jpg","Neutral",6,"artificial",0,"Young"
"1277","204436","resources/real_fg_memory_images/fg10.jpg","Scam",5,"artificial",1,"Young"
"1278","204436","resources/real_fg_memory_images/orig24.jpg","Neutral",4,"real",0,"Young"
"1279","204436","resources/real_fg_memory_images/fg11.jpg","Scam",7,"artificial",1,"Young"
"1280","204436","resources/real_fg_memory_images/fg8.jpg","Scam",9,"artificial",1,"Young"
"1281","204436","resources/real_fg_memory_images/orig21.jpg","Neutral",5,"real",1,"Young"
"1282","204436","resources/real_fg_memory_images/fg12.jpg","Scam",4,"artificial",0,"Young"
"1283","204436","resources/real_fg_memory_images/fg3.jpg","Neutral",6,"artificial",1,"Young"
"1284","204436","resources/real_fg_memory_images/orig26.jpg","Scam",4,"real",1,"Young"
"1285","204436","resources/real_fg_memory_images/fg6.jpg","Neutral",6,"artificial",0,"Young"
"1286","204436","resources/real_fg_memory_images/fg7.jpg","Scam",6,"artificial",1,"Young"
"1287","204436","resources/real_fg_memory_images/orig19.jpg","Neutral",6,"real",0,"Young"
"1288","204436","resources/real_fg_memory_images/orig29.jpg","Scam",6,"real",0,"Young"
"1289","204436","resources/real_fg_memory_images/orig30.jpg","Scam",7,"real",0,"Young"
"1290","204436","resources/real_fg_memory_images/orig28.jpg","Scam",7,"real",0,"Young"
"1291","204436","resources/real_fg_memory_images/fg9.jpg","Scam",6,"artificial",1,"Young"
"1292","204436","resources/real_fg_memory_images/orig20.jpg","Neutral",6,"real",0,"Young"
"1293","204436","resources/real_fg_memory_images/orig25.jpg","Scam",6,"real",0,"Young"
"1294","204436","resources/real_fg_memory_images/orig27.jpg","Scam",4,"real",1,"Young"
"1295","204436","resources/real_fg_memory_images/orig23.jpg","Neutral",3,"real",1,"Young"
"1296","232451","resources/real_fg_memory_images/fg8.jpg","Scam",4,"artificial",1,"Young"
"1297","232451","resources/real_fg_memory_images/fg12.jpg","Scam",5,"artificial",1,"Young"
"1298","232451","resources/real_fg_memory_images/orig19.jpg","Neutral",5,"real",1,"Young"
"1299","232451","resources/real_fg_memory_images/orig23.jpg","Neutral",9,"real",1,"Young"
"1300","232451","resources/real_fg_memory_images/fg11.jpg","Scam",3,"artificial",0,"Young"
"1301","232451","resources/real_fg_memory_images/orig29.jpg","Scam",9,"real",1,"Young"
"1302","232451","resources/real_fg_memory_images/orig30.jpg","Scam",8,"real",1,"Young"
"1303","232451","resources/real_fg_memory_images/orig20.jpg","Neutral",9,"real",1,"Young"
"1304","232451","resources/real_fg_memory_images/orig26.jpg","Scam",8,"real",1,"Young"
"1305","232451","resources/real_fg_memory_images/orig28.jpg","Scam",8,"real",0,"Young"
"1306","232451","resources/real_fg_memory_images/fg5.jpg","Neutral",7,"artificial",1,"Young"
"1307","232451","resources/real_fg_memory_images/orig21.jpg","Neutral",5,"real",1,"Young"
"1308","232451","resources/real_fg_memory_images/fg3.jpg","Neutral",4,"artificial",1,"Young"
"1309","232451","resources/real_fg_memory_images/orig25.jpg","Scam",2,"real",0,"Young"
"1310","232451","resources/real_fg_memory_images/orig27.jpg","Scam",10,"real",1,"Young"
"1311","232451","resources/real_fg_memory_images/orig22.jpg","Neutral",7,"real",1,"Young"
"1312","232451","resources/real_fg_memory_images/orig24.jpg","Neutral",4,"real",0,"Young"
"1313","232451","resources/real_fg_memory_images/fg7.jpg","Scam",4,"artificial",0,"Young"
"1314","232451","resources/real_fg_memory_images/fg1.jpg","Neutral",3,"artificial",0,"Young"
"1315","232451","resources/real_fg_memory_images/fg10.jpg","Scam",3,"artificial",1,"Young"
"1316","232451","resources/real_fg_memory_images/fg2.jpg","Neutral",3,"artificial",0,"Young"
"1317","232451","resources/real_fg_memory_images/fg9.jpg","Scam",8,"artificial",1,"Young"
"1318","232451","resources/real_fg_memory_images/fg6.jpg","Neutral",2,"artificial",1,"Young"
"1319","232451","resources/real_fg_memory_images/fg4.jpg","Neutral",2,"artificial",1,"Young"
"1320","271667","resources/real_fg_memory_images/orig20.jpg","Neutral",3,"real",0,"Young"
"1321","271667","resources/real_fg_memory_images/orig24.jpg","Neutral",7,"real",1,"Young"
"1322","271667","resources/real_fg_memory_images/fg9.jpg","Scam",3,"artificial",0,"Young"
"1323","271667","resources/real_fg_memory_images/orig28.jpg","Scam",8,"real",0,"Young"
"1324","271667","resources/real_fg_memory_images/fg6.jpg","Neutral",3,"artificial",1,"Young"
"1325","271667","resources/real_fg_memory_images/orig21.jpg","Neutral",4,"real",1,"Young"
"1326","271667","resources/real_fg_memory_images/fg12.jpg","Scam",9,"artificial",1,"Young"
"1327","271667","resources/real_fg_memory_images/orig26.jpg","Scam",4,"real",1,"Young"
"1328","271667","resources/real_fg_memory_images/fg8.jpg","Scam",3,"artificial",1,"Young"
"1329","271667","resources/real_fg_memory_images/fg1.jpg","Neutral",3,"artificial",0,"Young"
"1330","271667","resources/real_fg_memory_images/fg5.jpg","Neutral",9,"artificial",1,"Young"
"1331","271667","resources/real_fg_memory_images/orig23.jpg","Neutral",10,"real",1,"Young"
"1332","271667","resources/real_fg_memory_images/orig29.jpg","Scam",4,"real",0,"Young"
"1333","271667","resources/real_fg_memory_images/fg11.jpg","Scam",5,"artificial",1,"Young"
"1334","271667","resources/real_fg_memory_images/fg7.jpg","Scam",7,"artificial",0,"Young"
"1335","271667","resources/real_fg_memory_images/fg3.jpg","Neutral",9,"artificial",1,"Young"
"1336","271667","resources/real_fg_memory_images/orig19.jpg","Neutral",5,"real",0,"Young"
"1337","271667","resources/real_fg_memory_images/orig25.jpg","Scam",3,"real",0,"Young"
"1338","271667","resources/real_fg_memory_images/orig22.jpg","Neutral",8,"real",1,"Young"
"1339","271667","resources/real_fg_memory_images/orig27.jpg","Scam",4,"real",1,"Young"
"1340","271667","resources/real_fg_memory_images/orig30.jpg","Scam",7,"real",1,"Young"
"1341","271667","resources/real_fg_memory_images/fg4.jpg","Neutral",4,"artificial",0,"Young"
"1342","271667","resources/real_fg_memory_images/fg2.jpg","Neutral",3,"artificial",1,"Young"
"1343","271667","resources/real_fg_memory_images/fg10.jpg","Scam",7,"artificial",1,"Young"
"1344","277518","resources/real_fg_memory_images/fg4.jpg","Neutral",8,"artificial",1,"Young"
"1345","277518","resources/real_fg_memory_images/fg9.jpg","Scam",5,"artificial",1,"Young"
"1346","277518","resources/real_fg_memory_images/orig20.jpg","Neutral",9,"real",0,"Young"
"1347","277518","resources/real_fg_memory_images/fg11.jpg","Scam",7,"artificial",0,"Young"
"1348","277518","resources/real_fg_memory_images/fg2.jpg","Neutral",4,"artificial",0,"Young"
"1349","277518","resources/real_fg_memory_images/fg10.jpg","Scam",9,"artificial",1,"Young"
"1350","277518","resources/real_fg_memory_images/orig23.jpg","Neutral",7,"real",1,"Young"
"1351","277518","resources/real_fg_memory_images/orig21.jpg","Neutral",8,"real",0,"Young"
"1352","277518","resources/real_fg_memory_images/orig29.jpg","Scam",10,"real",1,"Young"
"1353","277518","resources/real_fg_memory_images/fg5.jpg","Neutral",8,"artificial",1,"Young"
"1354","277518","resources/real_fg_memory_images/orig26.jpg","Scam",6,"real",1,"Young"
"1355","277518","resources/real_fg_memory_images/fg3.jpg","Neutral",5,"artificial",0,"Young"
"1356","277518","resources/real_fg_memory_images/orig19.jpg","Neutral",7,"real",1,"Young"
"1357","277518","resources/real_fg_memory_images/fg6.jpg","Neutral",10,"artificial",1,"Young"
"1358","277518","resources/real_fg_memory_images/orig24.jpg","Neutral",8,"real",0,"Young"
"1359","277518","resources/real_fg_memory_images/fg12.jpg","Scam",6,"artificial",0,"Young"
"1360","277518","resources/real_fg_memory_images/orig27.jpg","Scam",6,"real",0,"Young"
"1361","277518","resources/real_fg_memory_images/fg7.jpg","Scam",4,"artificial",1,"Young"
"1362","277518","resources/real_fg_memory_images/fg8.jpg","Scam",6,"artificial",0,"Young"
"1363","277518","resources/real_fg_memory_images/fg1.jpg","Neutral",7,"artificial",1,"Young"
"1364","277518","resources/real_fg_memory_images/orig30.jpg","Scam",8,"real",0,"Young"
"1365","277518","resources/real_fg_memory_images/orig28.jpg","Scam",8,"real",0,"Young"
"1366","277518","resources/real_fg_memory_images/orig22.jpg","Neutral",8,"real",0,"Young"
"1367","277518","resources/real_fg_memory_images/orig25.jpg","Scam",6,"real",0,"Young"
"1368","282486","resources/real_fg_memory_images/orig24.jpg","Neutral",6,"real",1,"Young"
"1369","282486","resources/real_fg_memory_images/fg8.jpg","Scam",10,"artificial",1,"Young"
"1370","282486","resources/real_fg_memory_images/fg6.jpg","Neutral",5,"artificial",0,"Young"
"1371","282486","resources/real_fg_memory_images/fg12.jpg","Scam",9,"artificial",1,"Young"
"1372","282486","resources/real_fg_memory_images/orig27.jpg","Scam",6,"real",1,"Young"
"1373","282486","resources/real_fg_memory_images/fg2.jpg","Neutral",5,"artificial",1,"Young"
"1374","282486","resources/real_fg_memory_images/fg11.jpg","Scam",4,"artificial",1,"Young"
"1375","282486","resources/real_fg_memory_images/orig29.jpg","Scam",9,"real",1,"Young"
"1376","282486","resources/real_fg_memory_images/fg5.jpg","Neutral",10,"artificial",0,"Young"
"1377","282486","resources/real_fg_memory_images/orig22.jpg","Neutral",4,"real",1,"Young"
"1378","282486","resources/real_fg_memory_images/orig20.jpg","Neutral",3,"real",1,"Young"
"1379","282486","resources/real_fg_memory_images/fg10.jpg","Scam",5,"artificial",0,"Young"
"1380","282486","resources/real_fg_memory_images/fg3.jpg","Neutral",9,"artificial",1,"Young"
"1381","282486","resources/real_fg_memory_images/orig28.jpg","Scam",8,"real",1,"Young"
"1382","282486","resources/real_fg_memory_images/fg4.jpg","Neutral",5,"artificial",0,"Young"
"1383","282486","resources/real_fg_memory_images/fg9.jpg","Scam",9,"artificial",1,"Young"
"1384","282486","resources/real_fg_memory_images/fg7.jpg","Scam",8,"artificial",1,"Young"
"1385","282486","resources/real_fg_memory_images/orig19.jpg","Neutral",5,"real",1,"Young"
"1386","282486","resources/real_fg_memory_images/orig26.jpg","Scam",10,"real",1,"Young"
"1387","282486","resources/real_fg_memory_images/orig21.jpg","Neutral",5,"real",1,"Young"
"1388","282486","resources/real_fg_memory_images/orig25.jpg","Scam",10,"real",1,"Young"
"1389","282486","resources/real_fg_memory_images/orig23.jpg","Neutral",6,"real",1,"Young"
"1390","282486","resources/real_fg_memory_images/orig30.jpg","Scam",7,"real",0,"Young"
"1391","282486","resources/real_fg_memory_images/fg1.jpg","Neutral",5,"artificial",0,"Young"
"1392","305753","resources/real_fg_memory_images/orig23.jpg","Neutral",7,"real",1,"Young"
"1393","305753","resources/real_fg_memory_images/fg9.jpg","Scam",5,"artificial",0,"Young"
"1394","305753","resources/real_fg_memory_images/fg7.jpg","Scam",2,"artificial",0,"Young"
"1395","305753","resources/real_fg_memory_images/orig27.jpg","Scam",10,"real",1,"Young"
"1396","305753","resources/real_fg_memory_images/fg6.jpg","Neutral",7,"artificial",1,"Young"
"1397","305753","resources/real_fg_memory_images/fg11.jpg","Scam",7,"artificial",0,"Young"
"1398","305753","resources/real_fg_memory_images/fg12.jpg","Scam",8,"artificial",1,"Young"
"1399","305753","resources/real_fg_memory_images/orig21.jpg","Neutral",10,"real",1,"Young"
"1400","305753","resources/real_fg_memory_images/fg10.jpg","Scam",9,"artificial",0,"Young"
"1401","305753","resources/real_fg_memory_images/fg4.jpg","Neutral",9,"artificial",1,"Young"
"1402","305753","resources/real_fg_memory_images/orig25.jpg","Scam",10,"real",1,"Young"
"1403","305753","resources/real_fg_memory_images/orig29.jpg","Scam",1,"real",0,"Young"
"1404","305753","resources/real_fg_memory_images/fg1.jpg","Neutral",4,"artificial",1,"Young"
"1405","305753","resources/real_fg_memory_images/orig19.jpg","Neutral",8,"real",1,"Young"
"1406","305753","resources/real_fg_memory_images/fg3.jpg","Neutral",10,"artificial",1,"Young"
"1407","305753","resources/real_fg_memory_images/orig26.jpg","Scam",10,"real",1,"Young"
"1408","305753","resources/real_fg_memory_images/fg8.jpg","Scam",10,"artificial",1,"Young"
"1409","305753","resources/real_fg_memory_images/fg2.jpg","Neutral",10,"artificial",1,"Young"
"1410","305753","resources/real_fg_memory_images/fg5.jpg","Neutral",7,"artificial",1,"Young"
"1411","305753","resources/real_fg_memory_images/orig28.jpg","Scam",10,"real",1,"Young"
"1412","305753","resources/real_fg_memory_images/orig20.jpg","Neutral",4,"real",0,"Young"
"1413","305753","resources/real_fg_memory_images/orig24.jpg","Neutral",10,"real",1,"Young"
"1414","305753","resources/real_fg_memory_images/orig30.jpg","Scam",1,"real",0,"Young"
"1415","305753","resources/real_fg_memory_images/orig22.jpg","Neutral",4,"real",1,"Young"
"1416","419102","resources/real_fg_memory_images/fg3.jpg","Neutral",10,"artificial",1,"Young"
"1417","419102","resources/real_fg_memory_images/orig25.jpg","Scam",3,"real",0,"Young"
"1418","419102","resources/real_fg_memory_images/orig23.jpg","Neutral",3,"real",1,"Young"
"1419","419102","resources/real_fg_memory_images/fg6.jpg","Neutral",3,"artificial",0,"Young"
"1420","419102","resources/real_fg_memory_images/orig29.jpg","Scam",8,"real",1,"Young"
"1421","419102","resources/real_fg_memory_images/fg12.jpg","Scam",5,"artificial",0,"Young"
"1422","419102","resources/real_fg_memory_images/fg8.jpg","Scam",10,"artificial",1,"Young"
"1423","419102","resources/real_fg_memory_images/fg10.jpg","Scam",3,"artificial",1,"Young"
"1424","419102","resources/real_fg_memory_images/fg5.jpg","Neutral",6,"artificial",1,"Young"
"1425","419102","resources/real_fg_memory_images/fg11.jpg","Scam",4,"artificial",1,"Young"
"1426","419102","resources/real_fg_memory_images/orig26.jpg","Scam",6,"real",1,"Young"
"1427","419102","resources/real_fg_memory_images/fg9.jpg","Scam",5,"artificial",1,"Young"
"1428","419102","resources/real_fg_memory_images/orig19.jpg","Neutral",8,"real",1,"Young"
"1429","419102","resources/real_fg_memory_images/fg1.jpg","Neutral",4,"artificial",0,"Young"
"1430","419102","resources/real_fg_memory_images/orig20.jpg","Neutral",4,"real",0,"Young"
"1431","419102","resources/real_fg_memory_images/orig28.jpg","Scam",10,"real",1,"Young"
"1432","419102","resources/real_fg_memory_images/orig30.jpg","Scam",10,"real",1,"Young"
"1433","419102","resources/real_fg_memory_images/orig24.jpg","Neutral",4,"real",1,"Young"
"1434","419102","resources/real_fg_memory_images/fg4.jpg","Neutral",3,"artificial",1,"Young"
"1435","419102","resources/real_fg_memory_images/orig27.jpg","Scam",7,"real",1,"Young"
"1436","419102","resources/real_fg_memory_images/fg2.jpg","Neutral",5,"artificial",0,"Young"
"1437","419102","resources/real_fg_memory_images/orig21.jpg","Neutral",6,"real",1,"Young"
"1438","419102","resources/real_fg_memory_images/fg7.jpg","Scam",4,"artificial",1,"Young"
"1439","419102","resources/real_fg_memory_images/orig22.jpg","Neutral",4,"real",1,"Young"
"1440","432319","resources/real_fg_memory_images/fg8.jpg","Scam",6,"artificial",0,"Young"
"1441","432319","resources/real_fg_memory_images/orig19.jpg","Neutral",4,"real",1,"Young"
"1442","432319","resources/real_fg_memory_images/orig28.jpg","Scam",5,"real",1,"Young"
"1443","432319","resources/real_fg_memory_images/orig21.jpg","Neutral",2,"real",1,"Young"
"1444","432319","resources/real_fg_memory_images/fg5.jpg","Neutral",6,"artificial",0,"Young"
"1445","432319","resources/real_fg_memory_images/orig29.jpg","Scam",10,"real",1,"Young"
"1446","432319","resources/real_fg_memory_images/fg9.jpg","Scam",1,"artificial",0,"Young"
"1447","432319","resources/real_fg_memory_images/orig27.jpg","Scam",10,"real",1,"Young"
"1448","432319","resources/real_fg_memory_images/fg11.jpg","Scam",5,"artificial",1,"Young"
"1449","432319","resources/real_fg_memory_images/orig26.jpg","Scam",6,"real",0,"Young"
"1450","432319","resources/real_fg_memory_images/fg2.jpg","Neutral",5,"artificial",0,"Young"
"1451","432319","resources/real_fg_memory_images/orig30.jpg","Scam",3,"real",0,"Young"
"1452","432319","resources/real_fg_memory_images/fg1.jpg","Neutral",6,"artificial",0,"Young"
"1453","432319","resources/real_fg_memory_images/orig23.jpg","Neutral",7,"real",1,"Young"
"1454","432319","resources/real_fg_memory_images/orig20.jpg","Neutral",8,"real",1,"Young"
"1455","432319","resources/real_fg_memory_images/fg6.jpg","Neutral",3,"artificial",0,"Young"
"1456","432319","resources/real_fg_memory_images/fg7.jpg","Scam",4,"artificial",0,"Young"
"1457","432319","resources/real_fg_memory_images/orig25.jpg","Scam",1,"real",1,"Young"
"1458","432319","resources/real_fg_memory_images/fg10.jpg","Scam",5,"artificial",1,"Young"
"1459","432319","resources/real_fg_memory_images/orig24.jpg","Neutral",2,"real",0,"Young"
"1460","432319","resources/real_fg_memory_images/fg4.jpg","Neutral",6,"artificial",1,"Young"
"1461","432319","resources/real_fg_memory_images/orig22.jpg","Neutral",7,"real",1,"Young"
"1462","432319","resources/real_fg_memory_images/fg12.jpg","Scam",3,"artificial",1,"Young"
"1463","432319","resources/real_fg_memory_images/fg3.jpg","Neutral",2,"artificial",0,"Young"
"1464","439164","resources/real_fg_memory_images/orig24.jpg","Neutral",10,"real",1,"Young"
"1465","439164","resources/real_fg_memory_images/orig29.jpg","Scam",10,"real",1,"Young"
"1466","439164","resources/real_fg_memory_images/fg12.jpg","Scam",5,"artificial",1,"Young"
"1467","439164","resources/real_fg_memory_images/fg9.jpg","Scam",10,"artificial",1,"Young"
"1468","439164","resources/real_fg_memory_images/orig30.jpg","Scam",10,"real",1,"Young"
"1469","439164","resources/real_fg_memory_images/orig21.jpg","Neutral",10,"real",1,"Young"
"1470","439164","resources/real_fg_memory_images/orig28.jpg","Scam",5,"real",1,"Young"
"1471","439164","resources/real_fg_memory_images/orig22.jpg","Neutral",6,"real",0,"Young"
"1472","439164","resources/real_fg_memory_images/orig20.jpg","Neutral",4,"real",1,"Young"
"1473","439164","resources/real_fg_memory_images/fg11.jpg","Scam",8,"artificial",1,"Young"
"1474","439164","resources/real_fg_memory_images/fg8.jpg","Scam",10,"artificial",1,"Young"
"1475","439164","resources/real_fg_memory_images/fg6.jpg","Neutral",10,"artificial",1,"Young"
"1476","439164","resources/real_fg_memory_images/fg10.jpg","Scam",5,"artificial",0,"Young"
"1477","439164","resources/real_fg_memory_images/fg1.jpg","Neutral",10,"artificial",1,"Young"
"1478","439164","resources/real_fg_memory_images/orig25.jpg","Scam",10,"real",0,"Young"
"1479","439164","resources/real_fg_memory_images/fg2.jpg","Neutral",6,"artificial",0,"Young"
"1480","439164","resources/real_fg_memory_images/orig23.jpg","Neutral",10,"real",1,"Young"
"1481","439164","resources/real_fg_memory_images/orig19.jpg","Neutral",10,"real",1,"Young"
"1482","439164","resources/real_fg_memory_images/orig26.jpg","Scam",10,"real",1,"Young"
"1483","439164","resources/real_fg_memory_images/fg3.jpg","Neutral",10,"artificial",1,"Young"
"1484","439164","resources/real_fg_memory_images/orig27.jpg","Scam",10,"real",1,"Young"
"1485","439164","resources/real_fg_memory_images/fg4.jpg","Neutral",7,"artificial",1,"Young"
"1486","439164","resources/real_fg_memory_images/fg5.jpg","Neutral",10,"artificial",1,"Young"
"1487","439164","resources/real_fg_memory_images/fg7.jpg","Scam",5,"artificial",1,"Young"
"1488","449778","resources/real_fg_memory_images/fg3.jpg","Neutral",5,"artificial",0,"Young"
"1489","449778","resources/real_fg_memory_images/orig24.jpg","Neutral",5,"real",1,"Young"
"1490","449778","resources/real_fg_memory_images/fg2.jpg","Neutral",8,"artificial",0,"Young"
"1491","449778","resources/real_fg_memory_images/orig20.jpg","Neutral",7,"real",1,"Young"
"1492","449778","resources/real_fg_memory_images/orig22.jpg","Neutral",6,"real",1,"Young"
"1493","449778","resources/real_fg_memory_images/fg7.jpg","Scam",8,"artificial",1,"Young"
"1494","449778","resources/real_fg_memory_images/orig27.jpg","Scam",9,"real",1,"Young"
"1495","449778","resources/real_fg_memory_images/orig26.jpg","Scam",6,"real",0,"Young"
"1496","449778","resources/real_fg_memory_images/orig23.jpg","Neutral",8,"real",0,"Young"
"1497","449778","resources/real_fg_memory_images/orig30.jpg","Scam",5,"real",0,"Young"
"1498","449778","resources/real_fg_memory_images/fg8.jpg","Scam",7,"artificial",0,"Young"
"1499","449778","resources/real_fg_memory_images/orig19.jpg","Neutral",9,"real",0,"Young"
"1500","449778","resources/real_fg_memory_images/fg10.jpg","Scam",6,"artificial",0,"Young"
"1501","449778","resources/real_fg_memory_images/fg9.jpg","Scam",8,"artificial",0,"Young"
"1502","449778","resources/real_fg_memory_images/fg6.jpg","Neutral",6,"artificial",1,"Young"
"1503","449778","resources/real_fg_memory_images/orig29.jpg","Scam",7,"real",1,"Young"
"1504","449778","resources/real_fg_memory_images/fg1.jpg","Neutral",8,"artificial",1,"Young"
"1505","449778","resources/real_fg_memory_images/orig28.jpg","Scam",7,"real",1,"Young"
"1506","449778","resources/real_fg_memory_images/fg5.jpg","Neutral",8,"artificial",1,"Young"
"1507","449778","resources/real_fg_memory_images/fg12.jpg","Scam",7,"artificial",1,"Young"
"1508","449778","resources/real_fg_memory_images/orig21.jpg","Neutral",5,"real",1,"Young"
"1509","449778","resources/real_fg_memory_images/fg4.jpg","Neutral",8,"artificial",1,"Young"
"1510","449778","resources/real_fg_memory_images/fg11.jpg","Scam",4,"artificial",0,"Young"
"1511","449778","resources/real_fg_memory_images/orig25.jpg","Scam",7,"real",1,"Young"
"1512","484966","resources/real_fg_memory_images/orig30.jpg","Scam",0,"real",1,"Young"
"1513","484966","resources/real_fg_memory_images/fg9.jpg","Scam",10,"artificial",1,"Young"
"1514","484966","resources/real_fg_memory_images/orig20.jpg","Neutral",5,"real",0,"Young"
"1515","484966","resources/real_fg_memory_images/fg5.jpg","Neutral",10,"artificial",0,"Young"
"1516","484966","resources/real_fg_memory_images/orig25.jpg","Scam",5,"real",0,"Young"
"1517","484966","resources/real_fg_memory_images/fg2.jpg","Neutral",5,"artificial",1,"Young"
"1518","484966","resources/real_fg_memory_images/fg11.jpg","Scam",6,"artificial",1,"Young"
"1519","484966","resources/real_fg_memory_images/fg6.jpg","Neutral",5,"artificial",0,"Young"
"1520","484966","resources/real_fg_memory_images/fg12.jpg","Scam",5,"artificial",1,"Young"
"1521","484966","resources/real_fg_memory_images/fg8.jpg","Scam",5,"artificial",1,"Young"
"1522","484966","resources/real_fg_memory_images/fg10.jpg","Scam",5,"artificial",1,"Young"
"1523","484966","resources/real_fg_memory_images/orig23.jpg","Neutral",9,"real",1,"Young"
"1524","484966","resources/real_fg_memory_images/orig28.jpg","Scam",10,"real",1,"Young"
"1525","484966","resources/real_fg_memory_images/fg1.jpg","Neutral",10,"artificial",0,"Young"
"1526","484966","resources/real_fg_memory_images/orig19.jpg","Neutral",5,"real",1,"Young"
"1527","484966","resources/real_fg_memory_images/orig29.jpg","Scam",10,"real",1,"Young"
"1528","484966","resources/real_fg_memory_images/fg4.jpg","Neutral",5,"artificial",0,"Young"
"1529","484966","resources/real_fg_memory_images/orig21.jpg","Neutral",9,"real",1,"Young"
"1530","484966","resources/real_fg_memory_images/orig22.jpg","Neutral",8,"real",0,"Young"
"1531","484966","resources/real_fg_memory_images/orig26.jpg","Scam",3,"real",1,"Young"
"1532","484966","resources/real_fg_memory_images/fg7.jpg","Scam",4,"artificial",1,"Young"
"1533","484966","resources/real_fg_memory_images/orig24.jpg","Neutral",8,"real",1,"Young"
"1534","484966","resources/real_fg_memory_images/fg3.jpg","Neutral",7,"artificial",1,"Young"
"1535","484966","resources/real_fg_memory_images/orig27.jpg","Scam",7,"real",1,"Young"
"1536","502058","resources/real_fg_memory_images/orig29.jpg","Scam",1,"real",0,"Young"
"1537","502058","resources/real_fg_memory_images/orig28.jpg","Scam",2,"real",0,"Young"
"1538","502058","resources/real_fg_memory_images/fg7.jpg","Scam",3,"artificial",1,"Young"
"1539","502058","resources/real_fg_memory_images/fg9.jpg","Scam",3,"artificial",1,"Young"
"1540","502058","resources/real_fg_memory_images/orig30.jpg","Scam",3,"real",0,"Young"
"1541","502058","resources/real_fg_memory_images/fg8.jpg","Scam",3,"artificial",1,"Young"
"1542","502058","resources/real_fg_memory_images/fg12.jpg","Scam",3,"artificial",0,"Young"
"1543","502058","resources/real_fg_memory_images/fg2.jpg","Neutral",4,"artificial",0,"Young"
"1544","502058","resources/real_fg_memory_images/orig26.jpg","Scam",4,"real",0,"Young"
"1545","502058","resources/real_fg_memory_images/orig27.jpg","Scam",4,"real",0,"Young"
"1546","502058","resources/real_fg_memory_images/orig23.jpg","Neutral",5,"real",0,"Young"
"1547","502058","resources/real_fg_memory_images/fg3.jpg","Neutral",7,"artificial",1,"Young"
"1548","502058","resources/real_fg_memory_images/fg1.jpg","Neutral",7,"artificial",1,"Young"
"1549","502058","resources/real_fg_memory_images/fg6.jpg","Neutral",7,"artificial",1,"Young"
"1550","502058","resources/real_fg_memory_images/orig21.jpg","Neutral",6,"real",0,"Young"
"1551","502058","resources/real_fg_memory_images/orig22.jpg","Neutral",6,"real",0,"Young"
"1552","502058","resources/real_fg_memory_images/fg10.jpg","Scam",6,"artificial",1,"Young"
"1553","502058","resources/real_fg_memory_images/orig25.jpg","Scam",7,"real",0,"Young"
"1554","502058","resources/real_fg_memory_images/orig19.jpg","Neutral",7,"real",1,"Young"
"1555","502058","resources/real_fg_memory_images/fg5.jpg","Neutral",7,"artificial",1,"Young"
"1556","502058","resources/real_fg_memory_images/fg4.jpg","Neutral",7,"artificial",1,"Young"
"1557","502058","resources/real_fg_memory_images/orig20.jpg","Neutral",8,"real",1,"Young"
"1558","502058","resources/real_fg_memory_images/orig24.jpg","Neutral",8,"real",1,"Young"
"1559","502058","resources/real_fg_memory_images/fg11.jpg","Scam",8,"artificial",0,"Young"
"1560","651013","resources/real_fg_memory_images/orig22.jpg","Neutral",10,"real",1,"Young"
"1561","651013","resources/real_fg_memory_images/orig21.jpg","Neutral",10,"real",1,"Young"
"1562","651013","resources/real_fg_memory_images/fg10.jpg","Scam",3,"artificial",1,"Young"
"1563","651013","resources/real_fg_memory_images/orig19.jpg","Neutral",4,"real",0,"Young"
"1564","651013","resources/real_fg_memory_images/orig24.jpg","Neutral",7,"real",1,"Young"
"1565","651013","resources/real_fg_memory_images/fg9.jpg","Scam",6,"artificial",1,"Young"
"1566","651013","resources/real_fg_memory_images/fg1.jpg","Neutral",5,"artificial",0,"Young"
"1567","651013","resources/real_fg_memory_images/fg8.jpg","Scam",8,"artificial",0,"Young"
"1568","651013","resources/real_fg_memory_images/orig23.jpg","Neutral",7,"real",1,"Young"
"1569","651013","resources/real_fg_memory_images/orig25.jpg","Scam",3,"real",1,"Young"
"1570","651013","resources/real_fg_memory_images/fg6.jpg","Neutral",8,"artificial",1,"Young"
"1571","651013","resources/real_fg_memory_images/orig27.jpg","Scam",8,"real",1,"Young"
"1572","651013","resources/real_fg_memory_images/fg12.jpg","Scam",3,"artificial",0,"Young"
"1573","651013","resources/real_fg_memory_images/fg7.jpg","Scam",7,"artificial",1,"Young"
"1574","651013","resources/real_fg_memory_images/fg2.jpg","Neutral",4,"artificial",1,"Young"
"1575","651013","resources/real_fg_memory_images/orig28.jpg","Scam",2,"real",1,"Young"
"1576","651013","resources/real_fg_memory_images/orig30.jpg","Scam",9,"real",1,"Young"
"1577","651013","resources/real_fg_memory_images/orig26.jpg","Scam",5,"real",0,"Young"
"1578","651013","resources/real_fg_memory_images/fg3.jpg","Neutral",6,"artificial",1,"Young"
"1579","651013","resources/real_fg_memory_images/fg11.jpg","Scam",3,"artificial",0,"Young"
"1580","651013","resources/real_fg_memory_images/fg4.jpg","Neutral",7,"artificial",0,"Young"
"1581","651013","resources/real_fg_memory_images/fg5.jpg","Neutral",3,"artificial",0,"Young"
"1582","651013","resources/real_fg_memory_images/orig29.jpg","Scam",9,"real",0,"Young"
"1583","651013","resources/real_fg_memory_images/orig20.jpg","Neutral",7,"real",1,"Young"
"1584","699511","resources/real_fg_memory_images/orig30.jpg","Scam",2,"real",1,"Young"
"1585","699511","resources/real_fg_memory_images/orig29.jpg","Scam",3,"real",0,"Young"
"1586","699511","resources/real_fg_memory_images/orig28.jpg","Scam",3,"real",1,"Young"
"1587","699511","resources/real_fg_memory_images/fg4.jpg","Neutral",3,"artificial",1,"Young"
"1588","699511","resources/real_fg_memory_images/orig25.jpg","Scam",3,"real",1,"Young"
"1589","699511","resources/real_fg_memory_images/fg10.jpg","Scam",3,"artificial",0,"Young"
"1590","699511","resources/real_fg_memory_images/fg3.jpg","Neutral",3,"artificial",1,"Young"
"1591","699511","resources/real_fg_memory_images/fg6.jpg","Neutral",3,"artificial",1,"Young"
"1592","699511","resources/real_fg_memory_images/orig24.jpg","Neutral",3,"real",0,"Young"
"1593","699511","resources/real_fg_memory_images/fg7.jpg","Scam",3,"artificial",0,"Young"
"1594","699511","resources/real_fg_memory_images/fg8.jpg","Scam",3,"artificial",1,"Young"
"1595","699511","resources/real_fg_memory_images/fg1.jpg","Neutral",3,"artificial",1,"Young"
"1596","699511","resources/real_fg_memory_images/orig20.jpg","Neutral",3,"real",0,"Young"
"1597","699511","resources/real_fg_memory_images/orig23.jpg","Neutral",3,"real",1,"Young"
"1598","699511","resources/real_fg_memory_images/fg2.jpg","Neutral",3,"artificial",1,"Young"
"1599","699511","resources/real_fg_memory_images/fg5.jpg","Neutral",3,"artificial",0,"Young"
"1600","699511","resources/real_fg_memory_images/orig19.jpg","Neutral",3,"real",0,"Young"
"1601","699511","resources/real_fg_memory_images/fg9.jpg","Scam",3,"artificial",1,"Young"
"1602","699511","resources/real_fg_memory_images/fg12.jpg","Scam",3,"artificial",1,"Young"
"1603","699511","resources/real_fg_memory_images/fg11.jpg","Scam",3,"artificial",1,"Young"
"1604","699511","resources/real_fg_memory_images/orig26.jpg","Scam",3,"real",0,"Young"
"1605","699511","resources/real_fg_memory_images/orig21.jpg","Neutral",3,"real",0,"Young"
"1606","699511","resources/real_fg_memory_images/orig22.jpg","Neutral",3,"real",1,"Young"
"1607","699511","resources/real_fg_memory_images/orig27.jpg","Scam",3,"real",0,"Young"
"1608","752215","resources/real_fg_memory_images/orig30.jpg","Scam",8,"real",1,"Young"
"1609","752215","resources/real_fg_memory_images/orig21.jpg","Neutral",10,"real",1,"Young"
"1610","752215","resources/real_fg_memory_images/orig23.jpg","Neutral",10,"real",1,"Young"
"1611","752215","resources/real_fg_memory_images/fg12.jpg","Scam",5,"artificial",0,"Young"
"1612","752215","resources/real_fg_memory_images/fg8.jpg","Scam",10,"artificial",1,"Young"
"1613","752215","resources/real_fg_memory_images/orig22.jpg","Neutral",10,"real",1,"Young"
"1614","752215","resources/real_fg_memory_images/fg9.jpg","Scam",10,"artificial",0,"Young"
"1615","752215","resources/real_fg_memory_images/fg3.jpg","Neutral",10,"artificial",1,"Young"
"1616","752215","resources/real_fg_memory_images/orig19.jpg","Neutral",7,"real",1,"Young"
"1617","752215","resources/real_fg_memory_images/orig26.jpg","Scam",10,"real",1,"Young"
"1618","752215","resources/real_fg_memory_images/orig27.jpg","Scam",10,"real",1,"Young"
"1619","752215","resources/real_fg_memory_images/orig25.jpg","Scam",10,"real",1,"Young"
"1620","752215","resources/real_fg_memory_images/fg1.jpg","Neutral",6,"artificial",1,"Young"
"1621","752215","resources/real_fg_memory_images/fg6.jpg","Neutral",7,"artificial",1,"Young"
"1622","752215","resources/real_fg_memory_images/orig20.jpg","Neutral",4,"real",1,"Young"
"1623","752215","resources/real_fg_memory_images/fg10.jpg","Scam",6,"artificial",1,"Young"
"1624","752215","resources/real_fg_memory_images/fg11.jpg","Scam",6,"artificial",1,"Young"
"1625","752215","resources/real_fg_memory_images/fg7.jpg","Scam",5,"artificial",1,"Young"
"1626","752215","resources/real_fg_memory_images/fg4.jpg","Neutral",8,"artificial",1,"Young"
"1627","752215","resources/real_fg_memory_images/orig28.jpg","Scam",10,"real",1,"Young"
"1628","752215","resources/real_fg_memory_images/orig24.jpg","Neutral",10,"real",1,"Young"
"1629","752215","resources/real_fg_memory_images/fg2.jpg","Neutral",3,"artificial",0,"Young"
"1630","752215","resources/real_fg_memory_images/orig29.jpg","Scam",4,"real",1,"Young"
"1631","752215","resources/real_fg_memory_images/fg5.jpg","Neutral",10,"artificial",1,"Young"
"1632","761707","resources/real_fg_memory_images/orig26.jpg","Scam",9,"real",1,"Young"
"1633","761707","resources/real_fg_memory_images/orig22.jpg","Neutral",10,"real",1,"Young"
"1634","761707","resources/real_fg_memory_images/orig25.jpg","Scam",8,"real",1,"Young"
"1635","761707","resources/real_fg_memory_images/fg9.jpg","Scam",5,"artificial",1,"Young"
"1636","761707","resources/real_fg_memory_images/fg1.jpg","Neutral",7,"artificial",1,"Young"
"1637","761707","resources/real_fg_memory_images/fg3.jpg","Neutral",6,"artificial",0,"Young"
"1638","761707","resources/real_fg_memory_images/fg4.jpg","Neutral",8,"artificial",0,"Young"
"1639","761707","resources/real_fg_memory_images/fg8.jpg","Scam",10,"artificial",1,"Young"
"1640","761707","resources/real_fg_memory_images/orig23.jpg","Neutral",5,"real",0,"Young"
"1641","761707","resources/real_fg_memory_images/fg6.jpg","Neutral",8,"artificial",0,"Young"
"1642","761707","resources/real_fg_memory_images/orig29.jpg","Scam",8,"real",1,"Young"
"1643","761707","resources/real_fg_memory_images/fg10.jpg","Scam",5,"artificial",1,"Young"
"1644","761707","resources/real_fg_memory_images/orig27.jpg","Scam",8,"real",1,"Young"
"1645","761707","resources/real_fg_memory_images/orig24.jpg","Neutral",4,"real",1,"Young"
"1646","761707","resources/real_fg_memory_images/orig28.jpg","Scam",4,"real",1,"Young"
"1647","761707","resources/real_fg_memory_images/fg11.jpg","Scam",9,"artificial",1,"Young"
"1648","761707","resources/real_fg_memory_images/fg7.jpg","Scam",9,"artificial",1,"Young"
"1649","761707","resources/real_fg_memory_images/orig20.jpg","Neutral",3,"real",1,"Young"
"1650","761707","resources/real_fg_memory_images/fg2.jpg","Neutral",4,"artificial",0,"Young"
"1651","761707","resources/real_fg_memory_images/orig30.jpg","Scam",5,"real",1,"Young"
"1652","761707","resources/real_fg_memory_images/fg12.jpg","Scam",5,"artificial",1,"Young"
"1653","761707","resources/real_fg_memory_images/orig19.jpg","Neutral",5,"real",0,"Young"
"1654","761707","resources/real_fg_memory_images/orig21.jpg","Neutral",4,"real",0,"Young"
"1655","761707","resources/real_fg_memory_images/fg5.jpg","Neutral",5,"artificial",0,"Young"
"1656","766655","resources/real_fg_memory_images/fg6.jpg","Neutral",5,"artificial",0,"Young"
"1657","766655","resources/real_fg_memory_images/orig28.jpg","Scam",8,"real",1,"Young"
"1658","766655","resources/real_fg_memory_images/orig29.jpg","Scam",8,"real",1,"Young"
"1659","766655","resources/real_fg_memory_images/fg8.jpg","Scam",10,"artificial",1,"Young"
"1660","766655","resources/real_fg_memory_images/fg7.jpg","Scam",10,"artificial",1,"Young"
"1661","766655","resources/real_fg_memory_images/orig19.jpg","Neutral",8,"real",1,"Young"
"1662","766655","resources/real_fg_memory_images/orig27.jpg","Scam",10,"real",1,"Young"
"1663","766655","resources/real_fg_memory_images/fg11.jpg","Scam",5,"artificial",1,"Young"
"1664","766655","resources/real_fg_memory_images/orig20.jpg","Neutral",5,"real",0,"Young"
"1665","766655","resources/real_fg_memory_images/orig30.jpg","Scam",5,"real",1,"Young"
"1666","766655","resources/real_fg_memory_images/orig24.jpg","Neutral",5,"real",1,"Young"
"1667","766655","resources/real_fg_memory_images/fg10.jpg","Scam",8,"artificial",1,"Young"
"1668","766655","resources/real_fg_memory_images/fg3.jpg","Neutral",10,"artificial",1,"Young"
"1669","766655","resources/real_fg_memory_images/orig23.jpg","Neutral",10,"real",1,"Young"
"1670","766655","resources/real_fg_memory_images/fg12.jpg","Scam",7,"artificial",0,"Young"
"1671","766655","resources/real_fg_memory_images/fg1.jpg","Neutral",7,"artificial",1,"Young"
"1672","766655","resources/real_fg_memory_images/fg4.jpg","Neutral",7,"artificial",1,"Young"
"1673","766655","resources/real_fg_memory_images/fg5.jpg","Neutral",8,"artificial",1,"Young"
"1674","766655","resources/real_fg_memory_images/fg2.jpg","Neutral",4,"artificial",0,"Young"
"1675","766655","resources/real_fg_memory_images/orig21.jpg","Neutral",8,"real",1,"Young"
"1676","766655","resources/real_fg_memory_images/fg9.jpg","Scam",8,"artificial",0,"Young"
"1677","766655","resources/real_fg_memory_images/orig26.jpg","Scam",10,"real",1,"Young"
"1678","766655","resources/real_fg_memory_images/orig25.jpg","Scam",10,"real",1,"Young"
"1679","766655","resources/real_fg_memory_images/orig22.jpg","Neutral",9,"real",0,"Young"
"1680","806441","resources/real_fg_memory_images/orig30.jpg","Scam",5,"real",1,"Young"
"1681","806441","resources/real_fg_memory_images/fg3.jpg","Neutral",9,"artificial",1,"Young"
"1682","806441","resources/real_fg_memory_images/fg6.jpg","Neutral",5,"artificial",1,"Young"
"1683","806441","resources/real_fg_memory_images/fg11.jpg","Scam",5,"artificial",1,"Young"
"1684","806441","resources/real_fg_memory_images/fg9.jpg","Scam",5,"artificial",1,"Young"
"1685","806441","resources/real_fg_memory_images/fg4.jpg","Neutral",5,"artificial",1,"Young"
"1686","806441","resources/real_fg_memory_images/orig26.jpg","Scam",5,"real",1,"Young"
"1687","806441","resources/real_fg_memory_images/orig29.jpg","Scam",6,"real",1,"Young"
"1688","806441","resources/real_fg_memory_images/fg2.jpg","Neutral",5,"artificial",0,"Young"
"1689","806441","resources/real_fg_memory_images/fg10.jpg","Scam",5,"artificial",0,"Young"
"1690","806441","resources/real_fg_memory_images/orig25.jpg","Scam",5,"real",0,"Young"
"1691","806441","resources/real_fg_memory_images/orig22.jpg","Neutral",6,"real",1,"Young"
"1692","806441","resources/real_fg_memory_images/orig20.jpg","Neutral",5,"real",1,"Young"
"1693","806441","resources/real_fg_memory_images/orig24.jpg","Neutral",5,"real",0,"Young"
"1694","806441","resources/real_fg_memory_images/fg12.jpg","Scam",5,"artificial",1,"Young"
"1695","806441","resources/real_fg_memory_images/orig27.jpg","Scam",10,"real",1,"Young"
"1696","806441","resources/real_fg_memory_images/fg1.jpg","Neutral",5,"artificial",0,"Young"
"1697","806441","resources/real_fg_memory_images/orig23.jpg","Neutral",5,"real",1,"Young"
"1698","806441","resources/real_fg_memory_images/fg5.jpg","Neutral",5,"artificial",0,"Young"
"1699","806441","resources/real_fg_memory_images/orig21.jpg","Neutral",5,"real",1,"Young"
"1700","806441","resources/real_fg_memory_images/orig19.jpg","Neutral",5,"real",0,"Young"
"1701","806441","resources/real_fg_memory_images/fg7.jpg","Scam",5,"artificial",0,"Young"
"1702","806441","resources/real_fg_memory_images/orig28.jpg","Scam",6,"real",0,"Young"
"1703","806441","resources/real_fg_memory_images/fg8.jpg","Scam",6,"artificial",1,"Young"
"1704","841108","resources/real_fg_memory_images/fg6.jpg","Neutral",4,"artificial",1,"Young"
"1705","841108","resources/real_fg_memory_images/fg12.jpg","Scam",8,"artificial",1,"Young"
"1706","841108","resources/real_fg_memory_images/orig21.jpg","Neutral",10,"real",1,"Young"
"1707","841108","resources/real_fg_memory_images/orig27.jpg","Scam",10,"real",1,"Young"
"1708","841108","resources/real_fg_memory_images/orig23.jpg","Neutral",5,"real",1,"Young"
"1709","841108","resources/real_fg_memory_images/orig20.jpg","Neutral",10,"real",1,"Young"
"1710","841108","resources/real_fg_memory_images/orig25.jpg","Scam",10,"real",1,"Young"
"1711","841108","resources/real_fg_memory_images/fg8.jpg","Scam",10,"artificial",1,"Young"
"1712","841108","resources/real_fg_memory_images/orig22.jpg","Neutral",10,"real",1,"Young"
"1713","841108","resources/real_fg_memory_images/fg3.jpg","Neutral",10,"artificial",1,"Young"
"1714","841108","resources/real_fg_memory_images/fg7.jpg","Scam",10,"artificial",1,"Young"
"1715","841108","resources/real_fg_memory_images/orig26.jpg","Scam",10,"real",1,"Young"
"1716","841108","resources/real_fg_memory_images/fg5.jpg","Neutral",10,"artificial",1,"Young"
"1717","841108","resources/real_fg_memory_images/fg11.jpg","Scam",0,"artificial",0,"Young"
"1718","841108","resources/real_fg_memory_images/fg2.jpg","Neutral",4,"artificial",0,"Young"
"1719","841108","resources/real_fg_memory_images/orig29.jpg","Scam",10,"real",1,"Young"
"1720","841108","resources/real_fg_memory_images/fg9.jpg","Scam",3,"artificial",0,"Young"
"1721","841108","resources/real_fg_memory_images/fg1.jpg","Neutral",4,"artificial",1,"Young"
"1722","841108","resources/real_fg_memory_images/orig30.jpg","Scam",10,"real",1,"Young"
"1723","841108","resources/real_fg_memory_images/orig24.jpg","Neutral",10,"real",1,"Young"
"1724","841108","resources/real_fg_memory_images/orig19.jpg","Neutral",3,"real",1,"Young"
"1725","841108","resources/real_fg_memory_images/orig28.jpg","Scam",10,"real",1,"Young"
"1726","841108","resources/real_fg_memory_images/fg10.jpg","Scam",5,"artificial",0,"Young"
"1727","841108","resources/real_fg_memory_images/fg4.jpg","Neutral",7,"artificial",1,"Young"
"1728","011780","resources/real_fg_memory_images/fg24.jpg","Neutral",4,"artificial",1,"Young"
"1729","011780","resources/real_fg_memory_images/fg19.jpg","Neutral",6,"artificial",0,"Young"
"1730","011780","resources/real_fg_memory_images/orig5.jpg","Neutral",9,"real",1,"Young"
"1731","011780","resources/real_fg_memory_images/fg21.jpg","Neutral",6,"artificial",0,"Young"
"1732","011780","resources/real_fg_memory_images/fg22.jpg","Neutral",3,"artificial",1,"Young"
"1733","011780","resources/real_fg_memory_images/fg23.jpg","Neutral",4,"artificial",0,"Young"
"1734","011780","resources/real_fg_memory_images/fg29.jpg","Scam",9,"artificial",1,"Young"
"1735","011780","resources/real_fg_memory_images/fg25.jpg","Scam",4,"artificial",0,"Young"
"1736","011780","resources/real_fg_memory_images/orig1.jpg","Neutral",7,"real",1,"Young"
"1737","011780","resources/real_fg_memory_images/fg20.jpg","Neutral",3,"artificial",1,"Young"
"1738","011780","resources/real_fg_memory_images/orig12.jpg","Scam",4,"real",0,"Young"
"1739","011780","resources/real_fg_memory_images/fg28.jpg","Scam",9,"artificial",1,"Young"
"1740","011780","resources/real_fg_memory_images/fg27.jpg","Scam",8,"artificial",1,"Young"
"1741","011780","resources/real_fg_memory_images/fg30.jpg","Scam",3,"artificial",0,"Young"
"1742","011780","resources/real_fg_memory_images/orig11.jpg","Scam",5,"real",1,"Young"
"1743","011780","resources/real_fg_memory_images/orig7.jpg","Scam",3,"real",0,"Young"
"1744","011780","resources/real_fg_memory_images/fg26.jpg","Scam",3,"artificial",0,"Young"
"1745","011780","resources/real_fg_memory_images/orig3.jpg","Neutral",5,"real",1,"Young"
"1746","011780","resources/real_fg_memory_images/orig8.jpg","Scam",5,"real",0,"Young"
"1747","011780","resources/real_fg_memory_images/orig9.jpg","Scam",5,"real",1,"Young"
"1748","011780","resources/real_fg_memory_images/orig10.jpg","Scam",6,"real",1,"Young"
"1749","011780","resources/real_fg_memory_images/orig6.jpg","Neutral",7,"real",1,"Young"
"1750","011780","resources/real_fg_memory_images/orig4.jpg","Neutral",8,"real",0,"Young"
"1751","011780","resources/real_fg_memory_images/orig2.jpg","Neutral",6,"real",1,"Young"
"1752","056351","resources/real_fg_memory_images/fg27.jpg","Scam",7,"artificial",1,"Young"
"1753","056351","resources/real_fg_memory_images/fg21.jpg","Neutral",0,"artificial",1,"Young"
"1754","056351","resources/real_fg_memory_images/orig11.jpg","Scam",0,"real",0,"Young"
"1755","056351","resources/real_fg_memory_images/orig4.jpg","Neutral",8,"real",1,"Young"
"1756","056351","resources/real_fg_memory_images/fg30.jpg","Scam",5,"artificial",1,"Young"
"1757","056351","resources/real_fg_memory_images/orig1.jpg","Neutral",6,"real",1,"Young"
"1758","056351","resources/real_fg_memory_images/fg28.jpg","Scam",8,"artificial",1,"Young"
"1759","056351","resources/real_fg_memory_images/orig10.jpg","Scam",2,"real",0,"Young"
"1760","056351","resources/real_fg_memory_images/orig8.jpg","Scam",10,"real",1,"Young"
"1761","056351","resources/real_fg_memory_images/orig6.jpg","Neutral",0,"real",1,"Young"
"1762","056351","resources/real_fg_memory_images/orig9.jpg","Scam",0,"real",0,"Young"
"1763","056351","resources/real_fg_memory_images/fg20.jpg","Neutral",0,"artificial",0,"Young"
"1764","056351","resources/real_fg_memory_images/orig5.jpg","Neutral",0,"real",0,"Young"
"1765","056351","resources/real_fg_memory_images/fg19.jpg","Neutral",0,"artificial",0,"Young"
"1766","056351","resources/real_fg_memory_images/orig12.jpg","Scam",3,"real",1,"Young"
"1767","056351","resources/real_fg_memory_images/orig7.jpg","Scam",10,"real",1,"Young"
"1768","056351","resources/real_fg_memory_images/fg24.jpg","Neutral",0,"artificial",0,"Young"
"1769","056351","resources/real_fg_memory_images/orig3.jpg","Neutral",10,"real",1,"Young"
"1770","056351","resources/real_fg_memory_images/fg22.jpg","Neutral",8,"artificial",1,"Young"
"1771","056351","resources/real_fg_memory_images/fg26.jpg","Scam",3,"artificial",0,"Young"
"1772","056351","resources/real_fg_memory_images/orig2.jpg","Neutral",4,"real",1,"Young"
"1773","056351","resources/real_fg_memory_images/fg25.jpg","Scam",2,"artificial",1,"Young"
"1774","056351","resources/real_fg_memory_images/fg23.jpg","Neutral",2,"artificial",1,"Young"
"1775","056351","resources/real_fg_memory_images/fg29.jpg","Scam",4,"artificial",0,"Young"
"1776","104690","resources/real_fg_memory_images/fg26.jpg","Scam",4,"artificial",1,"Young"
"1777","104690","resources/real_fg_memory_images/orig5.jpg","Neutral",10,"real",1,"Young"
"1778","104690","resources/real_fg_memory_images/fg25.jpg","Scam",4,"artificial",0,"Young"
"1779","104690","resources/real_fg_memory_images/orig10.jpg","Scam",7,"real",1,"Young"
"1780","104690","resources/real_fg_memory_images/fg27.jpg","Scam",4,"artificial",1,"Young"
"1781","104690","resources/real_fg_memory_images/orig7.jpg","Scam",10,"real",1,"Young"
"1782","104690","resources/real_fg_memory_images/fg29.jpg","Scam",4,"artificial",0,"Young"
"1783","104690","resources/real_fg_memory_images/fg24.jpg","Neutral",3,"artificial",0,"Young"
"1784","104690","resources/real_fg_memory_images/fg21.jpg","Neutral",3,"artificial",0,"Young"
"1785","104690","resources/real_fg_memory_images/orig4.jpg","Neutral",8,"real",1,"Young"
"1786","104690","resources/real_fg_memory_images/orig9.jpg","Scam",4,"real",0,"Young"
"1787","104690","resources/real_fg_memory_images/orig6.jpg","Neutral",4,"real",0,"Young"
"1788","104690","resources/real_fg_memory_images/fg19.jpg","Neutral",6,"artificial",1,"Young"
"1789","104690","resources/real_fg_memory_images/fg23.jpg","Neutral",7,"artificial",1,"Young"
"1790","104690","resources/real_fg_memory_images/fg20.jpg","Neutral",8,"artificial",1,"Young"
"1791","104690","resources/real_fg_memory_images/orig11.jpg","Scam",3,"real",1,"Young"
"1792","104690","resources/real_fg_memory_images/orig12.jpg","Scam",9,"real",1,"Young"
"1793","104690","resources/real_fg_memory_images/orig1.jpg","Neutral",6,"real",1,"Young"
"1794","104690","resources/real_fg_memory_images/fg22.jpg","Neutral",7,"artificial",1,"Young"
"1795","104690","resources/real_fg_memory_images/fg28.jpg","Scam",3,"artificial",1,"Young"
"1796","104690","resources/real_fg_memory_images/fg30.jpg","Scam",6,"artificial",0,"Young"
"1797","104690","resources/real_fg_memory_images/orig8.jpg","Scam",9,"real",1,"Young"
"1798","104690","resources/real_fg_memory_images/orig3.jpg","Neutral",5,"real",0,"Young"
"1799","104690","resources/real_fg_memory_images/orig2.jpg","Neutral",7,"real",1,"Young"
"1800","142275","resources/real_fg_memory_images/orig12.jpg","Scam",10,"real",1,"Young"
"1801","142275","resources/real_fg_memory_images/fg30.jpg","Scam",10,"artificial",1,"Young"
"1802","142275","resources/real_fg_memory_images/fg25.jpg","Scam",8,"artificial",1,"Young"
"1803","142275","resources/real_fg_memory_images/fg28.jpg","Scam",10,"artificial",1,"Young"
"1804","142275","resources/real_fg_memory_images/orig9.jpg","Scam",10,"real",1,"Young"
"1805","142275","resources/real_fg_memory_images/orig5.jpg","Neutral",10,"real",1,"Young"
"1806","142275","resources/real_fg_memory_images/orig7.jpg","Scam",10,"real",1,"Young"
"1807","142275","resources/real_fg_memory_images/orig4.jpg","Neutral",10,"real",1,"Young"
"1808","142275","resources/real_fg_memory_images/orig2.jpg","Neutral",10,"real",1,"Young"
"1809","142275","resources/real_fg_memory_images/fg19.jpg","Neutral",7,"artificial",1,"Young"
"1810","142275","resources/real_fg_memory_images/orig6.jpg","Neutral",10,"real",1,"Young"
"1811","142275","resources/real_fg_memory_images/fg29.jpg","Scam",8,"artificial",1,"Young"
"1812","142275","resources/real_fg_memory_images/orig11.jpg","Scam",10,"real",1,"Young"
"1813","142275","resources/real_fg_memory_images/orig1.jpg","Neutral",5,"real",1,"Young"
"1814","142275","resources/real_fg_memory_images/fg22.jpg","Neutral",10,"artificial",1,"Young"
"1815","142275","resources/real_fg_memory_images/orig10.jpg","Scam",10,"real",1,"Young"
"1816","142275","resources/real_fg_memory_images/fg24.jpg","Neutral",8,"artificial",1,"Young"
"1817","142275","resources/real_fg_memory_images/fg27.jpg","Scam",10,"artificial",1,"Young"
"1818","142275","resources/real_fg_memory_images/fg23.jpg","Neutral",10,"artificial",1,"Young"
"1819","142275","resources/real_fg_memory_images/orig3.jpg","Neutral",10,"real",1,"Young"
"1820","142275","resources/real_fg_memory_images/orig8.jpg","Scam",10,"real",1,"Young"
"1821","142275","resources/real_fg_memory_images/fg20.jpg","Neutral",10,"artificial",1,"Young"
"1822","142275","resources/real_fg_memory_images/fg26.jpg","Scam",10,"artificial",1,"Young"
"1823","142275","resources/real_fg_memory_images/fg21.jpg","Neutral",10,"artificial",1,"Young"
"1824","164281","resources/real_fg_memory_images/orig8.jpg","Scam",9,"real",1,"Young"
"1825","164281","resources/real_fg_memory_images/fg27.jpg","Scam",5,"artificial",1,"Young"
"1826","164281","resources/real_fg_memory_images/orig10.jpg","Scam",4,"real",1,"Young"
"1827","164281","resources/real_fg_memory_images/orig6.jpg","Neutral",10,"real",1,"Young"
"1828","164281","resources/real_fg_memory_images/fg25.jpg","Scam",6,"artificial",1,"Young"
"1829","164281","resources/real_fg_memory_images/fg20.jpg","Neutral",3,"artificial",0,"Young"
"1830","164281","resources/real_fg_memory_images/fg22.jpg","Neutral",10,"artificial",0,"Young"
"1831","164281","resources/real_fg_memory_images/fg26.jpg","Scam",3,"artificial",1,"Young"
"1832","164281","resources/real_fg_memory_images/orig3.jpg","Neutral",9,"real",1,"Young"
"1833","164281","resources/real_fg_memory_images/orig2.jpg","Neutral",10,"real",1,"Young"
"1834","164281","resources/real_fg_memory_images/fg21.jpg","Neutral",1,"artificial",1,"Young"
"1835","164281","resources/real_fg_memory_images/orig4.jpg","Neutral",9,"real",1,"Young"
"1836","164281","resources/real_fg_memory_images/orig12.jpg","Scam",10,"real",1,"Young"
"1837","164281","resources/real_fg_memory_images/fg30.jpg","Scam",4,"artificial",1,"Young"
"1838","164281","resources/real_fg_memory_images/orig7.jpg","Scam",3,"real",1,"Young"
"1839","164281","resources/real_fg_memory_images/fg29.jpg","Scam",3,"artificial",0,"Young"
"1840","164281","resources/real_fg_memory_images/orig11.jpg","Scam",6,"real",0,"Young"
"1841","164281","resources/real_fg_memory_images/orig1.jpg","Neutral",8,"real",1,"Young"
"1842","164281","resources/real_fg_memory_images/fg23.jpg","Neutral",3,"artificial",0,"Young"
"1843","164281","resources/real_fg_memory_images/orig9.jpg","Scam",9,"real",1,"Young"
"1844","164281","resources/real_fg_memory_images/fg28.jpg","Scam",5,"artificial",1,"Young"
"1845","164281","resources/real_fg_memory_images/fg24.jpg","Neutral",3,"artificial",1,"Young"
"1846","164281","resources/real_fg_memory_images/fg19.jpg","Neutral",3,"artificial",0,"Young"
"1847","164281","resources/real_fg_memory_images/orig5.jpg","Neutral",4,"real",1,"Young"
"1848","234755","resources/real_fg_memory_images/orig9.jpg","Scam",10,"real",0,"Young"
"1849","234755","resources/real_fg_memory_images/orig6.jpg","Neutral",4,"real",1,"Young"
"1850","234755","resources/real_fg_memory_images/orig5.jpg","Neutral",10,"real",1,"Young"
"1851","234755","resources/real_fg_memory_images/fg29.jpg","Scam",4,"artificial",1,"Young"
"1852","234755","resources/real_fg_memory_images/fg24.jpg","Neutral",2,"artificial",0,"Young"
"1853","234755","resources/real_fg_memory_images/fg22.jpg","Neutral",10,"artificial",1,"Young"
"1854","234755","resources/real_fg_memory_images/fg19.jpg","Neutral",6,"artificial",1,"Young"
"1855","234755","resources/real_fg_memory_images/orig10.jpg","Scam",10,"real",1,"Young"
"1856","234755","resources/real_fg_memory_images/orig12.jpg","Scam",2,"real",0,"Young"
"1857","234755","resources/real_fg_memory_images/orig8.jpg","Scam",10,"real",1,"Young"
"1858","234755","resources/real_fg_memory_images/fg30.jpg","Scam",10,"artificial",1,"Young"
"1859","234755","resources/real_fg_memory_images/orig3.jpg","Neutral",3,"real",0,"Young"
"1860","234755","resources/real_fg_memory_images/orig1.jpg","Neutral",1,"real",0,"Young"
"1861","234755","resources/real_fg_memory_images/fg27.jpg","Scam",2,"artificial",1,"Young"
"1862","234755","resources/real_fg_memory_images/fg25.jpg","Scam",2,"artificial",0,"Young"
"1863","234755","resources/real_fg_memory_images/fg28.jpg","Scam",6,"artificial",0,"Young"
"1864","234755","resources/real_fg_memory_images/fg20.jpg","Neutral",2,"artificial",1,"Young"
"1865","234755","resources/real_fg_memory_images/orig2.jpg","Neutral",1,"real",0,"Young"
"1866","234755","resources/real_fg_memory_images/orig4.jpg","Neutral",3,"real",1,"Young"
"1867","234755","resources/real_fg_memory_images/orig7.jpg","Scam",10,"real",1,"Young"
"1868","234755","resources/real_fg_memory_images/fg26.jpg","Scam",2,"artificial",0,"Young"
"1869","234755","resources/real_fg_memory_images/orig11.jpg","Scam",4,"real",1,"Young"
"1870","234755","resources/real_fg_memory_images/fg23.jpg","Neutral",1,"artificial",1,"Young"
"1871","234755","resources/real_fg_memory_images/fg21.jpg","Neutral",4,"artificial",1,"Young"
"1872","264972","resources/real_fg_memory_images/orig12.jpg","Scam",9,"real",1,"Young"
"1873","264972","resources/real_fg_memory_images/fg22.jpg","Neutral",5,"artificial",0,"Young"
"1874","264972","resources/real_fg_memory_images/fg23.jpg","Neutral",1,"artificial",1,"Young"
"1875","264972","resources/real_fg_memory_images/fg29.jpg","Scam",6,"artificial",1,"Young"
"1876","264972","resources/real_fg_memory_images/orig1.jpg","Neutral",9,"real",0,"Young"
"1877","264972","resources/real_fg_memory_images/fg28.jpg","Scam",2,"artificial",1,"Young"
"1878","264972","resources/real_fg_memory_images/fg19.jpg","Neutral",2,"artificial",1,"Young"
"1879","264972","resources/real_fg_memory_images/fg21.jpg","Neutral",0,"artificial",1,"Young"
"1880","264972","resources/real_fg_memory_images/orig8.jpg","Scam",9,"real",1,"Young"
"1881","264972","resources/real_fg_memory_images/fg26.jpg","Scam",4,"artificial",1,"Young"
"1882","264972","resources/real_fg_memory_images/orig6.jpg","Neutral",2,"real",1,"Young"
"1883","264972","resources/real_fg_memory_images/fg20.jpg","Neutral",1,"artificial",1,"Young"
"1884","264972","resources/real_fg_memory_images/fg30.jpg","Scam",9,"artificial",1,"Young"
"1885","264972","resources/real_fg_memory_images/orig5.jpg","Neutral",2,"real",1,"Young"
"1886","264972","resources/real_fg_memory_images/orig3.jpg","Neutral",2,"real",0,"Young"
"1887","264972","resources/real_fg_memory_images/fg27.jpg","Scam",2,"artificial",1,"Young"
"1888","264972","resources/real_fg_memory_images/orig9.jpg","Scam",2,"real",0,"Young"
"1889","264972","resources/real_fg_memory_images/orig10.jpg","Scam",2,"real",1,"Young"
"1890","264972","resources/real_fg_memory_images/orig7.jpg","Scam",9,"real",1,"Young"
"1891","264972","resources/real_fg_memory_images/orig2.jpg","Neutral",2,"real",1,"Young"
"1892","264972","resources/real_fg_memory_images/orig4.jpg","Neutral",7,"real",1,"Young"
"1893","264972","resources/real_fg_memory_images/orig11.jpg","Scam",2,"real",0,"Young"
"1894","264972","resources/real_fg_memory_images/fg25.jpg","Scam",1,"artificial",0,"Young"
"1895","264972","resources/real_fg_memory_images/fg24.jpg","Neutral",1,"artificial",1,"Young"
"1896","337202","resources/real_fg_memory_images/orig3.jpg","Neutral",7,"real",1,"Young"
"1897","337202","resources/real_fg_memory_images/fg25.jpg","Scam",6,"artificial",0,"Young"
"1898","337202","resources/real_fg_memory_images/fg22.jpg","Neutral",6,"artificial",1,"Young"
"1899","337202","resources/real_fg_memory_images/fg23.jpg","Neutral",4,"artificial",0,"Young"
"1900","337202","resources/real_fg_memory_images/orig6.jpg","Neutral",3,"real",0,"Young"
"1901","337202","resources/real_fg_memory_images/orig8.jpg","Scam",8,"real",1,"Young"
"1902","337202","resources/real_fg_memory_images/fg20.jpg","Neutral",2,"artificial",0,"Young"
"1903","337202","resources/real_fg_memory_images/fg29.jpg","Scam",2,"artificial",1,"Young"
"1904","337202","resources/real_fg_memory_images/orig7.jpg","Scam",4,"real",1,"Young"
"1905","337202","resources/real_fg_memory_images/orig10.jpg","Scam",5,"real",0,"Young"
"1906","337202","resources/real_fg_memory_images/fg27.jpg","Scam",2,"artificial",1,"Young"
"1907","337202","resources/real_fg_memory_images/fg24.jpg","Neutral",2,"artificial",0,"Young"
"1908","337202","resources/real_fg_memory_images/fg19.jpg","Neutral",2,"artificial",0,"Young"
"1909","337202","resources/real_fg_memory_images/fg21.jpg","Neutral",2,"artificial",0,"Young"
"1910","337202","resources/real_fg_memory_images/orig5.jpg","Neutral",2,"real",1,"Young"
"1911","337202","resources/real_fg_memory_images/orig2.jpg","Neutral",5,"real",1,"Young"
"1912","337202","resources/real_fg_memory_images/orig12.jpg","Scam",4,"real",1,"Young"
"1913","337202","resources/real_fg_memory_images/orig11.jpg","Scam",2,"real",0,"Young"
"1914","337202","resources/real_fg_memory_images/fg30.jpg","Scam",2,"artificial",1,"Young"
"1915","337202","resources/real_fg_memory_images/fg28.jpg","Scam",2,"artificial",0,"Young"
"1916","337202","resources/real_fg_memory_images/orig1.jpg","Neutral",5,"real",1,"Young"
"1917","337202","resources/real_fg_memory_images/orig9.jpg","Scam",5,"real",0,"Young"
"1918","337202","resources/real_fg_memory_images/orig4.jpg","Neutral",5,"real",0,"Young"
"1919","337202","resources/real_fg_memory_images/fg26.jpg","Scam",5,"artificial",1,"Young"
"1920","369609","resources/real_fg_memory_images/orig12.jpg","Scam",5,"real",1,"Young"
"1921","369609","resources/real_fg_memory_images/orig7.jpg","Scam",7,"real",1,"Young"
"1922","369609","resources/real_fg_memory_images/orig6.jpg","Neutral",6,"real",1,"Young"
"1923","369609","resources/real_fg_memory_images/fg30.jpg","Scam",5,"artificial",1,"Young"
"1924","369609","resources/real_fg_memory_images/fg26.jpg","Scam",5,"artificial",1,"Young"
"1925","369609","resources/real_fg_memory_images/fg25.jpg","Scam",5,"artificial",1,"Young"
"1926","369609","resources/real_fg_memory_images/fg29.jpg","Scam",5,"artificial",1,"Young"
"1927","369609","resources/real_fg_memory_images/orig11.jpg","Scam",3,"real",1,"Young"
"1928","369609","resources/real_fg_memory_images/orig3.jpg","Neutral",9,"real",1,"Young"
"1929","369609","resources/real_fg_memory_images/fg21.jpg","Neutral",3,"artificial",1,"Young"
"1930","369609","resources/real_fg_memory_images/orig4.jpg","Neutral",5,"real",0,"Young"
"1931","369609","resources/real_fg_memory_images/orig9.jpg","Scam",6,"real",0,"Young"
"1932","369609","resources/real_fg_memory_images/orig8.jpg","Scam",4,"real",0,"Young"
"1933","369609","resources/real_fg_memory_images/orig2.jpg","Neutral",5,"real",0,"Young"
"1934","369609","resources/real_fg_memory_images/fg20.jpg","Neutral",5,"artificial",0,"Young"
"1935","369609","resources/real_fg_memory_images/orig1.jpg","Neutral",5,"real",0,"Young"
"1936","369609","resources/real_fg_memory_images/fg19.jpg","Neutral",6,"artificial",0,"Young"
"1937","369609","resources/real_fg_memory_images/fg27.jpg","Scam",5,"artificial",1,"Young"
"1938","369609","resources/real_fg_memory_images/orig10.jpg","Scam",4,"real",1,"Young"
"1939","369609","resources/real_fg_memory_images/fg22.jpg","Neutral",8,"artificial",1,"Young"
"1940","369609","resources/real_fg_memory_images/fg28.jpg","Scam",5,"artificial",1,"Young"
"1941","369609","resources/real_fg_memory_images/orig5.jpg","Neutral",4,"real",0,"Young"
"1942","369609","resources/real_fg_memory_images/fg24.jpg","Neutral",4,"artificial",0,"Young"
"1943","369609","resources/real_fg_memory_images/fg23.jpg","Neutral",4,"artificial",0,"Young"
"1944","419409","resources/real_fg_memory_images/fg23.jpg","Neutral",2,"artificial",0,"Young"
"1945","419409","resources/real_fg_memory_images/fg25.jpg","Scam",4,"artificial",0,"Young"
"1946","419409","resources/real_fg_memory_images/orig8.jpg","Scam",10,"real",1,"Young"
"1947","419409","resources/real_fg_memory_images/fg26.jpg","Scam",10,"artificial",1,"Young"
"1948","419409","resources/real_fg_memory_images/orig10.jpg","Scam",10,"real",1,"Young"
"1949","419409","resources/real_fg_memory_images/fg21.jpg","Neutral",7,"artificial",1,"Young"
"1950","419409","resources/real_fg_memory_images/orig11.jpg","Scam",9,"real",1,"Young"
"1951","419409","resources/real_fg_memory_images/orig6.jpg","Neutral",7,"real",1,"Young"
"1952","419409","resources/real_fg_memory_images/fg28.jpg","Scam",5,"artificial",0,"Young"
"1953","419409","resources/real_fg_memory_images/fg29.jpg","Scam",10,"artificial",1,"Young"
"1954","419409","resources/real_fg_memory_images/orig12.jpg","Scam",4,"real",1,"Young"
"1955","419409","resources/real_fg_memory_images/orig7.jpg","Scam",10,"real",1,"Young"
"1956","419409","resources/real_fg_memory_images/orig3.jpg","Neutral",10,"real",1,"Young"
"1957","419409","resources/real_fg_memory_images/orig5.jpg","Neutral",10,"real",1,"Young"
"1958","419409","resources/real_fg_memory_images/orig2.jpg","Neutral",10,"real",1,"Young"
"1959","419409","resources/real_fg_memory_images/fg19.jpg","Neutral",9,"artificial",0,"Young"
"1960","419409","resources/real_fg_memory_images/fg22.jpg","Neutral",8,"artificial",1,"Young"
"1961","419409","resources/real_fg_memory_images/orig1.jpg","Neutral",4,"real",0,"Young"
"1962","419409","resources/real_fg_memory_images/fg27.jpg","Scam",9,"artificial",1,"Young"
"1963","419409","resources/real_fg_memory_images/orig4.jpg","Neutral",4,"real",1,"Young"
"1964","419409","resources/real_fg_memory_images/orig9.jpg","Scam",6,"real",0,"Young"
"1965","419409","resources/real_fg_memory_images/fg24.jpg","Neutral",7,"artificial",1,"Young"
"1966","419409","resources/real_fg_memory_images/fg20.jpg","Neutral",10,"artificial",1,"Young"
"1967","419409","resources/real_fg_memory_images/fg30.jpg","Scam",3,"artificial",0,"Young"
"1968","452251","resources/real_fg_memory_images/fg29.jpg","Scam",5,"artificial",1,"Young"
"1969","452251","resources/real_fg_memory_images/orig5.jpg","Neutral",7,"real",1,"Young"
"1970","452251","resources/real_fg_memory_images/fg20.jpg","Neutral",4,"artificial",1,"Young"
"1971","452251","resources/real_fg_memory_images/fg30.jpg","Scam",8,"artificial",0,"Young"
"1972","452251","resources/real_fg_memory_images/fg21.jpg","Neutral",8,"artificial",1,"Young"
"1973","452251","resources/real_fg_memory_images/orig2.jpg","Neutral",5,"real",1,"Young"
"1974","452251","resources/real_fg_memory_images/fg26.jpg","Scam",10,"artificial",1,"Young"
"1975","452251","resources/real_fg_memory_images/orig3.jpg","Neutral",6,"real",1,"Young"
"1976","452251","resources/real_fg_memory_images/fg28.jpg","Scam",6,"artificial",1,"Young"
"1977","452251","resources/real_fg_memory_images/fg24.jpg","Neutral",7,"artificial",1,"Young"
"1978","452251","resources/real_fg_memory_images/fg25.jpg","Scam",4,"artificial",0,"Young"
"1979","452251","resources/real_fg_memory_images/fg27.jpg","Scam",10,"artificial",1,"Young"
"1980","452251","resources/real_fg_memory_images/fg23.jpg","Neutral",4,"artificial",1,"Young"
"1981","452251","resources/real_fg_memory_images/orig4.jpg","Neutral",7,"real",1,"Young"
"1982","452251","resources/real_fg_memory_images/orig7.jpg","Scam",7,"real",0,"Young"
"1983","452251","resources/real_fg_memory_images/orig8.jpg","Scam",10,"real",1,"Young"
"1984","452251","resources/real_fg_memory_images/orig12.jpg","Scam",6,"real",0,"Young"
"1985","452251","resources/real_fg_memory_images/fg19.jpg","Neutral",4,"artificial",1,"Young"
"1986","452251","resources/real_fg_memory_images/fg22.jpg","Neutral",9,"artificial",1,"Young"
"1987","452251","resources/real_fg_memory_images/orig9.jpg","Scam",8,"real",0,"Young"
"1988","452251","resources/real_fg_memory_images/orig11.jpg","Scam",6,"real",0,"Young"
"1989","452251","resources/real_fg_memory_images/orig6.jpg","Neutral",6,"real",1,"Young"
"1990","452251","resources/real_fg_memory_images/orig10.jpg","Scam",10,"real",1,"Young"
"1991","452251","resources/real_fg_memory_images/orig1.jpg","Neutral",3,"real",1,"Young"
"1992","464935","resources/real_fg_memory_images/orig8.jpg","Scam",10,"real",1,"Young"
"1993","464935","resources/real_fg_memory_images/orig10.jpg","Scam",10,"real",1,"Young"
"1994","464935","resources/real_fg_memory_images/fg25.jpg","Scam",10,"artificial",1,"Young"
"1995","464935","resources/real_fg_memory_images/fg20.jpg","Neutral",10,"artificial",0,"Young"
"1996","464935","resources/real_fg_memory_images/fg19.jpg","Neutral",10,"artificial",1,"Young"
"1997","464935","resources/real_fg_memory_images/orig9.jpg","Scam",5,"real",1,"Young"
"1998","464935","resources/real_fg_memory_images/orig4.jpg","Neutral",10,"real",1,"Young"
"1999","464935","resources/real_fg_memory_images/orig2.jpg","Neutral",10,"real",0,"Young"
"2000","464935","resources/real_fg_memory_images/orig1.jpg","Neutral",5,"real",1,"Young"
"2001","464935","resources/real_fg_memory_images/orig7.jpg","Scam",10,"real",1,"Young"
"2002","464935","resources/real_fg_memory_images/orig3.jpg","Neutral",10,"real",1,"Young"
"2003","464935","resources/real_fg_memory_images/fg29.jpg","Scam",6,"artificial",1,"Young"
"2004","464935","resources/real_fg_memory_images/fg30.jpg","Scam",10,"artificial",1,"Young"
"2005","464935","resources/real_fg_memory_images/orig6.jpg","Neutral",10,"real",1,"Young"
"2006","464935","resources/real_fg_memory_images/fg22.jpg","Neutral",10,"artificial",1,"Young"
"2007","464935","resources/real_fg_memory_images/fg24.jpg","Neutral",5,"artificial",0,"Young"
"2008","464935","resources/real_fg_memory_images/fg23.jpg","Neutral",10,"artificial",1,"Young"
"2009","464935","resources/real_fg_memory_images/fg26.jpg","Scam",5,"artificial",1,"Young"
"2010","464935","resources/real_fg_memory_images/fg21.jpg","Neutral",5,"artificial",0,"Young"
"2011","464935","resources/real_fg_memory_images/orig12.jpg","Scam",10,"real",1,"Young"
"2012","464935","resources/real_fg_memory_images/fg28.jpg","Scam",5,"artificial",0,"Young"
"2013","464935","resources/real_fg_memory_images/orig11.jpg","Scam",10,"real",1,"Young"
"2014","464935","resources/real_fg_memory_images/orig5.jpg","Neutral",5,"real",0,"Young"
"2015","464935","resources/real_fg_memory_images/fg27.jpg","Scam",5,"artificial",1,"Young"
"2016","478757","resources/real_fg_memory_images/orig11.jpg","Scam",10,"real",1,"Young"
"2017","478757","resources/real_fg_memory_images/orig6.jpg","Neutral",5,"real",1,"Young"
"2018","478757","resources/real_fg_memory_images/fg30.jpg","Scam",10,"artificial",1,"Young"
"2019","478757","resources/real_fg_memory_images/orig1.jpg","Neutral",3,"real",1,"Young"
"2020","478757","resources/real_fg_memory_images/fg19.jpg","Neutral",2,"artificial",0,"Young"
"2021","478757","resources/real_fg_memory_images/fg27.jpg","Scam",10,"artificial",1,"Young"
"2022","478757","resources/real_fg_memory_images/fg28.jpg","Scam",2,"artificial",0,"Young"
"2023","478757","resources/real_fg_memory_images/orig3.jpg","Neutral",4,"real",1,"Young"
"2024","478757","resources/real_fg_memory_images/orig2.jpg","Neutral",8,"real",1,"Young"
"2025","478757","resources/real_fg_memory_images/fg21.jpg","Neutral",6,"artificial",0,"Young"
"2026","478757","resources/real_fg_memory_images/orig4.jpg","Neutral",8,"real",0,"Young"
"2027","478757","resources/real_fg_memory_images/orig12.jpg","Scam",10,"real",1,"Young"
"2028","478757","resources/real_fg_memory_images/orig10.jpg","Scam",10,"real",1,"Young"
"2029","478757","resources/real_fg_memory_images/fg29.jpg","Scam",7,"artificial",1,"Young"
"2030","478757","resources/real_fg_memory_images/fg24.jpg","Neutral",0,"artificial",1,"Young"
"2031","478757","resources/real_fg_memory_images/orig7.jpg","Scam",10,"real",1,"Young"
"2032","478757","resources/real_fg_memory_images/fg23.jpg","Neutral",0,"artificial",1,"Young"
"2033","478757","resources/real_fg_memory_images/fg26.jpg","Scam",6,"artificial",0,"Young"
"2034","478757","resources/real_fg_memory_images/fg22.jpg","Neutral",2,"artificial",1,"Young"
"2035","478757","resources/real_fg_memory_images/orig8.jpg","Scam",10,"real",1,"Young"
"2036","478757","resources/real_fg_memory_images/fg20.jpg","Neutral",1,"artificial",1,"Young"
"2037","478757","resources/real_fg_memory_images/fg25.jpg","Scam",1,"artificial",1,"Young"
"2038","478757","resources/real_fg_memory_images/orig9.jpg","Scam",1,"real",0,"Young"
"2039","478757","resources/real_fg_memory_images/orig5.jpg","Neutral",1,"real",1,"Young"
"2040","527939","resources/real_fg_memory_images/fg26.jpg","Scam",2,"artificial",0,"Young"
"2041","527939","resources/real_fg_memory_images/fg20.jpg","Neutral",5,"artificial",1,"Young"
"2042","527939","resources/real_fg_memory_images/orig11.jpg","Scam",9,"real",1,"Young"
"2043","527939","resources/real_fg_memory_images/fg19.jpg","Neutral",8,"artificial",1,"Young"
"2044","527939","resources/real_fg_memory_images/fg24.jpg","Neutral",8,"artificial",1,"Young"
"2045","527939","resources/real_fg_memory_images/orig1.jpg","Neutral",9,"real",0,"Young"
"2046","527939","resources/real_fg_memory_images/orig4.jpg","Neutral",10,"real",1,"Young"
"2047","527939","resources/real_fg_memory_images/fg22.jpg","Neutral",10,"artificial",1,"Young"
"2048","527939","resources/real_fg_memory_images/orig10.jpg","Scam",6,"real",1,"Young"
"2049","527939","resources/real_fg_memory_images/orig9.jpg","Scam",10,"real",1,"Young"
"2050","527939","resources/real_fg_memory_images/orig3.jpg","Neutral",10,"real",1,"Young"
"2051","527939","resources/real_fg_memory_images/orig2.jpg","Neutral",7,"real",1,"Young"
"2052","527939","resources/real_fg_memory_images/fg23.jpg","Neutral",5,"artificial",1,"Young"
"2053","527939","resources/real_fg_memory_images/fg27.jpg","Scam",10,"artificial",1,"Young"
"2054","527939","resources/real_fg_memory_images/fg29.jpg","Scam",10,"artificial",1,"Young"
"2055","527939","resources/real_fg_memory_images/fg21.jpg","Neutral",5,"artificial",1,"Young"
"2056","527939","resources/real_fg_memory_images/fg30.jpg","Scam",2,"artificial",0,"Young"
"2057","527939","resources/real_fg_memory_images/fg28.jpg","Scam",3,"artificial",1,"Young"
"2058","527939","resources/real_fg_memory_images/orig12.jpg","Scam",6,"real",1,"Young"
"2059","527939","resources/real_fg_memory_images/orig7.jpg","Scam",2,"real",0,"Young"
"2060","527939","resources/real_fg_memory_images/fg25.jpg","Scam",5,"artificial",0,"Young"
"2061","527939","resources/real_fg_memory_images/orig8.jpg","Scam",10,"real",1,"Young"
"2062","527939","resources/real_fg_memory_images/orig5.jpg","Neutral",10,"real",1,"Young"
"2063","527939","resources/real_fg_memory_images/orig6.jpg","Neutral",4,"real",0,"Young"
"2064","593259","resources/real_fg_memory_images/orig3.jpg","Neutral",5,"real",1,"Young"
"2065","593259","resources/real_fg_memory_images/orig1.jpg","Neutral",2,"real",0,"Young"
"2066","593259","resources/real_fg_memory_images/orig12.jpg","Scam",8,"real",1,"Young"
"2067","593259","resources/real_fg_memory_images/orig10.jpg","Scam",7,"real",0,"Young"
"2068","593259","resources/real_fg_memory_images/fg23.jpg","Neutral",8,"artificial",0,"Young"
"2069","593259","resources/real_fg_memory_images/orig9.jpg","Scam",8,"real",1,"Young"
"2070","593259","resources/real_fg_memory_images/orig11.jpg","Scam",9,"real",0,"Young"
"2071","593259","resources/real_fg_memory_images/orig4.jpg","Neutral",9,"real",1,"Young"
"2072","593259","resources/real_fg_memory_images/fg29.jpg","Scam",7,"artificial",1,"Young"
"2073","593259","resources/real_fg_memory_images/orig8.jpg","Scam",10,"real",1,"Young"
"2074","593259","resources/real_fg_memory_images/fg19.jpg","Neutral",7,"artificial",0,"Young"
"2075","593259","resources/real_fg_memory_images/fg22.jpg","Neutral",7,"artificial",0,"Young"
"2076","593259","resources/real_fg_memory_images/fg20.jpg","Neutral",7,"artificial",1,"Young"
"2077","593259","resources/real_fg_memory_images/orig7.jpg","Scam",10,"real",1,"Young"
"2078","593259","resources/real_fg_memory_images/fg25.jpg","Scam",6,"artificial",1,"Young"
"2079","593259","resources/real_fg_memory_images/orig5.jpg","Neutral",6,"real",0,"Young"
"2080","593259","resources/real_fg_memory_images/fg27.jpg","Scam",9,"artificial",1,"Young"
"2081","593259","resources/real_fg_memory_images/fg21.jpg","Neutral",3,"artificial",1,"Young"
"2082","593259","resources/real_fg_memory_images/orig6.jpg","Neutral",10,"real",1,"Young"
"2083","593259","resources/real_fg_memory_images/orig2.jpg","Neutral",10,"real",1,"Young"
"2084","593259","resources/real_fg_memory_images/fg26.jpg","Scam",3,"artificial",0,"Young"
"2085","593259","resources/real_fg_memory_images/fg28.jpg","Scam",5,"artificial",1,"Young"
"2086","593259","resources/real_fg_memory_images/fg30.jpg","Scam",5,"artificial",0,"Young"
"2087","593259","resources/real_fg_memory_images/fg24.jpg","Neutral",5,"artificial",0,"Young"
"2088","703548","resources/real_fg_memory_images/orig11.jpg","Scam",3,"real",1,"Young"
"2089","703548","resources/real_fg_memory_images/orig7.jpg","Scam",10,"real",1,"Young"
"2090","703548","resources/real_fg_memory_images/fg24.jpg","Neutral",5,"artificial",1,"Young"
"2091","703548","resources/real_fg_memory_images/fg22.jpg","Neutral",0,"artificial",1,"Young"
"2092","703548","resources/real_fg_memory_images/orig12.jpg","Scam",5,"real",0,"Young"
"2093","703548","resources/real_fg_memory_images/orig3.jpg","Neutral",10,"real",1,"Young"
"2094","703548","resources/real_fg_memory_images/orig1.jpg","Neutral",10,"real",1,"Young"
"2095","703548","resources/real_fg_memory_images/fg28.jpg","Scam",10,"artificial",0,"Young"
"2096","703548","resources/real_fg_memory_images/fg19.jpg","Neutral",10,"artificial",1,"Young"
"2097","703548","resources/real_fg_memory_images/fg25.jpg","Scam",10,"artificial",0,"Young"
"2098","703548","resources/real_fg_memory_images/fg20.jpg","Neutral",10,"artificial",1,"Young"
"2099","703548","resources/real_fg_memory_images/orig5.jpg","Neutral",10,"real",0,"Young"
"2100","703548","resources/real_fg_memory_images/fg30.jpg","Scam",10,"artificial",0,"Young"
"2101","703548","resources/real_fg_memory_images/orig10.jpg","Scam",10,"real",1,"Young"
"2102","703548","resources/real_fg_memory_images/orig6.jpg","Neutral",5,"real",1,"Young"
"2103","703548","resources/real_fg_memory_images/fg21.jpg","Neutral",5,"artificial",0,"Young"
"2104","703548","resources/real_fg_memory_images/fg27.jpg","Scam",5,"artificial",1,"Young"
"2105","703548","resources/real_fg_memory_images/orig9.jpg","Scam",5,"real",1,"Young"
"2106","703548","resources/real_fg_memory_images/orig4.jpg","Neutral",5,"real",1,"Young"
"2107","703548","resources/real_fg_memory_images/orig8.jpg","Scam",10,"real",1,"Young"
"2108","703548","resources/real_fg_memory_images/fg29.jpg","Scam",10,"artificial",1,"Young"
"2109","703548","resources/real_fg_memory_images/fg26.jpg","Scam",10,"artificial",1,"Young"
"2110","703548","resources/real_fg_memory_images/fg23.jpg","Neutral",10,"artificial",1,"Young"
"2111","703548","resources/real_fg_memory_images/orig2.jpg","Neutral",10,"real",1,"Young"
"2112","776792","resources/real_fg_memory_images/orig9.jpg","Scam",5,"real",0,"Young"
"2113","776792","resources/real_fg_memory_images/orig10.jpg","Scam",5,"real",0,"Young"
"2114","776792","resources/real_fg_memory_images/fg29.jpg","Scam",7,"artificial",1,"Young"
"2115","776792","resources/real_fg_memory_images/orig6.jpg","Neutral",5,"real",1,"Young"
"2116","776792","resources/real_fg_memory_images/fg22.jpg","Neutral",5,"artificial",0,"Young"
"2117","776792","resources/real_fg_memory_images/fg19.jpg","Neutral",5,"artificial",1,"Young"
"2118","776792","resources/real_fg_memory_images/fg20.jpg","Neutral",5,"artificial",1,"Young"
"2119","776792","resources/real_fg_memory_images/fg24.jpg","Neutral",5,"artificial",1,"Young"
"2120","776792","resources/real_fg_memory_images/orig11.jpg","Scam",3,"real",0,"Young"
"2121","776792","resources/real_fg_memory_images/orig1.jpg","Neutral",6,"real",1,"Young"
"2122","776792","resources/real_fg_memory_images/orig8.jpg","Scam",7,"real",1,"Young"
"2123","776792","resources/real_fg_memory_images/fg28.jpg","Scam",7,"artificial",1,"Young"
"2124","776792","resources/real_fg_memory_images/orig4.jpg","Neutral",5,"real",0,"Young"
"2125","776792","resources/real_fg_memory_images/orig5.jpg","Neutral",5,"real",1,"Young"
"2126","776792","resources/real_fg_memory_images/fg26.jpg","Scam",8,"artificial",1,"Young"
"2127","776792","resources/real_fg_memory_images/orig3.jpg","Neutral",6,"real",1,"Young"
"2128","776792","resources/real_fg_memory_images/fg21.jpg","Neutral",6,"artificial",0,"Young"
"2129","776792","resources/real_fg_memory_images/fg27.jpg","Scam",8,"artificial",1,"Young"
"2130","776792","resources/real_fg_memory_images/fg30.jpg","Scam",7,"artificial",0,"Young"
"2131","776792","resources/real_fg_memory_images/fg25.jpg","Scam",7,"artificial",0,"Young"
"2132","776792","resources/real_fg_memory_images/orig2.jpg","Neutral",10,"real",1,"Young"
"2133","776792","resources/real_fg_memory_images/orig12.jpg","Scam",9,"real",0,"Young"
"2134","776792","resources/real_fg_memory_images/fg23.jpg","Neutral",7,"artificial",1,"Young"
"2135","776792","resources/real_fg_memory_images/orig7.jpg","Scam",6,"real",0,"Young"
"2136","784447","resources/real_fg_memory_images/orig4.jpg","Neutral",5,"real",1,"Young"
"2137","784447","resources/real_fg_memory_images/fg28.jpg","Scam",8,"artificial",1,"Young"
"2138","784447","resources/real_fg_memory_images/fg21.jpg","Neutral",10,"artificial",1,"Young"
"2139","784447","resources/real_fg_memory_images/orig12.jpg","Scam",10,"real",1,"Young"
"2140","784447","resources/real_fg_memory_images/orig7.jpg","Scam",3,"real",1,"Young"
"2141","784447","resources/real_fg_memory_images/orig10.jpg","Scam",10,"real",1,"Young"
"2142","784447","resources/real_fg_memory_images/orig3.jpg","Neutral",8,"real",1,"Young"
"2143","784447","resources/real_fg_memory_images/orig1.jpg","Neutral",6,"real",0,"Young"
"2144","784447","resources/real_fg_memory_images/fg24.jpg","Neutral",5,"artificial",1,"Young"
"2145","784447","resources/real_fg_memory_images/fg27.jpg","Scam",6,"artificial",1,"Young"
"2146","784447","resources/real_fg_memory_images/orig5.jpg","Neutral",8,"real",1,"Young"
"2147","784447","resources/real_fg_memory_images/orig2.jpg","Neutral",10,"real",1,"Young"
"2148","784447","resources/real_fg_memory_images/fg23.jpg","Neutral",10,"artificial",0,"Young"
"2149","784447","resources/real_fg_memory_images/orig9.jpg","Scam",10,"real",1,"Young"
"2150","784447","resources/real_fg_memory_images/fg22.jpg","Neutral",8,"artificial",0,"Young"
"2151","784447","resources/real_fg_memory_images/orig6.jpg","Neutral",7,"real",1,"Young"
"2152","784447","resources/real_fg_memory_images/fg25.jpg","Scam",8,"artificial",1,"Young"
"2153","784447","resources/real_fg_memory_images/orig8.jpg","Scam",10,"real",1,"Young"
"2154","784447","resources/real_fg_memory_images/orig11.jpg","Scam",7,"real",1,"Young"
"2155","784447","resources/real_fg_memory_images/fg30.jpg","Scam",8,"artificial",0,"Young"
"2156","784447","resources/real_fg_memory_images/fg26.jpg","Scam",8,"artificial",1,"Young"
"2157","784447","resources/real_fg_memory_images/fg20.jpg","Neutral",7,"artificial",0,"Young"
"2158","784447","resources/real_fg_memory_images/fg19.jpg","Neutral",9,"artificial",1,"Young"
"2159","784447","resources/real_fg_memory_images/fg29.jpg","Scam",10,"artificial",1,"Young"
"2160","854895","resources/real_fg_memory_images/orig5.jpg","Neutral",4,"real",1,"Young"
"2161","854895","resources/real_fg_memory_images/orig9.jpg","Scam",6,"real",1,"Young"
"2162","854895","resources/real_fg_memory_images/orig12.jpg","Scam",9,"real",1,"Young"
"2163","854895","resources/real_fg_memory_images/fg24.jpg","Neutral",2,"artificial",1,"Young"
"2164","854895","resources/real_fg_memory_images/fg25.jpg","Scam",1,"artificial",1,"Young"
"2165","854895","resources/real_fg_memory_images/orig11.jpg","Scam",3,"real",0,"Young"
"2166","854895","resources/real_fg_memory_images/orig3.jpg","Neutral",9,"real",1,"Young"
"2167","854895","resources/real_fg_memory_images/fg20.jpg","Neutral",3,"artificial",0,"Young"
"2168","854895","resources/real_fg_memory_images/orig2.jpg","Neutral",7,"real",1,"Young"
"2169","854895","resources/real_fg_memory_images/fg29.jpg","Scam",6,"artificial",0,"Young"
"2170","854895","resources/real_fg_memory_images/fg26.jpg","Scam",9,"artificial",1,"Young"
"2171","854895","resources/real_fg_memory_images/fg30.jpg","Scam",8,"artificial",1,"Young"
"2172","854895","resources/real_fg_memory_images/orig8.jpg","Scam",5,"real",0,"Young"
"2173","854895","resources/real_fg_memory_images/fg21.jpg","Neutral",7,"artificial",0,"Young"
"2174","854895","resources/real_fg_memory_images/orig7.jpg","Scam",8,"real",1,"Young"
"2175","854895","resources/real_fg_memory_images/orig10.jpg","Scam",3,"real",0,"Young"
"2176","854895","resources/real_fg_memory_images/orig4.jpg","Neutral",8,"real",1,"Young"
"2177","854895","resources/real_fg_memory_images/fg23.jpg","Neutral",2,"artificial",1,"Young"
"2178","854895","resources/real_fg_memory_images/orig1.jpg","Neutral",8,"real",1,"Young"
"2179","854895","resources/real_fg_memory_images/fg19.jpg","Neutral",1,"artificial",1,"Young"
"2180","854895","resources/real_fg_memory_images/fg28.jpg","Scam",7,"artificial",0,"Young"
"2181","854895","resources/real_fg_memory_images/fg27.jpg","Scam",3,"artificial",1,"Young"
"2182","854895","resources/real_fg_memory_images/orig6.jpg","Neutral",7,"real",0,"Young"
"2183","854895","resources/real_fg_memory_images/fg22.jpg","Neutral",5,"artificial",1,"Young"
"2184","870305","resources/real_fg_memory_images/fg25.jpg","Scam",2,"artificial",0,"Young"
"2185","870305","resources/real_fg_memory_images/fg21.jpg","Neutral",2,"artificial",1,"Young"
"2186","870305","resources/real_fg_memory_images/orig1.jpg","Neutral",8,"real",1,"Young"
"2187","870305","resources/real_fg_memory_images/fg23.jpg","Neutral",2,"artificial",0,"Young"
"2188","870305","resources/real_fg_memory_images/orig4.jpg","Neutral",5,"real",1,"Young"
"2189","870305","resources/real_fg_memory_images/orig12.jpg","Scam",6,"real",1,"Young"
"2190","870305","resources/real_fg_memory_images/orig5.jpg","Neutral",4,"real",0,"Young"
"2191","870305","resources/real_fg_memory_images/orig11.jpg","Scam",2,"real",0,"Young"
"2192","870305","resources/real_fg_memory_images/orig7.jpg","Scam",7,"real",1,"Young"
"2193","870305","resources/real_fg_memory_images/fg26.jpg","Scam",5,"artificial",0,"Young"
"2194","870305","resources/real_fg_memory_images/orig9.jpg","Scam",2,"real",0,"Young"
"2195","870305","resources/real_fg_memory_images/orig6.jpg","Neutral",2,"real",1,"Young"
"2196","870305","resources/real_fg_memory_images/fg24.jpg","Neutral",5,"artificial",0,"Young"
"2197","870305","resources/real_fg_memory_images/orig2.jpg","Neutral",2,"real",1,"Young"
"2198","870305","resources/real_fg_memory_images/orig10.jpg","Scam",2,"real",0,"Young"
"2199","870305","resources/real_fg_memory_images/orig3.jpg","Neutral",2,"real",0,"Young"
"2200","870305","resources/real_fg_memory_images/fg27.jpg","Scam",5,"artificial",1,"Young"
"2201","870305","resources/real_fg_memory_images/fg28.jpg","Scam",1,"artificial",1,"Young"
"2202","870305","resources/real_fg_memory_images/fg29.jpg","Scam",2,"artificial",0,"Young"
"2203","870305","resources/real_fg_memory_images/fg22.jpg","Neutral",8,"artificial",1,"Young"
"2204","870305","resources/real_fg_memory_images/fg20.jpg","Neutral",1,"artificial",1,"Young"
"2205","870305","resources/real_fg_memory_images/fg30.jpg","Scam",2,"artificial",0,"Young"
"2206","870305","resources/real_fg_memory_images/fg19.jpg","Neutral",2,"artificial",1,"Young"
"2207","870305","resources/real_fg_memory_images/orig8.jpg","Scam",3,"real",1,"Young"
"2208","877512","resources/real_fg_memory_images/orig9.jpg","Scam",0,"real",0,"Young"
"2209","877512","resources/real_fg_memory_images/orig8.jpg","Scam",9,"real",1,"Young"
"2210","877512","resources/real_fg_memory_images/fg23.jpg","Neutral",5,"artificial",1,"Young"
"2211","877512","resources/real_fg_memory_images/fg27.jpg","Scam",0,"artificial",0,"Young"
"2212","877512","resources/real_fg_memory_images/orig6.jpg","Neutral",10,"real",1,"Young"
"2213","877512","resources/real_fg_memory_images/fg30.jpg","Scam",10,"artificial",1,"Young"
"2214","877512","resources/real_fg_memory_images/fg28.jpg","Scam",10,"artificial",1,"Young"
"2215","877512","resources/real_fg_memory_images/orig3.jpg","Neutral",10,"real",1,"Young"
"2216","877512","resources/real_fg_memory_images/orig2.jpg","Neutral",5,"real",0,"Young"
"2217","877512","resources/real_fg_memory_images/fg24.jpg","Neutral",6,"artificial",0,"Young"
"2218","877512","resources/real_fg_memory_images/fg20.jpg","Neutral",8,"artificial",1,"Young"
"2219","877512","resources/real_fg_memory_images/fg21.jpg","Neutral",0,"artificial",0,"Young"
"2220","877512","resources/real_fg_memory_images/orig11.jpg","Scam",0,"real",0,"Young"
"2221","877512","resources/real_fg_memory_images/fg22.jpg","Neutral",0,"artificial",1,"Young"
"2222","877512","resources/real_fg_memory_images/fg25.jpg","Scam",10,"artificial",1,"Young"
"2223","877512","resources/real_fg_memory_images/fg19.jpg","Neutral",10,"artificial",0,"Young"
"2224","877512","resources/real_fg_memory_images/fg29.jpg","Scam",8,"artificial",1,"Young"
"2225","877512","resources/real_fg_memory_images/fg26.jpg","Scam",0,"artificial",0,"Young"
"2226","877512","resources/real_fg_memory_images/orig10.jpg","Scam",10,"real",1,"Young"
"2227","877512","resources/real_fg_memory_images/orig4.jpg","Neutral",8,"real",1,"Young"
"2228","877512","resources/real_fg_memory_images/orig12.jpg","Scam",10,"real",1,"Young"
"2229","877512","resources/real_fg_memory_images/orig7.jpg","Scam",0,"real",0,"Young"
"2230","877512","resources/real_fg_memory_images/orig5.jpg","Neutral",10,"real",1,"Young"
"2231","877512","resources/real_fg_memory_images/orig1.jpg","Neutral",0,"real",0,"Young"
"2232","886554","resources/real_fg_memory_images/fg29.jpg","Scam",8,"artificial",1,"Young"
"2233","886554","resources/real_fg_memory_images/orig5.jpg","Neutral",10,"real",1,"Young"
"2234","886554","resources/real_fg_memory_images/fg21.jpg","Neutral",5,"artificial",0,"Young"
"2235","886554","resources/real_fg_memory_images/fg27.jpg","Scam",10,"artificial",1,"Young"
"2236","886554","resources/real_fg_memory_images/orig7.jpg","Scam",10,"real",1,"Young"
"2237","886554","resources/real_fg_memory_images/orig10.jpg","Scam",6,"real",1,"Young"
"2238","886554","resources/real_fg_memory_images/fg30.jpg","Scam",8,"artificial",0,"Young"
"2239","886554","resources/real_fg_memory_images/fg23.jpg","Neutral",5,"artificial",1,"Young"
"2240","886554","resources/real_fg_memory_images/orig1.jpg","Neutral",9,"real",1,"Young"
"2241","886554","resources/real_fg_memory_images/orig4.jpg","Neutral",7,"real",1,"Young"
"2242","886554","resources/real_fg_memory_images/fg20.jpg","Neutral",9,"artificial",1,"Young"
"2243","886554","resources/real_fg_memory_images/fg26.jpg","Scam",9,"artificial",1,"Young"
"2244","886554","resources/real_fg_memory_images/orig3.jpg","Neutral",10,"real",0,"Young"
"2245","886554","resources/real_fg_memory_images/orig6.jpg","Neutral",10,"real",1,"Young"
"2246","886554","resources/real_fg_memory_images/fg22.jpg","Neutral",10,"artificial",1,"Young"
"2247","886554","resources/real_fg_memory_images/orig11.jpg","Scam",7,"real",1,"Young"
"2248","886554","resources/real_fg_memory_images/fg25.jpg","Scam",7,"artificial",0,"Young"
"2249","886554","resources/real_fg_memory_images/fg28.jpg","Scam",4,"artificial",0,"Young"
"2250","886554","resources/real_fg_memory_images/orig8.jpg","Scam",10,"real",1,"Young"
"2251","886554","resources/real_fg_memory_images/fg24.jpg","Neutral",8,"artificial",1,"Young"
"2252","886554","resources/real_fg_memory_images/orig2.jpg","Neutral",10,"real",1,"Young"
"2253","886554","resources/real_fg_memory_images/orig12.jpg","Scam",10,"real",0,"Young"
"2254","886554","resources/real_fg_memory_images/orig9.jpg","Scam",10,"real",0,"Young"
"2255","886554","resources/real_fg_memory_images/fg19.jpg","Neutral",9,"artificial",1,"Young"
"2256","894292","resources/real_fg_memory_images/orig9.jpg","Scam",6,"real",1,"Young"
"2257","894292","resources/real_fg_memory_images/orig3.jpg","Neutral",4,"real",0,"Young"
"2258","894292","resources/real_fg_memory_images/fg28.jpg","Scam",4,"artificial",1,"Young"
"2259","894292","resources/real_fg_memory_images/orig8.jpg","Scam",3,"real",1,"Young"
"2260","894292","resources/real_fg_memory_images/fg24.jpg","Neutral",5,"artificial",0,"Young"
"2261","894292","resources/real_fg_memory_images/orig10.jpg","Scam",4,"real",1,"Young"
"2262","894292","resources/real_fg_memory_images/fg21.jpg","Neutral",4,"artificial",0,"Young"
"2263","894292","resources/real_fg_memory_images/orig12.jpg","Scam",4,"real",1,"Young"
"2264","894292","resources/real_fg_memory_images/orig6.jpg","Neutral",4,"real",0,"Young"
"2265","894292","resources/real_fg_memory_images/orig4.jpg","Neutral",4,"real",0,"Young"
"2266","894292","resources/real_fg_memory_images/orig2.jpg","Neutral",4,"real",0,"Young"
"2267","894292","resources/real_fg_memory_images/fg26.jpg","Scam",4,"artificial",1,"Young"
"2268","894292","resources/real_fg_memory_images/fg30.jpg","Scam",4,"artificial",1,"Young"
"2269","894292","resources/real_fg_memory_images/fg29.jpg","Scam",3,"artificial",1,"Young"
"2270","894292","resources/real_fg_memory_images/fg27.jpg","Scam",6,"artificial",1,"Young"
"2271","894292","resources/real_fg_memory_images/fg20.jpg","Neutral",8,"artificial",0,"Young"
"2272","894292","resources/real_fg_memory_images/fg25.jpg","Scam",7,"artificial",1,"Young"
"2273","894292","resources/real_fg_memory_images/orig1.jpg","Neutral",5,"real",0,"Young"
"2274","894292","resources/real_fg_memory_images/fg19.jpg","Neutral",3,"artificial",0,"Young"
"2275","894292","resources/real_fg_memory_images/orig5.jpg","Neutral",2,"real",0,"Young"
"2276","894292","resources/real_fg_memory_images/orig7.jpg","Scam",3,"real",1,"Young"
"2277","894292","resources/real_fg_memory_images/orig11.jpg","Scam",5,"real",1,"Young"
"2278","894292","resources/real_fg_memory_images/fg23.jpg","Neutral",7,"artificial",0,"Young"
"2279","894292","resources/real_fg_memory_images/fg22.jpg","Neutral",5,"artificial",0,"Young"
"2280","899688","resources/real_fg_memory_images/orig8.jpg","Scam",10,"real",1,"Young"
"2281","899688","resources/real_fg_memory_images/fg24.jpg","Neutral",8,"artificial",1,"Young"
"2282","899688","resources/real_fg_memory_images/orig12.jpg","Scam",10,"real",0,"Young"
"2283","899688","resources/real_fg_memory_images/orig6.jpg","Neutral",10,"real",1,"Young"
"2284","899688","resources/real_fg_memory_images/fg30.jpg","Scam",8,"artificial",1,"Young"
"2285","899688","resources/real_fg_memory_images/fg23.jpg","Neutral",6,"artificial",0,"Young"
"2286","899688","resources/real_fg_memory_images/orig7.jpg","Scam",8,"real",1,"Young"
"2287","899688","resources/real_fg_memory_images/fg21.jpg","Neutral",9,"artificial",0,"Young"
"2288","899688","resources/real_fg_memory_images/orig9.jpg","Scam",10,"real",0,"Young"
"2289","899688","resources/real_fg_memory_images/fg28.jpg","Scam",10,"artificial",1,"Young"
"2290","899688","resources/real_fg_memory_images/fg26.jpg","Scam",10,"artificial",1,"Young"
"2291","899688","resources/real_fg_memory_images/orig4.jpg","Neutral",10,"real",1,"Young"
"2292","899688","resources/real_fg_memory_images/fg29.jpg","Scam",8,"artificial",1,"Young"
"2293","899688","resources/real_fg_memory_images/fg19.jpg","Neutral",10,"artificial",1,"Young"
"2294","899688","resources/real_fg_memory_images/orig11.jpg","Scam",10,"real",1,"Young"
"2295","899688","resources/real_fg_memory_images/fg22.jpg","Neutral",9,"artificial",0,"Young"
"2296","899688","resources/real_fg_memory_images/orig5.jpg","Neutral",10,"real",1,"Young"
"2297","899688","resources/real_fg_memory_images/orig3.jpg","Neutral",10,"real",0,"Young"
"2298","899688","resources/real_fg_memory_images/orig10.jpg","Scam",8,"real",1,"Young"
"2299","899688","resources/real_fg_memory_images/fg20.jpg","Neutral",10,"artificial",1,"Young"
"2300","899688","resources/real_fg_memory_images/fg25.jpg","Scam",8,"artificial",1,"Young"
"2301","899688","resources/real_fg_memory_images/fg27.jpg","Scam",10,"artificial",1,"Young"
"2302","899688","resources/real_fg_memory_images/orig2.jpg","Neutral",6,"real",1,"Young"
"2303","899688","resources/real_fg_memory_images/orig1.jpg","Neutral",10,"real",1,"Young"
"2304","037351","resources/real_fg_memory_images/fg8.jpg","Neutral",5,"artificial",1,"Older"
"2305","037351","resources/real_fg_memory_images/fg6.jpg","Scam",5,"artificial",0,"Older"
"2306","037351","resources/real_fg_memory_images/orig30.jpg","Neutral",5,"real",1,"Older"
"2307","037351","resources/real_fg_memory_images/orig23.jpg","Scam",5,"real",1,"Older"
"2308","037351","resources/real_fg_memory_images/orig22.jpg","Scam",9,"real",1,"Older"
"2309","037351","resources/real_fg_memory_images/orig26.jpg","Neutral",5,"real",1,"Older"
"2310","037351","resources/real_fg_memory_images/fg9.jpg","Neutral",7,"artificial",0,"Older"
"2311","037351","resources/real_fg_memory_images/orig19.jpg","Scam",8,"real",1,"Older"
"2312","037351","resources/real_fg_memory_images/fg5.jpg","Scam",7,"artificial",1,"Older"
"2313","037351","resources/real_fg_memory_images/orig24.jpg","Scam",5,"real",0,"Older"
"2314","037351","resources/real_fg_memory_images/orig20.jpg","Scam",5,"real",1,"Older"
"2315","037351","resources/real_fg_memory_images/fg10.jpg","Neutral",5,"artificial",0,"Older"
"2316","037351","resources/real_fg_memory_images/orig21.jpg","Scam",5,"real",1,"Older"
"2317","037351","resources/real_fg_memory_images/fg2.jpg","Scam",5,"artificial",0,"Older"
"2318","037351","resources/real_fg_memory_images/orig25.jpg","Neutral",5,"real",1,"Older"
"2319","037351","resources/real_fg_memory_images/fg12.jpg","Neutral",5,"artificial",0,"Older"
"2320","037351","resources/real_fg_memory_images/fg1.jpg","Scam",5,"artificial",1,"Older"
"2321","037351","resources/real_fg_memory_images/orig29.jpg","Neutral",5,"real",1,"Older"
"2322","037351","resources/real_fg_memory_images/orig28.jpg","Neutral",9,"real",1,"Older"
"2323","037351","resources/real_fg_memory_images/orig27.jpg","Neutral",5,"real",1,"Older"
"2324","037351","resources/real_fg_memory_images/fg3.jpg","Scam",5,"artificial",1,"Older"
"2325","037351","resources/real_fg_memory_images/fg11.jpg","Neutral",9,"artificial",1,"Older"
"2326","037351","resources/real_fg_memory_images/fg4.jpg","Scam",5,"artificial",1,"Older"
"2327","037351","resources/real_fg_memory_images/fg7.jpg","Neutral",9,"artificial",1,"Older"
"2328","151619","resources/real_fg_memory_images/fg2.jpg","Scam",9,"artificial",0,"Older"
"2329","151619","resources/real_fg_memory_images/orig24.jpg","Scam",9,"real",0,"Older"
"2330","151619","resources/real_fg_memory_images/orig22.jpg","Scam",9,"real",1,"Older"
"2331","151619","resources/real_fg_memory_images/fg6.jpg","Scam",6,"artificial",0,"Older"
"2332","151619","resources/real_fg_memory_images/fg5.jpg","Scam",9,"artificial",1,"Older"
"2333","151619","resources/real_fg_memory_images/orig20.jpg","Scam",9,"real",1,"Older"
"2334","151619","resources/real_fg_memory_images/fg9.jpg","Neutral",8,"artificial",0,"Older"
"2335","151619","resources/real_fg_memory_images/orig30.jpg","Neutral",8,"real",1,"Older"
"2336","151619","resources/real_fg_memory_images/orig25.jpg","Neutral",9,"real",1,"Older"
"2337","151619","resources/real_fg_memory_images/orig26.jpg","Neutral",9,"real",1,"Older"
"2338","151619","resources/real_fg_memory_images/fg3.jpg","Scam",9,"artificial",1,"Older"
"2339","151619","resources/real_fg_memory_images/orig28.jpg","Neutral",9,"real",1,"Older"
"2340","151619","resources/real_fg_memory_images/orig21.jpg","Scam",9,"real",1,"Older"
"2341","151619","resources/real_fg_memory_images/fg12.jpg","Neutral",6,"artificial",0,"Older"
"2342","151619","resources/real_fg_memory_images/fg1.jpg","Scam",6,"artificial",1,"Older"
"2343","151619","resources/real_fg_memory_images/orig19.jpg","Scam",8,"real",1,"Older"
"2344","151619","resources/real_fg_memory_images/fg4.jpg","Scam",8,"artificial",0,"Older"
"2345","151619","resources/real_fg_memory_images/orig29.jpg","Neutral",7,"real",1,"Older"
"2346","151619","resources/real_fg_memory_images/fg7.jpg","Neutral",8,"artificial",1,"Older"
"2347","151619","resources/real_fg_memory_images/fg8.jpg","Neutral",9,"artificial",1,"Older"
"2348","151619","resources/real_fg_memory_images/orig27.jpg","Neutral",9,"real",1,"Older"
"2349","151619","resources/real_fg_memory_images/orig23.jpg","Scam",7,"real",1,"Older"
"2350","151619","resources/real_fg_memory_images/fg10.jpg","Neutral",7,"artificial",1,"Older"
"2351","151619","resources/real_fg_memory_images/fg11.jpg","Neutral",8,"artificial",1,"Older"
"2352","183377","resources/real_fg_memory_images/orig23.jpg","Scam",10,"real",1,"Older"
"2353","183377","resources/real_fg_memory_images/orig26.jpg","Neutral",10,"real",1,"Older"
"2354","183377","resources/real_fg_memory_images/fg5.jpg","Scam",10,"artificial",1,"Older"
"2355","183377","resources/real_fg_memory_images/fg3.jpg","Scam",10,"artificial",1,"Older"
"2356","183377","resources/real_fg_memory_images/fg7.jpg","Neutral",5,"artificial",0,"Older"
"2357","183377","resources/real_fg_memory_images/fg12.jpg","Neutral",10,"artificial",1,"Older"
"2358","183377","resources/real_fg_memory_images/orig25.jpg","Neutral",8,"real",0,"Older"
"2359","183377","resources/real_fg_memory_images/fg10.jpg","Neutral",9,"artificial",0,"Older"
"2360","183377","resources/real_fg_memory_images/fg9.jpg","Neutral",5,"artificial",1,"Older"
"2361","183377","resources/real_fg_memory_images/orig19.jpg","Scam",7,"real",1,"Older"
"2362","183377","resources/real_fg_memory_images/orig24.jpg","Scam",5,"real",0,"Older"
"2363","183377","resources/real_fg_memory_images/fg6.jpg","Scam",8,"artificial",1,"Older"
"2364","183377","resources/real_fg_memory_images/fg8.jpg","Neutral",7,"artificial",1,"Older"
"2365","183377","resources/real_fg_memory_images/orig20.jpg","Scam",8,"real",1,"Older"
"2366","183377","resources/real_fg_memory_images/orig21.jpg","Scam",9,"real",0,"Older"
"2367","183377","resources/real_fg_memory_images/orig28.jpg","Neutral",9,"real",1,"Older"
"2368","183377","resources/real_fg_memory_images/orig30.jpg","Neutral",8,"real",1,"Older"
"2369","183377","resources/real_fg_memory_images/orig27.jpg","Neutral",8,"real",1,"Older"
"2370","183377","resources/real_fg_memory_images/fg1.jpg","Scam",9,"artificial",1,"Older"
"2371","183377","resources/real_fg_memory_images/orig22.jpg","Scam",9,"real",1,"Older"
"2372","183377","resources/real_fg_memory_images/fg2.jpg","Scam",8,"artificial",0,"Older"
"2373","183377","resources/real_fg_memory_images/fg11.jpg","Neutral",8,"artificial",1,"Older"
"2374","183377","resources/real_fg_memory_images/fg4.jpg","Scam",5,"artificial",0,"Older"
"2375","183377","resources/real_fg_memory_images/orig29.jpg","Neutral",5,"real",0,"Older"
"2376","215889","resources/real_fg_memory_images/orig19.jpg","Scam",10,"real",0,"Older"
"2377","215889","resources/real_fg_memory_images/fg10.jpg","Neutral",10,"artificial",0,"Older"
"2378","215889","resources/real_fg_memory_images/fg8.jpg","Neutral",10,"artificial",1,"Older"
"2379","215889","resources/real_fg_memory_images/orig20.jpg","Scam",10,"real",1,"Older"
"2380","215889","resources/real_fg_memory_images/fg4.jpg","Scam",10,"artificial",1,"Older"
"2381","215889","resources/real_fg_memory_images/orig30.jpg","Neutral",10,"real",0,"Older"
"2382","215889","resources/real_fg_memory_images/fg2.jpg","Scam",10,"artificial",1,"Older"
"2383","215889","resources/real_fg_memory_images/fg7.jpg","Neutral",10,"artificial",1,"Older"
"2384","215889","resources/real_fg_memory_images/orig28.jpg","Neutral",10,"real",1,"Older"
"2385","215889","resources/real_fg_memory_images/orig21.jpg","Scam",10,"real",1,"Older"
"2386","215889","resources/real_fg_memory_images/fg9.jpg","Neutral",10,"artificial",0,"Older"
"2387","215889","resources/real_fg_memory_images/orig22.jpg","Scam",10,"real",1,"Older"
"2388","215889","resources/real_fg_memory_images/orig24.jpg","Scam",10,"real",0,"Older"
"2389","215889","resources/real_fg_memory_images/fg12.jpg","Neutral",10,"artificial",0,"Older"
"2390","215889","resources/real_fg_memory_images/orig25.jpg","Neutral",10,"real",1,"Older"
"2391","215889","resources/real_fg_memory_images/fg11.jpg","Neutral",10,"artificial",1,"Older"
"2392","215889","resources/real_fg_memory_images/orig23.jpg","Scam",10,"real",1,"Older"
"2393","215889","resources/real_fg_memory_images/orig27.jpg","Neutral",10,"real",1,"Older"
"2394","215889","resources/real_fg_memory_images/fg3.jpg","Scam",10,"artificial",1,"Older"
"2395","215889","resources/real_fg_memory_images/orig29.jpg","Neutral",10,"real",0,"Older"
"2396","215889","resources/real_fg_memory_images/fg6.jpg","Scam",10,"artificial",1,"Older"
"2397","215889","resources/real_fg_memory_images/fg1.jpg","Scam",10,"artificial",1,"Older"
"2398","215889","resources/real_fg_memory_images/fg5.jpg","Scam",10,"artificial",1,"Older"
"2399","215889","resources/real_fg_memory_images/orig26.jpg","Neutral",10,"real",1,"Older"
"2400","237137","resources/real_fg_memory_images/fg6.jpg","Scam",2,"artificial",1,"Older"
"2401","237137","resources/real_fg_memory_images/fg8.jpg","Neutral",8,"artificial",1,"Older"
"2402","237137","resources/real_fg_memory_images/orig21.jpg","Scam",7,"real",1,"Older"
"2403","237137","resources/real_fg_memory_images/fg11.jpg","Neutral",1,"artificial",1,"Older"
"2404","237137","resources/real_fg_memory_images/orig30.jpg","Neutral",5,"real",0,"Older"
"2405","237137","resources/real_fg_memory_images/fg3.jpg","Scam",1,"artificial",0,"Older"
"2406","237137","resources/real_fg_memory_images/fg5.jpg","Scam",7,"artificial",1,"Older"
"2407","237137","resources/real_fg_memory_images/orig26.jpg","Neutral",9,"real",1,"Older"
"2408","237137","resources/real_fg_memory_images/orig23.jpg","Scam",2,"real",1,"Older"
"2409","237137","resources/real_fg_memory_images/fg7.jpg","Neutral",0,"artificial",1,"Older"
"2410","237137","resources/real_fg_memory_images/fg1.jpg","Scam",7,"artificial",1,"Older"
"2411","237137","resources/real_fg_memory_images/orig22.jpg","Scam",2,"real",1,"Older"
"2412","237137","resources/real_fg_memory_images/fg2.jpg","Scam",5,"artificial",1,"Older"
"2413","237137","resources/real_fg_memory_images/orig25.jpg","Neutral",5,"real",1,"Older"
"2414","237137","resources/real_fg_memory_images/orig29.jpg","Neutral",7,"real",1,"Older"
"2415","237137","resources/real_fg_memory_images/fg12.jpg","Neutral",3,"artificial",0,"Older"
"2416","237137","resources/real_fg_memory_images/orig27.jpg","Neutral",2,"real",1,"Older"
"2417","237137","resources/real_fg_memory_images/fg4.jpg","Scam",6,"artificial",1,"Older"
"2418","237137","resources/real_fg_memory_images/orig28.jpg","Neutral",1,"real",1,"Older"
"2419","237137","resources/real_fg_memory_images/orig24.jpg","Scam",7,"real",1,"Older"
"2420","237137","resources/real_fg_memory_images/fg9.jpg","Neutral",2,"artificial",0,"Older"
"2421","237137","resources/real_fg_memory_images/fg10.jpg","Neutral",3,"artificial",1,"Older"
"2422","237137","resources/real_fg_memory_images/orig19.jpg","Scam",4,"real",1,"Older"
"2423","237137","resources/real_fg_memory_images/orig20.jpg","Scam",5,"real",1,"Older"
"2424","281816","resources/real_fg_memory_images/fg8.jpg","Neutral",7,"artificial",0,"Older"
"2425","281816","resources/real_fg_memory_images/orig19.jpg","Scam",6,"real",1,"Older"
"2426","281816","resources/real_fg_memory_images/orig27.jpg","Neutral",7,"real",1,"Older"
"2427","281816","resources/real_fg_memory_images/orig28.jpg","Neutral",8,"real",1,"Older"
"2428","281816","resources/real_fg_memory_images/orig22.jpg","Scam",10,"real",1,"Older"
"2429","281816","resources/real_fg_memory_images/fg9.jpg","Neutral",5,"artificial",1,"Older"
"2430","281816","resources/real_fg_memory_images/orig24.jpg","Scam",5,"real",0,"Older"
"2431","281816","resources/real_fg_memory_images/fg2.jpg","Scam",4,"artificial",1,"Older"
"2432","281816","resources/real_fg_memory_images/fg12.jpg","Neutral",7,"artificial",0,"Older"
"2433","281816","resources/real_fg_memory_images/orig20.jpg","Scam",6,"real",1,"Older"
"2434","281816","resources/real_fg_memory_images/fg3.jpg","Scam",10,"artificial",1,"Older"
"2435","281816","resources/real_fg_memory_images/fg4.jpg","Scam",9,"artificial",1,"Older"
"2436","281816","resources/real_fg_memory_images/orig23.jpg","Scam",7,"real",1,"Older"
"2437","281816","resources/real_fg_memory_images/orig30.jpg","Neutral",5,"real",1,"Older"
"2438","281816","resources/real_fg_memory_images/orig21.jpg","Scam",9,"real",1,"Older"
"2439","281816","resources/real_fg_memory_images/fg11.jpg","Neutral",7,"artificial",1,"Older"
"2440","281816","resources/real_fg_memory_images/fg6.jpg","Scam",5,"artificial",1,"Older"
"2441","281816","resources/real_fg_memory_images/fg7.jpg","Neutral",7,"artificial",1,"Older"
"2442","281816","resources/real_fg_memory_images/orig25.jpg","Neutral",5,"real",1,"Older"
"2443","281816","resources/real_fg_memory_images/orig29.jpg","Neutral",7,"real",1,"Older"
"2444","281816","resources/real_fg_memory_images/fg5.jpg","Scam",9,"artificial",1,"Older"
"2445","281816","resources/real_fg_memory_images/fg1.jpg","Scam",9,"artificial",1,"Older"
"2446","281816","resources/real_fg_memory_images/fg10.jpg","Neutral",2,"artificial",1,"Older"
"2447","281816","resources/real_fg_memory_images/orig26.jpg","Neutral",4,"real",0,"Older"
"2448","301755","resources/real_fg_memory_images/orig19.jpg","Scam",5,"real",0,"Older"
"2449","301755","resources/real_fg_memory_images/fg6.jpg","Scam",7,"artificial",1,"Older"
"2450","301755","resources/real_fg_memory_images/fg2.jpg","Scam",6,"artificial",1,"Older"
"2451","301755","resources/real_fg_memory_images/fg12.jpg","Neutral",8,"artificial",0,"Older"
"2452","301755","resources/real_fg_memory_images/fg8.jpg","Neutral",5,"artificial",1,"Older"
"2453","301755","resources/real_fg_memory_images/orig28.jpg","Neutral",6,"real",0,"Older"
"2454","301755","resources/real_fg_memory_images/orig21.jpg","Scam",7,"real",1,"Older"
"2455","301755","resources/real_fg_memory_images/fg7.jpg","Neutral",6,"artificial",0,"Older"
"2456","301755","resources/real_fg_memory_images/orig23.jpg","Scam",4,"real",0,"Older"
"2457","301755","resources/real_fg_memory_images/fg3.jpg","Scam",8,"artificial",1,"Older"
"2458","301755","resources/real_fg_memory_images/fg1.jpg","Scam",7,"artificial",1,"Older"
"2459","301755","resources/real_fg_memory_images/orig26.jpg","Neutral",6,"real",1,"Older"
"2460","301755","resources/real_fg_memory_images/orig24.jpg","Scam",5,"real",0,"Older"
"2461","301755","resources/real_fg_memory_images/fg4.jpg","Scam",8,"artificial",1,"Older"
"2462","301755","resources/real_fg_memory_images/orig25.jpg","Neutral",6,"real",1,"Older"
"2463","301755","resources/real_fg_memory_images/fg11.jpg","Neutral",7,"artificial",0,"Older"
"2464","301755","resources/real_fg_memory_images/orig30.jpg","Neutral",4,"real",1,"Older"
"2465","301755","resources/real_fg_memory_images/fg10.jpg","Neutral",8,"artificial",1,"Older"
"2466","301755","resources/real_fg_memory_images/fg9.jpg","Neutral",7,"artificial",1,"Older"
"2467","301755","resources/real_fg_memory_images/fg5.jpg","Scam",6,"artificial",0,"Older"
"2468","301755","resources/real_fg_memory_images/orig20.jpg","Scam",7,"real",1,"Older"
"2469","301755","resources/real_fg_memory_images/orig27.jpg","Neutral",5,"real",1,"Older"
"2470","301755","resources/real_fg_memory_images/orig29.jpg","Neutral",6,"real",0,"Older"
"2471","301755","resources/real_fg_memory_images/orig22.jpg","Scam",8,"real",1,"Older"
"2472","337188","resources/real_fg_memory_images/orig23.jpg","Scam",7,"real",1,"Older"
"2473","337188","resources/real_fg_memory_images/fg6.jpg","Scam",8,"artificial",0,"Older"
"2474","337188","resources/real_fg_memory_images/orig21.jpg","Scam",8,"real",1,"Older"
"2475","337188","resources/real_fg_memory_images/fg5.jpg","Scam",8,"artificial",0,"Older"
"2476","337188","resources/real_fg_memory_images/orig22.jpg","Scam",8,"real",1,"Older"
"2477","337188","resources/real_fg_memory_images/orig25.jpg","Neutral",8,"real",1,"Older"
"2478","337188","resources/real_fg_memory_images/orig29.jpg","Neutral",8,"real",1,"Older"
"2479","337188","resources/real_fg_memory_images/fg2.jpg","Scam",8,"artificial",0,"Older"
"2480","337188","resources/real_fg_memory_images/fg1.jpg","Scam",8,"artificial",1,"Older"
"2481","337188","resources/real_fg_memory_images/orig26.jpg","Neutral",9,"real",1,"Older"
"2482","337188","resources/real_fg_memory_images/fg11.jpg","Neutral",9,"artificial",1,"Older"
"2483","337188","resources/real_fg_memory_images/fg4.jpg","Scam",9,"artificial",0,"Older"
"2484","337188","resources/real_fg_memory_images/orig19.jpg","Scam",7,"real",1,"Older"
"2485","337188","resources/real_fg_memory_images/fg12.jpg","Neutral",7,"artificial",1,"Older"
"2486","337188","resources/real_fg_memory_images/orig20.jpg","Scam",7,"real",1,"Older"
"2487","337188","resources/real_fg_memory_images/fg7.jpg","Neutral",7,"artificial",1,"Older"
"2488","337188","resources/real_fg_memory_images/orig24.jpg","Scam",8,"real",0,"Older"
"2489","337188","resources/real_fg_memory_images/fg3.jpg","Scam",9,"artificial",1,"Older"
"2490","337188","resources/real_fg_memory_images/fg10.jpg","Neutral",8,"artificial",0,"Older"
"2491","337188","resources/real_fg_memory_images/fg8.jpg","Neutral",9,"artificial",1,"Older"
"2492","337188","resources/real_fg_memory_images/fg9.jpg","Neutral",9,"artificial",1,"Older"
"2493","337188","resources/real_fg_memory_images/orig28.jpg","Neutral",9,"real",1,"Older"
"2494","337188","resources/real_fg_memory_images/orig30.jpg","Neutral",9,"real",1,"Older"
"2495","337188","resources/real_fg_memory_images/orig27.jpg","Neutral",9,"real",1,"Older"
"2496","461165","resources/real_fg_memory_images/orig27.jpg","Neutral",6,"real",0,"Older"
"2497","461165","resources/real_fg_memory_images/fg8.jpg","Neutral",1,"artificial",0,"Older"
"2498","461165","resources/real_fg_memory_images/fg3.jpg","Scam",5,"artificial",1,"Older"
"2499","461165","resources/real_fg_memory_images/fg4.jpg","Scam",6,"artificial",0,"Older"
"2500","461165","resources/real_fg_memory_images/orig23.jpg","Scam",1,"real",1,"Older"
"2501","461165","resources/real_fg_memory_images/orig20.jpg","Scam",4,"real",1,"Older"
"2502","461165","resources/real_fg_memory_images/orig30.jpg","Neutral",3,"real",1,"Older"
"2503","461165","resources/real_fg_memory_images/orig21.jpg","Scam",6,"real",1,"Older"
"2504","461165","resources/real_fg_memory_images/fg9.jpg","Neutral",7,"artificial",0,"Older"
"2505","461165","resources/real_fg_memory_images/fg6.jpg","Scam",0,"artificial",0,"Older"
"2506","461165","resources/real_fg_memory_images/orig24.jpg","Scam",4,"real",0,"Older"
"2507","461165","resources/real_fg_memory_images/orig19.jpg","Scam",2,"real",1,"Older"
"2508","461165","resources/real_fg_memory_images/orig29.jpg","Neutral",1,"real",1,"Older"
"2509","461165","resources/real_fg_memory_images/orig26.jpg","Neutral",2,"real",1,"Older"
"2510","461165","resources/real_fg_memory_images/fg1.jpg","Scam",5,"artificial",1,"Older"
"2511","461165","resources/real_fg_memory_images/fg5.jpg","Scam",3,"artificial",1,"Older"
"2512","461165","resources/real_fg_memory_images/orig22.jpg","Scam",2,"real",0,"Older"
"2513","461165","resources/real_fg_memory_images/fg11.jpg","Neutral",1,"artificial",0,"Older"
"2514","461165","resources/real_fg_memory_images/fg2.jpg","Scam",3,"artificial",0,"Older"
"2515","461165","resources/real_fg_memory_images/orig25.jpg","Neutral",2,"real",1,"Older"
"2516","461165","resources/real_fg_memory_images/fg10.jpg","Neutral",3,"artificial",0,"Older"
"2517","461165","resources/real_fg_memory_images/fg12.jpg","Neutral",6,"artificial",0,"Older"
"2518","461165","resources/real_fg_memory_images/fg7.jpg","Neutral",2,"artificial",0,"Older"
"2519","461165","resources/real_fg_memory_images/orig28.jpg","Neutral",4,"real",1,"Older"
"2520","463753","resources/real_fg_memory_images/orig29.jpg","Neutral",8,"real",0,"Older"
"2521","463753","resources/real_fg_memory_images/fg12.jpg","Neutral",10,"artificial",0,"Older"
"2522","463753","resources/real_fg_memory_images/fg6.jpg","Scam",6,"artificial",0,"Older"
"2523","463753","resources/real_fg_memory_images/fg7.jpg","Neutral",10,"artificial",0,"Older"
"2524","463753","resources/real_fg_memory_images/fg1.jpg","Scam",10,"artificial",1,"Older"
"2525","463753","resources/real_fg_memory_images/fg3.jpg","Scam",10,"artificial",1,"Older"
"2526","463753","resources/real_fg_memory_images/fg10.jpg","Neutral",10,"artificial",0,"Older"
"2527","463753","resources/real_fg_memory_images/orig22.jpg","Scam",10,"real",1,"Older"
"2528","463753","resources/real_fg_memory_images/orig23.jpg","Scam",10,"real",1,"Older"
"2529","463753","resources/real_fg_memory_images/fg8.jpg","Neutral",3,"artificial",1,"Older"
"2530","463753","resources/real_fg_memory_images/fg4.jpg","Scam",5,"artificial",1,"Older"
"2531","463753","resources/real_fg_memory_images/orig25.jpg","Neutral",10,"real",0,"Older"
"2532","463753","resources/real_fg_memory_images/orig21.jpg","Scam",8,"real",0,"Older"
"2533","463753","resources/real_fg_memory_images/orig30.jpg","Neutral",10,"real",0,"Older"
"2534","463753","resources/real_fg_memory_images/orig24.jpg","Scam",10,"real",1,"Older"
"2535","463753","resources/real_fg_memory_images/fg9.jpg","Neutral",10,"artificial",0,"Older"
"2536","463753","resources/real_fg_memory_images/orig27.jpg","Neutral",3,"real",0,"Older"
"2537","463753","resources/real_fg_memory_images/orig19.jpg","Scam",8,"real",1,"Older"
"2538","463753","resources/real_fg_memory_images/orig20.jpg","Scam",6,"real",0,"Older"
"2539","463753","resources/real_fg_memory_images/orig26.jpg","Neutral",7,"real",1,"Older"
"2540","463753","resources/real_fg_memory_images/fg5.jpg","Scam",2,"artificial",1,"Older"
"2541","463753","resources/real_fg_memory_images/fg11.jpg","Neutral",10,"artificial",0,"Older"
"2542","463753","resources/real_fg_memory_images/orig28.jpg","Neutral",10,"real",0,"Older"
"2543","463753","resources/real_fg_memory_images/fg2.jpg","Scam",10,"artificial",0,"Older"
"2544","467472","resources/real_fg_memory_images/orig26.jpg","Neutral",6,"real",1,"Older"
"2545","467472","resources/real_fg_memory_images/orig19.jpg","Scam",5,"real",1,"Older"
"2546","467472","resources/real_fg_memory_images/fg8.jpg","Neutral",9,"artificial",1,"Older"
"2547","467472","resources/real_fg_memory_images/fg7.jpg","Neutral",4,"artificial",1,"Older"
"2548","467472","resources/real_fg_memory_images/orig23.jpg","Scam",5,"real",1,"Older"
"2549","467472","resources/real_fg_memory_images/fg1.jpg","Scam",7,"artificial",1,"Older"
"2550","467472","resources/real_fg_memory_images/orig20.jpg","Scam",6,"real",0,"Older"
"2551","467472","resources/real_fg_memory_images/fg10.jpg","Neutral",8,"artificial",1,"Older"
"2552","467472","resources/real_fg_memory_images/orig24.jpg","Scam",5,"real",1,"Older"
"2553","467472","resources/real_fg_memory_images/orig28.jpg","Neutral",2,"real",0,"Older"
"2554","467472","resources/real_fg_memory_images/fg9.jpg","Neutral",7,"artificial",0,"Older"
"2555","467472","resources/real_fg_memory_images/orig30.jpg","Neutral",10,"real",1,"Older"
"2556","467472","resources/real_fg_memory_images/fg4.jpg","Scam",6,"artificial",1,"Older"
"2557","467472","resources/real_fg_memory_images/orig21.jpg","Scam",8,"real",0,"Older"
"2558","467472","resources/real_fg_memory_images/fg3.jpg","Scam",10,"artificial",1,"Older"
"2559","467472","resources/real_fg_memory_images/fg12.jpg","Neutral",4,"artificial",0,"Older"
"2560","467472","resources/real_fg_memory_images/fg2.jpg","Scam",9,"artificial",0,"Older"
"2561","467472","resources/real_fg_memory_images/orig29.jpg","Neutral",3,"real",1,"Older"
"2562","467472","resources/real_fg_memory_images/orig27.jpg","Neutral",5,"real",1,"Older"
"2563","467472","resources/real_fg_memory_images/orig25.jpg","Neutral",7,"real",1,"Older"
"2564","467472","resources/real_fg_memory_images/fg6.jpg","Scam",8,"artificial",1,"Older"
"2565","467472","resources/real_fg_memory_images/fg11.jpg","Neutral",9,"artificial",1,"Older"
"2566","467472","resources/real_fg_memory_images/fg5.jpg","Scam",8,"artificial",1,"Older"
"2567","467472","resources/real_fg_memory_images/orig22.jpg","Scam",10,"real",1,"Older"
"2568","485505","resources/real_fg_memory_images/orig24.jpg","Scam",8,"real",1,"Older"
"2569","485505","resources/real_fg_memory_images/fg6.jpg","Scam",7,"artificial",0,"Older"
"2570","485505","resources/real_fg_memory_images/orig25.jpg","Neutral",7,"real",0,"Older"
"2571","485505","resources/real_fg_memory_images/fg11.jpg","Neutral",8,"artificial",1,"Older"
"2572","485505","resources/real_fg_memory_images/fg4.jpg","Scam",8,"artificial",1,"Older"
"2573","485505","resources/real_fg_memory_images/fg12.jpg","Neutral",8,"artificial",0,"Older"
"2574","485505","resources/real_fg_memory_images/orig20.jpg","Scam",7,"real",1,"Older"
"2575","485505","resources/real_fg_memory_images/orig30.jpg","Neutral",8,"real",1,"Older"
"2576","485505","resources/real_fg_memory_images/orig21.jpg","Scam",8,"real",1,"Older"
"2577","485505","resources/real_fg_memory_images/fg5.jpg","Scam",7,"artificial",0,"Older"
"2578","485505","resources/real_fg_memory_images/orig29.jpg","Neutral",8,"real",1,"Older"
"2579","485505","resources/real_fg_memory_images/fg2.jpg","Scam",8,"artificial",0,"Older"
"2580","485505","resources/real_fg_memory_images/orig19.jpg","Scam",5,"real",0,"Older"
"2581","485505","resources/real_fg_memory_images/fg7.jpg","Neutral",6,"artificial",1,"Older"
"2582","485505","resources/real_fg_memory_images/fg9.jpg","Neutral",8,"artificial",0,"Older"
"2583","485505","resources/real_fg_memory_images/orig27.jpg","Neutral",8,"real",0,"Older"
"2584","485505","resources/real_fg_memory_images/fg8.jpg","Neutral",8,"artificial",0,"Older"
"2585","485505","resources/real_fg_memory_images/fg10.jpg","Neutral",8,"artificial",0,"Older"
"2586","485505","resources/real_fg_memory_images/orig28.jpg","Neutral",8,"real",1,"Older"
"2587","485505","resources/real_fg_memory_images/fg1.jpg","Scam",8,"artificial",0,"Older"
"2588","485505","resources/real_fg_memory_images/orig22.jpg","Scam",8,"real",0,"Older"
"2589","485505","resources/real_fg_memory_images/orig26.jpg","Neutral",8,"real",1,"Older"
"2590","485505","resources/real_fg_memory_images/orig23.jpg","Scam",8,"real",0,"Older"
"2591","485505","resources/real_fg_memory_images/fg3.jpg","Scam",7,"artificial",1,"Older"
"2592","506315","resources/real_fg_memory_images/orig24.jpg","Scam",10,"real",1,"Older"
"2593","506315","resources/real_fg_memory_images/fg11.jpg","Neutral",10,"artificial",1,"Older"
"2594","506315","resources/real_fg_memory_images/fg10.jpg","Neutral",5,"artificial",1,"Older"
"2595","506315","resources/real_fg_memory_images/orig27.jpg","Neutral",10,"real",1,"Older"
"2596","506315","resources/real_fg_memory_images/fg12.jpg","Neutral",10,"artificial",1,"Older"
"2597","506315","resources/real_fg_memory_images/fg2.jpg","Scam",5,"artificial",1,"Older"
"2598","506315","resources/real_fg_memory_images/orig28.jpg","Neutral",10,"real",1,"Older"
"2599","506315","resources/real_fg_memory_images/orig22.jpg","Scam",10,"real",1,"Older"
"2600","506315","resources/real_fg_memory_images/fg7.jpg","Neutral",10,"artificial",0,"Older"
"2601","506315","resources/real_fg_memory_images/fg9.jpg","Neutral",5,"artificial",0,"Older"
"2602","506315","resources/real_fg_memory_images/orig26.jpg","Neutral",5,"real",1,"Older"
"2603","506315","resources/real_fg_memory_images/orig21.jpg","Scam",10,"real",1,"Older"
"2604","506315","resources/real_fg_memory_images/orig20.jpg","Scam",10,"real",1,"Older"
"2605","506315","resources/real_fg_memory_images/fg3.jpg","Scam",10,"artificial",1,"Older"
"2606","506315","resources/real_fg_memory_images/fg6.jpg","Scam",5,"artificial",1,"Older"
"2607","506315","resources/real_fg_memory_images/fg4.jpg","Scam",5,"artificial",1,"Older"
"2608","506315","resources/real_fg_memory_images/orig30.jpg","Neutral",5,"real",1,"Older"
"2609","506315","resources/real_fg_memory_images/orig19.jpg","Scam",5,"real",1,"Older"
"2610","506315","resources/real_fg_memory_images/fg8.jpg","Neutral",5,"artificial",1,"Older"
"2611","506315","resources/real_fg_memory_images/orig29.jpg","Neutral",7,"real",1,"Older"
"2612","506315","resources/real_fg_memory_images/fg1.jpg","Scam",5,"artificial",0,"Older"
"2613","506315","resources/real_fg_memory_images/fg5.jpg","Scam",3,"artificial",1,"Older"
"2614","506315","resources/real_fg_memory_images/orig23.jpg","Scam",2,"real",1,"Older"
"2615","506315","resources/real_fg_memory_images/orig25.jpg","Neutral",5,"real",1,"Older"
"2616","508691","resources/real_fg_memory_images/orig25.jpg","Neutral",7,"real",1,"Older"
"2617","508691","resources/real_fg_memory_images/fg11.jpg","Neutral",9,"artificial",1,"Older"
"2618","508691","resources/real_fg_memory_images/fg9.jpg","Neutral",8,"artificial",0,"Older"
"2619","508691","resources/real_fg_memory_images/fg3.jpg","Scam",9,"artificial",1,"Older"
"2620","508691","resources/real_fg_memory_images/orig19.jpg","Scam",4,"real",0,"Older"
"2621","508691","resources/real_fg_memory_images/fg10.jpg","Neutral",3,"artificial",1,"Older"
"2622","508691","resources/real_fg_memory_images/fg8.jpg","Neutral",7,"artificial",0,"Older"
"2623","508691","resources/real_fg_memory_images/orig20.jpg","Scam",5,"real",0,"Older"
"2624","508691","resources/real_fg_memory_images/fg4.jpg","Scam",9,"artificial",0,"Older"
"2625","508691","resources/real_fg_memory_images/orig26.jpg","Neutral",8,"real",1,"Older"
"2626","508691","resources/real_fg_memory_images/orig24.jpg","Scam",3,"real",1,"Older"
"2627","508691","resources/real_fg_memory_images/fg1.jpg","Scam",9,"artificial",1,"Older"
"2628","508691","resources/real_fg_memory_images/orig23.jpg","Scam",9,"real",1,"Older"
"2629","508691","resources/real_fg_memory_images/orig22.jpg","Scam",10,"real",0,"Older"
"2630","508691","resources/real_fg_memory_images/fg12.jpg","Neutral",7,"artificial",0,"Older"
"2631","508691","resources/real_fg_memory_images/orig21.jpg","Scam",8,"real",0,"Older"
"2632","508691","resources/real_fg_memory_images/fg6.jpg","Scam",8,"artificial",0,"Older"
"2633","508691","resources/real_fg_memory_images/orig28.jpg","Neutral",10,"real",1,"Older"
"2634","508691","resources/real_fg_memory_images/orig27.jpg","Neutral",3,"real",0,"Older"
"2635","508691","resources/real_fg_memory_images/fg2.jpg","Scam",7,"artificial",0,"Older"
"2636","508691","resources/real_fg_memory_images/fg7.jpg","Neutral",8,"artificial",0,"Older"
"2637","508691","resources/real_fg_memory_images/orig29.jpg","Neutral",6,"real",1,"Older"
"2638","508691","resources/real_fg_memory_images/orig30.jpg","Neutral",8,"real",1,"Older"
"2639","508691","resources/real_fg_memory_images/fg5.jpg","Scam",9,"artificial",1,"Older"
"2640","523872","resources/real_fg_memory_images/orig27.jpg","Neutral",7,"real",1,"Older"
"2641","523872","resources/real_fg_memory_images/orig21.jpg","Scam",7,"real",0,"Older"
"2642","523872","resources/real_fg_memory_images/orig25.jpg","Neutral",6,"real",0,"Older"
"2643","523872","resources/real_fg_memory_images/orig23.jpg","Scam",7,"real",1,"Older"
"2644","523872","resources/real_fg_memory_images/orig26.jpg","Neutral",7,"real",0,"Older"
"2645","523872","resources/real_fg_memory_images/fg3.jpg","Scam",7,"artificial",1,"Older"
"2646","523872","resources/real_fg_memory_images/fg6.jpg","Scam",6,"artificial",1,"Older"
"2647","523872","resources/real_fg_memory_images/fg2.jpg","Scam",6,"artificial",0,"Older"
"2648","523872","resources/real_fg_memory_images/orig19.jpg","Scam",6,"real",1,"Older"
"2649","523872","resources/real_fg_memory_images/orig28.jpg","Neutral",7,"real",0,"Older"
"2650","523872","resources/real_fg_memory_images/fg12.jpg","Neutral",7,"artificial",0,"Older"
"2651","523872","resources/real_fg_memory_images/orig30.jpg","Neutral",5,"real",0,"Older"
"2652","523872","resources/real_fg_memory_images/fg7.jpg","Neutral",8,"artificial",0,"Older"
"2653","523872","resources/real_fg_memory_images/orig29.jpg","Neutral",6,"real",0,"Older"
"2654","523872","resources/real_fg_memory_images/orig22.jpg","Scam",6,"real",1,"Older"
"2655","523872","resources/real_fg_memory_images/fg11.jpg","Neutral",6,"artificial",0,"Older"
"2656","523872","resources/real_fg_memory_images/fg4.jpg","Scam",7,"artificial",1,"Older"
"2657","523872","resources/real_fg_memory_images/fg10.jpg","Neutral",7,"artificial",0,"Older"
"2658","523872","resources/real_fg_memory_images/fg8.jpg","Neutral",6,"artificial",1,"Older"
"2659","523872","resources/real_fg_memory_images/fg1.jpg","Scam",5,"artificial",1,"Older"
"2660","523872","resources/real_fg_memory_images/fg9.jpg","Neutral",6,"artificial",0,"Older"
"2661","523872","resources/real_fg_memory_images/fg5.jpg","Scam",8,"artificial",1,"Older"
"2662","523872","resources/real_fg_memory_images/orig24.jpg","Scam",6,"real",0,"Older"
"2663","523872","resources/real_fg_memory_images/orig20.jpg","Scam",7,"real",1,"Older"
"2664","733839","resources/real_fg_memory_images/orig21.jpg","Scam",5,"real",1,"Older"
"2665","733839","resources/real_fg_memory_images/fg9.jpg","Neutral",5,"artificial",1,"Older"
"2666","733839","resources/real_fg_memory_images/orig27.jpg","Neutral",10,"real",1,"Older"
"2667","733839","resources/real_fg_memory_images/orig26.jpg","Neutral",10,"real",1,"Older"
"2668","733839","resources/real_fg_memory_images/fg1.jpg","Scam",5,"artificial",1,"Older"
"2669","733839","resources/real_fg_memory_images/fg12.jpg","Neutral",5,"artificial",1,"Older"
"2670","733839","resources/real_fg_memory_images/orig30.jpg","Neutral",5,"real",1,"Older"
"2671","733839","resources/real_fg_memory_images/fg2.jpg","Scam",4,"artificial",1,"Older"
"2672","733839","resources/real_fg_memory_images/fg6.jpg","Scam",3,"artificial",0,"Older"
"2673","733839","resources/real_fg_memory_images/fg11.jpg","Neutral",4,"artificial",1,"Older"
"2674","733839","resources/real_fg_memory_images/orig23.jpg","Scam",3,"real",1,"Older"
"2675","733839","resources/real_fg_memory_images/orig25.jpg","Neutral",3,"real",0,"Older"
"2676","733839","resources/real_fg_memory_images/fg5.jpg","Scam",5,"artificial",1,"Older"
"2677","733839","resources/real_fg_memory_images/fg10.jpg","Neutral",5,"artificial",0,"Older"
"2678","733839","resources/real_fg_memory_images/orig29.jpg","Neutral",5,"real",1,"Older"
"2679","733839","resources/real_fg_memory_images/fg3.jpg","Scam",10,"artificial",1,"Older"
"2680","733839","resources/real_fg_memory_images/fg4.jpg","Scam",4,"artificial",1,"Older"
"2681","733839","resources/real_fg_memory_images/orig28.jpg","Neutral",4,"real",0,"Older"
"2682","733839","resources/real_fg_memory_images/fg7.jpg","Neutral",4,"artificial",1,"Older"
"2683","733839","resources/real_fg_memory_images/orig19.jpg","Scam",8,"real",1,"Older"
"2684","733839","resources/real_fg_memory_images/orig24.jpg","Scam",7,"real",1,"Older"
"2685","733839","resources/real_fg_memory_images/orig20.jpg","Scam",8,"real",1,"Older"
"2686","733839","resources/real_fg_memory_images/fg8.jpg","Neutral",4,"artificial",1,"Older"
"2687","733839","resources/real_fg_memory_images/orig22.jpg","Scam",6,"real",1,"Older"
"2688","757918","resources/real_fg_memory_images/fg1.jpg","Scam",5,"artificial",1,"Older"
"2689","757918","resources/real_fg_memory_images/orig20.jpg","Scam",5,"real",0,"Older"
"2690","757918","resources/real_fg_memory_images/orig25.jpg","Neutral",6,"real",1,"Older"
"2691","757918","resources/real_fg_memory_images/fg9.jpg","Neutral",5,"artificial",1,"Older"
"2692","757918","resources/real_fg_memory_images/orig24.jpg","Scam",7,"real",1,"Older"
"2693","757918","resources/real_fg_memory_images/fg7.jpg","Neutral",7,"artificial",0,"Older"
"2694","757918","resources/real_fg_memory_images/fg5.jpg","Scam",5,"artificial",1,"Older"
"2695","757918","resources/real_fg_memory_images/fg12.jpg","Neutral",4,"artificial",1,"Older"
"2696","757918","resources/real_fg_memory_images/orig19.jpg","Scam",5,"real",0,"Older"
"2697","757918","resources/real_fg_memory_images/orig23.jpg","Scam",5,"real",0,"Older"
"2698","757918","resources/real_fg_memory_images/fg8.jpg","Neutral",7,"artificial",1,"Older"
"2699","757918","resources/real_fg_memory_images/orig22.jpg","Scam",8,"real",0,"Older"
"2700","757918","resources/real_fg_memory_images/fg6.jpg","Scam",5,"artificial",0,"Older"
"2701","757918","resources/real_fg_memory_images/orig27.jpg","Neutral",8,"real",0,"Older"
"2702","757918","resources/real_fg_memory_images/orig29.jpg","Neutral",5,"real",1,"Older"
"2703","757918","resources/real_fg_memory_images/fg11.jpg","Neutral",5,"artificial",1,"Older"
"2704","757918","resources/real_fg_memory_images/orig28.jpg","Neutral",7,"real",1,"Older"
"2705","757918","resources/real_fg_memory_images/fg2.jpg","Scam",5,"artificial",0,"Older"
"2706","757918","resources/real_fg_memory_images/orig26.jpg","Neutral",10,"real",1,"Older"
"2707","757918","resources/real_fg_memory_images/orig30.jpg","Neutral",5,"real",1,"Older"
"2708","757918","resources/real_fg_memory_images/fg3.jpg","Scam",5,"artificial",1,"Older"
"2709","757918","resources/real_fg_memory_images/fg10.jpg","Neutral",5,"artificial",1,"Older"
"2710","757918","resources/real_fg_memory_images/orig21.jpg","Scam",5,"real",0,"Older"
"2711","757918","resources/real_fg_memory_images/fg4.jpg","Scam",5,"artificial",0,"Older"
"2712","840987","resources/real_fg_memory_images/orig28.jpg","Neutral",9,"real",1,"Older"
"2713","840987","resources/real_fg_memory_images/fg11.jpg","Neutral",4,"artificial",1,"Older"
"2714","840987","resources/real_fg_memory_images/fg12.jpg","Neutral",6,"artificial",0,"Older"
"2715","840987","resources/real_fg_memory_images/fg1.jpg","Scam",5,"artificial",1,"Older"
"2716","840987","resources/real_fg_memory_images/orig26.jpg","Neutral",8,"real",1,"Older"
"2717","840987","resources/real_fg_memory_images/orig29.jpg","Neutral",7,"real",0,"Older"
"2718","840987","resources/real_fg_memory_images/fg4.jpg","Scam",9,"artificial",1,"Older"
"2719","840987","resources/real_fg_memory_images/fg2.jpg","Scam",6,"artificial",0,"Older"
"2720","840987","resources/real_fg_memory_images/orig22.jpg","Scam",7,"real",1,"Older"
"2721","840987","resources/real_fg_memory_images/orig30.jpg","Neutral",5,"real",1,"Older"
"2722","840987","resources/real_fg_memory_images/fg8.jpg","Neutral",8,"artificial",1,"Older"
"2723","840987","resources/real_fg_memory_images/orig25.jpg","Neutral",7,"real",1,"Older"
"2724","840987","resources/real_fg_memory_images/fg10.jpg","Neutral",3,"artificial",1,"Older"
"2725","840987","resources/real_fg_memory_images/fg6.jpg","Scam",5,"artificial",0,"Older"
"2726","840987","resources/real_fg_memory_images/fg9.jpg","Neutral",4,"artificial",1,"Older"
"2727","840987","resources/real_fg_memory_images/orig20.jpg","Scam",9,"real",1,"Older"
"2728","840987","resources/real_fg_memory_images/orig24.jpg","Scam",6,"real",1,"Older"
"2729","840987","resources/real_fg_memory_images/fg5.jpg","Scam",3,"artificial",1,"Older"
"2730","840987","resources/real_fg_memory_images/orig27.jpg","Neutral",9,"real",1,"Older"
"2731","840987","resources/real_fg_memory_images/orig23.jpg","Scam",6,"real",1,"Older"
"2732","840987","resources/real_fg_memory_images/orig19.jpg","Scam",1,"real",0,"Older"
"2733","840987","resources/real_fg_memory_images/fg3.jpg","Scam",9,"artificial",1,"Older"
"2734","840987","resources/real_fg_memory_images/fg7.jpg","Neutral",5,"artificial",1,"Older"
"2735","840987","resources/real_fg_memory_images/orig21.jpg","Scam",4,"real",0,"Older"
"2736","864771","resources/real_fg_memory_images/orig22.jpg","Scam",0,"real",0,"Older"
"2737","864771","resources/real_fg_memory_images/fg8.jpg","Neutral",5,"artificial",0,"Older"
"2738","864771","resources/real_fg_memory_images/orig30.jpg","Neutral",8,"real",1,"Older"
"2739","864771","resources/real_fg_memory_images/orig27.jpg","Neutral",8,"real",1,"Older"
"2740","864771","resources/real_fg_memory_images/fg11.jpg","Neutral",8,"artificial",1,"Older"
"2741","864771","resources/real_fg_memory_images/orig20.jpg","Scam",8,"real",1,"Older"
"2742","864771","resources/real_fg_memory_images/orig29.jpg","Neutral",5,"real",1,"Older"
"2743","864771","resources/real_fg_memory_images/fg3.jpg","Scam",5,"artificial",1,"Older"
"2744","864771","resources/real_fg_memory_images/orig26.jpg","Neutral",5,"real",1,"Older"
"2745","864771","resources/real_fg_memory_images/fg5.jpg","Scam",5,"artificial",0,"Older"
"2746","864771","resources/real_fg_memory_images/fg7.jpg","Neutral",5,"artificial",1,"Older"
"2747","864771","resources/real_fg_memory_images/orig25.jpg","Neutral",5,"real",1,"Older"
"2748","864771","resources/real_fg_memory_images/fg12.jpg","Neutral",5,"artificial",1,"Older"
"2749","864771","resources/real_fg_memory_images/fg10.jpg","Neutral",5,"artificial",1,"Older"
"2750","864771","resources/real_fg_memory_images/fg1.jpg","Scam",4,"artificial",1,"Older"
"2751","864771","resources/real_fg_memory_images/orig24.jpg","Scam",5,"real",0,"Older"
"2752","864771","resources/real_fg_memory_images/fg4.jpg","Scam",5,"artificial",0,"Older"
"2753","864771","resources/real_fg_memory_images/orig21.jpg","Scam",5,"real",0,"Older"
"2754","864771","resources/real_fg_memory_images/fg6.jpg","Scam",3,"artificial",0,"Older"
"2755","864771","resources/real_fg_memory_images/fg2.jpg","Scam",9,"artificial",0,"Older"
"2756","864771","resources/real_fg_memory_images/fg9.jpg","Neutral",9,"artificial",0,"Older"
"2757","864771","resources/real_fg_memory_images/orig28.jpg","Neutral",3,"real",0,"Older"
"2758","864771","resources/real_fg_memory_images/orig23.jpg","Scam",7,"real",1,"Older"
"2759","864771","resources/real_fg_memory_images/orig19.jpg","Scam",6,"real",1,"Older"
"2760","877791","resources/real_fg_memory_images/fg7.jpg","Neutral",6,"artificial",0,"Older"
"2761","877791","resources/real_fg_memory_images/orig22.jpg","Scam",10,"real",1,"Older"
"2762","877791","resources/real_fg_memory_images/orig30.jpg","Neutral",9,"real",1,"Older"
"2763","877791","resources/real_fg_memory_images/orig24.jpg","Scam",10,"real",0,"Older"
"2764","877791","resources/real_fg_memory_images/fg4.jpg","Scam",5,"artificial",1,"Older"
"2765","877791","resources/real_fg_memory_images/fg9.jpg","Neutral",8,"artificial",1,"Older"
"2766","877791","resources/real_fg_memory_images/fg2.jpg","Scam",5,"artificial",1,"Older"
"2767","877791","resources/real_fg_memory_images/orig29.jpg","Neutral",7,"real",0,"Older"
"2768","877791","resources/real_fg_memory_images/fg3.jpg","Scam",10,"artificial",1,"Older"
"2769","877791","resources/real_fg_memory_images/fg1.jpg","Scam",8,"artificial",0,"Older"
"2770","877791","resources/real_fg_memory_images/orig27.jpg","Neutral",10,"real",1,"Older"
"2771","877791","resources/real_fg_memory_images/fg5.jpg","Scam",4,"artificial",1,"Older"
"2772","877791","resources/real_fg_memory_images/fg12.jpg","Neutral",5,"artificial",1,"Older"
"2773","877791","resources/real_fg_memory_images/orig21.jpg","Scam",8,"real",1,"Older"
"2774","877791","resources/real_fg_memory_images/orig19.jpg","Scam",8,"real",1,"Older"
"2775","877791","resources/real_fg_memory_images/fg6.jpg","Scam",8,"artificial",0,"Older"
"2776","877791","resources/real_fg_memory_images/orig20.jpg","Scam",5,"real",1,"Older"
"2777","877791","resources/real_fg_memory_images/fg8.jpg","Neutral",8,"artificial",1,"Older"
"2778","877791","resources/real_fg_memory_images/orig28.jpg","Neutral",10,"real",1,"Older"
"2779","877791","resources/real_fg_memory_images/orig25.jpg","Neutral",1,"real",0,"Older"
"2780","877791","resources/real_fg_memory_images/fg10.jpg","Neutral",4,"artificial",1,"Older"
"2781","877791","resources/real_fg_memory_images/fg11.jpg","Neutral",3,"artificial",0,"Older"
"2782","877791","resources/real_fg_memory_images/orig23.jpg","Scam",10,"real",1,"Older"
"2783","877791","resources/real_fg_memory_images/orig26.jpg","Neutral",10,"real",1,"Older"
"2784","895545","resources/real_fg_memory_images/fg11.jpg","Neutral",5,"artificial",1,"Older"
"2785","895545","resources/real_fg_memory_images/fg7.jpg","Neutral",5,"artificial",1,"Older"
"2786","895545","resources/real_fg_memory_images/orig28.jpg","Neutral",7,"real",1,"Older"
"2787","895545","resources/real_fg_memory_images/orig21.jpg","Scam",5,"real",1,"Older"
"2788","895545","resources/real_fg_memory_images/orig19.jpg","Scam",5,"real",1,"Older"
"2789","895545","resources/real_fg_memory_images/orig22.jpg","Scam",7,"real",1,"Older"
"2790","895545","resources/real_fg_memory_images/orig27.jpg","Neutral",7,"real",1,"Older"
"2791","895545","resources/real_fg_memory_images/fg3.jpg","Scam",8,"artificial",1,"Older"
"2792","895545","resources/real_fg_memory_images/fg10.jpg","Neutral",5,"artificial",1,"Older"
"2793","895545","resources/real_fg_memory_images/fg1.jpg","Scam",7,"artificial",1,"Older"
"2794","895545","resources/real_fg_memory_images/fg9.jpg","Neutral",5,"artificial",1,"Older"
"2795","895545","resources/real_fg_memory_images/fg12.jpg","Neutral",6,"artificial",1,"Older"
"2796","895545","resources/real_fg_memory_images/fg4.jpg","Scam",5,"artificial",0,"Older"
"2797","895545","resources/real_fg_memory_images/orig26.jpg","Neutral",5,"real",1,"Older"
"2798","895545","resources/real_fg_memory_images/orig23.jpg","Scam",5,"real",0,"Older"
"2799","895545","resources/real_fg_memory_images/fg6.jpg","Scam",6,"artificial",1,"Older"
"2800","895545","resources/real_fg_memory_images/fg5.jpg","Scam",5,"artificial",0,"Older"
"2801","895545","resources/real_fg_memory_images/orig25.jpg","Neutral",6,"real",0,"Older"
"2802","895545","resources/real_fg_memory_images/orig30.jpg","Neutral",6,"real",0,"Older"
"2803","895545","resources/real_fg_memory_images/orig29.jpg","Neutral",5,"real",1,"Older"
"2804","895545","resources/real_fg_memory_images/fg8.jpg","Neutral",5,"artificial",0,"Older"
"2805","895545","resources/real_fg_memory_images/orig20.jpg","Scam",7,"real",1,"Older"
"2806","895545","resources/real_fg_memory_images/fg2.jpg","Scam",5,"artificial",0,"Older"
"2807","895545","resources/real_fg_memory_images/orig24.jpg","Scam",8,"real",1,"Older"
"2808","910668","resources/real_fg_memory_images/fg11.jpg","Neutral",5,"artificial",1,"Older"
"2809","910668","resources/real_fg_memory_images/orig19.jpg","Scam",2,"real",1,"Older"
"2810","910668","resources/real_fg_memory_images/orig25.jpg","Neutral",2,"real",1,"Older"
"2811","910668","resources/real_fg_memory_images/fg9.jpg","Neutral",1,"artificial",0,"Older"
"2812","910668","resources/real_fg_memory_images/orig24.jpg","Scam",3,"real",0,"Older"
"2813","910668","resources/real_fg_memory_images/fg6.jpg","Scam",5,"artificial",0,"Older"
"2814","910668","resources/real_fg_memory_images/orig23.jpg","Scam",5,"real",1,"Older"
"2815","910668","resources/real_fg_memory_images/fg5.jpg","Scam",3,"artificial",1,"Older"
"2816","910668","resources/real_fg_memory_images/fg10.jpg","Neutral",3,"artificial",1,"Older"
"2817","910668","resources/real_fg_memory_images/fg2.jpg","Scam",7,"artificial",1,"Older"
"2818","910668","resources/real_fg_memory_images/fg3.jpg","Scam",9,"artificial",1,"Older"
"2819","910668","resources/real_fg_memory_images/fg8.jpg","Neutral",2,"artificial",0,"Older"
"2820","910668","resources/real_fg_memory_images/orig22.jpg","Scam",1,"real",1,"Older"
"2821","910668","resources/real_fg_memory_images/fg12.jpg","Neutral",5,"artificial",0,"Older"
"2822","910668","resources/real_fg_memory_images/orig20.jpg","Scam",5,"real",0,"Older"
"2823","910668","resources/real_fg_memory_images/fg1.jpg","Scam",5,"artificial",1,"Older"
"2824","910668","resources/real_fg_memory_images/fg7.jpg","Neutral",5,"artificial",0,"Older"
"2825","910668","resources/real_fg_memory_images/orig26.jpg","Neutral",5,"real",1,"Older"
"2826","910668","resources/real_fg_memory_images/fg4.jpg","Scam",2,"artificial",0,"Older"
"2827","910668","resources/real_fg_memory_images/orig28.jpg","Neutral",5,"real",1,"Older"
"2828","910668","resources/real_fg_memory_images/orig21.jpg","Scam",3,"real",1,"Older"
"2829","910668","resources/real_fg_memory_images/orig29.jpg","Neutral",2,"real",1,"Older"
"2830","910668","resources/real_fg_memory_images/orig27.jpg","Neutral",5,"real",1,"Older"
"2831","910668","resources/real_fg_memory_images/orig30.jpg","Neutral",5,"real",0,"Older"
"2832","912499","resources/real_fg_memory_images/fg7.jpg","Neutral",5,"artificial",1,"Older"
"2833","912499","resources/real_fg_memory_images/fg10.jpg","Neutral",6,"artificial",1,"Older"
"2834","912499","resources/real_fg_memory_images/orig27.jpg","Neutral",6,"real",1,"Older"
"2835","912499","resources/real_fg_memory_images/orig25.jpg","Neutral",7,"real",0,"Older"
"2836","912499","resources/real_fg_memory_images/fg8.jpg","Neutral",5,"artificial",0,"Older"
"2837","912499","resources/real_fg_memory_images/orig23.jpg","Scam",6,"real",1,"Older"
"2838","912499","resources/real_fg_memory_images/fg12.jpg","Neutral",5,"artificial",0,"Older"
"2839","912499","resources/real_fg_memory_images/fg11.jpg","Neutral",5,"artificial",1,"Older"
"2840","912499","resources/real_fg_memory_images/fg9.jpg","Neutral",5,"artificial",1,"Older"
"2841","912499","resources/real_fg_memory_images/orig21.jpg","Scam",5,"real",0,"Older"
"2842","912499","resources/real_fg_memory_images/fg1.jpg","Scam",6,"artificial",1,"Older"
"2843","912499","resources/real_fg_memory_images/fg5.jpg","Scam",6,"artificial",1,"Older"
"2844","912499","resources/real_fg_memory_images/orig30.jpg","Neutral",7,"real",1,"Older"
"2845","912499","resources/real_fg_memory_images/orig26.jpg","Neutral",5,"real",1,"Older"
"2846","912499","resources/real_fg_memory_images/orig29.jpg","Neutral",5,"real",0,"Older"
"2847","912499","resources/real_fg_memory_images/orig19.jpg","Scam",5,"real",1,"Older"
"2848","912499","resources/real_fg_memory_images/orig24.jpg","Scam",5,"real",1,"Older"
"2849","912499","resources/real_fg_memory_images/orig22.jpg","Scam",5,"real",0,"Older"
"2850","912499","resources/real_fg_memory_images/orig28.jpg","Neutral",6,"real",1,"Older"
"2851","912499","resources/real_fg_memory_images/fg6.jpg","Scam",7,"artificial",1,"Older"
"2852","912499","resources/real_fg_memory_images/fg4.jpg","Scam",7,"artificial",1,"Older"
"2853","912499","resources/real_fg_memory_images/orig20.jpg","Scam",7,"real",1,"Older"
"2854","912499","resources/real_fg_memory_images/fg2.jpg","Scam",7,"artificial",1,"Older"
"2855","912499","resources/real_fg_memory_images/fg3.jpg","Scam",7,"artificial",1,"Older"
"2856","974601","resources/real_fg_memory_images/orig19.jpg","Scam",0,"real",1,"Older"
"2857","974601","resources/real_fg_memory_images/fg2.jpg","Scam",0,"artificial",1,"Older"
"2858","974601","resources/real_fg_memory_images/fg5.jpg","Scam",0,"artificial",1,"Older"
"2859","974601","resources/real_fg_memory_images/fg1.jpg","Scam",0,"artificial",1,"Older"
"2860","974601","resources/real_fg_memory_images/orig21.jpg","Scam",0,"real",0,"Older"
"2861","974601","resources/real_fg_memory_images/orig30.jpg","Neutral",0,"real",1,"Older"
"2862","974601","resources/real_fg_memory_images/fg7.jpg","Neutral",0,"artificial",1,"Older"
"2863","974601","resources/real_fg_memory_images/fg8.jpg","Neutral",0,"artificial",1,"Older"
"2864","974601","resources/real_fg_memory_images/fg11.jpg","Neutral",0,"artificial",1,"Older"
"2865","974601","resources/real_fg_memory_images/fg4.jpg","Scam",0,"artificial",0,"Older"
"2866","974601","resources/real_fg_memory_images/orig24.jpg","Scam",0,"real",1,"Older"
"2867","974601","resources/real_fg_memory_images/fg12.jpg","Neutral",0,"artificial",1,"Older"
"2868","974601","resources/real_fg_memory_images/orig28.jpg","Neutral",0,"real",1,"Older"
"2869","974601","resources/real_fg_memory_images/orig27.jpg","Neutral",0,"real",0,"Older"
"2870","974601","resources/real_fg_memory_images/fg10.jpg","Neutral",0,"artificial",1,"Older"
"2871","974601","resources/real_fg_memory_images/orig25.jpg","Neutral",0,"real",1,"Older"
"2872","974601","resources/real_fg_memory_images/fg6.jpg","Scam",0,"artificial",0,"Older"
"2873","974601","resources/real_fg_memory_images/fg3.jpg","Scam",0,"artificial",1,"Older"
"2874","974601","resources/real_fg_memory_images/orig22.jpg","Scam",0,"real",0,"Older"
"2875","974601","resources/real_fg_memory_images/fg9.jpg","Neutral",0,"artificial",0,"Older"
"2876","974601","resources/real_fg_memory_images/orig26.jpg","Neutral",0,"real",1,"Older"
"2877","974601","resources/real_fg_memory_images/orig29.jpg","Neutral",0,"real",1,"Older"
"2878","974601","resources/real_fg_memory_images/orig23.jpg","Scam",0,"real",0,"Older"
"2879","974601","resources/real_fg_memory_images/orig20.jpg","Scam",0,"real",0,"Older"
"2880","054543","resources/real_fg_memory_images/fg20.jpg","Scam",10,"artificial",1,"Older"
"2881","054543","resources/real_fg_memory_images/orig10.jpg","Neutral",8,"real",1,"Older"
"2882","054543","resources/real_fg_memory_images/fg27.jpg","Neutral",8,"artificial",1,"Older"
"2883","054543","resources/real_fg_memory_images/orig12.jpg","Neutral",9,"real",0,"Older"
"2884","054543","resources/real_fg_memory_images/fg25.jpg","Neutral",8,"artificial",1,"Older"
"2885","054543","resources/real_fg_memory_images/orig2.jpg","Scam",10,"real",1,"Older"
"2886","054543","resources/real_fg_memory_images/orig7.jpg","Neutral",8,"real",1,"Older"
"2887","054543","resources/real_fg_memory_images/orig9.jpg","Neutral",9,"real",1,"Older"
"2888","054543","resources/real_fg_memory_images/fg22.jpg","Scam",10,"artificial",1,"Older"
"2889","054543","resources/real_fg_memory_images/fg19.jpg","Scam",7,"artificial",0,"Older"
"2890","054543","resources/real_fg_memory_images/fg23.jpg","Scam",10,"artificial",1,"Older"
"2891","054543","resources/real_fg_memory_images/fg21.jpg","Scam",6,"artificial",1,"Older"
"2892","054543","resources/real_fg_memory_images/fg28.jpg","Neutral",8,"artificial",0,"Older"
"2893","054543","resources/real_fg_memory_images/fg30.jpg","Neutral",7,"artificial",1,"Older"
"2894","054543","resources/real_fg_memory_images/orig5.jpg","Scam",8,"real",1,"Older"
"2895","054543","resources/real_fg_memory_images/fg24.jpg","Scam",10,"artificial",1,"Older"
"2896","054543","resources/real_fg_memory_images/orig6.jpg","Scam",10,"real",1,"Older"
"2897","054543","resources/real_fg_memory_images/orig1.jpg","Scam",8,"real",0,"Older"
"2898","054543","resources/real_fg_memory_images/orig3.jpg","Scam",10,"real",1,"Older"
"2899","054543","resources/real_fg_memory_images/fg26.jpg","Neutral",7,"artificial",1,"Older"
"2900","054543","resources/real_fg_memory_images/fg29.jpg","Neutral",8,"artificial",1,"Older"
"2901","054543","resources/real_fg_memory_images/orig8.jpg","Neutral",10,"real",1,"Older"
"2902","054543","resources/real_fg_memory_images/orig4.jpg","Scam",8,"real",1,"Older"
"2903","054543","resources/real_fg_memory_images/orig11.jpg","Neutral",8,"real",1,"Older"
"2904","099239","resources/real_fg_memory_images/orig9.jpg","Neutral",9,"real",0,"Older"
"2905","099239","resources/real_fg_memory_images/fg28.jpg","Neutral",10,"artificial",0,"Older"
"2906","099239","resources/real_fg_memory_images/orig6.jpg","Scam",5,"real",0,"Older"
"2907","099239","resources/real_fg_memory_images/fg24.jpg","Scam",5,"artificial",1,"Older"
"2908","099239","resources/real_fg_memory_images/fg26.jpg","Neutral",1,"artificial",0,"Older"
"2909","099239","resources/real_fg_memory_images/orig11.jpg","Neutral",5,"real",1,"Older"
"2910","099239","resources/real_fg_memory_images/fg23.jpg","Scam",5,"artificial",1,"Older"
"2911","099239","resources/real_fg_memory_images/orig12.jpg","Neutral",9,"real",0,"Older"
"2912","099239","resources/real_fg_memory_images/orig8.jpg","Neutral",9,"real",0,"Older"
"2913","099239","resources/real_fg_memory_images/fg29.jpg","Neutral",9,"artificial",0,"Older"
"2914","099239","resources/real_fg_memory_images/orig5.jpg","Scam",9,"real",1,"Older"
"2915","099239","resources/real_fg_memory_images/fg22.jpg","Scam",9,"artificial",1,"Older"
"2916","099239","resources/real_fg_memory_images/fg21.jpg","Scam",5,"artificial",0,"Older"
"2917","099239","resources/real_fg_memory_images/fg30.jpg","Neutral",5,"artificial",1,"Older"
"2918","099239","resources/real_fg_memory_images/fg25.jpg","Neutral",5,"artificial",0,"Older"
"2919","099239","resources/real_fg_memory_images/fg20.jpg","Scam",5,"artificial",0,"Older"
"2920","099239","resources/real_fg_memory_images/orig3.jpg","Scam",5,"real",0,"Older"
"2921","099239","resources/real_fg_memory_images/orig1.jpg","Scam",7,"real",1,"Older"
"2922","099239","resources/real_fg_memory_images/orig7.jpg","Neutral",7,"real",0,"Older"
"2923","099239","resources/real_fg_memory_images/orig10.jpg","Neutral",7,"real",0,"Older"
"2924","099239","resources/real_fg_memory_images/fg19.jpg","Scam",5,"artificial",0,"Older"
"2925","099239","resources/real_fg_memory_images/orig4.jpg","Scam",7,"real",1,"Older"
"2926","099239","resources/real_fg_memory_images/orig2.jpg","Scam",7,"real",1,"Older"
"2927","099239","resources/real_fg_memory_images/fg27.jpg","Neutral",7,"artificial",1,"Older"
"2928","106015","resources/real_fg_memory_images/orig9.jpg","Neutral",3,"real",0,"Older"
"2929","106015","resources/real_fg_memory_images/fg27.jpg","Neutral",3,"artificial",1,"Older"
"2930","106015","resources/real_fg_memory_images/fg23.jpg","Scam",6,"artificial",0,"Older"
"2931","106015","resources/real_fg_memory_images/fg30.jpg","Neutral",8,"artificial",1,"Older"
"2932","106015","resources/real_fg_memory_images/fg25.jpg","Neutral",3,"artificial",0,"Older"
"2933","106015","resources/real_fg_memory_images/fg28.jpg","Neutral",9,"artificial",1,"Older"
"2934","106015","resources/real_fg_memory_images/orig3.jpg","Scam",4,"real",1,"Older"
"2935","106015","resources/real_fg_memory_images/orig1.jpg","Scam",9,"real",1,"Older"
"2936","106015","resources/real_fg_memory_images/orig6.jpg","Scam",8,"real",1,"Older"
"2937","106015","resources/real_fg_memory_images/fg21.jpg","Scam",4,"artificial",0,"Older"
"2938","106015","resources/real_fg_memory_images/fg20.jpg","Scam",5,"artificial",0,"Older"
"2939","106015","resources/real_fg_memory_images/fg19.jpg","Scam",3,"artificial",1,"Older"
"2940","106015","resources/real_fg_memory_images/orig5.jpg","Scam",5,"real",0,"Older"
"2941","106015","resources/real_fg_memory_images/fg29.jpg","Neutral",3,"artificial",0,"Older"
"2942","106015","resources/real_fg_memory_images/orig8.jpg","Neutral",9,"real",0,"Older"
"2943","106015","resources/real_fg_memory_images/orig10.jpg","Neutral",8,"real",0,"Older"
"2944","106015","resources/real_fg_memory_images/fg24.jpg","Scam",4,"artificial",1,"Older"
"2945","106015","resources/real_fg_memory_images/orig2.jpg","Scam",3,"real",0,"Older"
"2946","106015","resources/real_fg_memory_images/orig4.jpg","Scam",6,"real",0,"Older"
"2947","106015","resources/real_fg_memory_images/orig11.jpg","Neutral",4,"real",1,"Older"
"2948","106015","resources/real_fg_memory_images/fg26.jpg","Neutral",9,"artificial",1,"Older"
"2949","106015","resources/real_fg_memory_images/orig12.jpg","Neutral",4,"real",1,"Older"
"2950","106015","resources/real_fg_memory_images/orig7.jpg","Neutral",4,"real",1,"Older"
"2951","106015","resources/real_fg_memory_images/fg22.jpg","Scam",4,"artificial",0,"Older"
"2952","124582","resources/real_fg_memory_images/orig10.jpg","Neutral",5,"real",1,"Older"
"2953","124582","resources/real_fg_memory_images/orig7.jpg","Neutral",4,"real",0,"Older"
"2954","124582","resources/real_fg_memory_images/orig3.jpg","Scam",10,"real",1,"Older"
"2955","124582","resources/real_fg_memory_images/orig4.jpg","Scam",9,"real",1,"Older"
"2956","124582","resources/real_fg_memory_images/fg23.jpg","Scam",5,"artificial",1,"Older"
"2957","124582","resources/real_fg_memory_images/orig2.jpg","Scam",7,"real",1,"Older"
"2958","124582","resources/real_fg_memory_images/orig9.jpg","Neutral",6,"real",0,"Older"
"2959","124582","resources/real_fg_memory_images/fg25.jpg","Neutral",8,"artificial",0,"Older"
"2960","124582","resources/real_fg_memory_images/fg26.jpg","Neutral",7,"artificial",0,"Older"
"2961","124582","resources/real_fg_memory_images/fg27.jpg","Neutral",3,"artificial",1,"Older"
"2962","124582","resources/real_fg_memory_images/fg28.jpg","Neutral",10,"artificial",0,"Older"
"2963","124582","resources/real_fg_memory_images/orig6.jpg","Scam",7,"real",1,"Older"
"2964","124582","resources/real_fg_memory_images/orig1.jpg","Scam",6,"real",1,"Older"
"2965","124582","resources/real_fg_memory_images/fg19.jpg","Scam",3,"artificial",1,"Older"
"2966","124582","resources/real_fg_memory_images/fg29.jpg","Neutral",2,"artificial",0,"Older"
"2967","124582","resources/real_fg_memory_images/orig5.jpg","Scam",6,"real",1,"Older"
"2968","124582","resources/real_fg_memory_images/fg24.jpg","Scam",4,"artificial",0,"Older"
"2969","124582","resources/real_fg_memory_images/orig12.jpg","Neutral",9,"real",0,"Older"
"2970","124582","resources/real_fg_memory_images/fg20.jpg","Scam",4,"artificial",1,"Older"
"2971","124582","resources/real_fg_memory_images/orig11.jpg","Neutral",3,"real",1,"Older"
"2972","124582","resources/real_fg_memory_images/fg22.jpg","Scam",10,"artificial",1,"Older"
"2973","124582","resources/real_fg_memory_images/orig8.jpg","Neutral",10,"real",0,"Older"
"2974","124582","resources/real_fg_memory_images/fg21.jpg","Scam",3,"artificial",1,"Older"
"2975","124582","resources/real_fg_memory_images/fg30.jpg","Neutral",8,"artificial",0,"Older"
"2976","163777","resources/real_fg_memory_images/orig12.jpg","Neutral",6,"real",1,"Older"
"2977","163777","resources/real_fg_memory_images/orig5.jpg","Scam",7,"real",0,"Older"
"2978","163777","resources/real_fg_memory_images/orig1.jpg","Scam",7,"real",1,"Older"
"2979","163777","resources/real_fg_memory_images/orig2.jpg","Scam",7,"real",1,"Older"
"2980","163777","resources/real_fg_memory_images/fg30.jpg","Neutral",9,"artificial",1,"Older"
"2981","163777","resources/real_fg_memory_images/fg29.jpg","Neutral",9,"artificial",1,"Older"
"2982","163777","resources/real_fg_memory_images/fg20.jpg","Scam",5,"artificial",1,"Older"
"2983","163777","resources/real_fg_memory_images/orig3.jpg","Scam",9,"real",1,"Older"
"2984","163777","resources/real_fg_memory_images/fg26.jpg","Neutral",7,"artificial",0,"Older"
"2985","163777","resources/real_fg_memory_images/fg22.jpg","Scam",9,"artificial",1,"Older"
"2986","163777","resources/real_fg_memory_images/fg23.jpg","Scam",7,"artificial",1,"Older"
"2987","163777","resources/real_fg_memory_images/orig4.jpg","Scam",8,"real",0,"Older"
"2988","163777","resources/real_fg_memory_images/fg27.jpg","Neutral",8,"artificial",1,"Older"
"2989","163777","resources/real_fg_memory_images/fg24.jpg","Scam",9,"artificial",0,"Older"
"2990","163777","resources/real_fg_memory_images/orig11.jpg","Neutral",7,"real",0,"Older"
"2991","163777","resources/real_fg_memory_images/orig7.jpg","Neutral",5,"real",0,"Older"
"2992","163777","resources/real_fg_memory_images/fg28.jpg","Neutral",9,"artificial",1,"Older"
"2993","163777","resources/real_fg_memory_images/orig8.jpg","Neutral",8,"real",1,"Older"
"2994","163777","resources/real_fg_memory_images/fg19.jpg","Scam",5,"artificial",0,"Older"
"2995","163777","resources/real_fg_memory_images/fg25.jpg","Neutral",5,"artificial",0,"Older"
"2996","163777","resources/real_fg_memory_images/orig6.jpg","Scam",9,"real",1,"Older"
"2997","163777","resources/real_fg_memory_images/orig10.jpg","Neutral",8,"real",0,"Older"
"2998","163777","resources/real_fg_memory_images/fg21.jpg","Scam",9,"artificial",1,"Older"
"2999","163777","resources/real_fg_memory_images/orig9.jpg","Neutral",6,"real",1,"Older"
"3000","167131","resources/real_fg_memory_images/orig4.jpg","Scam",10,"real",1,"Older"
"3001","167131","resources/real_fg_memory_images/orig7.jpg","Neutral",5,"real",1,"Older"
"3002","167131","resources/real_fg_memory_images/orig3.jpg","Scam",10,"real",1,"Older"
"3003","167131","resources/real_fg_memory_images/orig8.jpg","Neutral",10,"real",1,"Older"
"3004","167131","resources/real_fg_memory_images/fg28.jpg","Neutral",10,"artificial",0,"Older"
"3005","167131","resources/real_fg_memory_images/fg21.jpg","Scam",5,"artificial",1,"Older"
"3006","167131","resources/real_fg_memory_images/fg20.jpg","Scam",6,"artificial",1,"Older"
"3007","167131","resources/real_fg_memory_images/fg24.jpg","Scam",6,"artificial",1,"Older"
"3008","167131","resources/real_fg_memory_images/orig6.jpg","Scam",10,"real",1,"Older"
"3009","167131","resources/real_fg_memory_images/orig11.jpg","Neutral",4,"real",1,"Older"
"3010","167131","resources/real_fg_memory_images/fg22.jpg","Scam",10,"artificial",1,"Older"
"3011","167131","resources/real_fg_memory_images/orig12.jpg","Neutral",10,"real",0,"Older"
"3012","167131","resources/real_fg_memory_images/fg19.jpg","Scam",5,"artificial",1,"Older"
"3013","167131","resources/real_fg_memory_images/fg27.jpg","Neutral",3,"artificial",1,"Older"
"3014","167131","resources/real_fg_memory_images/orig9.jpg","Neutral",5,"real",0,"Older"
"3015","167131","resources/real_fg_memory_images/fg30.jpg","Neutral",5,"artificial",1,"Older"
"3016","167131","resources/real_fg_memory_images/fg26.jpg","Neutral",8,"artificial",0,"Older"
"3017","167131","resources/real_fg_memory_images/orig2.jpg","Scam",8,"real",1,"Older"
"3018","167131","resources/real_fg_memory_images/fg29.jpg","Neutral",8,"artificial",1,"Older"
"3019","167131","resources/real_fg_memory_images/orig1.jpg","Scam",5,"real",1,"Older"
"3020","167131","resources/real_fg_memory_images/fg23.jpg","Scam",5,"artificial",0,"Older"
"3021","167131","resources/real_fg_memory_images/orig10.jpg","Neutral",6,"real",0,"Older"
"3022","167131","resources/real_fg_memory_images/orig5.jpg","Scam",6,"real",1,"Older"
"3023","167131","resources/real_fg_memory_images/fg25.jpg","Neutral",6,"artificial",0,"Older"
"3024","324807","resources/real_fg_memory_images/orig12.jpg","Neutral",5,"real",1,"Older"
"3025","324807","resources/real_fg_memory_images/orig8.jpg","Neutral",5,"real",0,"Older"
"3026","324807","resources/real_fg_memory_images/fg29.jpg","Neutral",9,"artificial",1,"Older"
"3027","324807","resources/real_fg_memory_images/fg21.jpg","Scam",9,"artificial",1,"Older"
"3028","324807","resources/real_fg_memory_images/fg25.jpg","Neutral",9,"artificial",1,"Older"
"3029","324807","resources/real_fg_memory_images/orig5.jpg","Scam",6,"real",0,"Older"
"3030","324807","resources/real_fg_memory_images/orig9.jpg","Neutral",6,"real",1,"Older"
"3031","324807","resources/real_fg_memory_images/fg26.jpg","Neutral",5,"artificial",1,"Older"
"3032","324807","resources/real_fg_memory_images/orig10.jpg","Neutral",8,"real",0,"Older"
"3033","324807","resources/real_fg_memory_images/fg27.jpg","Neutral",6,"artificial",1,"Older"
"3034","324807","resources/real_fg_memory_images/orig7.jpg","Neutral",9,"real",0,"Older"
"3035","324807","resources/real_fg_memory_images/orig1.jpg","Scam",6,"real",0,"Older"
"3036","324807","resources/real_fg_memory_images/orig4.jpg","Scam",6,"real",0,"Older"
"3037","324807","resources/real_fg_memory_images/fg20.jpg","Scam",6,"artificial",1,"Older"
"3038","324807","resources/real_fg_memory_images/fg30.jpg","Neutral",6,"artificial",0,"Older"
"3039","324807","resources/real_fg_memory_images/orig11.jpg","Neutral",6,"real",1,"Older"
"3040","324807","resources/real_fg_memory_images/orig6.jpg","Scam",6,"real",0,"Older"
"3041","324807","resources/real_fg_memory_images/orig2.jpg","Scam",6,"real",0,"Older"
"3042","324807","resources/real_fg_memory_images/fg23.jpg","Scam",6,"artificial",0,"Older"
"3043","324807","resources/real_fg_memory_images/fg24.jpg","Scam",6,"artificial",0,"Older"
"3044","324807","resources/real_fg_memory_images/fg28.jpg","Neutral",6,"artificial",0,"Older"
"3045","324807","resources/real_fg_memory_images/fg22.jpg","Scam",6,"artificial",1,"Older"
"3046","324807","resources/real_fg_memory_images/fg19.jpg","Scam",6,"artificial",0,"Older"
"3047","324807","resources/real_fg_memory_images/orig3.jpg","Scam",6,"real",1,"Older"
"3048","385025","resources/real_fg_memory_images/orig12.jpg","Neutral",5,"real",0,"Older"
"3049","385025","resources/real_fg_memory_images/orig6.jpg","Scam",8,"real",0,"Older"
"3050","385025","resources/real_fg_memory_images/orig2.jpg","Scam",5,"real",0,"Older"
"3051","385025","resources/real_fg_memory_images/fg29.jpg","Neutral",5,"artificial",1,"Older"
"3052","385025","resources/real_fg_memory_images/fg30.jpg","Neutral",3,"artificial",0,"Older"
"3053","385025","resources/real_fg_memory_images/fg27.jpg","Neutral",10,"artificial",1,"Older"
"3054","385025","resources/real_fg_memory_images/orig5.jpg","Scam",2,"real",1,"Older"
"3055","385025","resources/real_fg_memory_images/fg24.jpg","Scam",5,"artificial",0,"Older"
"3056","385025","resources/real_fg_memory_images/orig11.jpg","Neutral",5,"real",1,"Older"
"3057","385025","resources/real_fg_memory_images/orig10.jpg","Neutral",4,"real",1,"Older"
"3058","385025","resources/real_fg_memory_images/orig7.jpg","Neutral",3,"real",1,"Older"
"3059","385025","resources/real_fg_memory_images/fg22.jpg","Scam",10,"artificial",1,"Older"
"3060","385025","resources/real_fg_memory_images/orig1.jpg","Scam",4,"real",1,"Older"
"3061","385025","resources/real_fg_memory_images/orig8.jpg","Neutral",2,"real",0,"Older"
"3062","385025","resources/real_fg_memory_images/fg25.jpg","Neutral",7,"artificial",1,"Older"
"3063","385025","resources/real_fg_memory_images/fg21.jpg","Scam",6,"artificial",0,"Older"
"3064","385025","resources/real_fg_memory_images/fg28.jpg","Neutral",5,"artificial",1,"Older"
"3065","385025","resources/real_fg_memory_images/orig9.jpg","Neutral",4,"real",0,"Older"
"3066","385025","resources/real_fg_memory_images/orig3.jpg","Scam",5,"real",0,"Older"
"3067","385025","resources/real_fg_memory_images/fg19.jpg","Scam",5,"artificial",0,"Older"
"3068","385025","resources/real_fg_memory_images/orig4.jpg","Scam",2,"real",1,"Older"
"3069","385025","resources/real_fg_memory_images/fg20.jpg","Scam",6,"artificial",0,"Older"
"3070","385025","resources/real_fg_memory_images/fg26.jpg","Neutral",6,"artificial",1,"Older"
"3071","385025","resources/real_fg_memory_images/fg23.jpg","Scam",4,"artificial",0,"Older"
"3072","425851","resources/real_fg_memory_images/fg29.jpg","Neutral",10,"artificial",1,"Older"
"3073","425851","resources/real_fg_memory_images/orig6.jpg","Scam",10,"real",0,"Older"
"3074","425851","resources/real_fg_memory_images/orig11.jpg","Neutral",10,"real",1,"Older"
"3075","425851","resources/real_fg_memory_images/orig4.jpg","Scam",10,"real",1,"Older"
"3076","425851","resources/real_fg_memory_images/orig3.jpg","Scam",10,"real",1,"Older"
"3077","425851","resources/real_fg_memory_images/fg19.jpg","Scam",10,"artificial",1,"Older"
"3078","425851","resources/real_fg_memory_images/fg27.jpg","Neutral",10,"artificial",0,"Older"
"3079","425851","resources/real_fg_memory_images/fg20.jpg","Scam",10,"artificial",1,"Older"
"3080","425851","resources/real_fg_memory_images/orig5.jpg","Scam",10,"real",1,"Older"
"3081","425851","resources/real_fg_memory_images/fg23.jpg","Scam",10,"artificial",1,"Older"
"3082","425851","resources/real_fg_memory_images/fg28.jpg","Neutral",10,"artificial",1,"Older"
"3083","425851","resources/real_fg_memory_images/orig7.jpg","Neutral",10,"real",0,"Older"
"3084","425851","resources/real_fg_memory_images/orig12.jpg","Neutral",10,"real",0,"Older"
"3085","425851","resources/real_fg_memory_images/fg25.jpg","Neutral",10,"artificial",0,"Older"
"3086","425851","resources/real_fg_memory_images/orig9.jpg","Neutral",10,"real",0,"Older"
"3087","425851","resources/real_fg_memory_images/fg22.jpg","Scam",10,"artificial",1,"Older"
"3088","425851","resources/real_fg_memory_images/fg26.jpg","Neutral",10,"artificial",1,"Older"
"3089","425851","resources/real_fg_memory_images/fg24.jpg","Scam",10,"artificial",0,"Older"
"3090","425851","resources/real_fg_memory_images/orig8.jpg","Neutral",10,"real",0,"Older"
"3091","425851","resources/real_fg_memory_images/fg30.jpg","Neutral",10,"artificial",0,"Older"
"3092","425851","resources/real_fg_memory_images/orig10.jpg","Neutral",10,"real",1,"Older"
"3093","425851","resources/real_fg_memory_images/orig2.jpg","Scam",10,"real",1,"Older"
"3094","425851","resources/real_fg_memory_images/fg21.jpg","Scam",10,"artificial",1,"Older"
"3095","425851","resources/real_fg_memory_images/orig1.jpg","Scam",10,"real",0,"Older"
"3096","431226","resources/real_fg_memory_images/fg23.jpg","Scam",8,"artificial",0,"Older"
"3097","431226","resources/real_fg_memory_images/fg19.jpg","Scam",10,"artificial",0,"Older"
"3098","431226","resources/real_fg_memory_images/orig10.jpg","Neutral",9,"real",0,"Older"
"3099","431226","resources/real_fg_memory_images/fg22.jpg","Scam",10,"artificial",1,"Older"
"3100","431226","resources/real_fg_memory_images/orig6.jpg","Scam",10,"real",1,"Older"
"3101","431226","resources/real_fg_memory_images/orig8.jpg","Neutral",10,"real",0,"Older"
"3102","431226","resources/real_fg_memory_images/orig7.jpg","Neutral",10,"real",0,"Older"
"3103","431226","resources/real_fg_memory_images/fg20.jpg","Scam",10,"artificial",0,"Older"
"3104","431226","resources/real_fg_memory_images/fg21.jpg","Scam",10,"artificial",0,"Older"
"3105","431226","resources/real_fg_memory_images/orig5.jpg","Scam",10,"real",1,"Older"
"3106","431226","resources/real_fg_memory_images/fg26.jpg","Neutral",10,"artificial",1,"Older"
"3107","431226","resources/real_fg_memory_images/orig12.jpg","Neutral",10,"real",0,"Older"
"3108","431226","resources/real_fg_memory_images/orig11.jpg","Neutral",10,"real",0,"Older"
"3109","431226","resources/real_fg_memory_images/fg24.jpg","Scam",10,"artificial",1,"Older"
"3110","431226","resources/real_fg_memory_images/fg28.jpg","Neutral",10,"artificial",0,"Older"
"3111","431226","resources/real_fg_memory_images/orig4.jpg","Scam",10,"real",1,"Older"
"3112","431226","resources/real_fg_memory_images/fg27.jpg","Neutral",10,"artificial",0,"Older"
"3113","431226","resources/real_fg_memory_images/orig2.jpg","Scam",10,"real",1,"Older"
"3114","431226","resources/real_fg_memory_images/fg30.jpg","Neutral",10,"artificial",0,"Older"
"3115","431226","resources/real_fg_memory_images/orig1.jpg","Scam",8,"real",1,"Older"
"3116","431226","resources/real_fg_memory_images/orig3.jpg","Scam",10,"real",1,"Older"
"3117","431226","resources/real_fg_memory_images/orig9.jpg","Neutral",10,"real",1,"Older"
"3118","431226","resources/real_fg_memory_images/fg29.jpg","Neutral",10,"artificial",1,"Older"
"3119","431226","resources/real_fg_memory_images/fg25.jpg","Neutral",10,"artificial",0,"Older"
"3120","444172","resources/real_fg_memory_images/fg19.jpg","Scam",6,"artificial",0,"Older"
"3121","444172","resources/real_fg_memory_images/orig5.jpg","Scam",7,"real",1,"Older"
"3122","444172","resources/real_fg_memory_images/orig12.jpg","Neutral",7,"real",0,"Older"
"3123","444172","resources/real_fg_memory_images/orig4.jpg","Scam",7,"real",1,"Older"
"3124","444172","resources/real_fg_memory_images/orig9.jpg","Neutral",8,"real",0,"Older"
"3125","444172","resources/real_fg_memory_images/fg29.jpg","Neutral",8,"artificial",1,"Older"
"3126","444172","resources/real_fg_memory_images/fg23.jpg","Scam",8,"artificial",1,"Older"
"3127","444172","resources/real_fg_memory_images/fg30.jpg","Neutral",8,"artificial",1,"Older"
"3128","444172","resources/real_fg_memory_images/orig11.jpg","Neutral",4,"real",1,"Older"
"3129","444172","resources/real_fg_memory_images/orig1.jpg","Scam",9,"real",1,"Older"
"3130","444172","resources/real_fg_memory_images/fg22.jpg","Scam",9,"artificial",1,"Older"
"3131","444172","resources/real_fg_memory_images/fg25.jpg","Neutral",4,"artificial",1,"Older"
"3132","444172","resources/real_fg_memory_images/fg26.jpg","Neutral",3,"artificial",1,"Older"
"3133","444172","resources/real_fg_memory_images/orig3.jpg","Scam",7,"real",1,"Older"
"3134","444172","resources/real_fg_memory_images/orig10.jpg","Neutral",5,"real",1,"Older"
"3135","444172","resources/real_fg_memory_images/fg21.jpg","Scam",5,"artificial",1,"Older"
"3136","444172","resources/real_fg_memory_images/fg27.jpg","Neutral",7,"artificial",1,"Older"
"3137","444172","resources/real_fg_memory_images/fg24.jpg","Scam",5,"artificial",0,"Older"
"3138","444172","resources/real_fg_memory_images/fg20.jpg","Scam",8,"artificial",1,"Older"
"3139","444172","resources/real_fg_memory_images/orig8.jpg","Neutral",7,"real",0,"Older"
"3140","444172","resources/real_fg_memory_images/orig6.jpg","Scam",7,"real",1,"Older"
"3141","444172","resources/real_fg_memory_images/fg28.jpg","Neutral",8,"artificial",0,"Older"
"3142","444172","resources/real_fg_memory_images/orig7.jpg","Neutral",7,"real",0,"Older"
"3143","444172","resources/real_fg_memory_images/orig2.jpg","Scam",5,"real",0,"Older"
"3144","452555","resources/real_fg_memory_images/orig10.jpg","Neutral",3,"real",1,"Older"
"3145","452555","resources/real_fg_memory_images/fg28.jpg","Neutral",6,"artificial",1,"Older"
"3146","452555","resources/real_fg_memory_images/fg30.jpg","Neutral",6,"artificial",0,"Older"
"3147","452555","resources/real_fg_memory_images/fg20.jpg","Scam",5,"artificial",0,"Older"
"3148","452555","resources/real_fg_memory_images/fg23.jpg","Scam",4,"artificial",1,"Older"
"3149","452555","resources/real_fg_memory_images/fg26.jpg","Neutral",6,"artificial",1,"Older"
"3150","452555","resources/real_fg_memory_images/fg25.jpg","Neutral",4,"artificial",1,"Older"
"3151","452555","resources/real_fg_memory_images/orig4.jpg","Scam",6,"real",1,"Older"
"3152","452555","resources/real_fg_memory_images/fg29.jpg","Neutral",4,"artificial",0,"Older"
"3153","452555","resources/real_fg_memory_images/orig5.jpg","Scam",4,"real",1,"Older"
"3154","452555","resources/real_fg_memory_images/orig8.jpg","Neutral",6,"real",1,"Older"
"3155","452555","resources/real_fg_memory_images/orig3.jpg","Scam",6,"real",0,"Older"
"3156","452555","resources/real_fg_memory_images/orig7.jpg","Neutral",4,"real",0,"Older"
"3157","452555","resources/real_fg_memory_images/orig12.jpg","Neutral",4,"real",1,"Older"
"3158","452555","resources/real_fg_memory_images/fg27.jpg","Neutral",6,"artificial",1,"Older"
"3159","452555","resources/real_fg_memory_images/orig11.jpg","Neutral",5,"real",1,"Older"
"3160","452555","resources/real_fg_memory_images/orig1.jpg","Scam",4,"real",0,"Older"
"3161","452555","resources/real_fg_memory_images/fg24.jpg","Scam",4,"artificial",1,"Older"
"3162","452555","resources/real_fg_memory_images/fg21.jpg","Scam",4,"artificial",0,"Older"
"3163","452555","resources/real_fg_memory_images/fg19.jpg","Scam",4,"artificial",0,"Older"
"3164","452555","resources/real_fg_memory_images/orig9.jpg","Neutral",4,"real",0,"Older"
"3165","452555","resources/real_fg_memory_images/fg22.jpg","Scam",6,"artificial",0,"Older"
"3166","452555","resources/real_fg_memory_images/orig2.jpg","Scam",4,"real",1,"Older"
"3167","630358","resources/real_fg_memory_images/orig12.jpg","Neutral",8,"real",0,"Older"
"3168","630358","resources/real_fg_memory_images/fg24.jpg","Scam",6,"artificial",0,"Older"
"3169","630358","resources/real_fg_memory_images/fg27.jpg","Neutral",5,"artificial",1,"Older"
"3170","630358","resources/real_fg_memory_images/fg26.jpg","Neutral",5,"artificial",1,"Older"
"3171","630358","resources/real_fg_memory_images/fg23.jpg","Scam",8,"artificial",1,"Older"
"3172","630358","resources/real_fg_memory_images/orig6.jpg","Scam",5,"real",0,"Older"
"3173","630358","resources/real_fg_memory_images/orig2.jpg","Scam",7,"real",0,"Older"
"3174","630358","resources/real_fg_memory_images/fg25.jpg","Neutral",5,"artificial",1,"Older"
"3175","630358","resources/real_fg_memory_images/orig8.jpg","Neutral",6,"real",1,"Older"
"3176","630358","resources/real_fg_memory_images/orig9.jpg","Neutral",5,"real",0,"Older"
"3177","630358","resources/real_fg_memory_images/orig11.jpg","Neutral",4,"real",1,"Older"
"3178","630358","resources/real_fg_memory_images/orig5.jpg","Scam",7,"real",1,"Older"
"3179","630358","resources/real_fg_memory_images/fg21.jpg","Scam",5,"artificial",1,"Older"
"3180","630358","resources/real_fg_memory_images/orig4.jpg","Scam",7,"real",0,"Older"
"3181","630358","resources/real_fg_memory_images/fg19.jpg","Scam",6,"artificial",0,"Older"
"3182","630358","resources/real_fg_memory_images/fg28.jpg","Neutral",7,"artificial",1,"Older"
"3183","630358","resources/real_fg_memory_images/fg30.jpg","Neutral",5,"artificial",1,"Older"
"3184","630358","resources/real_fg_memory_images/fg20.jpg","Scam",2,"artificial",0,"Older"
"3185","630358","resources/real_fg_memory_images/orig7.jpg","Neutral",3,"real",1,"Older"
"3186","630358","resources/real_fg_memory_images/fg22.jpg","Scam",8,"artificial",1,"Older"
"3187","630358","resources/real_fg_memory_images/orig1.jpg","Scam",6,"real",1,"Older"
"3188","630358","resources/real_fg_memory_images/fg29.jpg","Neutral",5,"artificial",1,"Older"
"3189","630358","resources/real_fg_memory_images/orig3.jpg","Scam",9,"real",1,"Older"
"3190","630358","resources/real_fg_memory_images/orig10.jpg","Neutral",6,"real",0,"Older"
"3191","682144","resources/real_fg_memory_images/orig5.jpg","Scam",7,"real",0,"Older"
"3192","682144","resources/real_fg_memory_images/fg30.jpg","Neutral",10,"artificial",1,"Older"
"3193","682144","resources/real_fg_memory_images/fg28.jpg","Neutral",10,"artificial",1,"Older"
"3194","682144","resources/real_fg_memory_images/fg26.jpg","Neutral",7,"artificial",0,"Older"
"3195","682144","resources/real_fg_memory_images/orig12.jpg","Neutral",10,"real",1,"Older"
"3196","682144","resources/real_fg_memory_images/orig6.jpg","Scam",10,"real",1,"Older"
"3197","682144","resources/real_fg_memory_images/orig9.jpg","Neutral",7,"real",0,"Older"
"3198","682144","resources/real_fg_memory_images/fg21.jpg","Scam",8,"artificial",0,"Older"
"3199","682144","resources/real_fg_memory_images/fg20.jpg","Scam",6,"artificial",0,"Older"
"3200","682144","resources/real_fg_memory_images/orig8.jpg","Neutral",10,"real",1,"Older"
"3201","682144","resources/real_fg_memory_images/fg23.jpg","Scam",9,"artificial",1,"Older"
"3202","682144","resources/real_fg_memory_images/orig1.jpg","Scam",8,"real",1,"Older"
"3203","682144","resources/real_fg_memory_images/fg25.jpg","Neutral",6,"artificial",0,"Older"
"3204","682144","resources/real_fg_memory_images/orig7.jpg","Neutral",10,"real",1,"Older"
"3205","682144","resources/real_fg_memory_images/orig2.jpg","Scam",10,"real",0,"Older"
"3206","682144","resources/real_fg_memory_images/fg24.jpg","Scam",6,"artificial",0,"Older"
"3207","682144","resources/real_fg_memory_images/orig11.jpg","Neutral",7,"real",1,"Older"
"3208","682144","resources/real_fg_memory_images/orig4.jpg","Scam",10,"real",1,"Older"
"3209","682144","resources/real_fg_memory_images/fg19.jpg","Scam",7,"artificial",0,"Older"
"3210","682144","resources/real_fg_memory_images/fg27.jpg","Neutral",9,"artificial",1,"Older"
"3211","682144","resources/real_fg_memory_images/fg22.jpg","Scam",6,"artificial",0,"Older"
"3212","682144","resources/real_fg_memory_images/orig10.jpg","Neutral",7,"real",1,"Older"
"3213","682144","resources/real_fg_memory_images/orig3.jpg","Scam",10,"real",1,"Older"
"3214","682144","resources/real_fg_memory_images/fg29.jpg","Neutral",7,"artificial",1,"Older"
"3215","722296","resources/real_fg_memory_images/orig8.jpg","Neutral",10,"real",1,"Older"
"3216","722296","resources/real_fg_memory_images/fg22.jpg","Scam",10,"artificial",0,"Older"
"3217","722296","resources/real_fg_memory_images/fg27.jpg","Neutral",10,"artificial",1,"Older"
"3218","722296","resources/real_fg_memory_images/orig9.jpg","Neutral",10,"real",0,"Older"
"3219","722296","resources/real_fg_memory_images/fg19.jpg","Scam",10,"artificial",0,"Older"
"3220","722296","resources/real_fg_memory_images/orig5.jpg","Scam",10,"real",0,"Older"
"3221","722296","resources/real_fg_memory_images/orig3.jpg","Scam",10,"real",0,"Older"
"3222","722296","resources/real_fg_memory_images/fg25.jpg","Neutral",10,"artificial",0,"Older"
"3223","722296","resources/real_fg_memory_images/orig4.jpg","Scam",10,"real",1,"Older"
"3224","722296","resources/real_fg_memory_images/orig12.jpg","Neutral",10,"real",1,"Older"
"3225","722296","resources/real_fg_memory_images/fg20.jpg","Scam",10,"artificial",1,"Older"
"3226","722296","resources/real_fg_memory_images/orig7.jpg","Neutral",10,"real",1,"Older"
"3227","722296","resources/real_fg_memory_images/fg29.jpg","Neutral",10,"artificial",1,"Older"
"3228","722296","resources/real_fg_memory_images/fg24.jpg","Scam",10,"artificial",0,"Older"
"3229","722296","resources/real_fg_memory_images/orig1.jpg","Scam",10,"real",1,"Older"
"3230","722296","resources/real_fg_memory_images/orig6.jpg","Scam",10,"real",1,"Older"
"3231","722296","resources/real_fg_memory_images/fg26.jpg","Neutral",10,"artificial",1,"Older"
"3232","722296","resources/real_fg_memory_images/fg30.jpg","Neutral",10,"artificial",1,"Older"
"3233","722296","resources/real_fg_memory_images/fg21.jpg","Scam",10,"artificial",1,"Older"
"3234","722296","resources/real_fg_memory_images/orig2.jpg","Scam",10,"real",0,"Older"
"3235","722296","resources/real_fg_memory_images/fg28.jpg","Neutral",10,"artificial",1,"Older"
"3236","722296","resources/real_fg_memory_images/orig10.jpg","Neutral",10,"real",0,"Older"
"3237","722296","resources/real_fg_memory_images/orig11.jpg","Neutral",10,"real",0,"Older"
"3238","722296","resources/real_fg_memory_images/fg23.jpg","Scam",10,"artificial",0,"Older"
"3239","735788","resources/real_fg_memory_images/orig5.jpg","Scam",7,"real",1,"Older"
"3240","735788","resources/real_fg_memory_images/fg28.jpg","Neutral",7,"artificial",0,"Older"
"3241","735788","resources/real_fg_memory_images/fg22.jpg","Scam",7,"artificial",1,"Older"
"3242","735788","resources/real_fg_memory_images/orig8.jpg","Neutral",7,"real",1,"Older"
"3243","735788","resources/real_fg_memory_images/fg21.jpg","Scam",4,"artificial",1,"Older"
"3244","735788","resources/real_fg_memory_images/orig10.jpg","Neutral",4,"real",1,"Older"
"3245","735788","resources/real_fg_memory_images/fg23.jpg","Scam",3,"artificial",0,"Older"
"3246","735788","resources/real_fg_memory_images/fg30.jpg","Neutral",9,"artificial",1,"Older"
"3247","735788","resources/real_fg_memory_images/fg29.jpg","Neutral",8,"artificial",1,"Older"
"3248","735788","resources/real_fg_memory_images/fg19.jpg","Scam",3,"artificial",1,"Older"
"3249","735788","resources/real_fg_memory_images/orig2.jpg","Scam",5,"real",1,"Older"
"3250","735788","resources/real_fg_memory_images/orig7.jpg","Neutral",2,"real",1,"Older"
"3251","735788","resources/real_fg_memory_images/orig11.jpg","Neutral",5,"real",1,"Older"
"3252","735788","resources/real_fg_memory_images/orig6.jpg","Scam",2,"real",0,"Older"
"3253","735788","resources/real_fg_memory_images/fg27.jpg","Neutral",1,"artificial",1,"Older"
"3254","735788","resources/real_fg_memory_images/fg24.jpg","Scam",4,"artificial",1,"Older"
"3255","735788","resources/real_fg_memory_images/fg26.jpg","Neutral",6,"artificial",1,"Older"
"3256","735788","resources/real_fg_memory_images/orig9.jpg","Neutral",5,"real",1,"Older"
"3257","735788","resources/real_fg_memory_images/orig4.jpg","Scam",3,"real",1,"Older"
"3258","735788","resources/real_fg_memory_images/orig3.jpg","Scam",9,"real",1,"Older"
"3259","735788","resources/real_fg_memory_images/fg25.jpg","Neutral",3,"artificial",0,"Older"
"3260","735788","resources/real_fg_memory_images/orig12.jpg","Neutral",5,"real",0,"Older"
"3261","735788","resources/real_fg_memory_images/fg20.jpg","Scam",8,"artificial",1,"Older"
"3262","735788","resources/real_fg_memory_images/orig1.jpg","Scam",7,"real",0,"Older"
"3263","773358","resources/real_fg_memory_images/fg25.jpg","Neutral",7,"artificial",1,"Older"
"3264","773358","resources/real_fg_memory_images/orig11.jpg","Neutral",6,"real",1,"Older"
"3265","773358","resources/real_fg_memory_images/fg19.jpg","Scam",9,"artificial",1,"Older"
"3266","773358","resources/real_fg_memory_images/orig12.jpg","Neutral",8,"real",1,"Older"
"3267","773358","resources/real_fg_memory_images/fg30.jpg","Neutral",9,"artificial",1,"Older"
"3268","773358","resources/real_fg_memory_images/orig6.jpg","Scam",6,"real",0,"Older"
"3269","773358","resources/real_fg_memory_images/fg20.jpg","Scam",10,"artificial",1,"Older"
"3270","773358","resources/real_fg_memory_images/orig8.jpg","Neutral",4,"real",0,"Older"
"3271","773358","resources/real_fg_memory_images/orig2.jpg","Scam",7,"real",1,"Older"
"3272","773358","resources/real_fg_memory_images/fg22.jpg","Scam",4,"artificial",1,"Older"
"3273","773358","resources/real_fg_memory_images/orig9.jpg","Neutral",2,"real",0,"Older"
"3274","773358","resources/real_fg_memory_images/fg23.jpg","Scam",7,"artificial",0,"Older"
"3275","773358","resources/real_fg_memory_images/fg28.jpg","Neutral",9,"artificial",1,"Older"
"3276","773358","resources/real_fg_memory_images/fg29.jpg","Neutral",7,"artificial",1,"Older"
"3277","773358","resources/real_fg_memory_images/fg27.jpg","Neutral",8,"artificial",1,"Older"
"3278","773358","resources/real_fg_memory_images/fg24.jpg","Scam",4,"artificial",1,"Older"
"3279","773358","resources/real_fg_memory_images/orig1.jpg","Scam",2,"real",1,"Older"
"3280","773358","resources/real_fg_memory_images/fg26.jpg","Neutral",5,"artificial",0,"Older"
"3281","773358","resources/real_fg_memory_images/orig10.jpg","Neutral",7,"real",0,"Older"
"3282","773358","resources/real_fg_memory_images/orig4.jpg","Scam",4,"real",1,"Older"
"3283","773358","resources/real_fg_memory_images/orig5.jpg","Scam",4,"real",1,"Older"
"3284","773358","resources/real_fg_memory_images/orig7.jpg","Neutral",6,"real",0,"Older"
"3285","773358","resources/real_fg_memory_images/orig3.jpg","Scam",7,"real",1,"Older"
"3286","773358","resources/real_fg_memory_images/fg21.jpg","Scam",9,"artificial",1,"Older"
"3287","788109","resources/real_fg_memory_images/fg26.jpg","Neutral",5,"artificial",1,"Older"
"3288","788109","resources/real_fg_memory_images/orig5.jpg","Scam",8,"real",1,"Older"
"3289","788109","resources/real_fg_memory_images/orig3.jpg","Scam",10,"real",1,"Older"
"3290","788109","resources/real_fg_memory_images/fg29.jpg","Neutral",5,"artificial",1,"Older"
"3291","788109","resources/real_fg_memory_images/fg27.jpg","Neutral",8,"artificial",0,"Older"
"3292","788109","resources/real_fg_memory_images/orig6.jpg","Scam",8,"real",1,"Older"
"3293","788109","resources/real_fg_memory_images/orig7.jpg","Neutral",8,"real",0,"Older"
"3294","788109","resources/real_fg_memory_images/orig8.jpg","Neutral",5,"real",1,"Older"
"3295","788109","resources/real_fg_memory_images/fg23.jpg","Scam",8,"artificial",1,"Older"
"3296","788109","resources/real_fg_memory_images/fg22.jpg","Scam",8,"artificial",1,"Older"
"3297","788109","resources/real_fg_memory_images/orig10.jpg","Neutral",8,"real",0,"Older"
"3298","788109","resources/real_fg_memory_images/fg20.jpg","Scam",9,"artificial",1,"Older"
"3299","788109","resources/real_fg_memory_images/fg25.jpg","Neutral",7,"artificial",0,"Older"
"3300","788109","resources/real_fg_memory_images/orig11.jpg","Neutral",5,"real",1,"Older"
"3301","788109","resources/real_fg_memory_images/fg30.jpg","Neutral",5,"artificial",0,"Older"
"3302","788109","resources/real_fg_memory_images/orig1.jpg","Scam",10,"real",1,"Older"
"3303","788109","resources/real_fg_memory_images/fg19.jpg","Scam",6,"artificial",1,"Older"
"3304","788109","resources/real_fg_memory_images/fg24.jpg","Scam",6,"artificial",0,"Older"
"3305","788109","resources/real_fg_memory_images/orig2.jpg","Scam",4,"real",0,"Older"
"3306","788109","resources/real_fg_memory_images/fg28.jpg","Neutral",6,"artificial",1,"Older"
"3307","788109","resources/real_fg_memory_images/orig12.jpg","Neutral",8,"real",0,"Older"
"3308","788109","resources/real_fg_memory_images/orig4.jpg","Scam",4,"real",0,"Older"
"3309","788109","resources/real_fg_memory_images/fg21.jpg","Scam",7,"artificial",1,"Older"
"3310","788109","resources/real_fg_memory_images/orig9.jpg","Neutral",5,"real",1,"Older"
"3311","840605","resources/real_fg_memory_images/orig4.jpg","Scam",10,"real",1,"Older"
"3312","840605","resources/real_fg_memory_images/orig7.jpg","Neutral",10,"real",0,"Older"
"3313","840605","resources/real_fg_memory_images/orig5.jpg","Scam",10,"real",1,"Older"
"3314","840605","resources/real_fg_memory_images/fg26.jpg","Neutral",10,"artificial",1,"Older"
"3315","840605","resources/real_fg_memory_images/fg23.jpg","Scam",10,"artificial",0,"Older"
"3316","840605","resources/real_fg_memory_images/fg24.jpg","Scam",10,"artificial",1,"Older"
"3317","840605","resources/real_fg_memory_images/orig12.jpg","Neutral",10,"real",1,"Older"
"3318","840605","resources/real_fg_memory_images/orig2.jpg","Scam",10,"real",1,"Older"
"3319","840605","resources/real_fg_memory_images/fg22.jpg","Scam",10,"artificial",0,"Older"
"3320","840605","resources/real_fg_memory_images/fg20.jpg","Scam",10,"artificial",1,"Older"
"3321","840605","resources/real_fg_memory_images/fg27.jpg","Neutral",10,"artificial",1,"Older"
"3322","840605","resources/real_fg_memory_images/orig1.jpg","Scam",10,"real",1,"Older"
"3323","840605","resources/real_fg_memory_images/orig3.jpg","Scam",10,"real",1,"Older"
"3324","840605","resources/real_fg_memory_images/orig9.jpg","Neutral",10,"real",1,"Older"
"3325","840605","resources/real_fg_memory_images/fg19.jpg","Scam",10,"artificial",1,"Older"
"3326","840605","resources/real_fg_memory_images/orig8.jpg","Neutral",10,"real",1,"Older"
"3327","840605","resources/real_fg_memory_images/fg30.jpg","Neutral",10,"artificial",1,"Older"
"3328","840605","resources/real_fg_memory_images/fg29.jpg","Neutral",10,"artificial",1,"Older"
"3329","840605","resources/real_fg_memory_images/orig11.jpg","Neutral",10,"real",1,"Older"
"3330","840605","resources/real_fg_memory_images/orig10.jpg","Neutral",10,"real",0,"Older"
"3331","840605","resources/real_fg_memory_images/fg25.jpg","Neutral",10,"artificial",0,"Older"
"3332","840605","resources/real_fg_memory_images/orig6.jpg","Scam",5,"real",0,"Older"
"3333","840605","resources/real_fg_memory_images/fg21.jpg","Scam",10,"artificial",1,"Older"
"3334","840605","resources/real_fg_memory_images/fg28.jpg","Neutral",10,"artificial",1,"Older"
"3335","860349","resources/real_fg_memory_images/orig10.jpg","Neutral",8,"real",0,"Older"
"3336","860349","resources/real_fg_memory_images/orig7.jpg","Neutral",7,"real",0,"Older"
"3337","860349","resources/real_fg_memory_images/orig2.jpg","Scam",5,"real",1,"Older"
"3338","860349","resources/real_fg_memory_images/fg20.jpg","Scam",7,"artificial",0,"Older"
"3339","860349","resources/real_fg_memory_images/fg29.jpg","Neutral",7,"artificial",1,"Older"
"3340","860349","resources/real_fg_memory_images/orig8.jpg","Neutral",7,"real",1,"Older"
"3341","860349","resources/real_fg_memory_images/fg21.jpg","Scam",8,"artificial",1,"Older"
"3342","860349","resources/real_fg_memory_images/orig12.jpg","Neutral",8,"real",0,"Older"
"3343","860349","resources/real_fg_memory_images/fg26.jpg","Neutral",8,"artificial",1,"Older"
"3344","860349","resources/real_fg_memory_images/fg24.jpg","Scam",8,"artificial",0,"Older"
"3345","860349","resources/real_fg_memory_images/orig9.jpg","Neutral",6,"real",1,"Older"
"3346","860349","resources/real_fg_memory_images/fg19.jpg","Scam",6,"artificial",1,"Older"
"3347","860349","resources/real_fg_memory_images/orig11.jpg","Neutral",7,"real",1,"Older"
"3348","860349","resources/real_fg_memory_images/orig3.jpg","Scam",9,"real",1,"Older"
"3349","860349","resources/real_fg_memory_images/fg25.jpg","Neutral",7,"artificial",1,"Older"
"3350","860349","resources/real_fg_memory_images/fg28.jpg","Neutral",7,"artificial",1,"Older"
"3351","860349","resources/real_fg_memory_images/fg27.jpg","Neutral",7,"artificial",1,"Older"
"3352","860349","resources/real_fg_memory_images/fg23.jpg","Scam",8,"artificial",1,"Older"
"3353","860349","resources/real_fg_memory_images/fg22.jpg","Scam",8,"artificial",0,"Older"
"3354","860349","resources/real_fg_memory_images/orig5.jpg","Scam",7,"real",1,"Older"
"3355","860349","resources/real_fg_memory_images/orig1.jpg","Scam",7,"real",1,"Older"
"3356","860349","resources/real_fg_memory_images/fg30.jpg","Neutral",8,"artificial",1,"Older"
"3357","860349","resources/real_fg_memory_images/orig6.jpg","Scam",7,"real",0,"Older"
"3358","860349","resources/real_fg_memory_images/orig4.jpg","Scam",6,"real",0,"Older"
"3359","891997","resources/real_fg_memory_images/orig2.jpg","Scam",5,"real",1,"Older"
"3360","891997","resources/real_fg_memory_images/orig5.jpg","Scam",5,"real",0,"Older"
"3361","891997","resources/real_fg_memory_images/orig6.jpg","Scam",7,"real",1,"Older"
"3362","891997","resources/real_fg_memory_images/fg28.jpg","Neutral",6,"artificial",0,"Older"
"3363","891997","resources/real_fg_memory_images/orig7.jpg","Neutral",4,"real",1,"Older"
"3364","891997","resources/real_fg_memory_images/fg30.jpg","Neutral",5,"artificial",1,"Older"
"3365","891997","resources/real_fg_memory_images/orig4.jpg","Scam",7,"real",1,"Older"
"3366","891997","resources/real_fg_memory_images/fg19.jpg","Scam",8,"artificial",1,"Older"
"3367","891997","resources/real_fg_memory_images/orig1.jpg","Scam",7,"real",1,"Older"
"3368","891997","resources/real_fg_memory_images/fg20.jpg","Scam",6,"artificial",1,"Older"
"3369","891997","resources/real_fg_memory_images/fg24.jpg","Scam",8,"artificial",1,"Older"
"3370","891997","resources/real_fg_memory_images/fg23.jpg","Scam",8,"artificial",1,"Older"
"3371","891997","resources/real_fg_memory_images/fg27.jpg","Neutral",7,"artificial",1,"Older"
"3372","891997","resources/real_fg_memory_images/fg22.jpg","Scam",7,"artificial",0,"Older"
"3373","891997","resources/real_fg_memory_images/fg29.jpg","Neutral",4,"artificial",1,"Older"
"3374","891997","resources/real_fg_memory_images/orig9.jpg","Neutral",6,"real",1,"Older"
"3375","891997","resources/real_fg_memory_images/orig3.jpg","Scam",7,"real",1,"Older"
"3376","891997","resources/real_fg_memory_images/fg26.jpg","Neutral",8,"artificial",0,"Older"
"3377","891997","resources/real_fg_memory_images/fg21.jpg","Scam",8,"artificial",1,"Older"
"3378","891997","resources/real_fg_memory_images/orig12.jpg","Neutral",8,"real",0,"Older"
"3379","891997","resources/real_fg_memory_images/orig10.jpg","Neutral",7,"real",1,"Older"
"3380","891997","resources/real_fg_memory_images/fg25.jpg","Neutral",8,"artificial",1,"Older"
"3381","891997","resources/real_fg_memory_images/orig11.jpg","Neutral",6,"real",0,"Older"
"3382","899929","resources/real_fg_memory_images/orig3.jpg","Scam",10,"real",1,"Older"
"3383","899929","resources/real_fg_memory_images/orig8.jpg","Neutral",8,"real",1,"Older"
"3384","899929","resources/real_fg_memory_images/orig6.jpg","Scam",5,"real",1,"Older"
"3385","899929","resources/real_fg_memory_images/fg30.jpg","Neutral",5,"artificial",1,"Older"
"3386","899929","resources/real_fg_memory_images/fg19.jpg","Scam",5,"artificial",1,"Older"
"3387","899929","resources/real_fg_memory_images/fg22.jpg","Scam",9,"artificial",1,"Older"
"3388","899929","resources/real_fg_memory_images/orig11.jpg","Neutral",10,"real",1,"Older"
"3389","899929","resources/real_fg_memory_images/fg26.jpg","Neutral",8,"artificial",1,"Older"
"3390","899929","resources/real_fg_memory_images/fg28.jpg","Neutral",7,"artificial",1,"Older"
"3391","899929","resources/real_fg_memory_images/fg21.jpg","Scam",4,"artificial",0,"Older"
"3392","899929","resources/real_fg_memory_images/fg20.jpg","Scam",3,"artificial",0,"Older"
"3393","899929","resources/real_fg_memory_images/fg29.jpg","Neutral",7,"artificial",1,"Older"
"3394","899929","resources/real_fg_memory_images/fg25.jpg","Neutral",0,"artificial",1,"Older"
"3395","899929","resources/real_fg_memory_images/orig12.jpg","Neutral",5,"real",0,"Older"
"3396","899929","resources/real_fg_memory_images/fg27.jpg","Neutral",7,"artificial",1,"Older"
"3397","899929","resources/real_fg_memory_images/fg23.jpg","Scam",0,"artificial",0,"Older"
"3398","899929","resources/real_fg_memory_images/orig9.jpg","Neutral",0,"real",1,"Older"
"3399","899929","resources/real_fg_memory_images/orig10.jpg","Neutral",0,"real",1,"Older"
"3400","899929","resources/real_fg_memory_images/orig7.jpg","Neutral",6,"real",0,"Older"
"3401","899929","resources/real_fg_memory_images/orig5.jpg","Scam",6,"real",1,"Older"
"3402","899929","resources/real_fg_memory_images/orig1.jpg","Scam",0,"real",1,"Older"
"3403","899929","resources/real_fg_memory_images/orig2.jpg","Scam",5,"real",1,"Older"
"3404","899929","resources/real_fg_memory_images/fg24.jpg","Scam",5,"artificial",1,"Older"
"3405","899929","resources/real_fg_memory_images/orig4.jpg","Scam",0,"real",0,"Older"
"3406","927764","resources/real_fg_memory_images/fg27.jpg","Neutral",9,"artificial",1,"Older"
"3407","927764","resources/real_fg_memory_images/orig3.jpg","Scam",9,"real",1,"Older"
"3408","927764","resources/real_fg_memory_images/orig8.jpg","Neutral",10,"real",0,"Older"
"3409","927764","resources/real_fg_memory_images/orig4.jpg","Scam",10,"real",1,"Older"
"3410","927764","resources/real_fg_memory_images/orig11.jpg","Neutral",8,"real",1,"Older"
"3411","927764","resources/real_fg_memory_images/fg20.jpg","Scam",10,"artificial",0,"Older"
"3412","927764","resources/real_fg_memory_images/orig2.jpg","Scam",5,"real",0,"Older"
"3413","927764","resources/real_fg_memory_images/orig6.jpg","Scam",9,"real",1,"Older"
"3414","927764","resources/real_fg_memory_images/fg24.jpg","Scam",10,"artificial",0,"Older"
"3415","927764","resources/real_fg_memory_images/fg26.jpg","Neutral",10,"artificial",1,"Older"
"3416","927764","resources/real_fg_memory_images/fg25.jpg","Neutral",9,"artificial",1,"Older"
"3417","927764","resources/real_fg_memory_images/fg29.jpg","Neutral",5,"artificial",0,"Older"
"3418","927764","resources/real_fg_memory_images/fg23.jpg","Scam",8,"artificial",1,"Older"
"3419","927764","resources/real_fg_memory_images/orig7.jpg","Neutral",10,"real",0,"Older"
"3420","927764","resources/real_fg_memory_images/fg30.jpg","Neutral",9,"artificial",1,"Older"
"3421","927764","resources/real_fg_memory_images/orig9.jpg","Neutral",10,"real",0,"Older"
"3422","927764","resources/real_fg_memory_images/fg28.jpg","Neutral",10,"artificial",1,"Older"
"3423","927764","resources/real_fg_memory_images/orig12.jpg","Neutral",3,"real",0,"Older"
"3424","927764","resources/real_fg_memory_images/orig1.jpg","Scam",9,"real",1,"Older"
"3425","927764","resources/real_fg_memory_images/orig10.jpg","Neutral",9,"real",0,"Older"
"3426","927764","resources/real_fg_memory_images/fg22.jpg","Scam",9,"artificial",0,"Older"
"3427","927764","resources/real_fg_memory_images/orig5.jpg","Scam",10,"real",1,"Older"
"3428","927764","resources/real_fg_memory_images/fg19.jpg","Scam",9,"artificial",1,"Older"
"3429","927764","resources/real_fg_memory_images/fg21.jpg","Scam",7,"artificial",0,"Older"
"3430","943767","resources/real_fg_memory_images/fg21.jpg","Scam",5,"artificial",1,"Older"
"3431","943767","resources/real_fg_memory_images/orig10.jpg","Neutral",5,"real",0,"Older"
"3432","943767","resources/real_fg_memory_images/orig1.jpg","Scam",5,"real",1,"Older"
"3433","943767","resources/real_fg_memory_images/fg20.jpg","Scam",10,"artificial",1,"Older"
"3434","943767","resources/real_fg_memory_images/fg25.jpg","Neutral",10,"artificial",0,"Older"
"3435","943767","resources/real_fg_memory_images/orig9.jpg","Neutral",5,"real",1,"Older"
"3436","943767","resources/real_fg_memory_images/orig8.jpg","Neutral",5,"real",0,"Older"
"3437","943767","resources/real_fg_memory_images/orig6.jpg","Scam",7,"real",0,"Older"
"3438","943767","resources/real_fg_memory_images/fg22.jpg","Scam",10,"artificial",0,"Older"
"3439","943767","resources/real_fg_memory_images/fg27.jpg","Neutral",10,"artificial",0,"Older"
"3440","943767","resources/real_fg_memory_images/orig3.jpg","Scam",7,"real",1,"Older"
"3441","943767","resources/real_fg_memory_images/fg26.jpg","Neutral",10,"artificial",0,"Older"
"3442","943767","resources/real_fg_memory_images/orig12.jpg","Neutral",10,"real",0,"Older"
"3443","943767","resources/real_fg_memory_images/fg23.jpg","Scam",10,"artificial",1,"Older"
"3444","943767","resources/real_fg_memory_images/orig5.jpg","Scam",6,"real",0,"Older"
"3445","943767","resources/real_fg_memory_images/fg28.jpg","Neutral",10,"artificial",1,"Older"
"3446","943767","resources/real_fg_memory_images/orig2.jpg","Scam",7,"real",0,"Older"
"3447","943767","resources/real_fg_memory_images/fg24.jpg","Scam",10,"artificial",1,"Older"
"3448","943767","resources/real_fg_memory_images/fg19.jpg","Scam",10,"artificial",1,"Older"
"3449","943767","resources/real_fg_memory_images/fg30.jpg","Neutral",6,"artificial",0,"Older"
"3450","943767","resources/real_fg_memory_images/fg29.jpg","Neutral",7,"artificial",1,"Older"
"3451","943767","resources/real_fg_memory_images/orig4.jpg","Scam",10,"real",0,"Older"
"3452","943767","resources/real_fg_memory_images/orig11.jpg","Neutral",10,"real",1,"Older"
"3453","943767","resources/real_fg_memory_images/orig7.jpg","Neutral",7,"real",1,"Older"
"3454","034815","resources/real_fg_memory_images/orig30.jpg","Scam",7,"real",1,"Older"
"3455","034815","resources/real_fg_memory_images/orig23.jpg","Neutral",5,"real",0,"Older"
"3456","034815","resources/real_fg_memory_images/fg4.jpg","Neutral",9,"artificial",0,"Older"
"3457","034815","resources/real_fg_memory_images/orig26.jpg","Scam",3,"real",1,"Older"
"3458","034815","resources/real_fg_memory_images/orig24.jpg","Neutral",7,"real",1,"Older"
"3459","034815","resources/real_fg_memory_images/fg2.jpg","Neutral",7,"artificial",0,"Older"
"3460","034815","resources/real_fg_memory_images/fg1.jpg","Neutral",8,"artificial",0,"Older"
"3461","034815","resources/real_fg_memory_images/orig22.jpg","Neutral",10,"real",1,"Older"
"3462","034815","resources/real_fg_memory_images/fg6.jpg","Neutral",4,"artificial",0,"Older"
"3463","034815","resources/real_fg_memory_images/fg11.jpg","Scam",6,"artificial",1,"Older"
"3464","034815","resources/real_fg_memory_images/orig21.jpg","Neutral",5,"real",1,"Older"
"3465","034815","resources/real_fg_memory_images/fg7.jpg","Scam",5,"artificial",1,"Older"
"3466","034815","resources/real_fg_memory_images/fg10.jpg","Scam",4,"artificial",1,"Older"
"3467","034815","resources/real_fg_memory_images/fg5.jpg","Neutral",7,"artificial",1,"Older"
"3468","034815","resources/real_fg_memory_images/orig29.jpg","Scam",8,"real",1,"Older"
"3469","034815","resources/real_fg_memory_images/fg8.jpg","Scam",9,"artificial",1,"Older"
"3470","034815","resources/real_fg_memory_images/orig25.jpg","Scam",4,"real",0,"Older"
"3471","034815","resources/real_fg_memory_images/orig19.jpg","Neutral",6,"real",1,"Older"
"3472","034815","resources/real_fg_memory_images/fg12.jpg","Scam",9,"artificial",1,"Older"
"3473","034815","resources/real_fg_memory_images/orig20.jpg","Neutral",3,"real",0,"Older"
"3474","034815","resources/real_fg_memory_images/orig28.jpg","Scam",8,"real",1,"Older"
"3475","034815","resources/real_fg_memory_images/fg9.jpg","Scam",5,"artificial",0,"Older"
"3476","034815","resources/real_fg_memory_images/fg3.jpg","Neutral",10,"artificial",1,"Older"
"3477","034815","resources/real_fg_memory_images/orig27.jpg","Scam",10,"real",1,"Older"
"3478","037157","resources/real_fg_memory_images/fg5.jpg","Neutral",7,"artificial",0,"Older"
"3479","037157","resources/real_fg_memory_images/orig27.jpg","Scam",10,"real",1,"Older"
"3480","037157","resources/real_fg_memory_images/orig24.jpg","Neutral",8,"real",1,"Older"
"3481","037157","resources/real_fg_memory_images/fg8.jpg","Scam",3,"artificial",1,"Older"
"3482","037157","resources/real_fg_memory_images/orig26.jpg","Scam",6,"real",1,"Older"
"3483","037157","resources/real_fg_memory_images/fg6.jpg","Neutral",8,"artificial",1,"Older"
"3484","037157","resources/real_fg_memory_images/fg12.jpg","Scam",6,"artificial",0,"Older"
"3485","037157","resources/real_fg_memory_images/fg9.jpg","Scam",6,"artificial",1,"Older"
"3486","037157","resources/real_fg_memory_images/orig20.jpg","Neutral",6,"real",0,"Older"
"3487","037157","resources/real_fg_memory_images/fg3.jpg","Neutral",10,"artificial",1,"Older"
"3488","037157","resources/real_fg_memory_images/orig23.jpg","Neutral",9,"real",1,"Older"
"3489","037157","resources/real_fg_memory_images/orig19.jpg","Neutral",9,"real",1,"Older"
"3490","037157","resources/real_fg_memory_images/fg2.jpg","Neutral",8,"artificial",1,"Older"
"3491","037157","resources/real_fg_memory_images/orig22.jpg","Neutral",10,"real",1,"Older"
"3492","037157","resources/real_fg_memory_images/fg1.jpg","Neutral",7,"artificial",0,"Older"
"3493","037157","resources/real_fg_memory_images/orig25.jpg","Scam",8,"real",1,"Older"
"3494","037157","resources/real_fg_memory_images/fg7.jpg","Scam",10,"artificial",1,"Older"
"3495","037157","resources/real_fg_memory_images/fg10.jpg","Scam",10,"artificial",1,"Older"
"3496","037157","resources/real_fg_memory_images/fg11.jpg","Scam",6,"artificial",1,"Older"
"3497","037157","resources/real_fg_memory_images/orig29.jpg","Scam",5,"real",0,"Older"
"3498","037157","resources/real_fg_memory_images/orig21.jpg","Neutral",5,"real",1,"Older"
"3499","037157","resources/real_fg_memory_images/fg4.jpg","Neutral",8,"artificial",1,"Older"
"3500","037157","resources/real_fg_memory_images/orig30.jpg","Scam",10,"real",1,"Older"
"3501","037157","resources/real_fg_memory_images/orig28.jpg","Scam",10,"real",1,"Older"
"3502","046802","resources/real_fg_memory_images/orig22.jpg","Neutral",8,"real",0,"Older"
"3503","046802","resources/real_fg_memory_images/orig24.jpg","Neutral",9,"real",1,"Older"
"3504","046802","resources/real_fg_memory_images/fg3.jpg","Neutral",8,"artificial",1,"Older"
"3505","046802","resources/real_fg_memory_images/fg2.jpg","Neutral",8,"artificial",0,"Older"
"3506","046802","resources/real_fg_memory_images/fg5.jpg","Neutral",9,"artificial",1,"Older"
"3507","046802","resources/real_fg_memory_images/fg1.jpg","Neutral",8,"artificial",0,"Older"
"3508","046802","resources/real_fg_memory_images/fg7.jpg","Scam",8,"artificial",1,"Older"
"3509","046802","resources/real_fg_memory_images/orig27.jpg","Scam",8,"real",1,"Older"
"3510","046802","resources/real_fg_memory_images/orig19.jpg","Neutral",9,"real",1,"Older"
"3511","046802","resources/real_fg_memory_images/fg6.jpg","Neutral",9,"artificial",1,"Older"
"3512","046802","resources/real_fg_memory_images/orig30.jpg","Scam",7,"real",1,"Older"
"3513","046802","resources/real_fg_memory_images/fg8.jpg","Scam",9,"artificial",0,"Older"
"3514","046802","resources/real_fg_memory_images/orig23.jpg","Neutral",7,"real",1,"Older"
"3515","046802","resources/real_fg_memory_images/orig28.jpg","Scam",8,"real",1,"Older"
"3516","046802","resources/real_fg_memory_images/orig21.jpg","Neutral",9,"real",1,"Older"
"3517","046802","resources/real_fg_memory_images/fg10.jpg","Scam",8,"artificial",0,"Older"
"3518","046802","resources/real_fg_memory_images/orig29.jpg","Scam",9,"real",1,"Older"
"3519","046802","resources/real_fg_memory_images/fg12.jpg","Scam",7,"artificial",0,"Older"
"3520","046802","resources/real_fg_memory_images/fg11.jpg","Scam",8,"artificial",0,"Older"
"3521","046802","resources/real_fg_memory_images/orig20.jpg","Neutral",7,"real",0,"Older"
"3522","046802","resources/real_fg_memory_images/fg4.jpg","Neutral",8,"artificial",1,"Older"
"3523","046802","resources/real_fg_memory_images/orig25.jpg","Scam",6,"real",1,"Older"
"3524","046802","resources/real_fg_memory_images/fg9.jpg","Scam",8,"artificial",1,"Older"
"3525","046802","resources/real_fg_memory_images/orig26.jpg","Scam",9,"real",0,"Older"
"3526","071928","resources/real_fg_memory_images/fg7.jpg","Scam",7,"artificial",1,"Older"
"3527","071928","resources/real_fg_memory_images/fg9.jpg","Scam",7,"artificial",0,"Older"
"3528","071928","resources/real_fg_memory_images/orig30.jpg","Scam",8,"real",1,"Older"
"3529","071928","resources/real_fg_memory_images/fg2.jpg","Neutral",8,"artificial",0,"Older"
"3530","071928","resources/real_fg_memory_images/orig23.jpg","Neutral",8,"real",1,"Older"
"3531","071928","resources/real_fg_memory_images/orig26.jpg","Scam",9,"real",1,"Older"
"3532","071928","resources/real_fg_memory_images/orig28.jpg","Scam",7,"real",1,"Older"
"3533","071928","resources/real_fg_memory_images/fg4.jpg","Neutral",6,"artificial",1,"Older"
"3534","071928","resources/real_fg_memory_images/fg6.jpg","Neutral",7,"artificial",1,"Older"
"3535","071928","resources/real_fg_memory_images/orig24.jpg","Neutral",7,"real",0,"Older"
"3536","071928","resources/real_fg_memory_images/orig25.jpg","Scam",8,"real",0,"Older"
"3537","071928","resources/real_fg_memory_images/orig27.jpg","Scam",8,"real",1,"Older"
"3538","071928","resources/real_fg_memory_images/fg3.jpg","Neutral",7,"artificial",1,"Older"
"3539","071928","resources/real_fg_memory_images/fg12.jpg","Scam",7,"artificial",1,"Older"
"3540","071928","resources/real_fg_memory_images/fg5.jpg","Neutral",7,"artificial",1,"Older"
"3541","071928","resources/real_fg_memory_images/fg8.jpg","Scam",7,"artificial",1,"Older"
"3542","071928","resources/real_fg_memory_images/orig21.jpg","Neutral",8,"real",1,"Older"
"3543","071928","resources/real_fg_memory_images/fg1.jpg","Neutral",8,"artificial",0,"Older"
"3544","071928","resources/real_fg_memory_images/orig19.jpg","Neutral",7,"real",1,"Older"
"3545","071928","resources/real_fg_memory_images/fg11.jpg","Scam",6,"artificial",1,"Older"
"3546","071928","resources/real_fg_memory_images/fg10.jpg","Scam",7,"artificial",1,"Older"
"3547","071928","resources/real_fg_memory_images/orig20.jpg","Neutral",8,"real",0,"Older"
"3548","071928","resources/real_fg_memory_images/orig29.jpg","Scam",8,"real",1,"Older"
"3549","071928","resources/real_fg_memory_images/orig22.jpg","Neutral",8,"real",0,"Older"
"3550","092685","resources/real_fg_memory_images/orig24.jpg","Neutral",8,"real",1,"Older"
"3551","092685","resources/real_fg_memory_images/orig19.jpg","Neutral",8,"real",1,"Older"
"3552","092685","resources/real_fg_memory_images/orig22.jpg","Neutral",9,"real",1,"Older"
"3553","092685","resources/real_fg_memory_images/orig26.jpg","Scam",6,"real",1,"Older"
"3554","092685","resources/real_fg_memory_images/fg4.jpg","Neutral",5,"artificial",1,"Older"
"3555","092685","resources/real_fg_memory_images/fg10.jpg","Scam",6,"artificial",0,"Older"
"3556","092685","resources/real_fg_memory_images/orig28.jpg","Scam",8,"real",1,"Older"
"3557","092685","resources/real_fg_memory_images/fg8.jpg","Scam",8,"artificial",1,"Older"
"3558","092685","resources/real_fg_memory_images/orig30.jpg","Scam",5,"real",1,"Older"
"3559","092685","resources/real_fg_memory_images/fg6.jpg","Neutral",6,"artificial",1,"Older"
"3560","092685","resources/real_fg_memory_images/orig23.jpg","Neutral",6,"real",1,"Older"
"3561","092685","resources/real_fg_memory_images/fg7.jpg","Scam",5,"artificial",1,"Older"
"3562","092685","resources/real_fg_memory_images/fg3.jpg","Neutral",8,"artificial",1,"Older"
"3563","092685","resources/real_fg_memory_images/orig25.jpg","Scam",7,"real",1,"Older"
"3564","092685","resources/real_fg_memory_images/fg12.jpg","Scam",6,"artificial",0,"Older"
"3565","092685","resources/real_fg_memory_images/fg1.jpg","Neutral",6,"artificial",1,"Older"
"3566","092685","resources/real_fg_memory_images/orig27.jpg","Scam",9,"real",1,"Older"
"3567","092685","resources/real_fg_memory_images/fg11.jpg","Scam",7,"artificial",1,"Older"
"3568","092685","resources/real_fg_memory_images/fg5.jpg","Neutral",5,"artificial",1,"Older"
"3569","092685","resources/real_fg_memory_images/orig29.jpg","Scam",8,"real",1,"Older"
"3570","092685","resources/real_fg_memory_images/fg2.jpg","Neutral",7,"artificial",0,"Older"
"3571","092685","resources/real_fg_memory_images/orig20.jpg","Neutral",7,"real",0,"Older"
"3572","092685","resources/real_fg_memory_images/fg9.jpg","Scam",6,"artificial",0,"Older"
"3573","092685","resources/real_fg_memory_images/orig21.jpg","Neutral",7,"real",0,"Older"
"3574","149277","resources/real_fg_memory_images/fg2.jpg","Neutral",6,"artificial",1,"Older"
"3575","149277","resources/real_fg_memory_images/fg6.jpg","Neutral",5,"artificial",1,"Older"
"3576","149277","resources/real_fg_memory_images/orig25.jpg","Scam",7,"real",1,"Older"
"3577","149277","resources/real_fg_memory_images/orig20.jpg","Neutral",9,"real",0,"Older"
"3578","149277","resources/real_fg_memory_images/orig28.jpg","Scam",10,"real",1,"Older"
"3579","149277","resources/real_fg_memory_images/orig23.jpg","Neutral",9,"real",1,"Older"
"3580","149277","resources/real_fg_memory_images/fg8.jpg","Scam",9,"artificial",1,"Older"
"3581","149277","resources/real_fg_memory_images/orig21.jpg","Neutral",7,"real",1,"Older"
"3582","149277","resources/real_fg_memory_images/orig27.jpg","Scam",9,"real",1,"Older"
"3583","149277","resources/real_fg_memory_images/orig26.jpg","Scam",9,"real",1,"Older"
"3584","149277","resources/real_fg_memory_images/fg11.jpg","Scam",5,"artificial",0,"Older"
"3585","149277","resources/real_fg_memory_images/fg10.jpg","Scam",4,"artificial",1,"Older"
"3586","149277","resources/real_fg_memory_images/fg3.jpg","Neutral",10,"artificial",1,"Older"
"3587","149277","resources/real_fg_memory_images/fg9.jpg","Scam",8,"artificial",0,"Older"
"3588","149277","resources/real_fg_memory_images/fg7.jpg","Scam",8,"artificial",0,"Older"
"3589","149277","resources/real_fg_memory_images/orig24.jpg","Neutral",7,"real",1,"Older"
"3590","149277","resources/real_fg_memory_images/fg1.jpg","Neutral",7,"artificial",1,"Older"
"3591","149277","resources/real_fg_memory_images/orig29.jpg","Scam",9,"real",1,"Older"
"3592","149277","resources/real_fg_memory_images/fg4.jpg","Neutral",8,"artificial",0,"Older"
"3593","149277","resources/real_fg_memory_images/orig30.jpg","Scam",8,"real",1,"Older"
"3594","149277","resources/real_fg_memory_images/orig19.jpg","Neutral",8,"real",1,"Older"
"3595","149277","resources/real_fg_memory_images/orig22.jpg","Neutral",3,"real",1,"Older"
"3596","149277","resources/real_fg_memory_images/fg5.jpg","Neutral",4,"artificial",0,"Older"
"3597","149277","resources/real_fg_memory_images/fg12.jpg","Scam",7,"artificial",1,"Older"
"3598","173031","resources/real_fg_memory_images/orig30.jpg","Scam",5,"real",0,"Older"
"3599","173031","resources/real_fg_memory_images/fg11.jpg","Scam",8,"artificial",1,"Older"
"3600","173031","resources/real_fg_memory_images/fg6.jpg","Neutral",9,"artificial",0,"Older"
"3601","173031","resources/real_fg_memory_images/orig23.jpg","Neutral",4,"real",1,"Older"
"3602","173031","resources/real_fg_memory_images/fg8.jpg","Scam",9,"artificial",1,"Older"
"3603","173031","resources/real_fg_memory_images/fg7.jpg","Scam",9,"artificial",1,"Older"
"3604","173031","resources/real_fg_memory_images/fg2.jpg","Neutral",4,"artificial",1,"Older"
"3605","173031","resources/real_fg_memory_images/orig19.jpg","Neutral",5,"real",0,"Older"
"3606","173031","resources/real_fg_memory_images/orig22.jpg","Neutral",4,"real",0,"Older"
"3607","173031","resources/real_fg_memory_images/orig20.jpg","Neutral",9,"real",0,"Older"
"3608","173031","resources/real_fg_memory_images/fg9.jpg","Scam",7,"artificial",0,"Older"
"3609","173031","resources/real_fg_memory_images/orig25.jpg","Scam",7,"real",0,"Older"
"3610","173031","resources/real_fg_memory_images/fg3.jpg","Neutral",7,"artificial",0,"Older"
"3611","173031","resources/real_fg_memory_images/fg12.jpg","Scam",6,"artificial",1,"Older"
"3612","173031","resources/real_fg_memory_images/fg5.jpg","Neutral",8,"artificial",1,"Older"
"3613","173031","resources/real_fg_memory_images/orig26.jpg","Scam",7,"real",1,"Older"
"3614","173031","resources/real_fg_memory_images/orig24.jpg","Neutral",9,"real",1,"Older"
"3615","173031","resources/real_fg_memory_images/fg10.jpg","Scam",8,"artificial",1,"Older"
"3616","173031","resources/real_fg_memory_images/fg1.jpg","Neutral",8,"artificial",0,"Older"
"3617","173031","resources/real_fg_memory_images/fg4.jpg","Neutral",9,"artificial",1,"Older"
"3618","173031","resources/real_fg_memory_images/orig21.jpg","Neutral",9,"real",0,"Older"
"3619","173031","resources/real_fg_memory_images/orig29.jpg","Scam",9,"real",1,"Older"
"3620","173031","resources/real_fg_memory_images/orig28.jpg","Scam",4,"real",0,"Older"
"3621","173031","resources/real_fg_memory_images/orig27.jpg","Scam",7,"real",0,"Older"
"3622","240917","resources/real_fg_memory_images/fg11.jpg","Scam",4,"artificial",1,"Older"
"3623","240917","resources/real_fg_memory_images/orig20.jpg","Neutral",4,"real",1,"Older"
"3624","240917","resources/real_fg_memory_images/fg8.jpg","Scam",8,"artificial",1,"Older"
"3625","240917","resources/real_fg_memory_images/fg1.jpg","Neutral",8,"artificial",0,"Older"
"3626","240917","resources/real_fg_memory_images/fg9.jpg","Scam",4,"artificial",1,"Older"
"3627","240917","resources/real_fg_memory_images/orig21.jpg","Neutral",4,"real",0,"Older"
"3628","240917","resources/real_fg_memory_images/fg12.jpg","Scam",10,"artificial",1,"Older"
"3629","240917","resources/real_fg_memory_images/fg4.jpg","Neutral",4,"artificial",1,"Older"
"3630","240917","resources/real_fg_memory_images/orig19.jpg","Neutral",4,"real",1,"Older"
"3631","240917","resources/real_fg_memory_images/orig30.jpg","Scam",10,"real",1,"Older"
"3632","240917","resources/real_fg_memory_images/fg2.jpg","Neutral",5,"artificial",1,"Older"
"3633","240917","resources/real_fg_memory_images/fg5.jpg","Neutral",5,"artificial",0,"Older"
"3634","240917","resources/real_fg_memory_images/orig28.jpg","Scam",5,"real",0,"Older"
"3635","240917","resources/real_fg_memory_images/fg10.jpg","Scam",4,"artificial",1,"Older"
"3636","240917","resources/real_fg_memory_images/fg6.jpg","Neutral",5,"artificial",1,"Older"
"3637","240917","resources/real_fg_memory_images/orig24.jpg","Neutral",4,"real",1,"Older"
"3638","240917","resources/real_fg_memory_images/orig25.jpg","Scam",4,"real",0,"Older"
"3639","240917","resources/real_fg_memory_images/orig23.jpg","Neutral",4,"real",1,"Older"
"3640","240917","resources/real_fg_memory_images/orig26.jpg","Scam",5,"real",1,"Older"
"3641","240917","resources/real_fg_memory_images/fg7.jpg","Scam",5,"artificial",1,"Older"
"3642","240917","resources/real_fg_memory_images/orig29.jpg","Scam",5,"real",1,"Older"
"3643","240917","resources/real_fg_memory_images/fg3.jpg","Neutral",5,"artificial",0,"Older"
"3644","240917","resources/real_fg_memory_images/orig22.jpg","Neutral",5,"real",1,"Older"
"3645","240917","resources/real_fg_memory_images/orig27.jpg","Scam",5,"real",0,"Older"
"3646","309800","resources/real_fg_memory_images/fg7.jpg","Scam",5,"artificial",0,"Older"
"3647","309800","resources/real_fg_memory_images/fg8.jpg","Scam",5,"artificial",1,"Older"
"3648","309800","resources/real_fg_memory_images/orig27.jpg","Scam",9,"real",1,"Older"
"3649","309800","resources/real_fg_memory_images/fg10.jpg","Scam",7,"artificial",1,"Older"
"3650","309800","resources/real_fg_memory_images/orig19.jpg","Neutral",5,"real",1,"Older"
"3651","309800","resources/real_fg_memory_images/fg5.jpg","Neutral",5,"artificial",1,"Older"
"3652","309800","resources/real_fg_memory_images/fg1.jpg","Neutral",5,"artificial",1,"Older"
"3653","309800","resources/real_fg_memory_images/fg6.jpg","Neutral",5,"artificial",0,"Older"
"3654","309800","resources/real_fg_memory_images/orig24.jpg","Neutral",5,"real",1,"Older"
"3655","309800","resources/real_fg_memory_images/fg12.jpg","Scam",5,"artificial",0,"Older"
"3656","309800","resources/real_fg_memory_images/fg2.jpg","Neutral",7,"artificial",0,"Older"
"3657","309800","resources/real_fg_memory_images/fg4.jpg","Neutral",5,"artificial",0,"Older"
"3658","309800","resources/real_fg_memory_images/orig29.jpg","Scam",8,"real",1,"Older"
"3659","309800","resources/real_fg_memory_images/fg11.jpg","Scam",6,"artificial",1,"Older"
"3660","309800","resources/real_fg_memory_images/orig23.jpg","Neutral",6,"real",1,"Older"
"3661","309800","resources/real_fg_memory_images/orig25.jpg","Scam",6,"real",0,"Older"
"3662","309800","resources/real_fg_memory_images/orig20.jpg","Neutral",5,"real",0,"Older"
"3663","309800","resources/real_fg_memory_images/fg3.jpg","Neutral",7,"artificial",1,"Older"
"3664","309800","resources/real_fg_memory_images/orig21.jpg","Neutral",8,"real",1,"Older"
"3665","309800","resources/real_fg_memory_images/orig28.jpg","Scam",6,"real",1,"Older"
"3666","309800","resources/real_fg_memory_images/orig30.jpg","Scam",8,"real",1,"Older"
"3667","309800","resources/real_fg_memory_images/fg9.jpg","Scam",4,"artificial",1,"Older"
"3668","309800","resources/real_fg_memory_images/orig26.jpg","Scam",9,"real",1,"Older"
"3669","309800","resources/real_fg_memory_images/orig22.jpg","Neutral",5,"real",0,"Older"
"3670","312343","resources/real_fg_memory_images/orig29.jpg","Scam",6,"real",1,"Older"
"3671","312343","resources/real_fg_memory_images/fg11.jpg","Scam",7,"artificial",1,"Older"
"3672","312343","resources/real_fg_memory_images/fg4.jpg","Neutral",8,"artificial",1,"Older"
"3673","312343","resources/real_fg_memory_images/fg9.jpg","Scam",7,"artificial",1,"Older"
"3674","312343","resources/real_fg_memory_images/orig19.jpg","Neutral",9,"real",1,"Older"
"3675","312343","resources/real_fg_memory_images/orig21.jpg","Neutral",4,"real",0,"Older"
"3676","312343","resources/real_fg_memory_images/orig25.jpg","Scam",7,"real",0,"Older"
"3677","312343","resources/real_fg_memory_images/fg2.jpg","Neutral",7,"artificial",0,"Older"
"3678","312343","resources/real_fg_memory_images/fg1.jpg","Neutral",7,"artificial",0,"Older"
"3679","312343","resources/real_fg_memory_images/orig26.jpg","Scam",4,"real",1,"Older"
"3680","312343","resources/real_fg_memory_images/fg5.jpg","Neutral",8,"artificial",0,"Older"
"3681","312343","resources/real_fg_memory_images/fg3.jpg","Neutral",6,"artificial",0,"Older"
"3682","312343","resources/real_fg_memory_images/orig30.jpg","Scam",9,"real",0,"Older"
"3683","312343","resources/real_fg_memory_images/orig23.jpg","Neutral",7,"real",1,"Older"
"3684","312343","resources/real_fg_memory_images/fg6.jpg","Neutral",9,"artificial",1,"Older"
"3685","312343","resources/real_fg_memory_images/orig20.jpg","Neutral",6,"real",1,"Older"
"3686","312343","resources/real_fg_memory_images/fg8.jpg","Scam",7,"artificial",1,"Older"
"3687","312343","resources/real_fg_memory_images/orig28.jpg","Scam",4,"real",0,"Older"
"3688","312343","resources/real_fg_memory_images/fg12.jpg","Scam",2,"artificial",1,"Older"
"3689","312343","resources/real_fg_memory_images/orig22.jpg","Neutral",6,"real",1,"Older"
"3690","312343","resources/real_fg_memory_images/orig24.jpg","Neutral",9,"real",1,"Older"
"3691","312343","resources/real_fg_memory_images/fg7.jpg","Scam",4,"artificial",1,"Older"
"3692","312343","resources/real_fg_memory_images/fg10.jpg","Scam",6,"artificial",0,"Older"
"3693","312343","resources/real_fg_memory_images/orig27.jpg","Scam",7,"real",0,"Older"
"3694","320991","resources/real_fg_memory_images/orig22.jpg","Neutral",7,"real",1,"Older"
"3695","320991","resources/real_fg_memory_images/fg6.jpg","Neutral",9,"artificial",1,"Older"
"3696","320991","resources/real_fg_memory_images/fg11.jpg","Scam",8,"artificial",1,"Older"
"3697","320991","resources/real_fg_memory_images/fg5.jpg","Neutral",5,"artificial",1,"Older"
"3698","320991","resources/real_fg_memory_images/orig19.jpg","Neutral",9,"real",1,"Older"
"3699","320991","resources/real_fg_memory_images/fg2.jpg","Neutral",10,"artificial",1,"Older"
"3700","320991","resources/real_fg_memory_images/orig24.jpg","Neutral",7,"real",1,"Older"
"3701","320991","resources/real_fg_memory_images/fg4.jpg","Neutral",5,"artificial",1,"Older"
"3702","320991","resources/real_fg_memory_images/orig28.jpg","Scam",10,"real",1,"Older"
"3703","320991","resources/real_fg_memory_images/fg1.jpg","Neutral",6,"artificial",1,"Older"
"3704","320991","resources/real_fg_memory_images/orig20.jpg","Neutral",9,"real",1,"Older"
"3705","320991","resources/real_fg_memory_images/fg9.jpg","Scam",3,"artificial",0,"Older"
"3706","320991","resources/real_fg_memory_images/fg3.jpg","Neutral",8,"artificial",1,"Older"
"3707","320991","resources/real_fg_memory_images/orig25.jpg","Scam",5,"real",1,"Older"
"3708","320991","resources/real_fg_memory_images/orig27.jpg","Scam",9,"real",1,"Older"
"3709","320991","resources/real_fg_memory_images/fg10.jpg","Scam",8,"artificial",1,"Older"
"3710","320991","resources/real_fg_memory_images/orig30.jpg","Scam",7,"real",1,"Older"
"3711","320991","resources/real_fg_memory_images/orig26.jpg","Scam",6,"real",1,"Older"
"3712","320991","resources/real_fg_memory_images/fg12.jpg","Scam",7,"artificial",1,"Older"
"3713","320991","resources/real_fg_memory_images/fg7.jpg","Scam",6,"artificial",1,"Older"
"3714","320991","resources/real_fg_memory_images/orig29.jpg","Scam",6,"real",1,"Older"
"3715","320991","resources/real_fg_memory_images/orig23.jpg","Neutral",9,"real",1,"Older"
"3716","320991","resources/real_fg_memory_images/fg8.jpg","Scam",10,"artificial",1,"Older"
"3717","320991","resources/real_fg_memory_images/orig21.jpg","Neutral",6,"real",1,"Older"
"3718","325832","resources/real_fg_memory_images/fg1.jpg","Neutral",7,"artificial",0,"Older"
"3719","325832","resources/real_fg_memory_images/fg6.jpg","Neutral",5,"artificial",1,"Older"
"3720","325832","resources/real_fg_memory_images/fg9.jpg","Scam",8,"artificial",0,"Older"
"3721","325832","resources/real_fg_memory_images/fg11.jpg","Scam",8,"artificial",0,"Older"
"3722","325832","resources/real_fg_memory_images/orig23.jpg","Neutral",9,"real",1,"Older"
"3723","325832","resources/real_fg_memory_images/fg3.jpg","Neutral",9,"artificial",0,"Older"
"3724","325832","resources/real_fg_memory_images/fg7.jpg","Scam",8,"artificial",1,"Older"
"3725","325832","resources/real_fg_memory_images/fg2.jpg","Neutral",7,"artificial",1,"Older"
"3726","325832","resources/real_fg_memory_images/orig24.jpg","Neutral",6,"real",1,"Older"
"3727","325832","resources/real_fg_memory_images/fg12.jpg","Scam",10,"artificial",1,"Older"
"3728","325832","resources/real_fg_memory_images/orig20.jpg","Neutral",5,"real",1,"Older"
"3729","325832","resources/real_fg_memory_images/fg10.jpg","Scam",6,"artificial",0,"Older"
"3730","325832","resources/real_fg_memory_images/orig25.jpg","Scam",8,"real",0,"Older"
"3731","325832","resources/real_fg_memory_images/orig26.jpg","Scam",7,"real",1,"Older"
"3732","325832","resources/real_fg_memory_images/orig21.jpg","Neutral",10,"real",0,"Older"
"3733","325832","resources/real_fg_memory_images/orig19.jpg","Neutral",7,"real",1,"Older"
"3734","325832","resources/real_fg_memory_images/orig29.jpg","Scam",9,"real",0,"Older"
"3735","325832","resources/real_fg_memory_images/fg4.jpg","Neutral",7,"artificial",0,"Older"
"3736","325832","resources/real_fg_memory_images/orig30.jpg","Scam",9,"real",0,"Older"
"3737","325832","resources/real_fg_memory_images/orig22.jpg","Neutral",5,"real",0,"Older"
"3738","325832","resources/real_fg_memory_images/fg5.jpg","Neutral",2,"artificial",1,"Older"
"3739","325832","resources/real_fg_memory_images/fg8.jpg","Scam",5,"artificial",0,"Older"
"3740","325832","resources/real_fg_memory_images/orig28.jpg","Scam",6,"real",0,"Older"
"3741","325832","resources/real_fg_memory_images/orig27.jpg","Scam",9,"real",1,"Older"
"3742","327982","resources/real_fg_memory_images/orig19.jpg","Neutral",8,"real",1,"Older"
"3743","327982","resources/real_fg_memory_images/orig25.jpg","Scam",10,"real",1,"Older"
"3744","327982","resources/real_fg_memory_images/orig23.jpg","Neutral",10,"real",1,"Older"
"3745","327982","resources/real_fg_memory_images/fg7.jpg","Scam",8,"artificial",1,"Older"
"3746","327982","resources/real_fg_memory_images/fg11.jpg","Scam",5,"artificial",0,"Older"
"3747","327982","resources/real_fg_memory_images/orig21.jpg","Neutral",5,"real",0,"Older"
"3748","327982","resources/real_fg_memory_images/orig26.jpg","Scam",10,"real",1,"Older"
"3749","327982","resources/real_fg_memory_images/orig28.jpg","Scam",10,"real",1,"Older"
"3750","327982","resources/real_fg_memory_images/fg3.jpg","Neutral",8,"artificial",1,"Older"
"3751","327982","resources/real_fg_memory_images/fg10.jpg","Scam",9,"artificial",1,"Older"
"3752","327982","resources/real_fg_memory_images/orig30.jpg","Scam",7,"real",0,"Older"
"3753","327982","resources/real_fg_memory_images/fg8.jpg","Scam",10,"artificial",1,"Older"
"3754","327982","resources/real_fg_memory_images/fg2.jpg","Neutral",7,"artificial",1,"Older"
"3755","327982","resources/real_fg_memory_images/orig20.jpg","Neutral",7,"real",0,"Older"
"3756","327982","resources/real_fg_memory_images/fg9.jpg","Scam",8,"artificial",0,"Older"
"3757","327982","resources/real_fg_memory_images/orig22.jpg","Neutral",8,"real",1,"Older"
"3758","327982","resources/real_fg_memory_images/fg12.jpg","Scam",9,"artificial",1,"Older"
"3759","327982","resources/real_fg_memory_images/orig29.jpg","Scam",7,"real",1,"Older"
"3760","327982","resources/real_fg_memory_images/orig27.jpg","Scam",10,"real",1,"Older"
"3761","327982","resources/real_fg_memory_images/fg1.jpg","Neutral",10,"artificial",0,"Older"
"3762","327982","resources/real_fg_memory_images/orig24.jpg","Neutral",7,"real",0,"Older"
"3763","327982","resources/real_fg_memory_images/fg5.jpg","Neutral",7,"artificial",1,"Older"
"3764","327982","resources/real_fg_memory_images/fg6.jpg","Neutral",6,"artificial",1,"Older"
"3765","327982","resources/real_fg_memory_images/fg4.jpg","Neutral",5,"artificial",1,"Older"
"3766","357269","resources/real_fg_memory_images/fg2.jpg","Neutral",5,"artificial",0,"Older"
"3767","357269","resources/real_fg_memory_images/orig25.jpg","Scam",8,"real",1,"Older"
"3768","357269","resources/real_fg_memory_images/fg7.jpg","Scam",5,"artificial",1,"Older"
"3769","357269","resources/real_fg_memory_images/fg4.jpg","Neutral",4,"artificial",0,"Older"
"3770","357269","resources/real_fg_memory_images/orig20.jpg","Neutral",6,"real",0,"Older"
"3771","357269","resources/real_fg_memory_images/orig26.jpg","Scam",10,"real",1,"Older"
"3772","357269","resources/real_fg_memory_images/fg1.jpg","Neutral",5,"artificial",0,"Older"
"3773","357269","resources/real_fg_memory_images/fg11.jpg","Scam",4,"artificial",1,"Older"
"3774","357269","resources/real_fg_memory_images/orig28.jpg","Scam",6,"real",1,"Older"
"3775","357269","resources/real_fg_memory_images/orig19.jpg","Neutral",3,"real",1,"Older"
"3776","357269","resources/real_fg_memory_images/orig27.jpg","Scam",8,"real",1,"Older"
"3777","357269","resources/real_fg_memory_images/orig24.jpg","Neutral",5,"real",0,"Older"
"3778","357269","resources/real_fg_memory_images/orig21.jpg","Neutral",4,"real",1,"Older"
"3779","357269","resources/real_fg_memory_images/fg6.jpg","Neutral",4,"artificial",1,"Older"
"3780","357269","resources/real_fg_memory_images/orig22.jpg","Neutral",8,"real",0,"Older"
"3781","357269","resources/real_fg_memory_images/fg10.jpg","Scam",5,"artificial",0,"Older"
"3782","357269","resources/real_fg_memory_images/orig30.jpg","Scam",7,"real",1,"Older"
"3783","357269","resources/real_fg_memory_images/fg5.jpg","Neutral",5,"artificial",1,"Older"
"3784","357269","resources/real_fg_memory_images/orig23.jpg","Neutral",3,"real",0,"Older"
"3785","357269","resources/real_fg_memory_images/orig29.jpg","Scam",9,"real",1,"Older"
"3786","357269","resources/real_fg_memory_images/fg12.jpg","Scam",3,"artificial",0,"Older"
"3787","357269","resources/real_fg_memory_images/fg3.jpg","Neutral",3,"artificial",0,"Older"
"3788","357269","resources/real_fg_memory_images/fg8.jpg","Scam",4,"artificial",0,"Older"
"3789","357269","resources/real_fg_memory_images/fg9.jpg","Scam",3,"artificial",1,"Older"
"3790","398217","resources/real_fg_memory_images/orig26.jpg","Scam",10,"real",1,"Older"
"3791","398217","resources/real_fg_memory_images/orig19.jpg","Neutral",7,"real",1,"Older"
"3792","398217","resources/real_fg_memory_images/orig24.jpg","Neutral",9,"real",1,"Older"
"3793","398217","resources/real_fg_memory_images/orig21.jpg","Neutral",10,"real",1,"Older"
"3794","398217","resources/real_fg_memory_images/fg7.jpg","Scam",10,"artificial",1,"Older"
"3795","398217","resources/real_fg_memory_images/orig22.jpg","Neutral",10,"real",1,"Older"
"3796","398217","resources/real_fg_memory_images/fg2.jpg","Neutral",4,"artificial",0,"Older"
"3797","398217","resources/real_fg_memory_images/orig28.jpg","Scam",9,"real",0,"Older"
"3798","398217","resources/real_fg_memory_images/fg5.jpg","Neutral",5,"artificial",0,"Older"
"3799","398217","resources/real_fg_memory_images/fg8.jpg","Scam",10,"artificial",1,"Older"
"3800","398217","resources/real_fg_memory_images/fg12.jpg","Scam",2,"artificial",0,"Older"
"3801","398217","resources/real_fg_memory_images/orig27.jpg","Scam",9,"real",1,"Older"
"3802","398217","resources/real_fg_memory_images/fg1.jpg","Neutral",10,"artificial",1,"Older"
"3803","398217","resources/real_fg_memory_images/fg9.jpg","Scam",10,"artificial",0,"Older"
"3804","398217","resources/real_fg_memory_images/orig20.jpg","Neutral",7,"real",0,"Older"
"3805","398217","resources/real_fg_memory_images/fg4.jpg","Neutral",10,"artificial",0,"Older"
"3806","398217","resources/real_fg_memory_images/fg3.jpg","Neutral",8,"artificial",1,"Older"
"3807","398217","resources/real_fg_memory_images/orig30.jpg","Scam",10,"real",0,"Older"
"3808","398217","resources/real_fg_memory_images/fg6.jpg","Neutral",7,"artificial",0,"Older"
"3809","398217","resources/real_fg_memory_images/orig25.jpg","Scam",8,"real",0,"Older"
"3810","398217","resources/real_fg_memory_images/fg10.jpg","Scam",4,"artificial",1,"Older"
"3811","398217","resources/real_fg_memory_images/fg11.jpg","Scam",9,"artificial",0,"Older"
"3812","398217","resources/real_fg_memory_images/orig29.jpg","Scam",10,"real",1,"Older"
"3813","398217","resources/real_fg_memory_images/orig23.jpg","Neutral",4,"real",1,"Older"
"3814","569229","resources/real_fg_memory_images/fg5.jpg","Neutral",9,"artificial",1,"Older"
"3815","569229","resources/real_fg_memory_images/orig25.jpg","Scam",5,"real",1,"Older"
"3816","569229","resources/real_fg_memory_images/orig30.jpg","Scam",10,"real",1,"Older"
"3817","569229","resources/real_fg_memory_images/orig28.jpg","Scam",8,"real",1,"Older"
"3818","569229","resources/real_fg_memory_images/fg9.jpg","Scam",3,"artificial",0,"Older"
"3819","569229","resources/real_fg_memory_images/orig29.jpg","Scam",7,"real",1,"Older"
"3820","569229","resources/real_fg_memory_images/fg12.jpg","Scam",4,"artificial",0,"Older"
"3821","569229","resources/real_fg_memory_images/fg8.jpg","Scam",9,"artificial",1,"Older"
"3822","569229","resources/real_fg_memory_images/orig24.jpg","Neutral",10,"real",1,"Older"
"3823","569229","resources/real_fg_memory_images/orig20.jpg","Neutral",6,"real",1,"Older"
"3824","569229","resources/real_fg_memory_images/fg6.jpg","Neutral",4,"artificial",1,"Older"
"3825","569229","resources/real_fg_memory_images/orig19.jpg","Neutral",3,"real",0,"Older"
"3826","569229","resources/real_fg_memory_images/orig26.jpg","Scam",10,"real",1,"Older"
"3827","569229","resources/real_fg_memory_images/fg7.jpg","Scam",2,"artificial",0,"Older"
"3828","569229","resources/real_fg_memory_images/fg1.jpg","Neutral",8,"artificial",1,"Older"
"3829","569229","resources/real_fg_memory_images/orig27.jpg","Scam",9,"real",1,"Older"
"3830","569229","resources/real_fg_memory_images/fg10.jpg","Scam",1,"artificial",1,"Older"
"3831","569229","resources/real_fg_memory_images/fg3.jpg","Neutral",8,"artificial",1,"Older"
"3832","569229","resources/real_fg_memory_images/fg11.jpg","Scam",3,"artificial",1,"Older"
"3833","569229","resources/real_fg_memory_images/fg2.jpg","Neutral",8,"artificial",1,"Older"
"3834","569229","resources/real_fg_memory_images/fg4.jpg","Neutral",6,"artificial",0,"Older"
"3835","569229","resources/real_fg_memory_images/orig22.jpg","Neutral",9,"real",1,"Older"
"3836","569229","resources/real_fg_memory_images/orig23.jpg","Neutral",4,"real",1,"Older"
"3837","569229","resources/real_fg_memory_images/orig21.jpg","Neutral",10,"real",1,"Older"
"3838","624497","resources/real_fg_memory_images/fg12.jpg","Scam",5,"artificial",0,"Older"
"3839","624497","resources/real_fg_memory_images/fg3.jpg","Neutral",4,"artificial",0,"Older"
"3840","624497","resources/real_fg_memory_images/orig29.jpg","Scam",8,"real",1,"Older"
"3841","624497","resources/real_fg_memory_images/orig22.jpg","Neutral",10,"real",1,"Older"
"3842","624497","resources/real_fg_memory_images/fg8.jpg","Scam",10,"artificial",1,"Older"
"3843","624497","resources/real_fg_memory_images/orig21.jpg","Neutral",5,"real",0,"Older"
"3844","624497","resources/real_fg_memory_images/fg1.jpg","Neutral",10,"artificial",1,"Older"
"3845","624497","resources/real_fg_memory_images/fg2.jpg","Neutral",4,"artificial",0,"Older"
"3846","624497","resources/real_fg_memory_images/orig25.jpg","Scam",4,"real",0,"Older"
"3847","624497","resources/real_fg_memory_images/orig20.jpg","Neutral",5,"real",0,"Older"
"3848","624497","resources/real_fg_memory_images/orig28.jpg","Scam",5,"real",1,"Older"
"3849","624497","resources/real_fg_memory_images/fg4.jpg","Neutral",6,"artificial",1,"Older"
"3850","624497","resources/real_fg_memory_images/fg6.jpg","Neutral",5,"artificial",0,"Older"
"3851","624497","resources/real_fg_memory_images/orig27.jpg","Scam",10,"real",1,"Older"
"3852","624497","resources/real_fg_memory_images/orig30.jpg","Scam",7,"real",1,"Older"
"3853","624497","resources/real_fg_memory_images/orig24.jpg","Neutral",5,"real",1,"Older"
"3854","624497","resources/real_fg_memory_images/fg9.jpg","Scam",6,"artificial",1,"Older"
"3855","624497","resources/real_fg_memory_images/fg11.jpg","Scam",6,"artificial",1,"Older"
"3856","624497","resources/real_fg_memory_images/orig19.jpg","Neutral",6,"real",0,"Older"
"3857","624497","resources/real_fg_memory_images/fg5.jpg","Neutral",6,"artificial",1,"Older"
"3858","624497","resources/real_fg_memory_images/orig26.jpg","Scam",5,"real",1,"Older"
"3859","624497","resources/real_fg_memory_images/fg10.jpg","Scam",6,"artificial",1,"Older"
"3860","624497","resources/real_fg_memory_images/orig23.jpg","Neutral",6,"real",0,"Older"
"3861","624497","resources/real_fg_memory_images/fg7.jpg","Scam",6,"artificial",0,"Older"
"3862","708309","resources/real_fg_memory_images/fg2.jpg","Neutral",6,"artificial",0,"Older"
"3863","708309","resources/real_fg_memory_images/orig27.jpg","Scam",9,"real",1,"Older"
"3864","708309","resources/real_fg_memory_images/orig25.jpg","Scam",8,"real",1,"Older"
"3865","708309","resources/real_fg_memory_images/fg6.jpg","Neutral",7,"artificial",0,"Older"
"3866","708309","resources/real_fg_memory_images/fg10.jpg","Scam",7,"artificial",1,"Older"
"3867","708309","resources/real_fg_memory_images/orig26.jpg","Scam",8,"real",1,"Older"
"3868","708309","resources/real_fg_memory_images/fg3.jpg","Neutral",8,"artificial",0,"Older"
"3869","708309","resources/real_fg_memory_images/orig22.jpg","Neutral",7,"real",0,"Older"
"3870","708309","resources/real_fg_memory_images/fg1.jpg","Neutral",7,"artificial",0,"Older"
"3871","708309","resources/real_fg_memory_images/orig28.jpg","Scam",8,"real",1,"Older"
"3872","708309","resources/real_fg_memory_images/fg9.jpg","Scam",7,"artificial",1,"Older"
"3873","708309","resources/real_fg_memory_images/orig20.jpg","Neutral",6,"real",1,"Older"
"3874","708309","resources/real_fg_memory_images/fg5.jpg","Neutral",6,"artificial",0,"Older"
"3875","708309","resources/real_fg_memory_images/orig30.jpg","Scam",5,"real",1,"Older"
"3876","708309","resources/real_fg_memory_images/fg8.jpg","Scam",7,"artificial",1,"Older"
"3877","708309","resources/real_fg_memory_images/orig24.jpg","Neutral",4,"real",0,"Older"
"3878","708309","resources/real_fg_memory_images/orig23.jpg","Neutral",4,"real",0,"Older"
"3879","708309","resources/real_fg_memory_images/fg12.jpg","Scam",2,"artificial",1,"Older"
"3880","708309","resources/real_fg_memory_images/orig19.jpg","Neutral",4,"real",0,"Older"
"3881","708309","resources/real_fg_memory_images/orig21.jpg","Neutral",6,"real",0,"Older"
"3882","708309","resources/real_fg_memory_images/orig29.jpg","Scam",5,"real",1,"Older"
"3883","708309","resources/real_fg_memory_images/fg4.jpg","Neutral",4,"artificial",0,"Older"
"3884","708309","resources/real_fg_memory_images/fg11.jpg","Scam",4,"artificial",1,"Older"
"3885","708309","resources/real_fg_memory_images/fg7.jpg","Scam",6,"artificial",0,"Older"
"3886","708983","resources/real_fg_memory_images/orig26.jpg","Scam",10,"real",1,"Older"
"3887","708983","resources/real_fg_memory_images/orig24.jpg","Neutral",5,"real",1,"Older"
"3888","708983","resources/real_fg_memory_images/orig30.jpg","Scam",10,"real",1,"Older"
"3889","708983","resources/real_fg_memory_images/fg6.jpg","Neutral",10,"artificial",1,"Older"
"3890","708983","resources/real_fg_memory_images/fg10.jpg","Scam",5,"artificial",0,"Older"
"3891","708983","resources/real_fg_memory_images/orig29.jpg","Scam",10,"real",1,"Older"
"3892","708983","resources/real_fg_memory_images/fg2.jpg","Neutral",10,"artificial",1,"Older"
"3893","708983","resources/real_fg_memory_images/orig25.jpg","Scam",5,"real",1,"Older"
"3894","708983","resources/real_fg_memory_images/fg7.jpg","Scam",10,"artificial",0,"Older"
"3895","708983","resources/real_fg_memory_images/fg1.jpg","Neutral",5,"artificial",0,"Older"
"3896","708983","resources/real_fg_memory_images/fg8.jpg","Scam",5,"artificial",1,"Older"
"3897","708983","resources/real_fg_memory_images/orig23.jpg","Neutral",5,"real",1,"Older"
"3898","708983","resources/real_fg_memory_images/orig22.jpg","Neutral",10,"real",1,"Older"
"3899","708983","resources/real_fg_memory_images/orig27.jpg","Scam",10,"real",1,"Older"
"3900","708983","resources/real_fg_memory_images/orig19.jpg","Neutral",9,"real",1,"Older"
"3901","708983","resources/real_fg_memory_images/orig28.jpg","Scam",10,"real",1,"Older"
"3902","708983","resources/real_fg_memory_images/fg12.jpg","Scam",8,"artificial",0,"Older"
"3903","708983","resources/real_fg_memory_images/fg11.jpg","Scam",10,"artificial",1,"Older"
"3904","708983","resources/real_fg_memory_images/fg9.jpg","Scam",9,"artificial",0,"Older"
"3905","708983","resources/real_fg_memory_images/fg4.jpg","Neutral",9,"artificial",1,"Older"
"3906","708983","resources/real_fg_memory_images/orig21.jpg","Neutral",7,"real",0,"Older"
"3907","708983","resources/real_fg_memory_images/orig20.jpg","Neutral",7,"real",1,"Older"
"3908","708983","resources/real_fg_memory_images/fg5.jpg","Neutral",9,"artificial",0,"Older"
"3909","708983","resources/real_fg_memory_images/fg3.jpg","Neutral",10,"artificial",1,"Older"
"3910","814543","resources/real_fg_memory_images/orig22.jpg","Neutral",6,"real",1,"Older"
"3911","814543","resources/real_fg_memory_images/fg2.jpg","Neutral",7,"artificial",1,"Older"
"3912","814543","resources/real_fg_memory_images/fg8.jpg","Scam",6,"artificial",1,"Older"
"3913","814543","resources/real_fg_memory_images/fg7.jpg","Scam",6,"artificial",1,"Older"
"3914","814543","resources/real_fg_memory_images/fg1.jpg","Neutral",8,"artificial",1,"Older"
"3915","814543","resources/real_fg_memory_images/orig26.jpg","Scam",6,"real",1,"Older"
"3916","814543","resources/real_fg_memory_images/fg4.jpg","Neutral",5,"artificial",1,"Older"
"3917","814543","resources/real_fg_memory_images/orig24.jpg","Neutral",5,"real",1,"Older"
"3918","814543","resources/real_fg_memory_images/fg10.jpg","Scam",5,"artificial",1,"Older"
"3919","814543","resources/real_fg_memory_images/orig21.jpg","Neutral",5,"real",0,"Older"
"3920","814543","resources/real_fg_memory_images/orig25.jpg","Scam",5,"real",1,"Older"
"3921","814543","resources/real_fg_memory_images/fg9.jpg","Scam",5,"artificial",1,"Older"
"3922","814543","resources/real_fg_memory_images/fg6.jpg","Neutral",6,"artificial",1,"Older"
"3923","814543","resources/real_fg_memory_images/fg3.jpg","Neutral",9,"artificial",1,"Older"
"3924","814543","resources/real_fg_memory_images/fg5.jpg","Neutral",6,"artificial",1,"Older"
"3925","814543","resources/real_fg_memory_images/orig19.jpg","Neutral",5,"real",1,"Older"
"3926","814543","resources/real_fg_memory_images/orig28.jpg","Scam",6,"real",1,"Older"
"3927","814543","resources/real_fg_memory_images/fg11.jpg","Scam",5,"artificial",1,"Older"
"3928","814543","resources/real_fg_memory_images/fg12.jpg","Scam",6,"artificial",0,"Older"
"3929","814543","resources/real_fg_memory_images/orig30.jpg","Scam",6,"real",0,"Older"
"3930","814543","resources/real_fg_memory_images/orig20.jpg","Neutral",5,"real",0,"Older"
"3931","814543","resources/real_fg_memory_images/orig29.jpg","Scam",6,"real",1,"Older"
"3932","814543","resources/real_fg_memory_images/orig27.jpg","Scam",7,"real",1,"Older"
"3933","814543","resources/real_fg_memory_images/orig23.jpg","Neutral",7,"real",0,"Older"
"3934","855924","resources/real_fg_memory_images/orig30.jpg","Scam",5,"real",1,"Older"
"3935","855924","resources/real_fg_memory_images/fg4.jpg","Neutral",5,"artificial",0,"Older"
"3936","855924","resources/real_fg_memory_images/orig27.jpg","Scam",5,"real",1,"Older"
"3937","855924","resources/real_fg_memory_images/orig19.jpg","Neutral",5,"real",1,"Older"
"3938","855924","resources/real_fg_memory_images/orig24.jpg","Neutral",5,"real",1,"Older"
"3939","855924","resources/real_fg_memory_images/fg3.jpg","Neutral",7,"artificial",1,"Older"
"3940","855924","resources/real_fg_memory_images/fg12.jpg","Scam",5,"artificial",1,"Older"
"3941","855924","resources/real_fg_memory_images/orig29.jpg","Scam",8,"real",1,"Older"
"3942","855924","resources/real_fg_memory_images/fg10.jpg","Scam",5,"artificial",0,"Older"
"3943","855924","resources/real_fg_memory_images/fg2.jpg","Neutral",5,"artificial",0,"Older"
"3944","855924","resources/real_fg_memory_images/orig26.jpg","Scam",9,"real",1,"Older"
"3945","855924","resources/real_fg_memory_images/orig23.jpg","Neutral",5,"real",1,"Older"
"3946","855924","resources/real_fg_memory_images/orig21.jpg","Neutral",5,"real",1,"Older"
"3947","855924","resources/real_fg_memory_images/orig25.jpg","Scam",5,"real",1,"Older"
"3948","855924","resources/real_fg_memory_images/fg11.jpg","Scam",9,"artificial",1,"Older"
"3949","855924","resources/real_fg_memory_images/orig20.jpg","Neutral",5,"real",1,"Older"
"3950","855924","resources/real_fg_memory_images/fg8.jpg","Scam",5,"artificial",0,"Older"
"3951","855924","resources/real_fg_memory_images/fg6.jpg","Neutral",5,"artificial",0,"Older"
"3952","855924","resources/real_fg_memory_images/orig28.jpg","Scam",5,"real",0,"Older"
"3953","855924","resources/real_fg_memory_images/fg7.jpg","Scam",6,"artificial",0,"Older"
"3954","855924","resources/real_fg_memory_images/fg5.jpg","Neutral",5,"artificial",1,"Older"
"3955","855924","resources/real_fg_memory_images/fg9.jpg","Scam",8,"artificial",1,"Older"
"3956","855924","resources/real_fg_memory_images/fg1.jpg","Neutral",8,"artificial",1,"Older"
"3957","855924","resources/real_fg_memory_images/orig22.jpg","Neutral",5,"real",0,"Older"
"3958","870665","resources/real_fg_memory_images/orig27.jpg","Scam",10,"real",1,"Older"
"3959","870665","resources/real_fg_memory_images/fg6.jpg","Neutral",9,"artificial",0,"Older"
"3960","870665","resources/real_fg_memory_images/fg5.jpg","Neutral",10,"artificial",0,"Older"
"3961","870665","resources/real_fg_memory_images/orig24.jpg","Neutral",9,"real",0,"Older"
"3962","870665","resources/real_fg_memory_images/fg4.jpg","Neutral",10,"artificial",0,"Older"
"3963","870665","resources/real_fg_memory_images/orig29.jpg","Scam",10,"real",1,"Older"
"3964","870665","resources/real_fg_memory_images/orig23.jpg","Neutral",8,"real",1,"Older"
"3965","870665","resources/real_fg_memory_images/fg1.jpg","Neutral",10,"artificial",0,"Older"
"3966","870665","resources/real_fg_memory_images/orig21.jpg","Neutral",8,"real",0,"Older"
"3967","870665","resources/real_fg_memory_images/orig30.jpg","Scam",10,"real",1,"Older"
"3968","870665","resources/real_fg_memory_images/orig28.jpg","Scam",10,"real",1,"Older"
"3969","870665","resources/real_fg_memory_images/orig26.jpg","Scam",10,"real",1,"Older"
"3970","870665","resources/real_fg_memory_images/fg12.jpg","Scam",10,"artificial",1,"Older"
"3971","870665","resources/real_fg_memory_images/orig20.jpg","Neutral",8,"real",1,"Older"
"3972","870665","resources/real_fg_memory_images/orig19.jpg","Neutral",9,"real",1,"Older"
"3973","870665","resources/real_fg_memory_images/fg7.jpg","Scam",10,"artificial",1,"Older"
"3974","870665","resources/real_fg_memory_images/fg10.jpg","Scam",10,"artificial",1,"Older"
"3975","870665","resources/real_fg_memory_images/orig22.jpg","Neutral",10,"real",1,"Older"
"3976","870665","resources/real_fg_memory_images/fg9.jpg","Scam",9,"artificial",1,"Older"
"3977","870665","resources/real_fg_memory_images/fg3.jpg","Neutral",10,"artificial",1,"Older"
"3978","870665","resources/real_fg_memory_images/orig25.jpg","Scam",10,"real",1,"Older"
"3979","870665","resources/real_fg_memory_images/fg11.jpg","Scam",10,"artificial",1,"Older"
"3980","870665","resources/real_fg_memory_images/fg2.jpg","Neutral",10,"artificial",1,"Older"
"3981","870665","resources/real_fg_memory_images/fg8.jpg","Scam",10,"artificial",1,"Older"
"3982","909530","resources/real_fg_memory_images/fg11.jpg","Scam",7,"artificial",1,"Older"
"3983","909530","resources/real_fg_memory_images/orig28.jpg","Scam",8,"real",1,"Older"
"3984","909530","resources/real_fg_memory_images/fg6.jpg","Neutral",6,"artificial",0,"Older"
"3985","909530","resources/real_fg_memory_images/fg5.jpg","Neutral",9,"artificial",0,"Older"
"3986","909530","resources/real_fg_memory_images/orig21.jpg","Neutral",10,"real",1,"Older"
"3987","909530","resources/real_fg_memory_images/orig23.jpg","Neutral",7,"real",1,"Older"
"3988","909530","resources/real_fg_memory_images/orig19.jpg","Neutral",8,"real",1,"Older"
"3989","909530","resources/real_fg_memory_images/orig20.jpg","Neutral",8,"real",0,"Older"
"3990","909530","resources/real_fg_memory_images/orig22.jpg","Neutral",10,"real",1,"Older"
"3991","909530","resources/real_fg_memory_images/fg9.jpg","Scam",5,"artificial",1,"Older"
"3992","909530","resources/real_fg_memory_images/fg8.jpg","Scam",10,"artificial",1,"Older"
"3993","909530","resources/real_fg_memory_images/fg12.jpg","Scam",6,"artificial",1,"Older"
"3994","909530","resources/real_fg_memory_images/fg10.jpg","Scam",10,"artificial",1,"Older"
"3995","909530","resources/real_fg_memory_images/fg2.jpg","Neutral",10,"artificial",1,"Older"
"3996","909530","resources/real_fg_memory_images/fg7.jpg","Scam",7,"artificial",0,"Older"
"3997","909530","resources/real_fg_memory_images/orig24.jpg","Neutral",10,"real",1,"Older"
"3998","909530","resources/real_fg_memory_images/fg4.jpg","Neutral",7,"artificial",1,"Older"
"3999","909530","resources/real_fg_memory_images/orig26.jpg","Scam",10,"real",1,"Older"
"4000","909530","resources/real_fg_memory_images/orig30.jpg","Scam",10,"real",1,"Older"
"4001","909530","resources/real_fg_memory_images/orig29.jpg","Scam",10,"real",1,"Older"
"4002","909530","resources/real_fg_memory_images/fg3.jpg","Neutral",8,"artificial",1,"Older"
"4003","909530","resources/real_fg_memory_images/orig25.jpg","Scam",8,"real",0,"Older"
"4004","909530","resources/real_fg_memory_images/orig27.jpg","Scam",10,"real",1,"Older"
"4005","909530","resources/real_fg_memory_images/fg1.jpg","Neutral",4,"artificial",1,"Older"
"4006","966235","resources/real_fg_memory_images/fg2.jpg","Neutral",5,"artificial",0,"Older"
"4007","966235","resources/real_fg_memory_images/orig28.jpg","Scam",10,"real",0,"Older"
"4008","966235","resources/real_fg_memory_images/fg3.jpg","Neutral",9,"artificial",1,"Older"
"4009","966235","resources/real_fg_memory_images/orig20.jpg","Neutral",5,"real",0,"Older"
"4010","966235","resources/real_fg_memory_images/fg12.jpg","Scam",6,"artificial",0,"Older"
"4011","966235","resources/real_fg_memory_images/orig19.jpg","Neutral",4,"real",0,"Older"
"4012","966235","resources/real_fg_memory_images/orig30.jpg","Scam",6,"real",1,"Older"
"4013","966235","resources/real_fg_memory_images/fg11.jpg","Scam",5,"artificial",1,"Older"
"4014","966235","resources/real_fg_memory_images/fg1.jpg","Neutral",8,"artificial",1,"Older"
"4015","966235","resources/real_fg_memory_images/orig24.jpg","Neutral",8,"real",1,"Older"
"4016","966235","resources/real_fg_memory_images/fg9.jpg","Scam",6,"artificial",0,"Older"
"4017","966235","resources/real_fg_memory_images/orig22.jpg","Neutral",8,"real",0,"Older"
"4018","966235","resources/real_fg_memory_images/orig26.jpg","Scam",8,"real",1,"Older"
"4019","966235","resources/real_fg_memory_images/fg5.jpg","Neutral",8,"artificial",1,"Older"
"4020","966235","resources/real_fg_memory_images/fg8.jpg","Scam",8,"artificial",0,"Older"
"4021","966235","resources/real_fg_memory_images/orig23.jpg","Neutral",8,"real",0,"Older"
"4022","966235","resources/real_fg_memory_images/orig27.jpg","Scam",5,"real",1,"Older"
"4023","966235","resources/real_fg_memory_images/fg10.jpg","Scam",7,"artificial",0,"Older"
"4024","966235","resources/real_fg_memory_images/fg7.jpg","Scam",8,"artificial",0,"Older"
"4025","966235","resources/real_fg_memory_images/orig29.jpg","Scam",5,"real",0,"Older"
"4026","966235","resources/real_fg_memory_images/fg4.jpg","Neutral",8,"artificial",0,"Older"
"4027","966235","resources/real_fg_memory_images/orig25.jpg","Scam",5,"real",0,"Older"
"4028","011861","resources/real_fg_memory_images/fg19.jpg","Neutral",8,"artificial",0,"Older"
"4029","011861","resources/real_fg_memory_images/orig6.jpg","Neutral",8,"real",1,"Older"
"4030","011861","resources/real_fg_memory_images/orig2.jpg","Neutral",9,"real",0,"Older"
"4031","011861","resources/real_fg_memory_images/fg27.jpg","Scam",9,"artificial",0,"Older"
"4032","011861","resources/real_fg_memory_images/orig10.jpg","Scam",10,"real",1,"Older"
"4033","011861","resources/real_fg_memory_images/fg20.jpg","Neutral",10,"artificial",1,"Older"
"4034","011861","resources/real_fg_memory_images/orig12.jpg","Scam",9,"real",1,"Older"
"4035","011861","resources/real_fg_memory_images/fg26.jpg","Scam",9,"artificial",1,"Older"
"4036","011861","resources/real_fg_memory_images/orig5.jpg","Neutral",9,"real",0,"Older"
"4037","011861","resources/real_fg_memory_images/orig1.jpg","Neutral",8,"real",1,"Older"
"4038","011861","resources/real_fg_memory_images/orig11.jpg","Scam",9,"real",0,"Older"
"4039","011861","resources/real_fg_memory_images/fg29.jpg","Scam",8,"artificial",0,"Older"
"4040","011861","resources/real_fg_memory_images/orig7.jpg","Scam",9,"real",0,"Older"
"4041","011861","resources/real_fg_memory_images/fg22.jpg","Neutral",10,"artificial",1,"Older"
"4042","011861","resources/real_fg_memory_images/orig9.jpg","Scam",9,"real",1,"Older"
"4043","011861","resources/real_fg_memory_images/fg30.jpg","Scam",10,"artificial",0,"Older"
"4044","011861","resources/real_fg_memory_images/fg28.jpg","Scam",10,"artificial",0,"Older"
"4045","011861","resources/real_fg_memory_images/fg23.jpg","Neutral",10,"artificial",0,"Older"
"4046","011861","resources/real_fg_memory_images/fg25.jpg","Scam",9,"artificial",0,"Older"
"4047","011861","resources/real_fg_memory_images/fg21.jpg","Neutral",8,"artificial",0,"Older"
"4048","011861","resources/real_fg_memory_images/orig4.jpg","Neutral",8,"real",1,"Older"
"4049","011861","resources/real_fg_memory_images/orig3.jpg","Neutral",10,"real",1,"Older"
"4050","011861","resources/real_fg_memory_images/orig8.jpg","Scam",10,"real",1,"Older"
"4051","011861","resources/real_fg_memory_images/fg24.jpg","Neutral",8,"artificial",1,"Older"
"4052","044533","resources/real_fg_memory_images/orig4.jpg","Neutral",8,"real",1,"Older"
"4053","044533","resources/real_fg_memory_images/orig12.jpg","Scam",7,"real",0,"Older"
"4054","044533","resources/real_fg_memory_images/fg22.jpg","Neutral",8,"artificial",0,"Older"
"4055","044533","resources/real_fg_memory_images/orig6.jpg","Neutral",6,"real",1,"Older"
"4056","044533","resources/real_fg_memory_images/orig5.jpg","Neutral",7,"real",0,"Older"
"4057","044533","resources/real_fg_memory_images/orig7.jpg","Scam",8,"real",1,"Older"
"4058","044533","resources/real_fg_memory_images/fg25.jpg","Scam",10,"artificial",1,"Older"
"4059","044533","resources/real_fg_memory_images/fg20.jpg","Neutral",9,"artificial",0,"Older"
"4060","044533","resources/real_fg_memory_images/fg21.jpg","Neutral",7,"artificial",1,"Older"
"4061","044533","resources/real_fg_memory_images/orig3.jpg","Neutral",10,"real",1,"Older"
"4062","044533","resources/real_fg_memory_images/orig10.jpg","Scam",6,"real",1,"Older"
"4063","044533","resources/real_fg_memory_images/orig2.jpg","Neutral",7,"real",1,"Older"
"4064","044533","resources/real_fg_memory_images/orig11.jpg","Scam",9,"real",1,"Older"
"4065","044533","resources/real_fg_memory_images/fg19.jpg","Neutral",7,"artificial",1,"Older"
"4066","044533","resources/real_fg_memory_images/orig8.jpg","Scam",9,"real",1,"Older"
"4067","044533","resources/real_fg_memory_images/fg26.jpg","Scam",9,"artificial",1,"Older"
"4068","044533","resources/real_fg_memory_images/fg24.jpg","Neutral",6,"artificial",0,"Older"
"4069","044533","resources/real_fg_memory_images/orig9.jpg","Scam",7,"real",1,"Older"
"4070","044533","resources/real_fg_memory_images/fg30.jpg","Scam",8,"artificial",1,"Older"
"4071","044533","resources/real_fg_memory_images/fg27.jpg","Scam",9,"artificial",1,"Older"
"4072","044533","resources/real_fg_memory_images/fg23.jpg","Neutral",7,"artificial",0,"Older"
"4073","044533","resources/real_fg_memory_images/fg29.jpg","Scam",9,"artificial",1,"Older"
"4074","044533","resources/real_fg_memory_images/fg28.jpg","Scam",9,"artificial",1,"Older"
"4075","044533","resources/real_fg_memory_images/orig1.jpg","Neutral",6,"real",1,"Older"
"4076","059179","resources/real_fg_memory_images/fg26.jpg","Scam",10,"artificial",1,"Older"
"4077","059179","resources/real_fg_memory_images/orig4.jpg","Neutral",5,"real",0,"Older"
"4078","059179","resources/real_fg_memory_images/orig11.jpg","Scam",6,"real",0,"Older"
"4079","059179","resources/real_fg_memory_images/fg21.jpg","Neutral",8,"artificial",1,"Older"
"4080","059179","resources/real_fg_memory_images/fg22.jpg","Neutral",5,"artificial",0,"Older"
"4081","059179","resources/real_fg_memory_images/fg24.jpg","Neutral",6,"artificial",1,"Older"
"4082","059179","resources/real_fg_memory_images/fg20.jpg","Neutral",6,"artificial",1,"Older"
"4083","059179","resources/real_fg_memory_images/orig7.jpg","Scam",10,"real",1,"Older"
"4084","059179","resources/real_fg_memory_images/orig8.jpg","Scam",10,"real",1,"Older"
"4085","059179","resources/real_fg_memory_images/fg23.jpg","Neutral",9,"artificial",1,"Older"
"4086","059179","resources/real_fg_memory_images/orig3.jpg","Neutral",10,"real",1,"Older"
"4087","059179","resources/real_fg_memory_images/fg30.jpg","Scam",9,"artificial",1,"Older"
"4088","059179","resources/real_fg_memory_images/orig12.jpg","Scam",10,"real",1,"Older"
"4089","059179","resources/real_fg_memory_images/orig1.jpg","Neutral",7,"real",1,"Older"
"4090","059179","resources/real_fg_memory_images/orig10.jpg","Scam",10,"real",1,"Older"
"4091","059179","resources/real_fg_memory_images/orig2.jpg","Neutral",7,"real",0,"Older"
"4092","059179","resources/real_fg_memory_images/fg19.jpg","Neutral",5,"artificial",0,"Older"
"4093","059179","resources/real_fg_memory_images/fg29.jpg","Scam",9,"artificial",1,"Older"
"4094","059179","resources/real_fg_memory_images/fg25.jpg","Scam",9,"artificial",1,"Older"
"4095","059179","resources/real_fg_memory_images/orig5.jpg","Neutral",10,"real",0,"Older"
"4096","059179","resources/real_fg_memory_images/fg28.jpg","Scam",6,"artificial",0,"Older"
"4097","059179","resources/real_fg_memory_images/orig9.jpg","Scam",9,"real",1,"Older"
"4098","059179","resources/real_fg_memory_images/orig6.jpg","Neutral",10,"real",1,"Older"
"4099","059179","resources/real_fg_memory_images/fg27.jpg","Scam",10,"artificial",1,"Older"
"4100","080628","resources/real_fg_memory_images/orig6.jpg","Neutral",7,"real",1,"Older"
"4101","080628","resources/real_fg_memory_images/fg28.jpg","Scam",6,"artificial",1,"Older"
"4102","080628","resources/real_fg_memory_images/fg23.jpg","Neutral",3,"artificial",0,"Older"
"4103","080628","resources/real_fg_memory_images/fg26.jpg","Scam",7,"artificial",1,"Older"
"4104","080628","resources/real_fg_memory_images/orig1.jpg","Neutral",9,"real",1,"Older"
"4105","080628","resources/real_fg_memory_images/fg21.jpg","Neutral",2,"artificial",1,"Older"
"4106","080628","resources/real_fg_memory_images/orig7.jpg","Scam",2,"real",1,"Older"
"4107","080628","resources/real_fg_memory_images/fg24.jpg","Neutral",1,"artificial",1,"Older"
"4108","080628","resources/real_fg_memory_images/fg20.jpg","Neutral",3,"artificial",1,"Older"
"4109","080628","resources/real_fg_memory_images/orig12.jpg","Scam",4,"real",1,"Older"
"4110","080628","resources/real_fg_memory_images/fg29.jpg","Scam",2,"artificial",1,"Older"
"4111","080628","resources/real_fg_memory_images/orig4.jpg","Neutral",8,"real",1,"Older"
"4112","080628","resources/real_fg_memory_images/fg30.jpg","Scam",7,"artificial",1,"Older"
"4113","080628","resources/real_fg_memory_images/orig11.jpg","Scam",8,"real",1,"Older"
"4114","080628","resources/real_fg_memory_images/fg25.jpg","Scam",3,"artificial",0,"Older"
"4115","080628","resources/real_fg_memory_images/fg27.jpg","Scam",2,"artificial",1,"Older"
"4116","080628","resources/real_fg_memory_images/fg19.jpg","Neutral",4,"artificial",1,"Older"
"4117","080628","resources/real_fg_memory_images/orig5.jpg","Neutral",2,"real",0,"Older"
"4118","080628","resources/real_fg_memory_images/orig10.jpg","Scam",9,"real",1,"Older"
"4119","080628","resources/real_fg_memory_images/orig8.jpg","Scam",8,"real",1,"Older"
"4120","080628","resources/real_fg_memory_images/orig9.jpg","Scam",5,"real",0,"Older"
"4121","080628","resources/real_fg_memory_images/fg22.jpg","Neutral",9,"artificial",1,"Older"
"4122","080628","resources/real_fg_memory_images/orig3.jpg","Neutral",9,"real",1,"Older"
"4123","080628","resources/real_fg_memory_images/orig2.jpg","Neutral",7,"real",1,"Older"
"4124","154362","resources/real_fg_memory_images/orig7.jpg","Scam",10,"real",1,"Older"
"4125","154362","resources/real_fg_memory_images/orig2.jpg","Neutral",6,"real",0,"Older"
"4126","154362","resources/real_fg_memory_images/orig4.jpg","Neutral",9,"real",1,"Older"
"4127","154362","resources/real_fg_memory_images/orig12.jpg","Scam",10,"real",1,"Older"
"4128","154362","resources/real_fg_memory_images/orig5.jpg","Neutral",9,"real",1,"Older"
"4129","154362","resources/real_fg_memory_images/orig8.jpg","Scam",10,"real",1,"Older"
"4130","154362","resources/real_fg_memory_images/orig9.jpg","Scam",9,"real",1,"Older"
"4131","154362","resources/real_fg_memory_images/orig11.jpg","Scam",10,"real",1,"Older"
"4132","154362","resources/real_fg_memory_images/fg30.jpg","Scam",10,"artificial",1,"Older"
"4133","154362","resources/real_fg_memory_images/orig1.jpg","Neutral",8,"real",0,"Older"
"4134","154362","resources/real_fg_memory_images/orig10.jpg","Scam",10,"real",1,"Older"
"4135","154362","resources/real_fg_memory_images/fg25.jpg","Scam",10,"artificial",0,"Older"
"4136","154362","resources/real_fg_memory_images/fg27.jpg","Scam",10,"artificial",1,"Older"
"4137","154362","resources/real_fg_memory_images/fg28.jpg","Scam",10,"artificial",1,"Older"
"4138","154362","resources/real_fg_memory_images/orig6.jpg","Neutral",10,"real",1,"Older"
"4139","154362","resources/real_fg_memory_images/fg24.jpg","Neutral",10,"artificial",1,"Older"
"4140","154362","resources/real_fg_memory_images/fg21.jpg","Neutral",9,"artificial",0,"Older"
"4141","154362","resources/real_fg_memory_images/fg29.jpg","Scam",10,"artificial",1,"Older"
"4142","154362","resources/real_fg_memory_images/fg26.jpg","Scam",10,"artificial",1,"Older"
"4143","154362","resources/real_fg_memory_images/fg20.jpg","Neutral",10,"artificial",1,"Older"
"4144","154362","resources/real_fg_memory_images/fg23.jpg","Neutral",10,"artificial",1,"Older"
"4145","154362","resources/real_fg_memory_images/fg22.jpg","Neutral",10,"artificial",1,"Older"
"4146","154362","resources/real_fg_memory_images/orig3.jpg","Neutral",10,"real",1,"Older"
"4147","154362","resources/real_fg_memory_images/fg19.jpg","Neutral",10,"artificial",1,"Older"
"4148","202198","resources/real_fg_memory_images/orig11.jpg","Scam",10,"real",0,"Older"
"4149","202198","resources/real_fg_memory_images/fg19.jpg","Neutral",10,"artificial",1,"Older"
"4150","202198","resources/real_fg_memory_images/fg25.jpg","Scam",5,"artificial",0,"Older"
"4151","202198","resources/real_fg_memory_images/orig4.jpg","Neutral",10,"real",1,"Older"
"4152","202198","resources/real_fg_memory_images/fg23.jpg","Neutral",5,"artificial",1,"Older"
"4153","202198","resources/real_fg_memory_images/orig1.jpg","Neutral",6,"real",0,"Older"
"4154","202198","resources/real_fg_memory_images/orig9.jpg","Scam",7,"real",1,"Older"
"4155","202198","resources/real_fg_memory_images/fg21.jpg","Neutral",5,"artificial",1,"Older"
"4156","202198","resources/real_fg_memory_images/fg26.jpg","Scam",5,"artificial",0,"Older"
"4157","202198","resources/real_fg_memory_images/orig8.jpg","Scam",10,"real",1,"Older"
"4158","202198","resources/real_fg_memory_images/fg29.jpg","Scam",7,"artificial",1,"Older"
"4159","202198","resources/real_fg_memory_images/orig3.jpg","Neutral",10,"real",1,"Older"
"4160","202198","resources/real_fg_memory_images/orig10.jpg","Scam",8,"real",1,"Older"
"4161","202198","resources/real_fg_memory_images/fg20.jpg","Neutral",5,"artificial",1,"Older"
"4162","202198","resources/real_fg_memory_images/orig2.jpg","Neutral",10,"real",1,"Older"
"4163","202198","resources/real_fg_memory_images/fg22.jpg","Neutral",10,"artificial",1,"Older"
"4164","202198","resources/real_fg_memory_images/orig7.jpg","Scam",9,"real",1,"Older"
"4165","202198","resources/real_fg_memory_images/fg27.jpg","Scam",9,"artificial",1,"Older"
"4166","202198","resources/real_fg_memory_images/fg24.jpg","Neutral",8,"artificial",1,"Older"
"4167","202198","resources/real_fg_memory_images/fg30.jpg","Scam",10,"artificial",0,"Older"
"4168","202198","resources/real_fg_memory_images/fg28.jpg","Scam",10,"artificial",1,"Older"
"4169","202198","resources/real_fg_memory_images/orig5.jpg","Neutral",10,"real",0,"Older"
"4170","202198","resources/real_fg_memory_images/orig12.jpg","Scam",5,"real",0,"Older"
"4171","202198","resources/real_fg_memory_images/orig6.jpg","Neutral",8,"real",1,"Older"
"4172","248915","resources/real_fg_memory_images/orig6.jpg","Neutral",10,"real",1,"Older"
"4173","248915","resources/real_fg_memory_images/orig12.jpg","Scam",0,"real",0,"Older"
"4174","248915","resources/real_fg_memory_images/fg26.jpg","Scam",10,"artificial",1,"Older"
"4175","248915","resources/real_fg_memory_images/fg20.jpg","Neutral",0,"artificial",1,"Older"
"4176","248915","resources/real_fg_memory_images/fg22.jpg","Neutral",10,"artificial",1,"Older"
"4177","248915","resources/real_fg_memory_images/orig8.jpg","Scam",10,"real",0,"Older"
"4178","248915","resources/real_fg_memory_images/fg21.jpg","Neutral",10,"artificial",1,"Older"
"4179","248915","resources/real_fg_memory_images/orig9.jpg","Scam",0,"real",1,"Older"
"4180","248915","resources/real_fg_memory_images/orig3.jpg","Neutral",0,"real",1,"Older"
"4181","248915","resources/real_fg_memory_images/orig7.jpg","Scam",10,"real",1,"Older"
"4182","248915","resources/real_fg_memory_images/orig10.jpg","Scam",0,"real",0,"Older"
"4183","248915","resources/real_fg_memory_images/fg19.jpg","Neutral",10,"artificial",1,"Older"
"4184","248915","resources/real_fg_memory_images/orig4.jpg","Neutral",0,"real",1,"Older"
"4185","248915","resources/real_fg_memory_images/fg23.jpg","Neutral",10,"artificial",1,"Older"
"4186","248915","resources/real_fg_memory_images/orig5.jpg","Neutral",0,"real",1,"Older"
"4187","248915","resources/real_fg_memory_images/fg29.jpg","Scam",10,"artificial",0,"Older"
"4188","248915","resources/real_fg_memory_images/fg24.jpg","Neutral",0,"artificial",1,"Older"
"4189","248915","resources/real_fg_memory_images/fg30.jpg","Scam",0,"artificial",0,"Older"
"4190","248915","resources/real_fg_memory_images/fg27.jpg","Scam",0,"artificial",0,"Older"
"4191","248915","resources/real_fg_memory_images/fg25.jpg","Scam",10,"artificial",0,"Older"
"4192","248915","resources/real_fg_memory_images/orig11.jpg","Scam",10,"real",0,"Older"
"4193","248915","resources/real_fg_memory_images/fg28.jpg","Scam",0,"artificial",0,"Older"
"4194","248915","resources/real_fg_memory_images/orig1.jpg","Neutral",10,"real",0,"Older"
"4195","248915","resources/real_fg_memory_images/orig2.jpg","Neutral",10,"real",1,"Older"
"4196","259943","resources/real_fg_memory_images/fg30.jpg","Scam",10,"artificial",1,"Older"
"4197","259943","resources/real_fg_memory_images/orig7.jpg","Scam",10,"real",0,"Older"
"4198","259943","resources/real_fg_memory_images/fg29.jpg","Scam",9,"artificial",0,"Older"
"4199","259943","resources/real_fg_memory_images/orig10.jpg","Scam",10,"real",1,"Older"
"4200","259943","resources/real_fg_memory_images/orig11.jpg","Scam",8,"real",0,"Older"
"4201","259943","resources/real_fg_memory_images/orig12.jpg","Scam",10,"real",1,"Older"
"4202","259943","resources/real_fg_memory_images/orig6.jpg","Neutral",10,"real",1,"Older"
"4203","259943","resources/real_fg_memory_images/fg23.jpg","Neutral",9,"artificial",0,"Older"
"4204","259943","resources/real_fg_memory_images/orig4.jpg","Neutral",8,"real",0,"Older"
"4205","259943","resources/real_fg_memory_images/fg26.jpg","Scam",9,"artificial",1,"Older"
"4206","259943","resources/real_fg_memory_images/orig9.jpg","Scam",8,"real",1,"Older"
"4207","259943","resources/real_fg_memory_images/fg25.jpg","Scam",8,"artificial",0,"Older"
"4208","259943","resources/real_fg_memory_images/orig8.jpg","Scam",10,"real",1,"Older"
"4209","259943","resources/real_fg_memory_images/orig1.jpg","Neutral",9,"real",0,"Older"
"4210","259943","resources/real_fg_memory_images/fg19.jpg","Neutral",8,"artificial",1,"Older"
"4211","259943","resources/real_fg_memory_images/orig2.jpg","Neutral",9,"real",1,"Older"
"4212","259943","resources/real_fg_memory_images/fg28.jpg","Scam",10,"artificial",0,"Older"
"4213","259943","resources/real_fg_memory_images/fg22.jpg","Neutral",9,"artificial",1,"Older"
"4214","259943","resources/real_fg_memory_images/fg21.jpg","Neutral",8,"artificial",0,"Older"
"4215","259943","resources/real_fg_memory_images/fg24.jpg","Neutral",9,"artificial",0,"Older"
"4216","259943","resources/real_fg_memory_images/fg20.jpg","Neutral",10,"artificial",1,"Older"
"4217","259943","resources/real_fg_memory_images/orig5.jpg","Neutral",9,"real",0,"Older"
"4218","259943","resources/real_fg_memory_images/fg27.jpg","Scam",7,"artificial",0,"Older"
"4219","259943","resources/real_fg_memory_images/orig3.jpg","Neutral",10,"real",1,"Older"
"4220","362267","resources/real_fg_memory_images/orig6.jpg","Neutral",8,"real",1,"Older"
"4221","362267","resources/real_fg_memory_images/fg27.jpg","Scam",9,"artificial",1,"Older"
"4222","362267","resources/real_fg_memory_images/orig12.jpg","Scam",7,"real",0,"Older"
"4223","362267","resources/real_fg_memory_images/orig2.jpg","Neutral",8,"real",0,"Older"
"4224","362267","resources/real_fg_memory_images/fg21.jpg","Neutral",8,"artificial",0,"Older"
"4225","362267","resources/real_fg_memory_images/fg28.jpg","Scam",4,"artificial",0,"Older"
"4226","362267","resources/real_fg_memory_images/fg30.jpg","Scam",7,"artificial",0,"Older"
"4227","362267","resources/real_fg_memory_images/orig9.jpg","Scam",9,"real",1,"Older"
"4228","362267","resources/real_fg_memory_images/orig7.jpg","Scam",8,"real",0,"Older"
"4229","362267","resources/real_fg_memory_images/fg29.jpg","Scam",6,"artificial",1,"Older"
"4230","362267","resources/real_fg_memory_images/orig1.jpg","Neutral",6,"real",0,"Older"
"4231","362267","resources/real_fg_memory_images/orig4.jpg","Neutral",7,"real",1,"Older"
"4232","362267","resources/real_fg_memory_images/fg22.jpg","Neutral",7,"artificial",1,"Older"
"4233","362267","resources/real_fg_memory_images/orig11.jpg","Scam",7,"real",0,"Older"
"4234","362267","resources/real_fg_memory_images/orig3.jpg","Neutral",8,"real",1,"Older"
"4235","362267","resources/real_fg_memory_images/orig10.jpg","Scam",7,"real",0,"Older"
"4236","362267","resources/real_fg_memory_images/fg20.jpg","Neutral",8,"artificial",0,"Older"
"4237","362267","resources/real_fg_memory_images/fg19.jpg","Neutral",7,"artificial",0,"Older"
"4238","362267","resources/real_fg_memory_images/orig5.jpg","Neutral",4,"real",1,"Older"
"4239","362267","resources/real_fg_memory_images/fg26.jpg","Scam",6.777,"artificial",0,"Older"
"4240","362267","resources/real_fg_memory_images/fg23.jpg","Neutral",8,"artificial",0,"Older"
"4241","362267","resources/real_fg_memory_images/fg25.jpg","Scam",6,"artificial",1,"Older"
"4242","362267","resources/real_fg_memory_images/fg24.jpg","Neutral",6,"artificial",1,"Older"
"4243","362267","resources/real_fg_memory_images/orig8.jpg","Scam",7,"real",0,"Older"
"4244","372802","resources/real_fg_memory_images/fg22.jpg","Neutral",5,"artificial",0,"Older"
"4245","372802","resources/real_fg_memory_images/fg30.jpg","Scam",10,"artificial",0,"Older"
"4246","372802","resources/real_fg_memory_images/orig8.jpg","Scam",10,"real",1,"Older"
"4247","372802","resources/real_fg_memory_images/orig3.jpg","Neutral",10,"real",1,"Older"
"4248","372802","resources/real_fg_memory_images/orig10.jpg","Scam",4,"real",1,"Older"
"4249","372802","resources/real_fg_memory_images/fg28.jpg","Scam",9,"artificial",1,"Older"
"4250","372802","resources/real_fg_memory_images/orig4.jpg","Neutral",10,"real",1,"Older"
"4251","372802","resources/real_fg_memory_images/fg29.jpg","Scam",5,"artificial",0,"Older"
"4252","372802","resources/real_fg_memory_images/fg20.jpg","Neutral",3,"artificial",0,"Older"
"4253","372802","resources/real_fg_memory_images/orig9.jpg","Scam",6,"real",1,"Older"
"4254","372802","resources/real_fg_memory_images/orig11.jpg","Scam",7,"real",1,"Older"
"4255","372802","resources/real_fg_memory_images/orig12.jpg","Scam",10,"real",0,"Older"
"4256","372802","resources/real_fg_memory_images/fg23.jpg","Neutral",6,"artificial",1,"Older"
"4257","372802","resources/real_fg_memory_images/fg24.jpg","Neutral",3,"artificial",0,"Older"
"4258","372802","resources/real_fg_memory_images/fg26.jpg","Scam",9,"artificial",1,"Older"
"4259","372802","resources/real_fg_memory_images/fg19.jpg","Neutral",8,"artificial",1,"Older"
"4260","372802","resources/real_fg_memory_images/fg21.jpg","Neutral",1,"artificial",0,"Older"
"4261","372802","resources/real_fg_memory_images/orig1.jpg","Neutral",10,"real",1,"Older"
"4262","372802","resources/real_fg_memory_images/orig7.jpg","Scam",9,"real",0,"Older"
"4263","372802","resources/real_fg_memory_images/orig6.jpg","Neutral",10,"real",1,"Older"
"4264","372802","resources/real_fg_memory_images/fg25.jpg","Scam",9,"artificial",0,"Older"
"4265","372802","resources/real_fg_memory_images/fg27.jpg","Scam",10,"artificial",1,"Older"
"4266","372802","resources/real_fg_memory_images/orig5.jpg","Neutral",10,"real",1,"Older"
"4267","372802","resources/real_fg_memory_images/orig2.jpg","Neutral",9,"real",0,"Older"
"4268","489782","resources/real_fg_memory_images/fg20.jpg","Neutral",2,"artificial",1,"Older"
"4269","489782","resources/real_fg_memory_images/orig11.jpg","Scam",6,"real",0,"Older"
"4270","489782","resources/real_fg_memory_images/orig9.jpg","Scam",9,"real",0,"Older"
"4271","489782","resources/real_fg_memory_images/orig8.jpg","Scam",6,"real",1,"Older"
"4272","489782","resources/real_fg_memory_images/fg21.jpg","Neutral",6,"artificial",0,"Older"
"4273","489782","resources/real_fg_memory_images/orig4.jpg","Neutral",9,"real",1,"Older"
"4274","489782","resources/real_fg_memory_images/fg22.jpg","Neutral",6,"artificial",1,"Older"
"4275","489782","resources/real_fg_memory_images/fg28.jpg","Scam",6,"artificial",0,"Older"
"4276","489782","resources/real_fg_memory_images/fg23.jpg","Neutral",6,"artificial",0,"Older"
"4277","489782","resources/real_fg_memory_images/fg19.jpg","Neutral",7,"artificial",0,"Older"
"4278","489782","resources/real_fg_memory_images/fg29.jpg","Scam",8,"artificial",1,"Older"
"4279","489782","resources/real_fg_memory_images/orig10.jpg","Scam",8,"real",1,"Older"
"4280","489782","resources/real_fg_memory_images/fg24.jpg","Neutral",8,"artificial",0,"Older"
"4281","489782","resources/real_fg_memory_images/orig1.jpg","Neutral",9,"real",1,"Older"
"4282","489782","resources/real_fg_memory_images/fg30.jpg","Scam",8,"artificial",1,"Older"
"4283","489782","resources/real_fg_memory_images/fg27.jpg","Scam",8,"artificial",1,"Older"
"4284","489782","resources/real_fg_memory_images/fg25.jpg","Scam",6,"artificial",0,"Older"
"4285","489782","resources/real_fg_memory_images/orig7.jpg","Scam",8,"real",0,"Older"
"4286","489782","resources/real_fg_memory_images/orig6.jpg","Neutral",8,"real",1,"Older"
"4287","489782","resources/real_fg_memory_images/orig5.jpg","Neutral",7,"real",1,"Older"
"4288","489782","resources/real_fg_memory_images/orig12.jpg","Scam",9,"real",0,"Older"
"4289","489782","resources/real_fg_memory_images/orig2.jpg","Neutral",6,"real",1,"Older"
"4290","501069","resources/real_fg_memory_images/fg30.jpg","Scam",6,"artificial",1,"Older"
"4291","501069","resources/real_fg_memory_images/fg22.jpg","Neutral",9,"artificial",0,"Older"
"4292","501069","resources/real_fg_memory_images/fg19.jpg","Neutral",9,"artificial",1,"Older"
"4293","501069","resources/real_fg_memory_images/orig7.jpg","Scam",10,"real",0,"Older"
"4294","501069","resources/real_fg_memory_images/orig10.jpg","Scam",10,"real",0,"Older"
"4295","501069","resources/real_fg_memory_images/fg25.jpg","Scam",10,"artificial",1,"Older"
"4296","501069","resources/real_fg_memory_images/orig12.jpg","Scam",6,"real",0,"Older"
"4297","501069","resources/real_fg_memory_images/fg26.jpg","Scam",7,"artificial",1,"Older"
"4298","501069","resources/real_fg_memory_images/orig2.jpg","Neutral",10,"real",0,"Older"
"4299","501069","resources/real_fg_memory_images/fg21.jpg","Neutral",10,"artificial",0,"Older"
"4300","501069","resources/real_fg_memory_images/fg24.jpg","Neutral",8,"artificial",1,"Older"
"4301","501069","resources/real_fg_memory_images/fg29.jpg","Scam",10,"artificial",1,"Older"
"4302","501069","resources/real_fg_memory_images/orig3.jpg","Neutral",9,"real",1,"Older"
"4303","501069","resources/real_fg_memory_images/orig11.jpg","Scam",10,"real",1,"Older"
"4304","501069","resources/real_fg_memory_images/fg23.jpg","Neutral",8,"artificial",1,"Older"
"4305","501069","resources/real_fg_memory_images/fg28.jpg","Scam",8,"artificial",1,"Older"
"4306","501069","resources/real_fg_memory_images/orig1.jpg","Neutral",9,"real",0,"Older"
"4307","501069","resources/real_fg_memory_images/fg20.jpg","Neutral",4,"artificial",1,"Older"
"4308","501069","resources/real_fg_memory_images/orig9.jpg","Scam",6,"real",0,"Older"
"4309","501069","resources/real_fg_memory_images/orig4.jpg","Neutral",9,"real",1,"Older"
"4310","501069","resources/real_fg_memory_images/orig5.jpg","Neutral",5,"real",0,"Older"
"4311","501069","resources/real_fg_memory_images/orig6.jpg","Neutral",9,"real",0,"Older"
"4312","501069","resources/real_fg_memory_images/orig8.jpg","Scam",10,"real",1,"Older"
"4313","501069","resources/real_fg_memory_images/fg27.jpg","Scam",8,"artificial",1,"Older"
"4314","503785","resources/real_fg_memory_images/orig1.jpg","Neutral",10,"real",1,"Older"
"4315","503785","resources/real_fg_memory_images/orig3.jpg","Neutral",10,"real",1,"Older"
"4316","503785","resources/real_fg_memory_images/orig2.jpg","Neutral",10,"real",1,"Older"
"4317","503785","resources/real_fg_memory_images/fg24.jpg","Neutral",6,"artificial",0,"Older"
"4318","503785","resources/real_fg_memory_images/fg27.jpg","Scam",10,"artificial",1,"Older"
"4319","503785","resources/real_fg_memory_images/fg19.jpg","Neutral",7,"artificial",0,"Older"
"4320","503785","resources/real_fg_memory_images/orig5.jpg","Neutral",10,"real",0,"Older"
"4321","503785","resources/real_fg_memory_images/fg25.jpg","Scam",10,"artificial",1,"Older"
"4322","503785","resources/real_fg_memory_images/fg30.jpg","Scam",10,"artificial",1,"Older"
"4323","503785","resources/real_fg_memory_images/orig11.jpg","Scam",10,"real",0,"Older"
"4324","503785","resources/real_fg_memory_images/fg20.jpg","Neutral",10,"artificial",0,"Older"
"4325","503785","resources/real_fg_memory_images/orig6.jpg","Neutral",10,"real",0,"Older"
"4326","503785","resources/real_fg_memory_images/orig10.jpg","Scam",10,"real",1,"Older"
"4327","503785","resources/real_fg_memory_images/fg22.jpg","Neutral",10,"artificial",1,"Older"
"4328","503785","resources/real_fg_memory_images/orig7.jpg","Scam",10,"real",0,"Older"
"4329","503785","resources/real_fg_memory_images/orig12.jpg","Scam",9,"real",0,"Older"
"4330","503785","resources/real_fg_memory_images/fg23.jpg","Neutral",6,"artificial",1,"Older"
"4331","503785","resources/real_fg_memory_images/fg29.jpg","Scam",10,"artificial",1,"Older"
"4332","503785","resources/real_fg_memory_images/orig9.jpg","Scam",10,"real",1,"Older"
"4333","503785","resources/real_fg_memory_images/orig8.jpg","Scam",10,"real",1,"Older"
"4334","503785","resources/real_fg_memory_images/fg28.jpg","Scam",9,"artificial",0,"Older"
"4335","503785","resources/real_fg_memory_images/fg21.jpg","Neutral",4,"artificial",0,"Older"
"4336","503785","resources/real_fg_memory_images/fg26.jpg","Scam",10,"artificial",1,"Older"
"4337","503785","resources/real_fg_memory_images/orig4.jpg","Neutral",9,"real",0,"Older"
"4338","509472","resources/real_fg_memory_images/fg28.jpg","Scam",8,"artificial",0,"Older"
"4339","509472","resources/real_fg_memory_images/fg19.jpg","Neutral",9,"artificial",1,"Older"
"4340","509472","resources/real_fg_memory_images/orig11.jpg","Scam",9,"real",0,"Older"
"4341","509472","resources/real_fg_memory_images/orig1.jpg","Neutral",9,"real",0,"Older"
"4342","509472","resources/real_fg_memory_images/orig5.jpg","Neutral",10,"real",0,"Older"
"4343","509472","resources/real_fg_memory_images/orig3.jpg","Neutral",10,"real",0,"Older"
"4344","509472","resources/real_fg_memory_images/fg25.jpg","Scam",8,"artificial",0,"Older"
"4345","509472","resources/real_fg_memory_images/fg20.jpg","Neutral",9,"artificial",0,"Older"
"4346","509472","resources/real_fg_memory_images/fg30.jpg","Scam",8,"artificial",0,"Older"
"4347","509472","resources/real_fg_memory_images/fg24.jpg","Neutral",8,"artificial",1,"Older"
"4348","509472","resources/real_fg_memory_images/fg29.jpg","Scam",9,"artificial",0,"Older"
"4349","509472","resources/real_fg_memory_images/orig4.jpg","Neutral",7,"real",0,"Older"
"4350","509472","resources/real_fg_memory_images/orig7.jpg","Scam",8,"real",1,"Older"
"4351","509472","resources/real_fg_memory_images/orig10.jpg","Scam",9,"real",1,"Older"
"4352","509472","resources/real_fg_memory_images/orig8.jpg","Scam",10,"real",1,"Older"
"4353","509472","resources/real_fg_memory_images/fg23.jpg","Neutral",7,"artificial",1,"Older"
"4354","509472","resources/real_fg_memory_images/orig6.jpg","Neutral",9,"real",0,"Older"
"4355","509472","resources/real_fg_memory_images/orig9.jpg","Scam",8,"real",1,"Older"
"4356","509472","resources/real_fg_memory_images/fg21.jpg","Neutral",6,"artificial",0,"Older"
"4357","509472","resources/real_fg_memory_images/fg22.jpg","Neutral",9,"artificial",0,"Older"
"4358","509472","resources/real_fg_memory_images/orig12.jpg","Scam",10,"real",1,"Older"
"4359","509472","resources/real_fg_memory_images/fg27.jpg","Scam",5,"artificial",0,"Older"
"4360","509472","resources/real_fg_memory_images/orig2.jpg","Neutral",8,"real",1,"Older"
"4361","509472","resources/real_fg_memory_images/fg26.jpg","Scam",10,"artificial",0,"Older"
"4362","535499","resources/real_fg_memory_images/fg23.jpg","Neutral",8,"artificial",1,"Older"
"4363","535499","resources/real_fg_memory_images/fg20.jpg","Neutral",7,"artificial",1,"Older"
"4364","535499","resources/real_fg_memory_images/fg27.jpg","Scam",9,"artificial",1,"Older"
"4365","535499","resources/real_fg_memory_images/fg24.jpg","Neutral",9,"artificial",1,"Older"
"4366","535499","resources/real_fg_memory_images/orig12.jpg","Scam",8,"real",1,"Older"
"4367","535499","resources/real_fg_memory_images/orig2.jpg","Neutral",10,"real",1,"Older"
"4368","535499","resources/real_fg_memory_images/orig11.jpg","Scam",6,"real",0,"Older"
"4369","535499","resources/real_fg_memory_images/fg25.jpg","Scam",7,"artificial",1,"Older"
"4370","535499","resources/real_fg_memory_images/orig4.jpg","Neutral",7,"real",0,"Older"
"4371","535499","resources/real_fg_memory_images/fg26.jpg","Scam",7,"artificial",1,"Older"
"4372","535499","resources/real_fg_memory_images/orig8.jpg","Scam",9,"real",1,"Older"
"4373","535499","resources/real_fg_memory_images/fg29.jpg","Scam",7,"artificial",1,"Older"
"4374","535499","resources/real_fg_memory_images/orig7.jpg","Scam",7,"real",0,"Older"
"4375","535499","resources/real_fg_memory_images/fg19.jpg","Neutral",6,"artificial",1,"Older"
"4376","535499","resources/real_fg_memory_images/orig10.jpg","Scam",9,"real",1,"Older"
"4377","535499","resources/real_fg_memory_images/fg21.jpg","Neutral",7,"artificial",1,"Older"
"4378","535499","resources/real_fg_memory_images/fg30.jpg","Scam",6,"artificial",1,"Older"
"4379","535499","resources/real_fg_memory_images/orig9.jpg","Scam",7,"real",1,"Older"
"4380","535499","resources/real_fg_memory_images/orig5.jpg","Neutral",4,"real",0,"Older"
"4381","535499","resources/real_fg_memory_images/fg28.jpg","Scam",9,"artificial",0,"Older"
"4382","535499","resources/real_fg_memory_images/fg22.jpg","Neutral",10,"artificial",1,"Older"
"4383","535499","resources/real_fg_memory_images/orig3.jpg","Neutral",10,"real",1,"Older"
"4384","535499","resources/real_fg_memory_images/orig1.jpg","Neutral",8,"real",0,"Older"
"4385","535499","resources/real_fg_memory_images/orig6.jpg","Neutral",6,"real",1,"Older"
"4386","552126","resources/real_fg_memory_images/orig3.jpg","Neutral",8,"real",1,"Older"
"4387","552126","resources/real_fg_memory_images/fg26.jpg","Scam",7,"artificial",1,"Older"
"4388","552126","resources/real_fg_memory_images/fg24.jpg","Neutral",5,"artificial",1,"Older"
"4389","552126","resources/real_fg_memory_images/fg25.jpg","Scam",7,"artificial",0,"Older"
"4390","552126","resources/real_fg_memory_images/fg29.jpg","Scam",3,"artificial",1,"Older"
"4391","552126","resources/real_fg_memory_images/orig10.jpg","Scam",4,"real",0,"Older"
"4392","552126","resources/real_fg_memory_images/orig11.jpg","Scam",7,"real",1,"Older"
"4393","552126","resources/real_fg_memory_images/orig4.jpg","Neutral",7,"real",1,"Older"
"4394","552126","resources/real_fg_memory_images/orig6.jpg","Neutral",6,"real",1,"Older"
"4395","552126","resources/real_fg_memory_images/orig12.jpg","Scam",7,"real",0,"Older"
"4396","552126","resources/real_fg_memory_images/fg30.jpg","Scam",6,"artificial",1,"Older"
"4397","552126","resources/real_fg_memory_images/orig5.jpg","Neutral",5,"real",1,"Older"
"4398","552126","resources/real_fg_memory_images/fg20.jpg","Neutral",7,"artificial",0,"Older"
"4399","552126","resources/real_fg_memory_images/fg23.jpg","Neutral",3,"artificial",1,"Older"
"4400","552126","resources/real_fg_memory_images/orig1.jpg","Neutral",9,"real",1,"Older"
"4401","552126","resources/real_fg_memory_images/orig2.jpg","Neutral",2,"real",0,"Older"
"4402","552126","resources/real_fg_memory_images/fg22.jpg","Neutral",7,"artificial",1,"Older"
"4403","552126","resources/real_fg_memory_images/orig7.jpg","Scam",5,"real",0,"Older"
"4404","552126","resources/real_fg_memory_images/fg28.jpg","Scam",9,"artificial",0,"Older"
"4405","552126","resources/real_fg_memory_images/orig8.jpg","Scam",10,"real",1,"Older"
"4406","552126","resources/real_fg_memory_images/fg27.jpg","Scam",5,"artificial",1,"Older"
"4407","552126","resources/real_fg_memory_images/orig9.jpg","Scam",6,"real",0,"Older"
"4408","552126","resources/real_fg_memory_images/fg21.jpg","Neutral",6,"artificial",0,"Older"
"4409","552126","resources/real_fg_memory_images/fg19.jpg","Neutral",5,"artificial",1,"Older"
"4410","685613","resources/real_fg_memory_images/fg29.jpg","Scam",10,"artificial",1,"Older"
"4411","685613","resources/real_fg_memory_images/fg28.jpg","Scam",10,"artificial",1,"Older"
"4412","685613","resources/real_fg_memory_images/fg23.jpg","Neutral",10,"artificial",1,"Older"
"4413","685613","resources/real_fg_memory_images/orig2.jpg","Neutral",10,"real",1,"Older"
"4414","685613","resources/real_fg_memory_images/orig7.jpg","Scam",10,"real",1,"Older"
"4415","685613","resources/real_fg_memory_images/orig8.jpg","Scam",10,"real",1,"Older"
"4416","685613","resources/real_fg_memory_images/orig9.jpg","Scam",10,"real",1,"Older"
"4417","685613","resources/real_fg_memory_images/orig12.jpg","Scam",10,"real",1,"Older"
"4418","685613","resources/real_fg_memory_images/orig3.jpg","Neutral",10,"real",1,"Older"
"4419","685613","resources/real_fg_memory_images/orig1.jpg","Neutral",10,"real",1,"Older"
"4420","685613","resources/real_fg_memory_images/orig11.jpg","Scam",10,"real",1,"Older"
"4421","685613","resources/real_fg_memory_images/fg26.jpg","Scam",10,"artificial",1,"Older"
"4422","685613","resources/real_fg_memory_images/fg20.jpg","Neutral",10,"artificial",1,"Older"
"4423","685613","resources/real_fg_memory_images/fg27.jpg","Scam",10,"artificial",1,"Older"
"4424","685613","resources/real_fg_memory_images/fg24.jpg","Neutral",10,"artificial",1,"Older"
"4425","685613","resources/real_fg_memory_images/orig6.jpg","Neutral",10,"real",1,"Older"
"4426","685613","resources/real_fg_memory_images/fg25.jpg","Scam",10,"artificial",1,"Older"
"4427","685613","resources/real_fg_memory_images/orig10.jpg","Scam",10,"real",1,"Older"
"4428","685613","resources/real_fg_memory_images/fg21.jpg","Neutral",7,"artificial",0,"Older"
"4429","685613","resources/real_fg_memory_images/fg19.jpg","Neutral",10,"artificial",1,"Older"
"4430","685613","resources/real_fg_memory_images/orig4.jpg","Neutral",10,"real",1,"Older"
"4431","685613","resources/real_fg_memory_images/orig5.jpg","Neutral",10,"real",1,"Older"
"4432","685613","resources/real_fg_memory_images/fg22.jpg","Neutral",10,"artificial",1,"Older"
"4433","685613","resources/real_fg_memory_images/fg30.jpg","Scam",10,"artificial",1,"Older"
"4434","697612","resources/real_fg_memory_images/orig6.jpg","Neutral",8,"real",1,"Older"
"4435","697612","resources/real_fg_memory_images/orig1.jpg","Neutral",8,"real",1,"Older"
"4436","697612","resources/real_fg_memory_images/orig10.jpg","Scam",8,"real",1,"Older"
"4437","697612","resources/real_fg_memory_images/fg23.jpg","Neutral",9,"artificial",1,"Older"
"4438","697612","resources/real_fg_memory_images/fg22.jpg","Neutral",9,"artificial",1,"Older"
"4439","697612","resources/real_fg_memory_images/orig7.jpg","Scam",8,"real",1,"Older"
"4440","697612","resources/real_fg_memory_images/orig8.jpg","Scam",9,"real",1,"Older"
"4441","697612","resources/real_fg_memory_images/fg29.jpg","Scam",6,"artificial",1,"Older"
"4442","697612","resources/real_fg_memory_images/fg30.jpg","Scam",6,"artificial",1,"Older"
"4443","697612","resources/real_fg_memory_images/fg21.jpg","Neutral",7,"artificial",1,"Older"
"4444","697612","resources/real_fg_memory_images/orig9.jpg","Scam",8,"real",1,"Older"
"4445","697612","resources/real_fg_memory_images/fg20.jpg","Neutral",7,"artificial",1,"Older"
"4446","697612","resources/real_fg_memory_images/orig3.jpg","Neutral",8,"real",1,"Older"
"4447","697612","resources/real_fg_memory_images/orig11.jpg","Scam",4,"real",0,"Older"
"4448","697612","resources/real_fg_memory_images/fg28.jpg","Scam",7,"artificial",1,"Older"
"4449","697612","resources/real_fg_memory_images/orig12.jpg","Scam",7,"real",1,"Older"
"4450","697612","resources/real_fg_memory_images/fg26.jpg","Scam",8,"artificial",1,"Older"
"4451","697612","resources/real_fg_memory_images/orig5.jpg","Neutral",9,"real",1,"Older"
"4452","697612","resources/real_fg_memory_images/fg25.jpg","Scam",7,"artificial",1,"Older"
"4453","697612","resources/real_fg_memory_images/fg27.jpg","Scam",8,"artificial",1,"Older"
"4454","697612","resources/real_fg_memory_images/fg19.jpg","Neutral",8,"artificial",1,"Older"
"4455","697612","resources/real_fg_memory_images/orig2.jpg","Neutral",7,"real",1,"Older"
"4456","697612","resources/real_fg_memory_images/orig4.jpg","Neutral",8,"real",1,"Older"
"4457","697612","resources/real_fg_memory_images/fg24.jpg","Neutral",8,"artificial",1,"Older"
"4458","730953","resources/real_fg_memory_images/orig1.jpg","Neutral",7,"real",1,"Older"
"4459","730953","resources/real_fg_memory_images/orig3.jpg","Neutral",3,"real",1,"Older"
"4460","730953","resources/real_fg_memory_images/fg29.jpg","Scam",5,"artificial",1,"Older"
"4461","730953","resources/real_fg_memory_images/orig8.jpg","Scam",9,"real",1,"Older"
"4462","730953","resources/real_fg_memory_images/fg20.jpg","Neutral",4,"artificial",0,"Older"
"4463","730953","resources/real_fg_memory_images/orig2.jpg","Neutral",4,"real",1,"Older"
"4464","730953","resources/real_fg_memory_images/orig6.jpg","Neutral",5,"real",1,"Older"
"4465","730953","resources/real_fg_memory_images/fg21.jpg","Neutral",3,"artificial",0,"Older"
"4466","730953","resources/real_fg_memory_images/orig5.jpg","Neutral",6,"real",1,"Older"
"4467","730953","resources/real_fg_memory_images/fg23.jpg","Neutral",5,"artificial",0,"Older"
"4468","730953","resources/real_fg_memory_images/fg25.jpg","Scam",4,"artificial",0,"Older"
"4469","730953","resources/real_fg_memory_images/fg19.jpg","Neutral",6,"artificial",0,"Older"
"4470","730953","resources/real_fg_memory_images/fg30.jpg","Scam",2,"artificial",1,"Older"
"4471","730953","resources/real_fg_memory_images/fg28.jpg","Scam",7,"artificial",1,"Older"
"4472","730953","resources/real_fg_memory_images/orig11.jpg","Scam",6,"real",1,"Older"
"4473","730953","resources/real_fg_memory_images/fg26.jpg","Scam",6,"artificial",1,"Older"
"4474","730953","resources/real_fg_memory_images/fg27.jpg","Scam",3,"artificial",0,"Older"
"4475","730953","resources/real_fg_memory_images/fg22.jpg","Neutral",5,"artificial",1,"Older"
"4476","730953","resources/real_fg_memory_images/orig10.jpg","Scam",4,"real",1,"Older"
"4477","730953","resources/real_fg_memory_images/orig9.jpg","Scam",6,"real",1,"Older"
"4478","730953","resources/real_fg_memory_images/orig12.jpg","Scam",4,"real",1,"Older"
"4479","730953","resources/real_fg_memory_images/fg24.jpg","Neutral",4,"artificial",0,"Older"
"4480","730953","resources/real_fg_memory_images/orig4.jpg","Neutral",2,"real",0,"Older"
"4481","730953","resources/real_fg_memory_images/orig7.jpg","Scam",1,"real",0,"Older"
"4482","800151","resources/real_fg_memory_images/orig1.jpg","Neutral",10,"real",1,"Older"
"4483","800151","resources/real_fg_memory_images/orig4.jpg","Neutral",10,"real",1,"Older"
"4484","800151","resources/real_fg_memory_images/fg28.jpg","Scam",10,"artificial",0,"Older"
"4485","800151","resources/real_fg_memory_images/orig5.jpg","Neutral",10,"real",0,"Older"
"4486","800151","resources/real_fg_memory_images/orig12.jpg","Scam",10,"real",0,"Older"
"4487","800151","resources/real_fg_memory_images/fg21.jpg","Neutral",10,"artificial",1,"Older"
"4488","800151","resources/real_fg_memory_images/fg29.jpg","Scam",10,"artificial",1,"Older"
"4489","800151","resources/real_fg_memory_images/fg25.jpg","Scam",10,"artificial",0,"Older"
"4490","800151","resources/real_fg_memory_images/fg22.jpg","Neutral",10,"artificial",1,"Older"
"4491","800151","resources/real_fg_memory_images/orig2.jpg","Neutral",10,"real",1,"Older"
"4492","800151","resources/real_fg_memory_images/orig9.jpg","Scam",10,"real",1,"Older"
"4493","800151","resources/real_fg_memory_images/fg30.jpg","Scam",10,"artificial",1,"Older"
"4494","800151","resources/real_fg_memory_images/fg27.jpg","Scam",10,"artificial",0,"Older"
"4495","800151","resources/real_fg_memory_images/orig6.jpg","Neutral",10,"real",1,"Older"
"4496","800151","resources/real_fg_memory_images/orig7.jpg","Scam",10,"real",1,"Older"
"4497","800151","resources/real_fg_memory_images/orig3.jpg","Neutral",10,"real",0,"Older"
"4498","800151","resources/real_fg_memory_images/orig10.jpg","Scam",10,"real",0,"Older"
"4499","800151","resources/real_fg_memory_images/fg26.jpg","Scam",10,"artificial",1,"Older"
"4500","800151","resources/real_fg_memory_images/fg24.jpg","Neutral",10,"artificial",1,"Older"
"4501","800151","resources/real_fg_memory_images/fg23.jpg","Neutral",10,"artificial",0,"Older"
"4502","800151","resources/real_fg_memory_images/orig11.jpg","Scam",10,"real",0,"Older"
"4503","800151","resources/real_fg_memory_images/fg20.jpg","Neutral",10,"artificial",0,"Older"
"4504","800151","resources/real_fg_memory_images/fg19.jpg","Neutral",10,"artificial",1,"Older"
"4505","800151","resources/real_fg_memory_images/orig8.jpg","Scam",10,"real",1,"Older"
"4506","864828","resources/real_fg_memory_images/orig5.jpg","Neutral",6,"real",0,"Older"
"4507","864828","resources/real_fg_memory_images/orig12.jpg","Scam",10,"real",0,"Older"
"4508","864828","resources/real_fg_memory_images/orig4.jpg","Neutral",8,"real",0,"Older"
"4509","864828","resources/real_fg_memory_images/fg25.jpg","Scam",3,"artificial",1,"Older"
"4510","864828","resources/real_fg_memory_images/fg30.jpg","Scam",6,"artificial",0,"Older"
"4511","864828","resources/real_fg_memory_images/fg24.jpg","Neutral",10,"artificial",0,"Older"
"4512","864828","resources/real_fg_memory_images/fg23.jpg","Neutral",10,"artificial",0,"Older"
"4513","864828","resources/real_fg_memory_images/orig10.jpg","Scam",10,"real",1,"Older"
"4514","864828","resources/real_fg_memory_images/orig1.jpg","Neutral",10,"real",0,"Older"
"4515","864828","resources/real_fg_memory_images/orig9.jpg","Scam",10,"real",1,"Older"
"4516","864828","resources/real_fg_memory_images/fg27.jpg","Scam",10,"artificial",1,"Older"
"4517","864828","resources/real_fg_memory_images/fg22.jpg","Neutral",5,"artificial",1,"Older"
"4518","864828","resources/real_fg_memory_images/fg19.jpg","Neutral",7,"artificial",1,"Older"
"4519","864828","resources/real_fg_memory_images/orig11.jpg","Scam",10,"real",1,"Older"
"4520","864828","resources/real_fg_memory_images/orig8.jpg","Scam",10,"real",1,"Older"
"4521","864828","resources/real_fg_memory_images/orig2.jpg","Neutral",7,"real",0,"Older"
"4522","864828","resources/real_fg_memory_images/fg20.jpg","Neutral",4,"artificial",0,"Older"
"4523","864828","resources/real_fg_memory_images/orig7.jpg","Scam",10,"real",1,"Older"
"4524","864828","resources/real_fg_memory_images/fg21.jpg","Neutral",8,"artificial",0,"Older"
"4525","864828","resources/real_fg_memory_images/fg26.jpg","Scam",7,"artificial",1,"Older"
"4526","864828","resources/real_fg_memory_images/fg28.jpg","Scam",10,"artificial",0,"Older"
"4527","864828","resources/real_fg_memory_images/orig3.jpg","Neutral",10,"real",0,"Older"
"4528","864828","resources/real_fg_memory_images/orig6.jpg","Neutral",6,"real",0,"Older"
"4529","864828","resources/real_fg_memory_images/fg29.jpg","Scam",4,"artificial",1,"Older"
"4530","883897","resources/real_fg_memory_images/orig12.jpg","Scam",7,"real",1,"Older"
"4531","883897","resources/real_fg_memory_images/fg23.jpg","Neutral",10,"artificial",0,"Older"
"4532","883897","resources/real_fg_memory_images/fg24.jpg","Neutral",10,"artificial",0,"Older"
"4533","883897","resources/real_fg_memory_images/orig2.jpg","Neutral",10,"real",1,"Older"
"4534","883897","resources/real_fg_memory_images/orig10.jpg","Scam",10,"real",1,"Older"
"4535","883897","resources/real_fg_memory_images/orig6.jpg","Neutral",8,"real",1,"Older"
"4536","883897","resources/real_fg_memory_images/fg29.jpg","Scam",10,"artificial",1,"Older"
"4537","883897","resources/real_fg_memory_images/orig3.jpg","Neutral",7,"real",0,"Older"
"4538","883897","resources/real_fg_memory_images/orig8.jpg","Scam",10,"real",0,"Older"
"4539","883897","resources/real_fg_memory_images/fg26.jpg","Scam",10,"artificial",1,"Older"
"4540","883897","resources/real_fg_memory_images/fg27.jpg","Scam",8,"artificial",0,"Older"
"4541","883897","resources/real_fg_memory_images/orig11.jpg","Scam",9,"real",0,"Older"
"4542","883897","resources/real_fg_memory_images/orig9.jpg","Scam",9,"real",0,"Older"
"4543","883897","resources/real_fg_memory_images/fg19.jpg","Neutral",9,"artificial",0,"Older"
"4544","883897","resources/real_fg_memory_images/orig7.jpg","Scam",9,"real",1,"Older"
"4545","883897","resources/real_fg_memory_images/orig1.jpg","Neutral",9,"real",1,"Older"
"4546","883897","resources/real_fg_memory_images/orig4.jpg","Neutral",8,"real",1,"Older"
"4547","883897","resources/real_fg_memory_images/fg30.jpg","Scam",8,"artificial",0,"Older"
"4548","883897","resources/real_fg_memory_images/fg25.jpg","Scam",9,"artificial",0,"Older"
"4549","883897","resources/real_fg_memory_images/orig5.jpg","Neutral",9,"real",1,"Older"
"4550","883897","resources/real_fg_memory_images/fg21.jpg","Neutral",8,"artificial",1,"Older"
"4551","883897","resources/real_fg_memory_images/fg22.jpg","Neutral",8,"artificial",0,"Older"
"4552","883897","resources/real_fg_memory_images/fg28.jpg","Scam",9,"artificial",1,"Older"
"4553","883897","resources/real_fg_memory_images/fg20.jpg","Neutral",7,"artificial",0,"Older"
"4554","974705","resources/real_fg_memory_images/orig7.jpg","Scam",6,"real",0,"Older"
"4555","974705","resources/real_fg_memory_images/orig11.jpg","Scam",6,"real",0,"Older"
"4556","974705","resources/real_fg_memory_images/fg28.jpg","Scam",6,"artificial",0,"Older"
"4557","974705","resources/real_fg_memory_images/fg23.jpg","Neutral",7,"artificial",0,"Older"
"4558","974705","resources/real_fg_memory_images/orig10.jpg","Scam",5,"real",0,"Older"
"4559","974705","resources/real_fg_memory_images/fg21.jpg","Neutral",7,"artificial",0,"Older"
"4560","974705","resources/real_fg_memory_images/orig3.jpg","Neutral",7,"real",0,"Older"
"4561","974705","resources/real_fg_memory_images/orig5.jpg","Neutral",7,"real",0,"Older"
"4562","974705","resources/real_fg_memory_images/fg29.jpg","Scam",7,"artificial",1,"Older"
"4563","974705","resources/real_fg_memory_images/fg26.jpg","Scam",6,"artificial",0,"Older"
"4564","974705","resources/real_fg_memory_images/orig12.jpg","Scam",6,"real",0,"Older"
"4565","974705","resources/real_fg_memory_images/fg24.jpg","Neutral",7,"artificial",1,"Older"
"4566","974705","resources/real_fg_memory_images/fg27.jpg","Scam",6,"artificial",1,"Older"
"4567","974705","resources/real_fg_memory_images/fg25.jpg","Scam",6,"artificial",0,"Older"
"4568","974705","resources/real_fg_memory_images/fg22.jpg","Neutral",5,"artificial",1,"Older"
"4569","974705","resources/real_fg_memory_images/fg20.jpg","Neutral",5,"artificial",0,"Older"
"4570","974705","resources/real_fg_memory_images/orig8.jpg","Scam",6,"real",1,"Older"
"4571","974705","resources/real_fg_memory_images/fg19.jpg","Neutral",6,"artificial",0,"Older"
"4572","974705","resources/real_fg_memory_images/orig4.jpg","Neutral",6,"real",1,"Older"
"4573","974705","resources/real_fg_memory_images/orig6.jpg","Neutral",7,"real",1,"Older"
"4574","974705","resources/real_fg_memory_images/orig2.jpg","Neutral",7,"real",1,"Older"
"4575","974705","resources/real_fg_memory_images/orig1.jpg","Neutral",7,"real",0,"Older"
"4576","974705","resources/real_fg_memory_images/fg30.jpg","Scam",7,"artificial",0,"Older"
"4577","974705","resources/real_fg_memory_images/orig9.jpg","Scam",6,"real",1,"Older"
"4578","983001","resources/real_fg_memory_images/orig1.jpg","Neutral",8,"real",1,"Older"
"4579","983001","resources/real_fg_memory_images/fg20.jpg","Neutral",3,"artificial",1,"Older"
"4580","983001","resources/real_fg_memory_images/orig4.jpg","Neutral",8,"real",1,"Older"
"4581","983001","resources/real_fg_memory_images/fg22.jpg","Neutral",3,"artificial",0,"Older"
"4582","983001","resources/real_fg_memory_images/orig8.jpg","Scam",10,"real",1,"Older"
"4583","983001","resources/real_fg_memory_images/orig6.jpg","Neutral",3,"real",1,"Older"
"4584","983001","resources/real_fg_memory_images/orig11.jpg","Scam",4,"real",1,"Older"
"4585","983001","resources/real_fg_memory_images/orig7.jpg","Scam",4,"real",1,"Older"
"4586","983001","resources/real_fg_memory_images/fg29.jpg","Scam",6,"artificial",1,"Older"
"4587","983001","resources/real_fg_memory_images/fg28.jpg","Scam",2,"artificial",1,"Older"
"4588","983001","resources/real_fg_memory_images/fg26.jpg","Scam",2,"artificial",1,"Older"
"4589","983001","resources/real_fg_memory_images/fg27.jpg","Scam",4,"artificial",1,"Older"
"4590","983001","resources/real_fg_memory_images/orig2.jpg","Neutral",8,"real",1,"Older"
"4591","983001","resources/real_fg_memory_images/orig9.jpg","Scam",2,"real",0,"Older"
"4592","983001","resources/real_fg_memory_images/orig12.jpg","Scam",1,"real",0,"Older"
"4593","983001","resources/real_fg_memory_images/fg25.jpg","Scam",5,"artificial",0,"Older"
"4594","983001","resources/real_fg_memory_images/fg19.jpg","Neutral",8,"artificial",1,"Older"
"4595","983001","resources/real_fg_memory_images/fg24.jpg","Neutral",9,"artificial",1,"Older"
"4596","983001","resources/real_fg_memory_images/fg23.jpg","Neutral",7,"artificial",1,"Older"
"4597","983001","resources/real_fg_memory_images/fg30.jpg","Scam",1,"artificial",0,"Older"
"4598","983001","resources/real_fg_memory_images/orig10.jpg","Scam",10,"real",1,"Older"
"4599","983001","resources/real_fg_memory_images/fg21.jpg","Neutral",7,"artificial",0,"Older"
"4600","983001","resources/real_fg_memory_images/orig3.jpg","Neutral",10,"real",0,"Older"
"4601","983001","resources/real_fg_memory_images/orig5.jpg","Neutral",7,"real",1,"Older"
